Catalogue;N_EJS;FAMILIA;SUBFAMILIA;GENERO;SUBGEN;ESPECIE;AUT_TAXON;LOCALIDAD_ORIG;LOCALIDAD_ACTUAL;MUNICIPIO;PROVINCIA;AUTONOMIA;PAIS;Fecha colecta en etiqueta;fecha standard;COLECTOR;ALTITUD;UTM;SEXO;PROCEDENCIA;DETERM;ANHO_DETERM
MNCN_Ent 220373;1;Andrenidae;Andreninae;Andrena;Trachandrena;haemorrhoa;(Fabricius, 1781);Hispanagar, Villalonquéjar, Burgos;Villalonquéjar;Burgos;Burgos;Castilla y León;España;18/04/1977;18/04/1977;F. de la Torre;;;hembra;ex. Col. F. de la Torre;P. Álvarez;2022
MNCN_Ent 280271;1;Colletidae;Hylaeinae;Hylaeus;Prosopis;confusus;Nylander, 1852;Campomanes;Campomanes;Lena;Asturias;Asturias;España;18-IX-1972;18/09/1972;F. Fresno;;;hembra;ex. Colección F. Fresno;P. Álvarez;2023
MNCN_Ent 288738;1;Andrenidae;Andreninae;Andrena;Plastandrena;pilipes;Fabricius, 1781;Armada (Lena) (Asturias);Armada;Lena;Asturias;Asturias;España;12-VIII-2018;12/08/2018;F. Fresno;;;hembra;;P. Álvarez;2022
MNCN_Ent 290898;1;Megachilidae;Megachilinae;Osmia;Helicosmia;aurulenta;(Panzer, 1799);Pola de Lena (Asturias);Pola de Lena;Lena;Asturias;Asturias;España;1-V-2008;01/05/2008;F. Fresno;;;hembra;ex. Colección F. Fresno;P. Álvarez;2022
MNCN_Ent 290899;1;Megachilidae;Megachilinae;Osmia;Helicosmia;aurulenta;(Panzer, 1799);Pola de Lena (Asturias);Pola de Lena;Lena;Asturias;Asturias;España;12.04.2017;12/04/2017;F. Fresno;305 m;;macho;ex. Colección F. Fresno;P. Álvarez;2022
MNCN_Ent 290900;1;Megachilidae;Megachilinae;Osmia;Helicosmia;aurulenta;(Panzer, 1799);Pola de Lena (Asturias);Pola de Lena;Lena;Asturias;Asturias;España;12.04.2017;12/04/2017;F. Fresno;305 m;;macho;ex. Colección F. Fresno;P. Álvarez;2022
MNCN_Ent 290901;1;Megachilidae;Megachilinae;Osmia;Helicosmia;aurulenta;(Panzer, 1799);Pola de Lena (Asturias);Pola de Lena;Lena;Asturias;Asturias;España;12.04.2017;12/04/2017;F. Fresno;305 m;;macho;ex. Colección F. Fresno;P. Álvarez;2022
MNCN_Ent 290902;1;Megachilidae;Megachilinae;Osmia;Helicosmia;aurulenta;(Panzer, 1799);Pola de Lena (Asturias);Pola de Lena;Lena;Asturias;Asturias;España;16.04.2017;16/04/2017;F. Fresno;305 m;;macho;ex. Colección F. Fresno;P. Álvarez;2022
MNCN_Ent 290903;1;Megachilidae;Megachilinae;Osmia;Helicosmia;aurulenta;(Panzer, 1799);Vega del Rey (Lena, Asturias);Vega del Rey;Lena;Asturias;Asturias;España;22.04.2017;22/04/2017;F. Fresno;;;macho;ex. Colección F. Fresno;P. Álvarez;2022
MNCN_Ent 290904;1;Megachilidae;Megachilinae;Osmia;Helicosmia;aurulenta;(Panzer, 1799);Vega del Rey (Lena, Asturias);Vega del Rey;Lena;Asturias;Asturias;España;22.04.2017;22/04/2017;F. Fresno;;;macho;ex. Colección F. Fresno;P. Álvarez;2022
MNCN_Ent 290905;1;Megachilidae;Megachilinae;Osmia;Helicosmia;aurulenta;(Panzer, 1799);Vega del Rey (Lena, Asturias);Vega del Rey;Lena;Asturias;Asturias;España;22.04.2017;22/04/2017;F. Fresno;;;macho;ex. Colección F. Fresno;P. Álvarez;2022
MNCN_Ent 290906;1;Megachilidae;Megachilinae;Osmia;Hoplosmia;spinulosa;(Kirby, 1802);Vega del Rey (Lena, Asturias);Vega del Rey;Lena;Asturias;Asturias;España;24.08.2016;24/08/2016;F. Fresno;;;hembra;ex. Colección F. Fresno;P. Álvarez;2022
MNCN_Ent 290907;1;Megachilidae;Megachilinae;Osmia;Hoplosmia;spinulosa;(Kirby, 1802);Vega del Rey (Lena, Asturias);Vega del Rey;Lena;Asturias;Asturias;España;4.VIII.2017;04/08/2017;F. Fresno;;;macho;ex. Colección F. Fresno;P. Álvarez;2022
MNCN_Ent 290908;1;Megachilidae;Megachilinae;Osmia;Hoplosmia;spinulosa;(Kirby, 1802);Vega del Rey (Lena, Asturias);Vega del Rey;Lena;Asturias;Asturias;España;4.VIII.2017;04/08/2017;F. Fresno;;;macho;ex. Colección F. Fresno;P. Álvarez;2022
MNCN_Ent 290909;1;Megachilidae;Megachilinae;Osmia;Hoplosmia;spinulosa;(Kirby, 1802);Vega del Rey (Lena, Asturias);Vega del Rey;Lena;Asturias;Asturias;España;16.08.2017;16/08/2017;F. Fresno;;;macho;ex. Colección F. Fresno;P. Álvarez;2022
MNCN_Ent 290910;1;Megachilidae;Megachilinae;Osmia;Hoplosmia;spinulosa;(Kirby, 1802);Vega del Rey (Lena, Asturias);Vega del Rey;Lena;Asturias;Asturias;España;16.08.2017;16/08/2017;F. Fresno;;;macho;ex. Colección F. Fresno;P. Álvarez;2022
MNCN_Ent 290912;1;Megachilidae;Megachilinae;Osmia;Hoplosmia;spinulosa;(Kirby, 1802);Pola de Lena (Asturias);Pola de Lena;Lena;Asturias;Asturias;España;28.07.2016;28/07/2016;F. Fresno;305 m;;macho;ex. Colección F. Fresno;P. Álvarez;2022
MNCN_Ent 290913;1;Megachilidae;Megachilinae;Osmia;Hoplosmia;spinulosa;(Kirby, 1802);Pola de Lena (Asturias);Pola de Lena;Lena;Asturias;Asturias;España;13.08.2016;13/08/2016;F. Fresno;305 m;;macho;ex. Colección F. Fresno;P. Álvarez;2022
MNCN_Ent 290914;1;Megachilidae;Megachilinae;Osmia;Hoplosmia;spinulosa;(Kirby, 1802);Pola de Lena (Asturias);Pola de Lena;Lena;Asturias;Asturias;España;14.08.2016;14/08/2016;F. Fresno;305 m;;hembra;ex. Colección F. Fresno;P. Álvarez;2022
MNCN_Ent 290915;1;Megachilidae;Megachilinae;Osmia;Hoplosmia;spinulosa;(Kirby, 1802);Pola de Lena (Asturias);Pola de Lena;Lena;Asturias;Asturias;España;14.08.2016;14/08/2016;F. Fresno;305 m;;macho;ex. Colección F. Fresno;P. Álvarez;2022
MNCN_Ent 290916;1;Megachilidae;Megachilinae;Osmia;Hoplosmia;spinulosa;(Kirby, 1802);Pola de Lena (Asturias);Pola de Lena;Lena;Asturias;Asturias;España;20.08.2016;20/08/2016;F. Fresno;305 m;;macho;ex. Colección F. Fresno;P. Álvarez;2022
MNCN_Ent 290917;1;Megachilidae;Megachilinae;Osmia;Hoplosmia;spinulosa;(Kirby, 1802);Pola de Lena (Asturias);Pola de Lena;Lena;Asturias;Asturias;España;20.08.2016;20/08/2016;F. Fresno;305 m;;macho;ex. Colección F. Fresno;P. Álvarez;2022
MNCN_Ent 290918;1;Megachilidae;Megachilinae;Osmia;Hoplosmia;spinulosa;(Kirby, 1802);Pola de Lena (Asturias);Pola de Lena;Lena;Asturias;Asturias;España;24.08.2016;24/08/2016;F. Fresno;;;macho;ex. Colección F. Fresno;P. Álvarez;2022
MNCN_Ent 290919;1;Megachilidae;Megachilinae;Osmia;Hoplosmia;spinulosa;(Kirby, 1802);Pola de Lena (Asturias);Pola de Lena;Lena;Asturias;Asturias;España;18.07.2017;18/07/2017;F. Fresno;;;hembra;ex. Colección F. Fresno;P. Álvarez;2022
MNCN_Ent 290920;1;Megachilidae;Megachilinae;Osmia;Hoplosmia;spinulosa;(Kirby, 1802);Pola de Lena (Asturias);Pola de Lena;Lena;Asturias;Asturias;España;18.07.2017;18/07/2017;F. Fresno;;;macho;ex. Colección F. Fresno;P. Álvarez;2022
MNCN_Ent 290921;1;Megachilidae;Megachilinae;Osmia;Pyrosmia;submicans;Morawitz, 1870;Pola de Lena (Asturias);Pola de Lena;Lena;Asturias;Asturias;España;2-V-2003;02/05/2003;F. Fresno;;;macho;ex. Colección F. Fresno;P. Álvarez;2022
MNCN_Ent 290922;1;Megachilidae;Megachilinae;Osmia;Osmia;bicornis;(Linnaeus, 1758);Pola de Lena (Asturias);Pola de Lena;Lena;Asturias;Asturias;España;20-V-2009;20/05/2009;F. Fresno;;;hembra;ex. Colección F. Fresno;P. Álvarez;2022
MNCN_Ent 290923;1;Megachilidae;Megachilinae;Heriades;Heriades;crenulata;Nylander, 1856;Hontalbilla (Segovia);Hontalbilla;Hontalbilla;Segovia;Castilla y León;España;24-VI-2009;24/06/2009;F. Fresno;;;macho;ex. Colección F. Fresno;P. Álvarez;2022
MNCN_Ent 290924;1;Megachilidae;Megachilinae;Heriades;Heriades;crenulata;Nylander, 1856;Espejón (Soria);Espejón;Espejón;Soria;Castilla y León;España;13-IX-1981;13/09/1981;F. Fresno;;;hembra;ex. Colección F. Fresno;P. Álvarez;2022
MNCN_Ent 290925;1;Megachilidae;Megachilinae;Osmia;Helicosmia;caerulescens;(Linnaeus, 1758);Pola de Lena (Asturias);Pola de Lena;Lena;Asturias;Asturias;España;16-VIII-1980;16/08/1980;F. Fresno;;;hembra;ex. Colección F. Fresno;P. Álvarez;2022
MNCN_Ent 290926;1;Megachilidae;Megachilinae;Osmia;Helicosmia;caerulescens;(Linnaeus, 1758);Pola de Lena (Asturias);Pola de Lena;Lena;Asturias;Asturias;España;24-IX-2002;24/09/2002;F. Fresno;;;hembra;ex. Colección F. Fresno;P. Álvarez;2022
MNCN_Ent 290927;1;Megachilidae;Megachilinae;Osmia;Helicosmia;caerulescens;(Linnaeus, 1758);Pola de Lena (Asturias);Pola de Lena;Lena;Asturias;Asturias;España;1-V-2003;01/05/2003;F. Fresno;;;hembra;ex. Colección F. Fresno;P. Álvarez;2022
MNCN_Ent 290928;1;Megachilidae;Megachilinae;Osmia;Helicosmia;caerulescens;(Linnaeus, 1758);Pola de Lena (Asturias);Pola de Lena;Lena;Asturias;Asturias;España;20-V-2009;20/05/2009;F. Fresno;;;hembra;ex. Colección F. Fresno;P. Álvarez;2022
MNCN_Ent 290947;1;Halictidae;Halictinae;Lasioglossum;Lasioglossum;bimaculatum;(Dours, 1872);Maramuñiz (Lena, Asturias);Maramuñiz;Lena;Asturias;Asturias;España;26.VII.2017;26/07/2017;F. Fresno;;;macho;ex. Colección F. Fresno;P. [Piluca] Álvarez;2022
MNCN_Ent 290948;1;Halictidae;Halictinae;Lasioglossum;Lasioglossum;bimaculatum;(Dours, 1872);Pola de Lena (Asturias);Pola de Lena;Lena;Asturias;Asturias;España;1-V-2007;01/05/2007;F. Fresno;;;hembra;ex. Colección F. Fresno;P. [Piluca] Álvarez;2022
MNCN_Ent 290949;1;Halictidae;Halictinae;Lasioglossum;Lasioglossum;bimaculatum;(Dours, 1872);Caravia (Asturias);Caravia;Caravia;Asturias;Asturias;España;26-VII-2009;26/07/2009;F. Fresno;;;macho;ex. Colección F. Fresno;P. [Piluca] Álvarez;2022
MNCN_Ent 290967;1;Andrenidae;Andreninae;Andrena;Graecandrena;verticalis;Pérez, 1895;Fuentespina (Burgos);Fuentespina;Fuentespina;Burgos;Castilla y León;España;21-VI-2003;21/06/2003;F. Fresno;;;macho;ex. Colección F. Fresno;P. Álvarez;2022
MNCN_Ent 290968;1;Andrenidae;Andreninae;Andrena;Graecandrena;verticalis;Pérez, 1895;Villaverde;Madrid, Villaverde;Madrid;Madrid;Madrid;España;18-4-[190]9;18/04/1909;Dusmet;;;macho;Colección Dusmet;P. Álvarez;2022
MNCN_Ent 290971;1;Halictidae;Halictinae;Lasioglossum;Leuchalictus;zonulus;(Smith, 1848);Zureda (Lena) (Asturias);Zureda;Lena;Asturias;Asturias;España;9.VIII.2006;09/08/2006;F. Fresno;;;hembra;ex. Colección F. Fresno;P. Álvarez;2022
MNCN_Ent 290972;1;Halictidae;Halictinae;Lasioglossum;Leuchalictus;zonulus;(Smith, 1848);La Isla (Asturias);La Isla;Colunga;Asturias;Asturias;España;31-VII-2009;31/07/2009;F. Fresno;;;macho;ex. Colección F. Fresno;P. Álvarez;2022
MNCN_Ent 290973;1;Halictidae;Halictinae;Lasioglossum;Sphecodogastra;malachurum;(Kirby, 1802);Colunga (Asturias);Colunga;Colunga;Asturias;Asturias;España;14.VIII.2006;14/08/2006;F. Fresno;;;macho;ex. Colección F. Fresno;P. Álvarez;2022
MNCN_Ent 290974;1;Halictidae;Halictinae;Lasioglossum;Sphecodogastra;malachurum;(Kirby, 1802);Colunga (Asturias);Colunga;Colunga;Asturias;Asturias;España;26.VIII.2008;26/08/2008;F. Fresno;;;macho;ex. Colección F. Fresno;P. Álvarez;2022
MNCN_Ent 290975;1;Halictidae;Halictinae;Lasioglossum;Sphecodogastra;malachurum;(Kirby, 1802);Colunga (Asturias);Colunga;Colunga;Asturias;Asturias;España;26.VIII.2008;26/08/2008;F. Fresno;;;macho;ex. Colección F. Fresno;P. Álvarez;2022
MNCN_Ent 290976;1;Halictidae;Halictinae;Lasioglossum;Sphecodogastra;malachurum;(Kirby, 1802);La Isla (Asturias);La Isla;Colunga;Asturias;Asturias;España;31-VII-2009;31/07/2009;F. Fresno;;;macho;ex. Colección F. Fresno;P. Álvarez;2022
MNCN_Ent 290978;1;Halictidae;Halictinae;Lasioglossum;Sphecodogastra;malachurum;(Kirby, 1802);La Isla (Asturias);La Isla;Colunga;Asturias;Asturias;España;13-VIII-2017;13/08/2017;F. Fresno;;;macho;ex. Colección F. Fresno;P. Álvarez;2022
MNCN_Ent 290979;1;Halictidae;Halictinae;Lasioglossum;Sphecodogastra;malachurum;(Kirby, 1802);Vega del Rey (Lena, Asturias);Vega del Rey;Lena;Asturias;Asturias;España;24.08.2016;24/08/2016;F. Fresno;;;hembra;ex. Colección F. Fresno;P. Álvarez;2022
MNCN_Ent 290980;1;Halictidae;Halictinae;Lasioglossum;Sphecodogastra;malachurum;(Kirby, 1802);Pola de Lena (Asturias);Pola de Lena;Lena;Asturias;Asturias;España;11.VIII.2017;11/08/2017;F. Fresno;305 m;;macho;ex. Colección F. Fresno;P. Álvarez;2022
MNCN_Ent 290981;1;Halictidae;Halictinae;Lasioglossum;Sphecodogastra;malachurum;(Kirby, 1802);Vega del Rey (Lena, Asturias);Vega del Rey;Lena;Asturias;Asturias;España;11.08.2017;11/08/2017;F. Fresno;;;macho;ex. Colección F. Fresno;P. Álvarez;2022
MNCN_Ent 290982;1;Halictidae;Halictinae;Lasioglossum;Sphecodogastra;malachurum;(Kirby, 1802);Vega del Rey (Lena, Asturias);Vega del Rey;Lena;Asturias;Asturias;España;11.08.2017;11/08/2017;F. Fresno;;;macho;ex. Colección F. Fresno;P. Álvarez;2022
MNCN_Ent 290983;1;Halictidae;Halictinae;Lasioglossum;Sphecodogastra;malachurum;(Kirby, 1802);Soto de Agues (Asturias);Soto de Agues;Sobrescobio;Asturias;Asturias;España;3-VIII-2017;03/08/2017;F. Fresno;415 m;;macho;ex. Colección F. Fresno;P. Álvarez;2022
MNCN_Ent 290984;1;Halictidae;Halictinae;Lasioglossum;Sphecodogastra;malachurum;(Kirby, 1802);Zureda (Lena) (Asturias);Zureda;Lena;Asturias;Asturias;España;7-VIII-2006;07/08/2006;F. Fresno;;;macho;ex. Colección F. Fresno;P. Álvarez;2022
MNCN_Ent 290985;1;Halictidae;Halictinae;Lasioglossum;Sphecodogastra;pauxillum;(Schenck, 1853);Colunga (Asturias);Colunga;Colunga;Asturias;Asturias;España;14.VIII.2006;14/08/2006;F. Fresno;;;hembra;ex. Colección F. Fresno;P. [Piluca] Álvarez;2022
MNCN_Ent 290986;1;Halictidae;Halictinae;Lasioglossum;Sphecodogastra;pauxillum;(Schenck, 1853);La Isla (Asturias);La Isla;Colunga;Asturias;Asturias;España;4-VIII-2009;04/08/2009;F. Fresno;;;hembra;ex. Colección F. Fresno;P. [Piluca] Álvarez;2022
MNCN_Ent 290987;1;Halictidae;Halictinae;Lasioglossum;Sphecodogastra;pauxillum;(Schenck, 1853);La Isla (Asturias);La Isla;Colunga;Asturias;Asturias;España;17.VIII.2010;17/08/2010;F. Fresno;;;hembra;ex. Colección F. Fresno;P. [Piluca] Álvarez;2022
MNCN_Ent 290988;1;Halictidae;Halictinae;Lasioglossum;Sphecodogastra;pauxillum;(Schenck, 1853);Pola de Lena (Asturias);Pola de Lena;Lena;Asturias;Asturias;España;27-VII-2011;27/07/2011;F. Fresno;;;hembra;ex. Colección F. Fresno;P. [Piluca] Álvarez;2022
MNCN_Ent 290989;1;Halictidae;Halictinae;Lasioglossum;Sphecodogastra;pauxillum;(Schenck, 1853);Pola de Lena (Asturias);Pola de Lena;Lena;Asturias;Asturias;España;27-VII-2011;27/07/2011;F. Fresno;;;hembra;ex. Colección F. Fresno;P. [Piluca] Álvarez;2022
MNCN_Ent 290990;1;Halictidae;Halictinae;Lasioglossum;Sphecodogastra;pauxillum;(Schenck, 1853);Pola de Lena (Asturias);Pola de Lena;Lena;Asturias;Asturias;España;20.08.2016;20/08/2016;F. Fresno;305 m;;hembra;ex. Colección F. Fresno;P. [Piluca] Álvarez;2022
MNCN_Ent 290991;1;Halictidae;Halictinae;Lasioglossum;Sphecodogastra;pauxillum;(Schenck, 1853);Pola de Lena (Asturias);Pola de Lena;Lena;Asturias;Asturias;España;11.VIII.2017;11/08/2017;F. Fresno;305 m;;hembra;ex. Colección F. Fresno;P. [Piluca] Álvarez;2022
MNCN_Ent 290992;1;Halictidae;Halictinae;Lasioglossum;Sphecodogastra;pauxillum;(Schenck, 1853);Piedraceda (Lena, Asturias);Piedraceda;Lena;Asturias;Asturias;España;28.07.2016;28/07/2016;F. Fresno;420 m;;hembra;ex. Colección F. Fresno;P. [Piluca] Álvarez;2022
MNCN_Ent 290993;1;Halictidae;Halictinae;Lasioglossum;Sphecodogastra;pauxillum;(Schenck, 1853);Soto de Agues (Asturias);Soto de Agues;Sobrescobio;Asturias;Asturias;España;21-VII-2017;21/07/2017;F. Fresno;415 m;;hembra;ex. Colección F. Fresno;P. [Piluca] Álvarez;2022
MNCN_Ent 290994;1;Halictidae;Halictinae;Lasioglossum;Sphecodogastra;pauxillum;(Schenck, 1853);Valle La Peral (Lena, Asturias);Valle La Peral;Lena;Asturias;Asturias;España;11.08.2016;11/08/2016;F. Fresno;913 m;;hembra;ex. Colección F. Fresno;P. [Piluca] Álvarez;2022
MNCN_Ent 290995;1;Halictidae;Halictinae;Lasioglossum;Sphecodogastra;pauxillum;(Schenck, 1853);Valle La Peral (Lena, Asturias);Valle La Peral;Lena;Asturias;Asturias;España;11.08.2016;11/08/2016;F. Fresno;913 m;;hembra;ex. Colección F. Fresno;P. [Piluca] Álvarez;2022
MNCN_Ent 290996;1;Halictidae;Halictinae;Lasioglossum;Sphecodogastra;pauxillum;(Schenck, 1853);Valle La Peral (Lena, Asturias);Valle La Peral;Lena;Asturias;Asturias;España;12.08.2016;12/08/2016;F. Fresno;913 m;;hembra;ex. Colección F. Fresno;P. [Piluca] Álvarez;2022
MNCN_Ent 290997;1;Halictidae;Halictinae;Lasioglossum;Sphecodogastra;pauxillum;(Schenck, 1853);Vega del Rey (Lena, Asturias);Vega del Rey;Lena;Asturias;Asturias;España;2.08.2017;02/08/2017;F. Fresno;;;hembra;ex. Colección F. Fresno;P. [Piluca] Álvarez;2022
MNCN_Ent 290998;1;Halictidae;Halictinae;Lasioglossum;Sphecodogastra;pauxillum;(Schenck, 1853);Zureda (Lena) (Asturias);Zureda;Lena;Asturias;Asturias;España;9.VIII.2006;09/08/2006;F. Fresno;;;hembra;ex. Colección F. Fresno;P. [Piluca] Álvarez;2022
MNCN_Ent 290999;1;Halictidae;Halictinae;Lasioglossum;Pyghalictus;politum;(Schenck, 1853);Piedraceda (Lena, Asturias);Piedraceda;Lena;Asturias;Asturias;España;22.08.2017;22/08/2017;F. Fresno;430 m;;hembra;ex. Colección F. Fresno;P. Álvarez;2022
MNCN_Ent 291000;1;Halictidae;Halictinae;Lasioglossum;Pyghalictus;politum;(Schenck, 1853);Pola de Lena (Asturias);Pola de Lena;Lena;Asturias;Asturias;España;18.07.2017;18/07/2017;F. Fresno;;;hembra;ex. Colección F. Fresno;P. Álvarez;2022
MNCN_Ent 291001;1;Halictidae;Halictinae;Lasioglossum;Pyghalictus;politum;(Schenck, 1853);Pola de Lena (Asturias);Pola de Lena;Lena;Asturias;Asturias;España;28.07.2016;28/07/2016;F. Fresno;305 m;;hembra;ex. Colección F. Fresno;P. Álvarez;2022
MNCN_Ent 291002;1;Halictidae;Halictinae;Lasioglossum;Pyghalictus;politum;(Schenck, 1853);Pola de Lena (Asturias);Pola de Lena;Lena;Asturias;Asturias;España;12.04.2017;12/04/2017;F. Fresno;305 m;;hembra;ex. Colección F. Fresno;P. Álvarez;2022
MNCN_Ent 291003;1;Halictidae;Halictinae;Lasioglossum;Pyghalictus;politum;(Schenck, 1853);Pola de Lena (Asturias);Pola de Lena;Lena;Asturias;Asturias;España;12.04.2017;12/04/2017;F. Fresno;305 m;;hembra;ex. Colección F. Fresno;P. Álvarez;2022
MNCN_Ent 291004;1;Halictidae;Halictinae;Lasioglossum;Pyghalictus;politum;(Schenck, 1853);Pola de Lena (Asturias);Pola de Lena;Lena;Asturias;Asturias;España;18.07.2017;18/07/2017;F. Fresno;;;hembra;ex. Colección F. Fresno;P. Álvarez;2022
MNCN_Ent 291005;1;Halictidae;Halictinae;Lasioglossum;Pyghalictus;politum;(Schenck, 1853);Pola de Lena (Asturias);Pola de Lena;Lena;Asturias;Asturias;España;18.07.2017;18/07/2017;F. Fresno;;;hembra;ex. Colección F. Fresno;P. Álvarez;2022
MNCN_Ent 291006;1;Halictidae;Halictinae;Lasioglossum;Pyghalictus;politum;(Schenck, 1853);Pola de Lena (Asturias);Pola de Lena;Lena;Asturias;Asturias;España;18.07.2017;18/07/2017;F. Fresno;;;hembra;ex. Colección F. Fresno;P. Álvarez;2022
MNCN_Ent 291007;1;Halictidae;Halictinae;Lasioglossum;Pyghalictus;politum;(Schenck, 1853);Pola de Lena (Asturias);Pola de Lena;Lena;Asturias;Asturias;España;11.VIII.2017;11/08/2017;F. Fresno;305 m;;hembra;ex. Colección F. Fresno;P. Álvarez;2022
MNCN_Ent 291008;1;Halictidae;Halictinae;Lasioglossum;Pyghalictus;politum;(Schenck, 1853);Vega del Rey (Lena, Asturias);Vega del Rey;Lena;Asturias;Asturias;España;5.08.2016;05/08/2016;F. Fresno;;;hembra;ex. Colección F. Fresno;P. Álvarez;2022
MNCN_Ent 291009;1;Halictidae;Halictinae;Lasioglossum;Hemihalictus;minutissimum;(Kirby, 1802);Valle La Peral (Lena, Asturias);Valle La Peral;Lena;Asturias;Asturias;España;11.08.2016;11/08/2016;F. Fresno;913 m;;hembra;ex. Colección F. Fresno;P. Álvarez;2022
MNCN_Ent 291010;1;Halictidae;Halictinae;Lasioglossum;Hemihalictus;minutissimum;(Kirby, 1802);La Isla (Asturias);La Isla;Colunga;Asturias;Asturias;España;17.VIII.2010;17/08/2010;F. Fresno;;;hembra;ex. Colección F. Fresno;P. Álvarez;2022
MNCN_Ent 291011;1;Halictidae;Halictinae;Lasioglossum;Hemihalictus;minutissimum;(Kirby, 1802);Lastras de Cuellar (SG);Lastras de Cuellar;Lastras de Cuéllar;Segovia;Castilla y León;España;19-VII-2008;19/07/2008;F. Fresno;;;hembra;ex. Colección F. Fresno;P. Álvarez;2022
MNCN_Ent 291016;1;Halictidae;Halictinae;Lasioglossum;Sphecodogastra;interruptum;(Panzer, 1798);Pola de lena (Asturias);Pola de lena;Lena;Asturias;Asturias;España;20.VIII.2005;20/08/2005;F. Fresno;;;hembra;ex. Colección F. Fresno;P. Álvarez;2022
MNCN_Ent 291017;1;Halictidae;Halictinae;Lasioglossum;Sphecodogastra;interruptum;(Panzer, 1798);Pola de lena (Asturias);Pola de lena;Lena;Asturias;Asturias;España;31-VII-2006;31/07/2006;F. Fresno;;;hembra;ex. Colección F. Fresno;P. Álvarez;2022
MNCN_Ent 291018;1;Halictidae;Halictinae;Lasioglossum;Sphecodogastra;interruptum;(Panzer, 1798);Pola de lena (Asturias);Pola de lena;Lena;Asturias;Asturias;España;4.VIII.2006;04/08/2006;F. Fresno;;;macho;ex. Colección F. Fresno;P. Álvarez;2022
MNCN_Ent 291019;1;Halictidae;Halictinae;Lasioglossum;Sphecodogastra;interruptum;(Panzer, 1798);Pola de lena (Asturias);Pola de lena;Lena;Asturias;Asturias;España;13.VIII.2006;13/08/2006;F. Fresno;;;hembra;ex. Colección F. Fresno;P. Álvarez;2022
MNCN_Ent 291020;1;Halictidae;Halictinae;Lasioglossum;Sphecodogastra;interruptum;(Panzer, 1798);Pola de lena (Asturias);Pola de lena;Lena;Asturias;Asturias;España;17.VIII.2006;17/08/2006;F. Fresno;;;hembra;ex. Colección F. Fresno;P. Álvarez;2022
MNCN_Ent 291021;1;Halictidae;Halictinae;Lasioglossum;Sphecodogastra;interruptum;(Panzer, 1798);Pola de lena (Asturias);Pola de lena;Lena;Asturias;Asturias;España;3.VIII.2008;03/08/2008;F. Fresno;;;hembra;ex. Colección F. Fresno;P. Álvarez;2022
MNCN_Ent 291024;1;Halictidae;Halictinae;Seladonia;Pachyceble;tumulorum;(Linnaeus, 1758);Valle La Peral (Lena, Asturias);Valle La Peral;Lena;Asturias;Asturias;España;23.08.2016;23/08/2016;F. Fresno;913 m;;hembra;ex. Colección F. Fresno;P. Álvarez;2022
MNCN_Ent 291025;1;Halictidae;Halictinae;Seladonia;Pachyceble;tumulorum;(Linnaeus, 1758);Piedraceda (Lena, Asturias);Piedraceda;Lena;Asturias;Asturias;España;28.07.2016;28/07/2016;F. Fresno;420 m;;hembra;ex. Colección F. Fresno;P. Álvarez;2022
MNCN_Ent 291026;1;Halictidae;Halictinae;Seladonia;Pachyceble;tumulorum;(Linnaeus, 1758);Piedraceda (Lena, Asturias);Piedraceda;Lena;Asturias;Asturias;España;2.08.2016;02/08/2016;F. Fresno;420 m;;hembra;ex. Colección F. Fresno;P. Álvarez;2022
MNCN_Ent 291027;1;Halictidae;Halictinae;Seladonia;Pachyceble;tumulorum;(Linnaeus, 1758);Valle La Peral (Lena, Asturias);Valle La Peral;Lena;Asturias;Asturias;España;12.08.2016;12/08/2016;F. Fresno;913 m;;hembra;ex. Colección F. Fresno;P. Álvarez;2022
MNCN_Ent 291028;1;Halictidae;Halictinae;Seladonia;Pachyceble;tumulorum;(Linnaeus, 1758);Valle La Peral (Lena, Asturias);Valle La Peral;Lena;Asturias;Asturias;España;6.08.2016;06/08/2016;F. Fresno;;;hembra;ex. Colección F. Fresno;P. Álvarez;2022
MNCN_Ent 291029;1;Halictidae;Halictinae;Seladonia;Pachyceble;tumulorum;(Linnaeus, 1758);Pola de Lena (Asturias);Pola de Lena;Lena;Asturias;Asturias;España;18.04.2017;18/04/2017;F. Fresno;305 m;;hembra;ex. Colección F. Fresno;P. Álvarez;2022
MNCN_Ent 291030;1;Halictidae;Halictinae;Seladonia;Pachyceble;tumulorum;(Linnaeus, 1758);Pola de Lena (Asturias);Pola de Lena;Lena;Asturias;Asturias;España;18.04.2017;18/04/2017;F. Fresno;305 m;;hembra;ex. Colección F. Fresno;P. Álvarez;2022
MNCN_Ent 291031;1;Halictidae;Halictinae;Seladonia;Pachyceble;tumulorum;(Linnaeus, 1758);Pola de Lena (Asturias);Pola de Lena;Lena;Asturias;Asturias;España;12.04.2017;12/04/2017;F. Fresno;305 m;;hembra;ex. Colección F. Fresno;P. Álvarez;2022
MNCN_Ent 291032;1;Halictidae;Halictinae;Seladonia;Pachyceble;tumulorum;(Linnaeus, 1758);Pola de Lena (Asturias);Pola de Lena;Lena;Asturias;Asturias;España;12.04.2017;12/04/2017;F. Fresno;305 m;;hembra;ex. Colección F. Fresno;P. Álvarez;2022
MNCN_Ent 291033;1;Halictidae;Halictinae;Seladonia;Pachyceble;tumulorum;(Linnaeus, 1758);Pola de Lena (Asturias);Pola de Lena;Lena;Asturias;Asturias;España;27-VII-2011;27/07/2011;F. Fresno;305 m;;hembra;ex. Colección F. Fresno;P. Álvarez;2022
MNCN_Ent 291035;1;Halictidae;Halictinae;Lasioglossum;Lasioglossum;costulatum;(Kriechbaumer, 1873);Pto. de la Cubilla (Asturias);Tuiza;Lena;Asturias;Asturias;España;25-VII-2010;25/07/2010;F. Fresno;;;macho;ex. Colección F. Fresno;P. Álvarez;2022
MNCN_Ent 291036;1;Halictidae;Halictinae;Seladonia;Seladonia;subaurata;(Rossi, 1792);Piedraceda (Lena, Asturias);Piedraceda;Lena;Asturias;Asturias;España;22.08.2017;22/08/2017;F. Fresno;430 m;;hembra;ex. Colección F. Fresno;P. Álvarez;2022
MNCN_Ent 291043;1;Halictidae;Halictinae;Seladonia;Seladonia;subaurata;(Rossi, 1792);Pola de Lena (Asturias);Pola de Lena;Lena;Asturias;Asturias;España;27-VII-2011;27/07/2011;F. Fresno;;;macho;ex. Colección F. Fresno;P. Álvarez;2022
MNCN_Ent 291044;1;Halictidae;Halictinae;Seladonia;Seladonia;subaurata;(Rossi, 1792);Pola de Lena (Asturias);Pola de Lena;Lena;Asturias;Asturias;España;14.08.2016;14/08/2016;F. Fresno;305 m;;macho;ex. Colección F. Fresno;P. Álvarez;2022
MNCN_Ent 291045;1;Halictidae;Halictinae;Seladonia;Seladonia;subaurata;(Rossi, 1792);Pola de Lena (Asturias);Pola de Lena;Lena;Asturias;Asturias;España;20.08.2016;20/08/2016;F. Fresno;305 m;;macho;ex. Colección F. Fresno;P. Álvarez;2022
MNCN_Ent 291046;1;Halictidae;Halictinae;Seladonia;Seladonia;subaurata;(Rossi, 1792);Pola de Lena (Asturias);Pola de Lena;Lena;Asturias;Asturias;España;20.08.2016;20/08/2016;F. Fresno;305 m;;macho;ex. Colección F. Fresno;P. Álvarez;2022
MNCN_Ent 291047;1;Halictidae;Halictinae;Seladonia;Seladonia;subaurata;(Rossi, 1792);Pola de Lena (Asturias);Pola de Lena;Lena;Asturias;Asturias;España;20.08.2016;20/08/2016;F. Fresno;305 m;;hembra;ex. Colección F. Fresno;P. Álvarez;2022
MNCN_Ent 291048;1;Halictidae;Halictinae;Seladonia;Seladonia;subaurata;(Rossi, 1792);Valle La Peral (Lena, Asturias);Valle La Peral;Lena;Asturias;Asturias;España;6.08.2016;06/08/2016;F. Fresno;;;hembra;ex. Colección F. Fresno;P. Álvarez;2022
MNCN_Ent 291049;1;Halictidae;Halictinae;Lasioglossum;Leuchalictus;leucozonium;(Schrank, 1781);Pimiango (Asturias);Pimiango;Ribadedeva;Asturias;Asturias;España;27.VIII.2008;27/08/2008;F. Fresno;;;macho;ex. Colección F. Fresno;P. Álvarez;2022
MNCN_Ent 291050;1;Halictidae;Halictinae;Lasioglossum;Leuchalictus;leucozonium;(Schrank, 1781);Cabo Peñas (Asturias);Cabo Peñas;Gozón;Asturias;Asturias;España;9.VIII.2011;09/08/2011;F. Fresno;;;macho;ex. Colección F. Fresno;P. Álvarez;2022
MNCN_Ent 291051;1;Halictidae;Halictinae;Lasioglossum;Leuchalictus;leucozonium;(Schrank, 1781);La Isla (Asturias);La Isla;Colunga;Asturias;Asturias;España;12.VIII.2009;12/08/2009;F. Fresno;;;hembra;ex. Colección F. Fresno;P. Álvarez;2022
MNCN_Ent 291052;1;Halictidae;Halictinae;Lasioglossum;Leuchalictus;leucozonium;(Schrank, 1781);La Isla (Colunga) (Asturias);La Isla;Colunga;Asturias;Asturias;España;22.08.2016;22/08/2016;F. Fresno;;;hembra;ex. Colección F. Fresno;P. Álvarez;2022
MNCN_Ent 291053;1;Halictidae;Halictinae;Lasioglossum;Leuchalictus;leucozonium;(Schrank, 1781);Pola de Lena (Asturias);Pola de Lena;Lena;Asturias;Asturias;España;27-VII-2011;27/07/2011;F. Fresno;;;hembra;ex. Colección F. Fresno;P. Álvarez;2022
MNCN_Ent 291054;1;Halictidae;Halictinae;Lasioglossum;Hemihalictus;villosulum;(Kirby, 1802);La Isla (Asturias);La Isla;Colunga;Asturias;Asturias;España;31-VII-2009;31/07/2009;F. Fresno;;;hembra;ex. Colección F. Fresno;P. Álvarez;2022
MNCN_Ent 291055;1;Halictidae;Halictinae;Lasioglossum;Hemihalictus;villosulum;(Kirby, 1802);Colunga (Asturias);Colunga;Colunga;Asturias;Asturias;España;26.VIII.2008;26/08/2008;F. Fresno;;;hembra;ex. Colección F. Fresno;P. Álvarez;2022
MNCN_Ent 291056;1;Halictidae;Halictinae;Lasioglossum;Hemihalictus;villosulum;(Kirby, 1802);Pola de Lena (Asturias);Pola de Lena;Lena;Asturias;Asturias;España;9.VIII.1972;09/08/1972;F. Fresno;;;hembra;ex. Colección F. Fresno;P. Álvarez;2022
MNCN_Ent 291057;1;Halictidae;Halictinae;Lasioglossum;Hemihalictus;villosulum;(Kirby, 1802);Pola de Lena (Asturias);Pola de Lena;Lena;Asturias;Asturias;España;12.04.2017;12/04/2017;F. Fresno;305 m;;hembra;ex. Colección F. Fresno;P. Álvarez;2022
MNCN_Ent 291058;1;Halictidae;Halictinae;Lasioglossum;Hemihalictus;villosulum;(Kirby, 1802);Soto de Agues (Asturias);Soto de Agues;Sobrescobio;Asturias;Asturias;España;21-VII-2017;21/07/2017;F. Fresno;415 m;;hembra;ex. Colección F. Fresno;P. Álvarez;2022
MNCN_Ent 291064;1;Halictidae;Halictinae;Lasioglossum;Lasioglossum;pallens;(Brullé, 1832);Pola de lena (Asturias);Pola de lena;Lena;Asturias;Asturias;España;4-V-2007;04/05/2007;F. Fresno;;;hembra;ex. Colección F. Fresno;P. Álvarez;2022
MNCN_Ent 291065;1;Halictidae;Halictinae;Lasioglossum;Sphecodogastra;mediterraneum;(Blüthgen, 1926);Pola de Lena (Asturias);Pola de Lena;Lena;Asturias;Asturias;España;13.VIII.2006;13/08/2006;F. Fresno;;;hembra;ex. Colección F. Fresno;P. Álvarez;2022
MNCN_Ent 295050;1;Colletidae;Hylaeinae;Hylaeus;Spatulariella;hyalinatus;Smith, 1843;Bao (Ibias) (Asturias);Bao;Ibias;Asturias;Asturias;España;22-VIII-2018;22/08/2018;G. Pueyo y T. Fresno;;;hembra;;P. Álvarez;2022
MNCN_Ent 295055;1;Colletidae;Hylaeinae;Hylaeus;Spatulariella;hyalinatus;Smith, 1843;Bao (Ibias) (Asturias);Bao;Ibias;Asturias;Asturias;España;22-VIII-2018;22/08/2018;G. Pueyo y T. Fresno;;;hembra;;P. Álvarez;2022
MNCN_Ent 295056;1;Colletidae;Hylaeinae;Hylaeus;Spatulariella;hyalinatus;Smith, 1843;Puerto de Pinos, S. Emiliano (LE);Puerto de Pinos, S. Emiliano;San Emiliano;León;Castilla y León;España;29-VII-2018;29/07/2018;F. Fresno;1700 m.;;hembra;;P. Álvarez;2022
MNCN_Ent 295057;1;Colletidae;Hylaeinae;Hylaeus;Spatulariella;hyalinatus;Smith, 1843;Puerto de Pinos, S. Emiliano (LE);Puerto de Pinos, S. Emiliano;San Emiliano;León;Castilla y León;España;29-VII-2018;29/07/2018;F. Fresno;1700 m.;;hembra;;P. Álvarez;2022
MNCN_Ent 295059;1;Colletidae;Hylaeinae;Hylaeus;Hylaeus;communis;Nylander, 1852;Valle La Peral (Lena) (Asturias);Valle La Peral;Lena;Asturias;Asturias;España;12-VIII-2018;12/08/2018;F. Fresno;900 m.;;hembra;;P. Álvarez;2022
MNCN_Ent 295060;1;Colletidae;Hylaeinae;Hylaeus;Dentigera;imparilis;Förster, 1871;Mijas Costa (Málaga) Arroyo de los Pilones;Mijas Costa;Mijas;Málaga;Andalucía;España;18-VI-2018;18/06/2018;F. Fresno;;;hembra;;P. Álvarez;2022
MNCN_Ent 295063;1;Colletidae;Hylaeinae;Hylaeus;Spatulariella;hyalinatus;Smith, 1843;Sierra de Alceo (León);Cubillas de Arbás;Villamanín;León;Castilla y León;España;3-VIII-2016;03/08/2016;E.F. Vidal & A.R. Fandiño;;;hembra;;P. Álvarez;2022
MNCN_Ent 295064;1;Colletidae;Hylaeinae;Hylaeus;Spatulariella;hyalinatus;Smith, 1843;Sierra de Alceo (León);Cubillas de Arbás;Villamanín;León;Castilla y León;España;3-VIII-2016;03/08/2016;E.F. Vidal & A.R. Fandiño;;;hembra;;P. Álvarez;2022
MNCN_Ent 295070;1;Halictidae;Halictinae;Sphecodes;;gibbus;(Linnaeus, 1758);Vega del Rey (Lena) (Asturias);Vega del Rey;Lena;Asturias;Asturias;España;1-VIII-2019;01/08/2019;F. Fresno;;;macho;;P. Álvarez;2022
MNCN_Ent 295071;1;Halictidae;Halictinae;Sphecodes;;gibbus;(Linnaeus, 1758);Vega del Rey (Lena) (Asturias);Vega del Rey;Lena;Asturias;Asturias;España;1-VIII-2019;01/08/2019;F. Fresno;;;macho;;P. Álvarez;2022
MNCN_Ent 295072;1;Halictidae;Halictinae;Sphecodes;;puncticeps;Thomson, 1870;Columbiello (Lena) (Asturias);Columbiello;Lena;Asturias;Asturias;España;14-VIII-2019;14/08/2019;F. Fresno;;;hembra;;P. Álvarez;2022
MNCN_Ent 295073;1;Halictidae;Halictinae;Sphecodes;;gibbus;(Linnaeus, 1758);Carrandi (Colunga) (Asturias);Carrandi;Colunga;Asturias;Asturias;España;17-VIII-2019;17/08/2019;F. Fresno;150 m.;;hembra;;P. Álvarez;2022
MNCN_Ent 295082;1;Apidae;Xylocopinae;Ceratina;Dalyatina;parvula;Smith, 1854;Mijas Costa (Málaga) Arroyo de los Pilones;Mijas Costa;Mijas;Málaga;Andalucía;España;17-VI-2018;17/06/2018;F. Fresno;;;hembra;;P. [Piluca] Álvarez;2022
MNCN_Ent 295083;1;Apidae;Xylocopinae;Ceratina;Euceratina;dallatorreana;Friese, 1896;Mijas Costa (Málaga) Río Fuengirola;Mijas Costa;Mijas;Málaga;Andalucía;España;22-VI-2018;22/06/2018;F. Fresno;;;hembra;;P. [Piluca] Álvarez;2022
MNCN_Ent 295084;1;Apidae;Xylocopinae;Ceratina;Euceratina;dentiventris;Gerstäcker, 1869;Mijas Costa (Málaga) Río Fuengirola;Mijas Costa;Mijas;Málaga;Andalucía;España;22-VI-2018;22/06/2018;F. Fresno;;;hembra;;P. [Piluca] Álvarez;2022
MNCN_Ent 295088;1;Megachilidae;Megachilinae;Osmia;Hoplosmia;spinulosa;(Kirby, 1802);Columbiello (Lena) (Asturias);Columbiello;Lena;Asturias;Asturias;España;5-VIII-2019;05/08/2019;F. Fresno;;;macho;;P. Álvarez;2022
MNCN_Ent 295089;1;Megachilidae;Megachilinae;Osmia;Helicosmia;caerulescens;(Linnaeus, 1758);Columbiello (Lena) (Asturias);Columbiello;Lena;Asturias;Asturias;España;5-VIII-2019;05/08/2019;F. Fresno;;;hembra;;P. Álvarez;2022
MNCN_Ent 295090;1;Andrenidae;Panurginae;Panurgus;Panurgus;calcaratus;(Scopoli, 1763);Bao (Ibias) (Asturias);Bao;Ibias;Asturias;Asturias;España;22-VIII-2018;22/08/2018;G. Pueyo y T. Fresno;;;macho;;P. Álvarez;2022
MNCN_Ent 295091;1;Andrenidae;Panurginae;Panurgus;Panurgus;calcaratus;(Scopoli, 1763);Bao (Ibias) (Asturias);Bao;Ibias;Asturias;Asturias;España;22-VIII-2018;22/08/2018;G. Pueyo y T. Fresno;;;hembra;;P. Álvarez;2022
MNCN_Ent 295092;1;Andrenidae;Panurginae;Panurgus;Panurgus;calcaratus;(Scopoli, 1763);Bao (Ibias) (Asturias);Bao;Ibias;Asturias;Asturias;España;22-VIII-2018;22/08/2018;G. Pueyo y T. Fresno;;;hembra;;P. Álvarez;2022
MNCN_Ent 295093;1;Andrenidae;Panurginae;Panurgus;Panurgus;calcaratus;(Scopoli, 1763);Bao (Ibias) (Asturias);Bao;Ibias;Asturias;Asturias;España;22-VIII-2018;22/08/2018;G. Pueyo y T. Fresno;;;hembra;;P. Álvarez;2022
MNCN_Ent 295114;1;Andrenidae;Panurginae;Panurgus;Panurgus;dentipes;Latreille, 1811;Calomadre (Teruel);Calomadre;Calomadre;Teruel;Aragón;España;6-VII-2019;06/07/2019;M. Toribio;;;hembra;;P. Álvarez;2022
MNCN_Ent 295115;1;Andrenidae;Panurginae;Panurgus;Panurgus;dentipes;Latreille, 1811;Calomadre (Teruel);Calomadre;Calomadre;Teruel;Aragón;España;6-VII-2019;06/07/2019;M. Toribio;;;hembra;;P. Álvarez;2022
MNCN_Ent 295116;1;Andrenidae;Panurginae;Panurgus;Panurgus;dentipes;Latreille, 1811;Calomadre (Teruel);Calomadre;Calomadre;Teruel;Aragón;España;6-VII-2019;06/07/2019;M. Toribio;;;hembra;;P. Álvarez;2022
MNCN_Ent 295118;1;Halictidae;Halictinae;Seladonia;Pachyceble;tumulorum;(Linnaeus, 1758);Valle La Peral (Lena) (Asturias);Valle La Peral;Lena;Asturias;Asturias;España;11-VIII-2018;11/08/2018;F. Fresno;900 m.;;hembra;;P. Álvarez;2022
MNCN_Ent 295119;1;Halictidae;Halictinae;Seladonia;Pachyceble;tumulorum;(Linnaeus, 1758);Valle La Peral (Lena) (Asturias);Valle La Peral;Lena;Asturias;Asturias;España;11-VIII-2018;11/08/2018;F. Fresno;900 m.;;hembra;;P. Álvarez;2022
MNCN_Ent 295120;1;Halictidae;Halictinae;Seladonia;Pachyceble;tumulorum;(Linnaeus, 1758);Valle La Peral (Lena) (Asturias);Valle La Peral;Lena;Asturias;Asturias;España;11-VIII-2018;11/08/2018;F. Fresno;900 m.;;hembra;;P. Álvarez;2022
MNCN_Ent 295133;1;Halictidae;Halictinae;Seladonia;Pachyceble;tumulorum;(Linnaeus, 1758);Bao (Ibias) (Asturias);Bao;Ibias;Asturias;Asturias;España;22-VIII-2018;22/08/2018;G. Pueyo y T. Fresno;;;hembra;;P. Álvarez;2022
MNCN_Ent 295134;1;Halictidae;Halictinae;Lasioglossum;Sphecodogastra;algericolellum;(Strand, 1909);Bao (Ibias) (Asturias);Bao;Ibias;Asturias;Asturias;España;22-VIII-2018;22/08/2018;G. Pueyo y T. Fresno;;;hembra;;P. Álvarez;2022
MNCN_Ent 295137;1;Halictidae;Halictinae;Lasioglossum;Sphecodogastra;pauxillum;(Schenck, 1853);Bao (Ibias) (Asturias);Bao;Ibias;Asturias;Asturias;España;22-VIII-2018;22/08/2018;G. Pueyo y T. Fresno;;;hembra;;P. Álvarez;2022
MNCN_Ent 295140;1;Halictidae;Halictinae;Lasioglossum;Dialictus;morio;(Fabricius, 1793);Armada (Lena) (Asturias);Armada;Lena;Asturias;Asturias;España;12-VIII-2018;12/08/2018;F. Fresno;;;macho;;P. Álvarez;2022
MNCN_Ent 295141;1;Apidae;Apinae;Eucera;Hetereucera;elongatula;Vachal, 1907;Mijas Costa (Málaga) Arroyo de los Pilones;Mijas Costa;Mijas;Málaga;Andalucía;España;17-VI-2018;17/06/2018;F. Fresno;;;hembra;;P. Álvarez;2022
MNCN_Ent 302328;1;Colletidae;Hylaeinae;Hylaeus;Prosopis;purpurissatus;(Vachal, 1895);El Ventorrillo, Madrid;Navacerrada;Cercedilla;Madrid;Madrid;España;18-25/VIII-89;18-25/08/1989;Nieves & Rey;1480 m.;;hembra;;P. Álvarez;2023
MNCN_Ent 302329;1;Colletidae;Hylaeinae;Hylaeus;Prosopis;purpurissatus;(Vachal, 1895);El Ventorrillo, Madrid;Navacerrada;Cercedilla;Madrid;Madrid;España;22-30/VI-1989;22-30/06/1989;Nieves & Rey;1480 m.;;macho;;P. Álvarez;2023
MNCN_Ent 316356;1;Colletidae;Hylaeinae;Hylaeus;Prosopis;purpurissatus;(Vachal, 1895);El Ventorrillo;Navacerrada;Cercedilla;Madrid;Madrid;España;(1-9)-VIII-88;1-9/08/1988;Nieves & Rey;1480 m.;;macho;;P. Álvarez;2023
MNCN_Ent 316410;1;Colletidae;Hylaeinae;Hylaeus;Prosopis;purpurissatus;(Vachal, 1895);El Pardo;Madrid, El Pardo;Madrid;Madrid;Madrid;España;13-VI-43;13/06/1943;Junco;;;hembra;;P. Álvarez;2023
MNCN_Ent 316411;1;Colletidae;Hylaeinae;Hylaeus;Prosopis;purpurissatus;(Vachal, 1895);El Pardo;Madrid, El Pardo;Madrid;Madrid;Madrid;España;13-VI-43;13/06/1943;Junco;;;hembra;;P. Álvarez;2023
MNCN_Ent 316415;1;Colletidae;Hylaeinae;Hylaeus;Prosopis;purpurissatus;(Vachal, 1895);Gt. [Godelleta];Godelleta;Godelleta;Valencia;Comunidad Valenciana;España;3.VIII.28;03/08/1928;sin datos;;;hembra;;P. Álvarez;2023
MNCN_Ent 322795;1;Andrenidae;Panurginae;Melitturga;Petrusianna;caudata;Pérez, 1879;Murcia/T. Isabel;Murcia;Murcia;Murcia;Murcia;España;18-IV-52;18/04/1952;Andreu;;;macho;;P. Álvarez [Piluca Álvarez Fidalgo];2022
MNCN_Ent 322931;1;Apidae;Xylocopinae;Ceratina;Euceratina;nigrolabiata;Friese, 1896;Area de Montarco, Rivas-Vaciamadrid (Madrid);Rivas-Vaciamadrid;Rivas-Vaciamadrid;Madrid;Madrid;España;20-VIII-1997;20/08/1997;J.I. López-Colón;;;hembra;;P. Álvarez;2022
MNCN_Ent 325863;1;Halictidae;Halictinae;Lasioglossum;Lasioglossum;xanthopus;(Kirby, 1802);Villaverde;Madrid, Villaverde;Madrid;Madrid;Madrid;España;10-IV-905;10/04/1905;Arias;;;hembra;;P. [Piluca] Álvarez;2022
MNCN_Ent 332759;1;Melittidae;Dasypodainae;Dasypoda;Microdasypoda;crassicornis;Friese, 1896;El Pardo (Madrid) La Quinta;Madrid, El Pardo;Madrid;Madrid;Madrid;España;31-V-79;31/05/1979;L. Hinojosa;;;hembra;;P. Álvarez;2022
MNCN_Ent 332760;1;Melittidae;Dasypodainae;Dasypoda;Microdasypoda;crassicornis;Friese, 1896;El Pardo (Madrid) La Quinta;Madrid, El Pardo;Madrid;Madrid;Madrid;España;31-V-79;31/05/1979;L. Hinojosa;;;hembra;;P. Álvarez;2022
MNCN_Ent 332764;1;Melittidae;Melittinae;Melitta;Melitta;leporina;(Panzer, 1799);Irún;Irún;Irún;Guipúzcoa;País Vasco;España;8-VII-[19]06;08/07/1906;sin datos;;;macho;Colección Cabrera;P. [Piluca] Álvarez;2022
MNCN_Ent 332765;1;Melittidae;Dasypodainae;Dasypoda;Heterodasypoda;morotei;Quilis, 1928;El Ventorrillo (Cercedilla);Navacerrada;Cercedilla;Madrid;Madrid;España;25-VII-85;25/07/1985;sin datos;;;hembra;;P. [Piluca] Álvarez;2022
MNCN_Ent 332766;1;Melittidae;Dasypodainae;Dasypoda;Heterodasypoda;morotei;Quilis, 1928;S. Leonardo de Yagüe, Soria;San Leonardo de Yágüe;San Leonardo de Yágüe;Soria;Castilla y León;España;5-7-76;05/07/1976;Carmen Rey;;;macho;ex. Col. C. Rey;P. [Piluca] Álvarez;2022
MNCN_Ent 332913;1;Andrenidae;Andreninae;Andrena;Suandrena;cyanomicans;Pérez, 1895;Pedralbes;Barcelona, Pedralbes;Barcelona;Barcelona;Cataluña;España;30.X.95;30/10/1895;sin datos;;;hembra;;P. [Piluca] Álvarez;2022
MNCN_Ent 332914;1;Andrenidae;Andreninae;Andrena;Suandrena;cyanomicans;Perez, 1895;Pedralbes;Barcelona, Pedralbes;Barcelona;Barcelona;Cataluña;España;17.X.96;17/10/1896;sin datos;;;hembra;;P. [Piluca] Álvarez;2022
MNCN_Ent 332915;1;Andrenidae;Andreninae;Andrena;Suandrena;cyanomicans;Perez, 1895;Pedralbes;Barcelona, Pedralbes;Barcelona;Barcelona;Cataluña;España;17.X.96;17/10/1896;sin datos;;;macho;;P. [Piluca] Álvarez;2022
MNCN_Ent 332916;1;Andrenidae;Andreninae;Andrena;Suandrena;cyanomicans;Perez, 1895;Pedralbes;Barcelona, Pedralbes;Barcelona;Barcelona;Cataluña;España;11.X.96;11/10/1896;sin datos;;;macho;;P. [Piluca] Álvarez;2022
MNCN_Ent 332937;1;Andrenidae;Andreninae;Andrena;Plastandrena;agilissima;(Scopoli, 1770);Vaciamadrid;Rivas-Vaciamadrid;Rivas-Vaciamadrid;Madrid;Madrid;España;24-5-23;24/05/1923;Dusmet;;;hembra;;P. Álvarez;2022
MNCN_Ent 340648;1;Colletidae;Hylaeinae;Hylaeus;Hylaeus;communis;Nylander, 1852;La Isla (Asturias);La Isla;Colunga;Asturias;Asturias;España;9-VIII-2013;09/08/2013;F. Fresno;;;macho;ex. Colección F. Fresno;P. Álvarez;2022
MNCN_Ent 340649;1;Colletidae;Hylaeinae;Hylaeus;Hylaeus;communis;Nylander, 1852;Proaza (Asturias);Proaza;Proaza;Asturias;Asturias;España;21.VIII.2008;31/08/2008;F. Fresno;;;macho;ex. Colección F. Fresno;P. Álvarez;2022
MNCN_Ent 340650;1;Colletidae;Hylaeinae;Hylaeus;Hylaeus;communis;Nylander, 1852;Zureda (Lena) (Asturias);Zureda;Lena;Asturias;Asturias;España;7.VIII.2006;07/08/2006;F. Fresno;;;macho;ex. Colección F. Fresno;P. Álvarez;2022
MNCN_Ent 340654;1;Colletidae;Hylaeinae;Hylaeus;Hylaeus;communis;Nylander, 1852;Zureda (Lena) (Asturias);Zureda;Lena;Asturias;Asturias;España;9.VIII.2006;09/08/2006;F. Fresno;;;hembra;ex. Colección F. Fresno;P. Álvarez;2022
MNCN_Ent 340655;1;Colletidae;Hylaeinae;Hylaeus;Hylaeus;communis;Nylander, 1852;Zureda (Lena) (Asturias);Zureda;Lena;Asturias;Asturias;España;9.VIII.2006;09/08/2006;F. Fresno;;;hembra;ex. Colección F. Fresno;P. Álvarez;2022
MNCN_Ent 340656;1;Colletidae;Hylaeinae;Hylaeus;Hylaeus;communis;Nylander, 1852;Pola de Lena (Asturias);Pola de Lena;Lena;Asturias;Asturias;España;2.VIII.2006;02/08/2006;F. Fresno;;;macho;ex. Colección F. Fresno;P. Álvarez;2022
MNCN_Ent 340657;1;Colletidae;Hylaeinae;Hylaeus;Hylaeus;communis;Nylander, 1852;Pola de Lena (Asturias);Pola de Lena;Lena;Asturias;Asturias;España;4.VIII.2006;04/08/2006;F. Fresno;;;hembra;ex. Colección F. Fresno;P. Álvarez;2022
MNCN_Ent 340658;1;Colletidae;Hylaeinae;Hylaeus;Hylaeus;communis;Nylander, 1852;Pola de Lena (Asturias);Pola de Lena;Lena;Asturias;Asturias;España;21.VIII.2006;21/08/2006;F. Fresno;;;hembra;ex. Colección F. Fresno;P. Álvarez;2022
MNCN_Ent 340659;1;Colletidae;Hylaeinae;Hylaeus;Hylaeus;communis;Nylander, 1852;Pola de Lena (Asturias);Pola de Lena;Lena;Asturias;Asturias;España;9.VIII.2007;09/08/2007;F. Fresno;;;hembra;ex. Colección F. Fresno;P. Álvarez;2022
MNCN_Ent 340660;1;Colletidae;Hylaeinae;Hylaeus;Hylaeus;communis;Nylander, 1852;Pola de Lena (Asturias);Pola de Lena;Lena;Asturias;Asturias;España;26-VII-2009;26/07/2009;F. Fresno;;;hembra;ex. Colección F. Fresno;P. Álvarez;2022
MNCN_Ent 340664;1;Colletidae;Hylaeinae;Hylaeus;Hylaeus;communis;Nylander, 1852;Vega del Rey (Lena, Asturias);Vega del Rey;Lena;Asturias;Asturias;España;11.08.2017;11/08/2017;F. Fresno;;;hembra;ex. Colección F. Fresno;P. Álvarez;2022
MNCN_Ent 340665;1;Colletidae;Hylaeinae;Hylaeus;Hylaeus;communis;Nylander, 1852;Vega del Rey (Lena, Asturias);Vega del Rey;Lena;Asturias;Asturias;España;11.08.2017;11/08/2017;F. Fresno;;;hembra;ex. Colección F. Fresno;P. Álvarez;2022
MNCN_Ent 340666;1;Colletidae;Hylaeinae;Hylaeus;Hylaeus;communis;Nylander, 1852;Vega del Rey (Lena, Asturias);Vega del Rey;Lena;Asturias;Asturias;España;16.08.2017;16/08/2017;F. Fresno;;;hembra;ex. Colección F. Fresno;P. Álvarez;2022
MNCN_Ent 340667;1;Colletidae;Hylaeinae;Hylaeus;Hylaeus;communis;Nylander, 1852;Embalse de Valdemurio (O);Embalse de Valdemurio;Quirós;Asturias;Asturias;España;13-VIII-2012;13/08/2012;F. Fresno;;;hembra;ex. Colección F. Fresno;P. Álvarez;2022
MNCN_Ent 340673;1;Colletidae;Hylaeinae;Hylaeus;Spatulariella;hyalinatus;Smith, 1843;Valle La Peral (Lena, Asturias);Valle La Peral;Lena;Asturias;Asturias;España;12.08.2016;12/08/2016;F. Fresno;913 m;;hembra;ex. Colección F. Fresno;P. Álvarez;2022
MNCN_Ent 340674;1;Colletidae;Hylaeinae;Hylaeus;Spatulariella;hyalinatus;Smith, 1843;Valle La Peral (Lena, Asturias);Valle La Peral;Lena;Asturias;Asturias;España;12.08.2016;12/08/2016;F. Fresno;913 m;;hembra;ex. Colección F. Fresno;P. Álvarez;2022
MNCN_Ent 340675;1;Colletidae;Hylaeinae;Hylaeus;Paraprosopis;clypearis;(Schenck, 1853);Colunga (Asturias);Colunga;Colunga;Asturias;Asturias;España;17.VIII.2008;17/08/2008;F. Fresno;;;hembra;ex. Colección F. Fresno;P. Álvarez;2022
MNCN_Ent 340676;1;Colletidae;Hylaeinae;Hylaeus;Paraprosopis;clypearis;(Schenck, 1853);San Pedro de la Ribera (Asturias);San Pedro de la Ribera;Cudillero;Asturias;Asturias;España;11-VIII-2012;11/08/2012;F. Fresno;;;hembra;ex. Colección F. Fresno;P. Álvarez;2022
MNCN_Ent 340677;1;Colletidae;Hylaeinae;Hylaeus;Paraprosopis;clypearis;(Schenck, 1853);San Pedro de la Ribera (Asturias);San Pedro de la Ribera;Cudillero;Asturias;Asturias;España;11-VIII-2012;11/08/2012;F. Fresno;;;macho;ex. Colección F. Fresno;P. Álvarez;2022
MNCN_Ent 340678;1;Colletidae;Hylaeinae;Hylaeus;Paraprosopis;clypearis;(Schenck, 1853);La Isla (Asturias);La Isla;Colunga;Asturias;Asturias;España;15-VIII-2013;15/08/2013;F. Fresno;;;macho;ex. Colección F. Fresno;P. Álvarez;2022
MNCN_Ent 340715;1;Colletidae;Hylaeinae;Hylaeus;Dentigera;brevicornis;Nylander, 1852;Colunga (Asturias);Colunga;Colunga;Asturias;Asturias;España;26.VIII.2008;26/08/2008;F. Fresno;;;macho;ex. Colección F. Fresno;P. Álvarez;2022
MNCN_Ent 340716;1;Colletidae;Hylaeinae;Hylaeus;Dentigera;brevicornis;Nylander, 1852;La Isla (Asturias);La Isla;Colunga;Asturias;Asturias;España;14-IX-2011;14/09/2011;F. Fresno;;;macho;ex. Colección F. Fresno;P. Álvarez;2022
MNCN_Ent 340717;1;Colletidae;Hylaeinae;Hylaeus;Dentigera;brevicornis;Nylander, 1852;Pola de Lena (Asturias);Pola de Lena;Lena;Asturias;Asturias;España;26-VII-2009;26/07/2009;F. Fresno;;;hembra;ex. Colección F. Fresno;P. Álvarez;2022
MNCN_Ent 340718;1;Colletidae;Hylaeinae;Hylaeus;Dentigera;brevicornis;Nylander, 1852;Vega del Rey (Lena, Asturias);Vega del Rey;Lena;Asturias;Asturias;España;5.08.2016;05/08/2016;F. Fresno;;;hembra;ex. Colección F. Fresno;P. Álvarez;2022
MNCN_Ent 340724;1;Colletidae;Hylaeinae;Hylaeus;Dentigera;brevicornis;Nylander, 1852;Pimiango (Asturias);Pimiango;Ribadedeva;Asturias;Asturias;España;27.VIII.2008;27/08/2017;F. Fresno;;;hembra;ex. Colección F. Fresno;P. Álvarez;2022
MNCN_Ent 340725;1;Colletidae;Hylaeinae;Hylaeus;Dentigera;brevicornis;Nylander, 1852;Zureda (Lena) (Asturias);Zureda;Lena;Asturias;Asturias;España;7.VIII.2006;07/08/2006;F. Fresno;;;hembra;ex. Colección F. Fresno;P. Álvarez;2022
MNCN_Ent 340726;1;Colletidae;Hylaeinae;Hylaeus;Dentigera;brevicornis;Nylander, 1852;Zureda (Lena) (Asturias);Zureda;Lena;Asturias;Asturias;España;7.VIII.2006;07/08/2006;F. Fresno;;;hembra;ex. Colección F. Fresno;P. Álvarez;2022
MNCN_Ent 340727;1;Andrenidae;Andreninae;Andrena;Plastandrena;agilissima;(Scopoli, 1770);Buitrago (Madrid);Buitrago del Lozoya;Buitrago del Lozoya;Madrid;Madrid;España;31-V-1981;31/05/1981;F. Fresno;;;hembra;ex. Colección F. Fresno;P. Álvarez;2022
MNCN_Ent 340728;1;Andrenidae;Andreninae;Andrena;Plastandrena;agilissima;(Scopoli, 1770);Buitrago (Madrid);Buitrago del Lozoya;Buitrago del Lozoya;Madrid;Madrid;España;31-V-1981;31/05/1981;F. Fresno;;;hembra;ex. Colección F. Fresno;P. Álvarez;2022
MNCN_Ent 340729;1;Andrenidae;Andreninae;Andrena;Plastandrena;agilissima;(Scopoli, 1770);Buitrago (Madrid);Buitrago del Lozoya;Buitrago del Lozoya;Madrid;Madrid;España;31-V-1981;31/05/1981;F. Fresno;;;hembra;ex. Colección F. Fresno;P. Álvarez;2022
MNCN_Ent 340764;1;Andrenidae;Andreninae;Andrena;Chlorandrena;humilis;Imhoff, 1832;Villaverde;Madrid, Villaverde;Villaverde;Madrid;Madrid;España;31-3-[190]8;31/03/1908;Dusmet;;;macho;Colección Dusmet;P. Álvarez;2022
MNCN_Ent 340771;1;Apidae;Panurginae;Panurginus;;albopilosus;(Lucas, 1846);El Pardo;Madrid, El Pardo;Madrid;Madrid;Madrid;España;8-5-[19]20;08/05/1920;Dusmet;;;macho;;P. Álvarez;2022
MNCN_Ent 340772;1;Apidae;Panurginae;Panurginus;;albopilosus;(Lucas, 1846);Rivas;Rivas-Vaciamadrid;Rivas-Vaciamadrid;Madrid;Madrid;España;11-5-[19]32;11/05/1932;Dusmet;;;macho;Colección Dusmet;P. Álvarez;2022
MNCN_Ent 340774;1;Andrenidae;Andreninae;Andrena;Graecandrena;verticalis;Pérez, 1895;Cabezón de Pisuerga (VA);Cabezón de Pisuerga;Cabezón de Pisuerga;Valladolid;Castilla y León;España;22-VI-2012;22/06/2012;F. Fresno;;;hembra;ex. Colección F. Fresno;P. Álvarez;2022
MNCN_Ent 340775;1;Halictidae;Halictinae;Lasioglossum;Lasioglossum;pallens;(Brullé, 1832);Río Alberche;Aldea del Fresno;Aldea del Fresno;Madrid;Madrid;España;24-5-[19]24;24/05/1924;Dusmet;;;hembra;Colección Dusmet;P. Álvarez;2022
MNCN_Ent 342825;1;Halictidae;Halictinae;Lasioglossum;Sphecodogastra;calceatum;(Scopoli, 1763);Zureda (Lena) (Asturias);Zureda;Lena;Asturias;Asturias;España;9.VIII.2006;09/08/2006;F. Fresno;;;macho;ex. Colección F. Fresno;P. Álvarez;2022
MNCN_Ent 342829;1;Halictidae;Halictinae;Lasioglossum;Sphecodogastra;calceatum;(Scopoli, 1763);Soto de Agues (Asturias);Soto de Agues;Sobrescobio;Asturias;Asturias;España;3-VIII-2017;03/08/2017;F. Fresno;415 m;;macho;ex. Colección F. Fresno;P. Álvarez;2022
MNCN_Ent 342830;1;Halictidae;Halictinae;Lasioglossum;Sphecodogastra;albipes;(Fabricius, 1781);Colunga (Asturias);Colunga;Colunga;Asturias;Asturias;España;28.VIII.2007;28/08/2007;F. Fresno;;;macho;ex. Colección F. Fresno;P. Álvarez;2022
MNCN_Ent 342831;1;Halictidae;Halictinae;Lasioglossum;Sphecodogastra;albipes;(Fabricius, 1781);Pimiango (Asturias);Pimiango;Ribadedeva;Asturias;Asturias;España;31.VIII.2009;31/08/2009;F. Fresno;;;macho;ex. Colección F. Fresno;P. Álvarez;2022
MNCN_Ent 342832;1;Halictidae;Halictinae;Lasioglossum;Sphecodogastra;albipes;(Fabricius, 1781);Pimiango (Asturias);Pimiango;Ribadedeva;Asturias;Asturias;España;31.VIII.2009;31/08/2009;F. Fresno;;;hembra;ex. Colección F. Fresno;P. Álvarez;2022
MNCN_Ent 342833;1;Halictidae;Halictinae;Lasioglossum;Sphecodogastra;albipes;(Fabricius, 1781);La isla (Asturias);La isla;Colunga;Asturias;Asturias;España;17-VIII-2012;17/08/2012;F. Fresno;;;hembra;ex. Colección F. Fresno;P. Álvarez;2022
MNCN_Ent 342834;1;Halictidae;Halictinae;Lasioglossum;Sphecodogastra;albipes;(Fabricius, 1781);La isla (Asturias);La isla;Colunga;Asturias;Asturias;España;14-IX-2012;14/09/2012;F. Fresno;;;macho;ex. Colección F. Fresno;P. Álvarez;2022
MNCN_Ent 342835;1;Halictidae;Halictinae;Lasioglossum;Sphecodogastra;albipes;(Fabricius, 1781);La isla (Asturias);La isla;Colunga;Asturias;Asturias;España;26-VIII-2012;26/08/2012;F. Fresno;;;macho;ex. Colección F. Fresno;P. Álvarez;2022
MNCN_Ent 342836;1;Halictidae;Halictinae;Lasioglossum;Sphecodogastra;albipes;(Fabricius, 1781);Valle La Peral (Lena, Asturias);Valle La Peral;Lena;Asturias;Asturias;España;23.08.2016;23/08/2016;F. Fresno;913 m;;macho;ex. Colección F. Fresno;P. Álvarez;2022
MNCN_Ent 342837;1;Halictidae;Halictinae;Lasioglossum;Sphecodogastra;albipes;(Fabricius, 1781);Pola de Lena (Asturias);Pola de Lena;Lena;Asturias;Asturias;España;9.VIII.2007;09/08/2007;F. Fresno;;;macho;ex. Colección F. Fresno;P. Álvarez;2022
MNCN_Ent 342838;1;Halictidae;Halictinae;Lasioglossum;Sphecodogastra;albipes;(Fabricius, 1781);Pola de Lena (Asturias);Pola de Lena;Lena;Asturias;Asturias;España;20.08.2016;20/08/2016;F. Fresno;305 m;;macho;ex. Colección F. Fresno;P. Álvarez;2022
MNCN_Ent 342839;1;Halictidae;Halictinae;Lasioglossum;Sphecodogastra;albipes;(Fabricius, 1781);Zureda (Lena) (Asturias);Zureda;Lena;Asturias;Asturias;España;9.VIII.2006;09/08/2006;F. Fresno;;;macho;ex. Colección F. Fresno;P. Álvarez;2022
MNCN_Ent 342854;1;Halictidae;Halictinae;Lasioglossum;Hemihalictus;pauperatum;(Brullé, 1832);Vega del Rey (Lena, Asturias);Vega del Rey;Lena;Asturias;Asturias;España;5.08.2016;05/08/2016;F. Fresno;;;hembra;ex. Colección F. Fresno;P. Álvarez;2022
MNCN_Ent 342855;1;Halictidae;Halictinae;Lasioglossum;Hemihalictus;pauperatum;(Brullé, 1832);Vega del Rey (Lena, Asturias);Vega del Rey;Lena;Asturias;Asturias;España;24.08.2016;24/08/2016;F. Fresno;;;hembra;ex. Colección F. Fresno;P. Álvarez;2022
MNCN_Ent 342859;1;Halictidae;Halictinae;Lasioglossum;Hemihalictus;pauperatum;(Brullé, 1832);Soto de Agues (Asturias);Soto de Agues;Sobrescobio;Asturias;Asturias;España;21-VII-2017;21/08/2017;F. Fresno;415 m;;hembra;ex. Colección F. Fresno;P. Álvarez;2022
MNCN_Ent 342860;1;Halictidae;Halictinae;Lasioglossum;Hemihalictus;pauperatum;(Brullé, 1832);Soto de Agues (Asturias);Soto de Agues;Sobrescobio;Asturias;Asturias;España;21-VII-2017;21/08/2017;F. Fresno;415 m;;hembra;ex. Colección F. Fresno;P. Álvarez;2022
MNCN_Ent 342861;1;Halictidae;Halictinae;Lasioglossum;Hemihalictus;pauperatum;(Brullé, 1832);Campo de Caso (Asturias);Campo de Caso;Caso;Asturias;Asturias;España;28.07.2017;28/07/2017;F. Fresno;560 m;;hembra;ex. Colección F. Fresno;P. Álvarez;2022
MNCN_Ent 342862;1;Halictidae;Halictinae;Lasioglossum;Hemihalictus;pauperatum;(Brullé, 1832);Aldealengua (SA);Aldealengua;Aldealengua;Salamanca;Castilla y León;España;26-VI-2013;26/06/2013;Gayubo y Fresno;;;hembra;ex. Colección F. Fresno;P. [Piluca] Álvarez;2022
MNCN_Ent 342865;1;Halictidae;Halictinae;Halictus;Tytthalictus;maculatus;Smith, 1848;Pola de Lena (Asturias);Pola de Lena;Lena;Asturias;Asturias;España;27-VII-2011;07/07/2011;F. Fresno;;;macho;ex. Colección F. Fresno;P. Álvarez;2022
MNCN_Ent 342869;1;Halictidae;Halictinae;Halictus;Tytthalictus;maculatus;Smith, 1848;Pola de Lena (Asturias);Pola de Lena;Lena;Asturias;Asturias;España;24.07.2016;24/07/2016;F. Fresno;305 m;;hembra;ex. Colección F. Fresno;P. Álvarez;2022
MNCN_Ent 342870;1;Halictidae;Halictinae;Halictus;Tytthalictus;maculatus;Smith, 1848;Pola de Lena (Asturias);Pola de Lena;Lena;Asturias;Asturias;España;20.08.2016;20/08/2016;F. Fresno;305 m;;macho;ex. Colección F. Fresno;P. Álvarez;2022
MNCN_Ent 342871;1;Halictidae;Halictinae;Halictus;Tytthalictus;maculatus;Smith, 1848;Valle la Peral (Lena, Asturias);Valle la Peral;Lena;Asturias;Asturias;España;11.08.2016;11/08/2016;F. Fresno;913 m;;hembra;ex. Colección F. Fresno;P. Álvarez;2022
MNCN_Ent 342879;1;Andrenidae;Andreninae;Andrena;Melandrena;flavipes;Panzer, 1799;Pola de Lena (Asturias);Pola de Lena;Lena;Asturias;Asturias;España;1-V-2007;01/05/2007;F. Fresno;;;hembra;ex. Colección F. Fresno;P. Álvarez;2022
MNCN_Ent 344914;1;Andrenidae;Panurginae;Panurgus;Panurgus;calcaratus;(Scopoli, 1763);Vega del Ciego (Lena) (Asturias);Vega del Ciego;Lena;Asturias;Asturias;España;16-VII-2022;16/07/2022;F. Fresno;;;macho;;P. [Piluca] Álvarez;2022
MNCN_Ent 344921;1;Andrenidae;Andreninae;Andrena;Trachandrena;haemorrhoa;(Fabricius, 1781);Villarrodrigo de Ordás (León);Villarrodrigo de Ordás;Santa María de Ordás;León;Castilla y León;España;7-V-2022;07/05/2022;Miguel Moya;;;hembra;;P. Álvarez;2022
MNCN_Ent 347342;1;Apidae;Xylocopinae;Ceratina;Ceratina;cucurbitina;(Rossi, 1792);Villarrodrigo de Ordás (León);Villarrodrigo de Ordás;Santa María de Ordás;León;Castilla y León;España;7-V-2022;07/05/2022;Miguel Moya;;;macho;;P. Álvarez;2022
MNCN_Ent 347343;1;Apidae;Xylocopinae;Ceratina;Euceratina;dentiventris;Gerstäcker, 1869;Villarrodrigo de Ordás (León);Villarrodrigo de Ordás;Santa María de Ordás;León;Castilla y León;España;22-VIII-2022;22/08/2022;Miguel Moya;;;hembra;;P. Álvarez;2022
MNCN_Ent 347346;1;Apidae;Xylocopinae;Ceratina;Euceratina;dentiventris;Gerstäcker, 1869;Villarrodrigo de Ordás (León);Villarrodrigo de Ordás;Santa María de Ordás;León;Castilla y León;España;31-VIII-2022;31/08/2022;Miguel Moya;;;macho;;P. Álvarez;2022
MNCN_Ent 347348;1;Colletidae;Hylaeinae;Hylaeus;Prosopis;variegatus;(Fabricius, 1798);Pola de Lena (Asturias);Pola de Lena;Lena;Asturias;Asturias;España;19-VII-2022;19/07/2022;F. Fresno;;;hembra;;P. Álvarez;2022
MNCN_Ent 347349;1;Colletidae;Hylaeinae;Hylaeus;Prosopis;variegatus;(Fabricius, 1798);Pola de Lena (Asturias);Pola de Lena;Lena;Asturias;Asturias;España;19-VII-2022;19/07/2022;F. Fresno;;;hembra;;P. Álvarez;2022
MNCN_Ent 347350;1;Colletidae;Hylaeinae;Hylaeus;Prosopis;variegatus;(Fabricius, 1798);Villarrodrigo de Ordás (León);Villarrodrigo de Ordás;Santa María de Ordás;León;Castilla y León;España;22-VIII-2022;22/08/2022;Miguel Moya;;;hembra;;P. Álvarez;2022
MNCN_Ent 347351;1;Colletidae;Hylaeinae;Hylaeus;Prosopis;variegatus;(Fabricius, 1798);Villarrodrigo de Ordás (León);Villarrodrigo de Ordás;Santa María de Ordás;León;Castilla y León;España;31-VIII-2022;31/08/2022;Miguel Moya;;;hembra;;P. Álvarez;2022
MNCN_Ent 347381;1;Halictidae;Halictinae;Halictus;Hexataenites;scabiosae;(Rossi,1790);Columbiello (Lena) (Asturias);Columbiello;Lena;Asturias;Asturias;España;2-VII-2022;02/07/2022;F. Fresno;;;hembra;;P. Álvarez;2022
MNCN_Ent 347382;1;Halictidae;Halictinae;Halictus;Hexataenites;scabiosae;(Rossi,1790);Oviedo. Parque del Oeste (Asturias);Oviedo, Parque del Oeste;Oviedo;Asturias;Asturias;España;13-VIII-2022;13/08/2022;F. Fresno;;;macho;;P. Álvarez;2022
MNCN_Ent 347383;1;Halictidae;Halictinae;Halictus;Hexataenites;scabiosae;(Rossi,1790);Pola de Lena (Asturias);Pola de Lena;Lena;Asturias;Asturias;España;14-VIII-2022;14/08/2022;F. Fresno;;;macho;;P. Álvarez;2022
MNCN_Ent 347384;1;Halictidae;Halictinae;Halictus;Hexataenites;scabiosae;(Rossi,1790);"La Carrera (Morcín; Asturias)";La Carrera;Morcín;Asturias;Asturias;España;15-VIII-2022;15/08/2022;F. Fresno;;;macho;;P. Álvarez;2022
MNCN_Ent 347385;1;Halictidae;Halictinae;Halictus;Hexataenites;scabiosae;(Rossi,1790);El Cogollo (Morcín) (Asturias);El Cogollo;Morcín;Asturias;Asturias;España;15-VIII-2022;15/08/2022;F. Fresno;;;hembra;;P. Álvarez;2022
MNCN_Ent 347402;1;Halictidae;Halictinae;Halictus;Halictus;quadricinctus;(Fabricius, 1776);Columbiello (Lena) (Asturias);Columbiello;Lena;Asturias;Asturias;España;19-VII-2022;19/07/2022;F. Fresno;;;hembra;;P. Álvarez;2023
MNCN_Ent 347446;1;Halictidae;Halictinae;Lasioglossum;Lasioglossum;zonulus;(Smith, 1848);El Cogollo (Morcín) (Asturias);El Cogollo;Morcín;Asturias;Asturias;España;15-VIII-2022;15/08/2022;F. Fresno;;;macho;;P. Álvarez;2023
MNCN_Ent 347447;1;Halictidae;Halictinae;Lasioglossum;Sphecodogastra;malachurum;(Kirby, 1802);La Isla (Colunga) (Asturias);La Isla;Colunga;Asturias;Asturias;España;8-VIII-2022;08/08/2022;F. Fresno;;;macho;;P. Álvarez;2022
MNCN_Ent 347448;1;Halictidae;Halictinae;Lasioglossum;Sphecodogastra;malachurum;(Kirby, 1802);Pola de Lena (Asturias);Pola de Lena;Lena;Asturias;Asturias;España;14-VIII-2022;14/08/2022;F. Fresno;;;hembra;;P. Álvarez;2022
MNCN_Ent 347449;1;Halictidae;Halictinae;Lasioglossum;Sphecodogastra;malachurum;(Kirby, 1802);Pola de Lena (Asturias);Pola de Lena;Lena;Asturias;Asturias;España;4-IX-2022;04/09/2022;F. Fresno;;;hembra;;P. Álvarez;2022
MNCN_Ent 347450;1;Halictidae;Halictinae;Lasioglossum;Sphecodogastra;malachurum;(Kirby, 1802);Vega del Ciego (Lena) (Asturias);Pola de Lena;Lena;Asturias;Asturias;España;21-VIII-2022;21/08/2022;F. Fresno;;;hembra;;P. Álvarez;2022
MNCN_Ent 347451;1;Halictidae;Halictinae;Lasioglossum;Sphecodogastra;malachurum;(Kirby, 1802);Columbiello (Lena) (Asturias);Pola de Lena;Columbiello;Asturias;Asturias;España;21-VIII-2022;21/08/2022;F. Fresno;;;macho;;P. Álvarez;2022
MNCN_Ent 347452;1;Halictidae;Halictinae;Lasioglossum;Biennilaeus;marginatum;(Brullé, 1832);Villarrodrigo de Ordás (León);Villarrodrigo de Ordás;Santa María de Ordás;León;Castilla y León;España;7-V-2022;07/05/2022;Miguel Moya;;;hembra;;P. Álvarez;2023
MNCN_Ent 347453;1;Halictidae;Halictinae;Seladonia;Pachyceble;tumulorum;(Linnaeus, 1758);Pola de Lena (Asturias);Pola de Lena;Lena;Asturias;Asturias;España;4-IX-2022;04/09/2022;F. Fresno;;;hembra;;P. Álvarez;2022
MNCN_Ent 347454;1;Halictidae;Halictinae;Seladonia;Pachyceble;tumulorum;(Linnaeus, 1758);Pola de Lena (Asturias);Pola de Lena;Lena;Asturias;Asturias;España;4-IX-2022;04/09/2022;F. Fresno;;;hembra;;P. Álvarez;2022
MNCN_Ent 347455;1;Halictidae;Halictinae;Seladonia;Pachyceble;tumulorum;(Linnaeus, 1758);Pola de Lena (Asturias);Pola de Lena;Lena;Asturias;Asturias;España;4-IX-2022;04/09/2022;F. Fresno;;;hembra;;P. Álvarez;2022
MNCN_Ent 347457;1;Halictidae;Halictinae;Lasioglossum;Sphecodogastra;albipes;(Fabricius, 1781);La Isla (Colunga) (Asturias);La Isla;Colunga;Asturias;Asturias;España;8-VIII-2022;08/08/2022;F. Fresno;;;macho;;P. Álvarez;2023
MNCN_Ent 347458;1;Halictidae;Halictinae;Lasioglossum;Sphecodogastra;albipes;(Fabricius, 1781);Pola de Lena (Asturias);Pola de Lena;Lena;Asturias;Asturias;España;14-VIII-2022;14/08/2022;F. Fresno;;;macho;;P. Álvarez;2023
MNCN_Ent 347461;1;Halictidae;Halictinae;Lasioglossum;Sphecodogastra;albipes;(Fabricius, 1781);Pola de Lena (Asturias);Pola de Lena;Lena;Asturias;Asturias;España;19-VIII-2022;19/08/2022;F. Fresno;;;macho;;P. Álvarez;2023
MNCN_Ent 347501;1;Halictidae;Halictinae;Seladonia;Seladonia;subaurata;(Rossi, 1792);Vega del Ciego (Lena) (Asturias);Vega del Ciego;Lena;Asturias;Asturias;España;16-VII-2022;16/07/2022;F. Fresno;;;hembra;;P. Álvarez;2022
MNCN_Ent 347502;1;Halictidae;Halictinae;Seladonia;Seladonia;subaurata;(Rossi, 1792);Vega del Ciego (Lena) (Asturias);Vega del Ciego;Lena;Asturias;Asturias;España;16-VII-2022;16/07/2022;F. Fresno;;;hembra;;P. Álvarez;2022
MNCN_Ent 347503;1;Halictidae;Halictinae;Seladonia;Seladonia;subaurata;(Rossi, 1792);Pola de Lena (Asturias);Pola de Lena;Lena;Asturias;Asturias;España;19-VII-2022;19/07/2022;F. Fresno;;;hembra;;P. Álvarez;2022
MNCN_Ent 347510;1;Halictidae;Halictinae;Seladonia;Seladonia;subaurata;(Rossi, 1792);Villarrodrigo de Ordás (León);Villarrodrigo de Ordás;Santa María de Ordás;León;Castilla y León;España;5-VIII-2022;05/08/2022;Miguel Moya;;;hembra;;P. Álvarez;2022
MNCN_Ent 347511;1;Halictidae;Halictinae;Seladonia;Seladonia;subaurata;(Rossi, 1792);Villarrodrigo de Ordás (León);Villarrodrigo de Ordás;Santa María de Ordás;León;Castilla y León;España;5-VIII-2022;05/08/2022;Miguel Moya;;;hembra;;P. Álvarez;2022
MNCN_Ent 347517;1;Halictidae;Halictinae;Lasioglossum;Hemihalictus;villosulum;(Kirby, 1802);Columbiello (Lena) (Asturias);Columbiello;Lena;Asturias;Asturias;España;2-VIII-2022;02/08/2022;F. Fresno;;;macho;;P. Álvarez;2022
MNCN_Ent 347518;1;Megachilidae;Megachilinae;Anthidium;Anthidium;septemspinosum;Lepeletier, 1841;Pola de Lena (Asturias);Pola de Lena;Lena;Asturias;Asturias;España;12-VII-2022;12/07/2022;F. Fresno;;;macho;;P. Álvarez;2022
MNCN_Ent 347521;1;Megachilidae;Megachilinae;Osmia;Hoplosmia;spinulosa;(Kirby, 1802);Vega del Ciego (Lena) (Asturias);Vega del Ciego;Lena;Asturias;Asturias;España;16-VII-2022;16/07/2022;F. Fresno;;;macho;;P. Álvarez;2022
MNCN_Ent 347523;1;Megachilidae;Megachilinae;Chelostoma;Chelostoma;florisomne;(Linnaeus, 1758);Villarrodrigo de Ordás (León);Villarrodrigo de Ordás;Santa María de Ordás;León;Castilla y León;España;7-V-2022;07/05/2022;Miguel Moya;;;macho;;P. Álvarez;2023
MNCN_Ent 347524;1;Megachilidae;Megachilinae;Chelostoma;Chelostoma;florisomne;(Linnaeus, 1758);Villarrodrigo de Ordás (León);Villarrodrigo de Ordás;Santa María de Ordás;León;Castilla y León;España;7-V-2022;07/05/2022;Miguel Moya;;;macho;;P. Álvarez;2023
MNCN_Ent 348851;1;Megachilidae;Megachilinae;Dioxys;;cinctus;(Jurine, 1807);Montarco;Rivas-Vaciamadrid;Rivas-Vaciamadrid;Madrid;Madrid;España;25-5-902;25/05/1902;G. Mercet;;;hembra;Colección Gª Mercet;P. Álvarez;2023
MNCN_Ent 348855;1;Megachilidae;Megachilinae;Dioxys;;cinctus;(Jurine, 1807);Córdoba;Córdoba;Córdoba;Córdoba;Andalucía;España;12-5-41;12/05/1941;Dusmet;;;hembra;Colección Dusmet;P. Álvarez;2023
MNCN_Ent 348857;1;Megachilidae;Megachilinae;Dioxys;;cinctus;(Jurine, 1807);España/Camin Albufera, Mahon;España;España;Islas Baleares;Islas Baleares;España;20-4-[19]19;20/04/1919;Vidal y Lopez;;;macho;Colección Dusmet;P. Álvarez;2023
MNCN_Ent 348860;1;Megachilidae;Megachilinae;Dioxys;;cinctus;(Jurine, 1807);Madrid;Madrid;Madrid;Madrid;Madrid;España;6-6-9;06/06/1909;G. Mercet;;;hembra;;P. Álvarez;2023
MNCN_Ent 348861;1;Megachilidae;Megachilinae;Icteranthidium;;ferrugineum;(Fabricius, 1787);Titulcia (Madrid);Titulcia;Titulcia;Madrid;Madrid;España;28-IX-2009;28/09/2009;F. Fresno;;;hembra;ex. Colección F. Fresno;P. Álvarez;2022
MNCN_Ent 348862;1;Megachilidae;Megachilinae;Icteranthidium;;ferrugineum;(Fabricius, 1787);Titulcia (Madrid);Titulcia;Titulcia;Madrid;Madrid;España;2-X-2010;02/10/2010;F. Fresno;;;hembra;ex. Colección F. Fresno;P. Álvarez;2022
MNCN_Ent 348863;1;Megachilidae;Megachilinae;Icteranthidium;;ferrugineum;(Fabricius, 1787);Salinas (Alicante);Salinas;Salinas;Alicante;Comunidad Valenciana;España;14-VII-1983;14/07/1983;F. Fresno;;;macho;ex. Colección F. Fresno;P. Álvarez;2022
MNCN_Ent 348864;1;Megachilidae;Megachilinae;Icteranthidium;;ferrugineum;(Fabricius, 1787);Aldea del Fresno (M);Aldea del Fresno;Aldea del Fresno;Madrid;Madrid;España;10-VI-2009;10/06/2009;F. Fresno;;;macho;ex. Colección F. Fresno;P. Álvarez;2022
MNCN_Ent 348865;1;Megachilidae;Megachilinae;Icteranthidium;;ferrugineum;(Fabricius, 1787);Aldea del Fresno (M);Aldea del Fresno;Aldea del Fresno;Madrid;Madrid;España;10-VI-2009;10/06/2009;F. Fresno;;;hembra;ex. Colección F. Fresno;P. Álvarez;2022
MNCN_Ent 348866;1;Megachilidae;Megachilinae;Icteranthidium;;ferrugineum;(Fabricius, 1787);Fuengirola (Málaga);Fuengirola;Fuengirola;Málaga;Andalucía;España;22.VIII.1990;22/08/1990;F. Fresno;;;macho;ex. Colección F. Fresno;P. Álvarez;2022
MNCN_Ent 348867;1;Megachilidae;Megachilinae;Icteranthidium;;ferrugineum;(Fabricius, 1787);Fuengirola (Málaga);Fuengirola;Fuengirola;Málaga;Andalucía;España;9-VIII-1997;09/08/1997;F. Fresno;;;hembra;ex. Colección F. Fresno;P. Álvarez;2022
MNCN_Ent 348868;1;Megachilidae;Megachilinae;Icteranthidium;;ferrugineum;(Fabricius, 1787);Fuengirola (Málaga);Fuengirola;Fuengirola;Málaga;Andalucía;España;20-VIII-2000;20/08/2000;F. Fresno;;;hembra;ex. Colección F. Fresno;P. Álvarez;2022
MNCN_Ent 348869;1;Megachilidae;Megachilinae;Icteranthidium;;ferrugineum;(Fabricius, 1787);Fuengirola (Málaga);Fuengirola;Fuengirola;Málaga;Andalucía;España;28.VIII.1990;28/08/1990;F. Fresno;;;hembra;ex. Colección F. Fresno;P. Álvarez;2022
MNCN_Ent 348870;1;Megachilidae;Megachilinae;Icteranthidium;;ferrugineum;(Fabricius, 1787);Fuengirola (Málaga);Fuengirola;Fuengirola;Málaga;Andalucía;España;31.VIII.1990;31/08/1990;F. Fresno;;;hembra;ex. Colección F. Fresno;P. Álvarez;2022
MNCN_Ent 348871;1;Megachilidae;Megachilinae;Icteranthidium;;ferrugineum;(Fabricius, 1787);Fuengirola (Málaga);Fuengirola;Fuengirola;Málaga;Andalucía;España;13-IX-1990;13/09/1990;F. Fresno;;;hembra;ex. Colección F. Fresno;P. Álvarez;2022
MNCN_Ent 348872;1;Megachilidae;Megachilinae;Icteranthidium;;ferrugineum;(Fabricius, 1787);Valderacete (Madrid);Valderacete;Valderacete;Madrid;Madrid;España;12-VII-2008;12/07/2008;F. Fresno;;;hembra;ex. Colección F. Fresno;P. Álvarez;2022
MNCN_Ent 348873;1;Megachilidae;Megachilinae;Icteranthidium;;ferrugineum;(Fabricius, 1787);Tielmes (Madrid);Tielmes;Tielmes;Madrid;Madrid;España;2-VII-2009;02/07/2009;F. Fresno;;;hembra;ex. Colección F. Fresno;P. Álvarez;2022
MNCN_Ent 348874;1;Megachilidae;Megachilinae;Icteranthidium;;ferrugineum;(Fabricius, 1787);Ibi (Alicante);Ibi;Ibi;Alicante;Comunidad Valenciana;España;2-VII-2009;02/07/2009;F. Fresno;;;hembra;ex. Colección F. Fresno;P. Álvarez;2022
MNCN_Ent 348875;1;Andrenidae;Andreninae;Andrena;Biareolina;lagopus;Latreille, 1809;Barcelona, Moncada;Barcelona;Barcelona;Barcelona;Cataluña;España;27.II.[18]98;27/02/1898;sin datos;;;macho;;P. Álvarez;2022
MNCN_Ent 348876;1;Andrenidae;Andreninae;Andrena;Biareolina;lagopus;Latreille, 1809;Barcelona, Vallvidrera;Barcelona;Barcelona;Barcelona;Cataluña;España;4.IV.[18]98;04/04/1898;sin datos;;;macho;;P. Álvarez;2022
MNCN_Ent 348877;1;Andrenidae;Andreninae;Andrena;Biareolina;lagopus;Latreille, 1809;Barcelona, Vallvidrera;Barcelona;Barcelona;Barcelona;Cataluña;España;4.IV.[18]98;04/04/1898;sin datos;;;macho;;P. Álvarez;2022
MNCN_Ent 348925;1;Melittidae;Dasypodainae;Dasypoda;Dasypoda;dusmeti;Quilis, 1928;Aranjuez;Aranjuez;Aranjuez;Madrid;Madrid;España;17-VI-06;17/06/1906;sin datos [Cabrera?];;;macho;Colección Cabrera;P. Álvarez;2023
MNCN_Ent 351935;1;Halictidae;Halictinae;Lasioglossum;Dialictus;morio;(Fabricius, 1793);Soto de Agues (Asturias);Soto de Agues;Sobrescobio;Asturias;Asturias;España;21-VII-2017;21/07/2017;F. Fresno;415 m;;hembra;ex. Colección F. Fresno;P. Álvarez;2022
MNCN_Ent 351936;1;Halictidae;Halictinae;Lasioglossum;Dialictus;morio;(Fabricius, 1793);Soto de Agues (Asturias);Soto de Agues;Sobrescobio;Asturias;Asturias;España;3-VIII-2017;03/08/2017;F. Fresno;415 m;;macho;ex. Colección F. Fresno;P. Álvarez;2022
MNCN_Ent 351937;1;Halictidae;Halictinae;Lasioglossum;Dialictus;morio;(Fabricius, 1793);Telledo (Lena) (Asturias);Telledo;Lena;Asturias;Asturias;España;12.VIII.2006;12/08/2006;F. Fresno;;;macho;ex. Colección F. Fresno;P. Álvarez;2022
MNCN_Ent 351938;1;Halictidae;Halictinae;Lasioglossum;Dialictus;morio;(Fabricius, 1793);Maramuñiz (Lena, Asturias);Maramuñiz;Lena;Asturias;Asturias;España;18.VII.2017;18/07/2017;F. Fresno;;;macho;ex. Colección F. Fresno;P. Álvarez;2022
MNCN_Ent 351939;1;Halictidae;Halictinae;Lasioglossum;Dialictus;morio;(Fabricius, 1793);Colunga (Asturias);Colunga;Colunga;Asturias;Asturias;España;17.VIII.2007;17/08/2007;F. Fresno;;;hembra;ex. Colección F. Fresno;P. Álvarez;2022
MNCN_Ent 351940;1;Halictidae;Halictinae;Lasioglossum;Dialictus;morio;(Fabricius, 1793);Colunga (Asturias);Colunga;Colunga;Asturias;Asturias;España;26.VIII.2008;26/08/2008;F. Fresno;;;hembra;ex. Colección F. Fresno;P. Álvarez;2022
MNCN_Ent 351941;1;Halictidae;Halictinae;Lasioglossum;Dialictus;morio;(Fabricius, 1793);Colunga (Asturias);Colunga;Colunga;Asturias;Asturias;España;26.VIII.2008;26/08/2008;F. Fresno;;;macho;ex. Colección F. Fresno;P. Álvarez;2022
MNCN_Ent 351942;1;Halictidae;Halictinae;Lasioglossum;Dialictus;morio;(Fabricius, 1793);Colunga (Asturias);Colunga;Colunga;Asturias;Asturias;España;26.VIII.2008;26/08/2008;F. Fresno;;;macho;ex. Colección F. Fresno;P. Álvarez;2022
MNCN_Ent 351943;1;Halictidae;Halictinae;Lasioglossum;Dialictus;morio;(Fabricius, 1793);Colunga (Asturias);Colunga;Colunga;Asturias;Asturias;España;9.VIII.2008;09/08/2008;F. Fresno;;;macho;ex. Colección F. Fresno;P. Álvarez;2022
MNCN_Ent 351944;1;Halictidae;Halictinae;Lasioglossum;Dialictus;morio;(Fabricius, 1793);La Isla (Asturias);La Isla;Colunga;Asturias;Asturias;España;31-VII-2009;31/07/2009;F. Fresno;;;macho;ex. Colección F. Fresno;P. Álvarez;2022
MNCN_Ent 351945;1;Halictidae;Halictinae;Lasioglossum;Dialictus;morio;(Fabricius, 1793);La Isla (Asturias);La Isla;Colunga;Asturias;Asturias;España;21.VIII.2010;21/08/2010;F. Fresno;;;macho;ex. Colección F. Fresno;P. Álvarez;2022
MNCN_Ent 351946;1;Halictidae;Halictinae;Lasioglossum;Dialictus;morio;(Fabricius, 1793);La Isla (Asturias);La Isla;Colunga;Asturias;Asturias;España;14-IX-2011;14/09/2011;F. Fresno;;;macho;ex. Colección F. Fresno;P. Álvarez;2022
MNCN_Ent 351947;1;Halictidae;Halictinae;Lasioglossum;Dialictus;morio;(Fabricius, 1793);La Isla (Asturias);La Isla;Colunga;Asturias;Asturias;España;4-VIII-2009;04/08/2009;F. Fresno;;;hembra;ex. Colección F. Fresno;P. Álvarez;2022
MNCN_Ent 351948;1;Halictidae;Halictinae;Lasioglossum;Dialictus;morio;(Fabricius, 1793);La Isla (Asturias);La Isla;Colunga;Asturias;Asturias;España;7-VIII-2011;07/08/2011;F. Fresno;;;macho;ex. Colección F. Fresno;P. Álvarez;2022
MNCN_Ent 351949;1;Halictidae;Halictinae;Lasioglossum;Dialictus;morio;(Fabricius, 1793);La Isla (Asturias);La Isla;Colunga;Asturias;Asturias;España;17.VIII.2010;17/08/2010;F. Fresno;;;hembra;ex. Colección F. Fresno;P. Álvarez;2022
MNCN_Ent 351952;1;Halictidae;Halictinae;Lasioglossum;Dialictus;morio;(Fabricius, 1793);Pola de Lena (Asturias);Pola de Lena;Lena;Asturias;Asturias;España;13-X-2006;13/10/2006;F. Fresno;;;macho;ex. Colección F. Fresno;P. Álvarez;2022
MNCN_Ent 351953;1;Halictidae;Halictinae;Lasioglossum;Dialictus;morio;(Fabricius, 1793);Pola de Lena (Asturias);Pola de Lena;Lena;Asturias;Asturias;España;13-X-2006;13/10/2006;F. Fresno;;;macho;ex. Colección F. Fresno;P. Álvarez;2022
MNCN_Ent 351954;1;Halictidae;Halictinae;Lasioglossum;Dialictus;morio;(Fabricius, 1793);Pola de Lena (Asturias);Pola de Lena;Lena;Asturias;Asturias;España;27-VII-2011;27/07/2011;F. Fresno;;;macho;ex. Colección F. Fresno;P. Álvarez;2022
MNCN_Ent 351955;1;Halictidae;Halictinae;Lasioglossum;Dialictus;morio;(Fabricius, 1793);Pola de Lena (Asturias);Pola de Lena;Lena;Asturias;Asturias;España;27-VII-2011;27/07/2011;F. Fresno;;;hembra;ex. Colección F. Fresno;P. Álvarez;2022
MNCN_Ent 351956;1;Halictidae;Halictinae;Lasioglossum;Dialictus;morio;(Fabricius, 1793);Pola de Lena (Asturias);Pola de Lena;Lena;Asturias;Asturias;España;27-VII-2011;27/07/2011;F. Fresno;;;hembra;ex. Colección F. Fresno;P. Álvarez;2022
MNCN_Ent 351957;1;Halictidae;Halictinae;Lasioglossum;Dialictus;morio;(Fabricius, 1793);Pola de Lena (Asturias);Pola de Lena;Lena;Asturias;Asturias;España;26-III-2010;26/03/2010;F. Fresno;;;hembra;ex. Colección F. Fresno;P. Álvarez;2022
MNCN_Ent 351958;1;Halictidae;Halictinae;Lasioglossum;Dialictus;morio;(Fabricius, 1793);Pola de Lena (Asturias);Pola de Lena;Lena;Asturias;Asturias;España;26-III-2010;26/03/2010;F. Fresno;;;hembra;ex. Colección F. Fresno;P. Álvarez;2022
MNCN_Ent 351959;1;Halictidae;Halictinae;Lasioglossum;Dialictus;morio;(Fabricius, 1793);Pola de Lena (Asturias);Pola de Lena;Lena;Asturias;Asturias;España;26-III-2010;26/03/2010;F. Fresno;;;hembra;ex. Colección F. Fresno;P. Álvarez;2022
MNCN_Ent 351960;1;Halictidae;Halictinae;Lasioglossum;Dialictus;morio;(Fabricius, 1793);Pola de Lena (Asturias);Pola de Lena;Lena;Asturias;Asturias;España;16.04.2017;10/04/2017;F. Fresno;305 m;;hembra;ex. Colección F. Fresno;P. Álvarez;2022
MNCN_Ent 351961;1;Halictidae;Halictinae;Lasioglossum;Dialictus;morio;(Fabricius, 1793);Pola de Lena (Asturias);Pola de Lena;Lena;Asturias;Asturias;España;16.04.2017;10/04/2017;F. Fresno;305 m;;hembra;ex. Colección F. Fresno;P. Álvarez;2022
MNCN_Ent 351983;1;Halictidae;Halictinae;Lasioglossum;Dialictus;morio;(Fabricius, 1793);Campo de Caso (Asturias);Campo de Caso;Caso;Asturias;Asturias;España;28.07.2017;28/07/2017;F. Fresno;560 m;;hembra;ex. Colección F. Fresno;P. Álvarez;2022
MNCN_Ent 355287;1;Apidae;Xylocopinae;Ceratina;Ceratina;cucurbitina;(Rossi, 1792);Córdoba;Córdoba;Córdoba;Córdoba;Andalucía;España;31-III-42;31/03/1942;Andréu;;;macho;;P. Álvarez;2022
MNCN_Ent 356771;1;Melittidae;Dasypodainae;Dasypoda;Microdasypoda;crassicornis;Friese, 1896;Tres Cantos (Madrid);Tres Cantos;Tres Cantos;Madrid;Madrid;España;21-IV-2023;21/04/2023;F. Fresno;;;hembra;;P. Álvarez;2023
MNCN_Ent 356780;1;Andrenidae;Andreninae;Andrena;Chlorandrena;cinerea;Brullé, 1832;Tres Cantos (Madrid);Tres Cantos;Tres Cantos;Madrid;Madrid;España;21-IV-2023;21/04/2023;F. Fresno;;;macho;;P. Álvarez;2023
MNCN_Ent 356781;1;Andrenidae;Andreninae;Andrena;Chlorandrena;rhenana;Stöckhert, 1930;Tres Cantos (Madrid);Tres Cantos;Tres Cantos;Madrid;Madrid;España;21.IV.2022;21/04/2023;F. Fresno;;;hembra;;P. Álvarez;2023
MNCN_Ent 356782;1;Apidae;Apinae;Eucera;Eucera;elongatula;Vachal, 1907;Tres Cantos (Madrid);Tres Cantos;Tres Cantos;Madrid;Madrid;España;21-IV-2023;21/04/2023;F. Fresno;;;macho;;P. Álvarez;2023
MNCN_Ent 356783;1;Halictidae;Rhophitinae;Dufourea;Dufourea;trautmanni;Dusmet, 1935;Tres Cantos (Madrid);Tres Cantos;Tres Cantos;Madrid;Madrid;España;21-IV-2023;21/04/2023;F. Fresno;;;macho;;P. Álvarez;2023
MNCN_Ent 356784;1;Halictidae;Halictinae;Lasioglossum;Biennilaeus;marginatum;(Brullé, 1832);Tres Cantos (Madrid);Tres Cantos;Tres Cantos;Madrid;Madrid;España;21-IV-2023;21/04/2023;F. Fresno;;;hembra;;P. Álvarez;2023
MNCN_Ent 356785;1;Halictidae;Halictinae;Lasioglossum;Biennilaeus;marginatum;(Brullé, 1832);Tres Cantos (Madrid);Tres Cantos;Tres Cantos;Madrid;Madrid;España;21-IV-2023;21/04/2023;F. Fresno;;;hembra;;P. Álvarez;2023
MNCN_Ent 356786;1;Halictidae;Halictinae;Lasioglossum;Biennilaeus;marginatum;(Brullé, 1832);Tres Cantos (Madrid);Tres Cantos;Tres Cantos;Madrid;Madrid;España;21-IV-2023;21/04/2023;F. Fresno;;;hembra;;P. Álvarez;2023
MNCN_Ent 356787;1;Halictidae;Halictinae;Lasioglossum;Sphecodogastra;algericolellum;(Strand, 1909);Tres Cantos (Madrid);Tres Cantos;Tres Cantos;Madrid;Madrid;España;21-IV-2023;21/04/2023;F. Fresno;;;hembra;;P. Álvarez;2023
MNCN_Ent 356788;1;Megachilidae;Megachilinae;Hoplitis;Anthocopa;albiscopa;(Friese, 1899);Tres Cantos (Madrid);Tres Cantos;Tres Cantos;Madrid;Madrid;España;21-IV-2023;21/04/2023;F. Fresno;;;hembra;;P. Álvarez;2023
MNCN_Ent 356789;1;Megachilidae;Megachilinae;Hoplitis;Anthocopa;albiscopa;(Friese, 1899);Tres Cantos (Madrid);Tres Cantos;Tres Cantos;Madrid;Madrid;España;21-IV-2023;21/04/2023;F. Fresno;;;hembra;;P. Álvarez;2023
MNCN_Ent 356790;1;Megachilidae;Megachilinae;Hoplitis;Anthocopa;albiscopa;(Friese, 1899);Tres Cantos (Madrid);Tres Cantos;Tres Cantos;Madrid;Madrid;España;21-IV-2023;21/04/2023;F. Fresno;;;hembra;;P. Álvarez;2023
MNCN_Ent 356892;1;Andrenidae;Panurginae;Panurgus;Panurgus;calcaratus;(Scopoli, 1763);Pola de Lena (Asturias);Pola de Lena;Lena;Asturias;Asturias;España;20.08.2016;20/08/2016;F. Fresno;305 m;;hembra;ex. Colección F. Fresno;P. Álvarez;2022
MNCN_Ent 356893;1;Andrenidae;Panurginae;Panurgus;Panurgus;calcaratus;(Scopoli, 1763);Pola de Lena (Asturias);Pola de Lena;Lena;Asturias;Asturias;España;20.08.2016;20/08/2016;F. Fresno;305 m;;hembra;ex. Colección F. Fresno;P. Álvarez;2022
MNCN_Ent 356894;1;Andrenidae;Panurginae;Panurgus;Panurgus;calcaratus;(Scopoli, 1763);Pola de Lena (Asturias);Pola de Lena;Lena;Asturias;Asturias;España;20.08.2016;20/08/2016;F. Fresno;305 m;;hembra;ex. Colección F. Fresno;P. Álvarez;2022
MNCN_Ent 356895;1;Andrenidae;Panurginae;Panurgus;Panurgus;calcaratus;(Scopoli, 1763);Valle La Peral (Lena, Asturias);Valle La Peral;Lena;Asturias;Asturias;España;23.08.2016;23/08/2016;F. Fresno;913 m;;hembra;ex. Colección F. Fresno;P. Álvarez;2022
MNCN_Ent 356896;1;Andrenidae;Panurginae;Panurgus;Panurgus;calcaratus;(Scopoli, 1763);Campo de Caso (Asturias);Campo de Caso;Caso;Asturias;Asturias;España;28.07.2017;28/07/2017;F. Fresno;560 m;;macho;ex. Colección F. Fresno;P. Álvarez;2022
MNCN_Ent 356900;1;Halictidae;Halictinae;Lasioglossum;Hemihalictus;villosulum;(Kirby, 1802);Vega del Rey (Lena, Asturias);Vega del Rey;Lena;Asturias;Asturias;España;24.08.2016;24/08/2016;F. Fresno;;;macho;ex. Colección F. Fresno;P. Álvarez;2022
MNCN_Ent 356901;1;Halictidae;Halictinae;Lasioglossum;Hemihalictus;pauperatum;(Brullé, 1832);Pola de Lena (Asturias);Pola de Lena;Lena;Asturias;Asturias;España;28-VIII-2017;28/08/2017;F. Fresno;;;macho;ex. Colección F. Fresno;P. Álvarez;2022
MNCN_Ent 356902;1;Halictidae;Halictinae;Lasioglossum;Hemihalictus;pauperatum;(Brullé, 1832);Vega del Rey (Lena, Asturias);Vega del Rey;Lena;Asturias;Asturias;España;16.08.2017;16/08/2017;F. Fresno;;;macho;ex. Colección F. Fresno;P. Álvarez;2022
MNCN_Ent 356903;1;Halictidae;Halictinae;Lasioglossum;Dialictus;morio;(Fabricius, 1793);Pola de Lena (Asturias);Pola de Lena;Lena;Asturias;Asturias;España;10-X-2003;10/10/2003;F. Fresno;;;macho;ex. Colección F. Fresno;P. Álvarez;2022
MNCN_Ent 356904;1;Halictidae;Halictinae;Lasioglossum;Dialictus;morio;(Fabricius, 1793);Pola de Lena (Asturias);Pola de Lena;Lena;Asturias;Asturias;España;27-IX-1972;27/09/1972;F. Fresno;;;macho;ex. Colección F. Fresno;P. Álvarez;2022
MNCN_Ent 356905;1;Halictidae;Halictinae;Lasioglossum;Dialictus;morio;(Fabricius, 1793);La Isla (Asturias);La Isla;Colunga;Asturias;Asturias;España;24-VII-2010;24/07/2010;F. Fresno;;;macho;ex. Colección F. Fresno;P. Álvarez;2022
MNCN_Ent 356978;1;Halictidae;Halictinae;Lasioglossum;Lasioglossum;sexnotatum;(Kirby, 1802);Pola de Lena (Asturias);Pola de Lena;Lena;Asturias;Asturias;España;9.VIII.2007;09/08/2007;F. Fresno;;;macho;ex. Colección F. Fresno;P. Álvarez;2022
MNCN_Ent 356979;1;Halictidae;Halictinae;Lasioglossum;Lasioglossum;sexnotatum;(Kirby, 1802);Pola de Lena (Asturias);Pola de Lena;Lena;Asturias;Asturias;España;20-V-2009;20/05/2009;F. Fresno;;;hembra;ex. Colección F. Fresno;P. Álvarez;2022
MNCN_Ent 356980;1;Halictidae;Halictinae;Lasioglossum;Lasioglossum;sexnotatum;(Kirby, 1802);La Isla (Asturias);La Isla;Colunga;Asturias;Asturias;España;17-VIII-2013;17/08/2013;F. Fresno;;;macho;ex. Colección F. Fresno;P. Álvarez;2022
MNCN_Ent 359196;1;Halictidae;Halictinae;Seladonia;Pachyceble;tumulorum;(Linnaeus, 1758);La isla (Asturias);La isla;Colunga;Asturias;Asturias;España;14-IX-2011;14/09/2011;F. Fresno;420 m;;hembra;ex. Colección F. Fresno;P. Álvarez;2022
MNCN_Ent 359197;1;Halictidae;Halictinae;Seladonia;Seladonia;subaurata;(Rossi, 1792);Sena de Luna (León);Sena de Luna;Sena;León;Castilla y León;España;16-VIII-2012;16/08/2012;F. Fresno;;;macho;ex. Colección F. Fresno;P. Álvarez;2022
MNCN_Ent 359198;1;Halictidae;Halictinae;Halictus;Tytthalictus;maculatus;Smith, 1848;Sena de Luna (León);Sena de Luna;Sena;León;Castilla y León;España;3-VIII-2011;03/08/2011;F. Fresno;;;macho;ex. Colección F. Fresno;P. Álvarez;2022
MNCN_Ent 359199;1;Halictidae;Halictinae;Halictus;Tytthalictus;maculatus;Smith, 1848;Sena de Luna (León);Sena de Luna;Sena;León;Castilla y León;España;28-VIII-2011;28/08/2011;F. Fresno;;;macho;ex. Colección F. Fresno;P. Álvarez;2022
MNCN_Ent 359200;1;Halictidae;Halictinae;Halictus;Monilapis;crenicornis;Blüthgen, 1923;Maderuelo (Segovia);Maderuelo;Maderuelo;Segovia;Castilla y León;España;11-VII-2011;11/08/2011;F. Fresno;;;macho;ex. Colección F. Fresno;P. Álvarez;2022
MNCN_Ent 359201;1;Halictidae;Halictinae;Halictus;Monilapis;crenicornis;Blüthgen, 1923;Maderuelo (Segovia);Maderuelo;Maderuelo;Segovia;Castilla y León;España;18-VII-2011;18/07/2011;F. Fresno;;;macho;ex. Colección F. Fresno;P. Álvarez;2022
MNCN_Ent 359202;1;Halictidae;Halictinae;Halictus;Protohalictus;rubicundus;(Christ, 1791);Rodiezmo (León);Rodiezmo de la Tercia;Villamanín;León;Castilla y León;España;6-IX-2011;06/09/2011;F. Fresno;;;macho;ex. Colección F. Fresno;P. Álvarez;2022
MNCN_Ent 359203;1;Halictidae;Halictinae;Halictus;Protohalictus;rubicundus;(Christ, 1791);Villasecino (León);Villasecino;San Emiliano;León;Castilla y León;España;25-VIII-2014;25/08/2014;F. Fresno;;;macho;ex. Colección F. Fresno;P. Álvarez;2022
MNCN_Ent 359204;1;Halictidae;Halictinae;Lasioglossum;Hemihalictus;minutissimum;(Kirby, 1802);Sena de Luna (León);Sena de Luna;Sena;León;Castilla y León;España;3-IX-2010;03/09/2010;F. Fresno;;;hembra;ex. Colección F. Fresno;P. Álvarez;2022
MNCN_Ent 359205;1;Halictidae;Halictinae;Lasioglossum;Hemihalictus;brevicorne;(Schenck, 1869);Vega del Rey (Lena, Asturias);Vega del Rey;Vega;Asturias;Asturias;España;5.08.2016;05/08/2016;F. Fresno;;;hembra;ex. Colección F. Fresno;P. Álvarez;2022
MNCN_Ent 359208;1;Halictidae;Halictinae;Lasioglossum;Hemihalictus;minutissimum;(Kirby, 1802);Barcial del Barco (ZA);Barcial del Barco;Barcial del Barco;Zamora;Castilla y León;España;22-VII-2010;22/07/2010;F. Fresno;;;macho;ex. Colección F. Fresno;P. Álvarez;2022
MNCN_Ent 359209;1;Halictidae;Halictinae;Lasioglossum;Pyghalictus;politum;(Schenck, 1853);Barcial del Barco (ZA);Barcial del Barco;Barcial del Barco;Zamora;Castilla y León;España;22-VII-2010;22/07/2010;F. Fresno;;;hembra;ex. Colección F. Fresno;P. Álvarez;2022
MNCN_Ent 359210;1;Halictidae;Halictinae;Lasioglossum;Sphecodogastra;malachurum;(Kirby, 1802);La Isla (Asturias);La Isla;Colunga;Asturias;Asturias;España;17-VIII-2013;17/08/2013;F. Fresno;;;hembra;ex. Colección F. Fresno;P. Álvarez;2022
MNCN_Ent 360902;1;Andrenidae;Andreninae;Andrena;Melandrena;flavipes;Panzer, 1799;Romanones (Guadalajara) Junto al río Tajuña;Romanones;Romanones;Guadalajara;Castilla-La Mancha;España;25-V-2022;25/05/2022;F. Fresno;;;macho;;P. Álvarez;2022
MNCN_Ent 360903;1;Andrenidae;Andreninae;Andrena;Melandrena;flavipes;Panzer, 1799;Romanones (Guadalajara) Junto al río Tajuña;Romanones;Romanones;Guadalajara;Castilla-La Mancha;España;25-V-2022;25/05/2022;F. Fresno;;;macho;;P. Álvarez;2022
MNCN_Ent 360904;1;Andrenidae;Andreninae;Andrena;Melandrena;flavipes;Panzer, 1799;Romanones (Guadalajara) Junto al río Tajuña;Romanones;Romanones;Guadalajara;Castilla-La Mancha;España;25-V-2022;25/05/2022;F. Fresno;;;macho;;P. Álvarez;2022
MNCN_Ent 360905;1;Andrenidae;Andreninae;Andrena;Melandrena;flavipes;Panzer, 1799;Romanones (Guadalajara) Junto al río Tajuña;Romanones;Romanones;Guadalajara;Castilla-La Mancha;España;25-V-2022;25/05/2022;F. Fresno;;;macho;;P. Álvarez;2022
MNCN_Ent 360915;1;Andrenidae;Panurginae;Panurgus;Panurgus;calcaratus;(Scopoli, 1763);Columbiello (Lena) (Asturias);Columbiello;Lena;Asturias;Asturias;España;14-VIII-2019;14/08/2019;F. Fresno;;;hembra;;P. Álvarez;2023
MNCN_Ent 360927;1;Andrenidae;Panurginae;Panurgus;Panurgus;calcaratus;(Scopoli, 1763);Columbiello (Lena) (Asturias);Columbiello;Lena;Asturias;Asturias;España;3-IX-2019;03/09/2019;F. Fresno;;;macho;;P. Álvarez;2023
MNCN_Ent 360954;1;Megachilidae;Megachilinae;Stelis;Stelis;odontopyga;Noskiewicz, 1926;Vega del Rey (Lena, Asturias);Vega del Rey;Lena;Asturias;Asturias;España;1-VIII-2019;01/08/2019;F. Fresno;;;macho;;P. Álvarez;2023
MNCN_Ent 360955;1;Megachilidae;Megachilinae;Stelis;Stelis;odontopyga;Noskiewicz, 1926;Vega del Rey (Lena, Asturias);Vega del Rey;Lena;Asturias;Asturias;España;1-VIII-2019;01/08/2019;F. Fresno;;;macho;;P. Álvarez;2023
MNCN_Ent 360956;1;Megachilidae;Megachilinae;Stelis;Stelis;odontopyga;Noskiewicz, 1926;Vega del Rey (Lena, Asturias);Vega del Rey;Lena;Asturias;Asturias;España;1-VIII-2019;01/08/2019;F. Fresno;;;macho;;P. Álvarez;2023
MNCN_Ent 360957;1;Megachilidae;Megachilinae;Chelostoma;Foveosmia;campanularum;(Kirby, 1802);Columbiello (Lena) (Asturias);Columbiello;Lena;Asturias;Asturias;España;14-VIII-2019;14/08/2019;F. Fresno;;;hembra;;P. Álvarez;2023
MNCN_Ent 360965;1;Halictidae;Halictinae;Halictus;Monilapis;crenicornis;Blüthgen, 1923;Vega del Rey (Lena) (Asturias);Vega del Rey;Lena;Asturias;Asturias;España;3-IX-2019;03/09/2019;F. Fresno;;;macho;;P. Álvarez;2022
MNCN_Ent 360975;1;Halictidae;Halictinae;Seladonia;Pachyceble;tumulorum;(Linnaeus, 1758);Columbiello (Lena) (Asturias);Columbiello;Lena;Asturias;Asturias;España;14-VIII-2019;14/08/2019;F. Fresno;;;hembra;;P. Álvarez;2022
MNCN_Ent 361011;1;Halictidae;Halictinae;Sphecodes;;gibbus;(Linnaeus, 1758);Vega del Rey (Lena) (Asturias);Vega del Rey;Vega;Asturias;Asturias;España;1-VIII-2019;01/08/2019;F. Fresno;;;macho;061/ING/2019;P. Álvarez;2022
MNCN_Ent 361023;1;Halictidae;Halictinae;Halictus;Monilapis;simplex;Blüthgen, 1923;Cataluña, Centellas;Centellas;Centellas;Barcelona;Cataluña;España;7.VII.1925;07/08/1925;Max de Xaxars;;;macho;;P. Álvarez;2023
MNCN_Ent 361632;1;Andrenidae;Andreninae;Andrena;Chlorandrena;cinerea;Brullé, 1832;Romanones (Guadalajara);Romanones;Romanones;Guadalajara;Castilla-La Mancha;España;25-V-2022;25/05/2022;F. Fresno;;;hembra;;P. Álvarez;2022
MNCN_Ent 361633;1;Apidae;Xylocopinae;Ceratina;Euceratina;dallatorreana;Friese, 1896;Romanones (Guadalajara);Romanones;Romanones;Guadalajara;Castilla-La Mancha;España;25-V-2022;25/05/2022;F. Fresno;;;hembra;;P. Álvarez;2022
MNCN_Ent 361634;1;Apidae;Xylocopinae;Ceratina;Euceratina;dallatorreana;Friese, 1896;Romanones (Guadalajara);Romanones;Romanones;Guadalajara;Castilla-La Mancha;España;25-V-2022;25/05/2022;F. Fresno;;;hembra;;P. Álvarez;2022
MNCN_Ent 361635;1;Apidae;Xylocopinae;Ceratina;Euceratina;dallatorreana;Friese, 1896;Romanones (Guadalajara);Romanones;Romanones;Guadalajara;Castilla-La Mancha;España;25-V-2022;25/05/2022;F. Fresno;;;hembra;;P. Álvarez;2022
MNCN_Ent 361636;1;Halictidae;Halictinae;Lasioglossum;Lasioglossum;sexnotatum;(Kirby, 1802);Romanones (Guadalajara);Romanones;Romanones;Guadalajara;Castilla-La Mancha;España;25-V-2022;25/05/2022;F. Fresno;;;hembra;;Piluca Álvarez;2022
MNCN_Ent 361637;1;Halictidae;Halictinae;Lasioglossum;Lasioglossum;sexnotatum;(Kirby, 1802);Romanones (Guadalajara);Romanones;Romanones;Guadalajara;Castilla-La Mancha;España;25-V-2022;25/05/2022;F. Fresno;;;hembra;;Piluca Álvarez;2022
MNCN_Ent 361688;1;Colletidae;Hylaeinae;Hylaeus;Spatulariella;hyalinatus;Smith, 1843;Columbiello (Lena) (Asturias);Columbiello;Lena;Asturias;Asturias;España;21-VIII-2019;21/08/2019;F. Fresno;;;hembra;;P. Álvarez;2022
MNCN_Ent 361689;1;Colletidae;Hylaeinae;Hylaeus;Spatulariella;hyalinatus;Smith, 1843;Columbiello (Lena) (Asturias);Columbiello;Lena;Asturias;Asturias;España;14-VIII-2019;14/08/2019;F. Fresno;;;hembra;;P. Álvarez;2022
MNCN_Ent 361697;1;Colletidae;Hylaeinae;Hylaeus;Spatulariella;hyalinatus;Smith, 1843;Vega del Rey (Lena) (Asturias);Vega del Rey;Lena;Asturias;Asturias;España;1-VIII-2019;01/08/2019;F. Fresno;;;macho;;P. Álvarez;2022
MNCN_Ent 361698;1;Colletidae;Hylaeinae;Hylaeus;Spatulariella;hyalinatus;Smith, 1843;Vega del Rey (Lena) (Asturias);Vega del Rey;Lena;Asturias;Asturias;España;1-VIII-2019;01/08/2019;F. Fresno;;;macho;;P. Álvarez;2022
MNCN_Ent 361699;1;Colletidae;Hylaeinae;Hylaeus;Spatulariella;hyalinatus;Smith, 1843;Vega del Rey (Lena) (Asturias);Vega del Rey;Lena;Asturias;Asturias;España;14-VIII-2019;14/08/2019;F. Fresno;;;macho;;P. Álvarez;2022
MNCN_Ent 361715;1;Colletidae;Hylaeinae;Hylaeus;Paraprosopis;pictipes;Nylander, 1852;Columbiello (Lena) (Asturias);Columbiello;Lena;Asturias;Asturias;España;3-IX-2019;03/09/2019;F. Fresno;;;hembra;;P. Álvarez;2022
MNCN_Ent 361716;1;Colletidae;Hylaeinae;Hylaeus;Paraprosopis;pictipes;Nylander, 1852;Columbiello (Lena) (Asturias);Columbiello;Lena;Asturias;Asturias;España;3-IX-2019;03/09/2019;F. Fresno;;;hembra;;P. Álvarez;2022
MNCN_Ent 361717;1;Colletidae;Hylaeinae;Hylaeus;Paraprosopis;pictipes;Nylander, 1852;Columbiello (Lena) (Asturias);Columbiello;Lena;Asturias;Asturias;España;3-IX-2019;03/09/2019;F. Fresno;;;hembra;;P. Álvarez;2022
MNCN_Ent 361720;1;Colletidae;Hylaeinae;Hylaeus;Hylaeus;communis;Nylander, 1852;Columbiello (Lena) (Asturias);Columbiello;Lena;Asturias;Asturias;España;14-VIII-2019;14/08/2019;F. Fresno;;;hembra;;P. Álvarez;2022
MNCN_Ent 361721;1;Colletidae;Hylaeinae;Hylaeus;Hylaeus;communis;Nylander, 1852;Columbiello (Lena) (Asturias);Columbiello;Lena;Asturias;Asturias;España;3-IX-2019;03/09/2019;F. Fresno;;;macho;;P. Álvarez;2022
MNCN_Ent 361722;1;Colletidae;Hylaeinae;Hylaeus;Hylaeus;communis;Nylander, 1852;Columbiello (Lena) (Asturias);Columbiello;Lena;Asturias;Asturias;España;3-IX-2019;03/09/2019;F. Fresno;;;macho;;P. Álvarez;2022
MNCN_Ent 361731;1;Colletidae;Hylaeinae;Hylaeus;Dentigera;brevicornis;Nylander, 1852;Vega del Rey (Lena) (Asturias);Vega del Rey;Lena;Asturias;Asturias;España;3-IX-2019;03/09/2019;F. Fresno;;;hembra;;P. Álvarez;2022
MNCN_Ent 361732;1;Colletidae;Hylaeinae;Hylaeus;Dentigera;brevicornis;Nylander, 1852;Vega del Rey (Lena) (Asturias);Vega del Rey;Lena;Asturias;Asturias;España;3-IX-2019;03/09/2019;F. Fresno;;;hembra;;P. Álvarez;2022
MNCN_Ent 361739;1;Colletidae;Hylaeinae;Hylaeus;Paraprosopis;pictipes;Nylander, 1852;Columbiello (Lena) (Asturias);Columbiello;Lena;Asturias;Asturias;España;14-VIII-2019;14/08/2019;F. Fresno;;;macho;;P. Álvarez;2023
MNCN_Ent 369653;1;Colletidae;Hylaeinae;Hylaeus;Spatulariella;hyalinatus;Smith, 1843;Sena de Luna (León);Sena de Luna;Sena de Luna;León;Castilla y León;España;3.VIII.2010;03/08/2010;F. Fresno;;;hembra;ex. Colección F. Fresno;P. Álvarez;2022
MNCN_Ent 369654;1;Colletidae;Hylaeinae;Hylaeus;Spatulariella;hyalinatus;Smith, 1843;Sena de Luna (León);Sena de Luna;Sena de Luna;León;Castilla y León;España;3.VIII.2010;03/08/2010;F. Fresno;;;hembra;ex. Colección F. Fresno;P. Álvarez;2022
MNCN_Ent 369655;1;Colletidae;Hyaleinae;Hylaeus;Prosopis;communis;Nylander, 1852;Sena de Luna (León);Sena de Luna;Sena de Luna;León;Castilla y León;España;3.VIII.2010;03/08/2010;F. Fresno;;;hembra;ex. Colección F. Fresno;P. Álvarez;2023
MNCN_Ent 372686;1;Halictidae;Halictinae;Lasioglossum;Hemihalictus;minutissimum;(Kirby, 1802);Romanones (GU);Romanones;Romanones;Guadalajara;Castilla-La Mancha;España;22-VII-2010;22/07/2010;F. Fresno;;;hembra;ex. Colección F. Fresno;P. Álvarez;2022
MNCN_Ent 372687;1;Halictidae;Halictinae;Lasioglossum;Hemihalictus;pauperatum;(Brullé, 1832);Romanones (GU);Romanones;Romanones;Guadalajara;Castilla-La Mancha;España;25-V-2022;25/05/2022;F. Fresno;;;hembra;;P. Álvarez;2022
MNCN_Ent 373674;1;Apidae;Xylocopinae;Ceratina;Ceratina;cucurbitina;(Rossi, 1792);Alhama (Granada);Alhama de Granada;Alhama de Granada;Granada;Andalucía;España;VI-1942;jun-42;J. Dusmet;800 m.;;hembra;Colección Dusmet;P. Álvarez;2023
MNCN_Ent 375264;1;Andrenidae;Andreninae;Andrena;Melandrena;morio;Brullé, 1832;Romanones (Guadalajara);Romanones;Romanones;Guadalajara;Castilla-La Mancha;España;25-V-2022;25/05/2022;F. Fresno;;;hembra;;P. Álvarez;2023
MNCN_Ent 375265;1;Andrenidae;Andreninae;Andrena;Simandrena;vetula;Lepeletier, 1841;Romanones (Guadalajara);Romanones;Romanones;Guadalajara;Castilla-La Mancha;España;25-V-2022;25/05/2022;F. Fresno;;;hembra;;P. Álvarez;2022
MNCN_Ent 375274;1;Megachilidae;Megachilinae;Megachile;Xanthosarus;willughbiella;(Kirby, 1802);Tres Cantos (Madrid);Tres Cantos;Tres Cantos;Madrid;Madrid;España;4-VI-2022;04/06/2022;F. Fresno;;;macho;;P. Álvarez;2022
MNCN_Ent 375275;1;Halictidae;Halictinae;Lasioglossum;Sphecodogastra;interruptum;(Panzer, 1798);Vega de Anzo (Grado) Asturias;Peñaflor;Grado;Asturias;Asturias;España;24-IV-2022;24/04/2022;F. Fresno;;;hembra;;P. Álvarez;2022
MNCN_Ent 375276;1;Halictidae;Halictinae;Lasioglossum;Sphecodogastra;interruptum;(Panzer, 1798);Cornejo (M. de Sotoscueva) Burgos;Cornejo;Merindad de Sotoscueva;Burgos;Castilla y León;España;5-VIII-2022;05/08/2022;F. Fresno;;;hembra;;P. Álvarez;2022
MNCN_Ent 375280;1;Colletidae;Hylaeinae;Hylaeus;Spatulariella;punctatus;(Brullé, 1832);Tres Cantos (Madrid);Tres Cantos;Tres Cantos;Madrid;Madrid;España;4-VI-2022;04/06/2022;F. Fresno;;;macho;;P. Álvarez;2022
MNCN_Ent 375281;1;Colletidae;Hylaeinae;Hylaeus;Prosopis;pictus;(Smith, 1853);Romanones (Guadalajara);Romanones;Romanones;Guadalajara;Castilla-La Mancha;España;25-V-2022;25/05/2022;F. Fresno;;;macho;;P. Álvarez;2022
MNCN_Ent 375313;1;Andrenidae;Panurginae;Panurgus;Panurgus;calcaratus;(Scopoli, 1763);Soto de Agues (Asturias);Soto de Agues;Sobrescobio;Asturias;Asturias;España;21.08.2020;21/08/2020;F. Fresno;;;hembra;;P. Álvarez;2023
MNCN_Ent 375339;1;Colletidae;Hylaeinae;Hylaeus;Spatulariella;hyalinatus;Smith, 1843;Vega del Rey (Lena) (Asturias);Vega del Rey;Lena;Asturias;Asturias;España;19-VIII-2020;19/08/2020;F. Fresno;;;hembra;;P. Álvarez;2022
MNCN_Ent 375344;1;Colletidae;Hylaeinae;Hylaeus;Spatulariella;hyalinatus;Smith, 1843;Pola de Lena (Asturias);Pola de Lena;Lena;Asturias;Asturias;España;31.08.2020;31/08/2020;F. Fresno;;;macho;;P. Álvarez;2022
MNCN_Ent 375345;1;Colletidae;Hylaeinae;Hylaeus;Spatulariella;hyalinatus;Smith, 1843;Pola de Lena (Asturias);Pola de Lena;Lena;Asturias;Asturias;España;11-VIII-2020;11/08/2020;F. Fresno;;;macho;;P. Álvarez;2022
MNCN_Ent 375346;1;Apidae;Andreninae;Andrena;Simandrena;propinqua;Schenck, 1853;Pola de Lena (Asturias);Pola de Lena;Lena;Asturias;Asturias;España;24-VII-2020;24/07/2020;F. Fresno;;;hembra;;P. Álvarez;2023
MNCN_Ent 375347;1;Melittidae;Melittinae;Melitta;Melitta;leporina;(Panzer, 1799);Pola de Lena (Asturias);Pola de Lena;Lena;Asturias;Asturias;España;20-VII-2020;20/07/2020;F. Fresno;;;hembra;;P. Álvarez;2022
MNCN_Ent 375371;1;Megachilidae;Megachilinae;Stelis;Stelis;odontopyga;Noskiewicz, 1926;Vega del Rey (Lena, Asturias);Vega del Rey;Lena;Asturias;Asturias;España;8.08.2020;08/08/2020;F. Fresno;;;hembra;;P. Álvarez;2023
MNCN_Ent 375372;1;Megachilidae;Megachilinae;Osmia;Hoplosmia;spinulosa;(Kirby, 1802);Vega del Rey (Lena, Asturias);Vega del Rey;Lena;Asturias;Asturias;España;8.08.2020;08/08/2020;F. Fresno;;;macho;;P. Álvarez;2023
MNCN_Ent 375379;1;Megachilidae;Megachilinae;Osmia;Hoplosmia;spinulosa;(Kirby, 1802);Vega del Rey (Lena, Asturias);Vega del Rey;Lena;Asturias;Asturias;España;19-VIII-2020;19/08/2020;F. Fresno;;;hembra;;P. Álvarez;2023
MNCN_Ent 375380;1;Megachilidae;Megachilinae;Osmia;Hoplosmia;spinulosa;(Kirby, 1802);Pola de Lena (Asturias);Pola de Lena;Lena;Asturias;Asturias;España;5-VIII-2020;05/08/2020;F. Fresno;;;hembra;;P. Álvarez;2023
MNCN_Ent 375384;1;Halictidae;Halictinae;Lasioglossum;Leuchalictus;leucozonium;(Schrank, 1781);Vega del Rey (Lena, Asturias);Vega del Rey;Lena;Asturias;Asturias;España;8.08.2020;08/08/2020;F. Fresno;;;hembra;;P. Álvarez;2022
MNCN_Ent 375385;1;Halictidae;Halictinae;Lasioglossum;Leuchalictus;leucozonium;(Schrank, 1781);Vega del Rey (Lena, Asturias);Vega del Rey;Lena;Asturias;Asturias;España;19-VIII-2020;19/08/2020;F. Fresno;;;macho;;P. Álvarez;2022
MNCN_Ent 375386;1;Halictidae;Halictinae;Lasioglossum;Leuchalictus;leucozonium;(Schrank, 1781);Pola de Lena (Asturias);Pola de Lena;Lena;Asturias;Asturias;España;5-VIII-2020;05/08/2020;F. Fresno;;;macho;;P. Álvarez;2022
MNCN_Ent 375387;1;Halictidae;Halictinae;Lasioglossum;Hemihalictus;pauperatum;(Brullé, 1832);Pola de Lena (Asturias);Pola de Lena;Lena;Asturias;Asturias;España;24-VIII-2020;24/08/2020;F. Fresno;;;macho;;P. Álvarez;2022
MNCN_Ent 378105;1;Halictidae;Halictinae;Halictus;Monilapis;crenicornis;Blüthgen, 1923;Vega del Rey (Lena, Asturias);Vega del Rey;Lena;Asturias;Asturias;España;8.08.2020;08/08/2020;F. Fresno;;;macho;;P. Álvarez;2022
MNCN_Ent 378106;1;Halictidae;Halictinae;Halictus;Monilapis;crenicornis;Blüthgen, 1923;Vega del Rey (Lena) (Asturias);Vega del Rey;Lena;Asturias;Asturias;España;19-VIII-2020;19/08/2020;F. Fresno;;;macho;;P. Álvarez;2022
MNCN_Ent 378115;1;Halictidae;Halictinae;Lasioglossum;Hemihalictus;villosulum;(Kirby, 1802);Vega del Rey (Lena, Asturias);Vega del Rey;Lena;Asturias;Asturias;España;8.08.2020;08/08/2020;F. Fresno;;;macho;;P. Álvarez;2022
MNCN_Ent 378129;1;Halictidae;Halictinae;Lasioglossum;Hemihalictus;pauperatum;(Brullé, 1832);Vega del Rey (Lena, Asturias);Vega del Rey;Lena;Asturias;Asturias;España;8.08.2020;08/08/2020;F. Fresno;;;macho;;P. Álvarez;2022
MNCN_Ent 378139;1;Halictidae;Halictinae;Seladonia;Pachyceble;tumulorum;(Linnaeus, 1758);Soto de Agues (Asturias);Soto de Agues;Sobrescobio;Asturias;Asturias;España;21.08.2020;21/08/2020;F. Fresno;;;hembra;;P. Álvarez;2022
MNCN_Ent 378140;1;Halictidae;Halictinae;Lasioglossum;Hemihalictus;villosulum;(Kirby, 1802);Vega del Rey (Lena) (Asturias);Vega del Rey;Lena;Asturias;Asturias;España;19-VIII-2020;19/08/2020;F. Fresno;;;hembra;;P. Álvarez;2022
MNCN_Ent 378210;1;Halictidae;Halictinae;Sphecodes;;puncticeps;Thomson, 1870;Pola de Lena (Asturias);Pola de Lena;Pola;Asturias;Asturias;España;11-VIII-2020;11/08/2020;F. Fresno;;;hembra;;P. Álvarez;2022
MNCN_Ent 378211;1;Halictidae;Halictinae;Sphecodes;;puncticeps;Thomson, 1870;Pola de Lena (Asturias);Pola de Lena;Pola;Asturias;Asturias;España;1-IX-2020;01/09/2020;F. Fresno;;;hembra;;P. Álvarez;2022
MNCN_Ent 378212;1;Halictidae;Halictinae;Sphecodes;;monilicornis;(Kirby, 1802);Los Alfilorios (Morcín, Asturias);Los Alfilorios;Morcín;Asturias;Asturias;España;4-VIII-2020;04/08/2020;F. Fresno;411 m;;macho;;P. Álvarez;2022
MNCN_Ent 378213;1;Halictidae;Halictinae;Sphecodes;;monilicornis;(Kirby, 1802);Los Alfilorios (Morcín, Asturias);Los Alfilorios;Morcín;Asturias;Asturias;España;4-VIII-2020;04/08/2020;F. Fresno;411 m;;macho;;P. Álvarez;2022
MNCN_Ent 378218;1;Apidae;Andreninae;Andrena;Micrandrena;minutula;(Kirby, 1802);Pola de Lena (Asturias);Pola de Lena;Lena;Asturias;Asturias;España;20-VII-2020;20/07/2020;F. Fresno;;;hembra;;P. Álvarez;2023
MNCN_Ent 378219;1;Apidae;Andreninae;Andrena;Micrandrena;minutula;(Kirby, 1802);Pola de Lena (Asturias);Pola de Lena;Lena;Asturias;Asturias;España;24-VII-2020;24/07/2020;F. Fresno;;;hembra;;P. Álvarez;2023
MNCN_Ent 378220;1;Apidae;Andreninae;Andrena;Micrandrena;minutula;(Kirby, 1802);Vega del Rey (Lena, Asturias);Vega del Rey;Lena;Asturias;Asturias;España;8.08.2020;08/08/2020;F. Fresno;;;hembra;;P. Álvarez;2023
MNCN_Ent 378241;1;Halictidae;Halictinae;Lasioglossum;Sphecodogastra;calceatum;(Scopoli, 1763);Pola de Lena (Asturias);Pola de Lena;Lena;Asturias;Asturias;España;25-VIII-2020;25/08/2020;F. Fresno;;;macho;;P. Álvarez;2022
MNCN_Ent 379432;1;Melittidae;Dasypodainae;Dasypoda;Megadasypoda;visnaga;(Rossi, 1790);Loeches, Madrid;Loeches;Loeches;Madrid;Madrid;España;19-IX-77;19/09/1977;V. Llorente;;;macho;;P. Álvarez;2024
MNCN_Ent 379433;1;Andrenidae;Andreninae;Andrena;Biareolina;lagopus;Latreille, 1809;Rodiles (Villaviciosa) (Asturias);Rodiles;Villaviciosa;Asturias;Asturias;España;16-IV-2019;16/04/2019;F. Fresno;;;hembra;;P. Álvarez;2024
MNCN_Ent 379434;1;Andrenidae;Andreninae;Andrena;Plastandrena;pilipes;Fabricius, 1781;Rodiles (Villaviciosa) (Asturias);Rodiles;Rodiles;Asturias;Asturias;España;16-IV-2019;16/04/2019;F. Fresno;;;hembra;;P. Álvarez;2024
MNCN_Ent 379435;1;Andrenidae;Andreninae;Andrena;Plastandrena;agilissima;(Scopoli, 1770);Rodiles (Villaviciosa) (Asturias);Rodiles;Rodiles;Asturias;Asturias;España;16-IV-2019;16/04/2019;F. Fresno;;;hembra;;P. Álvarez;2024
MNCN_Ent 379436;1;Andrenidae;Andreninae;Andrena;Plastandrena;agilissima;(Scopoli, 1770);Rodiles (Villaviciosa) (Asturias);Rodiles;Rodiles;Asturias;Asturias;España;16-IV-2019;16/04/2019;F. Fresno;;;hembra;;P. Álvarez;2024
MNCN_Ent 379437;1;Andrenidae;Andreninae;Andrena;Plastandrena;agilissima;(Scopoli, 1770);Rodiles (Villaviciosa) (Asturias);Rodiles;Rodiles;Asturias;Asturias;España;16-IV-2019;16/04/2019;F. Fresno;;;hembra;;P. Álvarez;2024
MNCN_Ent 389433;1;Andrenidae;Andreninae;Andrena;Plastandrena;bimaculata;(Kirby, 1802);Escorial;San Lorenzo de El Escorial;San Lorenzo de El Escorial;Madrid;Madrid;España;24-6-11;24/06/1911;Dusmet;;;hembra;Colección Dusmet;P. Álvarez;2022
MNCN_Ent 389434;1;Andrenidae;Andreninae;Andrena;Plastandrena;bimaculata;(Kirby, 1802);Escorial;San Lorenzo de El Escorial;San Lorenzo de El Escorial;Madrid;Madrid;España;24-6-11;24/06/1911;Dusmet;;;hembra;Colección Dusmet;P. Álvarez;2022
MNCN_Ent 389435;1;Andrenidae;Andreninae;Andrena;Plastandrena;bimaculata;(Kirby, 1802);Escorial;San Lorenzo de El Escorial;San Lorenzo de El Escorial;Madrid;Madrid;España;24-6-11;24/06/1911;Dusmet;;;hembra;Colección Dusmet;P. Álvarez;2022
MNCN_Ent 389436;1;Andrenidae;Andreninae;Andrena;Plastandrena;bimaculata;(Kirby, 1802);Escorial;San Lorenzo de El Escorial;San Lorenzo de El Escorial;Madrid;Madrid;España;24-6-11;24/06/1911;Dusmet;;;hembra;Colección Dusmet;P. Álvarez;2022
MNCN_Ent 389437;1;Andrenidae;Andreninae;Andrena;Plastandrena;bimaculata;(Kirby, 1802);Escorial;San Lorenzo de El Escorial;San Lorenzo de El Escorial;Madrid;Madrid;España;24-6-11;24/06/1911;Dusmet;;;hembra;Colección Dusmet;P. Álvarez;2022
MNCN_Ent 389440;1;Andrenidae;Andreninae;Andrena;Plastandrena;bimaculata;(Kirby, 1802);Escorial;San Lorenzo de El Escorial;San Lorenzo de El Escorial;Madrid;Madrid;España;16-6-12;16/06/1912;Dusmet;;;hembra;Colección Dusmet;P. Álvarez;2022
MNCN_Ent 389441;1;Andrenidae;Andreninae;Andrena;Plastandrena;bimaculata;(Kirby, 1802);Escorial;San Lorenzo de El Escorial;San Lorenzo de El Escorial;Madrid;Madrid;España;16-6-12;16/06/1912;Dusmet;;;hembra;Colección Dusmet;P. Álvarez;2022
MNCN_Ent 389442;1;Andrenidae;Andreninae;Andrena;Plastandrena;bimaculata;(Kirby, 1802);Escorial;San Lorenzo de El Escorial;San Lorenzo de El Escorial;Madrid;Madrid;España;20-6-14;20/06/1914;Dusmet;;;hembra;Colección Dusmet;P. Álvarez;2022
MNCN_Ent 389443;1;Andrenidae;Andreninae;Andrena;Plastandrena;bimaculata;(Kirby, 1802);Escorial;San Lorenzo de El Escorial;San Lorenzo de El Escorial;Madrid;Madrid;España;6-7-14;06/07/1914;Dusmet;;;hembra;Colección Dusmet;P. Álvarez;2022
MNCN_Ent 389444;1;Andrenidae;Andreninae;Andrena;Plastandrena;bimaculata;(Kirby, 1802);Escorial;San Lorenzo de El Escorial;San Lorenzo de El Escorial;Madrid;Madrid;España;12-6-19;12/06/1919;Dusmet;;;hembra;Colección Dusmet;P. Álvarez;2022
MNCN_Ent 389445;1;Andrenidae;Andreninae;Andrena;Plastandrena;bimaculata;(Kirby, 1802);Escorial;San Lorenzo de El Escorial;San Lorenzo de El Escorial;Madrid;Madrid;España;12-6-19;12/06/1919;Dusmet;;;hembra;Colección Dusmet;P. Álvarez;2022
MNCN_Ent 389446;1;Andrenidae;Andreninae;Andrena;Plastandrena;bimaculata;(Kirby, 1802);Escorial;San Lorenzo de El Escorial;San Lorenzo de El Escorial;Madrid;Madrid;España;12-6-19;12/06/1919;Dusmet;;;hembra;Colección Dusmet;P. Álvarez;2022
MNCN_Ent 389447;1;Andrenidae;Andreninae;Andrena;Plastandrena;bimaculata;(Kirby, 1802);Escorial;San Lorenzo de El Escorial;San Lorenzo de El Escorial;Madrid;Madrid;España;14-6-22;14/06/1922;Dusmet;;;macho;Colección Dusmet;P. Álvarez;2022
MNCN_Ent 389448;1;Andrenidae;Andreninae;Andrena;Plastandrena;bimaculata;(Kirby, 1802);Escorial;San Lorenzo de El Escorial;San Lorenzo de El Escorial;Madrid;Madrid;España;30-6-23;30/06/1923;Dusmet;;;hembra;Colección Dusmet;P. Álvarez;2022
MNCN_Ent 389449;1;Andrenidae;Andreninae;Andrena;Plastandrena;bimaculata;(Kirby, 1802);El Escorial;San Lorenzo de El Escorial;San Lorenzo de El Escorial;Madrid;Madrid;España;14-6-33;14/06/1933;J. Dusmet;;;macho;Colección Dusmet;P. Álvarez;2022
MNCN_Ent 389450;1;Andrenidae;Andreninae;Andrena;Plastandrena;bimaculata;(Kirby, 1802);El Escorial;San Lorenzo de El Escorial;San Lorenzo de El Escorial;Madrid;Madrid;España;9-7-36;09/07/1936;J. Dusmet;;;hembra;Colección Dusmet;P. Álvarez;2022
MNCN_Ent 389451;1;Andrenidae;Andreninae;Andrena;Plastandrena;bimaculata;(Kirby, 1802);El Escorial;San Lorenzo de El Escorial;San Lorenzo de El Escorial;Madrid;Madrid;España;24-VI-41;24/06/1941;J. Dusmet;;;hembra;Colección Dusmet;P. Álvarez;2022
MNCN_Ent 389459;1;Andrenidae;Andreninae;Andrena;Plastandrena;bimaculata;(Kirby, 1802);Madrid, Montarco;Madrid;Mardrid;Madrid;Madrid;España;25.VII.1906;28/07/1906;sin datos;;;macho;;P. Álvarez;2022
MNCN_Ent 389460;1;Andrenidae;Andreninae;Andrena;Plastandrena;bimaculata;(Kirby, 1802);Cercedilla;Cercedilla;Cercedilla;Madrid;Madrid;España;X-1934;oct-34;J. Hernández;1.500 m.;;macho;;P. Álvarez;2022
MNCN_Ent 389461;1;Andrenidae;Andreninae;Andrena;Plastandrena;bimaculata;(Kirby, 1802);Somosierra;Somosierra;Somosierra;Madrid;Madrid;España;28-6-24;28/06/1924;Ceballos;;;hembra;Colección Dusmet;P. Álvarez;2022
MNCN_Ent 389462;1;Andrenidae;Andreninae;Andrena;Plastandrena;bimaculata;(Kirby, 1802);Somosierra;Somosierra;Somosierra;Madrid;Madrid;España;28-6-24;26/06/1924;Dusmet;;;hembra;Colección Dusmet;P. Álvarez;2022
MNCN_Ent 389463;1;Andrenidae;Andreninae;Andrena;Plastandrena;bimaculata;(Kirby, 1802);El Pardo;Madrid, El Pardo;Madrid;Madrid;Madrid;España;15-6-8;16/06/1908;Dusmet;;;hembra;Colección Dusmet;P. Álvarez;2022
MNCN_Ent 389464;1;Andrenidae;Andreninae;Andrena;Plastandrena;bimaculata;(Kirby, 1802);Palencia;Palencia;Palencia;Palencia;Castilla y León;España;6-7-12;06/07/1912;Dusmet;;;hembra;Colección Dusmet;P. Álvarez;2022
MNCN_Ent 389465;1;Andrenidae;Andreninae;Andrena;Plastandrena;bimaculata;(Kirby, 1802);Baños;Baños;Baños;Cáceres;Extremadura;España;VI-07;jun-07;Dusmet;;;hembra;Colección Dusmet;P. Álvarez;2022
MNCN_Ent 389467;1;Andrenidae;Andreninae;Andrena;Plastandrena;bimaculata;(Kirby, 1802);Orense;Orense;Orense;Orense;Galicia;España;5-7-21;05/07/1921;Dusmet;;;hembra;Colección Dusmet;P. Álvarez;2022
MNCN_Ent 389469;1;Andrenidae;Andreninae;Andrena;Plastandrena;bimaculata;(Kirby, 1802);Casa Antunes;Barcelona;Barcelona;Barcelona;Cataluña;España;7.III.[18]94;07/03/1894;sin datos;;;hembra;;P. Álvarez;2022
MNCN_Ent 389470;1;Andrenidae;Andreninae;Andrena;Plastandrena;bimaculata;(Kirby, 1802);Vaciamadrid;Rivas-Vaciamadrid;Rivas-Vaciamadrid;Madrid;Madrid;España;5-7-21;05/07/1921;Dusmet;;;macho;Colección Dusmet;P. Álvarez;2022
MNCN_Ent 389508;1;Andrenidae;Andreninae;Panurginus;;albopilosus;(Lucas, 1849);Tres Cantos (Madrid);Tres Cantos;Tres Cantos;Madrid;Madrid;España;8-V-2020;08/05/2020;F. Fresno;;;macho;;P. Álvarez;2024
MNCN_Ent 389509;1;Andrenidae;Andreninae;Panurginus;;albopilosus;(Lucas, 1849);Tres Cantos (Madrid);Tres Cantos;Tres Cantos;Madrid;Madrid;España;8-V-2020;08/05/2020;F. Fresno;;;macho;;P. Álvarez;2024
MNCN_Ent 389510;1;Andrenidae;Andreninae;Panurginus;;albopilosus;(Lucas, 1849);Tres Cantos (Madrid);Tres Cantos;Tres Cantos;Madrid;Madrid;España;8-V-2020;08/05/2020;F. Fresno;;;macho;;P. Álvarez;2024
MNCN_Ent 399729;1;Halictidae;Halictinae;Sphecodes;;monilicornis;(Kirby, 1802);[Urb.] Villafranca del Castillo, Madrid;Villanueva de la Cañada;Villanueva de la Cañada;Madrid;Madrid;España;22.VI.2023;22/06/2023;Mario Álamo;;;hembra;;P. Álvarez;2023
MNCN_Ent 399811;1;Megachilidae;Megachilinae;Osmia;Helicosmia;leaiana;(Kirby, 1802);Pola de Lena (Asturias);Pola de Lena;Lena;Asturias;Asturias;España;30-VI-1972;30/06/1972;F. Fresno;;;hembra;ex. Colección F. Fresno;P. Álvarez;2022
MNCN_Ent 399812;1;Megachilidae;Megachilinae;Osmia;Helicosmia;leaiana;(Kirby, 1802);Pola de Lena (Asturias);Pola de Lena;Lena;Asturias;Asturias;España;30.VIII.1984;30/08/1984;F. Fresno;;;hembra;ex. Colección F. Fresno;P. Álvarez;2022
MNCN_Ent 399813;1;Megachilidae;Megachilinae;Osmia;Helicosmia;leaiana;(Kirby, 1802);Pola de Lena (Asturias);Pola de Lena;Lena;Asturias;Asturias;España;26-VII-2009;26/07/2009;F. Fresno;;;hembra;ex. Colección F. Fresno;P. Álvarez;2022
MNCN_Ent 399814;1;Megachilidae;Megachilinae;Osmia;Helicosmia;leaiana;(Kirby, 1802);Pola de Lena (Asturias);Pola de Lena;Lena;Asturias;Asturias;España;1-V-2003;01/05/2003;F. Fresno;;;macho;ex. Colección F. Fresno;P. Álvarez;2022
MNCN_Ent 399815;1;Megachilidae;Megachilinae;Osmia;Helicosmia;leaiana;(Kirby, 1802);Pola de Lena (Asturias);Pola de Lena;Lena;Asturias;Asturias;España;18.04.2017;18/04/2017;F. Fresno;305 m;;macho;ex. Colección F. Fresno;P. Álvarez;2022
MNCN_Ent 399816;1;Megachilidae;Megachilinae;Osmia;Helicosmia;niveata;(Fabricius, 1804);Pola de Lena (Asturias);Pola de Lena;Lena;Madrid;Madrid;España;1-V-2008;01/05/2008;F. Fresno;;;macho;ex. Colección F. Fresno;P. Álvarez;2022
MNCN_Ent 399821;1;Andrenidae;Panurginae;Panurgus;Pachycephalopanurgus;canescens;Latreille, 1811;Barcial del Barco (ZA);Barcial del Barco;Barcial del Barco;Zamora;Castilla y León;España;22-VII-2010;22/07/2010;F. Fresno;;;macho;ex. Colección F. Fresno;P. Álvarez;2022
MNCN_Ent 399822;1;Andrenidae;Panurginae;Panurgus;Pachycephalopanurgus;canescens;Latreille, 1811;Barcial del Barco (ZA);Barcial del Barco;Barcial del Barco;Zamora;Castilla y León;España;22-VII-2010;22/07/2010;F. Fresno;;;macho;ex. Colección F. Fresno;P. Álvarez;2022
MNCN_Ent 399823;1;Andrenidae;Panurginae;Panurgus;Pachycephalopanurgus;canescens;Latreille, 1811;Barcial del Barco (ZA);Barcial del Barco;Barcial del Barco;Zamora;Castilla y León;España;22-VII-2010;22/07/2010;F. Fresno;;;macho;ex. Colección F. Fresno;P. Álvarez;2022
MNCN_Ent 399824;1;Andrenidae;Panurginae;Panurgus;Pachycephalopanurgus;canescens;Latreille, 1811;Barcial del Barco (ZA);Barcial del Barco;Barcial del Barco;Zamora;Castilla y León;España;22-VII-2010;22/07/2010;F. Fresno;;;hembra;ex. Colección F. Fresno;P. Álvarez;2022
MNCN_Ent 399825;1;Andrenidae;Panurginae;Panurgus;Pachycephalopanurgus;canescens;Latreille, 1811;Tres Cantos (Madrid);Tres Cantos;Tres Cantos;Madrid;Madrid;España;24-VI-2010;24/06/2010;F. Fresno;;;hembra;ex. Colección F. Fresno;P. Álvarez;2022
MNCN_Ent 399826;1;Andrenidae;Panurginae;Panurgus;Pachycephalopanurgus;canescens;Latreille, 1811;Tres Cantos (Madrid);Tres Cantos;Tres Cantos;Madrid;Madrid;España;20.VI.2016;20/06/2016;F. Fresno;;;macho;ex. Colección F. Fresno;P. Álvarez;2022
MNCN_Ent 399827;1;Andrenidae;Panurginae;Panurgus;Pachycephalopanurgus;canescens;Latreille, 1811;Milagros (BU);Milagros;Milagros;Burgos;Castilla y León;España;21-VI-2014;21/06/2014;F. Fresno;;;macho;ex. Colección F. Fresno;P. Álvarez;2022
MNCN_Ent 399828;1;Andrenidae;Panurginae;Panurgus;Pachycephalopanurgus;canescens;Latreille, 1811;Cerezo de Abajo (SG);Cerezo de Abajo;Cerezo;Segovia;Castilla y León;España;27.VI.2014;27/06/2014;F. Fresno;;;macho;ex. Colección F. Fresno;P. Álvarez;2022
MNCN_Ent 399829;1;Andrenidae;Panurginae;Panurgus;Pachycephalopanurgus;canescens;Latreille, 1811;Cilloruelo (Salamanca);Cilloruelo;Encinas de Abajo;Salamanca;Castilla y León;España;21-VI-2012;21/06/2012;F. Fresno;;;macho;ex. Colección F. Fresno;P. Álvarez;2022
MNCN_Ent 399830;1;Andrenidae;Panurginae;Panurgus;Pachycephalopanurgus;canescens;Latreille, 1811;Cilloruelo (Salamanca);Cilloruelo;Encinas de Abajo;Salamanca;Castilla y León;España;21-VI-2012;21/06/2012;F. Fresno;;;hembra;ex. Colección F. Fresno;P. Álvarez;2022
MNCN_Ent 399831;1;Andrenidae;Panurginae;Panurgus;Pachycephalopanurgus;canescens;Latreille, 1811;Ribota (Segovia);Ribota;Ribota;Segovia;Castilla y León;España;9-VII-2014;09/07/2014;F. Fresno;;;hembra;ex. Colección F. Fresno;P. Álvarez;2022
MNCN_Ent 399832;1;Andrenidae;Panurginae;Panurgus;Pachycephalopanurgus;canescens;Latreille, 1811;Ribota (Segovia);Ribota;Ribota;Segovia;Castilla y León;España;9-VII-2014;09/07/2014;F. Fresno;;;hembra;ex. Colección F. Fresno;P. Álvarez;2022
MNCN_Ent 399833;1;Andrenidae;Panurginae;Panurgus;Pachycephalopanurgus;canescens;Latreille, 1811;Valderacete (Madrid);Valderacete;Valderacete;Madrid;Madrid;España;18-VI-2010;18/06/2010;F. Fresno;;;hembra;ex. Colección F. Fresno;P. Álvarez;2022
MNCN_Ent 399834;1;Andrenidae;Panurginae;Panurgus;Pachycephalopanurgus;canescens;Latreille, 1811;Valderacete (Madrid);Valderacete;Valderacete;Madrid;Madrid;España;4-VI-2009;04/06/2009;F. Fresno;;;hembra;ex. Colección F. Fresno;P. Álvarez;2022
MNCN_Ent 399835;1;Andrenidae;Panurginae;Panurgus;Pachycephalopanurgus;canescens;Latreille, 1811;Arévalo (Ávila);Arévalo;Arévalo;Ávila;Castilla y León;España;1-15.08.2006;01-15/08/2006;Gayubo et al. leg;;;hembra;ex. Colección F. Fresno;P. Álvarez;2022
MNCN_Ent 399836;1;Melittidae;Melittinae;Melitta;Melitta;leporina;(Panzer, 1799);La Franca (Asturias);La Franca;Ribadedeva;Asturias;Asturias;España;7.VIII.2008;07/08/2008;F. Fresno;;;hembra;ex. Colección F. Fresno;P. Álvarez;2022
MNCN_Ent 399837;1;Melittidae;Melittinae;Melitta;Melitta;leporina;(Panzer, 1799);Pola de Lena (Asturias);Pola de Lena;Lena;Asturias;Asturias;España;14-VII-1972;14/07/1972;F. Fresno;;;macho;ex. Colección F. Fresno;P. Álvarez;2022
MNCN_Ent 399861;1;Megachilidae;Megachilinae;Megachile;Megachile;centuncularis;(Linnaeus, 1758);Pola de Lena (Asturias);Pola de Lena;Lena;Asturias;Asturias;España;27-VII-2011;27/07/2011;F. Fresno;;;hembra;ex. Colección F. Fresno;P. Álvarez;2023
MNCN_Ent 399862;1;Megachilidae;Megachilinae;Megachile;Megachile;centuncularis;(Linnaeus, 1758);Pola de Lena (Asturias);Pola de Lena;Lena;Asturias;Asturias;España;26-VII-2009;26/07/2009;F. Fresno;;;hembra;ex. Colección F. Fresno;P. Álvarez;2023
MNCN_Ent 399863;1;Megachilidae;Megachilinae;Megachile;Megachile;centuncularis;(Linnaeus, 1758);Colunga (Asturias);Colunga;Colunga;Asturias;Asturias;España;14.VIII.2006;14/08/2006;F. Fresno;;;hembra;ex. Colección F. Fresno;P. Álvarez;2023
MNCN_Ent 399864;1;Megachilidae;Megachilinae;Megachile;Megachile;centuncularis;(Linnaeus, 1758);Venta del Pobre (Asturias);Venta del Pobre;Lena;Asturias;Asturias;España;2-VIII-2012;02/08/2012;F. Fresno;;;hembra;ex. Colección F. Fresno;P. Álvarez;2023
MNCN_Ent 399865;1;Megachilidae;Megachilinae;Lithurgus;Lithurgus;chrysurus;Fonscolombe, 1834;Maderuelo (Segovia);Maderuelo;Maderuelo;Segovia;Castilla y León;España;18-VII-2011;18/07/2011;F. Fresno;;;macho;ex. Colección F. Fresno;P. Álvarez;2023
MNCN_Ent 399866;1;Megachilidae;Megachilinae;Lithurgus;Lithurgus;chrysurus;Fonscolombe, 1834;Barcial del Barco (ZA);Barcial del Barco;Barcial del Barco;Zamora;Castilla y León;España;22-VII-2010;22/07/2010;F. Fresno;;;hembra;ex. Colección F. Fresno;P. Álvarez;2023
MNCN_Ent 399867;1;Megachilidae;Megachilinae;Lithurgus;Lithurgus;chrysurus;Fonscolombe, 1834;Arévalo (Ávila);Arévalo;Arévalo;Ávila;Castilla y León;España;22-VII-2006;22/07/2006;F. Fresno;;;hembra;ex. Colección F. Fresno;P. Álvarez;2023
MNCN_Ent 399873;1;Halictidae;Halictinae;Sphecodes;;gibbus;(Linnaeus, 1758);Vega del Rey (Lena) (Asturias);Vega del Rey;Lena;Asturias;Asturias;España;1.VIII.2015;01/08/2015;F. Fresno;350 m;;macho;;P. Álvarez;2023
MNCN_Ent 399874;1;Halictidae;Halictinae;Sphecodes;;gibbus;(Linnaeus, 1758);Vega del Rey (Lena) (Asturias);Vega del Rey;Lena;Asturias;Asturias;España;9.VIII.2015;09/08/2015;F. Fresno;350 m;;macho;;P. Álvarez;2023
MNCN_Ent 399875;1;Halictidae;Halictinae;Sphecodes;;gibbus;(Linnaeus, 1758);Vega del Rey (Lena) (Asturias);Vega del Rey;Lena;Asturias;Asturias;España;16.VIII.2015;16/08/2015;F. Fresno;350 m;;macho;;P. Álvarez;2023
MNCN_Ent 399876;1;Halictidae;Halictinae;Sphecodes;;gibbus;(Linnaeus, 1758);Vega del Rey (Lena) (Asturias);Vega del Rey;Lena;Asturias;Asturias;España;21.VIII.2015;21/08/2015;F. Fresno;350 m;;macho;;P. Álvarez;2023
MNCN_Ent 404782;1;Melittidae;Dasypodainae;Dasypoda;Dasypoda;hirtipes;(Fabricius, 1793);La Isla (Colunga) (Asturias);La Isla;Colunga;Asturias;Asturias;España;25.VIII.2015;25/08/2015;F. Fresno;5 m;;macho;;P. Álvarez;2022
MNCN_Ent 404787;1;Halictidae;Halictinae;Sphecodes;;puncticeps;Thomson, 1870;Vega del Rey (Lena) (Asturias);Vega del Rey;Lena;Asturias;Asturias;España;19.VIII.2015;19/08/2015;F. Fresno;350 m;;macho;;P. Álvarez;2023
MNCN_Ent 404798;1;Megachilidae;Megachilinae;Megachile;Xanthosarus;willughbiella;(Kirby, 1802);Vega del Rey (Lena) (Asturias);Vega del Rey;Lena;Asturias;Asturias;España;16.VIII.2015;16/08/2015;F. Fresno;350 m;;macho;;P. Álvarez;2023
MNCN_Ent 404799;1;Apidae;Xylocopinae;Ceratina;Ceratina;cucurbitina;(Rossi, 1792);Vega del Rey (Lena) (Asturias);Vega del Rey;Lena;Asturias;Asturias;España;15.VIII.2015;15/08/2016;F. Fresno;350 m;;hembra;;P. Álvarez;2022
MNCN_Ent 404805;1;Apidae;Xylocopinae;Ceratina;Ceratina;cucurbitina;(Rossi, 1792);Vega del Rey (Lena) (Asturias);Vega del Rey;Lena;Asturias;Asturias;España;19.VIII.2015;19/08/2015;F. Fresno;350 m;;hembra;;P. Álvarez;2022
MNCN_Ent 404806;1;Apidae;Xylocopinae;Ceratina;Ceratina;cucurbitina;(Rossi, 1792);Vega del Rey (Lena) (Asturias);Vega del Rey;Lena;Asturias;Asturias;España;21.VIII.2015;21/08/2015;F. Fresno;350 m;;hembra;;P. Álvarez;2022
MNCN_Ent 404807;1;Apidae;Xylocopinae;Ceratina;Ceratina;cucurbitina;(Rossi, 1792);Vega del Rey (Lena) (Asturias);Vega del Rey;Lena;Asturias;Asturias;España;28.VIII.2015;28/08/2015;F. Fresno;350 m;;hembra;;P. Álvarez;2022
MNCN_Ent 404814;1;Andrenidae;Panurginae;Panurgus;Panurgus;calcaratus;(Scopoli, 1763);Villarrodrigo de Ordás (León);Villarrodrigo de Ordás;Santa María de Ordás;León;Castilla y León;España;30.VIII.2015;30/08/2015;F. Fresno;;;hembra;;P. Álvarez;2022
MNCN_Ent 404815;1;Andrenidae;Panurginae;Panurgus;Panurgus;calcaratus;(Scopoli, 1763);Villarrodrigo de Ordás (León);Villarrodrigo de Ordás;Santa María de Ordás;León;Castilla y León;España;30.VIII.2015;30/08/2015;F. Fresno;;;hembra;;P. Álvarez;2022
MNCN_Ent 404817;1;Halictidae;Halictinae;Lasioglossum;Biennilaeus;marginatum;(Brullé, 1832);Villarrodrigo de Ordás (León);Villarrodrigo de Ordás;Santa María de Ordás;León;Castilla y León;España;30.VIII.2015;30/08/2015;Miguel Moya;;;macho;;P. Álvarez;2022
MNCN_Ent 404834;1;Halictidae;Halictinae;Halictus;Tytthalictus;maculatus;Smith, 1848;Vega del Rey (Lena) (Asturias);Vega del Rey;Lena;Asturias;Asturias;España;1.VIII.2015;01/08/2015;F. Fresno;350 m;;hembra;;P. Álvarez;2022
MNCN_Ent 404835;1;Halictidae;Halictinae;Halictus;Tytthalictus;maculatus;Smith, 1848;Vega del Rey (Lena) (Asturias);Vega del Rey;Lena;Asturias;Asturias;España;1.VIII.2015;01/08/2015;F. Fresno;350 m;;hembra;;P. Álvarez;2022
MNCN_Ent 404849;1;Halictidae;Halictinae;Halictus;Tytthalictus;maculatus;Smith, 1848;Vega del Rey (Lena) (Asturias);Vega del Rey;Lena;Asturias;Asturias;España;16.VIII.2015;16/08/2015;F. Fresno;350 m;;hembra;;P. Álvarez;2022
MNCN_Ent 404852;1;Halictidae;Halictinae;Halictus;Tytthalictus;maculatus;Smith, 1848;Vega del Rey (Lena) (Asturias);Vega del Rey;Lena;Asturias;Asturias;España;21.VIII.2015;21/08/2015;F. Fresno;350 m;;macho;;P. Álvarez;2022
MNCN_Ent 404853;1;Halictidae;Halictinae;Halictus;Tytthalictus;maculatus;Smith, 1848;Vega del Rey (Lena) (Asturias);Vega del Rey;Lena;Asturias;Asturias;España;24.VIII.2015;24/08/2015;F. Fresno;350 m;;macho;;P. Álvarez;2022
MNCN_Ent 404857;1;Halictidae;Halictinae;Halictus;Tytthalictus;maculatus;Smith, 1848;Vega del Rey (Lena) (Asturias);Vega del Rey;Lena;Asturias;Asturias;España;6.IX.2015;06/09/2015;F. Fresno;350 m;;macho;;P. Álvarez;2022
MNCN_Ent 404859;1;Halictidae;Halictinae;Halictus;Tytthalictus;maculatus;Smith, 1848;La Plaza (Teverga) (Asturias);La Plaza;Teverga;Asturias;Asturias;España;8.IX.2015;08/09/2015;F. Fresno;370 m;;macho;;P. Álvarez;2022
MNCN_Ent 404915;1;Andrenidae;Panurginae;Panurgus;Panurgus;calcaratus;(Scopoli, 1763);Vega del Rey (Lena) (Asturias);Vega del Rey;Vega;Asturias;Asturias;España;28.VIII.2015;28/08/2015;F. Fresno;;;hembra;;P. Álvarez;2022
MNCN_Ent 404916;1;Andrenidae;Panurginae;Panurgus;Panurgus;calcaratus;(Scopoli, 1763);Vega del Rey (Lena) (Asturias);Vega del Rey;Vega;Asturias;Asturias;España;28.VIII.2015;28/08/2015;F. Fresno;;;hembra;;P. Álvarez;2022
MNCN_Ent 404954;1;Halictidae;Halictinae;Lasioglossum;Leuchalictus;leucozonium;(Schrank, 1781);Vega del Rey (Lena) (Asturias);Vega del Rey;Lena;Asturias;Asturias;España;1.VIII.2015;01/08/2015;F. Fresno;350 m;;macho;;P. Álvarez;2022
MNCN_Ent 404955;1;Halictidae;Halictinae;Lasioglossum;Leuchalictus;leucozonium;(Schrank, 1781);Vega del Rey (Lena) (Asturias);Vega del Rey;Lena;Asturias;Asturias;España;10.VIII.2015;10/08/2015;F. Fresno;350 m;;macho;;P. Álvarez;2022
MNCN_Ent 404956;1;Halictidae;Halictinae;Lasioglossum;Leuchalictus;leucozonium;(Schrank, 1781);Vega del Rey (Lena) (Asturias);Vega del Rey;Lena;Asturias;Asturias;España;10.VIII.2015;10/08/2015;F. Fresno;350 m;;hembra;;P. Álvarez;2022
MNCN_Ent 404957;1;Halictidae;Halictinae;Lasioglossum;Leuchalictus;leucozonium;(Schrank, 1781);Vega del Rey (Lena) (Asturias);Vega del Rey;Lena;Asturias;Asturias;España;9.VIII.2015;09/08/2015;F. Fresno;350 m;;hembra;;P. Álvarez;2022
MNCN_Ent 404958;1;Halictidae;Halictinae;Lasioglossum;Leuchalictus;leucozonium;(Schrank, 1781);Vega del Rey (Lena) (Asturias);Vega del Rey;Lena;Asturias;Asturias;España;24.VIII.2015;24/08/2015;F. Fresno;350 m;;hembra;;P. Álvarez;2022
MNCN_Ent 404988;1;Halictidae;Halictinae;Lasioglossum;Sphecodogastra;pauxillum;(Schenck, 1853);Vega del Rey (Lena) (Asturias);Vega del Rey;Lena;Asturias;Asturias;España;1.VIII.2015;01/08/2015;F. Fresno;350 m;;hembra;;P. Álvarez;2022
MNCN_Ent 404989;1;Halictidae;Halictinae;Lasioglossum;Sphecodogastra;pauxillum;(Schenck, 1853);Vega del Rey (Lena) (Asturias);Vega del Rey;Lena;Asturias;Asturias;España;1.VIII.2015;01/08/2015;F. Fresno;350 m;;hembra;;P. Álvarez;2022
MNCN_Ent 404990;1;Halictidae;Halictinae;Lasioglossum;Sphecodogastra;pauxillum;(Schenck, 1853);Vega del Rey (Lena) (Asturias);Vega del Rey;Lena;Asturias;Asturias;España;10.VIII.2015;10/08/2015;F. Fresno;350 m;;hembra;;P. Álvarez;2022
MNCN_Ent 404991;1;Halictidae;Halictinae;Lasioglossum;Sphecodogastra;pauxillum;(Schenck, 1853);Vega del Rey (Lena) (Asturias);Vega del Rey;Lena;Asturias;Asturias;España;15.VIII.2015;15/08/2015;F. Fresno;350 m;;hembra;;P. Álvarez;2022
MNCN_Ent 404992;1;Halictidae;Halictinae;Lasioglossum;Sphecodogastra;pauxillum;(Schenck, 1853);Vega del Rey (Lena) (Asturias);Vega del Rey;Lena;Asturias;Asturias;España;19.VIII.2015;19/08/2015;F. Fresno;350 m;;hembra;;P. Álvarez;2022
MNCN_Ent 405004;1;Megachilidae;Megachilinae;Osmia;Helicosmia;caerulescens;(Linnaeus, 1758);Vega del Rey (Lena) (Asturias);Vega del Rey;Lena;Asturias;Asturias;España;9.VIII.2015;09/08/2015;F. Fresno;350 m;;macho;;P. Álvarez;2022
MNCN_Ent 405005;1;Megachilidae;Megachilinae;Megachile;Megachile;centuncularis;(Linnaeus, 1758);Vega del Rey (Lena) (Asturias);Vega del Rey;Lena;Asturias;Asturias;España;19.VIII.2015;19/08/2015;F. Fresno;350 m;;macho;;P. Álvarez;2022
MNCN_Ent 405006;1;Megachilidae;Megachilinae;Hoplitis;Anthocopa;albiscopa;(Friese, 1899);Tres Cantos (Madrid);Tres Cantos;Tres Cantos;Madrid;Madrid;España;21-IV-2023;21/04/2023;F. Fresno;;;hembra;;P. Álvarez;2023
MNCN_Ent 407784;1;Halictidae;Halictinae;Seladonia;Seladonia;subaurata;(Rossi, 1792);La Plaza (Teverga) (Asturias);La Plaza;Teverga;Asturias;Asturias;España;8.IX.2015;08/09/2015;F. Fresno;470 m;;macho;;P. Álvarez;2022
MNCN_Ent 407785;1;Halictidae;Halictinae;Seladonia;Seladonia;subaurata;(Rossi, 1792);La Plaza (Teverga) (Asturias);La Plaza;Teverga;Asturias;Asturias;España;8.IX.2015;08/09/2015;F. Fresno;470 m;;macho;;P. Álvarez;2022
MNCN_Ent 407788;1;Halictidae;Halictinae;Seladonia;Seladonia;subaurata;(Rossi, 1792);La Isla (Colunga) (Asturias);La Isla;Colunga;Asturias;Asturias;España;8.IX.2015;08/09/2015;F. Fresno;470 m;;macho;;P. Álvarez;2022
MNCN_Ent 407791;1;Halictidae;Halictinae;Seladonia;Pachyceble;tumulorum;(Linnaeus, 1758);Vega del Rey (Lena) (Asturias);Vega del Rey;Lena;Asturias;Asturias;España;8.VIII.2015;08/08/2015;F. Fresno;350 m;;hembra;;P. Álvarez;2022
MNCN_Ent 407792;1;Megachilidae;Megachilinae;Hoplitis;Alcidamea;leucomelana;(Kirby, 1802);Vega del Rey (Lena) (Asturias);Vega del Rey;Lena;Asturias;Asturias;España;16.VIII.2015;16/08/2015;F. Fresno;350 m;;hembra;;P. Álvarez;2023
MNCN_Ent 407793;1;Megachilidae;Megachilinae;Hoplitis;Alcidamea;leucomelana;(Kirby, 1802);Vega del Rey (Lena) (Asturias);Vega del Rey;Lena;Asturias;Asturias;España;10.VIII.2015;10/08/2015;F. Fresno;350 m;;hembra;;P. Álvarez;2023
MNCN_Ent 407892;1;Megachilidae;Megachilinae;Megachile;Megachile;centuncularis;(Linnaeus, 1758);Pola de Lena (Asturias);Pola de Lena;Lena;Asturias;Asturias;España;14.VIII.1972;14/08/1972;F. Fresno;;;macho;ex. Colección F. Fresno;P. Álvarez;2022
MNCN_Ent 407893;1;Megachilidae;Megachilinae;Megachile;Megachile;centuncularis;(Linnaeus, 1758);Pola de Lena (Asturias);Pola de Lena;Lena;Asturias;Asturias;España;30.VIII.1984;30/08/1984;F. Fresno;;;macho;ex. Colección F. Fresno;P. Álvarez;2022
MNCN_Ent 407894;1;Megachilidae;Megachilinae;Megachile;Megachile;centuncularis;(Linnaeus, 1758);Colunga (Asturias);Colunga;Colunga;Asturias;Asturias;España;05.VIII.2006;05/08/2006;F. Fresno;;;macho;ex. Colección F. Fresno;P. Álvarez;2022
MNCN_Ent 407895;1;Megachilidae;Megachilinae;Megachile;Megachile;centuncularis;(Linnaeus, 1758);Colunga (Asturias);Colunga;Colunga;Asturias;Asturias;España;28.VIII.2007;28/08/2007;F. Fresno;;;macho;ex. Colección F. Fresno;P. Álvarez;2022
MNCN_Ent 407896;1;Megachilidae;Megachilinae;Megachile;Megachile;centuncularis;(Linnaeus, 1758);Colunga (Asturias);Colunga;Colunga;Asturias;Asturias;España;17.VIII.2007;17/08/2007;F. Fresno;;;macho;ex. Colección F. Fresno;P. Álvarez;2022
MNCN_Ent 407897;1;Megachilidae;Megachilinae;Megachile;Megachile;centuncularis;(Linnaeus, 1758);La Isla (Asturias);La Isla;Colunga;Asturias;Asturias;España;17.VIII.2010;17/08/2010;F. Fresno;;;macho;ex. Colección F. Fresno;P. Álvarez;2022
MNCN_Ent 407898;1;Megachilidae;Megachilinae;Megachile;Megachile;centuncularis;(Linnaeus, 1758);La Isla (Asturias);La Isla;Colunga;Asturias;Asturias;España;19.VIII.2009;19/08/2009;F. Fresno;;;macho;ex. Colección F. Fresno;P. Álvarez;2022
MNCN_Ent 407899;1;Megachilidae;Megachilinae;Megachile;Megachile;centuncularis;(Linnaeus, 1758);La Isla (Asturias);La Isla;Colunga;Asturias;Asturias;España;19.VIII.2009;19/08/2009;F. Fresno;;;macho;ex. Colección F. Fresno;P. Álvarez;2022
MNCN_Ent 407900;1;Megachilidae;Megachilinae;Megachile;Eutricharaea;leachella;Curtis, 1828;La Franca (Asturias);La Franca;Ribadedeva;Asturias;Asturias;España;7.VIII.2008;07/08/2008;F. Fresno;;;macho;ex. Colección F. Fresno;P. Álvarez;2023
MNCN_Ent 407901;1;Megachilidae;Megachilinae;Megachile;Eutricharaea;leachella;Curtis, 1828;La Franca (Asturias);La Franca;Ribadedeva;Asturias;Asturias;España;7.VIII.2008;07/08/2008;F. Fresno;;;macho;ex. Colección F. Fresno;P. Álvarez;2023
MNCN_Ent 407902;1;Megachilidae;Megachilinae;Megachile;Eutricharaea;leachella;Curtis, 1828;La Franca (Asturias);La Franca;Ribadedeva;Asturias;Asturias;España;7.VIII.2008;07/08/2008;F. Fresno;;;macho;ex. Colección F. Fresno;P. Álvarez;2023
MNCN_Ent 407903;1;Megachilidae;Megachilinae;Megachile;Eutricharaea;leachella;Curtis, 1828;La Franca (Asturias);La Franca;Ribadedeva;Asturias;Asturias;España;7.VIII.2008;07/08/2008;F. Fresno;;;hembra;ex. Colección F. Fresno;P. Álvarez;2023
MNCN_Ent 407904;1;Megachilidae;Megachilinae;Megachile;Eutricharaea;leachella;Curtis, 1828;La Franca (Asturias);La Franca;Ribadedeva;Asturias;Asturias;España;7.VIII.2008;07/08/2008;F. Fresno;;;hembra;ex. Colección F. Fresno;P. Álvarez;2023
MNCN_Ent 407905;1;Megachilidae;Megachilinae;Megachile;Eutricharaea;leachella;Curtis, 1828;La Franca (Asturias);La Franca;Ribadedeva;Asturias;Asturias;España;7.VIII.2008;07/08/2008;F. Fresno;;;hembra;ex. Colección F. Fresno;P. Álvarez;2023
MNCN_Ent 407906;1;Megachilidae;Megachilinae;Megachile;Eutricharaea;leachella;Curtis, 1828;La Franca (Asturias);La Franca;Ribadedeva;Asturias;Asturias;España;7.VIII.2008;07/08/2008;F. Fresno;;;hembra;ex. Colección F. Fresno;P. Álvarez;2023
MNCN_Ent 408596;1;Megachilidae;Megachilinae;Osmia;Osmia;tricornis;Latreille, 1811;Muñopepe (Avila);Muñopepe;Muñopepe;Ávila;Castilla y León;España;VII-2014;jul-14;M. Hitado;;;hembra;;P. Álvarez;2024
MNCN_Ent 408647;1;Megachilidae;Megachilinae;Stelis;Stelis;odontopyga;Noskiewicz, 1926;Vega del Rey (Lena) (Asturias);Vega del Rey;Lena;Asturias;Asturias;España;1.VIII.2015;01/08/2015;F. Fresno;350 m;;hembra;;P. Álvarez;2022
MNCN_Ent 408657;1;Megachilidae;Megachilinae;Stelis;Stelis;odontopyga;Noskiewicz, 1926;Vega del Rey (Lena) (Asturias);Vega del Rey;Lena;Asturias;Asturias;España;19.VIII.2015;19/08/2015;F. Fresno;350 m;;macho;;P. Álvarez;2022
MNCN_Ent 408669;1;Halictidae;Halictinae;Lasioglossum;Sphecodogastra;malachurum;(Kirby, 1802);Vega del Rey (Lena) (Asturias);Vega del Rey;Lena;Asturias;Asturias;España;6.IX.2015;06/09/2015;F. Fresno;350 m;;macho;;P. Álvarez;2023
MNCN_Ent 408673;1;Halictidae;Halictinae;Lasioglossum;Sphecodogastra;malachurum;(Kirby, 1802);Vega del Rey (Lena) (Asturias);Vega del Rey;Lena;Asturias;Asturias;España;15.VIII.2015;15/08/2015;F. Fresno;350 m;;macho;;P. Álvarez;2022
MNCN_Ent 408764;1;Halictidae;Halictinae;Lasioglossum;Hemihalictus;minutissimum;(Kirby, 1802);Villaverde;Madrid, VIllaverde;Madrid;Madrid;Madrid;España;3.VIII.[19]06;03/08/1906;sin datos;;;hembra;Colección Cabrera;P. Álvarez;2022
MNCN_Ent 408765;1;Halictidae;Halictinae;Lasioglossum;Hemihalictus;minutissimum;(Kirby, 1802);Villaverde;Madrid, VIllaverde;Madrid;Madrid;Madrid;España;3.VIII.[19]06;03/08/1906;sin datos;;;hembra;Colección Cabrera;P. Álvarez;2022
MNCN_Ent 408767;1;Megachilidae;Megachilinae;Chelostoma;Foveosmia;campanularum;(Kirby, 1802);Barcial del Barco (ZA);Barcial del Barco;Barcial del Barco;Zamora;Castilla y León;España;23-V-2012;23/05/2012;F. Fresno;;;macho;ex. Colección F. Fresno;P. Álvarez;2023
MNCN_Ent 408768;1;Megachilidae;Megachilinae;Chelostoma;Foveosmia;campanularum;(Kirby, 1802);Piedraceda (Lena, Asturias);Piedraceda;Lena;Asturias;Asturias;España;28.07.2016;28/07/2016;F. Fresno;420 m;;macho;ex. Colección F. Fresno;P. Álvarez;2023
MNCN_Ent 408769;1;Megachilidae;Megachilinae;Chelostoma;Foveosmia;campanularum;(Kirby, 1802);Valle La Peral (Lena, Asturias);Valle La Peral;Lena;Asturias;Asturias;España;24.07.2016;24/07/2016;F. Fresno;;;macho;ex. Colección F. Fresno;P. Álvarez;2023
MNCN_Ent 408770;1;Megachilidae;Megachilinae;Chelostoma;Foveosmia;campanularum;(Kirby, 1802);Valle La Peral (Lena, Asturias);Valle La Peral;Lena;Asturias;Asturias;España;24.07.2016;24/07/2016;F. Fresno;;;hembra;ex. Colección F. Fresno;P. Álvarez;2023
MNCN_Ent 408771;1;Megachilidae;Megachilinae;Chelostoma;Foveosmia;campanularum;(Kirby, 1802);Valle La Peral (Lena, Asturias);Valle La Peral;Lena;Asturias;Asturias;España;28.07.2016;28/07/2016;F. Fresno;;;hembra;ex. Colección F. Fresno;P. Álvarez;2023
MNCN_Ent 408772;1;Megachilidae;Megachilinae;Chelostoma;Foveosmia;campanularum;(Kirby, 1802);Soto de Agues (Asturias);Soto de Agues;Sobrescobio;Asturias;Asturias;España;21-VII-2017;21/07/2017;F. Fresno;415 m;;hembra;ex. Colección F. Fresno;P. Álvarez;2023
MNCN_Ent 408773;1;Megachilidae;Megachilinae;Dioxys;;cinctus;(Jurine, 1807);Siero de la Reina (LE);Siero de la Reina;Boca de Huérgano;León;Castilla y León;España;11-VI-1996;11/06/1996;F. Fresno;;;macho;ex. Colección F. Fresno;P. Álvarez;2023
MNCN_Ent 408776;1;Megachilidae;Megachilinae;Anthidium;Anthidium;punctatum;Latreille, 1809;Rodiezmo (León);Rodiezmo de la Tercia;Villamanín;León;Castilla y León;España;10.VIII.2009;10/08/2009;F. Fresno;;;macho;ex. Colección F. Fresno;P. Álvarez;2023
MNCN_Ent 408781;1;Apidae;Andreninae;Andrena;Micrandrena;minutula;(Kirby, 1802);Pola de Lena (Asturias);Pola de Lena;Lena;Asturias;Asturias;España;12.04.2017;12/04/2017;F. Fresno;305 m;;hembra;ex. Colección F. Fresno;P. Álvarez;2022
MNCN_Ent 408782;1;Apidae;Andreninae;Andrena;Micrandrena;minutula;(Kirby, 1802);Pola de Lena (Asturias);Pola de Lena;Lena;Asturias;Asturias;España;12.04.2017;12/04/2017;F. Fresno;305 m;;hembra;ex. Colección F. Fresno;P. Álvarez;2022
MNCN_Ent 408783;1;Apidae;Andreninae;Andrena;Micrandrena;minutula;(Kirby, 1802);Pola de Lena (Asturias);Pola de Lena;Lena;Asturias;Asturias;España;16.04.2017;16/04/2017;F. Fresno;305 m;;hembra;ex. Colección F. Fresno;P. Álvarez;2022
MNCN_Ent 408784;1;Apidae;Andreninae;Andrena;Micrandrena;minutula;(Kirby, 1802);Telledo (Lena) (Asturias);Telledo;Lena;Asturias;Asturias;España;2.VIII.2006;02/08/2006;F. Fresno;;;hembra;ex. Colección F. Fresno;P. Álvarez;2022
MNCN_Ent 408785;1;Apidae;Andreninae;Andrena;Micrandrena;minutula;(Kirby, 1802);Zureda (Lena) (Asturias);Zureda;Lena;Asturias;Asturias;España;7.VIII.2006;07/08/2006;F. Fresno;;;hembra;ex. Colección F. Fresno;P. Álvarez;2023
MNCN_Ent 410317;1;Andrenidae;Andreninae;Andrena;Melandrena;morio;Brullé, 1832;Casa de Campo (Madrid);Madrid, Casa de Campo;Madrid;Madrid;Madrid;España;22-VII-1971;22/07/1971;A. Compte;;;hembra;;P. Álvarez;2024
MNCN_Ent 410960;1;Colletidae;Hylaeinae;Hylaeus;Paraprosopis;pictipes;Nylander, 1852;Vega del Rey (Lena) (Asturias);Vega del Rey;Lena;Asturias;Asturias;España;24.VIII.2015;24/08/2015;F. Fresno;350 m;;hembra;;P. Álvarez;2023
MNCN_Ent 410961;1;Colletidae;Hylaeinae;Hylaeus;Paraprosopis;pictipes;Nylander, 1852;Vega del Rey (Lena) (Asturias);Vega del Rey;Lena;Asturias;Asturias;España;21.VIII.2015;21/08/2015;F. Fresno;350 m;;hembra;;P. Álvarez;2023
MNCN_Ent 410965;1;Halictidae;Halictinae;Lasioglossum;Sphecodogastra;mediterraneum;(Blüthgen, 1926);Vega del Rey (Lena) (Asturias);Vega del Rey;Lena;Asturias;Asturias;España;9.VIII.2015;09/08/2015;F. Fresno;;;hembra;;P. Álvarez;2022
MNCN_Ent 410966;1;Halictidae;Halictinae;Lasioglossum;Sphecodogastra;mediterraneum;(Blüthgen, 1926);Vega del Rey (Lena) (Asturias);Vega del Rey;Lena;Asturias;Asturias;España;15.VIII.2015;15/08/2015;F. Fresno;;;hembra;;P. Álvarez;2022
MNCN_Ent 410967;1;Halictidae;Halictinae;Lasioglossum;Sphecodogastra;mediterraneum;(Blüthgen, 1926);Vega del Rey (Lena) (Asturias);Vega del Rey;Lena;Asturias;Asturias;España;6.VIII.2015;06/08/2015;F. Fresno;;;macho;;P. Álvarez;2023
MNCN_Ent 410987;1;Colletidae;Hylaeinae;Hylaeus;Abrupta;cornutus;Curtis, 1831;Castrovido (Burgos);Castrovido;Salas de Los Infantes;Burgos;Castilla y León;España;27-VIII-1989;27/08/1989;C. Rey;;;macho;;P. Álvarez;2023
MNCN_Ent 410988;1;Colletidae;Hylaeinae;Hylaeus;Abrupta;cornutus;Curtis, 1831;El Pardo (Madrid), La Quinta;Madrid, El Pardo;Madrid;Madrid;Madrid;España;10-VI-81;10/06/1981;I. Izquierdo;;;macho;;P. Álvarez;2023
MNCN_Ent 410989;1;Colletidae;Hylaeinae;Hylaeus;Abrupta;cornutus;Curtis, 1831;Gargantilla de Lozoya, Madrid;Gargantilla del Lozoya;Gargantilla del Lozoya y Pinilla de Buitrago;Madrid;Madrid;España;10-VI-86;10/06/1986;E. Mingo;;;hembra;;P. Álvarez;2023
MNCN_Ent 410990;1;Colletidae;Hylaeinae;Hylaeus;Abrupta;cornutus;Curtis, 1831;Montejo de la Sierra, Madrid;Montejo de la Sierra;Montejo de la Sierra;Madrid;Madrid;España;3-VII-86;03/07/1986;E. Mingo;;;hembra;;P. Álvarez;2023
MNCN_Ent 410991;1;Colletidae;Hylaeinae;Hylaeus;Abrupta;cornutus;Curtis, 1831;Soto del Real, Madrid;Soto del Real;Soto del Real;Madrid;Madrid;España;21-VII-85;21/07/1985;V. Llorente;;;hembra;;P. Álvarez;2023
MNCN_Ent 410992;1;Colletidae;Hylaeinae;Hylaeus;Abrupta;cornutus;Curtis, 1831;Miraflores de la Sierra, Madrid;Miraflores de la Sierra;Miraflores de la Sierra;Madrid;Madrid;España;18-VI-86;18/06/1986;V. Llorente;;;hembra;;P. Álvarez;2023
MNCN_Ent 410993;1;Colletidae;Hylaeinae;Hylaeus;Abrupta;cornutus;Curtis, 1831;El Escorial, Madrid;San Lorenzo de El Escorial;San Lorenzo de El Escorial;Madrid;Madrid;España;10-VI-82;10/06/1982;C. Rey;;;hembra;;P. Álvarez;2023
MNCN_Ent 410994;1;Colletidae;Hylaeinae;Hylaeus;Abrupta;cornutus;Curtis, 1831;Aranjuez, Madrid;Aranjuez;Aranjuez;Madrid;Madrid;España;30-V-1982;30/05/1982;sin datos;;;hembra;;P. Álvarez;2023
MNCN_Ent 410995;1;Colletidae;Hylaeinae;Hylaeus;Abrupta;cornutus;Curtis, 1831;Rivas-Vaciamadrid (Madrid);Rivas-Vaciamadrid;Rivas-Vaciamadrid;Madrid;Madrid;España;17.VIII.93;17/08/1993;J.I. López-Colón;;;hembra;;P. Álvarez;2023
MNCN_Ent 410996;1;Colletidae;Hylaeinae;Hylaeus;Abrupta;cornutus;Curtis, 1831;Rivas-Vaciamadrid (Madrid);Rivas-Vaciamadrid;Rivas-Vaciamadrid;Madrid;Madrid;España;17.VIII.93;17/08/1993;J.I. López-Colón;;;hembra;;P. Álvarez;2023
MNCN_Ent 410997;1;Colletidae;Hylaeinae;Hylaeus;Abrupta;cornutus;Curtis, 1831;Montarco;Rivas-Vaciamadrid;Rivas-Vaciamadrid;Madrid;Madrid;España;17-6-36;17/06/1936;Dusmet;;;hembra;Colección Dusmet;P. Álvarez;2023
MNCN_Ent 411041;1;Colletidae;Hylaeinae;Hylaeus;Prosopis;variegatus;(Fabricius, 1798);Madrid;Madrid;Madrid;Madrid;Madrid;España;16-VI-[19]06;16/07/1906;A. Sanz;;;hembra;Colección Cabrera;P. Álvarez;2022
MNCN_Ent 411042;1;Colletidae;Hylaeinae;Hylaeus;Prosopis;variegatus;(Fabricius, 1798);Madrid;Madrid;Madrid;Madrid;Madrid;España;16-VI-[19]06;16/07/1906;sin datos;;;hembra;Colección Cabrera;P. Álvarez;2022
MNCN_Ent 411043;1;Colletidae;Hylaeinae;Hylaeus;Prosopis;variegatus;(Fabricius, 1798);Madrid;Madrid;Madrid;Madrid;Madrid;España;6-6-24;06/06/1924;Dusmet;;;macho;Colección Dusmet;P. Álvarez;2022
MNCN_Ent 411044;1;Colletidae;Hylaeinae;Hylaeus;Prosopis;variegatus;(Fabricius, 1798);Madrid;Madrid;Madrid;Madrid;Madrid;España;6-6-24;06/06/1924;Dusmet;;;macho;Colección Dusmet;P. Álvarez;2022
MNCN_Ent 411045;1;Colletidae;Hylaeinae;Hylaeus;Prosopis;variegatus;(Fabricius, 1798);Madrid;Madrid;Madrid;Madrid;Madrid;España;6-6-24;06/06/1924;Dusmet;;;hembra;Colección Dusmet;P. Álvarez;2022
MNCN_Ent 411047;1;Colletidae;Hylaeinae;Hylaeus;Prosopis;variegatus;(Fabricius, 1798);Madrid;Madrid;Madrid;Madrid;Madrid;España;13-6-2;13/06/1902;Dusmet;;;hembra;Colección Dusmet;P. Álvarez;2022
MNCN_Ent 411048;1;Colletidae;Hylaeinae;Hylaeus;Prosopis;variegatus;(Fabricius, 1798);Madrid;Madrid;Madrid;Madrid;Madrid;España;13-6-2;13/06/1902;Dusmet;;;hembra;Colección Dusmet;P. Álvarez;2022
MNCN_Ent 411049;1;Colletidae;Hylaeinae;Hylaeus;Prosopis;variegatus;(Fabricius, 1798);San Fernando;San Fernando de Henares;San Fernando de Henares;Madrid;Madrid;España;8-6-10;08/06/1910;Dusmet;;;hembra;Colección Dusmet;P. Álvarez;2022
MNCN_Ent 411050;1;Colletidae;Hylaeinae;Hylaeus;Prosopis;variegatus;(Fabricius, 1798);Galapagar (Madrid);Galapagar;Galapagar;Madrid;Madrid;España;11-7-30;11/07/1930;Dusmet;;;macho;Colección Dusmet;P. Álvarez;2022
MNCN_Ent 411051;1;Colletidae;Hylaeinae;Hylaeus;Prosopis;variegatus;(Fabricius, 1798);C. Universitaria;Madrid, Ciudad Universitaria;Madrid;Madrid;Madrid;España;4-VIII-43;04/08/1943;Junco;;;macho;;P. Álvarez;2022
MNCN_Ent 411052;1;Colletidae;Hylaeinae;Hylaeus;Prosopis;variegatus;(Fabricius, 1798);C. Universitaria;Madrid, Ciudad Universitaria;Madrid;Madrid;Madrid;España;4-VIII-43;04/08/1943;Junco;;;macho;;P. Álvarez;2022
MNCN_Ent 411055;1;Colletidae;Hylaeinae;Hylaeus;Prosopis;variegatus;(Fabricius, 1798);El Pardo;Madrid, El Pardo;Madrid;Madrid;Madrid;España;10-7-6;10/07/1906;Dusmet;;;macho;Colección Dusmet;P. Álvarez;2022
MNCN_Ent 411056;1;Colletidae;Hylaeinae;Hylaeus;Prosopis;variegatus;(Fabricius, 1798);El Pardo;Madrid, El Pardo;Madrid;Madrid;Madrid;España;10-7-6;10/07/1906;Dusmet;;;macho;Colección Dusmet;P. Álvarez;2022
MNCN_Ent 411057;1;Colletidae;Hylaeinae;Hylaeus;Prosopis;variegatus;(Fabricius, 1798);El Pardo;Madrid, El Pardo;Madrid;Madrid;Madrid;España;5-7-27;05/07/1927;Dusmet;;;macho;Colección Dusmet;P. Álvarez;2022
MNCN_Ent 411058;1;Colletidae;Hylaeinae;Hylaeus;Prosopis;variegatus;(Fabricius, 1798);El Pardo;Madrid, El Pardo;Madrid;Madrid;Madrid;España;5-7-27;05/07/1927;Dusmet;;;macho;Colección Dusmet;P. Álvarez;2022
MNCN_Ent 411059;1;Colletidae;Hylaeinae;Hylaeus;Prosopis;variegatus;(Fabricius, 1798);El Pardo;Madrid, El Pardo;Madrid;Madrid;Madrid;España;5-7-27;05/07/1927;Dusmet;;;hembra;Colección Dusmet;P. Álvarez;2022
MNCN_Ent 411061;1;Colletidae;Hylaeinae;Hylaeus;Prosopis;variegatus;(Fabricius, 1798);El Pardo;Madrid, El Pardo;Madrid;Madrid;Madrid;España;VI-1908;jun-08;Bolivar;;;hembra;;P. Álvarez;2022
MNCN_Ent 411069;1;Colletidae;Hylaeinae;Hylaeus;Prosopis;variegatus;(Fabricius, 1798);Madrid, El Pardo;Madrid;Madrid;Madrid;Madrid;España;2-VIII-1912;02/08/1912;sin datos;;;hembra;Colección Cabrera;P. Álvarez;2022
MNCN_Ent 411070;1;Colletidae;Hylaeinae;Hylaeus;Prosopis;variegatus;(Fabricius, 1798);Madrid, El Pardo;Madrid;Madrid;Madrid;Madrid;España;2-VIII-1912;02/08/1912;sin datos;;;hembra;Colección Cabrera;P. Álvarez;2022
MNCN_Ent 411071;1;Colletidae;Hylaeinae;Hylaeus;Prosopis;variegatus;(Fabricius, 1798);Madrid, El Pardo;Madrid;Madrid;Madrid;Madrid;España;2-VIII-1912;02/08/1912;sin datos;;;hembra;Colección Cabrera;P. Álvarez;2022
MNCN_Ent 411072;1;Colletidae;Hylaeinae;Hylaeus;Prosopis;variegatus;(Fabricius, 1798);El Pardo;Madrid, El Pardo;Madrid;Madrid;Madrid;España;22-VII-06;22/08/1906;sin datos;;;hembra;Colección Cabrera;P. Álvarez;2022
MNCN_Ent 411073;1;Colletidae;Hylaeinae;Hylaeus;Prosopis;variegatus;(Fabricius, 1798);El Pardo;Madrid, El Pardo;Madrid;Madrid;Madrid;España;VI-1943;jun-43;Junco;;;hembra;;P. Álvarez;2022
MNCN_Ent 411074;1;Colletidae;Hylaeinae;Hylaeus;Prosopis;variegatus;(Fabricius, 1798);El Pardo;Madrid, El Pardo;Madrid;Madrid;Madrid;España;13-VI-1943;13/06/1943;Junco;;;hembra;;P. Álvarez;2022
MNCN_Ent 411075;1;Colletidae;Hylaeinae;Hylaeus;Prosopis;variegatus;(Fabricius, 1798);San Fernando;San Fernando de Henares;San Fernando de Henares;Madrid;Madrid;España;29-5-902;29/05/1902;G. Mercet;;;macho;;P. Álvarez;2022
MNCN_Ent 411078;1;Colletidae;Hylaeinae;Hylaeus;Prosopis;variegatus;(Fabricius, 1798);Aranjuez;Aranjuez;Aranjuez;Madrid;Madrid;España;27-V-20;27/05/1920;Dusmet;;;hembra;Colección Dusmet;P. Álvarez;2022
MNCN_Ent 411079;1;Colletidae;Hylaeinae;Hylaeus;Prosopis;variegatus;(Fabricius, 1798);Aranjuez;Aranjuez;Aranjuez;Madrid;Madrid;España;1-6-16;01/06/1916;Dusmet;;;hembra;Colección Dusmet;P. Álvarez;2022
MNCN_Ent 411081;1;Colletidae;Hylaeinae;Hylaeus;Prosopis;variegatus;(Fabricius, 1798);Ribas;Rivas-Vaciamadrid;Rivas-Vaciamadrid;Madrid;Madrid;España;25-7-00;25/07/1900;Dusmet;;;hembra;Colección Dusmet;P. Álvarez;2022
MNCN_Ent 411082;1;Colletidae;Hylaeinae;Hylaeus;Prosopis;variegatus;(Fabricius, 1798);Ribas;Rivas-Vaciamadrid;Rivas-Vaciamadrid;Madrid;Madrid;España;25-7-00;25/07/1900;Dusmet;;;hembra;Colección Dusmet;P. Álvarez;2022
MNCN_Ent 411083;1;Colletidae;Hylaeinae;Hylaeus;Prosopis;variegatus;(Fabricius, 1798);Arganda (Madrid);Arganda;Arganda;Madrid;Madrid;España;6-6-2;06/06/1902;Dusmet;;;hembra;Colección Dusmet;P. Álvarez;2022
MNCN_Ent 411085;1;Colletidae;Hylaeinae;Hylaeus;Prosopis;variegatus;(Fabricius, 1798);Vaciamadrid;Rivas-Vaciamadrid;Rivas-Vaciamadrid;Madrid;Madrid;España;21-5-27;21/05/1927;Dusmet;;;hembra;Colección Dusmet;P. Álvarez;2022
MNCN_Ent 411086;1;Colletidae;Hylaeinae;Hylaeus;Prosopis;variegatus;(Fabricius, 1798);Vaciamadrid;Rivas-Vaciamadrid;Rivas-Vaciamadrid;Madrid;Madrid;España;24-5-23;24/05/1923;Dusmet;;;hembra;Colección Dusmet;P. Álvarez;2022
MNCN_Ent 411087;1;Colletidae;Hylaeinae;Hylaeus;Prosopis;variegatus;(Fabricius, 1798);Vaciamadrid;Rivas-Vaciamadrid;Rivas-Vaciamadrid;Madrid;Madrid;España;21-5-27;21/05/1927;Dusmet;;;hembra;Colección Dusmet;P. Álvarez;2022
MNCN_Ent 411088;1;Colletidae;Hylaeinae;Hylaeus;Prosopis;variegatus;(Fabricius, 1798);Montarco;Rivas-Vaciamadrid;Rivas-Vaciamadrid;Madrid;Madrid;España;14-IX-06;14/09/1906;sin datos;;;macho;Colección Cabrera;P. Álvarez;2022
MNCN_Ent 411089;1;Colletidae;Hylaeinae;Hylaeus;Prosopis;variegatus;(Fabricius, 1798);Montarco;Rivas-Vaciamadrid;Rivas-Vaciamadrid;Madrid;Madrid;España;21-8-06;21/08/1906;sin datos;;;macho;Colección Cabrera;P. Álvarez;2022
MNCN_Ent 411090;1;Colletidae;Hylaeinae;Hylaeus;Prosopis;variegatus;(Fabricius, 1798);Montarco;Rivas-Vaciamadrid;Rivas-Vaciamadrid;Madrid;Madrid;España;27-VIII-06;27/08/1906;sin datos;;;macho;Colección Cabrera;P. Álvarez;2022
MNCN_Ent 411091;1;Colletidae;Hylaeinae;Hylaeus;Prosopis;variegatus;(Fabricius, 1798);Montarco;Rivas-Vaciamadrid;Rivas-Vaciamadrid;Madrid;Madrid;España;21-VIII-06;21/08/1906;sin datos;;;macho;Colección Cabrera;P. Álvarez;2022
MNCN_Ent 411094;1;Colletidae;Hylaeinae;Hylaeus;Prosopis;variegatus;(Fabricius, 1798);Montarco;Rivas-Vaciamadrid;Rivas-Vaciamadrid;Madrid;Madrid;España;12-6-5;12/06/1905;Dusmet;;;hembra;Colección Dusmet;P. Álvarez;2022
MNCN_Ent 411127;1;Colletidae;Hylaeinae;Hylaeus;Prosopis;variegatus;(Fabricius, 1798);Hontoria del Pinar, Burgos;Hontoria del Pinar;Hontoria del Pinar;Madrid;Madrid;España;14-VIII-1983;14/08/1983;C. Rey;;;macho;ex. Col. C. Rey;P. Álvarez;2022
MNCN_Ent 411128;1;Colletidae;Hylaeinae;Hylaeus;Prosopis;variegatus;(Fabricius, 1798);Hontoria del Pinar, Burgos;Hontoria del Pinar;Hontoria del Pinar;Madrid;Madrid;España;20-VIII-1983;20/08/1983;C. Rey;;;macho;ex. Col. C. Rey;P. Álvarez;2022
MNCN_Ent 411129;1;Colletidae;Hylaeinae;Hylaeus;Prosopis;variegatus;(Fabricius, 1798);Hontoria del Pinar, Burgos;Hontoria del Pinar;Hontoria del Pinar;Madrid;Madrid;España;20-VIII-1983;20/08/1983;C. Rey;;;macho;ex. Col. C. Rey;P. Álvarez;2022
MNCN_Ent 411130;1;Colletidae;Hylaeinae;Hylaeus;Prosopis;variegatus;(Fabricius, 1798);Navas del Marques, Avila;Navas del Marqués;Navas del Marqués;Ávila;Castilla y León;España;16-VII-1983;16/07/1983;C. Rey;;;macho;ex. Col. C. Rey;P. Álvarez;2022
MNCN_Ent 411131;1;Colletidae;Hylaeinae;Hylaeus;Prosopis;variegatus;(Fabricius, 1798);Soto del Real, Madrid;Soto del Real;Soto del Real;Madrid;Madrid;España;26-VI-1983;26/06/1983;C. Rey;;;macho;ex. Col. C. Rey;P. Álvarez;2022
MNCN_Ent 411132;1;Colletidae;Hylaeinae;Hylaeus;Prosopis;variegatus;(Fabricius, 1798);Escorial (Urb. Los Arroyos);San Lorenzo de El Escorial;San Lorenzo de El Escorial;Madrid;Madrid;España;22-6-80;22/06/1980;Carmen Rey;;;macho;ex. Col. C. Rey;P. Álvarez;2022
MNCN_Ent 411133;1;Colletidae;Hylaeinae;Hylaeus;Prosopis;variegatus;(Fabricius, 1798);Escorial (Urb. Los Arroyos);San Lorenzo de El Escorial;San Lorenzo de El Escorial;Madrid;Madrid;España;22-6-80;22/06/1980;Carmen Rey;;;hembra;ex. Col. C. Rey;P. Álvarez;2022
MNCN_Ent 411134;1;Colletidae;Hylaeinae;Hylaeus;Prosopis;variegatus;(Fabricius, 1798);Escorial (Urb. Los Arroyos);San Lorenzo de El Escorial;San Lorenzo de El Escorial;Madrid;Madrid;España;21-VI-81;21/06/1981;Carmen Rey;;;hembra;ex. Col. C. Rey;P. Álvarez;2022
MNCN_Ent 411135;1;Colletidae;Hylaeinae;Hylaeus;Prosopis;variegatus;(Fabricius, 1798);Escorial (Urb. Los Arroyos);San Lorenzo de El Escorial;San Lorenzo de El Escorial;Madrid;Madrid;España;21-VI-81;21/06/1981;C. Rey;;;hembra;ex. Col. C. Rey;P. Álvarez;2022
MNCN_Ent 411136;1;Colletidae;Hylaeinae;Hylaeus;Prosopis;variegatus;(Fabricius, 1798);Escorial (Los Arroyos);San Lorenzo de El Escorial;San Lorenzo de El Escorial;Madrid;Madrid;España;7-VIII-1983;07/08/1983;C. Rey;;;hembra;ex. Col. C. Rey;P. Álvarez;2022
MNCN_Ent 411137;1;Colletidae;Hylaeinae;Hylaeus;Prosopis;variegatus;(Fabricius, 1798);Escorial (Los Arroyos);San Lorenzo de El Escorial;San Lorenzo de El Escorial;Madrid;Madrid;España;24-VII-1983;24/07/1983;C. Rey;;;macho;ex. Col. C. Rey;P. Álvarez;2022
MNCN_Ent 411138;1;Colletidae;Hylaeinae;Hylaeus;Prosopis;variegatus;(Fabricius, 1798);Escorial (Urb. Los Arroyos);San Lorenzo de El Escorial;San Lorenzo de El Escorial;Madrid;Madrid;España;13-VI-81;13/06/1981;C. Rey;;;macho;ex. Col. C. Rey;P. Álvarez;2022
MNCN_Ent 411139;1;Colletidae;Hylaeinae;Hylaeus;Prosopis;variegatus;(Fabricius, 1798);Escorial. Los Arroyos (Madrid);San Lorenzo de El Escorial;San Lorenzo de El Escorial;Madrid;Madrid;España;12-VIII-1990;12/08/1990;C. Rey;;;macho;;P. Álvarez;2022
MNCN_Ent 411140;1;Colletidae;Hylaeinae;Hylaeus;Prosopis;variegatus;(Fabricius, 1798);El Escorial, P. de Madrid;San Lorenzo de El Escorial;San Lorenzo de El Escorial;Madrid;Madrid;España;29-V-80;29/05/1980;C. Rey;;;macho;;P. Álvarez;2022
MNCN_Ent 411147;1;Colletidae;Hylaeinae;Hylaeus;Prosopis;variegatus;(Fabricius, 1798);Escorial;San Lorenzo de El Escorial;San Lorenzo de El Escorial;Madrid;Madrid;España;21-6-22;21/06/1922;Dusmet;;;macho;Colección Dusmet;P. Álvarez;2022
MNCN_Ent 411148;1;Colletidae;Hylaeinae;Hylaeus;Prosopis;variegatus;(Fabricius, 1798);Escorial;San Lorenzo de El Escorial;San Lorenzo de El Escorial;Madrid;Madrid;España;21-6-22;21/06/1922;Dusmet;;;macho;Colección Dusmet;P. Álvarez;2022
MNCN_Ent 411149;1;Colletidae;Hylaeinae;Hylaeus;Prosopis;variegatus;(Fabricius, 1798);Escorial;San Lorenzo de El Escorial;San Lorenzo de El Escorial;Madrid;Madrid;España;21-6-22;21/06/1922;Dusmet;;;macho;Colección Dusmet;P. Álvarez;2022
MNCN_Ent 411150;1;Colletidae;Hylaeinae;Hylaeus;Prosopis;variegatus;(Fabricius, 1798);Escorial;San Lorenzo de El Escorial;San Lorenzo de El Escorial;Madrid;Madrid;España;21-6-22;21/06/1922;Dusmet;;;macho;Colección Dusmet;P. Álvarez;2022
MNCN_Ent 411151;1;Colletidae;Hylaeinae;Hylaeus;Prosopis;variegatus;(Fabricius, 1798);Escorial;San Lorenzo de El Escorial;San Lorenzo de El Escorial;Madrid;Madrid;España;21-6-22;21/06/1922;Dusmet;;;macho;Colección Dusmet;P. Álvarez;2022
MNCN_Ent 411152;1;Colletidae;Hylaeinae;Hylaeus;Prosopis;variegatus;(Fabricius, 1798);Escorial;San Lorenzo de El Escorial;San Lorenzo de El Escorial;Madrid;Madrid;España;21-6-22;21/06/1922;Dusmet;;;hembra;Colección Dusmet;P. Álvarez;2022
MNCN_Ent 411153;1;Colletidae;Hylaeinae;Hylaeus;Prosopis;variegatus;(Fabricius, 1798);Escorial;San Lorenzo de El Escorial;San Lorenzo de El Escorial;Madrid;Madrid;España;9-6-23;09/06/1923;Dusmet;;;hembra;Colección Dusmet;P. Álvarez;2022
MNCN_Ent 411154;1;Colletidae;Hylaeinae;Hylaeus;Prosopis;variegatus;(Fabricius, 1798);Escorial;San Lorenzo de El Escorial;San Lorenzo de El Escorial;Madrid;Madrid;España;20-6-4;20/06/1904;Dusmet;;;hembra;Colección Dusmet;P. Álvarez;2022
MNCN_Ent 411155;1;Colletidae;Hylaeinae;Hylaeus;Prosopis;variegatus;(Fabricius, 1798);Escorial;San Lorenzo de El Escorial;San Lorenzo de El Escorial;Madrid;Madrid;España;20-6-4;20/06/1904;Dusmet;;;macho;Colección Dusmet;P. Álvarez;2022
MNCN_Ent 411171;1;Colletidae;Hylaeinae;Hylaeus;Prosopis;variegatus;(Fabricius, 1798);Canencia, Madrid;Canencia;Canencia;Madrid;Madrid;España;18-VI-1986;18/06/1986;E. Mingo;;;macho;;P. Álvarez;2022
MNCN_Ent 411173;1;Colletidae;Hylaeinae;Hylaeus;Prosopis;variegatus;(Fabricius, 1798);Pontevedra;Pontevedra;Pontevedra;Pontevedra;Galicia;España;VII-22;jul-22;Dusmet;;;macho;Colección Dusmet;P. Álvarez;2022
MNCN_Ent 411174;1;Colletidae;Hylaeinae;Hylaeus;Prosopis;variegatus;(Fabricius, 1798);Pontevedra;Pontevedra;Pontevedra;Pontevedra;Galicia;España;VII-22;jul-22;Dusmet;;;hembra;Colección Dusmet;P. Álvarez;2022
MNCN_Ent 411175;1;Colletidae;Hylaeinae;Hylaeus;Prosopis;variegatus;(Fabricius, 1798);Pontevedra;Pontevedra;Pontevedra;Pontevedra;Galicia;España;VII-22;jul-22;Dusmet;;;hembra;Colección Dusmet;P. Álvarez;2022
MNCN_Ent 411176;1;Colletidae;Hylaeinae;Hylaeus;Prosopis;variegatus;(Fabricius, 1798);Bayona;Bayona;Bayona;Pontevedra;Galicia;España;VIII-1922;ago-22;Dusmet;;;hembra;Colección Dusmet;P. Álvarez;2022
MNCN_Ent 411177;1;Colletidae;Hylaeinae;Hylaeus;Prosopis;variegatus;(Fabricius, 1798);Bayona;Bayona;Bayona;Pontevedra;Galicia;España;VIII-1922;ago-22;Dusmet;;;hembra;Colección Dusmet;P. Álvarez;2022
MNCN_Ent 411178;1;Colletidae;Hylaeinae;Hylaeus;Prosopis;variegatus;(Fabricius, 1798);Bayona;Bayona;Bayona;Pontevedra;Galicia;España;VIII-1922;ago-22;Dusmet;;;hembra;Colección Dusmet;P. Álvarez;2022
MNCN_Ent 411180;1;Colletidae;Hylaeinae;Hylaeus;Prosopis;variegatus;(Fabricius, 1798);Ormáiztegui;Ormáiztegui;Ormáiztegui;Guipúzcoa;País Vasco;España;Agosto 1900;ago-00;Dusmet;;;hembra;Colección Dusmet;P. Álvarez;2022
MNCN_Ent 411181;1;Colletidae;Hylaeinae;Hylaeus;Prosopis;variegatus;(Fabricius, 1798);Ormáiztegui;Ormáiztegui;Ormáiztegui;Guipúzcoa;País Vasco;España;Agosto 1900;ago-00;Dusmet;;;hembra;Colección Dusmet;P. Álvarez;2022
MNCN_Ent 411182;1;Colletidae;Hylaeinae;Hylaeus;Prosopis;variegatus;(Fabricius, 1798);Zaldívar;Zaldívar;Zaldívar;Vizcaya;País Vasco;España;5-8-16;05/08/1916;Dusmet;;;macho;Colección Dusmet;P. Álvarez;2022
MNCN_Ent 411183;1;Colletidae;Hylaeinae;Hylaeus;Prosopis;variegatus;(Fabricius, 1798);Torrelavega;Torrelavega;Torrelavega;Cantabria;Cantabria;España;24-7-17;24/07/1917;Dusmet;;;hembra;Colección Dusmet;P. Álvarez;2022
MNCN_Ent 411184;1;Colletidae;Hylaeinae;Hylaeus;Prosopis;variegatus;(Fabricius, 1798);Torrelavega;Torrelavega;Torrelavega;Cantabria;Cantabria;España;24-7-17;24/07/1917;Dusmet;;;hembra;Colección Dusmet;P. Álvarez;2022
MNCN_Ent 411185;1;Colletidae;Hylaeinae;Hylaeus;Prosopis;variegatus;(Fabricius, 1798);Tama (Cantabria);Tama;Tama;Cantabria;Cantabria;España;23-VIII-1990;23/08/1990;C. Rey;;;hembra;;P. Álvarez;2022
MNCN_Ent 411186;1;Colletidae;Hylaeinae;Hylaeus;Prosopis;variegatus;(Fabricius, 1798);Tama (Cantabria);Tama;Tama;Cantabria;Cantabria;España;23-VIII-1990;23/08/1990;C. Rey;;;hembra;;P. Álvarez;2022
MNCN_Ent 411191;1;Colletidae;Hylaeinae;Hylaeus;Prosopis;variegatus;(Fabricius, 1798);Area de Montarco, Rivas-Vaciamadrid (Madrid);Rivas-Vaciamadrid;Rivas-Vaciamadrid;Madrid;Madrid;España;VIII-1997;ago-97;J.I. López-Colón;;;hembra;;P. Álvarez;2022
MNCN_Ent 411192;1;Colletidae;Hylaeinae;Hylaeus;Prosopis;variegatus;(Fabricius, 1798);Area de Montarco, Rivas-Vaciamadrid (Madrid);Rivas-Vaciamadrid;Rivas-Vaciamadrid;Madrid;Madrid;España;21-VIII-97;21/08/1997;J.I. López-Colón;;;macho;;P. Álvarez;2022
MNCN_Ent 411193;1;Colletidae;Hylaeinae;Hylaeus;Prosopis;variegatus;(Fabricius, 1798);Navalafuente (Prov. de Madrid);Navalafuente;Navalafuente;Madrid;Madrid;España;31-V-1986;31/05/1986;E. Plaza;910 m.;;macho;;P. Álvarez;2022
MNCN_Ent 411194;1;Colletidae;Hylaeinae;Hylaeus;Prosopis;variegatus;(Fabricius, 1798);El Pardo (Madrid), Fuencarral;Madrid, El Pardo;Madrid;Madrid;Madrid;España;15-V-79;15/05/1979;L. Hinojosa;;;macho;;P. Álvarez;2022
MNCN_Ent 411195;1;Colletidae;Hylaeinae;Hylaeus;Prosopis;variegatus;(Fabricius, 1798);El Pardo (Madrid), La Quinta;Madrid, El Pardo;Madrid;Madrid;Madrid;España;10-VI-81;10/06/1981;I. Izquierdo;;;macho;;P. Álvarez;2022
MNCN_Ent 411196;1;Colletidae;Hylaeinae;Hylaeus;Prosopis;variegatus;(Fabricius, 1798);El Pardo (Madrid), La Quinta;Madrid, El Pardo;Madrid;Madrid;Madrid;España;10-VI-81;10/06/1981;I. Izquierdo;;;macho;;P. Álvarez;2022
MNCN_Ent 411197;1;Colletidae;Hylaeinae;Hylaeus;Prosopis;variegatus;(Fabricius, 1798);El Pardo (Madrid), La Quinta;Madrid, El Pardo;Madrid;Madrid;Madrid;España;10-VI-81;10/06/1981;sin datos;;;hembra;;P. Álvarez;2022
MNCN_Ent 411198;1;Colletidae;Hylaeinae;Hylaeus;Prosopis;variegatus;(Fabricius, 1798);Torrelodones;Torrelodones;Torrelodones;Madrid;Madrid;España;15-VIII-[19]62;25/08/1962;sin datos;;;hembra;;P. Álvarez;2022
MNCN_Ent 411199;1;Colletidae;Hylaeinae;Hylaeus;Prosopis;variegatus;(Fabricius, 1798);Torrelaguna, Madrid;Torrelaguna;Torrelaguna;Madrid;Madrid;España;3-VI-86;03/06/1986;E. Mingo;;;hembra;;P. Álvarez;2022
MNCN_Ent 411201;1;Colletidae;Hylaeinae;Hylaeus;Prosopis;variegatus;(Fabricius, 1798);Torrelaguna (Prov. de Madrid);Torrelaguna;Torrelaguna;Madrid;Madrid;España;31-VI-86;31/06/1986;E. Plaza;744 m.;;hembra;;P. Álvarez;2022
MNCN_Ent 413933;1;Colletidae;Hylaeinae;Hylaeus;Prosopis;variegatus;(Fabricius, 1798);Soto del Real, C. Viejo, Madrid;Soto del Real;Soto del Real;Madrid;Madrid;España;21-VII-85;21/07/1985;[V. Llorente];;;hembra;;P. Álvarez;2022
MNCN_Ent 413934;1;Colletidae;Hylaeinae;Hylaeus;Prosopis;variegatus;(Fabricius, 1798);Soto del Real, C. Viejo, Madrid;Soto del Real;Soto del Real;Madrid;Madrid;España;21-VII-85;21/07/1985;V. Llorente;;;macho;;P. Álvarez;2022
MNCN_Ent 413935;1;Colletidae;Hylaeinae;Hylaeus;Prosopis;variegatus;(Fabricius, 1798);Granucillo de Vidriales, Zamora;Granucillo;Granucillo;Zamora;Castilla y León;España;25-VIII-1989;25/08/1989;P. Bahillo;850 m.;;macho;;P. Álvarez;2022
MNCN_Ent 413936;1;Colletidae;Hylaeinae;Hylaeus;Prosopis;variegatus;(Fabricius, 1798);Prádena del Rincón, Madrid;Prádena del Rincón;Prádena del Rincón;Madrid;Madrid;España;3-VII-86;03/07/1986;V. Llorente;;;macho;;P. Álvarez;2022
MNCN_Ent 413937;1;Colletidae;Hylaeinae;Hylaeus;Prosopis;variegatus;(Fabricius, 1798);Prádena del Rincón, Madrid;Prádena del Rincón;Prádena del Rincón;Madrid;Madrid;España;3-VII-86;03/07/1986;V. Llorente;;;hembra;;P. Álvarez;2022
MNCN_Ent 413938;1;Colletidae;Hylaeinae;Hylaeus;Prosopis;variegatus;(Fabricius, 1798);Prádena del Rincón, Madrid;Prádena del Rincón;Prádena del Rincón;Madrid;Madrid;España;3-VII-86;03/07/1986;V. Llorente;;;hembra;;P. Álvarez;2022
MNCN_Ent 413939;1;Colletidae;Hylaeinae;Hylaeus;Prosopis;variegatus;(Fabricius, 1798);Miraflores de la Sierra, Madrid;Miraflores de la Sierra;Miraflores de la Sierra;Madrid;Madrid;España;8-VI-86;08/06/1986;E. Mingo;;;hembra;;P. Álvarez;2022
MNCN_Ent 413940;1;Colletidae;Hylaeinae;Hylaeus;Prosopis;variegatus;(Fabricius, 1798);Miraflores de la Sierra, Madrid;Miraflores de la Sierra;Miraflores de la Sierra;Madrid;Madrid;España;8-VI-86;08/06/1986;E. Mingo;;;hembra;;P. Álvarez;2022
MNCN_Ent 413947;1;Colletidae;Hylaeinae;Hylaeus;Prosopis;variegatus;(Fabricius, 1798);Sierra-Morena, Espiel;Espiel;Espiel;Córdoba;Andalucía;España;26.5.27;26/05/1927;A. Seyrig;;;hembra;Colección Dusmet;P. Álvarez;2022
MNCN_Ent 413948;1;Colletidae;Hylaeinae;Hylaeus;Prosopis;variegatus;(Fabricius, 1798);Sierra-Morena, Espiel;Espiel;Espiel;Córdoba;Andalucía;España;26-V-27;26/05/1927;A. Seyrig;;;hembra;Colección Dusmet;P. Álvarez;2022
MNCN_Ent 413949;1;Colletidae;Hylaeinae;Hylaeus;Prosopis;variegatus;(Fabricius, 1798);P.C. Centellas;Centellas;Centellas;Barcelona;Cataluña;España;VIII.1925;ago-25;Más de Xaxars;;;hembra;;P. Álvarez;2022
MNCN_Ent 413952;1;Colletidae;Hylaeinae;Hylaeus;Prosopis;variegatus;(Fabricius, 1798);Somosierra;Somosierra;Somosierra;Madrid;Madrid;España;28-6-24;28/06/1924;Ceballos;;;hembra;Colección Dusmet;P. Álvarez;2022
MNCN_Ent 413953;1;Colletidae;Hylaeinae;Hylaeus;Prosopis;variegatus;(Fabricius, 1798);Monbeltran (Gredos);Monbeltran;Monbeltran;Ávila;Castilla y León;España;8-1915;ago-15;Mercet;;;hembra;Colección Gª Mercet;P. Álvarez;2022
MNCN_Ent 413960;1;Colletidae;Hylaeinae;Hylaeus;Prosopis;variegatus;(Fabricius, 1798);El Pardo (El Goloso) Madrid;Madrid, El Pardo;Madrid;Madrid;Madrid;España;(9-16)-VII-1992;9-16/07/1992;Nieves & Rey;;;macho;;P. Álvarez;2022
MNCN_Ent 413961;1;Colletidae;Hylaeinae;Hylaeus;Prosopis;variegatus;(Fabricius, 1798);Ventorrillo;Navacerrada;Cercedilla;Madrid;Madrid;España;15-7-45;15/07/1945;Esteban;;;macho;;P. Álvarez;2022
MNCN_Ent 413963;1;Colletidae;Hylaeinae;Hylaeus;Prosopis;variegatus;(Fabricius, 1798);Salamanca;Salamanca;Salamanca;Salamanca;Castilla y León;España;29-7-40;29/07/1940;Dusmet;;;macho;Colección Dusmet;P. Álvarez;2022
MNCN_Ent 413964;1;Colletidae;Hylaeinae;Hylaeus;Prosopis;variegatus;(Fabricius, 1798);Jaca (Huesca);Jaca;Jaca;Huesca;Aragón;España;Agosto 1932;ago-32;Dusmet;;;macho;Colección Dusmet;P. Álvarez;2022
MNCN_Ent 413966;1;Colletidae;Hylaeinae;Hylaeus;Prosopis;variegatus;(Fabricius, 1798);Tarragona;Tarragona;Tarragona;Tarragona;Cataluña;España;Agosto-925;ago-25;J. M. Dusmet;;;macho;Colección Dusmet;P. Álvarez;2022
MNCN_Ent 413967;1;Colletidae;Hylaeinae;Hylaeus;Prosopis;variegatus;(Fabricius, 1798);Orduña;Orduña;Orduña;Vizcaya;País Vasco;España;5-8-14;05/08/1914;Dusmet;;;hembra;Colección Dusmet;P. Álvarez;2022
MNCN_Ent 413968;1;Colletidae;Hylaeinae;Hylaeus;Prosopis;variegatus;(Fabricius, 1798);Belinchón (Cuenca);Belinchón;Belinchón;Cuenca;Castilla-La Mancha;España;8-VII-1925;08/07/1925;J. M. Dusmet;;;hembra;Colección Dusmet;P. Álvarez;2022
MNCN_Ent 413969;1;Colletidae;Hylaeinae;Hylaeus;Prosopis;variegatus;(Fabricius, 1798);Cercedilla;Cercedilla;Cercedilla;Madrid;Madrid;España;30-VI-1912;30/06/1912;Mercet;;;hembra;Colección Cabrera;P. Álvarez;2022
MNCN_Ent 413985;1;Colletidae;Hylaeinae;Hylaeus;Prosopis;variegatus;(Fabricius, 1798);Valladolid;Valladolid;Valladolid;Valladolid;Castilla y León;España;14.6.[18]92;140/06/1892;sin datos;;;macho;;P. Álvarez;2022
MNCN_Ent 413986;1;Colletidae;Hylaeinae;Hylaeus;Prosopis;variegatus;(Fabricius, 1798);Valladolid;Valladolid;Valladolid;Valladolid;Castilla y León;España;14.6.[18]92;14/06/1892;sin datos;;;hembra;;P. Álvarez;2022
MNCN_Ent 413987;1;Colletidae;Hylaeinae;Hylaeus;Prosopis;variegatus;(Fabricius, 1798);Valladolid;Valladolid;Valladolid;Valladolid;Castilla y León;España;14.6.[18]92;14/06/1892;sin datos;;;hembra;;P. Álvarez;2022
MNCN_Ent 413988;1;Colletidae;Hylaeinae;Hylaeus;Prosopis;variegatus;(Fabricius, 1798);El Pardo;Madrid, El Pardo;Madrid;Madrid;Madrid;España;5-7-27;05/07/1927;Dusmet;;;hembra;Colección Dusmet;P. Álvarez;2022
MNCN_Ent 413989;1;Colletidae;Hylaeinae;Hylaeus;Prosopis;variegatus;(Fabricius, 1798);Vaciamadrid;Rivas-Vaciamadrid;Rivas-Vaciamadrid;Madrid;Madrid;España;24-5-23;24/05/1923;Dusmet;;;hembra;Colección Dusmet;P. Álvarez;2022
MNCN_Ent 413990;1;Colletidae;Hylaeinae;Hylaeus;Prosopis;variegatus;(Fabricius, 1798);Madrid;Madrid;Madrid;Madrid;Madrid;España;6-6-24;06/06/2024;Dusmet;;;hembra;Colección Dusmet;P. Álvarez;2022
MNCN_Ent 413992;1;Colletidae;Hylaeinae;Hylaeus;Prosopis;variegatus;(Fabricius, 1798);Tiermas;Tiermas;Sigüés;Zaragoza;Aragón;España;VIII-26;ago-26;Dusmet;;;hembra;Colección Dusmet;P. Álvarez;2022
MNCN_Ent 413993;1;Colletidae;Hylaeinae;Hylaeus;Prosopis;variegatus;(Fabricius, 1798);Tiermas;Tiermas;Sigüés;Zaragoza;Aragón;España;VIII-26;ago-26;Dusmet;;;hembra;Colección Dusmet;P. Álvarez;2022
MNCN_Ent 413994;1;Colletidae;Hylaeinae;Hylaeus;Prosopis;variegatus;(Fabricius, 1798);Tiermas;Tiermas;Sigüés;Zaragoza;Aragón;España;VIII-26;ago-26;Dusmet;;;macho;Colección Dusmet;P. Álvarez;2022
MNCN_Ent 413995;1;Colletidae;Hylaeinae;Hylaeus;Prosopis;variegatus;(Fabricius, 1798);Tiermas;Tiermas;Sigüés;Zaragoza;Aragón;España;VIII-26;ago-26;Dusmet;;;macho;Colección Dusmet;P. Álvarez;2022
MNCN_Ent 413996;1;Colletidae;Hylaeinae;Hylaeus;Prosopis;variegatus;(Fabricius, 1798);Tiermas;Tiermas;Sigüés;Zaragoza;Aragón;España;VIII-26;ago-26;Dusmet;;;macho;Colección Dusmet;P. Álvarez;2022
MNCN_Ent 414024;1;Colletidae;Hylaeinae;Hylaeus;Prosopis;variegatus;(Fabricius, 1798);Ambel;Ambel;Ambel;Zaragoza;Aragón;España;30-7-35;30/07/1935;Dusmet;;;macho;Colección Dusmet;P. Álvarez;2022
MNCN_Ent 414025;1;Colletidae;Hylaeinae;Hylaeus;Prosopis;variegatus;(Fabricius, 1798);Ambel;Ambel;Ambel;Zaragoza;Aragón;España;30-7-35;30/07/1935;Dusmet;;;macho;Colección Dusmet;P. Álvarez;2022
MNCN_Ent 414026;1;Colletidae;Hylaeinae;Hylaeus;Prosopis;variegatus;(Fabricius, 1798);Tiermas;Tiermas;Sigüés;Zaragoza;Aragón;España;24-VII-12;24/07/1912;sin datos;;;macho;Colección Cabrera;P. Álvarez;2022
MNCN_Ent 414027;1;Colletidae;Hylaeinae;Hylaeus;Prosopis;variegatus;(Fabricius, 1798);Tiermas;Tiermas;Sigüés;Zaragoza;Aragón;España;24-VII-12;24/07/1912;sin datos;;;hembra;Colección Cabrera;P. Álvarez;2022
MNCN_Ent 414028;1;Colletidae;Hylaeinae;Hylaeus;Prosopis;variegatus;(Fabricius, 1798);Vaciamadrid;Rivas-Vaciamadrid;Rivas-Vaciamadrid;Madrid;Madrid;España;9-VI-32;09/06/1932;Dusmet;;;hembra;Colección Dusmet;P. Álvarez;2022
MNCN_Ent 414029;1;Colletidae;Hylaeinae;Hylaeus;Prosopis;variegatus;(Fabricius, 1798);Vaciamadrid;Rivas-Vaciamadrid;Rivas-Vaciamadrid;Madrid;Madrid;España;25-7-31;25/07/1931;Dusmet;;;macho;Colección Dusmet;P. Álvarez;2022
MNCN_Ent 414030;1;Colletidae;Hylaeinae;Hylaeus;Prosopis;variegatus;(Fabricius, 1798);Vaciamadrid;Rivas-Vaciamadrid;Rivas-Vaciamadrid;Madrid;Madrid;España;25-7-31;25/07/1931;Dusmet;;;macho;Colección Dusmet;P. Álvarez;2022
MNCN_Ent 414031;1;Colletidae;Hylaeinae;Hylaeus;Prosopis;variegatus;(Fabricius, 1798);Rivas;Rivas-Vaciamadrid;Rivas-Vaciamadrid;Madrid;Madrid;España;3-VI-31;03/06/1931;Dusmet;;;macho;Colección Dusmet;P. Álvarez;2022
MNCN_Ent 414032;1;Colletidae;Hylaeinae;Hylaeus;Prosopis;variegatus;(Fabricius, 1798);Rivas;Rivas-Vaciamadrid;Rivas-Vaciamadrid;Madrid;Madrid;España;3-VI-31;03/06/1931;Dusmet;;;macho;Colección Dusmet;P. Álvarez;2022
MNCN_Ent 414033;1;Colletidae;Hylaeinae;Hylaeus;Prosopis;variegatus;(Fabricius, 1798);Rivas;Rivas-Vaciamadrid;Rivas-Vaciamadrid;Madrid;Madrid;España;11-5-32;11/05/1932;Dusmet;;;macho;;P. Álvarez;2022
MNCN_Ent 414034;1;Colletidae;Hylaeinae;Hylaeus;Prosopis;variegatus;(Fabricius, 1798);Arganda (Madrid);Arganda;Arganda;Madrid;Madrid;España;17-5-33;17/05/1933;Dusmet;;;macho;Colección Dusmet;P. Álvarez;2022
MNCN_Ent 414035;1;Colletidae;Hylaeinae;Hylaeus;Prosopis;variegatus;(Fabricius, 1798);Arganda (Madrid);Arganda;Arganda;Madrid;Madrid;España;17-5-33;17/05/1933;Dusmet;;;hembra;Colección Dusmet;P. Álvarez;2022
MNCN_Ent 414036;1;Colletidae;Hylaeinae;Hylaeus;Prosopis;variegatus;(Fabricius, 1798);Montarco;Rivas-Vaciamadrid;Rivas-Vaciamadrid;Madrid;Madrid;España;27-5-33;27/05/1933;Dusmet;;;hembra;Colección Dusmet;P. Álvarez;2022
MNCN_Ent 414037;1;Colletidae;Hylaeinae;Hylaeus;Prosopis;variegatus;(Fabricius, 1798);Montarco;Rivas-Vaciamadrid;Rivas-Vaciamadrid;Madrid;Madrid;España;27-5-33;27/05/1933;Dusmet;;;hembra;Colección Dusmet;P. Álvarez;2022
MNCN_Ent 414038;1;Colletidae;Hylaeinae;Hylaeus;Prosopis;variegatus;(Fabricius, 1798);Montarco;Rivas-Vaciamadrid;Rivas-Vaciamadrid;Madrid;Madrid;España;27-5-33;27/05/1933;Dusmet;;;hembra;Colección Dusmet;P. Álvarez;2022
MNCN_Ent 414039;1;Colletidae;Hylaeinae;Hylaeus;Prosopis;variegatus;(Fabricius, 1798);Montarco;Rivas-Vaciamadrid;Rivas-Vaciamadrid;Madrid;Madrid;España;27-5-33;27/05/1933;Dusmet;;;hembra;Colección Dusmet;P. Álvarez;2022
MNCN_Ent 414040;1;Colletidae;Hylaeinae;Hylaeus;Prosopis;variegatus;(Fabricius, 1798);Montarco;Rivas-Vaciamadrid;Rivas-Vaciamadrid;Madrid;Madrid;España;17-6-36;17/06/1936;Dusmet;;;hembra;Colección Dusmet;P. Álvarez;2022
MNCN_Ent 414041;1;Colletidae;Hylaeinae;Hylaeus;Prosopis;variegatus;(Fabricius, 1798);Montarco;Rivas-Vaciamadrid;Rivas-Vaciamadrid;Madrid;Madrid;España;25-VII-[19]06;25/07/1906;sin datos;;;hembra;Colección Cabrera;P. Álvarez;2022
MNCN_Ent 414042;1;Colletidae;Hylaeinae;Hylaeus;Prosopis;variegatus;(Fabricius, 1798);Montarco;Rivas-Vaciamadrid;Rivas-Vaciamadrid;Madrid;Madrid;España;25-VII-[19]06;25/07/1906;sin datos;;;hembra;Colección Cabrera;P. Álvarez;2022
MNCN_Ent 414043;1;Colletidae;Hylaeinae;Hylaeus;Prosopis;variegatus;(Fabricius, 1798);Aranjuez!;Aranjuez;Aranjuez;Madrid;Madrid;España;22-6-902;22/06/1902;[Mercet];;;hembra;Colección Gª Mercet;P. Álvarez;2022
MNCN_Ent 414044;1;Colletidae;Hylaeinae;Hylaeus;Prosopis;variegatus;(Fabricius, 1798);Aranjuez;Aranjuez;Aranjuez;Madrid;Madrid;España;20-VI-[19]06;20/06/1906;Mercet;;;hembra;Colección Cabrera;P. Álvarez;2022
MNCN_Ent 414046;1;Colletidae;Hylaeinae;Hylaeus;Prosopis;variegatus;(Fabricius, 1798);Madrid;Madrid;Madrid;Madrid;Madrid;España;20-VI-[19]06;20/06/1906;Dusmet;;;hembra;Colección Dusmet;P. Álvarez;2022
MNCN_Ent 414047;1;Colletidae;Hylaeinae;Hylaeus;Prosopis;variegatus;(Fabricius, 1798);Colmenar;Colmenar;Colmenar;Madrid;Madrid;España;2-7-[19]32;02/07/1932;Dusmet;;;hembra;Colección Dusmet;P. Álvarez;2022
MNCN_Ent 414048;1;Colletidae;Hylaeinae;Hylaeus;Prosopis;variegatus;(Fabricius, 1798);Galapagar (Madrid);Galapagar;Galapagar;Madrid;Madrid;España;18-6-[19]32;18/06/1932;Dusmet;;;hembra;Colección Dusmet;P. Álvarez;2022
MNCN_Ent 414049;1;Colletidae;Hylaeinae;Hylaeus;Prosopis;variegatus;(Fabricius, 1798);Galapagar (Madrid);Galapagar;Galapagar;Madrid;Madrid;España;18-6-[19]32;18/06/1932;Dusmet;;;hembra;Colección Dusmet;P. Álvarez;2022
MNCN_Ent 414050;1;Colletidae;Hylaeinae;Hylaeus;Prosopis;variegatus;(Fabricius, 1798);Galapagar (Madrid);Galapagar;Galapagar;Madrid;Madrid;España;18-6-[19]32;18/06/1932;Dusmet;;;macho;Colección Dusmet;P. Álvarez;2022
MNCN_Ent 414053;1;Colletidae;Hylaeinae;Hylaeus;Prosopis;variegatus;(Fabricius, 1798);El Escorial;San Lorenzo de El Escorial;San Lorenzo de El Escorial;Madrid;Madrid;España;24-VI-[19]45;24/06/1945;J. Dusmet;;;hembra;Colección Dusmet;P. Álvarez;2022
MNCN_Ent 414054;1;Colletidae;Hylaeinae;Hylaeus;Prosopis;variegatus;(Fabricius, 1798);El Escorial;San Lorenzo de El Escorial;San Lorenzo de El Escorial;Madrid;Madrid;España;14-6-[19]33;14/06/1933;J. Dusmet;;;hembra;Colección Dusmet;P. Álvarez;2022
MNCN_Ent 414055;1;Colletidae;Hylaeinae;Hylaeus;Prosopis;variegatus;(Fabricius, 1798);El Escorial;San Lorenzo de El Escorial;San Lorenzo de El Escorial;Madrid;Madrid;España;14-6-[19]33;14/06/1933;J. Dusmet;;;macho;Colección Dusmet;P. Álvarez;2022
MNCN_Ent 414056;1;Colletidae;Hylaeinae;Hylaeus;Prosopis;variegatus;(Fabricius, 1798);El Escorial;San Lorenzo de El Escorial;San Lorenzo de El Escorial;Madrid;Madrid;España;14-6-[19]33;14/06/1933;J. Dusmet;;;macho;Colección Dusmet;P. Álvarez;2022
MNCN_Ent 414057;1;Colletidae;Hylaeinae;Hylaeus;Prosopis;variegatus;(Fabricius, 1798);Escorial;San Lorenzo de El Escorial;San Lorenzo de El Escorial;Madrid;Madrid;España;1-8-[1]900;01/08/1900;G. Mercet;;;macho;Colección Gª Mercet;P. Álvarez;2022
MNCN_Ent 414058;1;Colletidae;Hylaeinae;Hylaeus;Prosopis;variegatus;(Fabricius, 1798);Escorial;San Lorenzo de El Escorial;San Lorenzo de El Escorial;Madrid;Madrid;España;29-7-[1]906;29/07/1906;G. Mercet;;;macho;Colección Gª Mercet;P. Álvarez;2022
MNCN_Ent 414059;1;Colletidae;Hylaeinae;Hylaeus;Prosopis;variegatus;(Fabricius, 1798);El Pardo;Madrid, El Pardo;Madrid, El Pardo;Madrid;Madrid;España;22 VII [19]06;22/07/1906;sin datos;;;macho;Colección Cabrera;P. Álvarez;2022
MNCN_Ent 414060;1;Colletidae;Hylaeinae;Hylaeus;Prosopis;variegatus;(Fabricius, 1798);El Pardo;Madrid, El Pardo;Madrid, El Pardo;Madrid;Madrid;España;24-6-36;24/06/1936;Dusmet;;;macho;Colección Dusmet;P. Álvarez;2022
MNCN_Ent 414063;1;Colletidae;Hylaeinae;Hylaeus;Prosopis;variegatus;(Fabricius, 1798);Salamanca;Salamanca;Salamanca;Salamanca;Castilla y León;España;29-7-[19]40;29/07/1940;Dusmet;;;macho;Colección Dusmet;P. Álvarez;2022
MNCN_Ent 414064;1;Colletidae;Hylaeinae;Hylaeus;Prosopis;variegatus;(Fabricius, 1798);Salamanca;Salamanca;Salamanca;Salamanca;Castilla y León;España;29-7-[19]40;29/07/1940;Dusmet;;;macho;Colección Dusmet;P. Álvarez;2022
MNCN_Ent 414065;1;Colletidae;Hylaeinae;Hylaeus;Prosopis;variegatus;(Fabricius, 1798);Orihuela;Orihuela;Orihuela;Alicante;Comunidad Valenciana;España;8-IV-[19]36;08/04/1936;Andréu;;;macho;Colección Dusmet;P. Álvarez;2022
MNCN_Ent 414066;1;Colletidae;Hylaeinae;Hylaeus;Prosopis;variegatus;(Fabricius, 1798);Nerpio;Nerpio;Nerpio;Albacete;Comunidad Valenciana;España;VIII-[19]50;ago-50;Andreu;;;macho;;P. Álvarez;2022
MNCN_Ent 414067;1;Colletidae;Hylaeinae;Hylaeus;Prosopis;variegatus;(Fabricius, 1798);Nerpio;Nerpio;Nerpio;Albacete;Comunidad Valenciana;España;IX-[19]52;sep-52;Andreu;;;macho;;P. Álvarez;2022
MNCN_Ent 414068;1;Colletidae;Hylaeinae;Hylaeus;Prosopis;variegatus;(Fabricius, 1798);Murcia/Torre Isabel;Murcia;Murcia;Murcia;Murcia;España;12-VI-[19]49;12/06/1949;Andreu;;;macho;;P. Álvarez;2022
MNCN_Ent 414069;1;Colletidae;Hylaeinae;Hylaeus;Prosopis;variegatus;(Fabricius, 1798);Abanilla;Abanilla;Abanilla;Murcia;Murcia;España;29-VII-[19]48;29/07/1948;Andreu;;;hembra;;P. Álvarez;2022
MNCN_Ent 414070;1;Colletidae;Hylaeinae;Hylaeus;Prosopis;variegatus;(Fabricius, 1798);Guipuzcoa, Ormáiztegui;Ormáiztegui;Ormáiztegui;Guipuzcoa;País Vaco;España;2-IX-[19]33;02/09/1933;Dusmet;;;hembra;Colección Dusmet;P. Álvarez;2022
MNCN_Ent 414072;1;Megachilidae;Megachilinae;Heriades;Heriades;crenulata;Nylander, 1856;Montarco;Rivas-Vaciamadrid;Rivas-Vaciamadrid;Madrid;Madrid;España;27 VII [19]06;27/07/1906;sin datos;;;hembra;Colección Cabrera;P. Álvarez;2022
MNCN_Ent 414073;1;Megachilidae;Megachilinae;Heriades;Heriades;crenulata;Nylander, 1856;Montarco;Rivas-Vaciamadrid;Rivas-Vaciamadrid;Madrid;Madrid;España;7-X-[19]06;07/10/1906;sin datos;;;hembra;Colección Cabrera;P. Álvarez;2022
MNCN_Ent 414076;1;Megachilidae;Megachilinae;Heriades;Heriades;rubicola;Pérez, 1890;Granada, Lanjarón;Lanjarón;Lanjarón;Granada;Andalucía;España;VII-[19]45;jul-45;sin datos;;;hembra;;P. Álvarez;2022
MNCN_Ent 414077;1;Andrenidae;Andreninae;Andrena;Graecandrena;verticalis;Pérez, 1895;Aranjuez;Aranjuez;Aranjuez;Madrid;Madrid;España;20.VI.[19]06;20/06/1906;G. Mercet;;;macho;Colección Cabrera;P. Álvarez;2023
MNCN_Ent 414090;1;Colletidae;Hylaeinae;Hylaeus;Prosopis;coriaceus;(Pérez, 1895);El Pardo (Madrid) La Quinta;Madrid, El Pardo;Madrid;Madrid;Madrid;España;10-VI-81;10/06/1981;I. Izquierdo;;;macho;;P. Álvarez;2023
MNCN_Ent 414091;1;Colletidae;Hylaeinae;Hylaeus;Prosopis;coriaceus;(Pérez, 1895);El Pardo (Madrid) La Quinta;Madrid, El Pardo;Madrid;Madrid;Madrid;España;10-VI-81;10/06/1981;I. Izquierdo;;;macho;;P. Álvarez;2023
MNCN_Ent 414092;1;Colletidae;Hylaeinae;Hylaeus;Prosopis;coriaceus;(Pérez, 1895);El Pardo (Madrid) La Quinta;Madrid, El Pardo;Madrid;Madrid;Madrid;España;30-VI-81;30/06/1981;L. Hinojosa;;;macho;;P. Álvarez;2023
MNCN_Ent 414093;1;Colletidae;Hylaeinae;Hylaeus;Prosopis;coriaceus;(Pérez, 1895);El Pardo (Madrid) Mingorrubio;Madrid, El Pardo;Madrid;Madrid;Madrid;España;7-VI-79;07/06/1979;I. Izquierdo;;;macho;;P. Álvarez;2023
MNCN_Ent 414096;1;Colletidae;Hylaeinae;Hylaeus;Prosopis;coriaceus;(Pérez, 1895);Montejo de la Sierra, Madrid;Montejo de la Sierra;Montejo de la Sierra;Madrid;Madrid;España;3-VII-86;03/07/1986;V. Llorente;;;hembra;;P. Álvarez;2023
MNCN_Ent 414097;1;Colletidae;Hylaeinae;Hylaeus;Prosopis;coriaceus;(Pérez, 1895);Los Molinos, Madrid;Los Molinos;Los Molinos;Madrid;Madrid;España;23-VII-[19]85;23/07/1985;C. Vargas;;;hembra;;P. Álvarez;2023
MNCN_Ent 414098;1;Colletidae;Hylaeinae;Hylaeus;Prosopis;coriaceus;(Pérez, 1895);Prádena del Rincón, Madrid;Prádena del Rincón;Prádena del Rincón;Madrid;Madrid;España;3-VII-86;03/07/1986;V. Llorente;;;hembra;;P. Álvarez;2023
MNCN_Ent 414100;1;Colletidae;Hylaeinae;Hylaeus;Prosopis;coriaceus;(Pérez, 1895);Madrid;Madrid;Madrid;Madrid;Madrid;España;26-7-[1]903;26/07/1903;G. Mercet;;;macho;Colección Gª Mercet;P. Álvarez;2024
MNCN_Ent 414101;1;Colletidae;Hylaeinae;Hylaeus;Prosopis;coriaceus;(Pérez, 1895);Hoyo;Hoyo;Hoyo;Madrid;Madrid;España;2-7-32;;Dusmet;;;macho;Colección Dusmet;P. Álvarez;2024
MNCN_Ent 414102;1;Colletidae;Hylaeinae;Hylaeus;Prosopis;coriaceus;(Pérez, 1895);Rivas-Vaciamadrid (Madrid);Rivas-Vaciamadrid;Rivas;Madrid;Madrid;España;17.VIII.[19]93;17/08/1993;J.I. López-Colón;;;macho;Colección Gª Mercet;P. Álvarez;2024
MNCN_Ent 414168;1;Colletidae;Hylaeinae;Hylaeus;Dentigera;pilosulus;(Pérez, 1903);Alhama (Granada);Alhama de Granada;Alhama de Granada;Granada;Andalucía;España;VI-1942;jun-42;J. Dusmet;800 m.;;hembra;Colección Dusmet;P. Álvarez;2024
MNCN_Ent 414170;1;Colletidae;Hylaeinae;Hylaeus;Hylaeus;nigritus;(Fabricius, 1798);Cercedilla;Cercedilla;Cercedilla;Madrid;Madrid;España;23-7-1911;23/07/1911;Mercet;;;macho;Colección Gª Mercet;P. Álvarez;2024
MNCN_Ent 414173;1;Megachilidae;Megachilinae;Anthidium;Anthidium;manicatum;(Linnaeus, 1758);Vega del Rey (Lena) (Asturias);Vega del Rey;Lena;Asturias;Asturias;España;28.VIII.2015;28/08/2015;F. Fresno;350 m.;;hembra;;P. Álvarez;2023
MNCN_Ent 414174;1;Megachilidae;Megachilinae;Anthidium;Anthidium;manicatum;(Linnaeus, 1758);Vega del Rey (Lena) (Asturias);Vega del Rey;Lena;Asturias;Asturias;España;28.VIII.2015;28/08/2015;F. Fresno;350 m.;;macho;;P. Álvarez;2023
MNCN_Ent 414181;1;Megachilidae;Megachilinae;Megachile;Megachile;versicolor;Smith, 1844;Vega del Rey (Lena) (Asturias);Vega del Rey;Lena;Asturias;Asturias;España;24.VIII.2015;24/08/2015;F. Fresno;350 m.;;macho;;P. Álvarez;2022
MNCN_Ent 414183;1;Colletidae;Hylaeinae;Hylaeus;Dentigera;imparilis;Förster, 1871;Vega del Rey (Lena) (Asturias);Vega del Rey;Lena;Asturias;Asturias;España;1.VIII.2015;01/08/2015;F. Fresno;;;macho;;P. Álvarez;2022
MNCN_Ent 414184;1;Colletidae;Hylaeinae;Hylaeus;Dentigera;imparilis;Förster, 1871;Vega del Rey (Lena) (Asturias);Vega del Rey;Lena;Asturias;Asturias;España;6.VIII.2015;06/08/2015;F. Fresno;;;macho;;P. Álvarez;2022
MNCN_Ent 414185;1;Colletidae;Hylaeinae;Hylaeus;Dentigera;imparilis;Förster, 1871;Vega del Rey (Lena) (Asturias);Vega del Rey;Lena;Asturias;Asturias;España;6.VIII.2015;06/08/2015;F. Fresno;;;macho;;P. Álvarez;2022
MNCN_Ent 414186;1;Colletidae;Hylaeinae;Hylaeus;Dentigera;imparilis;Förster, 1871;Vega del Rey (Lena) (Asturias);Vega del Rey;Lena;Asturias;Asturias;España;6.VIII.2015;06/08/2015;F. Fresno;;;macho;;P. Álvarez;2022
MNCN_Ent 415948;1;Colletidae;Hylaeinae;Hylaeus;Paraprosopis;clypearis;(Schenck, 1853);Escorial;San Lorenzo de El Escorial;San Lorenzo de El Escorial;Madrid;Madrid;España;20-6-[190]4;20/06/1904;Dusmet;;;macho;Colección Dusmet;P. Álvarez;2022
MNCN_Ent 427476;1;Megachilidae;Megachilinae;Megachile;Xanthosarus;lagopoda;(Linnaeus, 1761);Buitrago (Madrid);Buitrago del Lozoya;Buitrago del Lozoya;Madrid;Madrid;España;17-VII-1983;17/07/1983;F. Fresno;;;macho;ex. Colección F. Fresno;P. Álvarez;2023
MNCN_Ent 427477;1;Megachilidae;Megachilinae;Megachile;Xanthosarus;lagopoda;(Linnaeus, 1761);Buitrago (Madrid);Buitrago del Lozoya;Buitrago del Lozoya;Madrid;Madrid;España;10-X-1982;10/10/1982;F. Fresno;;;macho;ex. Colección F. Fresno;P. Álvarez;2023
MNCN_Ent 427479;1;Megachilidae;Megachilinae;Rhodanthidium;Rhodanthidium;sticticum;(Fabricius, 1787);Santomera (Murcia);Santomera;Santomera;Murcia;Murcia;España;7-V-1998;07/05/1998;F. Fresno;;;macho;ex. Colección F. Fresno;P. Álvarez;2024
MNCN_Ent 427480;1;Megachilidae;Megachilinae;Rhodanthidium;Rhodanthidium;sticticum;(Fabricius, 1787);Mijas (Málaga);Mijas;Mijas;Málaga;Andalucía;España;24-III-1989;24/03/1989;F. Fresno;;;macho;ex. Colección F. Fresno;P. Álvarez;2024
MNCN_Ent 427481;1;Megachilidae;Megachilinae;Rhodanthidium;Rhodanthidium;sticticum;(Fabricius, 1787);Mijas (Málaga);Mijas;Mijas;Málaga;Andalucía;España;24-III-1989;24/03/1989;F. Fresno;;;hembra;ex. Colección F. Fresno;P. Álvarez;2024
MNCN_Ent 427482;1;Megachilidae;Megachilinae;Rhodanthidium;Rhodanthidium;sticticum;(Fabricius, 1787);Mijas (Málaga);Mijas;Mijas;Málaga;Andalucía;España;24-III-1989;24/03/1989;F. Fresno;;;hembra;ex. Colección F. Fresno;P. Álvarez;2024
MNCN_Ent 427483;1;Megachilidae;Megachilinae;Rhodanthidium;Rhodanthidium;sticticum;(Fabricius, 1787);Igualeja (Málaga);Igualeja;Igualeja;Málaga;Andalucía;España;25-V-1973;25/05/1973;F. Fresno;;;hembra;ex. Colección F. Fresno;P. Álvarez;2024
MNCN_Ent 427484;1;Megachilidae;Megachilinae;Rhodanthidium;Rhodanthidium;sticticum;(Fabricius, 1787);Igualeja (Málaga);Igualeja;Igualeja;Málaga;Andalucía;España;25-V-1973;25/05/1973;F. Fresno;;;macho;ex. Colección F. Fresno;P. Álvarez;2024
MNCN_Ent 427485;1;Megachilidae;Megachilinae;Rhodanthidium;Rhodanthidium;sticticum;(Fabricius, 1787);Igualeja (Málaga);Igualeja;Igualeja;Málaga;Andalucía;España;25-V-1973;25/05/1973;F. Fresno;;;macho;ex. Colección F. Fresno;P. Álvarez;2024
MNCN_Ent 427486;1;Megachilidae;Megachilinae;Rhodanthidium;Rhodanthidium;sticticum;(Fabricius, 1787);Muchamiel (Alicante);Muchamiel;Muchamiel;Alicante;Comunidad Valenciana;España;11-III-1983;11/03/1983;F. Fresno;;;macho;ex. Colección F. Fresno;P. Álvarez;2024
MNCN_Ent 427487;1;Megachilidae;Megachilinae;Rhodanthidium;Rhodanthidium;sticticum;(Fabricius, 1787);Alcoy (Alicante);Alcoy;Alcoy;Alicante;Comunidad Valenciana;España;3-VI-1982;03/06/1982;F. Fresno;;;macho;ex. Colección F. Fresno;P. Álvarez;2024
MNCN_Ent 427488;1;Megachilidae;Megachilinae;Rhodanthidium;Rhodanthidium;sticticum;(Fabricius, 1787);Campoamor (Alicante);Alicante, Campoamor;Alicante;Alicante;Comunidad Valenciana;España;12-IV-1983;12/04/1983;F. Fresno;;;macho;ex. Colección F. Fresno;P. Álvarez;2024
MNCN_Ent 427489;1;Megachilidae;Megachilinae;Rhodanthidium;Rhodanthidium;sticticum;(Fabricius, 1787);Bacarot (Alicante);Alicante, El Bacarot;Alicante;Alicante;Comunidad Valenciana;España;14-III-1983;14/03/1983;F. Fresno;;;macho;ex. Colección F. Fresno;P. Álvarez;2024
MNCN_Ent 427490;1;Megachilidae;Megachilinae;Rhodanthidium;Rhodanthidium;sticticum;(Fabricius, 1787);Bacarot (Alicante);Alicante, El Bacarot;Alicante;Alicante;Comunidad Valenciana;España;14-III-1983;14/03/1983;F. Fresno;;;macho;ex. Colección F. Fresno;P. Álvarez;2024
MNCN_Ent 427491;1;Megachilidae;Megachilinae;Rhodanthidium;Rhodanthidium;sticticum;(Fabricius, 1787);Bacarot (Alicante);Alicante, El Bacarot;Alicante;Alicante;Comunidad Valenciana;España;14-III-1983;14/03/1983;F. Fresno;;;macho;ex. Colección F. Fresno;P. Álvarez;2024
MNCN_Ent 427492;1;Megachilidae;Megachilinae;Rhodanthidium;Rhodanthidium;sticticum;(Fabricius, 1787);Gorga (Alicante);Gorga;Gorga;Alicante;Comunidad Valenciana;España;11-VI-1984;11/06/1984;F. Fresno;;;macho;ex. Colección F. Fresno;P. Álvarez;2024
MNCN_Ent 427493;1;Megachilidae;Megachilinae;Rhodanthidium;Rhodanthidium;sticticum;(Fabricius, 1787);Gorga (Alicante);Gorga;Gorga;Alicante;Comunidad Valenciana;España;11-VI-1984;11/06/1984;F. Fresno;;;hembra;ex. Colección F. Fresno;P. Álvarez;2024
MNCN_Ent 427494;1;Megachilidae;Megachilinae;Heriades;Heriades;truncorum;(Linnaeus, 1758);Aldealengua de Sta. María (SG);Aldealengua de Santa María;Aldealengua de Santa María;Segovia;Castilla y León;España;21.07.2014;21/07/2014;F. Fresno;;;hembra;ex. Colección F. Fresno;P. Álvarez;2023
MNCN_Ent 427495;1;Megachilidae;Megachilinae;Heriades;Heriades;rubicola;Pérez, 1890;Titulcia (Madrid);Titulcia;Titulcia;Madrid;Madrid;España;2-X-2010;02/10/2010;F. Fresno;;;hembra;ex. Colección F. Fresno;P. Álvarez;2022
MNCN_Ent 427496;1;Megachilidae;Megachilinae;Heriades;Heriades;rubicola;Pérez, 1890;Campo Real (Madrid);Campo Real;Campo Real;Madrid;Madrid;España;12-VI-2009;12/06/2009;F. Fresno;;;hembra;ex. Colección F. Fresno;P. Álvarez;2022
MNCN_Ent 427522;1;Andrenidae;Andreninae;Andrena;Graecandrena;verticalis;Pérez, 1895;Villarejo de Salvanés (M);Villarejo de Salvanés;Villarejo de Salvanés;Madrid;Madrid;España;10.VI.2011;10/06/2011;F. Fresno;;;hembra;ex. Colección F. Fresno;P. Álvarez;2023
MNCN_Ent 427523;1;Andrenidae;Andreninae;Andrena;Graecandrena;verticalis;Pérez, 1895;Villarejo de Salvanés (M);Villarejo de Salvanés;Villarejo de Salvanés;Madrid;Madrid;España;2.VI.2011;02/06/2011;F. Fresno;;;macho;ex. Colección F. Fresno;P. Álvarez;2023
MNCN_Ent 427524;1;Andrenidae;Andreninae;Andrena;Graecandrena;verticalis;Pérez, 1895;Villarejo de Salvanés (M);Villarejo de Salvanés;Villarejo de Salvanés;Madrid;Madrid;España;14.VI.2011;14/06/2011;F. Fresno;;;macho;ex. Colección F. Fresno;P. Álvarez;2023
MNCN_Ent 427525;1;Andrenidae;Andreninae;Andrena;Graecandrena;verticalis;Pérez, 1895;Valderacete (Madrid);Valderacete;Valderacete;Madrid;Madrid;España;14.VI.2011;14/06/2011;F. Fresno;;;macho;ex. Colección F. Fresno;P. Álvarez;2023
MNCN_Ent 427526;1;Andrenidae;Andreninae;Andrena;Graecandrena;verticalis;Pérez, 1895;Valderacete (Madrid);Valderacete;Valderacete;Madrid;Madrid;España;14.VI.2011;14/06/2011;F. Fresno;;;macho;ex. Colección F. Fresno;P. Álvarez;2023
MNCN_Ent 427527;1;Andrenidae;Andreninae;Andrena;Graecandrena;verticalis;Pérez, 1895;Titulcia (Madrid);Titulcia;Titulcia;Madrid;Madrid;España;20.V.2011;20/05/2011;F. Fresno;;;macho;ex. Colección F. Fresno;P. Álvarez;2023
MNCN_Ent 427536;1;Colletidae;Hylaeinae;Hylaeus;Prosopis;pictus;(Smith, 1853);Madrid (España);Madrid;Madrid;Madrid;Madrid;España;27-V-[19]63;20/05/1963;G. Giménez;;;macho;;P. Álvarez;2024
MNCN_Ent 427556;1;Megachilidae;Megachilinae;Heriades;Heriades;crenulata;Nylander, 1856;Madrid;Madrid;Madrid;Madrid;Madrid;España;29-6-[1910];29/06/1910;G. Mercet;;;macho;Colección Gª Mercet;P. Álvarez;2025
MNCN_Ent 427567;1;Megachilidae;Megachilinae;Heriades;Heriades;crenulata;Nylander, 1856;Soto Viñuela;Tres Cantos, Soto de Vieñuelas;Tres Cantos;Madrid;Madrid;España;21-VII-[19]77;21/07/1977;Llorente;;;macho;;P. Álvarez;2025
MNCN_Ent 427569;1;Megachilidae;Megachilinae;Heriades;Heriades;crenulata;Nylander, 1856;Escorial, Abantos;San Lorenzo de El Escorial, Monte Abantos;San Lorenzo de El Escorial;Madrid;Madrid;España;26-VII-1984;26/07/1984;C. Rey;;;macho;ex. Col. C. Rey;P. Álvarez;2025
MNCN_Ent 427570;1;Megachilidae;Megachilinae;Heriades;Heriades;crenulata;Nylander, 1856;Escorial, Fte Teja;San Lorenzo de El Escorial, Fuente Teja;San Lorenzo de El Escorial;Madrid;Madrid;España;26-VII-1984;26/07/1984;sin datos;;;hembra;;P. Álvarez;2025
MNCN_Ent 427576;1;Megachilidae;Megachilinae;Heriades;Heriades;crenulata;Nylander, 1856;El Pardo (Madrid);Madrid, El Pardo;Madrid;Madrid;Madrid;España;20-VII-1981;20/07/1981;F. Fresno;;;hembra;ex. Colección F. Fresno;P. Álvarez;2025
MNCN_Ent 427577;1;Megachilidae;Megachilinae;Heriades;Heriades;crenulata;Nylander, 1856;Espejón (Soria);Espejón;Espejón;Soria;Castilla y León;España;13-IX-1981;13/09/1981;F. Fresno;;;hembra;ex. Colección F. Fresno;P. Álvarez;2022
MNCN_Ent 427578;1;Megachilidae;Megachilinae;Heriades;Heriades;crenulata;Nylander, 1856;Arévalo (Ávila);Arévalo;Arévalo;Ávila;Castilla y León;España;18-VI-2005;18/06/2005;F. Fresno;;;hembra;ex. Colección F. Fresno;P. Álvarez;2022
MNCN_Ent 427579;1;Megachilidae;Megachilinae;Heriades;Heriades;crenulata;Nylander, 1856;Arévalo (Ávila);Arévalo;Arévalo;Ávila;Castilla y León;España;18-VI-2005;18/06/2005;F. Fresno;;;macho;ex. Colección F. Fresno;P. Álvarez;2025
MNCN_Ent 427580;1;Megachilidae;Megachilinae;Heriades;Heriades;crenulata;Nylander, 1856;Lastras de Cuéllar (SG);Lastras de Cuéllar;Lastras de Cuéllar;Segovia;Castilla y León;España;19-VII-2008;19/07/2008;F. Fresno;;;macho;ex. Colección F. Fresno;P. Álvarez;2025
MNCN_Ent 427589;1;Megachilidae;Megachilinae;Heriades;Heriades;crenulata;Nylander, 1856;Zaragoza;Zaragoza;Zaragoza;Zaragoza;Aragón;España;6-VII-11;06/07/1911;sin datos;;;hembra;;P. Álvarez;2025
MNCN_Ent 427590;1;Megachilidae;Megachilinae;Heriades;Heriades;crenulata;Nylander, 1856;Boltaña (H.);Boltaña;Boltaña;Huesca;Aragón;España;28.VII.18;28/07/1918;[Navás];;;macho;Colección Dusmet;P. Álvarez;2025
MNCN_Ent 427591;1;Megachilidae;Megachilinae;Heriades;Heriades;crenulata;Nylander, 1856;Barbastro;Barbastro;Barbastro;Huesca;Aragón;España;VII.[19]18;jul-18;Dusmet;;;macho;Colección Dusmet;P. Álvarez;2025
MNCN_Ent 427592;1;Megachilidae;Megachilinae;Heriades;Heriades;crenulata;Nylander, 1856;Puebla de D. Fadrique;Puebla de Don Fadrique;Puebla de Don Fadrique;Granada;Andalucía;España;VIII-[19]49;ago-49;Andreu;;;macho;;P. Álvarez;2025
MNCN_Ent 427595;1;Megachilidae;Megachilinae;Heriades;Heriades;crenulata;Nylander, 1856;Coca, Segovia;Coca;Coca;Segovia;Castilla y León;España;20-VII-[19]86;20/07/1986;C. Vargas;;;macho;;P. Álvarez;2025
MNCN_Ent 427596;1;Megachilidae;Megachilinae;Heriades;Heriades;crenulata;Nylander, 1856;San Rafael;San Rafael;El Espinar;Segovia;Castilla y León;España;13-7-[1]913;13/07/1913;Mercet;;;macho;Colección Gª Mercet;P. Álvarez;2025
MNCN_Ent 427597;1;Megachilidae;Megachilinae;Heriades;Heriades;crenulata;Nylander, 1856;Guadarrama, San Rafael;San Rafael;El Espinar;Segovia;Castilla y León;España;23.VI.1912;23/06/1912;sin datos;;;macho;;P. Álvarez;2025
MNCN_Ent 427598;1;Megachilidae;Megachilinae;Heriades;Heriades;crenulata;Nylander, 1856;Vera;Vera;Vera;Almería;Andalucía;España;1-8-[190]4;01/08/1904;Dusmet;;;hembra;Colección Dusmet;P. Álvarez;2025
MNCN_Ent 427599;1;Megachilidae;Megachilinae;Heriades;Heriades;crenulata;Nylander, 1856;Albatera, Alicante;Albatera;Albatera;Alicante;Comunidad Valenciana;España;29-VIII-[19]12;29/08/1912;sin datos;;;hembra;Colección Cabrera;P. Álvarez;2025
MNCN_Ent 427600;1;Megachilidae;Megachilinae;Heriades;Heriades;crenulata;Nylander, 1856;Pinoso;Pinoso;Pinoso;Alicante;Comunidad Valenciana;España;VIII-[19]43;ago-43;[Andreu];;;hembra;;P. Álvarez;2025
MNCN_Ent 427602;1;Megachilidae;Megachilinae;Heriades;Heriades;crenulata;Nylander, 1856;Rebate (Orihuela);Orihuela;Orihuela;Alicante;Comunidad Valenciana;España;28.VIII.1912;28/08/1912;sin datos;;;macho;;P. Álvarez;2025
MNCN_Ent 427603;1;Megachilidae;Megachilinae;Heriades;Heriades;crenulata;Nylander, 1856;Orihuela/Huerta;Orihuela;Orihuela;Alicante;Comunidad Valenciana;España;VII-35;jul-35;Andréu;;;macho;Colección Dusmet;P. Álvarez;2025
MNCN_Ent 427607;1;Megachilidae;Megachilinae;Heriades;Heriades;crenulata;Nylander, 1856;Montesinos;Los Montesinos;Los Montesinos;Alicante;Comunidad Valenciana;España;25-VII-[19]34;25/07/1934;Andréu;;;macho;;P. Álvarez;2025
MNCN_Ent 427609;1;Megachilidae;Megachilinae;Heriades;Heriades;crenulata;Nylander, 1856;Córdoba;Córdoba;Córdoba;Córdoba;Andalucía;España;12-VII-[19]43;12/07/1943;Andréu;;;hembra;;P. Álvarez;2025
MNCN_Ent 427610;1;Megachilidae;Megachilinae;Heriades;Heriades;crenulata;Nylander, 1856;Nerpio;Nerpio;Nerpio;Albacete;Castilla-La Mancha;España;31-VII-[19]50;31/07/1950;Andréu;;;macho;;P. Álvarez;2025
MNCN_Ent 427612;1;Megachilidae;Megachilinae;Heriades;Heriades;crenulata;Nylander, 1856;Hervás;Hervás;Hervás;Cáceres;Extremadura;España;VI-07;jul-07;Dusmet;;;macho;;P. Álvarez;2025
MNCN_Ent 427613;1;Megachilidae;Megachilinae;Heriades;Heriades;crenulata;Nylander, 1856;Torquemada, Cáceres;Torquemada;Torquemada;Cáceres;Extremadura;España;V-1935;may-35;Gil Collado;;;macho;;P. Álvarez;2025
MNCN_Ent 427614;1;Megachilidae;Megachilinae;Heriades;Heriades;crenulata;Nylander, 1856;Fortuna;Fortuna;Fortuna;Murcia;Murcia;España;V-[1]928;may-28;J. Dusmet;;;macho;Colección Dusmet;P. Álvarez;2025
MNCN_Ent 427615;1;Megachilidae;Megachilinae;Heriades;Heriades;crenulata;Nylander, 1856;Archena;Archena;Archena;Murcia;Murcia;España;V-[1]928;may-28;J. Dusmet;;;macho;Colección Dusmet;P. Álvarez;2025
MNCN_Ent 427623;1;Megachilidae;Megachilinae;Heriades;Heriades;crenulata;Nylander, 1856;Poblet (Tarragona);Poblet;Poblet;Tarragona;Cataluña;España;VIII-1925;ago-25;Dusmet;;;macho;Colección Dusmet;P. Álvarez;2025
MNCN_Ent 427624;1;Megachilidae;Megachilinae;Heriades;Heriades;crenulata;Nylander, 1856;Barcelona, Vallvidrera;Barcelona;Barcelona;Barcelona;Cataluña;España;VI.[18]90;06/1890;Antiga;;;macho;;P. Álvarez;2025
MNCN_Ent 427625;1;Megachilidae;Megachilinae;Heriades;Heriades;crenulata;Nylander, 1856;Barcelona, Vallvidrera;Barcelona;Barcelona;Barcelona;Cataluña;España;4.IV.[18]98;04/04/1898;sin colector;;;macho;;P. Álvarez;2025
MNCN_Ent 427626;1;Megachilidae;Megachilinae;Heriades;Heriades;crenulata;Nylander, 1856;Barcelona, Casa Antunez;Barcelona;Barcelona;Barcelona;Cataluña;España;13.IX.[18]96;13/09/1896;sin datos;;;hembra;;P. Álvarez;2025
MNCN_Ent 427627;1;Megachilidae;Megachilinae;Heriades;Heriades;crenulata;Nylander, 1856;Barcelona, Casa Antunez;Barcelona;Barcelona;Barcelona;Cataluña;España;18.VIII.[18]97;18/08/1897;sin datos;;;hembra;;P. Álvarez;2025
MNCN_Ent 427629;1;Megachilidae;Megachilinae;Heriades;Heriades;crenulata;Nylander, 1856;Castellón de la Plana;Castellón;Castellón;Castellón;Comunidad Valenciana;España;Julio 1895;07/1895;Dóls;;;hembra;;P. Álvarez;2025
MNCN_Ent 427638;1;Megachilidae;Megachilinae;Anthidium;Anthidium;florentinum;(Fabricius, 1775);Tres Cantos (Madrid);Tres Cantos;Tres Cantos;Madrid;Madrid;España;27-VII-1989;27/07/1989;F. Fresno;;;hembra;ex. Colección F. Fresno;P. Álvarez;2025
MNCN_Ent 427643;1;Megachilidae;Megachilinae;Anthidium;Anthidium;florentinum;(Fabricius, 1775);Tres Cantos (Madrid);Tres Cantos;Tres Cantos;Madrid;Madrid;España;15-VII-1990;15/07/1990;F. Fresno;;;hembra;ex. Colección F. Fresno;P. Álvarez;2025
MNCN_Ent 427644;1;Megachilidae;Megachilinae;Anthidium;Anthidium;florentinum;(Fabricius, 1775);Tres Cantos (Madrid);Tres Cantos;Tres Cantos;Madrid;Madrid;España;8-VIII-1990;08/08/1990;F. Fresno;;;hembra;ex. Colección F. Fresno;P. Álvarez;2025
MNCN_Ent 427645;1;Megachilidae;Megachilinae;Anthidium;Anthidium;florentinum;(Fabricius, 1775);Tres Cantos (Madrid);Tres Cantos;Tres Cantos;Madrid;Madrid;España;9-IX-1996;09/09/1996;F. Fresno;;;hembra;ex. Colección F. Fresno;P. Álvarez;2025
MNCN_Ent 427647;1;Megachilidae;Megachilinae;Anthidium;Anthidium;florentinum;(Fabricius, 1775);Buitrago (Madrid);Buitrago del Lozoya;Buitrago del Lozoya;Madrid;Madrid;España;17-VII-1983;07/07/1983;F. Fresno;;;macho;ex. Colección F. Fresno;P. Álvarez;2025
MNCN_Ent 427648;1;Megachilidae;Megachilinae;Anthidium;Anthidium;florentinum;(Fabricius, 1775);Buitrago (Madrid);Buitrago del Lozoya;Buitrago del Lozoya;Madrid;Madrid;España;10-X-1982;10/10/1982;F. Fresno;;;hembra;ex. Colección F. Fresno;P. Álvarez;2025
MNCN_Ent 427651;1;Megachilidae;Megachilinae;Anthidium;Anthidium;florentinum;(Fabricius, 1775);El Pardo (Madrid);Madrid, El Pardo;Madrid;Madrid;Madrid;España;19-VII-1981;19/07/1981;F. Fresno;;;hembra;ex. Colección F. Fresno;P. Álvarez;2025
MNCN_Ent 427652;1;Megachilidae;Megachilinae;Anthidium;Anthidium;florentinum;(Fabricius, 1775);Alcoy (Alicante);Alcoy;Alcoy;Alicante;Comunidad Valenciana;España;12-VII-1982;12/07/1982;F. Fresno;;;hembra;ex. Colección F. Fresno;P. Álvarez;2025
MNCN_Ent 427653;1;Megachilidae;Megachilinae;Anthidium;Anthidium;florentinum;(Fabricius, 1775);El Carpio de Tajo (TO);El Carpio de Tajo;El Carpio de Tajo;Toledo;Castilla-La Mancha;España;26-VII-1974;26/07/1974;F. Fresno;;;hembra;ex. Colección F. Fresno;P. Álvarez;2025
MNCN_Ent 427654;1;Megachilidae;Megachilinae;Anthidium;Anthidium;florentinum;(Fabricius, 1775);Fuengirola (Málaga);Fuengirola;Fuengirola;Málaga;Andalucía;España;17-VIII-2000;17/08/2000;F. Fresno;;;hembra;ex. Colección F. Fresno;P. Álvarez;2025
MNCN_Ent 427655;1;Megachilidae;Megachilinae;Anthidium;Anthidium;manicatum;(Linnaeus, 1758);Estepona (Málaga);Estepona;Estepona;Málaga;Andalucía;España;27-V-1973;27/05/1973;F. Fresno;;;hembra;;P. Álvarez;2025
MNCN_Ent 427656;1;Megachilidae;Megachilinae;Anthidium;Anthidium;manicatum;(Linnaeus, 1758);Benalmádena (Málaga);Benalmádena;Benalmádena;Málaga;Andalucía;España;28.VIII.1981;28/08/1981;F. Fresno;;;hembra;;P. Álvarez;2025
MNCN_Ent 427657;1;Megachilidae;Megachilinae;Anthidium;Anthidium;manicatum;(Linnaeus, 1758);Fuengirola (Málaga);Fuengirola;Fuengirola;Málaga;Andalucía;España;4-VII-1980;04/07/1980;F. Fresno;;;hembra;;P. Álvarez;2025
MNCN_Ent 427658;1;Megachilidae;Megachilinae;Anthidium;Anthidium;manicatum;(Linnaeus, 1758);Fuengirola (Málaga);Fuengirola;Fuengirola;Málaga;Andalucía;España;2.VIII.1981;02/08/1981;F. Fresno;;;hembra;;P. Álvarez;2025
MNCN_Ent 427659;1;Megachilidae;Megachilinae;Anthidium;Anthidium;manicatum;(Linnaeus, 1758);Fuengirola (Málaga);Fuengirola;Fuengirola;Málaga;Andalucía;España;5-VIII-1982;05/08/1982;F. Fresno;;;macho;;P. Álvarez;2025
MNCN_Ent 427661;1;Megachilidae;Megachilinae;Anthidium;Anthidium;manicatum;(Linnaeus, 1758);Gorga (Alicante);Gorga;Gorga;Alicante;Comunidad Valenciana;España;11-VI-1984;11/06/1984;F. Fresno;;;macho;;P. Álvarez;2025
MNCN_Ent 427662;1;Megachilidae;Megachilinae;Anthidium;Anthidium;manicatum;(Linnaeus, 1758);Buitrago (Madrid);Buitrago del Lozoya;Buitrago del Lozoya;Alicante;Comunidad Valenciana;España;10-IX-1983;10/09/1983;F. Fresno;;;hembra;;P. Álvarez;2025
MNCN_Ent 427663;1;Megachilidae;Megachilinae;Anthidiellum;Anthidiellum;strigatum;(Panzer, 1805);El Pardo (Madrid);Madrid, El Pardo;Madrid;Madrid;Madrid;España;2-IX-1982;02/09/1982;F. Fresno;;;macho;ex. Colección F. Fresno;P. Álvarez;2025
MNCN_Ent 427666;1;Megachilidae;Megachilinae;Anthidiellum;Anthidiellum;strigatum;(Panzer, 1805);El Pardo (Madrid);Madrid, El Pardo;Madrid;Madrid;Madrid;España;29-VI-1985;29/06/1985;F. Fresno;;;macho;ex. Colección F. Fresno;P. Álvarez;2025
MNCN_Ent 427667;1;Megachilidae;Megachilinae;Anthidiellum;Anthidiellum;strigatum;(Panzer, 1805);Tres Cantos (Madrid);Tres Cantos;Tres Cantos;Madrid;Madrid;España;9-VII-1995;09/07/1995;F. Fresno;;;macho;ex. Colección F. Fresno;P. Álvarez;2025
MNCN_Ent 427668;1;Megachilidae;Megachilinae;Anthidiellum;Anthidiellum;strigatum;(Panzer, 1805);Tres Cantos (Madrid);Tres Cantos;Tres Cantos;Madrid;Madrid;España;19-VI-1990;19/06/1990;F. Fresno;;;hembra;ex. Colección F. Fresno;P. Álvarez;2025
MNCN_Ent 427669;1;Megachilidae;Megachilinae;Anthidiellum;Anthidiellum;strigatum;(Panzer, 1805);Aranjuez (Madrid);Aranjuez;Aranjuez;Madrid;Madrid;España;5-VII-2008;05/07/2008;F. Fresno;;;hembra;ex. Colección F. Fresno;P. Álvarez;2025
MNCN_Ent 427671;1;Megachilidae;Megachilinae;Anthidiellum;Anthidiellum;strigatum;(Panzer, 1805);Alcoy (Alicante);Alcoy;Alcoy;Alicante;Comunidad Valenciana;España;22-IX-1982;22/09/1982;F. Fresno;;;macho;ex. Colección F. Fresno;P. Álvarez;2025
MNCN_Ent 427672;1;Megachilidae;Megachilinae;Icteranthidium;;grohmanni;(Spinola, 1838);El Pardo (Madrid);Madrid, El Pardo;Madrid;Madrid;Madrid;España;17-VII-1982;17/07/1982;F. Fresno;;;hembra;ex. Colección F. Fresno;P. Álvarez;2025
MNCN_Ent 427673;1;Megachilidae;Megachilinae;Icteranthidium;;grohmanni;(Spinola, 1838);El Pardo (Madrid);Madrid, El Pardo;Madrid;Madrid;Madrid;España;11-VII-1981;11/07/1982;F. Fresno;;;hembra;ex. Colección F. Fresno;P. Álvarez;2025
MNCN_Ent 427677;1;Megachilidae;Megachilinae;Icteranthidium;;grohmanni;(Spinola, 1838);Tres Cantos (Madrid);Tres Cantos;Tres Cantos;Madrid;Madrid;España;22-VI-1995;22/06/1995;F. Fresno;;;macho;ex. Colección F. Fresno;P. Álvarez;2025
MNCN_Ent 427678;1;Megachilidae;Megachilinae;Icteranthidium;;grohmanni;(Spinola, 1838);Tres Cantos (Madrid);Tres Cantos;Tres Cantos;Madrid;Madrid;España;11-VII-1995;11/07/1995;F. Fresno;;;macho;ex. Colección F. Fresno;P. Álvarez;2025
MNCN_Ent 427679;1;Megachilidae;Megachilinae;Icteranthidium;;grohmanni;(Spinola, 1838);Tres Cantos (Madrid);Tres Cantos;Tres Cantos;Madrid;Madrid;España;9-VII-1995;09/07/1995;F. Fresno;;;hembra;ex. Colección F. Fresno;P. Álvarez;2025
MNCN_Ent 427680;1;Megachilidae;Megachilinae;Icteranthidium;;grohmanni;(Spinola, 1838);Tres Cantos (Madrid);Tres Cantos;Tres Cantos;Madrid;Madrid;España;12-VII-1995;12/07/1995;F. Fresno;;;hembra;ex. Colección F. Fresno;P. Álvarez;2025
MNCN_Ent 427681;1;Megachilidae;Megachilinae;Icteranthidium;;grohmanni;(Spinola, 1838);Ibi (Alicante);Ibi;Ibi;Alicante;Comunidad Valenciana;España;12-VII-1983;12/07/1983;F. Fresno;;;hembra;ex. Colección F. Fresno;P. Álvarez;2025
MNCN_Ent 427682;1;Megachilidae;Megachilinae;Trachusa;Paraanthidium;interrupta;(Fabricius, 1781);Cerceda (Madrid);Cerceda;El Boalo;Madrid;Madrid;España;18-VII-1981;18/07/1981;F. Fresno;;;macho;ex. Colección F. Fresno;P. Álvarez;2025
MNCN_Ent 427683;1;Megachilidae;Megachilinae;Trachusa;Paraanthidium;interrupta;(Fabricius, 1781);Buitrago (Madrid);Buitrago del Lozoya;Buitrago del Lozoya;Madrid;Madrid;España;17-VII-1983;17/07/1983;F. Fresno;;;macho;ex. Colección F. Fresno;P. Álvarez;2025
MNCN_Ent 427684;1;Megachilidae;Megachilinae;Trachusa;Paraanthidium;interrupta;(Fabricius, 1781);Villena (Alicante);Villena;Villena;Alicante;Comunidad Valenciana;España;13-VII-1983;13/07/1983;F. Fresno;;;macho;ex. Colección F. Fresno;P. Álvarez;2025
MNCN_Ent 427686;1;Megachilidae;Megachilinae;Pseudoanthidium;Royanthidium;reticulatum;(Mocsáry, 1884);El Pardo (Madrid);Madrid, El Pardo;Madrid;Madrid;Madrid;España;4-VII-1981;04/07/1981;F. Fresno;;;hembra;ex. Colección F. Fresno;P. Álvarez;2025
MNCN_Ent 427687;1;Megachilidae;Megachilinae;Pseudoanthidium;Royanthidium;reticulatum;(Mocsáry, 1884);Espejón (Soria);Espejón;Espejón;Soria;Castilla-La Mancha;España;13-IX-1981;13/09/1981;F. Fresno;;;hembra;ex. Colección F. Fresno;P. Álvarez;2025
MNCN_Ent 429582;1;Megachilidae;Megachilinae;Heriades;Heriades;rubicola;Pérez, 1890;Madrid;Madrid;Madrid;Madrid;Madrid;España;8-9-[1]906;09/09/1906;G. Mercet;;;macho;Colección Gª Mercet;P. Álvarez;2025
MNCN_Ent 429583;1;Megachilidae;Megachilinae;Heriades;Heriades;rubicola;Pérez, 1890;Madrid;Madrid;Madrid;Madrid;Madrid;España;29-6-[19]10;26/06/1910;G. Mercet;;;macho;Colección Gª Mercet;P. Álvarez;2025
MNCN_Ent 429584;1;Megachilidae;Megachilinae;Heriades;Heriades;rubicola;Pérez, 1890;Galapagar;Galapagar;Galapagar;Madrid;Madrid;España;18-6-[19]32;18/06/1932;Dusmet;;;macho;Colección Dusmet;P. Álvarez;2025
MNCN_Ent 429585;1;Megachilidae;Megachilinae;Heriades;Heriades;rubicola;Pérez, 1890;S. Agustín de Guadalix (M);San Agustín de Guadalix;San Agustín de Guadalix;Madrid;Madrid;España;24-IV-2004;24/04/2004;F. Fresno;;;macho;ex. Colección F. Fresno;P. Álvarez;2025
MNCN_Ent 429586;1;Megachilidae;Megachilinae;Heriades;Heriades;rubicola;Pérez, 1890;Cercedilla (Madrid);Cercedilla;Cercedilla;Madrid;Madrid;España;5-VII-1981;05/07/1981;F. Fresno;;;macho;ex. Colección F. Fresno;P. Álvarez;2025
MNCN_Ent 429587;1;Megachilidae;Megachilinae;Heriades;Heriades;rubicola;Pérez, 1890;Tres Cantos (Madrid);Tres Cantos;Tres Cantos;Madrid;Madrid;España;1-VI-1990;01/06/1990;F. Fresno;;;macho;ex. Colección F. Fresno;P. Álvarez;2025
MNCN_Ent 429588;1;Megachilidae;Megachilinae;Heriades;Heriades;rubicola;Pérez, 1890;Tres Cantos (Madrid);Tres Cantos;Tres Cantos;Madrid;Madrid;España;11-VII-1995;11/07/1995;F. Fresno;;;macho;ex. Colección F. Fresno;P. Álvarez;2025
MNCN_Ent 429589;1;Megachilidae;Megachilinae;Heriades;Heriades;rubicola;Pérez, 1890;El Pardo (Madrid);Madrid, El Pardo;Madrid;Madrid;Madrid;España;1-IX-1981;01/09/1981;F. Fresno;;;hembra;ex. Colección F. Fresno;P. Álvarez;2025
MNCN_Ent 429590;1;Megachilidae;Megachilinae;Heriades;Heriades;rubicola;Pérez, 1890;El Pardo;Madrid, El Pardo;Madrid;Madrid;Madrid;España;15-VIII-[19]06;15/08/1906;sin datos;;;hembra;Colección Cabrera;P. Álvarez;2025
MNCN_Ent 429591;1;Megachilidae;Megachilinae;Heriades;Heriades;rubicola;Pérez, 1890;El Pardo;Madrid, El Pardo;Madrid;Madrid;Madrid;España;15-VIII-[19]06;15/08/1906;sin datos;;;hembra;Colección Cabrera;P. Álvarez;2025
MNCN_Ent 429592;1;Megachilidae;Megachilinae;Heriades;Heriades;rubicola;Pérez, 1890;El Pardo;Madrid, El Pardo;Madrid;Madrid;Madrid;España;4-8-[19]20;04/08/1920;Dusmet;;;macho;Colección Dusmet;P. Álvarez;2025
MNCN_Ent 429593;1;Megachilidae;Megachilinae;Heriades;Heriades;rubicola;Pérez, 1890;El Pardo;Madrid, El Pardo;Madrid;Madrid;Madrid;España;4-8-[19]20;04/08/1920;Dusmet;;;macho;Colección Dusmet;P. Álvarez;2025
MNCN_Ent 429594;1;Megachilidae;Megachilinae;Heriades;Heriades;rubicola;Pérez, 1890;El Pardo;Madrid, El Pardo;Madrid;Madrid;Madrid;España;4-8-[19]20;04/08/1920;Dusmet;;;macho;Colección Dusmet;P. Álvarez;2025
MNCN_Ent 429596;1;Megachilidae;Megachilinae;Heriades;Heriades;rubicola;Pérez, 1890;Villaverde;Villaverde;Villaverde;Madrid;Madrid;España;3-VIII-[19]06;03/08/1906;sin datos;;;macho;Colección Cabrera;P. Álvarez;2025
MNCN_Ent 429606;1;Megachilidae;Megachilinae;Heriades;Heriades;rubicola;Pérez, 1890;Río Alberche;Aldea del Fresno;Aldea del Fresno;Madrid;Madrid;España;29-6-[190]8;29/06/1908;Dusmet;;;macho;Colección Dusmet;P. Álvarez;2025
MNCN_Ent 429607;1;Megachilidae;Megachilinae;Heriades;Heriades;rubicola;Pérez, 1890;Río Alberche;Aldea del Fresno;Aldea del Fresno;Madrid;Madrid;España;29-6-[190]8;29/06/1908;Dusmet;;;macho;Colección Dusmet;P. Álvarez;2025
MNCN_Ent 429608;1;Megachilidae;Megachilinae;Heriades;Heriades;rubicola;Pérez, 1890;Río Alberche;Aldea del Fresno;Aldea del Fresno;Madrid;Madrid;España;29-6-[190]8;29/06/1908;Dusmet;;;macho;Colección Dusmet;P. Álvarez;2025
MNCN_Ent 429609;1;Megachilidae;Megachilinae;Heriades;Heriades;rubicola;Pérez, 1890;Río Alberche;Aldea del Fresno;Aldea del Fresno;Madrid;Madrid;España;29-6-[190]8;29/06/1908;Dusmet;;;macho;Colección Dusmet;P. Álvarez;2025
MNCN_Ent 429614;1;Megachilidae;Megachilinae;Heriades;Heriades;rubicola;Pérez, 1890;Escorial, Los Arroyos;San Lorenzo de El Escorial;San Lorenzo de El Escorial;Madrid;Madrid;España;21-VII-1984;21/08/1984;C. Rey;;;macho;ex. Col. C. Rey;P. Álvarez;2025
MNCN_Ent 429617;1;Megachilidae;Megachilinae;Heriades;Heriades;rubicola;Pérez, 1890;Torquemada, Cáceres;Torquemada;Torquemada;Cáceres;Extremadura;España;VII-VIII-1932;07/08/1932;J. Gil;;;macho;Colección Gª Mercet;P. Álvarez;2025
MNCN_Ent 429619;1;Megachilidae;Megachilinae;Heriades;Heriades;rubicola;Pérez, 1890;Bobadilla, Estación (MA);Bobadilla, Estación;Antequera;Málaga;Andalucía;España;26.VIII.2002;26/08/2002;F. Fresno;;;macho;ex. Colección F. Fresno;P. Álvarez;2025
MNCN_Ent 429620;1;Megachilidae;Megachilinae;Heriades;Heriades;rubicola;Pérez, 1890;Fuengirola (Málaga);Fuengirola;Fuengirola;Málaga;Andalucía;España;12-VIII-2001;12/08/2001;F. Fresno;;;macho;ex. Colección F. Fresno;P. Álvarez;2025
MNCN_Ent 429621;1;Megachilidae;Megachilinae;Heriades;Heriades;rubicola;Pérez, 1890;Fuengirola (Málaga);Fuengirola;Fuengirola;Málaga;Andalucía;España;6.VIII.2003;06/08/2003;F. Fresno;;;macho;ex. Colección F. Fresno;P. Álvarez;2025
MNCN_Ent 429623;1;Megachilidae;Megachilinae;Heriades;Heriades;rubicola;Pérez, 1890;Mijas Costa (Málaga);Mijas Costa;Mijas;Málaga;Andalucía;España;12.09.2016;12/09/2016;F. Fresno;70 m;;macho;ex. Colección F. Fresno;P. Álvarez;2025
MNCN_Ent 429626;1;Megachilidae;Megachilinae;Heriades;Heriades;rubicola;Pérez, 1890;Córdoba;Córdoba;Córdoba;Córdoba;Andalucía;España;12-VII-[19]43;12/07/1943;Andréu;;;hembra;;P. Álvarez;2025
MNCN_Ent 429628;1;Megachilidae;Megachilinae;Heriades;Heriades;rubicola;Pérez, 1890;Murcia;Murcia;Murcia;Murcia;Murcia;España;VIII-1943;ago-43;G. Menor;;;hembra;;P. Álvarez;2025
MNCN_Ent 429629;1;Megachilidae;Megachilinae;Heriades;Heriades;rubicola;Pérez, 1890;Murcia;Murcia;Murcia;Murcia;Murcia;España;VIII-1943;ago-43;G. Menor;;;hembra;;P. Álvarez;2025
MNCN_Ent 429630;1;Megachilidae;Megachilinae;Heriades;Heriades;rubicola;Pérez, 1890;Murcia;Murcia;Murcia;Murcia;Murcia;España;VIII-1943;ago-43;G. Menor;;;hembra;;P. Álvarez;2025
MNCN_Ent 429631;1;Megachilidae;Megachilinae;Heriades;Heriades;rubicola;Pérez, 1890;Pliego (Murcia);Pliego;Pliego;Murcia;Murcia;España;24-V-2007;24/05/2007;F. Fresno;;;hembra;ex. Colección F. Fresno;P. Álvarez;2025
MNCN_Ent 429632;1;Megachilidae;Megachilinae;Heriades;Heriades;rubicola;Pérez, 1890;Lorca (Murcia);Lorca;Lorca;Murcia;Murcia;España;20.VII.2003;20/07/2003;F. Fresno;;;macho;ex. Colección F. Fresno;P. Álvarez;2025
MNCN_Ent 429633;1;Megachilidae;Megachilinae;Heriades;Heriades;rubicola;Pérez, 1890;Murcia;Murcia;Murcia;Murcia;Murcia;España;20.VII.2003;20/07/2003;Andréu;;;macho;;P. Álvarez;2025
MNCN_Ent 429634;1;Megachilidae;Megachilinae;Heriades;Heriades;rubicola;Pérez, 1890;Archena;Archena;Archena;Murcia;Murcia;España;V-[1]928;may-28;J. Dusmet;;;macho;Colección Dusmet;P. Álvarez;2025
MNCN_Ent 429635;1;Megachilidae;Megachilinae;Heriades;Heriades;rubicola;Pérez, 1890;Picasent, Valencia (Hispania);Picasent, Valencia;Picasent;Valencia;Comunidad Valenciana;España;11-8-[19]32;11/08/1932;Giner Marí;;;macho;Colección Dusmet;P. Álvarez;2025
MNCN_Ent 429637;1;Megachilidae;Megachilinae;Heriades;Heriades;rubicola;Pérez, 1890;Godelleta (España);Godelleta;Godelleta;Valencia;Comunidad Valenciana;España;3.VIII.1928;03/08/1928;Col: F.Z. Cervera;;;macho;;P. Álvarez;2025
MNCN_Ent 429638;1;Megachilidae;Megachilinae;Heriades;Heriades;rubicola;Pérez, 1890;Godelleta (España);Godelleta;Godelleta;Valencia;Comunidad Valenciana;España;29.IX.[19]31;29/09/1931;Col: F.Z. Cervera;;;hembra;;P. Álvarez;2025
MNCN_Ent 429640;1;Megachilidae;Megachilinae;Heriades;Heriades;rubicola;Pérez, 1890;Orihuela;Orihuela;Orihuela;Alicante;Comunidad Valenciana;España;VIII.1912;ago-12;sin datos;;;hembra;;P. Álvarez;2025
MNCN_Ent 429643;1;Megachilidae;Megachilinae;Heriades;Heriades;rubicola;Pérez, 1890;Fontanar;Fontanar;Fontanar;Guadalajara;Castilla-La Mancha;España;19-V-[19]20;19/05/1920;Dusmet;;;hembra;Colección Dusmet;P. Álvarez;2025
MNCN_Ent 429644;1;Megachilidae;Megachilinae;Heriades;Heriades;rubicola;Pérez, 1890;Calatayud;Calatayud;Calatayud;Zaragoza;Aragón;España;[15 Julio 1904];15/07/1904;Dusmet;;;hembra;Colección Dusmet;P. Álvarez;2025
MNCN_Ent 429648;1;Megachilidae;Megachilinae;Heriades;Heriades;rubicola;Pérez, 1890;Centellas;Centellas;Centellas;Barcelona;Cataluña;España;17.VII.1928;17/07/1928;Más de Xaxars;;;hembra;;P. Álvarez;2025
MNCN_Ent 429649;1;Megachilidae;Megachilinae;Heriades;Heriades;rubicola;Pérez, 1890;Cataluña, Centellas;Cataluña;Cataluña;Barcelona;Cataluña;España;18.VII.1928;18/07/1928;Más de Xaxars;;;hembra;;P. Álvarez;2025
MNCN_Ent 429650;1;Megachilidae;Megachilinae;Heriades;Heriades;rubicola;Pérez, 1890;Cataluña, Centellas;Cataluña;Cataluña;Barcelona;Cataluña;España;7.VII.1925;07/07/1925;Más de Xaxars;;;hembra;Colección Cabrera;P. Álvarez;2025
MNCN_Ent 429651;1;Megachilidae;Megachilinae;Heriades;Heriades;rubicola;Pérez, 1890;Tarragona;Tarragona;Tarragona;Tarragona;Cataluña;España;VIII-[1]925;ago-25;J. M. Dusmet;;;hembra;Colección Dusmet;P. Álvarez;2025
MNCN_Ent 429652;1;Megachilidae;Megachilinae;Heriades;Heriades;rubicola;Pérez, 1890;Tarragona;Tarragona;Tarragona;Tarragona;Cataluña;España;VIII-[1]925;ago-25;J. M. Dusmet;;;hembra;Colección Dusmet;P. Álvarez;2025
MNCN_Ent 429653;1;Megachilidae;Megachilinae;Heriades;Heriades;rubicola;Pérez, 1890;Tarragona;Tarragona;Tarragona;Tarragona;Cataluña;España;VIII-[1]925;ago-25;J. M. Dusmet;;;macho;Colección Dusmet;P. Álvarez;2025
MNCN_Ent 429657;1;Megachilidae;Megachilinae;Heriades;Heriades;rubicola;Pérez, 1890;Majorca, Palma to 13 K. to Lluch mayor;Palma de Mallorca;Mallorca;Islas Baleares;Islas Baleares;España;Jun. 28.01;28/06/1901;E. B. Poulton;;;hembra;;P. Álvarez;2025
MNCN_Ent 429658;1;Megachilidae;Megachilinae;Heriades;Heriades;rubicola;Pérez, 1890;Barcelona, Gava;Gavá;Barcelona;Barcelona;Cataluña;España;X.[18]93;10/1893;Antiga;;;hembra;;P. Álvarez;2025
MNCN_Ent 429659;1;Megachilidae;Megachilinae;Heriades;Heriades;rubicola;Pérez, 1890;Barcelona, Gava;Gavá;Barcelona;Barcelona;Cataluña;España;X.[18]93;10/1893;Antiga;;;macho;;P. Álvarez;2025
MNCN_Ent 429660;1;Megachilidae;Megachilinae;Heriades;Heriades;rubicola;Pérez, 1890;C. Antunez;Barcelona;Barcelona;Barcelona;Cataluña;España;25.VII.[18]95;25/07/1895;sin datos;;;macho;;P. Álvarez;2025
MNCN_Ent 429661;1;Megachilidae;Megachilinae;Heriades;Heriades;rubicola;Pérez, 1890;C. Antunez;Barcelona;Barcelona;Barcelona;Cataluña;España;25.VII.[18]95;25/07/1895;sin datos;;;macho;;P. Álvarez;2025
MNCN_Ent 429662;1;Megachilidae;Megachilinae;Heriades;Heriades;rubicola;Pérez, 1890;C. Antunez;Barcelona;Barcelona;Barcelona;Cataluña;España;25.VII.[18]95;25/07/1895;sin datos;;;hembra;;P. Álvarez;2025
MNCN_Ent 429663;1;Megachilidae;Megachilinae;Heriades;Heriades;rubicola;Pérez, 1890;C. Antunez;Barcelona;Barcelona;Barcelona;Cataluña;España;22.VII.[18]95;22/07/1895;sin datos;;;hembra;;P. Álvarez;2025
MNCN_Ent 429664;1;Megachilidae;Megachilinae;Heriades;Heriades;rubicola;Pérez, 1890;C. Antunez;Barcelona;Barcelona;Barcelona;Cataluña;España;22.VII.[18]95;22/07/1895;sin datos;;;hembra;;P. Álvarez;2025
MNCN_Ent 429665;1;Megachilidae;Megachilinae;Heriades;Heriades;truncorum;(Linnaeus, 1758);Aldealengua de Sta. María (SG);Aldealengua de Santa María;Aldealengua de Santa María;Segovia;Castilla y León;España;21.07.2014;21/07/2014;F. Fresno;;;macho;ex. Colección F. Fresno;P. Álvarez;2025
MNCN_Ent 429666;1;Megachilidae;Megachilinae;Heriades;Heriades;truncorum;(Linnaeus, 1758);Aldealengua de Sta. María (SG);Aldealengua de Santa María;Aldealengua de Santa María;Segovia;Castilla y León;España;9.07.2014;09/07/2014;F. Fresno;;;macho;ex. Colección F. Fresno;P. Álvarez;2025
MNCN_Ent 429667;1;Megachilidae;Megachilinae;Heriades;Heriades;truncorum;(Linnaeus, 1758);Villarrodrigo de Ordás (León);Villarrodrigo de Ordás;Santa María de Ordás;León;Castilla y León;España;10.VIII.2017;10/08/2017;M. Moya;;;macho;ex. Colección F. Fresno;P. Álvarez;2025
MNCN_Ent 429668;1;Megachilidae;Megachilinae;Heriades;Heriades;truncorum;(Linnaeus, 1758);Rodiezmo (León);Rodiezmo de la Tercia;Villamanín;León;Castilla y León;España;30-VII-2010;30/07/2010;F. Fresno;;;hembra;ex. Colección F. Fresno;P. Álvarez;2025
MNCN_Ent 429669;1;Megachilidae;Megachilinae;Heriades;Heriades;truncorum;(Linnaeus, 1758);Maderuelo (Segovia);Maderuelo;Maderuelo;Segovia;Castilla y León;España;11-VII-2011;11/07/2011;F. Fresno;;;hembra;ex. Colección F. Fresno;P. Álvarez;2025
MNCN_Ent 429670;1;Megachilidae;Megachilinae;Heriades;Heriades;truncorum;(Linnaeus, 1758);Hontalbilla (Segovia);Hontalbilla;Hontalbilla;Segovia;Castilla y León;España;24-VI-2009;24/06/2009;F. Fresno;;;hembra;ex. Colección F. Fresno;P. Álvarez;2025
MNCN_Ent 429671;1;Megachilidae;Megachilinae;Heriades;Heriades;truncorum;(Linnaeus, 1758);El Pardo (Madrid);El Pardo;Madrid;Madrid;Madrid;España;20-VII-1981;20/07/1981;F. Fresno;;;hembra;ex. Colección F. Fresno;P. Álvarez;2025
MNCN_Ent 429672;1;Megachilidae;Megachilinae;Heriades;Heriades;truncorum;(Linnaeus, 1758);Escorial (Los Arroyos);San Lorenzo de El Escorial;San Lorenzo de El Escorial;Madrid;Madrid;España;24-VII-1983;24/07/1983;C. Rey;;;macho;ex. Col. C. Rey;P. Álvarez;2025
MNCN_Ent 429673;1;Megachilidae;Megachilinae;Heriades;Heriades;truncorum;(Linnaeus, 1758);El Escorial;San Lorenzo de El Escorial;San Lorenzo de El Escorial;Madrid;Madrid;España;19-VII-[19]06;19/07/1906;G. Mercet;;;macho;Colección Cabrera;P. Álvarez;2025
MNCN_Ent 429674;1;Megachilidae;Megachilinae;Heriades;Heriades;truncorum;(Linnaeus, 1758);Escorial;San Lorenzo de El Escorial;San Lorenzo de El Escorial;Madrid;Madrid;España;9-8-[19]03;09/08/1903;Dusmet;;;hembra;Colección Dusmet;P. Álvarez;2025
MNCN_Ent 429675;1;Megachilidae;Megachilinae;Heriades;Heriades;truncorum;(Linnaeus, 1758);Escorial;San Lorenzo de El Escorial;San Lorenzo de El Escorial;Madrid;Madrid;España;9-8-[19]03;09/08/1903;Dusmet;;;hembra;Colección Dusmet;P. Álvarez;2025
MNCN_Ent 429676;1;Megachilidae;Megachilinae;Heriades;Heriades;truncorum;(Linnaeus, 1758);Escorial;San Lorenzo de El Escorial;San Lorenzo de El Escorial;Madrid;Madrid;España;9-8-[19]03;09/08/1903;Dusmet;;;hembra;Colección Dusmet;P. Álvarez;2025
MNCN_Ent 429677;1;Megachilidae;Megachilinae;Heriades;Heriades;truncorum;(Linnaeus, 1758);Villalba;Collado Villalba;Villalba;Madrid;Madrid;España;17-7-[19]01;17/07/1901;Dusmet;;;hembra;Colección Dusmet;P. Álvarez;2025
MNCN_Ent 429678;1;Megachilidae;Megachilinae;Heriades;Heriades;truncorum;(Linnaeus, 1758);El Ventorrillo (Cercedilla);Navacerrada;Cercedilla;Madrid;Madrid;España;23-VII-[19]85;23/07/1985;sin datos;1.480 m.;;hembra;;P. Álvarez;2025
MNCN_Ent 429679;1;Megachilidae;Megachilinae;Heriades;Heriades;truncorum;(Linnaeus, 1758);El Ventorrillo (Cercedilla);Navacerrada;Cercedilla;Madrid;Madrid;España;21-VII-1984;21/07/1984;E. Mingo;1.480 m.;;hembra;;P. Álvarez;2025
MNCN_Ent 429680;1;Megachilidae;Megachilinae;Heriades;Heriades;truncorum;(Linnaeus, 1758);El Ventorrillo (Cercedilla);Navacerrada;Cercedilla;Madrid;Madrid;España;22-VII-1984;22/07/1984;E. Mingo;1.480 m.;;macho;;P. Álvarez;2025
MNCN_Ent 429681;1;Megachilidae;Megachilinae;Heriades;Heriades;truncorum;(Linnaeus, 1758);Madrid;Madrid;Madrid;Madrid;Madrid;España;VI-1909;jun-09;Exp. del Museo;;;macho;;P. Álvarez;2025
MNCN_Ent 429688;1;Megachilidae;Megachilinae;Heriades;Heriades;truncorum;(Linnaeus, 1758);El Pardo;Madrid, El Pardo;Madrid;Madrid;Madrid;España;15-VIII-[19]06;15/08/1906;sin datos;;;hembra;Colección Cabrera;P. Álvarez;2025
MNCN_Ent 429689;1;Megachilidae;Megachilinae;Heriades;Heriades;truncorum;(Linnaeus, 1758);El Pardo;Madrid, El Pardo;Madrid;Madrid;Madrid;España;5-7-[19]27;05/07/1927;Dusmet;;;macho;Colección Dusmet;P. Álvarez;2025
MNCN_Ent 429690;1;Megachilidae;Megachilinae;Heriades;Heriades;truncorum;(Linnaeus, 1758);El Pardo (Madrid), El Torreón;Madrid, El Pardo;Madrid;Madrid;Madrid;España;4-VII-[19]78;04/07/1978;I. Izquierdo;;;macho;;P. Álvarez;2025
MNCN_Ent 429696;1;Megachilidae;Megachilinae;Heriades;Heriades;truncorum;(Linnaeus, 1758);Pontevedra;Pontevedra;Pontevedra;Pontevedra;Galicia;España;VII-[19]22;jul-22;Dusmet;;;macho;Colección Dusmet;P. Álvarez;2025
MNCN_Ent 429697;1;Megachilidae;Megachilinae;Heriades;Heriades;truncorum;(Linnaeus, 1758);Pontevedra;Pontevedra;Pontevedra;Pontevedra;Galicia;España;VII-[19]22;jul-22;Dusmet;;;macho;Colección Dusmet;P. Álvarez;2025
MNCN_Ent 429698;1;Megachilidae;Megachilinae;Heriades;Heriades;truncorum;(Linnaeus, 1758);Pontevedra;Pontevedra;Pontevedra;Pontevedra;Galicia;España;VII-[19]22;jul-22;Dusmet;;;hembra;Colección Dusmet;P. Álvarez;2025
MNCN_Ent 429700;1;Megachilidae;Megachilinae;Heriades;Heriades;truncorum;(Linnaeus, 1758);Bayona;Bayona;Bayona;Pontevedra;Galicia;España;VIII-[19]22;ago-22;Dusmet;;;hembra;Colección Dusmet;P. Álvarez;2025
MNCN_Ent 429701;1;Megachilidae;Megachilinae;Heriades;Heriades;truncorum;(Linnaeus, 1758);Bayona;Bayona;Bayona;Pontevedra;Galicia;España;VIII-[19]22;ago-22;Dusmet;;;hembra;Colección Dusmet;P. Álvarez;2025
MNCN_Ent 429706;1;Megachilidae;Megachilinae;Heriades;Heriades;truncorum;(Linnaeus, 1758);Zaldívar;Zaldívar;Zaldívar;Vizcaya;País Vasco;España;5-8-[19]16;05/08/1916;Dusmet;;;hembra;Colección Dusmet;P. Álvarez;2025
MNCN_Ent 429707;1;Megachilidae;Megachilinae;Heriades;Heriades;truncorum;(Linnaeus, 1758);Albarracín;Albarracín;Albarracín;Teruel;Aragón;España;Julio 1904;jul-04;Dusmet;;;hembra;Colección Dusmet;P. Álvarez;2025
MNCN_Ent 429708;1;Megachilidae;Megachilinae;Heriades;Heriades;truncorum;(Linnaeus, 1758);Sobradiel;Sobradiel;Sobradiel;Zaragoza;Aragón;España;VII-[190]4;jul-04;[Navás];;;hembra;;P. Álvarez;2025
MNCN_Ent 429709;1;Megachilidae;Megachilinae;Heriades;Heriades;truncorum;(Linnaeus, 1758);Zaragoza;Zaragoza;Zaragoza;Zaragoza;Aragón;España;22.V.1898;22/05/1898;R.P.L. Navás;;;macho;;P. Álvarez;2025
MNCN_Ent 429711;1;Megachilidae;Megachilinae;Heriades;Heriades;truncorum;(Linnaeus, 1758);Zaragoza;Zaragoza;Zaragoza;Zaragoza;Aragón;España;26.V.[18]98;26/05/1898;[Navás];;;macho;;P. Álvarez;2025
MNCN_Ent 429712;1;Megachilidae;Megachilinae;Heriades;Heriades;truncorum;(Linnaeus, 1758);Zaragoza;Zaragoza;Zaragoza;Zaragoza;Aragón;España;25.V.[18]98;25/05/1898;[Navás];;;hembra;;P. Álvarez;2025
MNCN_Ent 429713;1;Megachilidae;Megachilinae;Heriades;Heriades;truncorum;(Linnaeus, 1758);Granada;Granada;Granada;Granada;Granada;España;22-6-1911;22/06/1911;Mercet;;;hembra;Colección Gª Mercet;P. Álvarez;2025
MNCN_Ent 429714;1;Megachilidae;Megachilinae;Heriades;Heriades;truncorum;(Linnaeus, 1758);La Guardia;La Guardia;La Guardia;Toledo;Castilla-La Mancha;España;VIII-1901;ago-01;R.P.L. Navás;;;hembra;;P. Álvarez;2025
MNCN_Ent 429718;1;Megachilidae;Megachilinae;Heriades;Heriades;truncorum;(Linnaeus, 1758);Borobia;Borobia;Borobia;Soria;Castilla y León;España;23-VII-[19]22;23/07/1922;Andreu;;;macho;Colección Dusmet;P. Álvarez;2025
MNCN_Ent 429719;1;Megachilidae;Megachilinae;Heriades;Heriades;truncorum;(Linnaeus, 1758);Nerpio;Nerpio;Nerpio;Albacete;Castilla-La Mancha;España;VII-[19]52;jul-52;Andreu;;;macho;;P. Álvarez;2025
MNCN_Ent 429720;1;Megachilidae;Megachilinae;Heriades;Heriades;truncorum;(Linnaeus, 1758);Nerpio;Nerpio;Nerpio;Albacete;Castilla-La Mancha;España;30-VII-[19]50;30/06/1950;Andreu;;;macho;;P. Álvarez;2025
MNCN_Ent 429721;1;Megachilidae;Megachilinae;Heriades;Heriades;truncorum;(Linnaeus, 1758);Nerpio;Nerpio;Nerpio;Albacete;Castilla-La Mancha;España;IX-[19]51;sep-51;Andreu;;;macho;;P. Álvarez;2025
MNCN_Ent 429728;1;Megachilidae;Megachilinae;Heriades;Heriades;truncorum;(Linnaeus, 1758);Lérida;Lérida;Lérida;Lérida;Cataluña;España;12-VII-[19]30;12/07/1930;sin datos;;;macho;Colección Dusmet;P. Álvarez;2025
MNCN_Ent 429730;1;Megachilidae;Megachilinae;Heriades;Heriades;truncorum;(Linnaeus, 1758);Pedralbes;Barcelona, Pedralbes;Barcelona;Barcelona;Cataluña;España;20.V.[18]90;20/05/1890;sin datos;;;hembra;;P. Álvarez;2025
MNCN_Ent 429731;1;Megachilidae;Megachilinae;Heriades;Heriades;truncorum;(Linnaeus, 1758);Cataluña, Centellas;Centellas;Centellas;Barcelona;Cataluña;España;18.VII.1928;18/07/1928;Más de Xaxars;;;hembra;;P. Álvarez;2025
MNCN_Ent 429732;1;Megachilidae;Megachilinae;Heriades;Heriades;truncorum;(Linnaeus, 1758);Cataluña, Centellas;Centellas;Centellas;Barcelona;Cataluña;España;7.VII.1925;07/07/1925;Más de Xaxars;;;hembra;Colección Cabrera;P. Álvarez;2025
MNCN_Ent 429734;1;Megachilidae;Megachilinae;Heriades;Heriades;truncorum;(Linnaeus, 1758);Barcelona;Barcelona;Barcelona;Barcelona;Cataluña;España;X-[19]43;oct-43;Arnau;;;hembra;;P. Álvarez;2025
MNCN_Ent 429735;1;Megachilidae;Megachilinae;Heriades;Heriades;truncorum;(Linnaeus, 1758);Spain, Sierra de Guadarrama, La Granja;La Granja;El Real Sitio de San Ildefonso;Segovia;Castilla y León;España;July 23.02;23/07/1902;E.B. Poulton;4000 ft. about;;macho;;P. Álvarez;2025
MNCN_Ent 429736;1;Megachilidae;Megachilinae;Heriades;Heriades;truncorum;(Linnaeus, 1758);Spain, Segovia, outside Cathedral;Segovia;Segovia;Segovia;Castilla y León;España;July 27.02;23/07/1902;E.B. Poulton;3280 ft.;;macho;;P. Álvarez;2025
MNCN_Ent 429737;1;Megachilidae;Megachilinae;Heriades;Heriades;truncorum;(Linnaeus, 1758);Spain, Segovia, outside Cathedral;Segovia;Segovia;Segovia;Castilla y León;España;July 27.02;23/07/1902;E.B. Poulton;3280 ft.;;macho;;P. Álvarez;2025
MNCN_Ent 429739;1;Megachilidae;Megachilinae;Icteranthidium;;laterale;(Latreille, 1809);El Pardo (Madrid);Madrid, El Pardo;Madrid;Madrid;Madrid;España;23-VII-1983;23/07/1983;F. Fresno;;;macho;ex. Colección F. Fresno;P. Álvarez;2025
MNCN_Ent 429740;1;Megachilidae;Megachilinae;Icteranthidium;;laterale;(Latreille, 1809);El Pardo (Madrid);Madrid, El Pardo;Madrid;Madrid;Madrid;España;28-VII-1985;28/07/1985;F. Fresno;;;hembra;ex. Colección F. Fresno;P. Álvarez;2025
MNCN_Ent 429741;1;Megachilidae;Megachilinae;Icteranthidium;;laterale;(Latreille, 1809);Madrid (4 Vientos);Madrid, Cuatro Vientos;Madrid;Madrid;Madrid;España;2-VIII-1980;02/08/1980;F. Fresno;;;hembra;ex. Colección F. Fresno;P. Álvarez;2025
MNCN_Ent 429742;1;Megachilidae;Megachilinae;Anthidium;Proanthidium;oblongatum;(Illiger, 1806);Centellas (Barcelona);Centellas;Centellas;Barcelona;Cataluña;España;14-VII-1989;14/07/1989;F. Fresno;;;macho;ex. Colección F. Fresno;P. Álvarez;2025
MNCN_Ent 429743;1;Megachilidae;Megachilinae;Anthidium;Proanthidium;oblongatum;(Illiger, 1806);Buitrago (Madrid);Buitrago del Lozoya;Buitrago del Lozoya;Madrid;Madrid;España;15-IX-1984;15/09/1984;F. Fresno;;;macho;ex. Colección F. Fresno;P. Álvarez;2025
MNCN_Ent 429744;1;Megachilidae;Megachilinae;Anthidium;Proanthidium;oblongatum;(Illiger, 1806);Buitrago (Madrid);Buitrago del Lozoya;Buitrago del Lozoya;Madrid;Madrid;España;15-IX-1984;15/09/1984;F. Fresno;;;hembra;ex. Colección F. Fresno;P. Álvarez;2025
MNCN_Ent 429745;1;Megachilidae;Megachilinae;Anthidium;Proanthidium;oblongatum;(Illiger, 1806);Buitrago (Madrid);Buitrago del Lozoya;Buitrago del Lozoya;Madrid;Madrid;España;9-VI-1990;09/06/1990;F. Fresno;;;hembra;ex. Colección F. Fresno;P. Álvarez;2025
MNCN_Ent 429746;1;Megachilidae;Megachilinae;Anthidium;Proanthidium;oblongatum;(Illiger, 1806);Buitrago (Madrid);Buitrago del Lozoya;Buitrago del Lozoya;Madrid;Madrid;España;17-X-1982;17/10/1982;F. Fresno;;;hembra;ex. Colección F. Fresno;P. Álvarez;2025
MNCN_Ent 429747;1;Megachilidae;Megachilinae;Anthidium;Proanthidium;oblongatum;(Illiger, 1806);Tres Cantos (Madrid);Tres Cantos;Tres Cantos;Madrid;Madrid;España;27-VII-1989;27/07/1989;F. Fresno;;;hembra;ex. Colección F. Fresno;P. Álvarez;2025
MNCN_Ent 429748;1;Megachilidae;Megachilinae;Anthidium;Proanthidium;oblongatum;(Illiger, 1806);Sena de Luna (León);Sena de Luna;Sena de Luna;León;Castilla y León;España;25.VIII.2014;25/08/2014;F. Fresno;;;hembra;ex. Colección F. Fresno;P. Álvarez;2025
MNCN_Ent 429749;1;Megachilidae;Megachilinae;Anthidium;Proanthidium;oblongatum;(Illiger, 1806);Rabanal de Luna (León);Rabanal de Luna;Sena de Luna;León;Castilla y León;España;16.VIII.2014;16/08/2024;F. Fresno;;;hembra;ex. Colección F. Fresno;P. Álvarez;2025
MNCN_Ent 429750;1;Megachilidae;Megachilinae;Anthidium;Proanthidium;oblongatum;(Illiger, 1806);Venta del Pobre (Colunga, O);Venta del Pobre;Colunga;Asturias;Asturias;España;2.VIII.2014;02/08/2014;F. Fresno;;;hembra;ex. Colección F. Fresno;P. Álvarez;2025
MNCN_Ent 429751;1;Megachilidae;Megachilinae;Anthidium;Anthidium;cingulatum;Latreille, 1809;Alcoy (Alicante);Alcoy;Alcoy;Alicante;Comunidad Valenciana;España;12-VII-1982;12/07/1982;F. Fresno;;;hembra;ex. Colección F. Fresno;P. Álvarez;2025
MNCN_Ent 429752;1;Megachilidae;Megachilinae;Anthidium;Anthidium;diadema;Latreille, 1809;Tres Cantos (Madrid);Tres Cantos;Tres Cantos;Madrid;Madrid;España;15-VII-1990;15/07/1990;F. Fresno;;;hembra;ex. Colección F. Fresno;P. Álvarez;2025
MNCN_Ent 429753;1;Megachilidae;Megachilinae;Rhodanthidium;Rhodanthidium;septemdentatum;(Latreille, 1809);Alcoy (Alicante);Alcoy;Alcoy;Alicante;Comunidad Valenciana;España;3-VI-1982;03/06/1982;F. Fresno;;;hembra;ex. Colección F. Fresno;P. Álvarez;2025
MNCN_Ent 429756;1;Megachilidae;Megachilinae;Pseudoanthidium;Royanthidium;melanurum;(Klug, 1832);Rabanal de Luna (León);Rabanal de Luna;Sena de Luna;León;Castilla y León;España;16.VIII.2014;16/08/2014;F. Fresno;;;macho;ex. Colección F. Fresno;P. Álvarez;2025
MNCN_Ent 429757;1;Megachilidae;Megachilinae;Anthidium;Anthidium;loti;Perris, 1852;El Pardo (Madrid);Madrid, El Pardo;Madrid;Madrid;Madrid;España;2-VII-1983;02/07/1983;F. Fresno;;;hembra;ex. Colección F. Fresno;P. Álvarez;2025
MNCN_Ent 429758;1;Megachilidae;Megachilinae;Pseudoanthidium;Pseudoanthidium;scapulare;(Latreille, 1809);Tres Cantos (Madrid);Tres Cantos;Tres Cantos;Madrid;Madrid;España;15-VII-1990;15/07/1990;F. Fresno;;;macho;ex. Colección F. Fresno;P. Álvarez;2025
MNCN_Ent 429759;1;Megachilidae;Megachilinae;Pseudoanthidium;Pseudoanthidium;scapulare;(Latreille, 1809);Tres Cantos (Madrid);Tres Cantos;Tres Cantos;Madrid;Madrid;España;14-VI-1995;14/06/1995;F. Fresno;;;macho;ex. Colección F. Fresno;P. Álvarez;2025
