ID;Familia;Especie;Fecha;Localidad;Municipio;Provincia;País;Hábitat;Altitud;Hora;Sexo;Recolector;Identificador;Identificador 2;Identificador 3;Fila;Armario/estantería;Balda;Caja;latitud;longitud;Observaciones;Identificación inicial;Otra identificación posterior
BOS-HYM-N00001;Tenthredinidae;Athalia circularis circularis;28/09/1979;Trubia;Oviedo;Asturias;España;Huerta;;;;P. Ciscar;P. Ciscar;;;1;3;;3.1;;;;;
BOS-HYM-N00002;Tenthredinidae;Athalia circularis circularis;28/10/1979;Trubia;Oviedo;Asturias;España;Huerta;;;Hembra;P. Ciscar;P. Ciscar;;;1;3;;3.1;;;;;
BOS-HYM-N00003;Tenthredinidae;Athalia circularis circularis;05/10/1979;Llantrales;Grado;Asturias;España;Huerta;;;Hembra;P. Ciscar;P. Ciscar;;;1;3;;3.1;;;;;
BOS-HYM-N00004;Tenthredinidae;Athalia circularis circularis;05/10/1979;Llantrales;Grado;Asturias;España;Huerta;;;Hembra;P. Ciscar;P. Ciscar;;;1;3;;3.1;;;;;
BOS-HYM-N00005;Tenthredinidae;Athalia circularis circularis;28/09/1979;Trubia;Oviedo;Asturias;España;Huerta;;;Macho;P. Ciscar;P. Ciscar;;;1;3;;3.1;;;;;
BOS-HYM-N00006;Tenthredinidae;Athalia circularis circularis;18/09/1979;Trubia;Oviedo;Asturias;España;Huerta;;;Hembra;P. Ciscar;P. Ciscar;;;1;3;;3.1;;;;;
BOS-HYM-N00007;Tenthredinidae;Athalia circularis circularis;18/08/1976;Trubia;Oviedo;Asturias;España;Huerta;;;Macho;P. Ciscar;P. Ciscar;;;1;3;;3.1;;;;;
BOS-HYM-N00008;Tenthredinidae;Athalia circularis circularis;02/09/1980;Trubia;Oviedo;Asturias;España;Huerta;;;Hembra;P. Ciscar;P. Ciscar;;;1;3;;3.1;;;;;
BOS-HYM-N00009;Tenthredinidae;Athalia rufoscutellata;15/09/1981;Trubia;Oviedo;Asturias;España;Prado con frutales;;;Macho;P. Ciscar;P. Ciscar;;;1;3;;3.1;;;;;
BOS-HYM-N00010;Tenthredinidae;Selandria serva;_/05/1976;Pola de Siero;Siero;Asturias;España;;;;Hembra;Carmen S. Lavin;P. Ciscar;;;1;3;;3.1;;;;;
BOS-HYM-N00011;Tenthredinidae;Selandria padi;28/07/1976;Trubia;Oviedo;Asturias;España;Prado;;;Hembra;P. Ciscar;P. Ciscar;;;1;3;;3.1;;;;;
BOS-HYM-N00012;Tenthredinidae;Selandria padi;12/06/1980;Trubia;Oviedo;Asturias;España;Huerta;;;Hembra;P. Ciscar;P. Ciscar;;;1;3;;3.1;;;;;
BOS-HYM-N00013;Tenthredinidae;Selandria morio;18/06/1980;Trubia;Oviedo;Asturias;España;Prado;;;Macho;P. Ciscar;P. Ciscar;;;1;3;;3.1;;;;;
BOS-HYM-N00014;Tenthredinidae;Selandria morio;13/03/1977;Trubia;Oviedo;Asturias;España;Bosque;;;Hembra;P. Ciscar;P. Ciscar;;;1;3;;3.1;;;;;
BOS-HYM-N00015;Tenthredinidae;Aneugmenus coronatus var. analis;31/07/1981;Trubia;Oviedo;Asturias;España;Prado con frutales;;;Hembra;P. Ciscar;P. Ciscar;;;1;3;;3.1;;;;;
BOS-HYM-N00016;Tenthredinidae;Strombocerus delicatulus;26/05/1981;Trubia;Oviedo;Asturias;España;Bosque;;;Hembra;P. Ciscar;P. Ciscar;;;1;3;;3.1;;;;;
BOS-HYM-N00017;Tenthredinidae;Strombocerus delicatulus;15/05/1981;Trubia;Oviedo;Asturias;España;Bosque;;;Macho;P. Ciscar;P. Ciscar;;;1;3;;3.1;;;;;
BOS-HYM-N00018;Tenthredinidae;Strombocerus delicatulus;15/05/1981;Trubia;Oviedo;Asturias;España;Bosque;;;Macho;P. Ciscar;P. Ciscar;;;1;3;;3.1;;;;;
BOS-HYM-N00019;Tenthredinidae;Strombocerus delicatulus;15/05/1981;Trubia;Oviedo;Asturias;España;Bosque;;;Hembra;P. Ciscar;P. Ciscar;;;1;3;;3.1;;;;;
BOS-HYM-N00020;Tenthredinidae;Strombocerus delicatulus;15/05/1981;Trubia;Oviedo;Asturias;España;Bosque;;;Hembra;P. Ciscar;P. Ciscar;;;1;3;;3.1;;;;;
BOS-HYM-N00021;Tenthredinidae;Strombocerus delicatulus;15/05/1981;Trubia;Oviedo;Asturias;España;Bosque;;;Macho;P. Ciscar;P. Ciscar;;;1;3;;3.1;;;;;
BOS-HYM-N00022;Tenthredinidae;Strombocerus delicatulus;27/04/1981;Trubia;Oviedo;Asturias;España;Bosque;;;Macho;P. Ciscar;P. Ciscar;;;1;3;;3.1;;;;;
BOS-HYM-N00023;Tenthredinidae;Strombocerus delicatulus;15/05/1981;Trubia;Oviedo;Asturias;España;Bosque;;;Macho;P. Ciscar;P. Ciscar;;;1;3;;3.1;;;;;
BOS-HYM-N00024;Tenthredinidae;Strombocerus delicatulus;04/06/1981;Trubia;Oviedo;Asturias;España;Bosque;;;Macho;P. Ciscar;P. Ciscar;;;1;3;;3.1;;;;;
BOS-HYM-N00025;Tenthredinidae;Strombocerus delicatulus;15/05/1981;Trubia;Oviedo;Asturias;España;Bosque;;;Macho;P. Ciscar;P. Ciscar;;;1;3;;3.1;;;;;
BOS-HYM-N00026;Tenthredinidae;Strombocerus delicatulus;08/05/1981;Trubia;Oviedo;Asturias;España;Bosque;;;Macho;P. Ciscar;P. Ciscar;;;1;3;;3.1;;;;;
BOS-HYM-N00027;Tenthredinidae;Strombocerus delicatulus;15/05/1981;Trubia;Oviedo;Asturias;España;Bosque;;;Macho;P. Ciscar;P. Ciscar;;;1;3;;3.1;;;;;
BOS-HYM-N00028;Tenthredinidae;Strombocerus delicatulus;08/05/1981;Trubia;Oviedo;Asturias;España;Bosque;;;Macho;P. Ciscar;P. Ciscar;;;1;3;;3.1;;;;;
BOS-HYM-N00029;Tenthredinidae;Strombocerus delicatulus;15/05/1981;Trubia;Oviedo;Asturias;España;Bosque;;;Macho;P. Ciscar;P. Ciscar;;;1;3;;3.1;;;;;
BOS-HYM-N00030;Tenthredinidae;Strombocerus delicatulus;08/05/1981;Trubia;Oviedo;Asturias;España;Bosque;;;Macho;P. Ciscar;P. Ciscar;;;1;3;;3.1;;;;;
BOS-HYM-N00031;Tenthredinidae;Strombocerus delicatulus;15/05/1981;Trubia;Oviedo;Asturias;España;Bosque;;;Macho;P. Ciscar;P. Ciscar;;;1;3;;3.1;;;;;
BOS-HYM-N00032;Tenthredinidae;Strombocerus delicatulus;15/05/1981;Trubia;Oviedo;Asturias;España;Bosque;;;Macho;P. Ciscar;P. Ciscar;;;1;3;;3.1;;;;;
BOS-HYM-N00033;Tenthredinidae;Strombocerus delicatulus;27/04/1981;Trubia;Oviedo;Asturias;España;Bosque;;;Macho;P. Ciscar;P. Ciscar;;;1;3;;3.1;;;;;
BOS-HYM-N00034;Tenthredinidae;Strombocerus delicatulus;04/06/1981;Trubia;Oviedo;Asturias;España;Bosque;;;Macho;P. Ciscar;P. Ciscar;;;1;3;;3.1;;;;;
BOS-HYM-N00035;Tenthredinidae;Strombocerus delicatulus;04/06/1981;Trubia;Oviedo;Asturias;España;Bosque;;;Macho;P. Ciscar;P. Ciscar;;;1;3;;3.1;;;;;
BOS-HYM-N00036;Tenthredinidae;Strombocerus delicatulus;08/05/1981;Trubia;Oviedo;Asturias;España;Bosque;;;Macho;P. Ciscar;P. Ciscar;;;1;3;;3.1;;;;;
BOS-HYM-N00037;Tenthredinidae;Strombocerus delicatulus;08/05/1981;Trubia;Oviedo;Asturias;España;Bosque;;;Macho;P. Ciscar;P. Ciscar;;;1;3;;3.1;;;;;
BOS-HYM-N00038;Tenthredinidae;Strombocerus delicatulus;27/04/1981;Trubia;Oviedo;Asturias;España;Bosque;;;Macho;P. Ciscar;P. Ciscar;;;1;3;;3.1;;;;;
BOS-HYM-N00039;Tenthredinidae;Strongylogaster lineata;23/05/1978;San Lázaro (Oviedo);Oviedo;Asturias;España;Prado;;;Hembra;C. Ocejo Otero;P. Ciscar;;;1;3;;3.1;;;;;
BOS-HYM-N00040;Tenthredinidae;Strongylogaster lineata;14/04/1977;Trubia;Oviedo;Asturias;España;Bosque;;;Hembra;P. Ciscar;P. Ciscar;;;1;3;;3.1;;;;;
BOS-HYM-N00041;Tenthredinidae;Strongylogaster lineata;11/05/1976;La Felguera;Langreo;Asturias;España;;;;Hembra;A. Laso;P. Ciscar;;;1;3;;3.1;;;;;
BOS-HYM-N00042;Tenthredinidae;Emphytus cinctus;09/09/1976;Trubia;Oviedo;Asturias;España;Matorral;;;Macho;P. Ciscar;P. Ciscar;;;1;3;;3.1;;;;;
BOS-HYM-N00043;Tenthredinidae;Emphytus cinctus;09/04/1981;Feleches;;Asturias;España;Matorral;;;Hembra;P. Ciscar;P. Ciscar;;;1;3;;3.1;;;;;
BOS-HYM-N00044;Tenthredinidae;Emphytus cinctus;23/07/1981;Llantrales;Grado;Asturias;España;Huerta;;;Hembra;P. Ciscar;P. Ciscar;;;1;3;;3.1;;;;;
BOS-HYM-N00045;Tenthredinidae;Emphytus pallipes;27/04/1981;Trubia;Oviedo;Asturias;España;Matorral;;;Hembra;P. Ciscar;P. Ciscar;;;1;3;;3.1;;;;;
BOS-HYM-N00046;Tenthredinidae;Emphytus pallipes;04/07/1981;Trubia;Oviedo;Asturias;España;Matorral;;;Hembra;P. Ciscar;P. Ciscar;;;1;3;;3.1;;;;;
BOS-HYM-N00047;Tenthredinidae;Emphytus carpini;13/03/1977;Trubia;Oviedo;Asturias;España;Bosque;;;Hembra;P. Ciscar;P. Ciscar;;;1;3;;3.1;;;;;
BOS-HYM-N00048;Tenthredinidae;Emphytus carpini;13/04/1977;Trubia;Oviedo;Asturias;España;Bosque;;;Hembra;P. Ciscar;P. Ciscar;;;1;3;;3.1;;;;;
BOS-HYM-N00049;Tenthredinidae;Ametastegia equiseti;10/10/1981;Trubia;Oviedo;Asturias;España;Huerta;;;Hembra;P. Ciscar;P. Ciscar;;;1;3;;3.1;;;;;
BOS-HYM-N00050;Tenthredinidae;Ametastegia equiseti;29/07/1979;Belmonte;;;España;Huerta;;;Macho;P. Ciscar;P. Ciscar;;;1;3;;3.1;;;;;
BOS-HYM-N00051;Tenthredinidae;Ametastegia equiseti;02/05/1980;Trubia;Oviedo;Asturias;España;Huerta;;;;P. Ciscar;P. Ciscar;;;1;3;;3.1;;;;;
BOS-HYM-N00052;Tenthredinidae;Dolerus etruscus;_/05/1978;Lugones;Siero;Asturias;España;;162 m;16 h;Hembra;P. R. Álvarez;P. Ciscar;;;1;3;;3.2;;;;;
BOS-HYM-N00053;Tenthredinidae;;07/06/1979;Cangas de Onís;Cangas de Onís;Asturias;España;;;;;I. Comas;;;;1;3;;3.2;;;;;
BOS-HYM-N00054;Tenthredinidae;Dolerus etruscus;12/10/1979;Grado;Grado;Asturias;España;;;;Hembra;P. Ciscar;P. Ciscar;;;1;3;;3.2;;;;;
BOS-HYM-N00055;Tenthredinidae;Dolerus etruscus;03/07/1980;Lugones;Siero;Asturias;España;;;;Hembra;F. J. Ocharan;P. Ciscar;;;1;3;;3.2;;;;;
BOS-HYM-N00056;Tenthredinidae;Dolerus madidus;12/05/1974;Corias;Pravia;Asturias;España;;;;Hembra;M. A. Álvarez;P. Ciscar;;;1;3;;3.2;;;;;
BOS-HYM-N00057;Tenthredinidae;Dolerus puncticollis;23/05/1976;El Nocíu;;Asturias;España;;;;Macho;R. Anadón;P. Ciscar;;;1;3;;3.2;;;;;
BOS-HYM-N00058;Tenthredinidae;Dolerus puncticollis;11/05/1980;Vigaña de Arcello;Belmonte de Miranda;Asturias;España;;;;Hembra;P. Ciscar;P. Ciscar;;;1;3;;3.2;;;;;
BOS-HYM-N00059;Tenthredinidae;Dolerus nitens;_/05/1978;Axeite;Pola de Lena;Asturias;España;;;;Hembra;R. Rodríguez Álvarez;P. Ciscar;;;1;3;;3.2;;;;;
BOS-HYM-N00060;Tenthredinidae;Dolerus nigratus;06/06/1976;Lago de Isoba;Puebla de Lillo;León;España;;;;Hembra;R. Anadón;P. Ciscar;;;1;3;;3.2;;;;;
BOS-HYM-N00061;Tenthredinidae;Loderus palmatus;01/06/1980;Feleches;;Asturias;España;Prado con frutales;;;Macho;P. Ciscar;P. Ciscar;;;1;3;;3.2;;;;;
BOS-HYM-N00062;Tenthredinidae;Athalia lugens;30/09/1979;Grado;Grado;Asturias;España;Prado;;;Macho;P. Ciscar;P. Ciscar;;;1;3;;3.2;;;;;
BOS-HYM-N00063;Tenthredinidae;Athalia lugens;30/09/1979;Grado;Grado;Asturias;España;Prado;;;Macho;P. Ciscar;P. Ciscar;;;1;3;;3.2;;;;;
BOS-HYM-N00064;Tenthredinidae;Athalia lugens;30/09/1979;Grado;Grado;Asturias;España;Prado;;;;P. Ciscar;P. Ciscar;;;1;3;;3.2;;;;;
BOS-HYM-N00065;Tenthredinidae;Athalia lugens lugens;30/09/1979;Grado;Grado;Asturias;España;Prado;;;Hembra;P. Ciscar;P. Ciscar;;;1;3;;3.2;;;;;
BOS-HYM-N00066;Tenthredinidae;Athalia glabricollis;01/06/1980;Feleches;;Asturias;España;Prado;;;Hembra;P. Ciscar;P. Ciscar;;;1;3;;3.2;;;;;
BOS-HYM-N00067;Tenthredinidae;Athalia glabricollis glabricollis;24/05/1981;Carbajal de la Legua;Sariegos;León;España;Ribera;;;Hembra;C. Colinas;P. Ciscar;;;1;3;;3.2;;;;;
BOS-HYM-N00068;Tenthredinidae;Athalia rosae rosae;28/08/1976;Trubia;Oviedo;Asturias;España;Matorral;;;Hembra;P. Ciscar;P. Ciscar;;;1;3;;3.2;;;;;
BOS-HYM-N00069;Tenthredinidae;Athalia rosae rosae;28/09/1979;Trubia;Oviedo;Asturias;España;Huerta;;;Macho;P. Ciscar;P. Ciscar;;;1;3;;3.2;;;;;
BOS-HYM-N00070;Tenthredinidae;Athalia rosae rosae;30/09/1979;Grado;Grado;Asturias;España;Prado;;;;P. Ciscar;P. Ciscar;;;1;3;;3.2;;;;;
BOS-HYM-N00071;Tenthredinidae;Athalia rosae rosae;07/06/1976;Trubia;Oviedo;Asturias;España;Matorral;;;Hembra;P. Ciscar;P. Ciscar;;;1;3;;3.2;;;;;
BOS-HYM-N00072;Tenthredinidae;Athalia rosae rosae;05/05/1978;La Laguna;Avilés;Asturias;España;;;;Hembra;M. José Valle;P. Ciscar;;;1;3;;3.2;;;;;
BOS-HYM-N00073;Tenthredinidae;Athalia rosae rosae;28/05/1981;Somió;Gijón;Asturias;España;;;;Macho;Luis Mero;P. Ciscar;;;1;3;;3.2;;;;;
BOS-HYM-N00074;Tenthredinidae;Athalia rosae rosae;26/09/1980;Trubia;Oviedo;Asturias;España;Huerta;;;Hembra;P. Ciscar;P. Ciscar;;;1;3;;3.2;;;;;
BOS-HYM-N00075;Tenthredinidae;Athalia liberta liberta;30/09/1979;Grado;Grado;Asturias;España;Prado;;;Macho;P. Ciscar;P. Ciscar;;;1;3;;3.2;;;;;
BOS-HYM-N00076;Tenthredinidae;Athalia liberta liberta;20/09/1976;Trubia;Oviedo;Asturias;España;Prado;;;Hembra;P. Ciscar;P. Ciscar;;;1;3;;3.2;;;;;
BOS-HYM-N00077;Tenthredinidae;Athalia liberta liberta;18/08/1976;Trubia;Oviedo;Asturias;España;Huerta;;;;P. Ciscar;P. Ciscar;;;1;3;;3.2;;;;;
BOS-HYM-N00078;Tenthredinidae;Athalia liberta liberta;06/08/1979;Trubia;Oviedo;Asturias;España;Huerta;;;Hembra;P. Ciscar;P. Ciscar;;;1;3;;3.2;;;;;
BOS-HYM-N00079;Tenthredinidae;Athalia liberta;24/05/1980;Gijón;Gijón;Asturias;España;;;;Macho;Villalba;P. Ciscar;;;1;3;;3.2;;;;;
BOS-HYM-N00080;Tenthredinidae;Athalia cornubiae;10/05/1980;Santo Adriano (Tuñón);Santo Adriano;Asturias;España;Jardín;;;Hembra;P. Ciscar;P. Ciscar;;;1;3;;3.2;;;;;
BOS-HYM-N00081;Tenthredinidae;Athalia cornubiae;17/08/1976;Trubia;Oviedo;Asturias;España;Huerta;;;Hembra;P. Ciscar;P. Ciscar;;;1;3;;3.2;;;;;
BOS-HYM-N00082;Tenthredinidae;Athalia cornubiae;18/08/1976;Trubia;Oviedo;Asturias;España;Matorral;;;Hembra;P. Ciscar;P. Ciscar;;;1;3;;3.2;;;;;
BOS-HYM-N00083;Tenthredinidae;Athalia cornubiae;18/08/1976;Trubia;Oviedo;Asturias;España;Matorral;;;Hembra;P. Ciscar;P. Ciscar;;;1;3;;3.2;;;;;
BOS-HYM-N00084;Tenthredinidae;Athalia cornubiae;11/10/1976;Trubia;Oviedo;Asturias;España;Matorral;;;Hembra;P. Ciscar;P. Ciscar;;;1;3;;3.2;;;;;
BOS-HYM-N00085;Tenthredinidae;Athalia cornubiae;28/08/1976;Trubia;Oviedo;Asturias;España;Matorral;;;Hembra;P. Ciscar;P. Ciscar;;;1;3;;3.2;;;;;
BOS-HYM-N00086;Tenthredinidae;Athalia cornubiae;20/09/1976;Trubia;Oviedo;Asturias;España;Prado;;;Hembra;P. Ciscar;P. Ciscar;;;1;3;;3.2;;;;;
BOS-HYM-N00087;Tenthredinidae;Athalia cornubiae;26/09/1980;Trubia;Oviedo;Asturias;España;Matorral;;;Hembra;P. Ciscar;P. Ciscar;;;1;3;;3.2;;;;;
BOS-HYM-N00088;Tenthredinidae;Athalia cornubiae;26/09/1980;Trubia;Oviedo;Asturias;España;Huerta;;;Hembra;P. Ciscar;P. Ciscar;;;1;3;;3.2;;;;;
BOS-HYM-N00089;Tenthredinidae;Athalia cordata;07/05/1976;Grado;Grado;Asturias;España;;;;Macho;J. L. Velasco;P. Ciscar;;;1;3;;3.2;;;;;
BOS-HYM-N00090;Tenthredinidae;Athalia cordata;15/05/1978;Avilés;Avilés;Asturias;España;Prado;;;Macho;A. Reyero;P. Ciscar;;;1;3;;3.2;;;;;
BOS-HYM-N00091;Tenthredinidae;Athalia cordata;13/04/1977;Trubia;Oviedo;Asturias;España;Bosque;;;Hembra;P. Ciscar;P. Ciscar;;;1;3;;3.2;;;;;
BOS-HYM-N00092;Tenthredinidae;Athalia cordata;09/09/1976;Trubia;Oviedo;Asturias;España;Huerta;;;Hembra;P. Ciscar;P. Ciscar;;;1;3;;3.2;;;;;
BOS-HYM-N00093;Tenthredinidae;Athalia cordata;26/03/1977;Trubia;Oviedo;Asturias;España;Matorral;;;Macho;P. Ciscar;P. Ciscar;;;1;3;;3.2;;;;;
BOS-HYM-N00094;Tenthredinidae;Athalia cordata;26/03/1977;Trubia;Oviedo;Asturias;España;Prado;;;Macho;P. Ciscar;P. Ciscar;;;1;3;;3.2;;;;;
BOS-HYM-N00095;Tenthredinidae;Athalia cordata;27/04/1976;Trubia;Oviedo;Asturias;España;Matorral;;;Macho;P. Ciscar;P. Ciscar;;;1;3;;3.2;;;;;
BOS-HYM-N00096;Tenthredinidae;Athalia cordata;12/03/1977;Trubia;Oviedo;Asturias;España;Huerta;;;Hembra;P. Ciscar;P. Ciscar;;;1;3;;3.2;;;;;
BOS-HYM-N00097;Tenthredinidae;Athalia cordata;_/06/1979;;;Asturias;España;;;;Hembra;M. Lebrato;P. Ciscar;;;1;3;;3.2;;;;;
BOS-HYM-N00098;Tenthredinidae;Athalia cordata;02/10/1979;Trubia;Oviedo;Asturias;España;Huerta;;;Hembra;P. Ciscar;P. Ciscar;;;1;3;;3.2;;;;;
BOS-HYM-N00099;Tenthredinidae;Athalia cordata;09/12/1976;Trubia;Oviedo;Asturias;España;Huerta;;;Hembra;P. Ciscar;P. Ciscar;;;1;3;;3.2;;;;;
BOS-HYM-N00100;Tenthredinidae;Athalia cordata;13/04/1977;Trubia;Oviedo;Asturias;España;Huerta;;;Hembra;P. Ciscar;P. Ciscar;;;1;3;;3.2;;;;;
BOS-HYM-N00101;Tenthredinidae;Athalia cordata;27/03/1976;Trubia;Oviedo;Asturias;España;Matorral;;;Macho;P. Ciscar;P. Ciscar;;;1;3;;3.2;;;;;
BOS-HYM-N00102;Tenthredinidae;Athalia cordata;26/04/1976;Trubia;Oviedo;Asturias;España;Huerta;;;Hembra;P. Ciscar;P. Ciscar;;;1;3;;3.2;;;;;
BOS-HYM-N00103;Tenthredinidae;Athalia cordata;29/03/1981;Celorio;Llanes;Asturias;España;;;;Hembra;Milagros Garzo;P. Ciscar;;;1;3;;3.2;;;;;
BOS-HYM-N00104;Tenthredinidae;Athalia cordata;15/10/1981;Alcubiellas;Grado;Asturias;España;Huerta;;;Macho;P. Ciscar;P. Ciscar;;;1;3;;3.2;;;;;
BOS-HYM-N00105;Tenthredinidae;Athalia cordata;30/09/1976;Trubia;Oviedo;Asturias;España;Matorral;;;Hembra;P. Ciscar;P. Ciscar;;;1;3;;3.2;;;;;
BOS-HYM-N00106;Tenthredinidae;Athalia cordata;30/09/1976;Trubia;Oviedo;Asturias;España;Prado;;;Macho;P. Ciscar;P. Ciscar;;;1;3;;3.2;;;;;
BOS-HYM-N00107;Tenthredinidae;Athalia cordata;26/03/1977;Trubia;Oviedo;Asturias;España;Matorral;;;Hembra;P. Ciscar;P. Ciscar;;;1;3;;3.2;;;;;
BOS-HYM-N00108;Tenthredinidae;Athalia cordata;30/09/1976;Trubia;Oviedo;Asturias;España;Matorral;;;Macho;P. Ciscar;P. Ciscar;;;1;3;;3.2;;;;;
BOS-HYM-N00109;Tenthredinidae;Athalia cordata;06/05/1976;Trubia;Oviedo;Asturias;España;Huerta;;;Hembra;P. Ciscar;P. Ciscar;;;1;3;;3.2;;;;;
BOS-HYM-N00110;Tenthredinidae;Athalia lugens;19/10/1979;Grado;Grado;Asturias;España;Prado;;;;P. Ciscar;P. Ciscar;;;1;3;;3.2;;;;;
BOS-HYM-N00111;Tenthredinidae;Tomostethus punctatus;11/05/1980;Viagaña de Arcello;Belmonte de Miranda;Asturias;España;Prado;;;Hembra;P. Ciscar;P. Ciscar;;;1;3;;3.3;;;;;
BOS-HYM-N00112;Tenthredinidae;Tomostethus fuliginosus;02/09/1980;Trubia;Oviedo;Asturias;España;Huerta;;;Hembra;P. Ciscar;P. Ciscar;;;1;3;;3.3;;;;Atomostethus fuliginosus;
BOS-HYM-N00113;Tenthredinidae;Tomostethus fuliginosus;28/07/1979;Trubia;Oviedo;Asturias;España;Huerta;;;Hembra;P. Ciscar;P. Ciscar;;;1;3;;3.3;;;;;
BOS-HYM-N00114;Tenthredinidae;Tomostethus ephippium;10/05/1980;Tuñón;Sto Adriano;Asturias;España;Jardín;;;Hembra;P. Ciscar;P. Ciscar;;;1;3;;3.3;;;Panzes;;
BOS-HYM-N00115;Tenthredinidae;Tomostethus ephippium;10/05/1980;Tuñón;Sto Adriano;Asturias;España;Jardín;;;Hembra;P. Ciscar;P. Ciscar;;;1;3;;3.3;;;Panzes;;
BOS-HYM-N00116;Tenthredinidae;Tomostethus ephippium;10/05/1980;Tuñón;Sto Adriano;Asturias;España;Jardín;;;Hembra;P. Ciscar;P. Ciscar;;;1;3;;3.3;;;Panzes;;
BOS-HYM-N00117;Tenthredinidae;Tomostethus ephippium;21/05/1980;Trubia;Oviedo;Asturias;España;Jardín;;;Hembra;P. Ciscar;P. Ciscar;;;1;3;;3.3;;;Panzes;;
BOS-HYM-N00118;Tenthredinidae;Tomostethus ephippium;12/06/1980;Trubia;Oviedo;Asturias;España;Huerta;;;Hembra;P. Ciscar;P. Ciscar;;;1;3;;3.3;;;Panzes;;
BOS-HYM-N00119;Tenthredinidae;Tomostethus ephippium;03/08/1975;Trubia;Oviedo;Asturias;España;Huerta;;;Hembra;P. Ciscar;P. Ciscar;;;1;3;;3.3;;;Panzes;;
BOS-HYM-N00120;Tenthredinidae;Tomostethus ephippium;21/05/1980;Trubia;Oviedo;Asturias;España;Jardín;;;Hembra;P. Ciscar;P. Ciscar;;;1;3;;3.3;;;Panzes;;
BOS-HYM-N00121;Tenthredinidae;Eutomastethus epphippium;09/06/1981;Trubia;Oviedo;Asturias;España;Jardín, en hoja de hortensia;;;Hembra;P. Ciscar;P. Ciscar;;;1;3;;3.3;;;;;
BOS-HYM-N00122;Tenthredinidae;Tomostethus ephippium;10/05/1980;Tuñón;Sto Adriano;Asturias;España;Jardín;;;Hembra;P. Ciscar;P. Ciscar;;;1;3;;3.3;;;Panzes;;
BOS-HYM-N00123;Tenthredinidae;Tomostethus ephippium;01/06/1980;Lampaya (Naranco);Oviedo;Asturias;España;Jardín;;;Hembra;P. Ciscar;P. Ciscar;;;1;3;;3.3;;;Panzes;;
BOS-HYM-N00124;Tenthredinidae;Monophadnoides ruficruris;24/03/1980;Trubia;Oviedo;Asturias;España;Prado;;;Macho;P. Ciscar;P. Ciscar;;;1;3;;3.3;;;;;
BOS-HYM-N00125;Tenthredinidae;Monophadnoides ruficruris;26/05/1980;Trubia;Oviedo;Asturias;España;Huerta;;;Hembra;P. Ciscar;P. Ciscar;;;1;3;;3.3;;;;;
BOS-HYM-N00126;Tenthredinidae;Monophadnoides ruficruris;06/04/1981;Trubia;Oviedo;Asturias;España;Prado con frutales;;;Hembra;P. Ciscar;P. Ciscar;;;1;3;;3.3;;;;;
BOS-HYM-N00127;Tenthredinidae;Monophadnoides pallescens;08/06/1980;Villafría;Pravia;Asturias;España;Huerta;;;Hembra;P. Ciscar;P. Ciscar;;;1;3;;3.3;;;;;
BOS-HYM-N00128;Tenthredinidae;Monophadnoides pallescens;26/05/1980;Trubia;Oviedo;Asturias;España;Huerta;;;Hembra;P. Ciscar;P. Ciscar;;;1;3;;3.3;;;;;
BOS-HYM-N00129;Tenthredinidae;Monophadnoides pallescens;30/03/1981;Trubia;Oviedo;Asturias;España;Bosque;;;Hembra;P. Ciscar;P. Ciscar;;;1;3;;3.3;;;;;
BOS-HYM-N00130;Tenthredinidae;Monophadnus monticola;23/03/1981;Trubia;Oviedo;Asturias;España;Bosque;;;Hembra;P. Ciscar;P. Ciscar;;;1;3;;3.3;;;;;
BOS-HYM-N00131;Tenthredinidae;Blennocampa affinis;01/06/1980;Lampaya (Naranco);Oviedo;Asturias;España;Prado;;;Hembra;P. Ciscar;P. Ciscar;;;1;3;;3.3;;;Fallén;;
BOS-HYM-N00132;Tenthredinidae;Fenella nigrita;21/05/1980;Trubia;Oviedo;Asturias;España;Prado;;;Hembra;P. Ciscar;P. Ciscar;;;1;3;;3.3;;;;;
BOS-HYM-N00133;Tenthredinidae;Caliroa limacina;07/05/1981;Trubia;Oviedo;Asturias;España;Matorral;;;Hembra;P. Ciscar;P. Ciscar;;;1;3;;3.3;;;;;
BOS-HYM-N00134;Tenthredinidae;Phyllotoma vagans;18/08/1976;Trubia;Oviedo;Asturias;España;Huerta;;;Hembra;P. Ciscar;P. Ciscar;;;1;3;;3.3;;;;;
BOS-HYM-N00135;Tenthredinidae;Hoplocampa minuta;26/09/1980;Trubia;Oviedo;Asturias;España;Huerta;;;Hembra;P. Ciscar;P. Ciscar;;;1;3;;3.3;;;;;
BOS-HYM-N00136;Tenthredinidae;Fenella nigrita;24/03/1980;Trubia;Oviedo;Asturias;España;Huerta;;;Hembra;P. Ciscar;P. Ciscar;;;1;3;;3.3;;;;;
BOS-HYM-N00137;Tenthredinidae;Hoplocampa minuta;28/08/1976;Trubia;Oviedo;Asturias;España;Bosque;;;Hembra;P. Ciscar;P. Ciscar;;;1;3;;3.3;;;;;
BOS-HYM-N00138;Tenthredinidae;Cladius pectinicornis;10/05/1981;Tineo;Tineo;Asturias;España;Sobre planta;;;Hembra;E. Paredes;P. Ciscar;;;1;3;;3.4;;;;;
BOS-HYM-N00139;Tenthredinidae;Cladius pectinicornis;20/09/1976;Trubia;Oviedo;Asturias;España;Prado;;;Hembra;P. Ciscar;P. Ciscar;;;1;3;;3.4;;;;;
BOS-HYM-N00140;Tenthredinidae;Cladius pectinicornis;20/09/1976;Trubia;Oviedo;Asturias;España;Prado;;;Hembra;P. Ciscar;P. Ciscar;;;1;3;;3.4;;;;;
BOS-HYM-N00141;Tenthredinidae;Cladius pectinicornis;07/06/1980;Trubia;Oviedo;Asturias;España;Bosque;;;Macho;P. Ciscar;P. Ciscar;;;1;3;;3.4;;;;;
BOS-HYM-N00142;Tenthredinidae;Trichiocampus eradiatus;12/05/1978;El Cristo (Oviedo);Oviedo;Asturias;España;;;;Macho;J. A. Gil;P. Ciscar;;;1;3;;3.4;;;;;
BOS-HYM-N00143;Tenthredinidae;Priophorus pallipes;06/04/1980;Santullano;Las Regueras;Asturias;España;Huerta;;;Hembra;P. Ciscar;P. Ciscar;;;1;3;;3.4;;;;;
BOS-HYM-N00144;Tenthredinidae;Pristiphora pallidiventris;23/07/1981;Trubia;Oviedo;Asturias;España;Prado con frutales;;;Hembra;P. Ciscar;P. Ciscar;;;1;3;;3.4;;;;;
BOS-HYM-N00145;Tenthredinidae;Pristiphora pallipes;24/03/1980;Trubia;Oviedo;Asturias;España;Prado;;;Hembra;P. Ciscar;P. Ciscar;;;1;3;;3.4;;;;;
BOS-HYM-N00146;Tenthredinidae;Pteronidea pavida;27/07/1980;Porcía;El Franco;Asturias;España;;;;Hembra;Ana Quero;P. Ciscar;;;1;3;;3.4;;;;;
BOS-HYM-N00147;Tenthredinidae;Pteronidea sp.;05/09/1980;Trubia;Oviedo;Asturias;España;Huerta;;;Hembra;P. Ciscar;P. Ciscar;;;1;3;;3.4;;;;;
BOS-HYM-N00148;Tenthredinidae;Pteronidea myosotidis;26/09/1980;Trubia;Oviedo;Asturias;España;Huerta;;;Hembra;P. Ciscar;P. Ciscar;;;1;3;;3.4;;;;;
BOS-HYM-N00149;Tenthredinidae;Pristiphora testacea;27/04/1981;Trubia;Oviedo;Asturias;España;Bosque;;;Hembra;P. Ciscar;P. Ciscar;;;1;3;;3.4;;;;;
BOS-HYM-N00150;Tenthredinidae;Pristiphora testacea;26/05/1980;Trubia;Oviedo;Asturias;España;Bosque;;;Hembra;P. Ciscar;P. Ciscar;;;1;3;;3.4;;;;;
BOS-HYM-N00151;Tenthredinidae;Pristiphora testacea;13/03/1977;Trubia;Oviedo;Asturias;España;Bosque;;;Hembra;P. Ciscar;P. Ciscar;;;1;3;;3.4;;;;;
BOS-HYM-N00152;Tenthredinidae;Pristiphora testacea;09/03/1980;Trubia;Oviedo;Asturias;España;Prado;;;Hembra;P. Ciscar;P. Ciscar;;;1;3;;3.4;;;;;
BOS-HYM-N00153;Argidae;Arge rosae;_/05/1976;Pola de Siero;Siero;Asturias;España;;;;Hembra;Carmen S. Lavin;P. Ciscar;;;1;3;;3.4;;;;;
BOS-HYM-N00154;Argidae;Arge cyaneocroea;03/07/1978;Santander;;Cantabria;España;;;;Macho;;P. Ciscar;;;1;3;;3.4;;;Förster;;
BOS-HYM-N00155;Argidae;Arge cyaneocroea;07/06/1981;S. Pedro de Nora;Las Regueras;Asturias;España;Sobre Euphorbia;;;Hembra;P. Ciscar;P. Ciscar;;;1;3;;3.4;;;;;
BOS-HYM-N00156;Argidae;Arge cyaneocroea;04/05/1980;Oviedo;Oviedo;Asturias;España;;;;Macho;Yolanda Glez;P. Ciscar;;;1;3;;3.4;;;;;
BOS-HYM-N00157;Argidae;Schizocera geminata;20/03/1976;Trubia;Oviedo;Asturias;España;Bosque mixto de pinos y castaños;;;Macho;P. Ciscar;P. Ciscar;;;1;3;;3.4;;;Gmelin;;
BOS-HYM-N00158;Argidae;Arge enodis;_/04/1976;El Cristo (Oviedo);Oviedo;Asturias;España;;;;Macho;P. León L.;P. Ciscar;;;1;3;;3.4;;;;;
BOS-HYM-N00159;Argidae;Arge ustulata;29/05/1982;Naviego;Cangas del Narcea;Asturias;España;Prado;;;Macho;P. Ciscar;P. Ciscar;;;1;3;;3.4;;;;;
BOS-HYM-N00160;Cimbicidae;Abia sericea;16/08/1977;El Puerto;;Asturias;España;;;;Macho;R. González;P. Ciscar;;;1;3;;3.4;;;;;
BOS-HYM-N00161;Cimbicidae;Abia lonicerae;12/05/1975;Sotrondio;San Martín del Rey Aurelio;Asturias;España;;;;Macho;R. J. González Castaño;P. Ciscar;;;1;3;;3.4;;;;;
BOS-HYM-N00162;Cimbicidae;Amasis obscura;01/06/1980;Feleches;;Asturias;España;;;;Macho;P. Ciscar;P. Ciscar;;;1;3;;3.4;;;;;
BOS-HYM-N00163;Siricidae;Sirex noctilio;19/07/1980;Bayas;Castrillón;Asturias;España;Prado;;;Hembra;Antonieta Fleites;P. Ciscar;;;1;3;;3.4;;;;;
BOS-HYM-N00164;Siricidae;Sirex noctilio;21/09/1981;S. Pedro de los arcos (Naranco);Oviedo;Asturias;España;;;;Hembra;Ana Quero;P. Ciscar;;;1;3;;3.4;;;;;
BOS-HYM-N00165;Cephidae;Janus compressus;06/06/1980;El Cristo (Oviedo);Oviedo;Asturias;España;;;;Hembra;M. F. Álvarez Marqués;P. Ciscar;;;1;3;;3.4;;;;;
BOS-HYM-N00166;Cephidae;Calameuta filiformis;27/05/1980;Oviedo;Oviedo;Asturias;España;;;;Hembra;Isabel Fdez Merayo;P. Ciscar;;;1;3;;3.4;;;;;
BOS-HYM-N00167;;Monoplopus pygmaeus;05/06/1975;Avilés;Avilés;Asturias;España;;;;Hembra;C. Suárez;P. Ciscar;;;1;3;;3.4;;;;;
BOS-HYM-N00168;Tenthredinidae;Pteronidea omyosaledis;21/05/1980;Trubia;Oviedo;Asturias;España;Prado con frutales;;;Hembra;P. Ciscar;P. Ciscar;;;1;3;;3.4;;;Algo anterior de Pteronidea pavida;;
BOS-HYM-N00169;Ichneumonidae;;01/08/1982;Lugones;Siero;Asturias;España;Prado;;;;Isabel Glez;;;;1;3;;3.5;;;;;
BOS-HYM-N00170;Ichneumonidae;Netelia sp.;09/06/1981;Tineo;Tineo;Asturias;España;En casa;;;;E. Paredes;E. Paredes;;;1;3;;3.5;;;;Ophion luteus;
BOS-HYM-N00171;Ichneumonidae;;_/07/1983;Villamayor;;;España;;;;;Y. Sánchez Díaz;;;;1;3;;3.5;;;;;
BOS-HYM-N00172;Ichneumonidae;;_/03/1975;Sotrondio;San Martín del Rey Aurelio;Asturias;España;;;;;B. García L.;;;;1;3;;3.5;;;;;
BOS-HYM-N00173;Ichneumonidae;Ophion sp.;12/05/1983;La Manjoya;Oviedo;Asturias;España;Prado;;;;Alfonso Botas;;;;1;3;;3.5;;;;;
BOS-HYM-N00174;Ichneumonidae;Netelia sp.;05/06/1983;Oviedo;Oviedo;Asturias;España;;;;;Mª Felisa Sainz;;;;1;3;;3.5;;;;;
BOS-HYM-N00175;Ichneumonidae;Netelia sp.;13/05/1978;Tuilla;Langreo;Asturias;España;Monte bajo;;;;Basilio Otero;;;;1;3;;3.5;;;;;
BOS-HYM-N00176;Ichneumonidae;Enicospilus sp.;07/09/1974;Perlora;Carreño;Asturias;España;;;;;M. S. González;;;;1;3;;3.5;;;;;
BOS-HYM-N00177;Ichneumonidae;;23/05/1981;Avilés;Avilés;Asturias;España;Prado;;;;E. Santos Concejo;;;;1;3;;3.5;;;;;
BOS-HYM-N00178;Ichneumonidae;Netelia sp.;15/06/1976;Ribadesella;Ribadesella;Asturias;España;;;;;M. Escotet;;;;1;3;;3.5;;;;;
BOS-HYM-N00179;Ichneumonidae;Ophion luteus;13/05/1977;Trubia;Oviedo;Asturias;España;Matorral;;;Macho;P. Ciscar;P. Ciscar;;;1;3;;3.5;;;;;
BOS-HYM-N00180;Ichneumonidae;Netelia sp.;01/04/1976;Luarca;Valdés;Asturias;España;;;;;C. Bueno;;;;1;3;;3.5;;;;;
BOS-HYM-N00181;Ichneumonidae;;_/03/1976;Cangas de Narcea;Cangas de Narcea;Asturias;España;;;;;A. Concepción;;;;1;3;;3.5;;;;;
BOS-HYM-N00182;Ichneumonidae;Enicospilus sp.;28/07/1972;Panjón;Panjón;Pontevedra;España;;;;;R. Anadón;;;;1;3;;3.5;;;;;
BOS-HYM-N00183;Ichneumonidae;;18/08/1981;Monteferro;Nigrán;Pontevedra;España;;;;;A. Anadón;;;;1;3;;3.5;;;;;
BOS-HYM-N00184;Ichneumonidae;Netelia sp.;15/07/1982;Sedano;Valle de Sedano;Burgos;España;;;;;M. J. Adrián;;;;1;3;;3.5;;;;;
BOS-HYM-N00185;Ichneumonidae;;12/08/1983;Rodiles;Villaviciosa;Asturias;España;Prado;;;;R. carmen Silva;;;;1;3;;3.5;;;;;
BOS-HYM-N00186;Ichneumonidae;Netelia sp.;06/08/1980;Villanueva de Arosa;Villanueva de Arosa;Pontevedra;España;Sobre vides;;;;Pérez García;;;;1;3;;3.5;;;;Ophion;
BOS-HYM-N00187;Ichneumonidae;Netelia sp.;23/09/1983;Callejo;Escalante;Cantabria;España;;;;;David Haya de la Sierra;;;;1;3;;3.5;;;;Ophion luteus;
BOS-HYM-N00188;Ichneumonidae;Netelia sp.;07/07/1984;Sedano;Valle de Sedano;Burgos;España;;;;;M. J. Adrián;;;;1;3;;3.5;;;;;
BOS-HYM-N00189;Ichneumonidae;Netelia sp.;_/08/1981;T. Cabeza;;León;España;;;;;C. T. Zabalza;;;;1;3;;3.5;;;;;
BOS-HYM-N00190;Ichneumonidae;Netelia sp.;17/05/1982;Llanes;Llanes;Asturias;España;Casa;;;;M. Elena Puiede;;;;1;3;;3.5;;;;;
BOS-HYM-N00191;Ichneumonidae;Enicospilus sp.;_/07/1982;Serantes;Tapia;Asturias;España;;;;;Rita Fdez;;;;1;3;;3.5;;;;Ophion;
BOS-HYM-N00192;Ichneumonidae;Ophion sp.;26/04/1982;Oviedo;Oviedo;Asturias;España;Ciudad;;;;I. Pomar;;;;1;3;;3.5;;;;;
BOS-HYM-N00193;Ichneumonidae;Ophion sp.;25/08/1986;Valderde de Curueño;Valdelugueros;León;España;;;;;Carmen R. Oleaga;Carmen R. Oleaga;;;1;3;;3.5;;;;;
BOS-HYM-N00194;Ichneumonidae;Netelia sp.;01/08/1997;Zamora;Zamora;Zamora;España;;;;;M. J. Feital;M. J. Feital;;;1;3;;3.5;;;;Ophion;
BOS-HYM-N00195;Ichneumonidae;Ophion sp.;_/07/1987;Casasola de Arión;Casasola de Arión;Valladolid;España;Pueblo;;;;F. J. Pérez Barbaría;;;;1;3;;3.5;;;;;
BOS-HYM-N00196;Ichneumonidae;Ophion luteus;01/07/1989;Cangas de Onís;Cangas de Onís;Asturias;España;;;;;Javier Gancedo;Javier Gancedo;;;1;3;;3.5;;;;;
BOS-HYM-N00197;Ichneumonidae;Netelia testaceus;09/07/1990;Peón;Villaviciosa;Asturias;España;;;;;A. Bueto;A. Bueto;;;1;3;;3.5;;;;;
BOS-HYM-N00198;Ichneumonidae;Enicospilus sp.;30/09/1988;Moal;Cangas de Narcea;Asturias;España;Pueblo;;;;Rolando Rguez;Rolando Rguez;;;1;3;;3.5;;;;Ophion luteus;
BOS-HYM-N00199;Ichneumonidae;Ophion sp.;03/07/1985;Cubillas R.;;León;España;;;;;L. Casado;;;;1;3;;3.5;;;;;
BOS-HYM-N00200;Ichneumonidae;Enicospilus sp.;24/04/1986;Geras de Gordón;La Pola de Gordón;León;España;;;;;G. Barroso;R. Blanco;;;1;3;;3.5;;;;Ophion luteus;
BOS-HYM-N00201;Ichneumonidae;Netelia sp.;_/08/1986;León;León;León;España;Madera;;;Macho;;L. Riestra;;;1;3;;3.5;;;;Ophion luteus;
BOS-HYM-N00202;Ichneumonidae;Netelia sp.;02/08/1986;Boñar;Boñar;León;España;Prado;;;;M. Arbesú;M. Arbesú;;;1;3;;3.5;;;;Ichneumon sp.;
BOS-HYM-N00203;Ichneumonidae;Enicospilus sp.;07/08/1988;Grado;Grado;Asturias;España;;;;;J. I. Arias;J. I. Arias;;;1;3;;3.5;;;;Netelia testaceus;
BOS-HYM-N00204;Ichneumonidae;Netelia sp.;08/09/1983;Covarrubias;Covarrubias;Burgos;España;;;;;Javier Cuesta;;;;1;3;;3.5;;;;;
BOS-HYM-N00205;Ichneumonidae;Ophion sp.;24/05/1986;Canales;Soto y Amío;León;España;;;;;M. Gutiérrez;;;;1;3;;3.5;;;;;
BOS-HYM-N00206;Ichneumonidae;Enicospilus sp.;20/10/1985;Rodiles;Villaviciosa;Asturias;España;Techo;;;;Berta Glez Iglesias;Esther Orviz;;;1;3;;3.5;;;;Ophion sp.;
BOS-HYM-N00207;Ichneumonidae;Ophion sp.;18/02/1980;Escamplero;Las Regueras;Asturias;España;Huerta;;;;P. Ciscar;;;;1;3;;3.5;;;;;
BOS-HYM-N00208;Ichneumonidae;Enicospilus sp.;_/08/1986;Lamuño;Cudillero;Asturias;España;De noche, stor pared blanca;;;;J. M. Rico Ordás;J. M. Rico Ordás;;;1;3;;3.5;;;;Ophion sp.;
BOS-HYM-N00209;Ichneumonidae;Ophion sp.;27/07/1988;León;León;León;España;;;;;Pellitero;Pellitero;;;1;3;;3.5;;;;;
BOS-HYM-N00210;Ichneumonidae;Ophion luteus;18/03/1990;Monte Naranco;Oviedo;Asturias;España;En edificio;400 m;;;Íñigo Urbaneta;David Gutiérrez;;;1;3;;3.5;;;;;
BOS-HYM-N00211;Ichneumonidae;Netelia sp.;24/10/1989;Villar;Luarca;Asturias;España;;;;;Mª Jesús Fdez;Mª Jesús Fdez;;;1;3;;3.5;;;;;
BOS-HYM-N00212;Ichneumonidae;Ophion sp.;23/08/1976;Ribadesella;Ribadesella;Asturias;España;;;;;Javier Pire;;;;1;3;;3.5;;;;;
BOS-HYM-N00213;Ichneumonidae;Netelia sp.;_/08/1992;Aguillo;Condado de Treviño;Burgos;España;;;;;Mar Varela;Mar Varela;;;1;3;;3.5;;;;Ophion sp.;
BOS-HYM-N00214;Ichneumonidae;Netelia sp.;15/08/1990;Oviedo;Oviedo;Asturias;España;;;;;A. Otegui;A. Otegui;;;1;3;;3.5;;;;Ophion luteus;
BOS-HYM-N00215;Ichneumonidae;Netelia sp.;Año 1990;La Robla;La Robla;León;España;;;;;E. B. G.;E. B. G.;;;1;3;;3.5;;;;Ophion sp.;
BOS-HYM-N00216;Ichneumonidae;Ophion sp.;04/06/1994;La Manjoya;Oviedo;Asturias;España;;;;;José A. García;Blanca Glez;;;1;3;;3.5;;;;;
BOS-HYM-N00217;Ichneumonidae;Netelia sp.;30/04/1994;Amieva;Amieva;Asturias;España;;;;;E. Rosal Fraga;E. Rosal Fraga;;;1;3;;3.5;;;;Ophion luteus;
BOS-HYM-N00218;Ichneumonidae;Netelia sp.;12/08/1993;Villar;;Cantabria;España;;;;;Marta Gatón;Marta Gatón;;;1;3;;3.5;;;;Ophion luteus;
BOS-HYM-N00219;Ichneumonidae;Netelia testaceus;15/09/1993;Avilés;Avilés;Asturias;España;;;;;Yolanda Bango M.;;;;1;3;;3.5;;;;;
BOS-HYM-N00220;Ichneumonidae;Echthrus reductor;22/08/1993;San Miguel del Valle;San Miguel del Valle;Zamora;España;;;;;C. Iturmendi Mosla;C. Pavón Iturmendi;;;1;3;;3.5;;;;;
BOS-HYM-N00221;Ichneumonidae;;14/04/1976;San Pedro de la Ribera;Cudillero;Asturias;España;Prado;;13 h;;Mª Elma Díaz S.;Mª Elma Díaz S.;;;1;3;;3.5;;;;;
BOS-HYM-N00222;Ichneumonidae;;27/04/1981;Carbajal de la Legua;León;León;España;Campo;;;;C. Colinas;;;;1;3;;3.5;;;;;
BOS-HYM-N00223;Ichneumonidae;;10/05/1980;Santuario;;;España;;;;;S. Rodríguez;;;;1;3;;3.5;;;;;
BOS-HYM-N00224;Ichneumonidae;;27/05/1988;León;León;León;España;;;;;Pellitero;Pellitero;;;1;3;;3.5;;;;;
BOS-HYM-N00225;Ichneumonidae;Protichneumon pisorus;09/09/1990;El Cabal;Mieres;Asturias;España;;;;;Roberto Grana;Roberto Grana;;;1;3;;3.5;;;;;
BOS-HYM-N00226;Ichneumonidae;Mesostenus sp.;13/10/1980;Bilbao;Bilbao;Vizcaya;España;;;;;M. I. Saloña;M. I. Saloña;;;1;3;;3.5;;;Dentro de capullo;;
BOS-HYM-N00227;Ichneumonidae;;23/07/1981;Laukariz;Mungia;Vizcaya;España;Prado;;12 h;;M. I. Saloña;;;;1;3;;3.5;;;;;
BOS-HYM-N00228;Ichneumonidae;;29/08/1988;Ponferrada;Ponferrada;León;España;;;;;Claudia Martínez;Claudia Martínez;;;1;3;;3.5;;;;;
BOS-HYM-N00229;Ichneumonidae;Exochilum sp.;18/04/1989;Oviedo;Oviedo;Asturias;España;;;;;Idoia Villate;Idoia Villate;;;1;3;;3.5;;;;;
BOS-HYM-N00230;Ichneumonidae;Netelia sp.;19/05/1987;Oviedo;Oviedo;Asturias;España;Zona urbana;;;;Juan Luis Varela;Juan Luis Varela;;;1;3;;3.5;;;;;
BOS-HYM-N00231;Ichneumonidae;;05/09/1981;Pañeda Nueva;Siero;Asturias;España;;;;;A. Anadón;;;;1;3;;3.5;;;;;
BOS-HYM-N00232;Ichneumonidae;;11/05/1986;Valle del Lago;Somiedo;Asturias;España;Prado alpino nevado;;;;F. Ballesteros B.;F. Ballesteros B.;;;1;3;;3.5;;;;Ammophila sabulosa (Sphecidae);
BOS-HYM-N00233;Ichneumonidae;;_/07/1975;Cabañaquinta;Aller;Asturias;España;;;;;Perfecta F. Estrada;;;;1;3;;3.5;;;;;
BOS-HYM-N00234;;;03/11/1978;Estaño;Gijón;Asturias;España;;;;;Manuel S. López Rodríguez;;;;1;3;;3.5;;;;;
BOS-HYM-N00235;Ichneumonidae;Ophion sp.;_/06/1981;El Puerto;;Asturias;España;;;;;Flor Mª Díaz;;;;1;3;;3.5;;;Volando;;
BOS-HYM-N00236;Ichneumonidae;Ophion sp.;22/05/1978;La Miranda;;Asturias;España;;;;;J. M. Gutiérrez;A. Quero;;;1;3;;3.5;;;;;
BOS-HYM-N00237;Ichneumonidae;Netelia sp.;26/07/1988;Moal;Cangas del Narcea;Asturias;España;;;;;P. Glez-Quirós;P. Glez-Quirós;;;1;3;;3.5;;;Por la noche, con luz;Ophion luteus;
BOS-HYM-N00238;Ichneumonidae;Allocamptus sp.;24/10/1988;San Timoteo;Luarca;Asturias;España;;;;;Antonio Gómez Fdez;Antonio Gómez Fdez;;;1;3;;3.5;;;;;
BOS-HYM-N00239;Ichneumonidae;;12/08/1982;Sedano;Valle de Sedano;Burgos;España;;;;;M. J. Adrián;;;;1;3;;3.6;;;;;
BOS-HYM-N00240;Ichneumonidae;;08/07/1983;Sedano;Valle de Sedano;Burgos;España;;;;;M. J. Adrián;;;;1;3;;3.6;;;;;
BOS-HYM-N00241;Ichneumonidae;Amblyteles armatorius;11/07/1985;Cubillas R.;;León;España;;;;;L. Casado;;;;1;3;;3.6;;;;;
BOS-HYM-N00242;Ichneumonidae;Amblyteles sp.;31/05/1986;Fitoria;Oviedo;Asturias;España;;;;;Buenaventura Fdez F.;Buenaventura Fdez F.;;;1;3;;3.6;;;;;
BOS-HYM-N00243;Ichneumonidae;Amblyteles armatorius;;Grado;Grado;Asturias;España;;;;;J. A. Villanueva;;;;1;3;;3.6;;;;;
BOS-HYM-N00244;Ichneumonidae;Amblyteles sp.;30/05/1981;Naranco (Oviedo);Oviedo;Asturias;España;;;;;A. Anadón;;;;1;3;;3.6;;;;;
BOS-HYM-N00245;Ichneumonidae;Amblyteles armatorius;02/06/1988;León;León;León;España;;;;;Pellitero;Pellitero;;;1;3;;3.6;;;;;
BOS-HYM-N00246;Ichneumonidae;Amblyteles sp.;29/05/1988;Benamariel;Villamañán;León;España;;;;;Quintana;Quintana;;;1;3;;3.6;;;;;
BOS-HYM-N00247;Ichneumonidae;Amblyteles armatorius;06/05/1989;Valsera;Las Regueras;Asturias;España;;;;;J. L. Benito;J. L. Benito;;;1;3;;3.6;;;;;
BOS-HYM-N00248;Ichneumonidae;Megaplectes sp.;22/06/1987;La Foz;Caso;Asturias;España;Ortigas;;;;M. M. Toledo Magadán;M. M. Toledo Magadán;;;1;3;;3.6;;;;;
BOS-HYM-N00249;Ichneumonidae;;_/07/1976;La Castañalona;Castrillón;Asturias;España;;;;;M. A. Aranda;;;;1;3;;3.6;;;;;
BOS-HYM-N00250;Ichneumonidae;;24/10/1989;Luarca;Luarca;Asturias;España;;;;;Mª José;;;;1;3;;3.6;;;;;
BOS-HYM-N00251;Ichneumonidae;;31/05/1986;Fitoria;Oviedo;Asturias;España;;;;;Paloma Cuartas;Paloma Cuartas;;;1;3;;3.6;;;;;
BOS-HYM-N00252;Ichneumonidae;Ichneumon sp.;20/10/1989;Luarca;Luarca;Asturias;España;En prado con mal drenaje;;;;Fernando Cardesin;Fernando Cardesin;;;1;3;;3.6;;;;;
BOS-HYM-N00253;Ichneumonidae;;22/08/1982;Caldevilla;Posada de Valdeón;León;España;;;;;M. C. Gutiérrez;;;;1;3;;3.6;;;;;
BOS-HYM-N00254;Ichneumonidae;;24/08/1978;Fuso de la Reina;;Asturias;España;;;;;M. A. Aranda;;;;1;3;;3.6;;;;;
BOS-HYM-N00255;Ichneumonidae;;24/08/1978;Fuso de la Reina;;Asturias;España;;;;;M. A. Aranda;M. A. Aranda;;;1;3;;3.6;;;;;
BOS-HYM-N00256;Ichneumonidae;;27/10/1983;Bobes;Siero;Asturias;España;;;;;P. Silva;;;;1;3;;3.6;;;;;
BOS-HYM-N00257;Ichneumonidae;Hoplismenus sp.;27/07/1993;Tapia de Casariego;Tapia de Casariego;Asturias;España;;;;;Judith F. Casero;Judith F. Casero;;;1;3;;3.6;;;;;
BOS-HYM-N00258;Ichneumonidae;Ichneumon sp.;06/08/1991;La Atalaya;Cudillero;Asturias;España;;;;;Pedro García-Rovés;;;;1;3;;3.6;;;;;
BOS-HYM-N00259;Ichneumonidae;Ichneumon suspiciosus;08/01/1993;Casa del Puerto;Tineo;Asturias;España;;;;;Mª Elvira García;Mª Elvira García;;;1;3;;3.6;;;;;
BOS-HYM-N00260;Ichneumonidae;Methoca ichneumonida;03/05/1994;La Barraca-Riaño;Langreo;Asturias;España;;;;;A. Noval;A. Noval;;;1;3;;3.6;;;;;
BOS-HYM-N00261;Ichneumonidae;Rhyssa persuasoria;07/10/1992;Ruta del Alba;Laviana;Asturias;España;;;;;Conchita Gálvez;Conchita Gálvez;;;1;3;;3.6;;;;;
BOS-HYM-N00262;Ichneumonidae;Lissonota setosa;24/07/1991;Pto Ventana;Teverga;Asturias;España;;;;;A. Fdez-Ojanguren;A. Fdez-Ojanguren;;;1;3;;3.6;;;;;
BOS-HYM-N00263;Ichneumonidae;;27/10/1983;Bobes;Siero;Asturias;España;;;;;Adela Martínez;;;;1;3;;3.6;;;;;
BOS-HYM-N00264;Ichneumonidae;;06/06/1987;Morán;;Asturias;España;;;;;Fernando D. Ordax;Fernando D. Ordax;;;1;3;;3.6;;;;;
BOS-HYM-N00265;Ichneumonidae;;21/05/1981;El Cristo (Oviedo);Oviedo;Asturias;España;;;;;Abel J. Martín;Abel J. Martín;;;1;3;;3.6;;;;Manophya rustica (Tenthredinidae);
BOS-HYM-N00266;Sphecidae;Dahlbomia atra;12/07/1980;Pola de Gordón;Pola de Gordón;León;España;;;;;Inés Lombas;;;;1;3;;3.6;;;;;
BOS-HYM-N00267;Chalcididae;Lochites;_/08/1988;Alicante;Alicante;Alicante;España;;;;;T. Montota;;;;1;3;;3.6;;;;;
BOS-HYM-N00268;Ichneumonidae;Oiorhinus sp.;_/06/1987;Laviana;Gijón;Asturias;España;;;;;C. Banlomia;C. Banlomia;;;1;3;;3.6;;;;;
BOS-HYM-N00269;Ichneumonidae;;15/08/1992;Aguillo;Condado de Treviño;Asturias;España;;;;;Virg. Zaldibar;Virg. Zaldibar;;;1;3;;3.6;;;;;
BOS-HYM-N00270;Ichneumonidae;Ichneumon sp.;24/06/1991;Cudillero;Cudillero;Asturias;España;;;;;J. A. Gutiérrez Morán;J. A. Gutiérrez Morán;;;1;3;;3.6;;;;;
BOS-HYM-N00271;Ichneumonidae;;18/06/1981;Liegos;Acebedo;León;España;;;;;A. Riera;A. Riera;;;1;3;;3.6;;;;;
BOS-HYM-N00272;Ichneumonidae;;02/11/1978;Mestas;Gijón;Asturias;España;;;;;Manuel S. López Rodríguez;;;;1;3;;3.6;;;;;
BOS-HYM-N00273;Ichneumonidae;;15/05/1980;Trubia;Oviedo;Asturias;España;Bosque;;;;P. Ciscar;;;;1;3;;3.6;;;;;
BOS-HYM-N00274;Tiphiidae;Methocha ichneumonides;07/06/1990;La Toba;Avilés;Asturias;España;;60 m;;;Carlos J. Fco;;;;1;3;;3.6;;;;;
BOS-HYM-N00275;Ichneumonidae;;09/10/1974;Coto de Reres;;;España;;;;;M. M. Esteban;;;;1;3;;3.6;;;;;
BOS-HYM-N00276;Ichneumonidae;;22/02/1976;Montsacro;Morcín;Asturias;España;Árbol;;;;Gregorio R. Glez;;;;1;3;;3.6;;;;;
BOS-HYM-N00277;Ichneumonidae;;09/05/1978;Taborneda;Avilés;Asturias;España;Sobre árbol;;;;Isabel Terán C.;;;;1;3;;3.6;;;;;
BOS-HYM-N00278;Ichneumonidae;;22/08/1986;Ceares;Gijón;Asturias;España;Matorral;;;;Jesús G. Durán;;;;1;3;;3.6;;;;;
BOS-HYM-N00279;Ichneumonidae;Platylabus;19/02/1994;Sierra Lena;Lena;Asturias;España;;;;;Ana Benito;Ana Benito;;;1;3;;3.6;;;;;
BOS-HYM-N00280;Ichneumonidae;;26/10/1986;Quirós;Quirós;Asturias;España;;;;;B. Aguado;B. Aguado;;;1;3;;3.6;;;;;
BOS-HYM-N00281;Ichneumonidae;;25/05/1980;Gijón;Gijón;Asturias;España;;;;;Beatriz Infiesta;;;;1;3;;3.6;;;;;
BOS-HYM-N00282;Ichneumonidae;Ichneumos sp.;30/04/1979;La Isla;Colunga;Asturias;España;;;;;Manón Funes;Manón Funes;;;1;3;;3.6;;;;;
BOS-HYM-N00283;Ichneumonidae;;_/05/1976;Cancienes;Corvera;Asturias;España;;;;;Mª Rosa Barbón;;;;1;3;;3.6;;;;;
BOS-HYM-N00284;Ichneumonidae;;25/05/1980;Lañora;Villaviciosa;Asturias;España;;;;;Esther Fernández Menéndez;Esther Fernández Menéndez;;;1;3;;3.6;;;;;
BOS-HYM-N00285;Ichneumonidae;Ichneumon sp.;30/10/1940;Agüera;Quirós;Asturias;España;;;;;G. Rubiera;L. Olaizola;;;1;3;;3.6;;;;;
BOS-HYM-N00286;Ichneumonidae;;21/05/1980;Trubia;Oviedo;Asturias;España;Jardín;;;;P. Ciscar;;;;1;3;;3.6;;;;;
BOS-HYM-N00287;Ichneumonidae;;25/10/1989;Villar;Luarca;Asturias;España;;;;;Gemma Llaneza;;;;1;3;;3.6;;;;;
BOS-HYM-N00288;Ichneumonidae;;25/10/1989;Villar;Luarca;Asturias;España;;;;;Nerea Aperribai;;;;1;3;;3.6;;;;;
BOS-HYM-N00289;Ichneumonidae;;25/10/1989;Villar;Luarca;Asturias;España;;;;;M. A. L.;;;;1;3;;3.6;;;;;
BOS-HYM-N00290;Ichneumonidae;;_/10/1989;Luarca;Luarca;Asturias;España;;;;;A. Busto;;;;1;3;;3.6;;;;;
BOS-HYM-N00291;Ichneumonidae;;25/10/1989;Luarca;Luarca;Asturias;España;;;;;Carmen Álvarez Gcía;;;;1;3;;3.6;;;;;
BOS-HYM-N00292;Ichneumonidae;Pimpla instigator;_/08/1992;Aguillo;Condado de Treviño;Burgos;España;;;;;Mar Varela;Mar Varela;;;1;3;;3.6;;;;;
BOS-HYM-N00293;Ichneumonidae;;12/08/1978;El Cristo (Oviedo);Oviedo;Asturias;España;Entre espigas;;;;José A. Gil;;;;1;3;;3.7;;;;;
BOS-HYM-N00294;Ichneumonidae;;14/06/1975;Tuiza de Arriba;Lena;Asturias;España;;;;;C. F. B. Quirós;;;;1;3;;3.7;;;;;
BOS-HYM-N00295;Ichneumonidae;Ichneumon?;20/10/1978;Olloniego;Oviedo;Asturias;España;Arbusto;;;Macho;Sol Barquero;A. Anadón;;;1;3;;3.7;;;;;
BOS-HYM-N00296;Ichneumonidae;;_/09/1975;Sueve;;Asturias;España;;400 m;;;C. Nores;;;;1;3;;3.7;;;;;
BOS-HYM-N00297;Ichneumonidae;;24/04/1979;Gijón;Gijón;Asturias;España;;;;;Gloria Martínez;;;;1;3;;3.7;;;;;
BOS-HYM-N00298;Ichneumonidae;Ichneumon suspiciosus;17/04/1981;Arenas de San Pedro;Arenas de San Pedro;Ávila;España;Camino, cerca de prado;;;;M. J. Arias;M. J. Arias;;;1;3;;3.7;;;;;
BOS-HYM-N00299;Ichneumonidae;Ichneumon sp.;21/07/1987;Viavélez;El Franco;Asturias;España;En prado;;;;J. R. Fdez López;J. R. Fdez López;;;1;3;;3.7;;;;;
BOS-HYM-N00300;Ichneumonidae;;;Gijón;Gijón;Asturias;España;Prado;20 m;;;Mª Jesús Nielo;;;;1;3;;3.7;;;;;
BOS-HYM-N00301;Ichneumonidae;Ichneumon sp.;08/06/1980;Zaratan;Zaratan;Salamanca;España;;;;;M. J. Gañán;M. J. Gañán;;;1;3;;3.7;;;;;
BOS-HYM-N00302;Ichneumonidae;Ichneumon sp.;26/10/1986;Quirós;Quirós;Asturias;España;;;;;B. Aguado;B. Aguado;;;1;3;;3.7;;;;;
BOS-HYM-N00303;Ichneumonidae;Ichneumon sp.;12/09/1986;Geras de Gordón;Pola de Gordón;León;España;;;;;R. Blanco;R. Blanco;;;1;3;;3.7;;;;;
BOS-HYM-N00304;Ichneumonidae;Ichneumon sp.;_/07/1982;Destriana;Destriana;León;España;;;;;Pilar Arca;;;;1;3;;3.7;;;;;
BOS-HYM-N00305;Ichneumonidae;;25/06/1978;El Cristo (Oviedo);Oviedo;Asturias;España;;;;;José A. Gil;;;;7;5;C;BOS-LEP 7.5.C.5;;;Tiene moho;;
BOS-HYM-N00306;Ichneumonidae;;24/08/1978;Fuso de la Reina;;Asturias;España;;;;;M. A. Aranda;;;;1;3;;3.7;;;;;
BOS-HYM-N00307;Ichneumonidae;;23/05/1976;El Nocíu;;Asturias;España;;;;;R. Anadón;;;;1;3;;3.7;;;;;
BOS-HYM-N00308;Ichneumonidae;;14/04/1976;Avilés;Avilés;Asturias;España;Prado;;;;Vicenta Mhudo Santos;;;;1;3;;3.7;;;;;
BOS-HYM-N00309;Ichneumonidae;;22/08/1992;Valle del Lago;Somiedo;Asturias;España;;;;;P. Uria Tejero;P. Uria Tejero;;;1;3;;3.7;;;;;
BOS-HYM-N00310;Ichneumonidae;Ichneumon suspiciosus;_/10/1992;Tineo;Tineo;Asturias;España;;;;;Elvira García Mdez;Mª Julia Glez;;;7;5;C;BOS-LEP 7.5.C.5;;;Cubierta de moho;;
BOS-HYM-N00311;Gasteruptiidae;Gasteruption diversipes;10/05/1992;Campos del Cristo;Oviedo;Asturias;España;;;;;Jesús Mª Burgués;Jesús Mª Burgués;;;1;3;;3.7;;;;;
BOS-HYM-N00312;Ichneumonidae;Ichneumon suspiciosus;23/10/1991;Avín;Cangas de Onís;Asturias;España;;;;;M. Menéndez Artime;M. Menéndez Artime;;;1;3;;3.7;;;;;
BOS-HYM-N00313;Ichneumonidae;Megaplectes sp.;14/08/1990;Santander;;Cantabria;España;Jardín;;;;Mª Rosario Ruiz;Mª Rosario Ruiz;;;1;3;;3.7;;;;;
BOS-HYM-N00314;Ichneumonidae;Amblyteles palliatorius;12/07/1980;Pola de Gordón;Pola de Gordón;León;España;Pradera;;;;Inés Lombas;;;;1;3;;3.7;;;;;
BOS-HYM-N00315;Ichneumonidae;;12/06/1983;Langreo;Langreo;Asturias;España;;;;;Ana Gutiérrez;;;;1;3;;3.7;;;;;
BOS-HYM-N00316;Ichneumonidae;;02/06/1983;La Felguera;Langreo;Asturias;España;;;;;Ana Isabel Gutiérrez Rozado;;;;1;3;;3.7;;;;;
BOS-HYM-N00317;Ichneumonidae;;04/06/1978;Sta Mª del Mar;Castrillón;Asturias;España;Pradera;;;;P. Domínguez;;;;1;3;;3.7;;;;;
BOS-HYM-N00318;Ichneumonidae;;02/11/1978;Mestas;Gijón;Asturias;España;;;;Macho;Manuel López Rodríguez;Manuel López Rodríguez;;;1;3;;3.7;;;;;
BOS-HYM-N00319;Ichneumonidae;;14/06/1979;Naranco (Oviedo);Oviedo;Asturias;España;Camino;;;;José A. Gil;;;;1;3;;3.7;;;;;
BOS-HYM-N00320;Ichneumonidae;;24/08/1978;Fuso de la Reina;;Asturias;España;;;;;M. A. Aranda;M. A. Aranda;;;1;3;;3.7;;;;;
BOS-HYM-N00321;Ichneumonidae;;_/07/1975;Cabañaquinta;Aller;Asturias;España;;;;;Perfecta F. Estrada;;;;1;3;;3.7;;;;;
BOS-HYM-N00322;Ichneumonidae;;18/07/1980;La Bañeza;La Bañeza;León;España;Cerca de río;;;;Ana Quero;;;;1;3;;3.7;;;;;
BOS-HYM-N00323;Ichneumonidae;;_/08/1974;El Castro;;Orense;España;;;;Macho;Rosaura Rodicio;;;;1;3;;3.7;;;;;
BOS-HYM-N00324;Ichneumonidae;Amblyteles armatorius;21/05/1981;El Cristo (Oviedo);Oviedo;Asturias;España;;;;;Abel J. Martín;Abel J. Martín;;;1;3;;3.7;;;;;
BOS-HYM-N00325;Ichneumonidae;Amblyteles armatorius;23/05/1981;Laukariz;Mungia;Vizcaya;España;Prado;;9:00 h;;M. I. Saloña;M. I. Saloña;;;7;5;C;BOS-LEP 7.5.C.5;;;Tiene moho;;
BOS-HYM-N00326;Ichneumonidae;Amblyteles armatorius;_/07/1989;Sena de Luna;Sena de Luna;León;España;;;;;Mª Ángeles Lauriño;Mª Ángeles Lauriño;;;1;3;;3.7;;;;;
BOS-HYM-N00327;Ichneumonidae;;24/05/1980;Trubia;Oviedo;Asturias;España;Jardín;;;;P. Ciscar;;;;1;3;;3.7;;;;;
BOS-HYM-N00328;Ichneumonidae;Aclasponenza sp.;24/10/1988;Luarca;Valdés;Asturias;España;;;;;Idoia Villate;Idoia Villate;;;1;3;;3.7;;;;;
BOS-HYM-N00329;Ichneumonidae;Ichneumon sp.;_/07/1977;La Castañalona;Castrillón;Asturias;España;;;;Hembra;R. González;A. Anadón;;;1;3;;3.7;;;;;
BOS-HYM-N00330;Ichneumonidae;;_/07/1976;La Castañalona;Castrillón;Asturias;España;;;;;M. A. Aranda;;;;1;3;;3.7;;;;;
BOS-HYM-N00331;Sphecidae;Ammophila sabulosa;17/06/1986;La Nava;;Palencia;España;Sobre arroyo;;;;M. Torres Michelena;M. Torres;;;1;3;;3.7;;;;;
BOS-HYM-N00332;Ichneumonidae;;15/08/1980;Panjón;Nigrán;Pontevedra;España;;;;;A. Anadón;;;;1;3;;3.7;;;;;
BOS-HYM-N00333;Ichneumonidae;Tribu Tryphonini;15/06/1980;Lugones;Siero;Asturias;España;Prado;;;;A. Anadón;A. Anadón;;;1;3;;3.7;;;;;
BOS-HYM-N00334;Ichneumonidae;;05/07/1980;La Bañeza;La Bañeza;León;España;;;;;Ana Quero;;;;1;3;;3.7;;;;;
BOS-HYM-N00335;Ichneumonidae;;10/07/1976;La Vecilla;La Vecilla;León;España;Camino;;;;Juan A. Martín;;;;1;3;;3.7;;;;;
BOS-HYM-N00336;Ichneumonidae;;21/08/1981;Isla Estela;Nigrán;Pontevedra;España;;;;;A. Anadón;;;;1;3;;3.7;;;;;
BOS-HYM-N00337;Ichneumonidae;Ichneumoninae;03/12/1989;Rodiles;;Asturias;España;Bajo piedra borde camino. Suelo arenoso;;;Hembra;Fernando Cadesin;Fernando Cadesin;;;1;3;;3.7;;;;;
BOS-HYM-N00338;Ichneumonidae;;15/06/1988;Trobajo;;León;España;;;;;Quintana;;;;1;3;;3.7;;;;;
BOS-HYM-N00339;Ichneumonidae;;30/05/1979;Villacil;Valdefresno;León;España;;;;;C. Díez;C. Díez;;;7;5;C;BOS-LEP 7.5.C.5;;;Tiene moho;;
BOS-HYM-N00340;Ichneumonidae;;08/07/1974;Corias;Pravia;Asturias;España;;;;;M. A. Álvarez;;;;1;3;;3.7;;;;;
BOS-HYM-N00341;Ichneumonidae;;21/07/1980;Armunia;León;León;España;;;;;A. Riera;A. Riera;;;1;3;;3.7;;;;;
BOS-HYM-N00342;Ichneumonidae;Ichneumoninae;_/07/1974;Llanes;Llanes;Asturias;España;;;;Hembra;Mª Paz Nicolás;;;;1;3;;3.7;;;;;
BOS-HYM-N00343;Ichneumonidae;Diadromus sp.;03/04/1991;Puerto San Isidro;Puebla de Lillo;León;España;;;;;C. Viña Herbón;C. Viña Herbón;;;1;3;;3.7;;;;;
BOS-HYM-N00344;Ichneumonidae;;09/04/1975;Pto de Pajares;;Asturias;España;;;;;R. G. González;;;;1;3;;3.7;;;;;
BOS-HYM-N00345;Ichneumonidae;;14/06/1975;Tuiza de Arriba;Lena;Asturias;España;;;;;C. F. B. Quirós;;;;1;3;;3.7;;;;;
BOS-HYM-N00346;Sphecidae;Sphex maxillosus;06/11/1987;Oviedo;Oviedo;Asturias;España;;;;;Begoña Santos;Ollnia Rodilles;;;1;3;;3.7;;;;;
BOS-HYM-N00347;Ichneumonidae;;11/05/1986;Calabazosa;Somiedo;Asturias;España;;1300 m;;;P. Glez-Quirós;;;;1;3;;3.7;;;;;
BOS-HYM-N00348;Ichneumonidae;;22/05/1983;Naranco (Oviedo);Oviedo;Asturias;España;;;;;Miguel Fangul;;;;1;3;;3.7;;;;;
BOS-HYM-N00349;Ichneumonidae;;13/04/1975;Alto de Pajares;;Asturias;España;Sobre nieve;;;;G. González;;;;1;3;;3.7;;;;;
BOS-HYM-N00350;Ichneumonidae;;25/04/1988;León;León;León;España;;;;;Quintana;Quintana;;;1;3;;3.7;;;;;
BOS-HYM-N00351;Ichneumonidae;Ichneumon sp.;24/10/1988;Campo San Timoteo La Capitana (Luarca);;Valdés;España;;;;;Ana J. Silva Glez;Ana J. Silva Glez;;;1;3;;3.8;;;;;
BOS-HYM-N00352;Ichneumonidae;;03/06/1981;Las Mestas;Gijón;Asturias;España;;;;;G. R. González;;;;1;3;;3.8;;;;;
BOS-HYM-N00353;Ichneumonidae;;10/05/1987;Valle de Lago;Somiedo;Asturias;España;;;;;Mª Jesús Villanueva;;;;1;3;;3.8;;;;;
BOS-HYM-N00354;Ichneumonidae;Exetastes fornicatus;24/10/1988;S. Timoteo (Luarca);Valdés;Asturias;España;;;;;J. I. Arias;J. I. Arias;;;1;3;;3.8;;;;;
BOS-HYM-N00355;Ichneumonidae;;_/09/1983;S. Justo;Villaviciosa;Asturias;España;;;;;Mª Antonia Pardo A.;;;;1;3;;3.8;;;;;
BOS-HYM-N00356;Ichneumonidae;Cryptus sp.;12/03/1989;Oviedo;Oviedo;Asturias;España;;;;;Jorge González;Jorge González;;;1;3;;3.8;;;;;
BOS-HYM-N00357;Xiphidriidae;Xiphydria camelus;_/10/1987;Peñacastillo;Santander;Cantabria;España;;;;;Begoña Palazuelos;Ollnia Rodilles;;;1;3;;3.8;;;;;
BOS-HYM-N00358;Ichneumonidae;Rhyssa persuasoria;_/05/1988;Poo de Llanes;Llanes;Asturias;España;;;;;J. A. Pis Millán;M. J. Lara;;;1;3;;3.8;;;;;
BOS-HYM-N00359;Ichneumonidae;;07/05/1989;Ponferrada;Ponferrada;León;España;;;;;Claudia Martínez;Claudia Martínez;;;1;3;;3.8;;;;;
BOS-HYM-N00360;Ichneumonidae;;26/04/1978;La Carriona;Avilés;Asturias;España;;12:30 h;;;I. Esteban Pascual;;;;1;3;;3.8;;;;;
BOS-HYM-N00361;Ichneumonidae;Exetastes fornicatus;15/08/1988;Monte Naranco;Oviedo;Asturias;España;;;;;Antonio Gómez Fdez;Antonio Gómez Fdez;;;1;3;;3.8;;;;;
BOS-HYM-N00362;Ichneumonidae;;05/05/1987;Figaredo;Mieres;Asturias;España;;;;;Mª Luz Centeno;Mª Luz Centeno;;;1;3;;3.8;;;;;
BOS-HYM-N00363;Ichneumonidae;;09/06/1987;El Cristo (Oviedo);Oviedo;Asturias;España;;;;;L. F. Glez Gavilan;L. F. Glez Gavilan;;;1;3;;3.8;;;;;
BOS-HYM-N00364;Ichneumonidae;;03/10/1986;Toporias;Udías;Cantabria;España;;;;;B. Pérez Grrez;B. Pérez Grrez;;;1;3;;3.8;;;;;
BOS-HYM-N00365;Ichneumonidae;;27/10/1983;Bobes;Siero;Asturias;España;;;;;J. A. González;;;;7;5;C;BOS-LEP 7.5.C.5;;;Tiene moho;;
BOS-HYM-N00366;Ichneumonidae;Exetastes fornicatus;17/06/1987;Oviedo;Oviedo;Asturias;España;En bardales;;;;J. F. Saiz Villoria;;;;1;3;;3.8;;;;;
BOS-HYM-N00367;Ichneumonidae;;16/08/1983;El Rabizo;La Robla;León;España;;;;;Ana Menéndez;;;;1;3;;3.8;;;;;
BOS-HYM-N00368;Ichneumonidae;;03/06/1986;Ujo;Mieres;Asturias;España;;;;;Sofía Cubero;;;;1;3;;3.8;;;;;
BOS-HYM-N00369;Ichneumonidae;;27/10/1983;Bobes;Siero;Asturias;España;Matorral;;;;Haya de la Sierra;;;;7;5;C;BOS-LEP 7.5.C.5;;;Tiene moho;;
BOS-HYM-N00370;Ichneumonidae;;10/06/1978;S. Claudio;Oviedo;Asturias;España;;;;;M. M. de la Hoz;;;;1;3;;3.8;;;;;
BOS-HYM-N00371;Ichneumonidae;;13/03/1979;Roces;Gijón;Asturias;España;Matorral;;;;;;;;1;3;;3.8;;;;;
BOS-HYM-N00372;Ichneumonidae;;27/07/1975;Barro;Llanes;Asturias;España;;;;;C. F. Sirgo;;;;1;3;;3.8;;;;;
BOS-HYM-N00373;Ichneumonidae;Exetastes fornicatus;17/04/1981;Arenas de San Pedro;Arenas de San Pedro;Ávila;España;Prado;;;;M. J. Arias;M. J. Arias;;;1;3;;3.8;;;;;
BOS-HYM-N00374;Ichneumonidae;;11/04/1979;Ruiloba;Ruiloba;Cantabria;España;;;;;Pilar Gómez;;;;1;3;;3.8;;;;;
BOS-HYM-N00375;Ichneumonidae;;14/06/1979;Naranco (Oviedo);Oviedo;Asturias;España;Camino;;;;Jose A. Gil;;;;1;3;;3.8;;;;;
BOS-HYM-N00376;Ichneumonidae;Rhyssa persuasoria;22/05/1983;Quirós;Quirós;Asturias;España;Prados;;;Macho;J. Villa Cienfuegos;J. Villa Cienfuegos;;;1;3;;3.8;;;;;
BOS-HYM-N00377;Ichneumonidae;;29/04/1983;Oviedo;Oviedo;Asturias;España;Borde de camino;;12 h;;A. Anadón;;;;1;3;;3.8;;;;;
BOS-HYM-N00378;Ichneumonidae;Amblyteles?Anisobas?;_/05/1980;Naranco (Oviedo);Oviedo;Asturias;España;;;;Macho;C. Muñiz Mdez;A. Anadón;;;1;3;;3.8;;;;;
BOS-HYM-N00379;Ichneumonidae;;18/05/1982;Desfiladero de los Sariudos;C. de Caso;Asturias;España;Matorral;;;;C. Díaz Juesas;C. Díaz Juesas;;;1;3;;3.8;;;;;
BOS-HYM-N00380;Ichneumonidae;;24/05/1978;El Naranco;Oviedo;Asturias;España;Prado;;;;Cristina Cobo;;;;1;3;;3.8;;;;;
BOS-HYM-N00381;Ichneumonidae;;27/10/1983;Bobes;Siero;Asturias;España;En charca;;;;Charo M. Farpon;;;;1;3;;3.8;;;;;
BOS-HYM-N00382;Ichneumonidae;;05/09/1974;S. Juan de la Mata;Arganza;León;España;;;;;R. Álvarez;;;;1;3;;3.8;;;;;
BOS-HYM-N00383;Ichneumonidae;;26/06/1978;Roces;Gijón;Asturias;España;Matorral;;19 h;;Cristina Muñiz;;;;1;3;;3.8;;;;;
BOS-HYM-N00384;Ichneumonidae;;25/05/1980;Naranco (Oviedo);Oviedo;Asturias;España;;;;;;;;;1;3;;3.8;;;;;
BOS-HYM-N00385;Ichneumonidae;;03/04/1978;La Caridad;El Franco;Asturias;España;Prado;;;;M. Pascual;;;;1;3;;3.8;;;;;
BOS-HYM-N00386;Ichneumonidae;Ichneumon sp.;25/08/1983;Quirós;Quirós;Asturias;España;;;;;Higinio Bernardo;Higinio Bernardo;;;1;3;;3.8;;;;;
BOS-HYM-N00387;Ichneumonidae;Ichneumon sp.;20/10/1989;Luarca;Valdés;Asturias;España;En prado con mal drenaje;;;;Fernando Cardesin;Fernando Cardesin;;;1;3;;3.8;;;;;
BOS-HYM-N00388;Ichneumonidae;Hemichneumon sp.;13/04/1995;Cármenes;Cármenes;León;España;;;;;J. M. Cigarria;J. M. Cigarria;;;1;3;;3.8;;;;;
BOS-HYM-N00389;Tiphiidae;Methocha ichneumonides;12/05/1990;Valdeavellano;Valdeavellano;Soria;España;;;;;Rita P.;M. Pagazaurtundua;;;1;3;;3.8;;;;;
BOS-HYM-N00390;Ichneumonidae;;15/04/1988;León;León;León;España;;;;;Quintana;Quintana;;;1;3;;3.8;;;;;
BOS-HYM-N00391;Ichneumonidae;Apaelatricus sp.;24/10/1989;Villar (Luarca);Valdés;Asturias;España;;;;;Mª Jesús Fdez;Mª Jesús Fdez;;;1;3;;3.8;;;;;
BOS-HYM-N00392;Ichneumonidae;;22/07/1989;La Colladina;;Asturias;España;;;;;G. R. Fernández;Gonzalo Rguez;;;1;3;;3.8;;;;;
BOS-HYM-N00393;Ichneumonidae;Ichneumon sp.;20/10/1989;Luarca;Valdés;Asturias;España;En prado con mal drenaje;;;;Fernando Cardesin;Fernando Cardesin;;;1;3;;3.8;;;;;
BOS-HYM-N00394;Ichneumonidae;Ichneumon sp.;23/10/1989;Villar (Luarca);Valdés;Asturias;España;;;;;Diego Alvarado;Diego Alvarado;;;1;3;;3.8;;;;;
BOS-HYM-N00395;Ichneumonidae;;24/10/1989;Villar (Luarca);Valdés;Asturias;España;;;;;Clara Fdez Ochoa;;;;1;3;;3.8;;;;;
BOS-HYM-N00396;Ichneumonidae;Pimple instigator;12/08/1981;S. Juan de Gaztelugache;Bermeo;Vizcaya;España;Prado;11 h;;;M. I. Saloña;M. I. Saloña;;;1;3;;3.8;;;;;
BOS-HYM-N00397;Ichneumonidae;Exetastes fornicatus;25/10/1988;Cabo Busto (Luarca);Valdés;Asturias;España;;;;;E. C. Jiménez;E. C. Jiménez;;;1;3;;3.8;;;;;
BOS-HYM-N00398;Ichneumonidae;;21/10/1975;Grado;Grado;Asturias;España;;;;;;;;;1;3;;3.8;;;;;
BOS-HYM-N00399;Ichneumonidae;;25/08/1991;Río Aramplin (Agones);Pravia;Asturias;España;;;;;Autero Mndez C. J.;Autero Mndez C. J.;;;1;3;;3.8;;;;;
BOS-HYM-N00400;Ichneumonidae;Platylabus sp.;19/02/1994;Sierra Lena;Lena;Asturias;España;;;;;Ana Benito;Ana Benito;;;1;3;;3.8;;;;;
BOS-HYM-N00401;Ichneumonidae;Lissonota setosa;Verano 1987;Paladín;Valdesamario;Asturias;España;;;;;Fernando Graña;;;;1;3;;3.8;;;;;
BOS-HYM-N00402;Ichneumonidae;Rhyssa sp.;01/05/1989;Oviedo;Oviedo;Asturias;España;;;;;Antonio Palacios;Antonio Palacios;;;1;3;;3.8;;;;;
BOS-HYM-N00403;Ichneumonidae;;10/04/1986;Vioño;Gozón;Asturias;España;;40 m;;;M. J. Calvo Glez;;;;1;3;;3.8;;;;;
BOS-HYM-N00404;Ichneumonidae;Rhyssa persuasoria;22/05/1983;Quirós;Quirós;Asturias;España;Prados;;;Hembra;J. Villa Cienfuegos;J. Villa Cienfuegos;;;1;3;;3.8;;;;;
BOS-HYM-N00405;Ichneumonidae;;_/10/1978;Peón;Villaviciosa;Asturias;España;;;;;N. Anadón y G. G. Baschwitz;;;;7;5;C;BOS-LEP 7.5.C.5;;;Tiene moho;;
BOS-HYM-N00406;Ichneumonidae;Rhyssa persuasoria;11/11/1992;Moreda de Aller;Aller;Asturias;España;;;;;Mª Julia Glez Santos;Mª Julia Glez Santos;;;7;5;C;BOS-LEP 7.5.C.5;;;Tiene moho;;
BOS-HYM-N00407;Ichneumonidae;;18/05/1980;Gijón;Gijón;Asturias;España;;;;;Beatriz Infiesta;;;;7;5;C;BOS-LEP 7.5.C.5;;;Tiene moho;;
BOS-HYM-N00408;Ichneumonidae;;27/05/1978;El Cristo (Oviedo);Oviedo;Asturias;España;;;;;Ángeles Cano;;;;1;3;;3.8;;;;;
BOS-HYM-N00409;Ichneumonidae;;08/06/1983;León;León;León;España;Borde de prado;;13 h;;A. Anadón;;;;1;3;;3.8;;;;;
BOS-HYM-N00410;Ichneumonidae;;10/07/1985;F. Biol (Oviedo);Oviedo;Asturias;España;;;;;A. Anadón;;;;1;3;;3.8;;;;;
BOS-HYM-N00411;Ichneumonidae;;22/06/1986;Boñar;Boñar;León;España;;;;;Pilar Rguez;;;;1;3;;3.8;;;;;
BOS-HYM-N00412;Ichneumonidae;Mesostenus gladiator;07/09/1980;Castiello;Gijón;Asturias;España;Matorrales;;;;Inés Lombas;;;;1;3;;3.8;;;;;
BOS-HYM-N00413;Braconidae;;06/08/1980;Cistierna;Cistierna;León;España;;;;;A. Riera;A. Riera;;;1;3;;3.8;;;;;
BOS-HYM-N00414;Ichneumonidae;Rhyssa;28/08/1983;Monte El Viejo;Palencia;Palencia;España;;;;;Mª José García;Mª José García;;;1;3;;3.8;;;;;
BOS-HYM-N00415;Ichneumonidae;;26/05/1986;Jove;Gijón;Asturias;España;Caminos;;;;Mª Jesús González;;;;1;3;;3.8;;;;;
BOS-HYM-N00416;Ichneumonidae;;16/04/1987;El Llano (Gijón);Gijón;Asturias;España;;;;;A. M. Navarro Incio;A. M. Navarro Incio;;;1;3;;3.8;;;;;
BOS-HYM-N00417;Ichneumonidae;;27/05/1982;Gijón;Gijón;Asturias;España;Ventana;;;;Ana Suárez Díaz;;;;1;3;;3.8;;;;;
BOS-HYM-N00418;Ichneumonidae;;01/11/1980;Cistierna;Cistierna;León;España;;;;;A. Riera;A. Riera;;;1;3;;3.9;;;;;
BOS-HYM-N00419;Ichneumonidae;Peltocarus dentatus;07/07/1986;Acedo;;;España;;;;;Jose Zulaica Besyoctcec;Jose Zulaica Besyoctcec;;;1;3;;3.9;;;;;
BOS-HYM-N00420;Ichneumonidae;Rhyssa persuasoria;19/10/1985;Priorio;Oviedo;Asturias;España;;;;;Gloria Garzón;Gloria Garzón;;;1;3;;3.9;;;;;
BOS-HYM-N00421;Ichneumonidae;Adatoneria sp.;01/11/1988;Oviedo;Oviedo;Asturias;España;;;;;Idoia Villate;Idoia Villate;;;1;3;;3.9;;;;;
BOS-HYM-N00422;Ichneumonidae;;15/08/1980;Armunia;León;León;España;;;;;A. Riera;A. Riera;;;1;3;;3.9;;;;;
BOS-HYM-N00423;Ichneumonidae;;26/05/1978;Oviedo;Oviedo;Asturias;España;Sobre flor;;;;Fco Javier Gurdiel;;;;1;3;;3.9;;;;;
BOS-HYM-N00424;Ichneumonidae;;21/08/1981;Isla Estela;Nigrán;Pontevedra;España;;;;;A. Anadón;;;;1;3;;3.9;;;;;
BOS-HYM-N00425;Ichneumonidae;;23/05/1980;Pola de Lena;Lena;Asturias;España;;;;;Iluminada S.;Iluminada S.;;;1;3;;3.9;;;;;
BOS-HYM-N00426;Ichneumonidae;;21/08/1981;Isla Estela;Nigrán;Pontevedra;España;;;;;A. Anadón;;;;1;3;;3.9;;;;;
BOS-HYM-N00427;Ichneumonidae;;09/07/1985;P. Deportes (Avilés);Avilés;Asturias;España;;;;;A. Anadón;;;;1;3;;3.9;;;;;
BOS-HYM-N00428;Ichneumonidae;Cenocaelius sp.;22/08/1986;Ceares (Gijón);Gijón;Asturias;España;Matorral;;;;Jesús G. Durán;Jesús G. Durán;;;1;3;;3.9;;;;;
BOS-HYM-N00429;Sphecidae;Ammophila sp.;19/04/1980;Piñeres;Aller;Asturias;España;Sobre planta;;18 h;;José A. Gil;;;;7;5;C;BOS-LEP 7.5.C.5;;;Tiene moho;;
BOS-HYM-N00430;Ichneumonidae;;16/05/1982;Tapia;;Asturias;España;Prado;;;;M. M. Fernández;;;;7;5;C;BOS-LEP 7.5.C.5;;;Tiene moho;;
BOS-HYM-N00431;Ichneumonidae;;27/05/1989;Deva (Gijón);Gijón;Asturias;España;;;;;Fdo Álvarez;Fdo Álvarez;;;1;3;;3.9;;;;;
BOS-HYM-N00432;Ichneumonidae;;06/09/1981;Lugones;Siero;Asturias;España;;;;;A. Anadón;;;;1;3;;3.9;;;;;
BOS-HYM-N00433;Ichneumonidae;Brathystomus sp.;10/05/1981;Tineo;Tineo;Asturias;España;Sobre flor;;;;E. Paredes;E. Paredes;;;1;3;;3.9;;;;;
BOS-HYM-N00434;Ichneumonidae;;_/07/1977;La Castañalona;Castrillón;Asturias;España;;;;;M. A. Aranda;;;;1;3;;3.9;;;;;
BOS-HYM-N00435;Ichneumonidae;;05/06/1983;Colloto;Oviedo;Asturias;España;Sobre Ranunculus;;18:30 h;;Javier Roza Manzano;Javier Roza Manzano;;;1;3;;3.9;;;;;
BOS-HYM-N00436;Sphecidae;Ammophila hirsuta;24/04/1998;Paradilla;;León;España;;;;;Pellitero;Pellitero;;;1;3;;3.9;;;;;
BOS-HYM-N00437;Ichneumonidae;;29/10/1981;Ules-Naranco;Oviedo;Asturias;España;;;;;A. Anadón;;;;1;3;;3.9;;;;;
BOS-HYM-N00438;Ichneumonidae;;18/08/1981;Río Canido;Vigo;Pontevedra;España;;;;;A. Anadón;;;;1;3;;3.9;;;;;
BOS-HYM-N00439;Ichneumonidae;;04/05/1983;Oviedo;Oviedo;Asturias;España;En un seto;;17 h;;A. Anadón;;;;1;3;;3.9;;;;;
BOS-HYM-N00440;Ichneumonidae;;20/08/1990;Avilés;Avilés;Asturias;España;;;;;C. M. Álvarez;;;;1;3;;3.9;;;;;
BOS-HYM-N00441;Ichneumonidae;;11/07/1974;Mansilla;León;León;España;;;;;C. Muñiz Mdez;;;;1;3;;3.9;;;;;
BOS-HYM-N00442;Gasteruptiidae;Gasteruption jaculator;_/05/1986;La Molinuca;;Asturias;España;Río Cares;;;;Javier Sil Vaquero;Javier Sil Vaquero;;;1;3;;3.9;;;;;
BOS-HYM-N00443;Ichneumonidae;Ichneumoninae;Año 1991;La Robla;La Robla;León;España;;;;;Elena Benito;E. B. G.;;;1;3;;3.9;;;;;
BOS-HYM-N00444;Ichneumonidae;Pimplinae;Año 1990;La Robla;La Robla;León;España;;;;;Elena García;;;;1;3;;3.9;;;;;
BOS-HYM-N00445;Ichneumonidae;;27/07/1972;Panjón;Nigrán;Pontevedra;España;;;;;R. Anadón;;;;1;3;;3.9;;;;;
BOS-HYM-N00446;Ichneumonidae;;_/10/1989;Villar (Luarca);Valdés;Asturias;España;;;;;A. Anadón;;;;1;3;;3.9;;;;;
BOS-HYM-N00447;Ichneumonidae;;03/08/1972;Panjón;Nigrán;Pontevedra;España;;;;;R. Anadón;;;;1;3;;3.9;;;;;
BOS-HYM-N00448;Ichneumonidae;;28/06/1980;Pañeda Nueva;Siero;Asturias;España;Prado no segado;;;;A. Anadón;;;;1;3;;3.9;;;;;
BOS-HYM-N00449;Masaridae;Chrysis ignita;14/07/1983;Quirós;Quirós;Asturias;España;;;;;Higinio Bernardo;Higinio Bernardo;;;1;3;;3.10;;;;;
BOS-HYM-N00450;Masaridae;Chrysis ignita;12/08/1981;Cabueñes;Gijón;Asturias;España;Jardín;;;;Sergio Solano;;;;1;3;;3.10;;;;;
BOS-HYM-N00451;Masaridae;Chrysis ignita;29/05/1982;Arnao;Castrillón;Asturias;España;;;;;Luciana López;;;;1;3;;3.10;;;;;
BOS-HYM-N00452;Masaridae;Chrysis ignita;03/06/1978;Somió;Gijón;Asturias;España;En casa;;;;Eva G. V.;;;;1;3;;3.10;;;;;
BOS-HYM-N00453;Masaridae;Chrysis ignita;05/05/1978;La Carriona;Avilés;Asturias;España;En planta;;16 h;;I. Esteban Pascual;;;;1;3;;3.10;;;;;
BOS-HYM-N00454;Masaridae;Chrysis ignita;16/05/1976;Colloto;Oviedo;Asturias;España;;;;;A. Mugica B.;;;;7;5;C;BOS-LEP 7.5.C.5;;;Tiene moho;;
BOS-HYM-N00455;Masaridae;Chrysis ignita;08/09/1974;León;León;León;España;;;;;J. F. Fontangordo;;;;1;3;;3.10;;;;;
BOS-HYM-N00456;Masaridae;Panorpes carnea?;12/07/1972;Panjón;Nigrán;Pontevedra;España;;;;;R. Anadón;Araceli Anadón. A. Quero;;;1;3;;3.10;;;;;
BOS-HYM-N00457;Masaridae;Chrysis ignita;17/05/1978;Naranco (Oviedo);Oviedo;Asturias;España;Prado;;;;Cristina Cota;A. Anadón. A. Quero;;;1;3;;3.10;;;;;
BOS-HYM-N00458;Masaridae;Chrysis ignita;22/05/1983;Naranco (Oviedo);Oviedo;Asturias;España;;;;;;;;;1;3;;3.10;;;Foto Miguel Fangul;;
BOS-HYM-N00459;Masaridae;Chrysis ignita;_/04/1976;Oviedo;Oviedo;Asturias;España;;;;;M. A. Morán Fernández;;;;7;5;C;BOS-LEP 7.5.C.5;;;Tiene moho;;
BOS-HYM-N00460;Masaridae;Chrysis ignita;27/07/1978;Valgrande;;;España;;;;;M. A. Aranda;;;;1;3;;3.10;;;;;
BOS-HYM-N00461;Masaridae;Chrysis ignita;16/08/1987;Viavides;El Franco;Asturias;España;Interior casa;;;;J. R. Fdez López;J. R. Fdez López;;;1;3;;3.10;;;;;
BOS-HYM-N00462;Masaridae;Chrysis fulgida;23/07/1987;Romo (Getxo);Getxo;Vizcaya;España;Casas;10 m;;;Amaia Viota;José Luis Vega;;;1;3;;3.10;;;;;
BOS-HYM-N00463;Masaridae;Chrysis ignita;31/05/1986;Nubledo;Corvera;Asturias;España;En prado;110 m;;;J. Martín Morales;;;;1;3;;3.10;;;;;
BOS-HYM-N00464;Masaridae;Chrysis ignita;27/10/1988;San Timoteo (Luarca);Valdés;Asturias;España;;;;;I. Irizar;I. Irizar;;;1;3;;3.10;;;;;
BOS-HYM-N00465;Masaridae;Chrysis ignita;03/05/1989;Soto de Rey;Ribera de Arriba;Asturias;España;;;;;Clara Marinas;Clara Marinas;;;1;3;;3.10;;;;;
BOS-HYM-N00466;Masaridae;Chrysis ignita;20/05/1985;Rodiles;;Asturias;España;Fachada;;;;Olga Orviz Glez;Esther Orviz;;;1;3;;3.10;;;;;
BOS-HYM-N00467;Masaridae;Chrysis ignita;04/06/1986;Luera;Avilés;Asturias;España;;;;;Isaac Antolin;;;;1;3;;3.10;;;;;
BOS-HYM-N00468;Masaridae;Chrysis ignita;30/05/1986;Calle Sta Cruz (Oviedo);Oviedo;Asturias;España;;;;;E. Mtnez Granada;E. Mtnez Granada;;;1;3;;3.10;;;;Diptera;
BOS-HYM-N00469;Masaridae;Chrysis ignita;15/09/1987;Liñero;Villaviciosa;Asturias;España;;;;;Antonio Gómez Fdez;Antonio Gómez Fdez;;;1;3;;3.10;;;;;
BOS-HYM-N00470;Masaridae;Chrysis ignita;05/06/1986;Fuente la Plata;;;;Pastizal;;;;Nacho Leiva Moreno;Nacho Leiva Moreno;;;1;3;;3.10;;;;;
BOS-HYM-N00471;Masaridae;Chrysis ignita;28/07/1987;Grado;Grado;Asturias;España;;;;;J. I. Arias;J. I. Arias;;;1;3;;3.10;;;;;
BOS-HYM-N00472;Masaridae;Chrysis ignita;29/10/1988;Luarca;Valdés;Asturias;España;;;;;Mª del Camino López;Mª del Camino López;;;1;3;;3.10;;;;;
BOS-HYM-N00473;Masaridae;Chrysis ignita;14/04/1987;Villablino;Villablino;León;España;Pradera;1000 m;;;Higinio Uria de Dios;H. Uria Marban;;;1;3;;3.10;;;;Himenópteros;
BOS-HYM-N00474;Masaridae;Chrysis ignita;13/05/1990;Tornón;Villaviciosa;Asturias;España;Sobre un montón de madera;;;;Silvino Rivero;C. Felgueras;;;1;3;;3.10;;;;;
BOS-HYM-N00475;Masaridae;Chrysis ignita;29/07/1989;San Pedro (Soto de Luiña);Cudillero;Asturias;España;;;;;Nieves Egocheaga;Nieves Egocheaga;;;1;3;;3.10;;;;;
BOS-HYM-N00476;Masaridae;Chrysis sp.;03/06/1988;León;León;León;España;;;;;Pellitero;Pellitero;;;1;3;;3.10;;;;;
BOS-HYM-N00477;Masaridae;Chrysis sp.;10/06/1990;Lugones;;Asturias;España;;;;;Segundo Pascual Triviño;Damiana González Fernández;;;1;3;;3.10;;;;;
BOS-HYM-N00478;Masaridae;Chrysis ignita;12/06/1987;Mieres;Mieres;Asturias;España;;;;;C. Huidozro;J. Cigarria;;;1;3;;3.10;;;;;
BOS-HYM-N00479;Masaridae;Chrysis ignita;15/05/1990;Oviedo;Oviedo;Asturias;España;Casa;;;;Mª Teresa Cuartas;Clara Fdez Ochoa;;;1;3;;3.10;;;;;
BOS-HYM-N00480;Masaridae;Chrysis succincta;_/07/1993;La Robla;La Robla;León;España;;;;;E. García Vigil;C. Pavón Iturmendi;;;1;3;;3.10;;;;;
BOS-HYM-N00481;Masaridae;Chrysis ignita;25/10/1989;Villar (Luarca);Valdés;Asturias;España;;;;;M. A. L.;;;;1;3;;3.10;;;;;
BOS-HYM-N00482;Masaridae;Chrysis ignita;_/08/1986;Navia;Navia;Asturias;España;;;;;Fidela Pérez;Fidela Pérez;;;1;3;;3.10;;;;;
BOS-HYM-N00483;Masaridae;Panorpes sp.;16/08/1984;Vega de Espinareda;Vega de Espinareda;León;España;;;;;Miguel Pérez Medina;C. Bonhomme;;;1;3;;3.10;;;;;
BOS-HYM-N00484;Masaridae;Panorpes sp.;;Loro;Pravia;Asturias;España;Muro;200 m;;;Alex Merino;Alex Merino;;;1;3;;3.10;;;;;
BOS-HYM-N00485;Masaridae;Chrysis sp.;15/11/1992;Soto de Aller;Aller;Asturias;España;;;;;Mª Julia Glez Santos;Mª Julia Glez Santos;;;1;3;;3.10;;;;;
BOS-HYM-N00486;Masaridae;Chrysis ignita;14/05/1990;Vic;Vic;Barcelona;España;;;;;J. Riera;J. Riera;;;1;3;;3.10;;;;;
BOS-HYM-N00487;Masaridae;Chrysis ignita;18/07/1990;Lamasón;Lamasón;Cantabria;España;;;;;Marta Pérez Lastra;Marta Pérez Lastra;;;1;3;;3.10;;;;;
BOS-HYM-N00488;Masaridae;Chrysis fulgida;25/05/1988;Biblioteca de facultad (Oviedo);Oviedo;Asturias;España;;;;;M. A. Díaz Díaz;;;;1;3;;3.10;;;;;
BOS-HYM-N00489;Masaridae;Chrysis fulgida;13/05/1992;Avenida del Cristo (Oviedo);Oviedo;Asturias;España;;;;;Jesús Mª Burgués;Jesús Mª Burgués;;;1;3;;3.10;;;;;
BOS-HYM-N00490;Masaridae;Chrysis iguea;Año 1991;Oviedo-Llanes;;Asturias;España;En un tren Oviedo-Llanes;;;;Pablo A. A.;E. B. G.;;;1;3;;3.10;;;;;
BOS-HYM-N00491;Masaridae;Chrysis ignita;01/08/1991;Sevares;Piloña;Asturias;España;;;;;Violeta García;Violeta García;;;1;3;;3.10;;;;;
BOS-HYM-N00492;Chrysididae;Chrysis refulgens;24/05/1989;Oviedo;Oviedo;Asturias;España;;;;;S. Pascual;S. Pascual;;;1;3;;3.10;;;;;
BOS-HYM-N00493;Masaridae;Chrysis ignita;27/06/1992;Robledales. Sanabria;;Zamora;España;Claro de hierba junto al río Tera;;;Hembra;Susana Barquero;;;;1;3;;3.10;;;;;
BOS-HYM-N00494;Masaridae;Chrysis ignita;01/08/1993;Tapia de Casariego;Tapia de Casariego;Asturias;España;;;;;Judith F. Casero;Judith F. Casero;;;1;3;;3.10;;;;;
BOS-HYM-N00495;Masaridae;Chrysis sp.;27/07/1980;Porcía;El Franco;Asturias;España;;;;;Ana Quero;;;;7;5;C;BOS-LEP 7.5.C.5;;;Tiene moho;;
BOS-HYM-N00496;Masaridae;Chrysis sp.;04/06/1983;Alcuetas;Villabraz;León;España;;;;;Luis Enrique Herrero Santos;;;;7;5;C;BOS-LEP 7.5.C.5;;;Tiene moho;;
BOS-HYM-N00497;Masaridae;Chrysis sp.;02/06/1983;Gijón;Gijón;Asturias;España;;;;;Mª Luz Díaz Nido;;;;7;5;C;BOS-LEP 7.5.C.5;;;Tiene moho;;
BOS-HYM-N00498;Masaridae;Chrysis sp.;_/09/1975;Naranco (Oviedo);Oviedo;Asturias;España;;;;;Enma Mª Fdez Silva;;;;7;5;C;BOS-LEP 7.5.C.5;;;Tiene moho;;
BOS-HYM-N00499;Masaridae;Chrysis sp.;02/05/1976;Xagó;Avilés;Asturias;España;Campo;;;;Casta Fdez A.;;;;7;5;C;BOS-LEP 7.5.C.5;;;Tiene moho;;
BOS-HYM-N00500;Masaridae;Chrysis mediocris;07/06/1981;La Luz (Avilés);Avilés;Asturias;España;Ventana cocina;;12:45 h;;Carbajal Alba;Carbajal Alba;;;7;5;C;BOS-LEP 7.5.C.5;;;Tiene moho;;
BOS-HYM-N00501;Masaridae;Chrysis sp.;05/06/1981;Pravia;Pravia;Asturias;España;Sobre césped;;;;Gerardo Fdez Ortiz;;;;7;5;C;BOS-LEP 7.5.C.5;;;Tiene moho;;
BOS-HYM-N00502;Evanidae;Evania punctata;17/10/1982;Las Palmas;;;España;Vivienda;;;;Diego Alvarado;Diego Alvarado;;;1;3;;3.10;;;;;
BOS-HYM-N00503;Scoliidae;Scolia hirta;04/08/1975;Denia;Denia;Alicante;España;Sobre planta;;;;Gregorio R. Glez;Gregorio R. Glez;;;1;3;;3.11;;;;;
BOS-HYM-N00504;Scoliidae;Scolia flavifrous;31/08/1983;Madrid;Madrid;Madrid;España;Ciudad;;;;Mª José García;Mª José García;;;1;3;;3.11;;;;;
BOS-HYM-N00505;Scoliidae;;29/07/1980;Mazagón;Moguer y Palos de la Frontera;Huelva;España;;;;;F. J. Ocharan;;;;1;3;;3.11;;;;;
BOS-HYM-N00506;Scoliidae;;29/07/1980;Mazagón;Moguer y Palos de la Frontera;Huelva;España;;;;;F. J. Ocharan;;;;1;3;;3.11;;;;;
BOS-HYM-N00507;Scoliidae;Scolia hirta;21/07/1993;Tapia de Casariego;Tapia de Casariego;Asturias;España;;;;;Judith F. Casero;Judith F. Casero;;;7;5;C;BOS-LEP 7.5.C.5;;;Tiene moho;;
BOS-HYM-N00508;Scoliidae;Ceramius lusitanicus;28/08/1988;La Cabrera;;León;España;;;;;Carmen de Miguel;Carmen de Miguel;;;1;3;;3.11;;;;;
BOS-HYM-N00509;Scoliidae;Scolia flavifrons;04/07/1991;Almonte;Almonte;Huelva;España;;;;Hembra;Jesús Glez;M. Jesús Glez;;;1;3;;3.11;;;;;
BOS-HYM-N00510;Vespoidea;;20/08/1980;Armunia;León;León;España;;;;;A. Riera;A. Riera;;;1;3;;3.11;;;;;
BOS-HYM-N00511;;;24/08/1972;Guadarrama;Guadarrama;Madrid;España;En parque;;;;E. Sanjuan Rguez;E. Sanjuan Rguez;;;1;3;;3.11;;;;;
BOS-HYM-N00512;;;12/08/1978;Zaratán ;Zaratán ;Valladolid;España;;;;;C. Blanco;;;;1;3;;3.11;;;;;
BOS-HYM-N00513;Tiphiidae;Tiphia?;16/07/1975;Herrera de Duero;Tudela de Duero;Valladolid;España;;;;;C. F. B. Quirós;Anadón. A. Quero;;;1;3;;3.11;;;;;
BOS-HYM-N00514;;;01/08/1972;Panjón;Nigrán;Pontevedra;España;;;;;R. Anadón;;;;1;3;;3.11;;;;;
BOS-HYM-N00515;;;30/06/1977;Mendivil;Olóriz;Navarra;España;;;;;Elvira Flamarique;;;;1;3;;3.11;;;;;
BOS-HYM-N00516;;;27/08/1972;Panjón;Nigrán;Pontevedra;España;;;;;R. Anadón;;;;1;3;;3.11;;;;;
BOS-HYM-N00517;;;27/08/1972;Panjón;Nigrán;Pontevedra;España;;;;;R. Anadón;;;;1;3;;3.11;;;;;
BOS-HYM-N00518;;;27/08/1972;Panjón;Nigrán;Pontevedra;España;;;;;R. Anadón;;;;1;3;;3.11;;;;;
BOS-HYM-N00519;Scoliidae;Scolia maculatu;_/07/1981;Huétor Santillán;Huétor Santillán;Granada;España;;;;Hembra;Rafael Sánchez Múñiz;;;;1;3;;3.11;;;;;
BOS-HYM-N00520;Scoliidae;Scolia flavifrons;;Sanjenjo;Sanjenjo;Pontevedra;España;;;;Hembra;;;;;1;3;;3.11;;;;;
BOS-HYM-N00521;Mutillidae;Dasytabris;_/05/1980;Campo de Santo;;León;España;;;;;Ana J. González Fdez;A. Quero;;;1;3;;3.11;;;;;
BOS-HYM-N00522;Mutillidae;;18/08/1981;Monteferro;;Pontevedra;España;;;;;A. Anadón;;;;1;3;;3.11;;;;;
BOS-HYM-N00523;Mutillidae;;25/08/1981;Lugo;Lugo;Lugo;España;;;;;A. Anadón;;;;1;3;;3.11;;;;;
BOS-HYM-N00524;Mutillidae;Mutilla europaea;23/08/1983;Monte El Viejo;Palencia;Palencia;España;;;;Hembra;Mª José García;Mª José García;;;1;3;;3.11;;;;;
BOS-HYM-N00525;Mutillidae;Mutilla europaea;_/09/1993;Vegara;;;España;;;;;J. Audro Delgado;J. Audro Delgado;;;1;3;;3.11;;;;;
BOS-HYM-N00526;Mutillidae;;20/07/1981;Benavides;Benavides;León;España;Camino (acequia);;16 h;;Mª José Álvarez;;;;1;3;;3.11;;;;Formicidae;
BOS-HYM-N00527;Mutillidae;;24/08/1982;Guadarrama;Guadarrama;Madrid;España;En parque;;;;E. Sanjuan Rguez;;;;7;5;C;BOS-LEP 7.5.C.5;;;Tiene moho;;
BOS-HYM-N00528;Mutillidae;;24/08/1982;Guadarrama;Guadarrama;Madrid;España;En parque;;;;E. Sanjuan Rguez;;;;1;3;;3.11;;;;;
BOS-HYM-N00529;Mutillidae;Myrmilla capitata;12/07/1992;Bueu;Bueu;Pontevedra;España;;;;Hembra;Laura Rguez Glez;;;;1;3;;3.11;;;;;
BOS-HYM-N00530;Mutillidae;Mutilla europaea;05/07/1994;La Ruera;Oviedo;Asturias;España;;;;;;;;;1;3;;3.11;;;;;
BOS-HYM-N00531;Mutillidae;;28/08/1972;Panjón;Nigrán;Pontevedra;España;;;;;R. Anadón;;;;1;3;;3.11;;;;;
BOS-HYM-N00532;Vespidae;Eumenes pomiformis;13/08/1978;Simancas;Simancas;Valladolid;España;;;;Hembra;M. A. Aranda;M. A. Aranda;;;1;3;;3.12;;;;;
BOS-HYM-N00533;Vespidae;Eumenes pomiformis;13/08/1978;Simancas;Simancas;Valladolid;España;;;;Macho;M. A. Aranda;M. A. Aranda;;;1;3;;3.12;;;;;
BOS-HYM-N00534;Vespidae;Eumenes pomiformis;13/08/1978;Simancas;Simancas;Valladolid;España;;;;Macho;M. A. Aranda;M. A. Aranda;;;1;3;;3.12;;;;;
BOS-HYM-N00535;Vespidae;Eumenes pomiformis;13/08/1978;Simancas;Simancas;Valladolid;España;;;;Macho;M. A. Aranda;M. A. Aranda;;;1;3;;3.12;;;;;
BOS-HYM-N00536;Vespidae;Eumenes pomiformis;13/08/1978;Simancas;Simancas;Valladolid;España;;;;Macho;M. A. Aranda;M. A. Aranda;;;1;3;;3.12;;;;;
BOS-HYM-N00537;Vespidae;Eumenes pomiformis;13/08/1978;Simancas;Simancas;Valladolid;España;;;;Macho;M. A. Aranda;M. A. Aranda;;;1;3;;3.12;;;;;
BOS-HYM-N00538;Vespidae;Eumenes pomiformis;13/08/1978;Simancas;Simancas;Valladolid;España;;;;Hembra;M. A. Aranda;M. A. Aranda;;;1;3;;3.12;;;;;
BOS-HYM-N00539;Vespidae;Eumenes unguiculatus;24/07/1982;Laukariz;Mungia;Vizcaya;España;Estanque vegetación;;17:45 h;;M. I. Saloña;M. I. Saloña;;;1;3;;3.12;;;;;
BOS-HYM-N00540;Vespidae;Eumenes unguiculatus;13/08/1982;Simancas;Simancas;Valladolid;España;;;;Macho;M. A. Aranda;M. A. Aranda;;;1;3;;3.12;;;;;
BOS-HYM-N00541;Vespidae;Eumenes unguiculatus;13/08/1982;Simancas;Simancas;Valladolid;España;;;;Macho;M. A. Aranda;M. A. Aranda;;;1;3;;3.12;;;;;
BOS-HYM-N00542;Vespidae;Eumenes sp.;04/05/1993;Trubia;Oviedo;Asturias;España;;;;;Virg. Zaldibar;Virg. Zaldibar;;;1;3;;3.12;;;;;
BOS-HYM-N00543;Vespidae;Eumenes sp.;18/06/1983;Pañeda vieja;Siero;Asturias;España;;;18 h;;A. Anadón;;;;1;3;;3.12;;;;;
BOS-HYM-N00544;Vespidae;Eumenes pedunculatus;03/07/1981;Algorta;Getxo;Vizcaya;España;Suelo;;;;Margarita Ojea;Margarita Ojea;;;1;3;;3.12;;;;;
BOS-HYM-N00545;Vespidae;Pollistes gallicus;20/06/1980;La Palomera (León);León;León;España;;;;;Orencio H. Palacios;Orencio H. Palacios;;;1;3;;3.12;;;;;
BOS-HYM-N00546;Vespidae;Odynerus spinipes;12/05/1988;Poo;Llanes;Asturias;España;Herbazal;;;;J. R. Fdez López;J. R. Fdez López;;;1;3;;3.12;;;;;
BOS-HYM-N00547;Vespidae;;12/05/1980;S. Lázaro;Oviedo;Asturias;España;Prado;;;;P. Ciscar;;;;1;3;;3.12;;;;;
BOS-HYM-N00548;Vespidae;Odynerus (lionotus) innumerabilis;13/08/1978;Simancas;Simancas;Valladolid;España;;;;Hembra;M. A. Aranda;M. A. Aranda;;;1;3;;3.12;;;;;
BOS-HYM-N00549;Vespidae;Odynerus (lionotus) innumerabilis;13/08/1978;Simancas;Simancas;Valladolid;España;;;;Hembra;M. A. Aranda;M. A. Aranda;;;1;3;;3.12;;;;;
BOS-HYM-N00550;Vespidae;Odynerus melanocephalus;29/05/1975;Oviedo;Oviedo;Asturias;España;;;;;M. M. de la Hoz;M. A. Aranda;;;1;3;;3.12;;;;;
BOS-HYM-N00551;Vespidae;Odynerus parietum;24/10/1988;S. Timoteo (Luarca);Valdés;Asturias;España;;;;;J. M. Lasa;J. M. Lasa;;;1;3;;3.12;;;;;
BOS-HYM-N00552;Sphecidae;Gorytes campestris;10/08/1989;Naranco (Oviedo);Oviedo;Asturias;España;;;;;Ana Palacios G.;Ana Palacios G.;;;1;3;;3.12;;;;;
BOS-HYM-N00553;;Gorytes campestris;15/08/1988;Monte Naranco;Oviedo;Asturias;España;;;;;Antonio Gómez Fdez;Antonio Gómez Fdez;;;1;3;;3.12;;;;;
BOS-HYM-N00554;;Gorytes campestris;07/05/1989;Peon;Villaviciosa;Asturias;España;;;;;E. C. Jiménez;E. C. Jiménez;;;1;3;;3.12;;;;;
BOS-HYM-N00555;Vespidae;;23/07/1981;Trubia;Oviedo;Asturias;España;Prado con flores;;;;P. Ciscar;;;;1;3;;3.12;;;;;
BOS-HYM-N00556;Vespidae;;07/06/1986;Sta Cruz de Mieres;Mieres;Asturias;España;;;;;Cristina;;;;1;3;;3.12;;;;;
BOS-HYM-N00557;Vespidae;;23/07/1981;Trubia;Oviedo;Asturias;España;Prado con flores;;;;P. Ciscar;;;;7;5;C;BOS-LEP 7.5.C.5;;;Tiene moho;;
BOS-HYM-N00558;Vespidae;;10/07/1985;F. Biol (Oviedo);Oviedo;Asturias;España;;;;;A. Anadón;;;;1;3;;3.12;;;;;
BOS-HYM-N00559;Vespidae;Odynerus (Ancistrocerus) parietum;13/08/1978;Simancas;Simancas;Valladolid;España;;;;Macho;M. A. Aranda;M. A. Aranda;;;1;3;;3.12;;;;;
BOS-HYM-N00560;Vespidae;Odynerus (Ancistrocerus) parietum;13/08/1978;Simancas;Simancas;Valladolid;España;;;;Macho;M. A. Aranda;M. A. Aranda;;;1;3;;3.12;;;;;
BOS-HYM-N00561;Vespidae;Odynerus parietum;18/08/1979;Trubia;Oviedo;Asturias;España;Huerta;;;Hembra;P. Ciscar;P. Ciscar;;;1;3;;3.12;;;;;
BOS-HYM-N00562;Vespidae;Odynerus (Ancistrocerus) parietum;13/08/1978;Simancas;Simancas;Valladolid;España;;;;Hembra;M. A. Aranda;M. A. Aranda;;;1;3;;3.12;;;;;
BOS-HYM-N00563;Vespidae;Odynerus (Ancistrocerus) parietum;13/08/1978;Simancas;Simancas;Valladolid;España;;;;Hembra;M. A. Aranda;M. A. Aranda;;;1;3;;3.12;;;;;
BOS-HYM-N00564;Vespidae;;08/06/1986;Sienra;;Asturias;España;;;;;Carlos M. Martínez;Carlos M. Martínez;;;1;3;;3.12;;;;;
BOS-HYM-N00565;Vespidae;;13/09/1994;La Gomera;La Gomera;Tenerife;España;;;;;María S. Cabal;;;;1;3;;3.12;;;;;
BOS-HYM-N00566;Vespidae;Odynerus spinipes;14/05/1994;Cordal de Peón;Villaviciosa;Asturias;España;;;;;Carmela Menéndez;Carmela Menéndez;;;1;3;;3.12;;;;;
BOS-HYM-N00567;Vespidae;;12/09/1980;Llanera;Llanera;Asturias;España;;;;;Ana Quero;;;;1;3;;3.12;;;;;
BOS-HYM-N00568;Vespidae;Odynerus fasciatus;06/05/1987;Ceares (Gijón);Gijón;Asturias;España;Matorral;;;;Jesús G. Durán;Jesús G. Durán;;;1;3;;3.12;;;;;
BOS-HYM-N00569;Vespidae;;06/09/1981;Lugones;Siero;Asturias;España;;;;;A. Anadón;;;;1;3;;3.12;;;;;
BOS-HYM-N00570;Vespidae;;27/07/1980;Porcía;El Franco;Asturias;España;;;;;Ana Quero;;;;1;3;;3.12;;;;;
BOS-HYM-N00571;Vespidae;Odynerus parietum;02/04/1994;Monforte de Lemos;Monforte de Lemos;Lugo;España;;;;;Maceda Sélymes;Maceda Sélymes;;;1;3;;3.12;;;;;
BOS-HYM-N00572;Vespidae;Odynerus gracilis;23/08/1990;Santander;Santander;Cantabria;España;Jardín;;;;Mª Rosario Ruiz;Mª Rosario Ruiz;;;1;3;;3.12;;;;;
BOS-HYM-N00573;Vespidae;Odynerus sp.;27/10/1993;Luarca;Valdés;Asturias;España;;;;;R. Simal;R. Simal;;;1;3;;3.12;;;;;
BOS-HYM-N00574;Vespidae;Odynerus parietum;_/04/1994;Barrio El Monte (Pervera);Carreño;Asturias;España;;;;;David Martínez Fdez;David Martínez Fdez;;;1;3;;3.12;;;;;
BOS-HYM-N00575;Vespidae;Odynerus spinipes;08/05/1980;Trubia;Oviedo;Asturias;España;Prado con frutales;;;Hembra;P. Ciscar;P. Ciscar;;;1;3;;3.12;;;;;
BOS-HYM-N00576;Vespidae;;05/06/1983;S. Cristóbal;;;España;;;;;Matilde de Ávila;;;;1;3;;3.12;;;;;
BOS-HYM-N00577;Vespidae;Odynerus muraius;05/05/1990;Oviedo;Oviedo;Asturias;España;;;;;Jone Garai;Jone Garai;;;1;3;;3.12;;;;;
BOS-HYM-N00578;Vespidae;Odynerus spinipes;02/05/1987;Oviedo;Oviedo;Asturias;España;;;;;J. Villa Cienfuegos;J. Villa Cienfuegos;;;1;3;;3.12;;;;;
BOS-HYM-N00579;Vespidae;Odynerus spinipes;19/05/1987;Oviedo;Oviedo;Asturias;España;;;;;M. N. García Martín;M. N. García Martín;;;1;3;;3.12;;;;;
BOS-HYM-N00580;Vespidae;Odynerus parietum;02/09/1989;Oviedo;Oviedo;Asturias;España;;;;;S. Pascual;S. Pascual;;;1;3;;3.12;;;;;
BOS-HYM-N00581;Vespidae;;18/05/1980;La Florida (Oviedo);Oviedo;Asturias;España;En prado con flores;;;;Mª Teresa Blanco;;;;1;3;;3.12;;;;;
BOS-HYM-N00582;Vespidae;Odynerus spinipes;31/05/1988;Palomar;;;España;;;;;Paulino Bárcena;Paulino Bárcena;;;1;3;;3.12;;;;;
BOS-HYM-N00583;Vespidae;Odynerus ocultatus;02/08/1980;Castuera;Castuera;Badajoz;España;;;;;A. Benítez Donoso;Orencio H. Palacios;;;1;3;;3.12;;;;;
BOS-HYM-N00584;Vespidae;Odynerus ocultatus;22/07/1977;Castuera;Castuera;Badajoz;España;;;;;A. Benítez-D.;A. Benítez-D.;;;1;3;;3.12;;;;;
BOS-HYM-N00585;Vespidae;Odyneres spinipes;22/06/1978;Castuera;Castuera;Badajoz;España;;;;;A. Benítez;J. L. Rodríguez;;;1;3;;3.12;;;;;
BOS-HYM-N00586;Sphecidae;Ammophila tydei;15/06/1978;Playa de Xagó;Gozón;Asturias;España;;;;Macho;M. A. Aranda;M. A. Aranda;;;1;3;;3.13;;;;;
BOS-HYM-N00587;Sphecidae;Ammophila tydei;03/08/1972;Panjón;Nigrán;Pontevedra;España;;;;Macho;R. Anadón;M. A. Aranda;;;1;3;;3.13;;;;;
BOS-HYM-N00588;Sphecidae;Ammophila tydei;15/06/1978;Playa de Xagó;Gozón;Asturias;España;;;;Macho;M. A. Aranda;M. A. Aranda;;;1;3;;3.13;;;;;
BOS-HYM-N00589;Sphecidae;Ammophila apicalis var. Morsaryi;14/07/1979;Belmonte;Belmonte de Miranda;Asturias;España;Huerta;;;Macho;P. Ciscar;P. Ciscar;;;1;3;;3.13;;;;;
BOS-HYM-N00590;Sphecidae;Ammophila hirsuta;27/03/1978;Logroño;Logroño;La Rioja;España;Sobre piedra;;;Hembra;José A. Gil;M. A. Aranda;;;1;3;;3.13;;;;;
BOS-HYM-N00591;Sphecidae;Ammophila hirsuta;25/07/1976;Casayo;Carballeda de Valdeorras;;;;;;Hembra;M. A. Álvarez;M. A. Aranda;;;1;3;;3.13;;;;;
BOS-HYM-N00592;Sphecidae;Ammophila hirsuta;03/12/1989;Rodiles;;Asturias;España;Volando sobre terreno arenoso cerca del mar;;;;Fernando Cardesin;Fernando Cardesin;;;1;3;;3.13;;;;;
BOS-HYM-N00593;Sphecidae;Ammophila hirsuta;04/06/1994;La Manjoya;Oviedo;Asturias;España;;;;;Blanca Glez;Blanca Glez;;;1;3;;3.13;;;;;
BOS-HYM-N00594;Sphecidae;Ammophila hirsuta;17/08/1989;Bergara;Bergara;Guipúzcoa;España;;;;;N. Apeuribai;N. Apeuribai;;;1;3;;3.13;;;;Ammophila sabulosa;
BOS-HYM-N00595;Sphecidae;Ammophila hirsuta;10/08/1990;Oviedo;Oviedo;Asturias;España;;;;;Susana F. San Narciso;Susana F. San Narciso;;;1;3;;3.13;;;;;
BOS-HYM-N00596;Sphecidae;Ammophila sabulosa;16/08/1991;Salave;Tapia de Casariego;Asturias;España;;;;;J. Oliveros;J. Oliveros;;;1;3;;3.13;;;;;
BOS-HYM-N00597;Sphecidae;Ammophila sabulosa;Año 1991;La Robla;La Robla;León;España;;;;;E. García;E. B. G.;;;1;3;;3.13;;;;;
BOS-HYM-N00598;Sphecidae;Ammophila hirsuta;24/07/1991;Pto de Ventana;Teverga;Asturias;España;;;;;A. Fdez.-Ojanguren;A. Fdez.-Ojanguren;;;1;3;;3.13;;;;;
BOS-HYM-N00599;Sphecidae;Ammophila sabulosa;_/04/1977;Argüero;Villaviciosa;Asturias;España;Bosque;;;Hembra;Carrasco R. S. F.;M. A. Aranda;;;7;5;C;BOS-LEP 7.5.C.5;;;Tiene moho;;
BOS-HYM-N00600;Sphecidae;Sphex maxillosus;Año 1990;La Robla;La Robla;León;España;;;;;E. B. G.;E. B. G.;;;1;3;;3.13;;;;;
BOS-HYM-N00601;Sphecidae;Podalonia hirsuta;03/08/1992;Pillarno;Castrillón;Asturias;España;;;;;R. Julia Rguez;R. Julia Rguez;;;1;3;;3.13;;;;;
BOS-HYM-N00602;Sphecidae;Ammophila hirsuta;23/07/1992;Puerto de S. Isidro;;;España;;;;;Salomé Álvarez;;;;1;3;;3.13;;;;;
BOS-HYM-N00603;Sphecidae;Sphex maxillosus;01/09/1992;Coviella;Cangas de Onís;Asturias;España;;;;;Luis Cabo;Luis Cabo;;;1;3;;3.13;;;;;
BOS-HYM-N00604;Sphecidae;Ammophila hirsuta;04/06/1994;La Manjoya;Oviedo;Asturias;España;;;;;R. Simal;R. Simal;;;1;3;;3.13;;;;;
BOS-HYM-N00605;Sphecidae;Ammophila hirsuta;03/06/1978;Salamanca;Salamanca;Salamanca;España;;;;;C. Manzano;C. Manzano;;;1;3;;3.13;;;;;
BOS-HYM-N00606;Sphecidae;Ammophila hirsuta;23/10/1989;Luarca;Valdés;Asturias;España;;;;;M. Puguzurtundua;M. Puguzurtundua;;;1;3;;3.13;;;;;
BOS-HYM-N00607;Sphecidae;Ammophila sabulosa;18/06/1983;Pañeda vieja;Siero;Asturias;España;;;18 h;;A. Anadón;;;;1;3;;3.13;;;;;
BOS-HYM-N00608;Sphecidae;Ammophila hirsuta;19/09/1994;El Insto;Oviedo;Asturias;España;Talud de matorral;330 msnm;;;Félix González;Félix González;;;1;3;;3.13;;;;Sphex maxillosus;
BOS-HYM-N00609;Sphecidae;Podalonia hirsuta;30/06/1992;Cudillero;Cudillero;Asturias;España;;;;;Paqui Morán;Paqui Morán;;;1;3;;3.13;;;;;
BOS-HYM-N00610;Sphecidae;Sphex maxillosus;_/07/1987;Laguna de Duero;Laguna de Duero;Valladolid;España;Pinar. Pinus pinea;;;;F. J. Pérez Barbaría;F. J. Pérez Barbaría;;;1;3;;3.13;;;;;
BOS-HYM-N00611;Sphecidae;;18/07/1980;La Bañeza;La Bañeza;León;España;Cerca de río;;;;Ana Quero;;;;1;3;;3.13;;;;;
BOS-HYM-N00612;Sphecidae;Sceliphron destillatorium;01/08/1972;Panjón;Nigrán;Pontevedra;España;;;;;N. Anadón;;;;1;3;;3.13;;;;;
BOS-HYM-N00613;Sphecidae;Sceliphron destillatorium;_/08/1985;Estación Biológica Doñana;;;España;;;;;Paloma Cuartas;Paloma Cuartas;;;1;3;;3.13;;;;;
BOS-HYM-N00614;Sphecidae;Sceliphron destillatorium;10/08/1988;Málaga;Málaga;Málaga;España;;;;;I. Irizar;I. Irizar;;;1;3;;3.13;;;;;
BOS-HYM-N00615;Sphecidae;Sceliphron destillatorium;06/06/1986;Palencia;Palencia;Palencia;España;Prado;;;;M. V. Cuartas;M. V. Cuartas;;;1;3;;3.13;;;;;
BOS-HYM-N00616;Sphecidae;Sceliphron destillatorium;21/08/1990;Peraleda de la Mata;Peraleda de la Mata;Cáceres;España;;;;;M. Teresa Bravo;M. Teresa Bravo;;;1;3;;3.13;;;;;
BOS-HYM-N00617;Sphecidae;Sceliphron destillatorium;26/07/1986;Vanidodes;Magaz de Cepeda;León;España;;;;;B. Aguado;B. Aguado;;;1;3;;3.13;;;;;
BOS-HYM-N00618;Sphecidae;Sceliphron destillatorium;26/07/1988;Pedraza;Fuentelsaz de Soria;Soria;España;Seto de Jardín;;;;Juan Carlos Ruiz;Juan Carlos Ruiz;;;1;3;;3.13;;;;;
BOS-HYM-N00619;Sphecidae;Sceliphron destillatorium;23/08/1991;Manzanares el Real;Manzanares el Real;Madrid;España;;;;;M. Antoñanzas;M. Antoñanzas;;;1;3;;3.13;;;;;
BOS-HYM-N00620;Sphecidae;Sceliphron destillatorium;03/08/1972;Panjón;Nigrán;Pontevedra;España;;;;Hembra;N. Anadón;M. A. Aranda;;;1;3;;3.13;;;;;
BOS-HYM-N00621;Sphecidae;Sceliphron destillatorium;03/08/1972;Panjón;Nigrán;Pontevedra;España;;;;Hembra;N. Anadón;M. A. Aranda;;;1;3;;3.13;;;;;
BOS-HYM-N00622;Sphecidae;Sceliphron destillatorium;05/07/1980;Cambrils;Cambrils;Tarragona;España;;;;;A. Bode;A. Bode;;;1;3;;3.13;;;;;
BOS-HYM-N00623;Sphecidae;Sceliphron destillatorium;20/07/1987;Hervás;Hervás;Cáceres;España;;;;;J. M. Feital;J. M. Feital;;;1;3;;3.13;;;;;
BOS-HYM-N00624;Sphecidae;Sceliphron destillatorium;27/07/1986;Club náutico (Zamora);Zamora;Zamora;España;;;;;B. Ramos Pérez;B. Ramos Pérez;;;1;3;;3.13;;;;Sceliphrons pensilis;
BOS-HYM-N00625;Vespidae;Dolichovespula sylvestris;15/06/1988;Trobajo;;León;España;;;;Hembra;Quintana;Quintana;L. F. Castillo (det. 2016);;1;3;;3.14;;;;Vespula germanica;
BOS-HYM-N00626;Vespidae;Dolichovespula sylvestris;_/05/1993;Tineo;Tineo;Asturias;España;;;;Hembra;Mª Elvira García;Elvira García;L. F. Castillo (det. 2016);;1;3;;3.14;;;;Vespula rufa;
BOS-HYM-N00627;Vespidae;Dolichovespula sylvestris;_/09/1986;Navia;Navia;Asturias;España;;;;Hembra;Ramón Pérez;Fidela Pérez;L. F. Castillo (det. 2016);;1;3;;3.14;;;;Vespula media;
BOS-HYM-N00628;Vespidae;Dolichovespula sylvestris;_/06/1987;Boñar;Boñar;León;España;;;;Hembra;Ana Mª Glez Antuña;Ana Mª Glez Antuña;L. F. Castillo (det. 2016);;1;3;;3.14;;;;Berber Rostrata;
BOS-HYM-N00629;Vespidae;Dolichovespula sylvestris;01/05/1994;Tiñana;Siero;Asturias;España;;;;Hembra;E. Rosal Fraga;E. Rosal Fraga;L. F. Castillo (det. 2016);;1;3;;3.14;;;;Vespula rufa;
BOS-HYM-N00630;Vespidae;Dolichovespula sylvestris;31/05/1988;Palomar;;;España;Cerca de río;;;Hembra;Paulino Bárcena;Paulino Bárcena;L. F. Castillo (det. 2016);;1;3;;3.14;;;;;
BOS-HYM-N00631;Vespidae;Dolichovespula sylvestris;02/06/1981;Quintueles;Villaviciosa;Asturias;España;;;;Hembra;L. Mero;L. Mero;L. F. Castillo (det. 2016);;1;3;;3.14;;;;Vespula silvestris;
BOS-HYM-N00632;Vespidae;Dolichovespula sylvestris;11/07/1989;Cardoso;Llanes;Asturias;España;;;;Hembra;S. Pascual;S. Pascual;L. F. Castillo (det. 2016);;1;3;;3.14;;;;Vespula media;
BOS-HYM-N00633;Vespidae;Dolichovespula sylvestris;01/05/1975;Naranco (Oviedo);Oviedo;Asturias;España;;;;Hembra;F. J. Ocharan;M. A. Aranda;L. F. Castillo (det. 2016);;1;3;;3.14;;;;Vespa silvestris;
BOS-HYM-N00634;Vespidae;Dolichovespula sylvestris;18/04/1987;Mallecina;Salas;Asturias;España;;;;Hembra;Carmen Rguez Rguez;Carmen Rguez Rguez;L. F. Castillo (det. 2016);;1;3;;3.14;;;;;
BOS-HYM-N00635;Vespidae;Dolichovespula sylvestris;_/07/1976;La Castañola;;Asturias;España;;;;Hembra;M. A. Aranda;M. A. Aranda;L. F. Castillo (det. 2016);;1;3;;3.14;;;;Vespa silvestris;
BOS-HYM-N00636;Vespidae;Dolichovespula sylvestris;07/07/1976;Trubia;Oviedo;Asturias;España;Matorral;;;Hembra;P. Ciscar;P. Ciscar;L. F. Castillo (det. 2016);;1;3;;3.14;;;;Vespula silvestris;
BOS-HYM-N00637;Vespidae;Dolichovespula sylvestris;05/07/1976;Trubia;Oviedo;Asturias;España;Matorral;;;Hembra;P. Ciscar;P. Ciscar;L. F. Castillo (det. 2016);;1;3;;3.14;;;;Vespula silvestris;
BOS-HYM-N00638;Vespidae;Dolichovespula sylvestris;10/07/1992;Coviella;Cangas de Onís;Asturias;España;;;;Hembra;Luis Cabo;Luis Cabo;L. F. Castillo (det. 2016);;1;3;;3.14;;;;;
BOS-HYM-N00639;Vespidae;Dolichovespula sylvestris;16/07/1986;Cacabelos;Cacabelos;León;España;;;;Hembra;David Valdés;David Valdés;L. F. Castillo (det. 2016);;1;3;;3.14;;;;;
BOS-HYM-N00640;Vespidae;Dolichovespula sylvestris;24/05/1987;Alto del Infanzón;Gijón;Asturias;España;;;;Hembra;Fdo Álvarez Hernández;;L. F. Castillo (det. 2016);;1;3;;3.14;;;;;
BOS-HYM-N00641;Vespidae;Dolichovespula sylvestris;06/08/1990;"Valle ""El Peral"" (Pola de Lena)";Lena;Asturias;España;Sobre zarzas;;;Hembra;Susana L. Acevedo;Susana L. Acevedo;L. F. Castillo (det. 2016);;1;3;;3.14;;;;;
BOS-HYM-N00642;Vespidae;Dolichovespula sylvestris;16/05/1987;Trubia;Oviedo;Asturias;España;;;;Hembra;L. Palacios;L. Palacios;L. F. Castillo (det. 2016);;1;3;;3.14;;;;;
BOS-HYM-N00643;Vespidae;Dolichovespula sylvestris;27/05/1991;La Bolgachina;Oviedo;Asturias;España;;;;Hembra;Sandra Ortiz;Sandra Ortiz;L. F. Castillo (det. 2016);;1;3;;3.14;;;;V. sylvestris;
BOS-HYM-N00644;Vespidae;Dolichovespula sylvestris;16/05/1993;Moreda de Aller;Aller;Asturias;España;;;;Hembra;Manuel Glez Fdez;Mª Julia Glez;L. F. Castillo (det. 2016);;1;3;;3.14;;;;Vespula vulgaris;
BOS-HYM-N00645;Vespidae;Dolichovespula sylvestris;_/05/1986;Luanco;Gozón;Asturias;España;Campo;;;Hembra;Ana Mª González;Ana Mª González;L. F. Castillo (det. 2016);;1;3;;3.14;;;;Vespula;
BOS-HYM-N00646;Vespidae;Dolichovespula sylvestris;23/07/1986;Sobarriba E.;;León;España;;;;Hembra;L. Casado;;L. F. Castillo (det. 2016);;1;3;;3.14;;;;;
BOS-HYM-N00647;Vespidae;Dolichovespula sylvestris;22/07/1982;Sedano;Valle de Sedano;Burgos;España;;;;Hembra;M. I. Adrián;;L. F. Castillo (det. 2016);;1;3;;3.14;;;;;
BOS-HYM-N00648;Vespidae;Dolichovespula sylvestris;15/08/1988;Pedraza;Fuentelsaz de Soria;Soria;España;Huertos;;;Hembra;Juan Carlos Ruiz;Juan Carlos Ruiz;L. F. Castillo (det. 2016);;1;3;;3.14;;;;Vespula sylvestris;
BOS-HYM-N00649;Vespidae;Dolichovespula sylvestris;12/08/1986;San Salvador de Cantamuda;La Pernía;Palencia;España;;;;Hembra;José Llorente;;L. F. Castillo (det. 2016);;1;3;;3.14;;;;Vespula vulgaris;
BOS-HYM-N00650;Vespidae;Dolichovespula sylvestris;_/07/1982;Destriana;Destriana;León;España;;;;Hembra;Pilar Arca;;L. F. Castillo (det. 2016);;1;3;;3.14;;;;Vespula;
BOS-HYM-N00651;Vespidae;Dolichovespula sylvestris;07/07/1980;Sotrondio;San Martín del Rey Aurelio;Asturias;España;Orilla de río, sobre césped;;13:00 h;Hembra;Joaquín Ángel Vallina Gil;;L. F. Castillo (det. 2016);;1;3;;3.14;;;;;
BOS-HYM-N00652;Vespidae;Dolichovespula sylvestris;01/06/1980;Oviedo;Oviedo;Asturias;España;;;;Hembra;Abel J. Martín;Abel J. Martín;L. F. Castillo (det. 2016);;1;3;;3.14;;;;Vespula media;
BOS-HYM-N00653;Vespidae;Dolichovespula sylvestris;14/04/1979;Naranco (Oviedo);Oviedo;Asturias;España;Camino;;;Macho;;L. F. Castillo (det. 2016);;;7;5;C;BOS-LEP 7.5.C.5;;;Tiene moho;;
BOS-HYM-N00654;Vespidae;Dolichovespula sylvestris;Año 1979;Salas;Salas;Asturias;España;;;;Macho;Mª Antonia Díaz;L. F. Castillo (det. 2016);;;7;5;C;BOS-LEP 7.5.C.5;;;Tiene moho;;
BOS-HYM-N00655;Vespidae;Vespula vulgaris;27/10/1978;Trubia;Oviedo;Asturias;España;En pradera;54 m;13 h;;T. Martínez;T. Martínez;L. F. Castillo (det. 2016);;1;3;;3.15;;;;Vespa germanica;
BOS-HYM-N00656;Vespidae;Vespula vulgaris;24/07/1987;Viavélez;El Franco;Asturias;España;Sobre fruto higuera;;;Hembra;J. R. F. López;J. R. F. López;L. F. Castillo (det. 2016);;1;3;;3.15;;;;Vespa germanica;
BOS-HYM-N00657;Vespidae;Vespula vulgaris;17/08/1986;La Ñora;Villaviciosa;Asturias;España;;;;Hembra;R. M. García;R. M. García;L. F. Castillo (det. 2016);;1;3;;3.15;;;;;
BOS-HYM-N00658;Vespidae;Vespula vulgaris;23/07/1981;Trubia;Oviedo;Asturias;España;Prado con flores;;;Hembra;P. Ciscar;;L. F. Castillo (det. 2016);;7;5;C;BOS-LEP 7.5.C.5;;;Tiene moho;;
BOS-HYM-N00659;Vespidae;Vespula vulgaris;07/07/1994;El Cristo (Oviedo);Oviedo;Asturias;España;;;;Hembra;Mª J. Villanueva;Mª J. Villanueva;L. F. Castillo (det. 2016);;1;3;;3.15;;;;Vespula germanica;
BOS-HYM-N00660;Vespidae;Vespula vulgaris;07/08/1988;Donostia;San Sebastián;Guipúzcoa;España;Rubus sp.;;;Hembra;Aitor Mugialdai;Aitor Mugialdai;L. F. Castillo (det. 2016);;1;3;;3.15;;;;Vespula vulgaris (macho);
BOS-HYM-N00661;Vespidae;Vespula vulgaris;10/05/1992;Agones;Pravia;Asturias;España;Pradera (oquedad en un tronco);;;Hembra;Antero Mdez C. J.;Antero Mdez C. J.;L. F. Castillo (det. 2016);;1;3;;3.15;;;;;
BOS-HYM-N00662;Vespidae;Vespula vulgaris;05/08/1979;Vargas;Puente Viesgo;Cantabria;España;;;;Hembra;Orencio H. Palacios;Orencio H. Palacios;L. F. Castillo (det. 2016);;1;3;;3.15;;;;Vespula media;
BOS-HYM-N00663;Vespidae;Vespula vulgaris;_/07/1993;Pte San Miguel;Reocín;Cantabria;España;;;;Hembra;A. Gómez Espina;Ángeles Gómez;L. F. Castillo (det. 2016);;1;3;;3.15;;;;Vespula germanica;
BOS-HYM-N00664;Vespidae;Vespula vulgaris;_/05/1994;Barrio El Monte (Pervera);Carreño;Asturias;España;;;;Hembra;David Martínez;David Martínez;L. F. Castillo (det. 2016);;1;3;;3.15;;;;Vespula germanica;
BOS-HYM-N00665;Vespidae;Vespula vulgaris;03/10/1995;Soto de Llanera;Llanera;Asturias;España;;;;Hembra;Sergio Álvarez R.;Sergio Álvarez R.;L. F. Castillo (det. 2016);;1;3;;3.15;;;;;
BOS-HYM-N00666;Vespidae;Vespula vulgaris;02/11/1991;Cogeces del Monte;Valladolid;Valladolid;España;;;;Hembra;P. Velasco Vallejo;P. Velasco Vallejo;L. F. Castillo (det. 2016);;1;3;;3.15;;;;Vespa vulgaris;
BOS-HYM-N00667;Vespidae;Vespula vulgaris;10/09/1994;Puentevega;Pravia;Asturias;España;;;;Hembra;María J. Cabal;María J. Cabal;L. F. Castillo (det. 2016);;1;3;;3.15;;;;Vespula germanica;
BOS-HYM-N00668;Vespidae;Vespula vulgaris;15/10/1991;Granda;Gijón;Asturias;España;;;;Hembra;Belén Álvarez;Belén Álvarez;L. F. Castillo (det. 2016);;1;3;;3.15;;;;;
BOS-HYM-N00669;Vespidae;Vespula vulgaris;19/05/1991;Avilés;Avilés;Asturias;España;;;;Hembra;Román Martínez Rey;Román Martínez Rey;L. F. Castillo (det. 2016);;1;3;;3.15;;;;;
BOS-HYM-N00670;Vespidae;Vespula vulgaris;_/04/1983;San Claudio (Oviedo);Oviedo;Asturias;España;;;;Hembra;M. Rita Álvarez;;L. F. Castillo (det. 2016);;1;3;;3.15;;;;;
BOS-HYM-N00671;Vespidae;Vespula vulgaris;10/05/1992;Campos del Cristo;Oviedo;Asturias;España;;;;Hembra;Jesús Mª Burgués;Jesús Mª Burgués;L. F. Castillo (det. 2016);;1;3;;3.15;;;;;
BOS-HYM-N00672;Vespidae;Vespula vulgaris;02/02/1981;Facultad de Ciencias (Oviedo);Oviedo;Asturias;España;;;15:55 h;Hembra;J. A. Carbajal Alba;J. A. Carbajal Alba;L. F. Castillo (det. 2016);;1;3;;3.15;;;24,810,202;;
BOS-HYM-N00673;Vespidae;Vespula vulgaris;25/10/1989;Villar (Luarca);Valdés;Asturias;España;;;;Hembra;M. A. L.;;L. F. Castillo (det. 2016);;1;3;;3.15;;;;;
BOS-HYM-N00674;Vespidae;Vespula vulgaris;26/05/1987;C. M. U. S. Gregorio;Oviedo;Asturias;España;;;;Hembra;D. Zamanillo C.;;L. F. Castillo (det. 2016);;1;3;;3.15;;;;;
BOS-HYM-N00675;Vespidae;Vespula vulgaris;29/05/1983;Llorianes (Valdesoto);Siero;Asturias;España;;;;Hembra;M. Sierra;M. Sierra;L. F. Castillo (det. 2016);;1;3;;3.15;;;;;
BOS-HYM-N00676;Vespidae;Vespula vulgaris;15/09/1981;Ciudad Rodrigo;Ciudad Rodrigo;Salamanca;España;;;;Hembra;J. M. Hernández;;L. F. Castillo (det. 2016);;1;3;;3.15;;;;;
BOS-HYM-N00677;Vespidae;Vespula vulgaris;27/05/1987;Oviedo;Oviedo;Asturias;España;;;;Hembra;Fernando D. Ordax;Fernando D. Ordax;L. F. Castillo (det. 2016);;1;3;;3.15;;;;;
BOS-HYM-N00678;Vespidae;Vespula vulgaris;01/11/1990;Alto de Miranda;Santander;Cantabria;España;;;;Hembra;F. Javier Ansorena;F. Javier Ansorena;L. F. Castillo (det. 2016);;1;3;;3.15;;;;;
BOS-HYM-N00679;Vespidae;Vespula vulgaris;02/09/1988;Oviedo;Oviedo;Asturias;España;;;;Hembra;Eva Aguirre;Eva Aguirre;L. F. Castillo (det. 2016);;1;3;;3.15;;;;;
BOS-HYM-N00680;Vespidae;Vespula vulgaris;26/04/1987;Garandilla;Valdesamario;León;España;En matorrales;;;Hembra;M. J. Suárez Vallejo;M. J. Suárez Vallejo;L. F. Castillo (det. 2016);;1;3;;3.15;;;;;
BOS-HYM-N00681;Vespidae;Vespula vulgaris;02/11/1087;Oviedo;Oviedo;Asturias;España;;;;Hembra;A. M. Navarro Incio;A. M. Navarro Incio;L. F. Castillo (det. 2016);;1;3;;3.15;;;Reina;;
BOS-HYM-N00682;Vespidae;Vespula vulgaris;08/05/1982;Peñaullan;Pravia;Asturias;España;Prado;;;Hembra;Ana Suárez;;L. F. Castillo (det. 2016);;1;3;;3.15;;;;;
BOS-HYM-N00683;Vespidae;Vespula vulgaris;17/06/1987;Oviedo;Oviedo;Asturias;España;Ventana;;;Hembra;Jesús G. Durán;Jesús G. Durán;L. F. Castillo (det. 2016);;1;3;;3.15;;;;;
BOS-HYM-N00684;Vespidae;Vespula vulgaris;08/06/1983;Cabueñes;Gijón;Asturias;España;;;;Hembra;Elvira Bernardo Franco;Elvira Bernardo Franco;L. F. Castillo (det. 2016);;1;3;;3.15;;;;;
BOS-HYM-N00685;Vespidae;Vespula vulgaris;24/04/2010;Caravia;Caravia;Asturias;España;;;;Hembra;Claudia Roza;;L. F. Castillo (det. 2016);;1;3;;3.15;;;;;
BOS-HYM-N00686;Vespidae;Vespula vulgaris;12/08/2009;Gijón;Gijón;Asturias;España;Casa;;;Hembra;Daniel Sas;Daniel Sas;L. F. Castillo (det. 2016);;1;3;;3.15;;;;Vespula;
BOS-HYM-N00687;Vespidae;Vespula vulgaris;07/11/2009;Mieres;Mieres;Asturias;España;;;;Hembra;Sandra Pérez P.;;L. F. Castillo (det. 2016);;1;3;;3.15;;;;;
BOS-HYM-N00688;Vespidae;Vespula vulgaris;25/09/1986;Geras de Gordón;Pola de Gordón;León;España;;;;Hembra;G. Barroso;G. Barroso;L. F. Castillo (det. 2016);;1;3;;3.15;;;;;
BOS-HYM-N00689;Vespidae;Vespula vulgaris;30/10/1995;Luarca;Valdés;Asturias;España;;;;Hembra;Lucía García;L. García Vallina;L. F. Castillo (det. 2016);;1;3;;3.15;;;;Vespula germanica;
BOS-HYM-N00690;Vespidae;Vespula vulgaris;10/07/1992;Otur (Luarca);Valdés;Asturias;España;;;;Hembra;Ángeles Fdez I.;Ángeles Fdez I.;L. F. Castillo (det. 2016);;1;3;;3.15;;;;;
BOS-HYM-N00691;Vespidae;Vespula vulgaris;31/03/1996;Parque de Purificación Tomás;Oviedo;Asturias;España;Prado;;;Hembra;L. Frechilla;L. Frechilla;L. F. Castillo (det. 2016);;1;3;;3.15;;;;;
BOS-HYM-N00692;Vespidae;Vespula vulgaris;20/09/2010;Biedes;Las Regueras;Asturias;España;;;;Hembra;Javier Díaz;Javier Díaz;L. F. Castillo (det. 2016);;1;3;;3.15;;;;;
BOS-HYM-N00693;Vespidae;Vespula vulgaris;31/07/2004;Cazo;Ponga;Asturias;España;;;;Hembra;D. Outomuro;D. Outomuro;L. F. Castillo (det. 2016);;1;3;;3.15;;;;;
BOS-HYM-N00694;Vespidae;Vespula vulgaris;08/08/2007;Torla;Torla;Huesca;España;;;;Hembra;Pilar J. B.;Pilar J. B.;L. F. Castillo (det. 2016);;1;3;;3.15;;;;Vespula media;
BOS-HYM-N00695;Vespidae;Vespula vulgaris;18/09/2010;Castropol;Castropol;Asturias;España;Prado;;;Hembra;Margarita Lpz;Margarita Lpz;L. F. Castillo (det. 2016);;1;3;;3.15;;;;Pollistes gallicus;
BOS-HYM-N00696;Vespidae;Vespula vulgaris;14/04/1983;Oviedo;Oviedo;Asturias;España;En la ventana;;;Hembra;Ana R. Barros Alonso;Ana R. Barros Alonso;L. F. Castillo (det. 2016);;1;3;;3.15;;;;;
BOS-HYM-N00697;Vespidae;Vespula vulgaris;01/10/1981;Trubia;Oviedo;Asturias;España;Prado;;;Hembra;P. Ciscar;;L. F. Castillo (det. 2016);;1;3;;3.15;;;;;
BOS-HYM-N00698;Vespidae;Vespula vulgaris;07/06/1994;Talamanca del Jarama;Talamanca del Jarama;Madrid;España;;;;Hembra;Aurora Mortal;Aurora Ferreras;L. F. Castillo (det. 2016);;1;3;;3.15;;;;Vespula rufa;
BOS-HYM-N00699;Vespidae;Vespula vulgaris;08/03/1993;C/Uría (Oviedo);Oviedo;Asturias;España;;;;Hembra;M. Gatón;M. Gatón;L. F. Castillo (det. 2016);;1;3;;3.15;;;;;
BOS-HYM-N00700;Vespidae;Vespula vulgaris;20/10/1992;Santander;Santander;Cantabria;España;;;;;Ángela F. Roiz;Ángela F. Roiz;;;1;3;;3.15;;;;;
BOS-HYM-N00701;Vespidae;Vespula vulgaris;30/08/1993;Pola de Laviana;Laviana;Asturias;España;Casa;;;;Antonio Fernández;Antonio Fernández;;;1;3;;3.15;;;;;
BOS-HYM-N00702;Vespidae;Vespula vulgaris;23/10/1990;Luarca;Valdés;Asturias;España;;;;;Mª Isabel Sánchez;Mª Isabel Sánchez;;;1;3;;3.15;;;;;
BOS-HYM-N00703;Vespidae;Vespula vulgaris;22/07/1992;Otur (Luarca);Valdés;Asturias;España;;;;;Ángeles Fdez I.;;;;1;3;;3.15;;;;Vespula germanica;
BOS-HYM-N00704;Vespidae;Vespula vulgaris;13/08/1988;Pedraza;Fuentelsaz de Soria;Soria;España;Jardín;;;Hembra;Juan Carlos Ruiz;Juan Carlos Ruiz;;;1;3;;3.15;;;Obrera;;
BOS-HYM-N00705;Vespidae;Vespula vulgaris;13/02/1989;Oviedo;Oviedo;Asturias;España;;;;;Ana Abio;Ana Abio;;;1;3;;3.15;;;;;
BOS-HYM-N00706;Vespidae;Vespula vulgaris;_/08/1983;Rodiles;Villaviciosa;Asturias;España;;;;;María Silva;;;;1;3;;3.15;;;;;
BOS-HYM-N00707;Vespidae;Vespula vulgaris;01/11/1988;Oviedo;Oviedo;Asturias;España;;;;;Jorge González;Jorge González;;;1;3;;3.15;;;;;
BOS-HYM-N00708;Vespidae;Vespula vulgaris;_/08/1983;Rodiles;Villaviciosa;Asturias;España;;;;;Paloma Silva;;;;1;3;;3.15;;;;;
BOS-HYM-N00709;Vespidae;Vespula vulgaris;23/07/1981;Trubia;Oviedo;Asturias;España;Prado con flores;;;;P. Ciscar;;;;1;3;;3.15;;;;;
BOS-HYM-N00710;Vespidae;Vespula vulgaris;14/08/1981;Cabueñes;Gijón;Asturias;España;Jardín;;;;Sergio Solano;;;;1;3;;3.15;;;;;
BOS-HYM-N00711;Vespidae;Vespula vulgaris;27/03/1982;Lugones;Siero;Asturias;España;;;;;Rafael Sánchez M.;;;;1;3;;3.15;;;;;
BOS-HYM-N00712;Vespidae;Vespula vulgaris;06/11/1989;Parque San Francisco (Oviedo);Oviedo;Asturias;España;Parque;;;Hembra;Fernando Cadesin;Fernando Cadesin;;;1;3;;3.15;;;;;
BOS-HYM-N00713;Vespidae;Vespula vulgaris;15/07/1983;Santander;Santander;Cantabria;España;;;;;Luis Juli;Luis Juli;;;1;3;;3.15;;;;Vespula germanica;
BOS-HYM-N00714;Vespidae;;23/07/1981;Trubia;Oviedo;Asturias;España;Prado con flores;;;;P. Ciscar;;;;1;3;;3.15;;;;;
BOS-HYM-N00715;Vespidae;;23/07/1981;Trubia;Oviedo;Asturias;España;Prado con flores;;;;P. Ciscar;;;;1;3;;3.15;;;;;
BOS-HYM-N00716;Vespidae;Vespula norvegica;13/08/1982;La Alberca;La Alberca;Salamanca;España;Sobre flores;;;;H. Caballero;H. Caballero;;;1;3;;3.15;;;;;
BOS-HYM-N00717;Vespidae;Vespula vulgaris;09/10/2009;Degaña;Degaña;Asturias;España;Camino;;;Macho;José Mª Chacón;José Mª Chacón;L. F. Castillo (det. 2016);;1;3;;3.15;;;;;
BOS-HYM-N00718;Vespidae;Vespula vulgaris;03/03/1979;Escamplero;Oviedo;Asturias;España;Matorral;;;Macho;Raquel P. G.;L. F. Castillo (det. 2016);;;1;3;;3.15;;;;;
BOS-HYM-N00719;Vespidae;Vespula vulgaris;04/06/1978;Zuazo de Cuartango;Cuartango;Álava;España;;;;Hembra;F. J. Ocharan;M. A. Aranda;;;1;3;;3.15;;;;;
BOS-HYM-N00720;Vespidae;Vespula vulgaris;22/07/1978;Fuso de la Reina;;Asturias;España;;;;Hembra;M. A. Aranda;M. A. Aranda;Lucía F. Castillo;;1;3;;3.15;;;;;
BOS-HYM-N00721;Vespidae;Vespula vulgaris;25/05/1993;Riaño;Langreo;Asturias;España;;;;Hembra;Mar Varela;Mar Varela;L. F. Castillo (det. 2016);;7;5;C;BOS-LEP 7.5.C.5;;;Tiene moho;;
BOS-HYM-N00722;Vespidae;Vespula vulgaris;14/08/1990;Germonde;Valdés;Asturias;España;;;;Hembra;J. Ramón Glez Glez;J. Ramón Glez Glez;L. F. Castillo (det. 2016);;7;5;C;BOS-LEP 7.5.C.5;;;Tiene moho;;
BOS-HYM-N00723;Vespidae;;03/06/1983;Oviedo;Oviedo;Asturias;España;;;;;D. Blanco;D. Blanco;;;7;5;C;BOS-LEP 7.5.C.5;;;Tiene moho;;
BOS-HYM-N00724;Vespidae;Vespula vulgaris;_/08/1986;Navia;Navia;Asturias;España;;;;Hembra;Fidela Pérez;Fidela Pérez;L. F. Castillo (det. 2016);;7;5;C;BOS-LEP 7.5.C.5;;;Tiene moho;;
BOS-HYM-N00725;Vespidae;Vespula vulgaris;26/07/1991;Cudillero;Cudillero;Asturias;España;;;;Hembra;J. A. Gutiérrez Morán;J. A. Gutiérrez Morán;L. F. Castillo (det. 2016);;7;5;C;BOS-LEP 7.5.C.5;;;Tiene moho;;
BOS-HYM-N00726;Vespidae;Vespula vulgaris;01/08/1992;Bueu;Bueu;Pontevedra;España;;;;Hembra;Laura Rguez Glez;Laura Rguez Glez;L. F. Castillo (det. 2016);;7;5;C;BOS-LEP 7.5.C.5;;;Tiene moho;;
BOS-HYM-N00727;Vespidae;;23/08/1981;Beleño;Ponga;Asturias;España;Jardín casa;;;;Lydia Muñiz;;;;7;5;C;BOS-LEP 7.5.C.5;;;Tiene moho;;
BOS-HYM-N00728;Vespidae;Vespula rufa;15/01/2005;Soto de Llanera;Llanera;Asturias;España;;;;Hembra;A. Velasco;A. Velasco;L. F. Castillo (det. 2016);;1;3;;3.15;;;;Dolichovespula adulterina;
BOS-HYM-N00729;Vespidae;Vespula rufa;Año 1991;La Robla;La Robla;León;España;;;;Hembra;Elena Benito;E. B. G.;L. F. Castillo (det. 2016);;1;3;;3.15;;;;;
BOS-HYM-N00730;Vespidae;Vespula rufa;26/10/1997;Cenera;Mieres;Asturias;España;Prado;;;Hembra;B. Viguera;B. Viguera;L. F. Castillo (det. 2016);;1;3;;3.15;;;Al vuelo;;
BOS-HYM-N00731;Vespidae;Vespula rufa;15/05/1992;Granda;Gijón;Asturias;España;;;;Hembra;Belén Álvarez;Belén Álvarez;L. F. Castillo (det. 2016);;1;3;;3.15;;;;Vespula austriaca;
BOS-HYM-N00732;Vespidae;Vespula rufa;_/06/1983;Turón;Mieres;Asturias;España;;;;Hembra;Ángeles Garda Cosío;Ángeles Garda Cosío;L. F. Castillo (det. 2016);;1;3;;3.15;;;;Vespula vulgaris;
BOS-HYM-N00733;Vespidae;Vespula rufa;_/06/1982;Mieres;Mieres;Asturias;España;Matorral;;;Hembra;Jose Fdez;Jose Fdez;L. F. Castillo (det. 2016);;1;3;;3.15;;;;Vespula austriaca;
BOS-HYM-N00734;Vespidae;Polistes dominula;13/08/1978;Simancas;Simancas;Valladolid;España;;;;Hembra;M. A. Aranda;M. A. Aranda;L. F. Castillo (det. 2016);;1;3;;3.16;;;;Polistes gallicus;
BOS-HYM-N00735;Vespidae;Polistes dominula;13/08/1978;Simancas;Simancas;Valladolid;España;;;;Hembra;M. A. Aranda;M. A. Aranda;L. F. Castillo (det. 2016);;1;3;;3.16;;;;Polistes gallicus;
BOS-HYM-N00736;Vespidae;Polistes dominula;13/08/1978;Simancas;Simancas;Valladolid;España;;;;Hembra;M. A. Aranda;M. A. Aranda;L. F. Castillo (det. 2016);;1;3;;3.16;;;;Polistes gallicus;
BOS-HYM-N00737;Vespidae;Polistes dominula;13/08/1978;Simancas;Simancas;Valladolid;España;;;;Hembra;M. A. Aranda;M. A. Aranda;L. F. Castillo (det. 2016);;1;3;;3.16;;;;Polistes gallicus;
BOS-HYM-N00738;Vespidae;Polistes dominula;13/08/1978;Simancas;Simancas;Valladolid;España;;;;Hembra;M. A. Aranda;M. A. Aranda;L. F. Castillo (det. 2016);;1;3;;3.16;;;;Polistes gallicus;
BOS-HYM-N00739;Vespidae;Polistes dominula;13/08/1978;Simancas;Simancas;Valladolid;España;;;;Hembra;M. A. Aranda;M. A. Aranda;L. F. Castillo (det. 2016);;1;3;;3.16;;;;Polistes gallicus;
BOS-HYM-N00740;Vespidae;Polistes dominula;14/08/1978;Simancas;Simancas;Valladolid;España;;;;Hembra;M. A. Aranda;M. A. Aranda;L. F. Castillo (det. 2016);;1;3;;3.16;;;;Polistes gallicus;
BOS-HYM-N00741;Vespidae;Polistes dominula;_/10/2008;Cenera;Mieres;Asturias;España;;;;Hembra;Adrián Areces;L. F. Castillo (det. 2016);;;1;3;;3.16;;;;;
BOS-HYM-N00742;Vespidae;Polistes dominula;14/06/2010;Santa Eugenia;Villaviciosa;Asturias;España;Prado sobre flor;;;Hembra;Omar Cots;Omar Cots;L. F. Castillo (det. 2016);;1;3;;3.16;;;;Vespula vulgaris;
BOS-HYM-N00743;Vespidae;Polistes dominula;22/07/2009;Manzaneda de Torío;Garrafe de Torío;León;España;;;;Hembra;Lidia R. D.;L. F. Castillo (det. 2016);;;1;3;;3.16;;;;;
BOS-HYM-N00744;Vespidae;Polistes dominula;17/08/2009;Jaca;Jaca;Huesca;España;;;;Hembra;Daniel Godé;L. F. Castillo (det. 2016);;;1;3;;3.16;;;;;
BOS-HYM-N00745;Vespidae;Polistes dominula;01/06/2008;Curueño;;León;España;Jardín;;;Hembra;J. J. Cadenas;L. F. Castillo (det. 2016);;;1;3;;3.16;;;;;
BOS-HYM-N00746;Vespidae;Polistes dominula;23/10/1991;Avín;Benia de Onís;Asturias;España;;;;Hembra;María Herrero Sevilla;María Herrero Sevilla;;;1;3;;3.16;;;;Polistes gallicus;
BOS-HYM-N00747;Vespidae;Polistes dominula;20/05/2010;La Juncas (Acosa);;;;;;;Hembra;Arcadio Martínez;L. F. Castillo (det. 2016);;;1;3;;3.16;;;;;
BOS-HYM-N00748;Vespidae;Polistes dominula;06/08/2009;Cangas del Narcea;Cangas del Narcea;Asturias;España;;;;Hembra;I. Rguez Añas;I. Rguez Añas;L. F. Castillo (det. 2016);;1;3;;3.16;;;;Vespula;
BOS-HYM-N00749;Vespidae;Polistes dominula;22/06/2008;Avín;Benia de Onís;Asturias;España;;;;Hembra;R. Glez Gil;R. Glez Gil;L. F. Castillo (det. 2016);;1;3;;3.16;;;;Polistes gallicus;
BOS-HYM-N00750;Vespidae;Polistes dominula;11/10/2009;Luanco;Gozón;Asturias;España;Prado;;;Hembra;A. García;A. García;L. F. Castillo (det. 2016);;1;3;;3.16;;;;Vespula sp.;
BOS-HYM-N00751;Vespidae;Polistes dominula;15/09/1991;Blimea;San Martín del Rey Aurelio;Asturias;España;;;;Hembra;L. M. Alonso Cuetos;L. M. Alonso Cuetos;L. F. Castillo (det. 2016);;1;3;;3.16;;;;Polistes gallicus;
BOS-HYM-N00752;Vespidae;Polistes dominula;25/10/1991;Avín;Benia de Onís;Asturias;España;;;;Hembra;Julia Rguez;Julia Rguez;L. F. Castillo (det. 2016);;1;3;;3.16;;;;Polistes gallicus;
BOS-HYM-N00753;Vespidae;Polistes dominula;15/08/1991;Lieres;Siero;Asturias;España;;;;Hembra;J. A. Gutiérrez Morán;J. A. Gutiérrez Morán;L. F. Castillo (det. 2016);;1;3;;3.16;;;;;
BOS-HYM-N00754;Vespidae;Polistes dominula;_/08/1987;Cercanías de León;;León;España;;;;Hembra;J. E. Glez Glez;L. F. Castillo (det. 2016);;;1;3;;3.16;;;;;
BOS-HYM-N00755;Vespidae;Polistes dominula;25/08/1994;El Villar de Arnedo;El Villar de Arnedo;La Rioja;España;;;;Hembra;Mª José Bañuelos;Mª José Bañuelos;L. F. Castillo (det. 2016);;1;3;;3.16;;;;Polistes gallicus;
BOS-HYM-N00756;Vespidae;Polistes dominula;16/08/1988;Meaño;Meaño;Pontevedra;España;Sobre uniges;;;Hembra;R. Trabazo;R. Trabazo;L. F. Castillo (det. 2016);;1;3;;3.16;;;;Polistes gallicus;
BOS-HYM-N00757;Vespidae;Polistes dominula;01/09/1990;Oviedo;Oviedo;Asturias;España;;;;Hembra;A. Otegui;A. Otegui;L. F. Castillo (det. 2016);;1;3;;3.16;;;;Polistes gallicus;
BOS-HYM-N00758;Vespidae;Polistes dominula;12/10/1992;La Campa (La Felguera);Langreo;Asturias;España;;;;Hembra;Pilar Iglesias;Pilar Iglesias;L. F. Castillo (det. 2016);;1;3;;3.16;;;;Polistes gallicus;
BOS-HYM-N00759;Vespidae;Polistes dominula;02/11/1995;Luarca;Valdés;Asturias;España;;;;Hembra;Alejandro Varas;Alejandro Varas;L. F. Castillo (det. 2016);;1;3;;3.16;;;;Polistes gallicus;
BOS-HYM-N00760;Vespidae;Polistes dominula;04/08/1993;Corvera de Torazno;Corvera de Torazno;Cantabria;España;;;;Hembra;Blanca González;Blanca González;L. F. Castillo (det. 2016);;1;3;;3.16;;;;Polistes gallicus;
BOS-HYM-N00761;Vespidae;Polistes dominula;22/05/1994;Zurita;Piélagos;Cantabria;España;;;;Hembra;Gloria Fdez;Patricia Alonso;L. F. Castillo (det. 2016);;1;3;;3.16;;;;Polistes gallicus;
BOS-HYM-N00762;Vespidae;Polistes dominula;20/07/1988;Obelles;;Navarra;España;;;;Hembra;Mª José Ruiz de Arechau;Mª José Ruiz de Arechau;L. F. Castillo (det. 2016);;1;3;;3.16;;;;Polistes gallicus;
BOS-HYM-N00763;Vespidae;Polistes dominula;04/06/1994;Pravia;Pravia;Asturias;España;;;;Hembra;Argiloa Ceberio;Argiloa Ceberio;L. F. Castillo (det. 2016);;1;3;;3.16;;;;Polistes gallicus;
BOS-HYM-N00764;Vespidae;Polistes dominula;15/05/1990;El Naranco;Oviedo;Asturias;España;;;;Hembra;Laura Olaizola;Laura Olaizola;L. F. Castillo (det. 2016);;1;3;;3.16;;;;Polistes gallicus;
BOS-HYM-N00765;Vespidae;Polistes dominula;17/08/1993;Valencia de Don Juan;Valencia de Don Juan;León;España;;;;Hembra;Pablo Prado Aller;Pablo Prado Aller;L. F. Castillo (det. 2016);;1;3;;3.16;;;;Polistes gallicus;
BOS-HYM-N00766;Vespidae;Polistes dominula;23/10/1991;Avín;Onís;Asturias;España;;;;Hembra;David Álvarez Fdez;David Álvarez;L. F. Castillo (det. 2016);;1;3;;3.16;;;;Polistes gallicus;
BOS-HYM-N00767;Vespidae;Polistes dominula;_/07/1994;Velez;Velez;Málaga;España;;;;Hembra;Fernando Muñagorri;Mª Jesús Meiza;L. F. Castillo (det. 2016);;1;3;;3.16;;;;Polistes gallicus;
BOS-HYM-N00768;Vespidae;Polistes dominula;30/11/1993;Riego de la Vega;Riego de la Vega;León;España;;;;Hembra;María Miguélez;Begoña Galán;L. F. Castillo (det. 2016);;1;3;;3.16;;;;Polistes gallicus;
BOS-HYM-N00769;Vespidae;Polistes dominula;25/09/2010;Aleas;Cogolludo;Guadalajara;España;Campo;;;Hembra;Helena Glez;Helena Glez;L. F. Castillo (det. 2016);;1;3;;3.16;;;;Polistes gallicus;
BOS-HYM-N00770;Vespidae;Polistes dominula;01/11/1995;Villar (Luarca);Valdés;Asturias;España;;;;Hembra;J. L. Glez Vecino;J. L. Glez Vecino;L. F. Castillo (det. 2016);;1;3;;3.16;;;;Polistes gallicus;
BOS-HYM-N00771;Vespidae;Polistes dominula;15/11/1995;Oviedo;Oviedo;Asturias;España;;;;Hembra;F. Acevedo;Belén Sáinz S.;L. F. Castillo (det. 2016);;1;3;;3.16;;;100-1º;Polistes gallicus;
BOS-HYM-N00772;Vespidae;Polistes dominula;22/10/2010;San Emiliano;San Emiliano;León;España;Cafetería;;;Hembra;Rocío García Martínez;Rocío García;L. F. Castillo (det. 2016);;1;3;;3.16;;;;Nomada fulvicornir;
BOS-HYM-N00773;Vespidae;Polistes dominula;03/07/1998;La Foz;Morcín;Asturias;España;;;;Hembra;Nuria Glez Fdez;Nuria Glez Fdez;L. F. Castillo (det. 2016);;1;3;;3.16;;;;Polistes gallicus;
BOS-HYM-N00774;Vespidae;Polistes dominula;01/05/1988;Oviedo;Oviedo;Asturias;España;;;;Hembra;A. Ugalde;A. Ugalde;L. F. Castillo (det. 2016);;1;3;;3.16;;;;Polistes gallicus;
BOS-HYM-N00775;Vespidae;Polistes dominula;19/08/1994;El Cuesto;Oviedo;Asturias;España;Matorral;320 msnm;;Hembra;Félix González;Félix González;L. F. Castillo (det. 2016);;1;3;;3.16;;;;Polistes gallicus;
BOS-HYM-N00776;Vespidae;Polistes dominula;15/05/2009;El Entrego;San Martín del Rey Aurelio;Asturias;España;;;;Hembra;Francisco Cano Roces;Francisco Cano Roces;L. F. Castillo (det. 2016);;1;3;;3.16;;;;Vespula sp.;
BOS-HYM-N00777;Vespidae;Polistes dominula;_/06/2007;Parque Isabel (Gijón);Gijón;Asturias;España;;;;Hembra;Laure Álvarez;Laure Álvarez;L. F. Castillo (det. 2016);;1;3;;3.16;;;;Vespula sp.;
BOS-HYM-N00778;Vespidae;Polistes dominula;01/11/1995;Villar (Luarca);Valdés;Asturias;España;;;;Hembra;Belén Sáinz S.;Belén Sáinz S.;L. F. Castillo (det. 2016);;1;3;;3.16;;;;Polistes gallicus;
BOS-HYM-N00779;Vespidae;Polistes dominula;26/10/1994;Villar (Luarca);Valdés;Asturias;España;El flor de hiedra;;;Hembra;Pablo Valdés García;Pablo Valdés García;L. F. Castillo (det. 2016);;1;3;;3.16;;;;Polistes gallicus;
BOS-HYM-N00780;Vespidae;Polistes dominula;21/12/1989;Grado;Grado;Asturias;España;;;;Hembra;Clemen. Prozamen;Clemen. Prozamen;L. F. Castillo (det. 2016);;1;3;;3.16;;;;Dolichovespula sylvestris;
BOS-HYM-N00781;Vespidae;Polistes dominula;_/07/1995;Fuentesanta;Nava;Asturias;España;;;;Hembra;Fco Carlón;Fco Carlón;L. F. Castillo (det. 2016);;1;3;;3.16;;;;Polistes gallicus;
BOS-HYM-N00782;Vespidae;Polistes dominula;Primavera 1993;La Felguera;Langreo;Asturias;España;;;;Hembra;Antonio Fernández;Antonio Fernández;L. F. Castillo (det. 2016);;1;3;;3.16;;;;Polistes gallicus;
BOS-HYM-N00783;Vespidae;Polistes dominula;02/04/1994;Monforte de Lemos;Monforte de Lemos;Lugo;España;;;;Hembra;Maceda Sélymes;Maceda Sélymes;L. F. Castillo (det. 2016);;1;3;;3.16;;;;Polistes gallicus;
BOS-HYM-N00784;Vespidae;Polistes dominula;25/08/1992;Aguillo;Condado de Treviño;Burgos;España;;;;Hembra;Virg. Zaldibar;Virg. Zaldibar;L. F. Castillo (det. 2016);;1;3;;3.16;;;;Polistes gallicus;
BOS-HYM-N00785;Vespidae;Polistes dominula;24/10/1989;Villar (Luarca);Valdés;Asturias;España;;;;Hembra;Clara Fdez Ochoa;L. F. Castillo (det. 2016);;;1;3;;3.16;;;;;
BOS-HYM-N00786;Vespidae;Polistes dominula;10/11/1992;Oviedo;Oviedo;Asturias;España;;;;Hembra;Magdalena Sanz;Magdalena Sanz;L. F. Castillo (det. 2016);;1;3;;3.16;;;;Polistes gallicus;
BOS-HYM-N00787;Vespidae;Polistes dominula;25/05/1991;La Bolgachina;Oviedo;Asturias;España;;;;Hembra;Amaia Irizar;Isabel Sánchez;L. F. Castillo (det. 2016);;1;3;;3.16;;;;Polistes gallicus;
BOS-HYM-N00788;Vespidae;Polistes dominula;26/05/1991;Peñacorada;Cistierna;León;España;;;;Hembra;P. Velasco Vallejo;P. Velasco Vallejo;L. F. Castillo (det. 2016);;1;3;;3.16;;;;Polistes gallicus;
BOS-HYM-N00789;Vespidae;Polistes dominula;11/05/1991;Piedrasblancas;Castrillón;Asturias;España;;;;Hembra;E. García;E. García;L. F. Castillo (det. 2016);;1;3;;3.16;;;;Polistes gallicus;
BOS-HYM-N00790;Vespidae;Polistes dominula;06/07/1991;Oviedo;Oviedo;Asturias;España;;;;Hembra;J. Larumbe;J. Larumbe;L. F. Castillo (det. 2016);;1;3;;3.16;;;;Polistes gallicus;
BOS-HYM-N00791;Vespidae;Polistes dominula;28/06/1991;Benavente;Benavente;Zamora;España;;;;Hembra;Jesús Glez;Mª Jesús Glez;L. F. Castillo (det. 2016);;1;3;;3.16;;;;Polistes gallicus;
BOS-HYM-N00792;Vespidae;Polistes dominula;17/04/1981;Colinas;;Sevilla;España;;;;Hembra;A. Rivero;L. F. Castillo (det. 2016);;;1;3;;3.16;;;;;
BOS-HYM-N00793;Vespidae;Polistes dominula;09/09/1990;Mieres;Mieres;Asturias;España;;;;Hembra;Celestino Glez;Celestino Glez;L. F. Castillo (det. 2016);;1;3;;3.16;;;;Polistes gallicus;
BOS-HYM-N00794;Vespidae;Polistes dominula;Año 1991;La Robla;La Robla;León;España;;;;Hembra;Pablo A. A.;E. B. G.;L. F. Castillo (det. 2016);;1;3;;3.16;;;;Polistes gallicus;
BOS-HYM-N00795;Vespidae;Polistes dominula;05/05/1991;Oviedo;Oviedo;Asturias;España;Jardín;;;Hembra;Mª Rosario Ruiz;Mª Rosario Ruiz;L. F. Castillo (det. 2016);;1;3;;3.16;;;;Polistes gallicus;
BOS-HYM-N00796;Vespidae;Polistes dominula;22/10/1990;Bosque de Villar (Luarca);Valdés;Asturias;España;;;;Hembra;J. Urbaneta Blanco;J. Urbaneta Blanco;L. F. Castillo (det. 2016);;1;3;;3.16;;;;Polistes gallicus;
BOS-HYM-N00797;Vespidae;Polistes dominula;Año 1990;Costa Verde;;Asturias;España;;;;Hembra;E. B. G.;E. B. G.;L. F. Castillo (det. 2016);;1;3;;3.16;;;;Polistes gallicus;
BOS-HYM-N00798;Vespidae;Polistes dominula;19/03/1991;Pico Seana;Mieres;Asturias;España;;;;Hembra;M. Pelaez Cruz;M. Pelaez Cruz;L. F. Castillo (det. 2016);;1;3;;3.16;;;;Polistes gallicus;
BOS-HYM-N00799;Vespidae;Polistes dominula;;Panjón;Nigrán;Pontevedra;España;;;;Hembra;J. I. Noriega;M. A. Aranda;L. F. Castillo (det. 2016);;1;3;;3.16;;;;Polistes gallicus;
BOS-HYM-N00800;Vespidae;Polistes dominula;15/06/1988;Trobajo;;León;España;;;;Hembra;Quintana;Quintana;L. F. Castillo (det. 2016);;1;3;;3.16;;;;Polistes gallicus;
BOS-HYM-N00801;Vespidae;Polistes dominula;29/04/1988;León;León;León;España;;;;Hembra;Pellitero;Pellitero;L. F. Castillo (det. 2016);;1;3;;3.16;;;;Polistes gallicus;
BOS-HYM-N00802;Vespidae;Polistes dominula;20/07/1990;Irún;Irún;Guipúzcoa;España;Casa;;;Hembra;M. Teresa Bravo;M. Teresa Bravo;L. F. Castillo (det. 2016);;1;3;;3.16;;;;Polistes gallicus;
BOS-HYM-N00803;Vespidae;Polistes dominula;13/04/1990;Villamanín;Villamanín;León;España;;;;Hembra;J. M. Cigarría;J. Cigarría;L. F. Castillo (det. 2016);;1;3;;3.16;;;;;
BOS-HYM-N00804;Vespidae;Polistes dominula;06/08/1989;San Sebastián;San Sebastián;Guipúzcoa;España;;;;Hembra;Jone Garai;Jone Garai;L. F. Castillo (det. 2016);;1;3;;3.16;;;;;
BOS-HYM-N00805;Vespidae;Polistes dominula;24/10/1989;Villar (Luarca);Valdés;Asturias;España;;;;Hembra;Clara Fdez Ochoa;Clara Fdez Ochoa;L. F. Castillo (det. 2016);;1;3;;3.16;;;;Polistes gallicus;
BOS-HYM-N00806;Vespidae;Polistes dominula;12/07/1980;Pola de Gordón;Pola de Gordón;León;España;;;;Hembra;Inés Lombas;L. F. Castillo (det. 2016);;;1;3;;3.16;;;;;
BOS-HYM-N00807;Vespidae;Polistes dominula;_/07/1982;Serantes;Tapia;Asturias;España;;;;Hembra;Rita Fdez;Rita Fdez;L. F. Castillo (det. 2016);;1;3;;3.16;;;;Polistes;
BOS-HYM-N00808;Vespidae;Polistes dominula;04/08/1982;Sucina;Murcia;Murcia;España;;;;Hembra;J. R. García;J. R. García;L. F. Castillo (det. 2016);;1;3;;3.16;;;;Polistes gallicus;
BOS-HYM-N00809;Vespidae;Polistes dominula;31/05/1986;Fitoria;Oviedo;Asturias;España;;;;Hembra;Buenaventura Fdez F.;Buenaventura Fdez F.;L. F. Castillo (det. 2016);;1;3;;3.16;;;;Polistes gallicus;
BOS-HYM-N00810;Vespidae;Polistes dominula;05/08/1979;Vargas;Puente Viesgo;Cantabria;España;;;;Hembra;M. J. Gañán;M. J. Gañán;L. F. Castillo (det. 2016);;1;3;;3.16;;;;Vespula media;
BOS-HYM-N00811;Vespidae;Polistes dominula;26/07/1981;Laukariz;Munguia;Vizcaya;España;Jardín casa;;16 h;Hembra;M. I. Saloña;M. I. Saloña;L. F. Castillo (det. 2016);;1;3;;3.16;;;;Polistes gallicus;
BOS-HYM-N00812;Vespidae;Polistes dominula;08/08/1987;Quintana;Quintana;Badajoz;España;;;;Hembra;S. Moto;F. Ballesteros B.;L. F. Castillo (det. 2016);;1;3;;3.16;;;;Vespula germanica;
BOS-HYM-N00813;Vespidae;Polistes dominula;03/05/1982;Fresno de Sayago;Fresno de Sayago;Zamora;España;;;;Hembra;Miguel Mecías;L. F. Castillo (det. 2016);;;1;3;;3.16;;;;;
BOS-HYM-N00814;Vespidae;Polistes dominula;Año 1986;Jardín de Gijón;Gijón;Asturias;España;Jardín de Gijón;;;Hembra;Ana I. Izquierdo;Ana I. Izquierdo;L. F. Castillo (det. 2016);;1;3;;3.16;;;;Polistes gallicus;
BOS-HYM-N00815;Vespidae;Polistes dominula;15/08/1980;Panjón;Nigrán;Pontevedra;España;;;;Hembra;A. Anadón;L. F. Castillo (det. 2016);;;1;3;;3.16;;;;;
BOS-HYM-N00816;Vespidae;Polistes dominula;23/05/1982;Vallina;Mieres;Asturias;España;;;;Hembra;E. Sierra;E. Sierra;L. F. Castillo (det. 2016);;1;3;;3.16;;;;Polistes gallicus;
BOS-HYM-N00817;Vespidae;Polistes dominula;12/05/1983;Cabañaquinta;Aller;Asturias;España;;;;Hembra;Piedad García;A. Quero y Ch. Farpon;L. F. Castillo (det. 2016);;1;3;;3.16;;;;Polistes gallicus;
BOS-HYM-N00818;Vespidae;Polistes dominula;19/04/1987;Salamanca;Salamanca;Salamanca;España;;;;Hembra;T. Sanz Pérez;L. F. Castillo (det. 2016);;;1;3;;3.16;;;;;
BOS-HYM-N00819;Vespidae;Polistes dominula;07/06/1986;Sotrondio;San Martín del Rey Aurelio;Asturias;España;;;;Hembra;Severino González Roces;L. F. Castillo (det. 2016);;;1;3;;3.16;;;;;
BOS-HYM-N00820;Vespidae;Polistes dominula;01/07/1979;Salinas;Castrillón;Asturias;España;;;;;M. J. Vallhonrat;;;;1;3;;3.16;;;;Polistes gallicus;
BOS-HYM-N00821;Vespidae;Polistes dominula;10/04/1976;Medina del Campo;Medina del Campo;Valladolid;España;;;;;Adela Sánchez;M. A. Aranda;;;7;5;C;BOS-LEP 7.5.C.5;;;Tiene moho;Polistes gallicus;
BOS-HYM-N00822;Vespidae;Polistes dominula;15/07/1978;Mazagón;Moguer y Palos de la Frontera;Huelva;España;;;;Hembra;F. J. Ocharan;M. A. Aranda;;;1;3;;3.16;;;;Polistes gallicus;
BOS-HYM-N00823;Vespidae;Polistes dominula;_/04/1976;Ponceyo;Gijón;Asturias;España;;;;Hembra;B. Cudeiro;M. A. Aranda;;;1;3;;3.16;;;;Polistes gallicus;
BOS-HYM-N00824;Vespidae;Polistes dominula;13/05/1978;Mieres;Mieres;Asturias;España;;;;Hembra;Marta E. Fdez;M. A. Aranda;;;1;3;;3.16;;;;Polistes gallicus;
BOS-HYM-N00825;Vespidae;Polistes dominula;15/10/1978;Villarejo;Mieres;Asturias;España;;;18 h;Macho;Ana Martínez Barrero;M. A. Aranda;;;1;3;;3.16;;;;Polistes gallicus;
BOS-HYM-N00826;Vespidae;Polistes dominula;07/05/1980;Trubia;Oviedo;Asturias;España;Prado con frutales;;;Macho;P. Ciscar;M. A. Aranda;;;1;3;;3.16;;;;Polistes gallicus;
BOS-HYM-N00827;Vespidae;Polistes dominula;06/05/1975;Villarejo;Mieres;Asturias;España;;;;Hembra;Ana Martínez Barrero;M. A. Aranda;;;1;3;;3.16;;;;Polistes gallicus;
BOS-HYM-N00828;Vespidae;Polistes dominula;_/11/1974;Chantada;Chantada;Lugo;España;;;;Hembra;P. García G.;M. A. Aranda;;;1;3;;3.16;;;;Polistes gallicus;
BOS-HYM-N00829;Vespidae;Polistes dominula;10/03/1975;Alesauco;Alesauco;La Rioja;España;;;;;M. L. Marín;;;;1;3;;3.16;;;;;
BOS-HYM-N00830;Vespidae;Polistes dominula;13/08/1978;Simancas;Simancas;Valladolid;España;;;;Hembra;M. A. Aranda;M. A. Aranda;;;1;3;;3.16;;;;Polistes gallicus;
BOS-HYM-N00831;Vespidae;Polistes dominula;15/04/1976;Godán ;Salas;Asturias;España;;;;;Mª Dolores Miranda;M. A. Aranda;;;1;3;;3.16;;;;Polistes gallicus;
BOS-HYM-N00832;Vespidae;Polistes dominula;;Noreña;Noreña;Asturias;España;Huertos;;;;J. Lázaro;;;;1;3;;3.16;;;;Polistes gallicus;
BOS-HYM-N00833;Vespidae;Polistes dominula;26/04/1976;León;León;León;España;;;;;M. A. Aranda;M. A. Aranda;;;1;3;;3.16;;;;Polistes gallicus;
BOS-HYM-N00834;Vespidae;Polistes dominula;13/06/1978;Salamanca;Salamanca;Salamanca;España;;;;;C. Blanco;C. Blanco;;;1;3;;3.16;;;;Polistes gallicus;
BOS-HYM-N00835;Vespidae;Polistes dominula;;Panjón;Nigrán;Pontevedra;España;;;;Hembra;R. Anadón;M. A. Aranda;;;1;3;;3.16;;;;Polistes gallicus;
BOS-HYM-N00836;Vespidae;Polistes dominula;13/08/1978;Simancas;Simancas;Valladolid;España;;;;Hembra-1;M. A. Aranda;M. A. Aranda;;;1;3;;3.16;;;;Polistes gallicus;
BOS-HYM-N00837;Vespidae;Polistes dominula;13/08/1978;Simancas;Simancas;Valladolid;España;;;;Hembra;M. A. Aranda;M. A. Aranda;;;1;3;;3.16;;;;Polistes gallicus;
BOS-HYM-N00838;Vespidae;Polistes dominula;13/08/1978;Simancas;Simancas;Valladolid;España;;;;Hembra;M. A. Aranda;M. A. Aranda;;;1;3;;3.16;;;;Polistes gallicus;
BOS-HYM-N00839;Vespidae;Polistes dominula;15/08/1978;Simancas;Simancas;Valladolid;España;;;;Hembra;M. A. Aranda;M. A. Aranda;;;1;3;;3.16;;;;Polistes gallicus;
BOS-HYM-N00840;Vespidae;Polistes dominula;13/08/1978;Simancas;Simancas;Valladolid;España;;;;Hembra;M. A. Aranda;M. A. Aranda;;;1;3;;3.16;;;;Polistes gallicus;
BOS-HYM-N00841;Vespidae;Polistes dominula;13/08/1978;Simancas;Simancas;Valladolid;España;;;;Hembra;M. A. Aranda;M. A. Aranda;;;1;3;;3.16;;;;Polistes gallicus;
BOS-HYM-N00842;Vespidae;Polistes dominula;15/08/1978;Simancas;Simancas;Valladolid;España;;;;Hembra;M. A. Aranda;M. A. Aranda;;;1;3;;3.16;;;;Polistes gallicus;
BOS-HYM-N00843;Vespidae;Polistes dominula;16/10/1990;Luarca;Valdés;Asturias;España;;;;Hembra;Azucena Peniagua;José Glez Díaz;L. F. Castillo (det. 2016);;7;5;C;BOS-LEP 7.5.C.5;;;Tiene moho;Polistes gallicus;
BOS-HYM-N00844;Vespidae;Polistes dominula;04/07/1992;Seoane;La Vega;Orense;España;;;;Hembra;Mar Varela;Mar Varela;L. F. Castillo (det. 2016);;7;5;C;BOS-LEP 7.5.C.5;;;Tiene moho;Vespula silvestris;
BOS-HYM-N00845;Vespidae;Polistes dominula;_/08/1974;Chantada;Chantada;Lugo;España;;;;Hembra;P. García G.;M. A. Aranda;L. F. Castillo (det. 2016);;7;5;C;BOS-LEP 7.5.C.5;;;Tiene moho;Polistes gallicus;
BOS-HYM-N00846;Vespidae;Polistes dominula;20/07/1975;Denia;Denia;Alicante;España;;;;Hembra;Gregorio González;Gregorio González;;;7;5;C;BOS-LEP 7.5.C.5;;;Tiene moho;Polistes gallicus;
BOS-Vesp 70;Vespidae;Vespula germanica;22/05/1987;Oviedo;Oviedo;Asturias;España;;;;Hembra;P. Serret;P. Serret;L. F. Castillo (det. 2016);;1;3;;3.17;;;;Vespidae;
BOS-Vesp 71;Vespidae;Vespula germanica;23/10/1989;Luarca;Valdés;Asturias;España;;;;Hembra;M. Pagagurtundura;M. Pagagurtundura;L. F. Castillo (det. 2016);;1;3;;3.17;;;;;
BOS-Vesp 72;Vespidae;Vespula germanica;26/10/1994;Frexulfe;Navia;Asturias;España;Charca;;Tarde;Hembra;J. J. Porta Allende;J. J. Porta Allende;L. F. Castillo (det. 2016);;1;3;;3.17;;;;Vespula rufa;
BOS-Vesp 73;Vespidae;Vespula germanica;13/11/2005;Escamplero;Las Regueras;Asturias;España;Ventana;;;Hembra;Pedro Arias Glez;L. F. Castillo (det. 2016);;;1;3;;3.17;;;;;
BOS-Vesp 74;Vespidae;Vespula germanica;09/10/1975;La Felguera;La Felguera;Asturias;España;;;;Hembra;J. Valdés Canga;L. F. Castillo (det. 2016);;;1;3;;3.17;;;;;
BOS-Vesp 75;Vespidae;Vespula germanica;23/10/1989;Luarca;Valdés;Asturias;España;;;;Hembra;M. Pagagurtundura;M. Pagagurtundura;L. F. Castillo (det. 2016);;1;3;;3.17;;;;Vespula vulgaris;
BOS-Vesp 76;Vespidae;Vespula germanica;23/10/1989;Villar (Luarca);Valdés;Asturias;España;;;;Hembra;Diego Alvarado;Diego Alvarado;L. F. Castillo (det. 2016);;1;3;;3.17;;;;Vespula rufa;
BOS-Vesp 77;Vespidae;Vespula germanica;18/09/1983;Oviedo;Oviedo;Asturias;España;Terraza casa;;;Hembra;Patricia Glez;L. F. Castillo (det. 2016);;;1;3;;3.17;;;;;
BOS-Vesp 78;Vespidae;Vespula germanica;_/08/1986;León;León;León;España;Bardial;;;Hembra;L. Riestra;L. Riestra;L. F. Castillo (det. 2016);;1;3;;3.17;;;;Vespula silvestris;
BOS-Vesp 79;Vespidae;Vespula germanica;30/10/1986;Quirós;Quirós;Asturias;España;;;;Hembra;M. M. Toledo Magadán;M. M. Toledo Magadán;L. F. Castillo (det. 2016);;1;3;;3.17;;;;;
BOS-Vesp 80;Vespidae;Vespula germanica;16/05/1987;Ceares (Gijón);Gijón;Asturias;España;Matorral;;;Hembra;Jesús G. Durán;Jesús G. Durán;L. F. Castillo (det. 2016);;1;3;;3.17;;;;;
BOS-Vesp 81;Vespidae;Vespula germanica;20/09/1979;Villarejo;Mieres;Asturias;España;;;15 h;Hembra;A. Martínez Barrera;A. Martínez Barrera;L. F. Castillo (det. 2016);;1;3;;3.17;;;Volando;;
BOS-Vesp 82;Vespidae;Vespula germanica;09/05/1986;Sotrondio;San Martín del Rey Aurelio;Asturias;España;;;;Hembra;Montserrat Méndez;L. F. Castillo (det. 2016);;;1;3;;3.17;;;;;
BOS-Vesp 83;Vespidae;Vespula germanica;25/07/1985;Sorriba L.;;León;España;;;;Hembra;L. Casado;L. F. Castillo (det. 2016);;;1;3;;3.17;;;;;
BOS-Vesp 84;Vespidae;Vespula germanica;26/08/1982;Salinas;Castrillón;Asturias;España;;;;Hembra;J. R. García;J. R. García;L. F. Castillo (det. 2016);;1;3;;3.17;;;;;
BOS-Vesp 85;Vespidae;Vespula germanica;10/07/1984;Hinojedo;Suances;Cantabria;España;Sobre las flores;;;Hembra;;L. F. Castillo (det. 2016);;;1;3;;3.17;;;;;
BOS-Vesp 86;Vespidae;Vespula germanica;09/08/1979;Candás;Carreño;Asturias;España;Jardín;;;Hembra;Elia Paredes;I. Roca;L. F. Castillo (det. 2016);;1;3;;3.17;;;;;
BOS-Vesp 87;Vespidae;Vespula germanica;15/10/1986;Peón ;Gijón;Asturias;España;;;;Hembra;R. Blanco;R. Blanco;L. F. Castillo (det. 2016);;1;3;;3.17;;;;;
BOS-Vesp 88;Vespidae;Vespula germanica;_/06/1981;Luena;Luena;Cantabria;España;Jardín;;;Hembra;P. Fernández;P. Fernández;L. F. Castillo (det. 2016);;1;3;;3.17;;;;Vespula vulgaris;
BOS-Vesp 89;Vespidae;Vespula germanica;01/06/1988;En campos próximos al instituto Masaveu (Oviedo);Oviedo;Asturias;España;En campos;;;Hembra;J. A. Quirce C.;J. A. Quirce C.;L. F. Castillo (det. 2016);;1;3;;3.17;;;;Vespula vulgaris;
BOS-Vesp 90;Vespidae;Vespula germanica;27/07/1995;Viesques (Gijón);Gijón;Asturias;España;;;;Hembra;C. Vázquez;C. Vázquez;L. F. Castillo (det. 2016);;1;3;;3.17;;;;Vespula rufa;
BOS-Vesp 91;Vespidae;Vespula germanica;30/10/1995;Villar (Luarca);Valdés;Asturias;España;;;;Hembra;Gonzalo Alonso;Gonzalo Alonso;L. F. Castillo (det. 2016);;1;3;;3.17;;;;;
BOS-Vesp 92;Vespidae;Vespula germanica;10/08/1991;Sahagún;Sahagún;León;España;;;;Hembra;Diego Fernández Díaz;Diego Fernández Díaz;L. F. Castillo (det. 2016);;7;5;C;BOS-LEP 7.5.C.5;;;Tiene moho;;
BOS-Vesp 93;Vespidae;Vespula germanica;15/07/1995;Gijón;Gijón;Asturias;España;Ruderal;;;Hembra;Eduardo Díaz;Eduardo Díaz;L. F. Castillo (det. 2016);;1;3;;3.17;;;;;
BOS-Vesp 94;Vespidae;Vespula germanica;09/09/1983;Gijón (Las Mestas);Gijón;Asturias;España;Matorral;;;Macho;Luis Martín Lorenzo;Luis Martín Lorenzo;L. F. Castillo (det. 2016);;1;3;;3.17;;;;Vespula vulgaris;
BOS-Vesp 95;Vespidae;Vespula germanica;15/09/2010;Piñeres;Aller;Asturias;España;;;;Hembra;Jairo García;Jairo García;L. F. Castillo (det. 2016);;1;3;;3.17;;;;;
BOS-Vesp 96;Vespidae;Vespula germanica;26/10/1994;Luarca;Valdés;Asturias;España;;;;Hembra;Clara Glez Muñoz;Clara Glez Muñoz;L. F. Castillo (det. 2016);;1;3;;3.17;;;;;
BOS-Vesp 97;Vespidae;Vespula germanica;_/07/1997;Lamuño;Cudillero;Asturias;España;;;;Hembra;J. M. Rico Ordás;J. M. Rico Ordás;L. F. Castillo (det. 2016);;1;3;;3.17;;;;;
BOS-Vesp 98;Vespidae;Vespula germanica;06/05/1989;Oviedo;Oviedo;Asturias;España;;;;Hembra;P. G-Quirós;J. L. Benito;L. F. Castillo (det. 2016);;1;3;;3.17;;;;;
BOS-Vesp 99;Vespidae;Vespula germanica;08/05/1982;Vallines;Mieres;Asturias;España;;;;Hembra;E. Sierra;L. F. Castillo (det. 2016);;;1;3;;3.17;;;;;
BOS-Vesp 100;Vespidae;Vespula germanica;16/04/1988;Carbajal;;León;España;;;;Hembra;Pellitero;Pellitero;L. F. Castillo (det. 2016);;1;3;;3.17;;;;;
BOS-Vesp 101;Vespidae;Vespula germanica;25/07/1989;Garandilla;Valdesamario;León;España;;;;Hembra;M. J. Suárez;M. J. Suárez;L. F. Castillo (det. 2016);;1;3;;3.17;;;;;
BOS-Vesp 102;Vespidae;Vespula germanica;20/05/1980;Campo San Francisco (Oviedo);Oviedo;Asturias;España;;;;Hembra;C. Muñoz Mdez;L. F. Castillo (det. 2016);;;1;3;;3.17;;;;;
BOS-Vesp 103;Vespidae;Vespula germanica;30/05/1983;Bembibre;Bembibre;León;España;;;;Hembra;Victoria C. M.;L. F. Castillo (det. 2016);;;1;3;;3.17;;;;;
BOS-Vesp 104;Vespidae;Vespula germanica;23/05/1987;Oviedo;Oviedo;Asturias;España;Pradería;;;Hembra;Higinio Uria Marban;L. F. Castillo (det. 2016);;;1;3;;3.17;;;;;
BOS-Vesp 105;Vespidae;Vespula germanica;25/05/1987;Oviedo;Oviedo;Asturias;España;;;;Hembra;J. Villa Cienfuegos;J. Villa Cienfuegos;L. F. Castillo (det. 2016);;1;3;;3.17;;;;;
BOS-Vesp 106;Vespidae;Vespula germanica;08/05/1983;Rodiles;;Asturias;España;Volando sobre pradera;;12:45 h;Hembra;Luis Orviz Díaz;Esther Orviz Glez;L. F. Castillo (det. 2016);;1;3;;3.17;;;;Himenópetros;
BOS-Vesp 107;Vespidae;Vespula germanica;_/04/1983;Oviedo;Oviedo;Asturias;España;;;;Hembra;Mª Rosario Blanco;L. F. Castillo (det. 2016);;;1;3;;3.17;;;;;
BOS-Vesp 108;;;;;;;;;;;;;;;;;;;SIN DATOS;;;;;
BOS-Vesp 109;Vespidae;Vespula germanica;03/05/1990;Las Arenas;Getxo;Vizcaya;España;;;;Hembra;Susana Aguirre;Susana Aguirre;L. F. Castillo (det. 2016);;1;3;;3.17;;;;;
BOS-Vesp 110;Vespidae;Vespula germanica;26/04/1987;Llantones;Gijón;Asturias;España;Al borde de un camino rural;40 m;;Hembra;B. Suárez Amado;L. F. Castillo (det. 2016);;;1;3;;3.17;;;;;
BOS-Vesp 111;Vespidae;Vespula germanica;30/04/1994;Gijón;Gijón;Asturias;España;;;;Macho;A. López Besteiro;A. López Besteiro;L. F. Castillo (det. 2016);;1;3;;3.17;;;;;
BOS-Vesp 112;Vespidae;Vespula germanica;_/07/2008;Granda;Siero;Asturias;España;;;;Hembra;Andrés A. R.;Andrés A. R.;L. F. Castillo (det. 2016);;1;3;;3.17;;;;;
BOS-Vesp 113;Vespidae;Vespula germanica;08/04/2007;Pueyo de Santa Cruz;Pueyo de Santa Cruz;Huesca;España;;;;Hembra;Pilar J. B.;Pilar J. B.;;;1;3;;3.17;;;;Vespula;
BOS-Vesp 114;Vespidae;Vespula germanica;27/09/1993;Torrelavega;Torrelavega;Cantabria;España;;;;Macho;Begoña Galán;Begoña Galán;L. F. Castillo (det. 2016);;1;3;;3.17;;;;;
BOS-Vesp 115;Vespidae;Vespula germanica;01/09/1993;San Esteban de Pravia;Pravia;Asturias;España;;;;Macho;C. Pavón Iturmendi;C. Pavón Iturmendi;L. F. Castillo (det. 2016);;1;3;;3.17;;;;;
BOS-Vesp 116;Vespidae;Vespula germanica;25/10/1989;Villar (Luarca);Valdés;Asturias;España;;;;Macho;Belén Coya;L. F. Castillo (det. 2016);;;1;3;;3.17;;;;;
BOS-Vesp 117;Vespidae;Vespula germanica;05/08/1990;Oviedo;Oviedo;Asturias;España;;;;Hembra;L. Olaizola;L. Olaizola;L. F. Castillo (det. 2016);;1;3;;3.17;;;;Vespula austriaca;
BOS-Vesp 118;Vespidae;Vespula germanica;13/11/1995;Fac. Biología (Oviedo);Oviedo;Asturias;España;;;;Macho;J. L. Glez Vecino;J. L. Glez Vecino;L. F. Castillo (det. 2016);;1;3;;3.17;;;;Vespula vulgaris;
BOS-Vesp 119;Vespidae;Vespula germanica;05/08/1988;Fac. Medicina (Oviedo);Oviedo;Asturias;España;;;;Hembra;Carmen de Miguel;Carmen de Miguel;L. F. Castillo (det. 2016);;1;3;;3.17;;;;Vespula vulgaris;
BOS-Vesp 120;Vespidae;Vespula germanica;13/07/1993;Villar;Hermandad de Campoo de Suso;Cantabria;España;;;;Macho;Marta Gatón;Marta Gatón;L. F. Castillo (det. 2016);;1;3;;3.17;;;;Vespula vulgaris;
BOS-Vesp 121;Vespidae;Vespula germanica;19/04/1976;Logroño;Logroño;La Rioja;España;;;;Macho;A. Martínez Alonso;L. F. Castillo (det. 2016);;;1;3;;3.17;;;;;
BOS-Vesp 122;Vespidae;Vespula germanica;24/04/2009;Arneo;Oviedo;Asturias;España;;;;Hembra;A. Azurmendi;L. F. Castillo (det. 2016);;;1;3;;3.17;;;;;
BOS-Vesp 123;Vespidae;Vespula germanica;04/10/2009;Piñeira;Ibias;Asturias;España;;;;Hembra;J. M. Pardo;L. F. Castillo (det. 2016);;;1;3;;3.17;;;;;
BOS-Vesp 124;Vespidae;Vespula germanica;01/07/2010;Gijón;Gijón;Asturias;España;Camino;;;Hembra;L. Valledor Pereiras;L. Valledor Pereiras;L. F. Castillo (det. 2016);;1;3;;3.17;;;;Vespula sp.;
BOS-Vesp 125;Vespidae;Vespula germanica;06/05/2010;Mieres;Mieres;Asturias;España;Jardín;;;Hembra;Y. León;Y. León;L. F. Castillo (det. 2016);;1;3;;3.17;;;;;
BOS-Vesp 126;Vespidae;Vespula germanica;_/08/2009;Aboño;Carreño;Asturias;España;;;;Hembra;V. Rojas;V. Rojas;L. F. Castillo (det. 2016);;1;3;;3.17;;;;;
BOS-Vesp 127;Vespidae;Vespula germanica;04/04/2005;Illas;Illas;Asturias;España;;;;Hembra;J. R. López Álvarez;L. F. Castillo (det. 2016);;;1;3;;3.17;;;;;
BOS-Vesp 128;Vespidae;Vespula germanica;11/10/2009;Laiz Arrimadas;La Ercina;León;España;Pradera;;;Hembra;Beatriz Román;L. F. Castillo (det. 2016);;;1;3;;3.17;;;;;
BOS-Vesp 129;Vespidae;Vespula germanica;;Orviz;Siero;Asturias;España;Frutales;;;Hembra;J. Fdez Alv.;L. F. Castillo (det. 2016);;;1;3;;3.17;;;;;
BOS-Vesp 130;Vespidae;Vespula germanica;11/10/2008;Sequeros;Sequeros;Salamanca;España;;;;Hembra;Aida Vega;L. F. Castillo (det. 2016);;;1;3;;3.17;;;;;
BOS-Vesp 131;Vespidae;Vespula germanica;10/08/2008;San Martín;Cudillero;Asturias;España;Prado;;;Hembra;F. Díaz Busto;F. Díaz Busto;L. F. Castillo (det. 2016);;1;3;;3.17;;;;Celonetes abreviatus;
BOS-Vesp 132;Vespidae;Vespula germanica;30/12/2007;Medina;;;Malta;Pared de piedra;;;Hembra;B. Viquera;B. Viquera;L. F. Castillo (det. 2016);;1;3;;3.17;;;;;
BOS-Vesp 133;Vespidae;Vespula germanica;;Orviz;Siero;Asturias;España;Frutales;;;Hembra;Aitor Rodríguez;L. F. Castillo (det. 2016);;;1;3;;3.17;;;;;
BOS-Vesp 134;Vespidae;Vespula germanica;06/05/2010;Fonteta;Allande;Asturias;España;Prado;;;Hembra;Rocío Gómez Cuervo;Rocío Gómez Cuervo;L. F. Castillo (det. 2016);;1;3;;3.17;;;;Vespula vulgaris;
BOS-Vesp 135;;;;;;;;;;;;;;;;1;3;;3.17;;;SIN DATOS;;
BOS-Vesp 136;Vespidae;Vespula germanica;01/08/2008;San Martín;Cudillero;Asturias;España;Jardín;;;Hembra;F. Díaz Busto;F. Díaz Busto;L. F. Castillo (det. 2016);;1;3;;3.17;;;;Cerantus lusitanicus;
BOS-Vesp 137;Vespidae;Vespula germanica;06/08/2004;Vioño de Piélagos;Piélagos;Cantabria;España;;;;Hembra;I. Merino;I. Merino;L. F. Castillo (det. 2016);;1;3;;3.17;;;;;
BOS-Vesp 138;Vespidae;Vespula germanica;02/05/1987;Luarca;Valdés;Asturias;España;En un prado;;;Hembra;E. Cueto Jiménez;L. F. Castillo (det. 2016);;;1;3;;3.17;;;;;
BOS-Vesp 139;Vespidae;Vespula germanica;06/07/1997;Rodiles;Villaviciosa;Asturias;España;;;;Hembra;J. Antuña;J. Antuña;L. F. Castillo (det. 2016);;1;3;;3.17;;;;Vespula vulgaris;
BOS-Vesp 140;Vespidae;Vespula germanica;06/06/1981;Laukariz;Munguia;Vizcaya;España;Prado;;;Hembra;M. I. Saloña;M. I. Saloña;L. F. Castillo (det. 2016);;1;3;;3.17;;;;;
BOS-Vesp 141;Vespidae;Vespula germanica;13/08/1982;La Alberca;La Alberca;Salamanca;España;Sobre flores;;;Hembra;H. Caballero;H. Caballero;L. F. Castillo (det. 2016);;1;3;;3.17;;;;Vespula silvestris;
BOS-Vesp 142;Vespidae;Vespula germanica;21/08/1981;Bañugues;Gozón;Asturias;España;Borde regatu;;15:00 h;Hembra;C. Fdez Montero;C. Fdez Montero;L. F. Castillo (det. 2016);;1;3;;3.17;;;;;
BOS-Vesp 143;Vespidae;Vespula germanica;13/08/1982;La Alberca;La Alberca;Salamanca;España;Sobre flores;;;Hembra;H. Caballero;H. Caballero;L. F. Castillo (det. 2016);;1;3;;3.17;;;;Vespula silvestris;
BOS-Vesp 144;Vespidae;Vespula germanica;15/08/1982;Bañugues;Gozón;Asturias;España;;;;Hembra;Nieves García;L. F. Castillo (det. 2016);;;1;3;;3.17;;;;;
BOS-Vesp 145;Vespidae;Vespula germanica;07/07/1981;Las Caldas;Oviedo;Asturias;España;;;;Hembra;M. J. Bascaran;L. F. Castillo (det. 2016);;;1;3;;3.17;;;;;
BOS-Vesp 146;Vespidae;Vespula germanica;08/08/1981;Laukariz;Munguia;Vizcaya;España;Prado;;;Hembra;M. I. Saloña;M. I. Saloña;L. F. Castillo (det. 2016);;1;3;;3.17;;;;Vespula vulgaris;
BOS-Vesp 147;Vespidae;Vespula germanica;24/07/1983;Santa María;Avilés;Asturias;España;Prado;;;Hembra;C. Suárez;C. Suárez;L. F. Castillo (det. 2016);;1;3;;3.17;;;;;
BOS-Vesp 148;Vespidae;Vespula germanica;24/09/1980;Aramaz (Luanco);Gozón;Asturias;España;En las rocas de la iglesia;;;Hembra;Inés Lombas;Inés Lombas;L. F. Castillo (det. 2016);;1;3;;3.17;;;;Vespula vulgaris;
BOS-Vesp 149;Vespidae;Vespula germanica;05/10/1981;Palanquinos;Villanueva de las Manzanas;León;España;;;;Hembra;A. Abril;A. Abril;L. F. Castillo (det. 2016);;1;3;;3.17;;;;Vespula vulgaris;
BOS-Vesp 150;Vespidae;Vespula germanica;_/09/1974;Avilés;Avilés;Asturias;España;;;;Hembra;J. F. Díez;M. A. Aranda;L. F. Castillo (det. 2016);;1;3;;3.17;;;;;
BOS-Vesp 151;Vespidae;Vespula germanica;29/06/1974;Panjón;Nigrán;Pontevedra;España;;;;Hembra;R. Anadón;M. A. Aranda;L. F. Castillo (det. 2016);;1;3;;3.17;;;;;
BOS-Vesp 152;Vespidae;Vespula germanica;04/10/1978;Santander;Santander;Cantabria;España;;;;Hembra;Marta de la Hoz;L. F. Castillo (det. 2016);;;1;3;;3.17;;;;;
BOS-Vesp 153;Vespidae;Vespula germanica;03/06/1980;Villarejo;Mieres;Asturias;España;Sobre planta;;;Hembra;A. Martínez Barrera;A. Martínez Barrera;L. F. Castillo (det. 2016);;1;3;;3.17;;;;Vespula vulgaris;
BOS-Vesp 154;Vespidae;Vespula germanica;_/07/1975;Moreda;Aller;Asturias;España;;;;Hembra;Perfecta F. Estrada;M. A. Aranda;L. F. Castillo (det. 2016);;1;3;;3.17;;;;;
BOS-Vesp 155;Vespidae;Vespula germanica;_/08/1975;Xivares;Carreño;Asturias;España;;;;Hembra;N. Truébano;M. A. Aranda;L. F. Castillo (det. 2016);;1;3;;3.17;;;;;
BOS-Vesp 156;Vespidae;Vespula germanica;_/07/1981;Perlora;Carreño;Asturias;España;Jardín;;;Hembra;Gracia Fernández;L. F. Castillo (det. 2016);;;1;3;;3.17;;;;;
BOS-Vesp 157;Vespidae;Vespula germanica;_/03/1976;Logroño;Logroño;La Rioja;España;;;;Hembra;Isabel Martínez;M. A. Aranda;L. F. Castillo (det. 2016);;1;3;;3.17;;;;;
BOS-Vesp 158;Vespidae;Vespula germanica;01/07/1989;Cangas de Onís;Cangas de Onís;Asturias;España;;;;Hembra;Javier Gancedo;Javier Gancedo;L. F. Castillo (det. 2016);;1;3;;3.17;;;;Vespula vulgaris;
BOS-Vesp 159;Vespidae;Vespula germanica;19/08/1986;Oviedo;Oviedo;Asturias;España;;;;Hembra;M. N. García Martín;M. N. García Martín;L. F. Castillo (det. 2016);;1;3;;3.17;;;;Vespula vulgaris;
BOS-Vesp 160;Vespidae;Vespula germanica;01/10/1981;Trubia;Oviedo;Asturias;España;Prado;;;Hembra;P. Ciscar;L. F. Castillo (det. 2016);;;1;3;;3.17;;;;;
BOS-Vesp 161;Vespidae;Vespula germanica;23/08/1986;Careses;Siero;Asturias;España;En manzanas;;;Hembra;Alfredo Glez;Alfredo Glez;L. F. Castillo (det. 2016);;1;3;;3.17;;;;;
BOS-Vesp 162;Vespidae;Vespula germanica;01/06/1991;La Isla;Colunga;Asturias;España;;;;Hembra;Rafael G.-Quirós Fdez;Rafael Glez-Quirós;L. F. Castillo (det. 2016);;1;3;;3.17;;;;;
BOS-Vesp 163;Vespidae;Vespula germanica;02/05/1989;Oviedo;Oviedo;Asturias;España;;;;Hembra;Jorge González;Jorge González;L. F. Castillo (det. 2016);;1;3;;3.17;;;;;
BOS-Vesp 164;Vespidae;Vespula germanica;03/08/1993;Somio;Gijón;Asturias;España;;;;Hembra;Guillermo G. Soto;Guillermo G. Soto;L. F. Castillo (det. 2016);;1;3;;3.17;;;;Vespula vulgaris;
BOS-Vesp 165;Vespidae;Vespula germanica;01/06/1986;Boñar;Boñar;León;España;;;;Hembra;P. Rguez Pérez;P. Rguez Pérez;L. F. Castillo (det. 2016);;1;3;;3.17;;;;;
BOS-Vesp 166;Vespidae;Vespula germanica;22/10/1990;Prado San Timoteo (Luarca);Valdés;Asturias;España;;;;Hembra;Ana Murguizu;Ana Murguizu;L. F. Castillo (det. 2016);;1;3;;3.17;;;;Vespula vulgaris;
BOS-Vesp 167;Vespidae;Vespula germanica;_/04/1976;Logroño;Logroño;La Rioja;España;;;;Hembra;Isabel Martínez;M. A. Aranda;L. F. Castillo (det. 2016);;1;3;;3.17;;;;;
BOS-Vesp 168;Vespidae;Vespula germanica;25/03/1989;Monte Naranco;Oviedo;Asturias;España;;;;Hembra;Antonio Gómez Fdez;Antonio Gómez Fdez;L. F. Castillo (det. 2016);;1;3;;3.17;;;;;
BOS-Vesp 169;Vespidae;Vespula germanica;27/09/1992;Las Caldas;Oviedo;Asturias;España;;;;Hembra;Guillermo G. Soto;Guillermo G. Soto;L. F. Castillo (det. 2016);;1;3;;3.17;;;;;
BOS-Vesp 170;Vespidae;Vespula germanica;_/06/1985;San Emiliano;San Emiliano;León;España;;;;Hembra;;L. F. Castillo (det. 2016);;;1;3;;3.17;;;;;
BOS-Vesp 171;Vespidae;Vespula germanica;31/07/1988;Miengo;Miengo;Cantabria;España;;;;Hembra;V. L. Doriga;V. L. Doriga;L. F. Castillo (det. 2016);;1;3;;3.17;;;;;
BOS-HYM-N00847;Vespidae;Vespula germanica;01/05/1994;Tiñana;Siero;Asturias;España;;;;Hembra;E. Rosal Fraga;E. Rosal Fraga;L. F. Castillo (det. 2016);;1;3;;3.17;;;;;
BOS-HYM-N00848;Vespidae;Vespula germanica;13/08/1983;San Martín de Huerces;Gijón;Asturias;España;Prado;;;Hembra;Luis Martín Lorenzo;Luis Martín Lorenzo;L. F. Castillo (det. 2016);;1;3;;3.17;;;;Vespula vulgaris;
BOS-HYM-N00849;Vespidae;Vespula germanica;29/08/1982;Azpiroz;Larráun;Navarra;España;;;;Hembra;Mª Jesús Arrayago;Mª Jesús Arrayago;L. F. Castillo (det. 2016);;1;3;;3.17;;;;;
BOS-HYM-N00850;Vespidae;Vespula germanica;10/05/1994;Avilés;Avilés;Asturias;España;;;;Hembra;Alberto López;Alberto López;L. F. Castillo (det. 2016);;1;3;;3.17;;;;;
BOS-HYM-N00851;Vespidae;Vespula germanica;03/09/1983;Salinas;Castrillón;Asturias;España;Pinar. Pinus pinea;0 m;;Hembra;M. Murciego R.;L. F. Castillo (det. 2016);;;1;3;;3.17;;;;;
BOS-HYM-N00852;Vespidae;Vespula germanica;_/04/1985;Gijón;Gijón;Asturias;España;Ciudad;;;Hembra;J. A. Pis Millán;F. J. Pérez Barbaría;L. F. Castillo (det. 2016);;1;3;;3.17;;;;Vespula vulgaris;
BOS-HYM-N00853;Vespidae;Vespula germanica;25/08/1993;Villar;Hermandad de Campoo de Suso;Cantabria;España;;;;Hembra;Marta Gatón;Marta Gatón;L. F. Castillo (det. 2016);;1;3;;3.17;;;;Vespula vulgaris;
BOS-HYM-N00854;Vespidae;Vespula germanica;25/08/1989;Villar (Luarca);Valdés;Asturias;España;;;;Hembra;Gemma Llaneza;L. F. Castillo (det. 2016);;;1;3;;3.17;;;;;
BOS-HYM-N00855;Vespidae;Vespula germanica;29/08/1992;S. Román;;Cantabria;España;;;;Hembra;Ana Pérez Lastra;Ana Pérez Lastra;L. F. Castillo (det. 2016);;1;3;;3.17;;;;;
BOS-HYM-N00856;Vespidae;Vespula germanica;12/08/1992;Candelario;Béjar;Salamanca;España;;;;Hembra;Luis M. Torres;Luis M. Torres;L. F. Castillo (det. 2016);;1;3;;3.17;;;;;
BOS-HYM-N00857;Vespidae;Vespula germanica;22/10/1984;Gijón;Gijón;Asturias;España;;;;Hembra;C. Pérez Antolín;C. Pérez Antolín;L. F. Castillo (det. 2016);;1;3;;3.17;;;;;
BOS-HYM-N00858;Vespidae;Vespula germanica;_/10/1992;Piedras Blancas;Castrillón;Asturias;España;;;;Hembra;Juan José Castro;L. F. Castillo (det. 2016);;;1;3;;3.17;;;;;
BOS-HYM-N00859;Vespidae;Vespula germanica;17/07/1983;Vega de Espinareda;Vega de Espinareda;León;España;;;;Hembra;Miguel Pérez Medina;Miguel Pérez Medina;L. F. Castillo (det. 2016);;1;3;;3.17;;;;;
BOS-HYM-N00860;Vespidae;Vespula germanica;31/08/1990;Germonde;Valdés;Asturias;España;;;;Hembra;J. Ramón Glez Glez;J. Ramón Glez Glez;L. F. Castillo (det. 2016);;1;3;;3.17;;;;Dolichovespula media;
BOS-HYM-N00861;Vespidae;Vespula germanica;18/07/1992;Pillarno;Castrillón;Asturias;España;;;;Hembra;R. Julia Rguez;R. Julia Rguez;L. F. Castillo (det. 2016);;1;3;;3.17;;;;Vespula vulgaris;
BOS-HYM-N00862;Vespidae;Vespula germanica;30/08/1988;Avilés;Avilés;Asturias;España;Casa;;;Hembra;M. V. Cuartas;M. A. Díaz Díaz;L. F. Castillo (det. 2016);;1;3;;3.17;;;;Vespula vulgaris;
BOS-HYM-N00863;Vespidae;Vespula germanica;07/09/1991;Avilés;Avilés;Asturias;España;;;;Hembra;Violeta García;Violeta García;L. F. Castillo (det. 2016);;1;3;;3.17;;;;;
BOS-HYM-N00864;Vespidae;Vespula germanica;21/08/1993;Bedoya;Liébana;Cantabria;España;;;;Hembra;Ángela F. Roiz;Ángela F. Roiz;L. F. Castillo (det. 2016);;1;3;;3.17;;;Obrera;Vespula vulgaris;
BOS-HYM-N00865;Vespidae;Vespula germanica;30/07/1992;Avilés;Avilés;Asturias;España;;;;Hembra;Yolanda Bango M.;Yolanda Bango M.;L. F. Castillo (det. 2016);;1;3;;3.17;;;;Vespula vulgaris;
BOS-HYM-N00866;Vespidae;Vespula germanica;26/08/1994;Piloña;Oviedo;Asturias;España;Muro de carretera;330 msnm;;Hembra;Félix González;Félix González;L. F. Castillo (det. 2016);;1;3;;3.17;;;;;
BOS-HYM-N00867;Vespidae;Vespula germanica;_/09/1992;Tineo;Tineo;Asturias;España;;;;Hembra;Mª Elvira García;Mª Elvira García;L. F. Castillo (det. 2016);;1;3;;3.17;;;;Vespula vulgaris;
BOS-HYM-N00868;Vespidae;Vespula germanica;_/09/1990;Villaviciosa;Villaviciosa;Asturias;España;Cocina de casa;;;Hembra;Susana L. Acevedo;Susana L. Acevedo;L. F. Castillo (det. 2016);;1;3;;3.17;;;;;
BOS-HYM-N00869;Vespidae;Vespula germanica;25/06/1982;Naranco (Oviedo);Oviedo;Asturias;España;;;;Hembra;Generosa Álvarez;Generosa Álvarez;L. F. Castillo (det. 2016);;1;3;;3.17;;;;;
BOS-HYM-N00870;Vespidae;Vespula germanica;24/10/1990;Villar;Valdés;Asturias;España;;;;Macho;G. Mutuberría;Gonzalo Mutuberría;L. F. Castillo (det. 2016);;1;3;;3.17;;;;;
BOS-HYM-N00871;Vespidae;Vespula germanica;20/10/1978;Olloniego;Oviedo;Asturias;España;Arbusto;;;Macho;Sol Borguero;L. F. Castillo (det. 2016);;;1;3;;3.17;;;;;
BOS-HYM-N00872;Vespidae;Vespula germanica;_/11/2002;Cervera;Cabranes;Asturias;España;;;;Macho;Alejandro Castro;Alejandro Castro;L. F. Castillo (det. 2016);;1;3;;3.17;;;;Vespula vulgaris;
BOS-HYM-N00873;Vespidae;Vespula germanica;25/07/1992;Pola de Lena;Lena;Asturias;España;;;;;Julia Argüelles;Julia Argüelles;;;1;3;;3.17;;;;Vespula vulgaris;
BOS-HYM-N00874;Vespidae;Vespula germanica;Primavera 1990;Madrid;Madrid;Madrid;España;;;;;Elías García;Elías García;;;1;3;;3.17;;;;;
BOS-HYM-N00875;Vespidae;Vespula germanica;13/08/1978;Simancas;Simancas;Valladolid;España;;;;Hembra-1;M. A. Aranda;M. A. Aranda;Lucía F. Castillo;;1;3;;3.18;;;;;
BOS-HYM-N00876;Vespidae;Vespula germanica;13/08/1978;Simancas;Simancas;Valladolid;España;;;;Hembra-2;M. A. Aranda;M. A. Aranda;Lucía F. Castillo;;1;3;;3.18;;;;;
BOS-HYM-N00877;Vespidae;Vespula germanica;13/08/1978;Simancas;Simancas;Valladolid;España;;;;Hembra-3;M. A. Aranda;M. A. Aranda;Lucía F. Castillo;;1;3;;3.18;;;;;
BOS-HYM-N00878;Vespidae;Vespula germanica;13/08/1978;Simancas;Simancas;Valladolid;España;;;;Hembra-4;M. A. Aranda;M. A. Aranda;Lucía F. Castillo;;1;3;;3.18;;;;;
BOS-HYM-N00879;Vespidae;Vespula germanica;13/08/1978;Simancas;Simancas;Valladolid;España;;;;Hembra-5;M. A. Aranda;M. A. Aranda;Lucía F. Castillo;;1;3;;3.18;;;;;
BOS-HYM-N00880;Vespidae;Vespula germanica;13/08/1978;Simancas;Simancas;Valladolid;España;;;;Hembra-6;M. A. Aranda;M. A. Aranda;Lucía F. Castillo;;1;3;;3.18;;;;;
BOS-HYM-N00881;Vespidae;Vespula germanica;13/08/1978;Simancas;Simancas;Valladolid;España;;;;Hembra-7;M. A. Aranda;M. A. Aranda;Lucía F. Castillo;;1;3;;3.18;;;;;
BOS-HYM-N00882;Vespidae;Vespula germanica;13/08/1978;Simancas;Simancas;Valladolid;España;;;;Hembra-8;M. A. Aranda;M. A. Aranda;Lucía F. Castillo;;1;3;;3.18;;;;;
BOS-HYM-N00883;Vespidae;Vespula germanica;13/08/1978;Simancas;Simancas;Valladolid;España;;;;Hembra-9;M. A. Aranda;M. A. Aranda;Lucía F. Castillo;;1;3;;3.18;;;;;
BOS-HYM-N00884;Vespidae;Vespula germanica;13/08/1978;Simancas;Simancas;Valladolid;España;;;;Hembra-10;M. A. Aranda;M. A. Aranda;Lucía F. Castillo;;1;3;;3.18;;;;;
BOS-HYM-N00885;Vespidae;Vespula germanica;13/08/1978;Simancas;Simancas;Valladolid;España;;;;Hembra-11;M. A. Aranda;M. A. Aranda;Lucía F. Castillo;;1;3;;3.18;;;;;
BOS-HYM-N00886;Vespidae;Vespula germanica;13/08/1978;Simancas;Simancas;Valladolid;España;;;;Hembra-12;M. A. Aranda;M. A. Aranda;Lucía F. Castillo;;1;3;;3.18;;;;;
BOS-HYM-N00887;Vespidae;Vespula germanica;13/08/1978;Simancas;Simancas;Valladolid;España;;;;Hembra-13;M. A. Aranda;M. A. Aranda;Lucía F. Castillo;;1;3;;3.18;;;;;
BOS-HYM-N00888;Vespidae;Vespula germanica;13/08/1978;Simancas;Simancas;Valladolid;España;;;;Hembra-14;M. A. Aranda;M. A. Aranda;Lucía F. Castillo;;1;3;;3.18;;;;;
BOS-HYM-N00889;Vespidae;Vespula germanica;13/08/1978;Simancas;Simancas;Valladolid;España;;;;Hembra-15;M. A. Aranda;M. A. Aranda;Lucía F. Castillo;;1;3;;3.18;;;;;
BOS-HYM-N00890;Vespidae;Vespula germanica;13/08/1978;Simancas;Simancas;Valladolid;España;;;;Hembra-16;M. A. Aranda;M. A. Aranda;Lucía F. Castillo;;1;3;;3.18;;;;;
BOS-HYM-N00891;Vespidae;Vespula germanica;13/08/1978;Simancas;Simancas;Valladolid;España;;;;Hembra-17;M. A. Aranda;M. A. Aranda;Lucía F. Castillo;;1;3;;3.18;;;;;
BOS-HYM-N00892;Vespidae;Vespula germanica;13/08/1978;Simancas;Simancas;Valladolid;España;;;;Hembra-18;M. A. Aranda;M. A. Aranda;Lucía F. Castillo;;1;3;;3.18;;;;;
BOS-HYM-N00893;Vespidae;Vespula germanica;13/08/1978;Simancas;Simancas;Valladolid;España;;;;Hembra-19;M. A. Aranda;M. A. Aranda;Lucía F. Castillo;;1;3;;3.18;;;;;
BOS-HYM-N00894;Vespidae;Vespula germanica;13/08/1978;Simancas;Simancas;Valladolid;España;;;;Hembra-20;M. A. Aranda;M. A. Aranda;Lucía F. Castillo;;1;3;;3.18;;;;;
BOS-HYM-N00895;Vespidae;Vespula germanica;13/08/1978;Simancas;Simancas;Valladolid;España;;;;Hembra-21;M. A. Aranda;M. A. Aranda;Lucía F. Castillo;;1;3;;3.18;;;;;
BOS-HYM-N00896;Vespidae;Vespula germanica;13/08/1978;Simancas;Simancas;Valladolid;España;;;;Hembra-22;M. A. Aranda;M. A. Aranda;Lucía F. Castillo;;1;3;;3.18;;;;;
BOS-HYM-N00897;Vespidae;Vespula germanica;13/08/1978;Simancas;Simancas;Valladolid;España;;;;Hembra-23;M. A. Aranda;M. A. Aranda;Lucía F. Castillo;;1;3;;3.18;;;;;
BOS-HYM-N00898;Vespidae;Vespula germanica;13/08/1978;Simancas;Simancas;Valladolid;España;;;;Hembra-24;M. A. Aranda;M. A. Aranda;Lucía F. Castillo;;1;3;;3.18;;;;;
BOS-HYM-N00899;Vespidae;Vespula germanica;13/08/1978;Simancas;Simancas;Valladolid;España;;;;Hembra-25;M. A. Aranda;M. A. Aranda;Lucía F. Castillo;;1;3;;3.18;;;;;
BOS-HYM-N00900;Vespidae;Vespula germanica;13/08/1978;Simancas;Simancas;Valladolid;España;;;;Hembra-26;M. A. Aranda;M. A. Aranda;Lucía F. Castillo;;1;3;;3.18;;;;;
BOS-HYM-N00901;Vespidae;Vespula germanica;13/08/1978;Simancas;Simancas;Valladolid;España;;;;Hembra-27;M. A. Aranda;M. A. Aranda;Lucía F. Castillo;;1;3;;3.18;;;;;
BOS-HYM-N00902;Vespidae;Vespula germanica;13/08/1978;Simancas;Simancas;Valladolid;España;;;;Hembra-28;M. A. Aranda;M. A. Aranda;Lucía F. Castillo;;1;3;;3.18;;;;;
BOS-HYM-N00903;Vespidae;Vespula germanica;13/08/1978;Simancas;Simancas;Valladolid;España;;;;Hembra-29;M. A. Aranda;M. A. Aranda;Lucía F. Castillo;;1;3;;3.18;;;;;
BOS-HYM-N00904;Vespidae;Vespula germanica;13/08/1978;Simancas;Simancas;Valladolid;España;;;;Hembra-30;M. A. Aranda;M. A. Aranda;Lucía F. Castillo;;1;3;;3.18;;;;;
BOS-HYM-N00905;Vespidae;Vespula germanica;13/08/1978;Simancas;Simancas;Valladolid;España;;;;Hembra-31;M. A. Aranda;M. A. Aranda;Lucía F. Castillo;;1;3;;3.18;;;;;
BOS-HYM-N00906;Vespidae;Vespula germanica;13/08/1978;Simancas;Simancas;Valladolid;España;;;;Hembra-32;M. A. Aranda;M. A. Aranda;Lucía F. Castillo;;7;5;C;BOS-LEP 7.5.C.5;;;Tiene moho;;
BOS-HYM-N00907;Vespidae;Vespula germanica;13/08/1978;Simancas;Simancas;Valladolid;España;;;;Hembra-33;M. A. Aranda;M. A. Aranda;Lucía F. Castillo;;1;3;;3.18;;;;;
BOS-HYM-N00908;Vespidae;Vespula germanica;13/08/1978;Simancas;Simancas;Valladolid;España;;;;Hembra-34;M. A. Aranda;M. A. Aranda;Lucía F. Castillo;;7;5;C;BOS-LEP 7.5.C.5;;;;;
BOS-HYM-N00909;Vespidae;Vespula germanica;13/08/1978;Simancas;Simancas;Valladolid;España;;;;Hembra-35;M. A. Aranda;M. A. Aranda;Lucía F. Castillo;;1;3;;3.18;;;;;
BOS-HYM-N00910;Vespidae;Vespula germanica;13/08/1978;Simancas;Simancas;Valladolid;España;;;;Hembra-36;M. A. Aranda;M. A. Aranda;Lucía F. Castillo;;1;3;;3.18;;;;;
BOS-HYM-N00911;Vespidae;Vespula germanica;13/08/1978;Simancas;Simancas;Valladolid;España;;;;Hembra-37;M. A. Aranda;M. A. Aranda;Lucía F. Castillo;;1;3;;3.18;;;;;
BOS-HYM-N00912;Vespidae;Vespula germanica;13/08/1978;Simancas;Simancas;Valladolid;España;;;;Hembra-38;M. A. Aranda;M. A. Aranda;Lucía F. Castillo;;1;3;;3.18;;;;;
BOS-HYM-N00913;Vespidae;Vespula germanica;13/08/1978;Simancas;Simancas;Valladolid;España;;;;Hembra-39;M. A. Aranda;M. A. Aranda;Lucía F. Castillo;;1;3;;3.18;;;;;
BOS-HYM-N00914;Vespidae;Vespula germanica;13/08/1978;Simancas;Simancas;Valladolid;España;;;;Hembra-40;M. A. Aranda;M. A. Aranda;Lucía F. Castillo;;1;3;;3.18;;;;;
BOS-HYM-N00915;Vespidae;Vespula germanica;13/08/1978;Simancas;Simancas;Valladolid;España;;;;Hembra-41;M. A. Aranda;M. A. Aranda;Lucía F. Castillo;;1;3;;3.18;;;;;
BOS-HYM-N00916;Vespidae;Vespula germanica;13/08/1978;Simancas;Simancas;Valladolid;España;;;;Hembra-42;M. A. Aranda;M. A. Aranda;Lucía F. Castillo;;1;3;;3.18;;;;;
BOS-HYM-N00917;Vespidae;Vespula germanica;13/08/1978;Simancas;Simancas;Valladolid;España;;;;Hembra-43;M. A. Aranda;M. A. Aranda;Lucía F. Castillo;;1;3;;3.18;;;;;
BOS-HYM-N00918;Vespidae;Vespula germanica;13/08/1978;Simancas;Simancas;Valladolid;España;;;;Hembra-44;M. A. Aranda;M. A. Aranda;Lucía F. Castillo;;1;3;;3.18;;;;;
BOS-HYM-N00919;Vespidae;Vespula germanica;13/08/1978;Simancas;Simancas;Valladolid;España;;;;Hembra-45;M. A. Aranda;M. A. Aranda;Lucía F. Castillo;;1;3;;3.18;;;;;
BOS-HYM-N00920;Vespidae;Vespula germanica;13/08/1978;Simancas;Simancas;Valladolid;España;;;;Hembra-46;M. A. Aranda;M. A. Aranda;Lucía F. Castillo;;1;3;;3.18;;;;;
BOS-HYM-N00921;Vespidae;Vespula germanica;13/08/1978;Simancas;Simancas;Valladolid;España;;;;Hembra-47;M. A. Aranda;M. A. Aranda;Lucía F. Castillo;;7;5;C;BOS-LEP 7.5.C.5;;;;;
BOS-HYM-N00922;Vespidae;Vespula germanica;13/08/1978;Simancas;Simancas;Valladolid;España;;;;Hembra-48;M. A. Aranda;M. A. Aranda;Lucía F. Castillo;;1;3;;3.18;;;;;
BOS-HYM-N00923;Vespidae;Vespula germanica;13/08/1978;Simancas;Simancas;Valladolid;España;;;;Hembra-49;M. A. Aranda;M. A. Aranda;Lucía F. Castillo;;1;3;;3.18;;;;;
BOS-HYM-N00924;Vespidae;Vespula germanica;13/08/1978;Simancas;Simancas;Valladolid;España;;;;Hembra-50;M. A. Aranda;M. A. Aranda;Lucía F. Castillo;;1;3;;3.18;;;;;
BOS-HYM-N00925;Vespidae;Vespula germanica;13/08/1978;Simancas;Simancas;Valladolid;España;;;;Hembra-51;M. A. Aranda;M. A. Aranda;Lucía F. Castillo;;1;3;;3.18;;;;;
BOS-HYM-N00926;Vespidae;Vespula germanica;13/08/1978;Simancas;Simancas;Valladolid;España;;;;Hembra-52;M. A. Aranda;M. A. Aranda;Lucía F. Castillo;;1;3;;3.18;;;;;
BOS-HYM-N00927;Vespidae;Vespula germanica;13/08/1978;Simancas;Simancas;Valladolid;España;;;;Hembra-53;M. A. Aranda;M. A. Aranda;Lucía F. Castillo;;1;3;;3.18;;;;;
BOS-HYM-N00928;Vespidae;Vespula germanica;13/08/1978;Simancas;Simancas;Valladolid;España;;;;Hembra-54;M. A. Aranda;M. A. Aranda;Lucía F. Castillo;;1;3;;3.18;;;;;
BOS-HYM-N00929;Vespidae;Vespula germanica;13/08/1978;Simancas;Simancas;Valladolid;España;;;;Hembra-55;M. A. Aranda;M. A. Aranda;Lucía F. Castillo;;1;3;;3.18;;;;;
BOS-HYM-N00930;Vespidae;Vespula germanica;13/08/1978;Simancas;Simancas;Valladolid;España;;;;Hembra-56;M. A. Aranda;M. A. Aranda;Lucía F. Castillo;;1;3;;3.18;;;;;
BOS-HYM-N00931;Vespidae;Vespula germanica;13/08/1978;Simancas;Simancas;Valladolid;España;;;;Hembra-57;M. A. Aranda;M. A. Aranda;Lucía F. Castillo;;1;3;;3.18;;;;;
BOS-HYM-N00932;Vespidae;Vespula germanica;13/08/1978;Simancas;Simancas;Valladolid;España;;;;Hembra-58;M. A. Aranda;M. A. Aranda;Lucía F. Castillo;;1;3;;3.18;;;;;
BOS-HYM-N00933;Vespidae;Vespula germanica;13/08/1978;Simancas;Simancas;Valladolid;España;;;;Hembra-59;M. A. Aranda;M. A. Aranda;Lucía F. Castillo;;1;3;;3.18;;;;;
BOS-HYM-N00934;Vespidae;Vespula germanica;27/07/1975;Barro;Llanes;Asturias;España;;;;Hembra;C. F. Siro;M. A. Aranda;Lucía F. Castillo;;1;3;;3.18;;;;;
BOS-HYM-N00935;Vespidae;Vespula germanica;_/07/1975;Xivares;Carreño;Asturias;España;;;;Hembra;N. Truébano;M. A. Aranda;Lucía F. Castillo;;1;3;;3.18;;;;;
BOS-HYM-N00936;Vespidae;Vespula germanica;_/07/1974;León;León;León;España;;;;Hembra;C. Muñiz Mdez;M. A. Aranda;Lucía F. Castillo;;1;3;;3.18;;;;;
BOS-HYM-N00937;Vespidae;Vespula germanica;02/09/1979;Salas;Salas;Asturias;España;Sobre maizal;;13 h;Hembra;Mª Elma Díaz S.;Mª Elma Díaz S.;Lucía F. Castillo;;1;3;;3.18;;;;Vespula vulgaris;
BOS-HYM-N00938;Vespidae;Vespula germanica;_/07/1974;Llanes;Llanes;Asturias;España;;;;Hembra;Mª Paz Nicolás;Mª Elma Díaz S.;Lucía F. Castillo;;1;3;;3.18;;;;;
BOS-HYM-N00939;Vespidae;Vespula germanica;_/07/1974;Tremar;;León;España;;;;Hembra;J. F. Fontangordo;M. A. Aranda;Lucía F. Castillo;;1;3;;3.18;;;;;
BOS-HYM-N00940;Vespidae;Vespula germanica;_/05/1976;Naranco (Oviedo);Oviedo;Asturias;España;;;;Hembra;Ángeles Álvarez;M. A. Aranda;Lucía F. Castillo;;1;3;;3.18;;;;;
BOS-HYM-N00941;Vespidae;Vespula germanica;_/03/1976;Oviedo;Oviedo;Asturias;España;;;;Hembra;Elena Álvarez;M. A. Aranda;Lucía F. Castillo;;1;3;;3.18;;;;;
BOS-HYM-N00942;Vespidae;Vespula germanica;_/09/1974;León;León;León;España;;;;Hembra;Paz Nicolás;M. A. Aranda;Lucía F. Castillo;;1;3;;3.18;;;;;
BOS-HYM-N00943;Vespidae;Vespula germanica;_/07/1974;Avilés;Avilés;Asturias;España;;;;Hembra;Olga Ruiz;M. A. Aranda;Lucía F. Castillo;;1;3;;3.18;;;;;
BOS-HYM-N00944;Vespidae;Vespula germanica;21/02/1976;Gijón (Purificación García);Gijón;Asturias;España;;;;Hembra;Inés Alonso;M. A. Aranda;Lucía F. Castillo;;1;3;;3.18;;;;;
BOS-HYM-N00945;Vespidae;Vespula germanica;_/10/1975;León;León;León;España;;;;Hembra;E. Ayuso A.;M. A. Aranda;Lucía F. Castillo;;1;3;;3.18;;;;;
BOS-HYM-N00946;Vespidae;Polistes dominula;15/08/1978;Simancas;Simancas;Valladolid;España;;;;Hembra;M. A. Aranda;M. A. Aranda;;;1;3;;3.19;;;;Polistes gallicus;
BOS-HYM-N00947;Vespidae;Polistes dominula;13/08/1978;Simancas;Simancas;Valladolid;España;;;;Hembra;M. A. Aranda;M. A. Aranda;;;1;3;;3.19;;;;Polistes gallicus;
BOS-HYM-N00948;Vespidae;Polistes dominula;13/08/1978;Simancas;Simancas;Valladolid;España;;;;Hembra;M. A. Aranda;M. A. Aranda;Lucía F. Castillo;;1;3;;3.19;;;;Polistes gallicus;
BOS-HYM-N00949;Vespidae;Polistes dominula;11/07/2010;Cayés;Llanera;Asturias;España;;;;;Verónica Glez G.;Verónica Glez G.;;;1;3;;3.19;;;;Polistes gallicus;
BOS-HYM-N00950;Vespidae;Polistes dominula;01/11/1988;Oviedo;Oviedo;Asturias;España;;;;;Jorge González;Jorge González;;;1;3;;3.19;;;;Polistes gallicus;
BOS-HYM-N00951;Vespidae;Polistes dominula;16/04/1987;Peñafiel;Peñafiel;Valladolid;España;;;;;Mª Luz Centeno;;;;1;3;;3.19;;;;;
BOS-HYM-N00952;Vespidae;Polistes gallicus;20/07/1987;Hervás;Hervás;Cáceres;España;;;;;J. M. Feital;J. M. Feital;;;1;3;;3.19;;;;;
BOS-HYM-N00953;Vespidae;;20/04/1986;Sta Cruz de Iguña;Molledo;Cáceres;España;;;;;Carmen Gutiérrez;;;;1;3;;3.19;;;;;
BOS-HYM-N00954;Vespidae;Polistes dominula;12/05/1987;Oviedo;Oviedo;Asturias;España;Huerta;;;;Mª Luz Yáñez;Mª Luz Yáñez;;;1;3;;3.19;;;;Polistes gallicus;
BOS-HYM-N00955;Vespidae;Polistes dominula;20/03/1987;Avilés;Avilés;Asturias;España;En un prado;;;;Juana Pérez;;;;1;3;;3.19;;;;;
BOS-HYM-N00956;Vespidae;Polistes dominula;02/05/1986;Careses;Siero;Asturias;España;Sobre flores;;;;Alfredo Glez Nicieza;Alfredo Glez Nicieza;;;1;3;;3.19;;;30TTP8709;Polistes gallicus;
BOS-HYM-N00957;Vespidae;Polistes dominula;10/04/1989;Bakio;Bakio;Vizcaya;España;;;;;Ana Abio;Ana Abio;;;1;3;;3.19;;;;Polistes gallicus;
BOS-HYM-N00958;Vespidae;Polistes dominula;01/05/1986;Bembibre;Bembibre;León;España;;;;;Sofía Cubero;;;;1;3;;3.19;;;;;
BOS-HYM-N00959;Vespidae;Polistes dominula;19/04/1987;Fuenterrabía;Fuenterrabía;Guipúzcoa;España;;;;;C. Salaverria;C. Salaverria;;;1;3;;3.19;;;Al vuelo;;
BOS-HYM-N00960;Vespidae;Polistes dominula;20/04/1987;Barayo;Barayo;Cantabria;España;;650 m;;;Pilar Glez de la Lastra;Pilar Glez de la Lastra;;;1;3;;3.19;;;;;
BOS-HYM-N00961;Vespidae;Polistes dominula;10/05/1980;San Miguel del Valle;San Miguel del Valle;Zamora;España;;;;;P. Ciscar;;;;1;3;;3.19;;;;;
BOS-HYM-N00962;Vespidae;Polistes dominula;19/05/1986;P. Llaviana;Laviana;Asturias;España;;;;;J. A. Santos;;;;1;3;;3.19;;;;;
BOS-HYM-N00963;Vespidae;Polistes dominula;30/05/1987;Mieres;Mieres;Asturias;España;;;;;B. Pérez Grrez;B. Pérez Grrez;;;1;3;;3.19;;;;Polistes gallicus;
BOS-HYM-N00964;Vespidae;Polistes dominula;30/10/1986;Las Agüeras ;Quirós;Asturias;España;;;;;José Zulaica Berijoetxea;José Zulaica Berijoetxea;;;1;3;;3.19;;;;Polistes gallicus;
BOS-HYM-N00965;Vespidae;Polistes dominula;19/04/1987;El Entrego;San Martín del Rey Aurelio;Asturias;España;;;;;J. Antonio Ferreiro Ríos;J. Antonio Ferreiro Ríos;;;1;3;;3.19;;;;Polistes gallicus;
BOS-HYM-N00966;Vespidae;Polistes dominula;24/07/1987;Aiboa;Getxo;Vizcaya;España;Brezal;20 m;;;José Luis Vega;José Luis Vega;;;1;3;;3.19;;;;;
BOS-HYM-N00967;Vespidae;Polistes dominula;21/06/1987;C. del Narcea;Cangas del Narcea;Asturias;España;Sobre clavel;;;;M. V. Álvarez;;;;1;3;;3.19;;;;;
BOS-HYM-N00968;Vespidae;Polistes dominula;09/04/1982;Pola de Siero;Siero;Asturias;España;;;;;Isabel Nieto;;;;1;3;;3.19;;;;;
BOS-HYM-N00969;Vespidae;Polistes dominula;23/10/1988;Oviedo;Oviedo;Asturias;España;;;;;Idoia Villate;Idoia Villate;;;1;3;;3.19;;;;Polistes gallicus;
BOS-HYM-N00970;Vespidae;Polistes dominula;09/07/1980;La Bañeza;La Bañeza;León;España;;;;;Ana Quero;;;;7;5;C;BOS-LEP 7.5.C.5;;;Tiene moho;;
BOS-HYM-N00971;Vespidae;Polistes dominula;20/08/1981;León;León;León;España;;;;;Andrés Álvarez;;;;1;3;;3.19;;;;;
BOS-HYM-N00972;Vespidae;Polistes dominula;25/05/1986;Careses;Siero;Asturias;España;;;;;María Arroz;;;;1;3;;3.19;;;;;
BOS-HYM-N00973;Vespidae;Polistes dominula;31/05/1986;Villandio (Turón);Mieres;Asturias;España;;;;;M. A. Díaz Díaz;;;;1;3;;3.19;;;;;
BOS-HYM-N00974;Vespidae;Polistes dominula;13/08/1983;Sedano;Valle de Sedano;Burgos;España;;;;;M. I. Adrián;;;;7;5;C;BOS-LEP 7.5.C.5;;;Tiene moho;;
BOS-HYM-N00975;Vespidae;Polistes dominula;_/09/1985;Estación Biológica Doñana;;;España;;;;;Paloma Cuartas;Paloma Cuartas;;;1;3;;3.19;;;;Polistes gallicus;
BOS-HYM-N00976;Vespidae;Polistes gallicus var. Bigtrumis;_/07/1976;La Castañalona;Castrillón;Asturias;España;;;;Hembra;M. A. Aranda;M. A. Aranda;;;1;3;;3.19;;;;Polistes gallicus;
BOS-HYM-N00977;Vespidae;Polistes dominula;15/08/1978;Simancas;Simancas;Valladolid;España;;;;Hembra;M. A. Aranda;M. A. Aranda;;;1;3;;3.19;;;;Polistes gallicus;
BOS-HYM-N00978;Vespidae;Polistes dominula;15/08/1978;Simancas;Simancas;Valladolid;España;;;;Hembra;M. A. Aranda;M. A. Aranda;;;1;3;;3.19;;;;;
BOS-HYM-N00979;Vespidae;Polistes dominula;15/08/1978;Simancas;Simancas;Valladolid;España;;;;Hembra;M. A. Aranda;M. A. Aranda;;;1;3;;3.19;;;;Polistes gallicus;
BOS-HYM-N00980;Vespidae;Polistes dominula;15/08/1978;Simancas;Simancas;Valladolid;España;;;;Hembra;M. A. Aranda;M. A. Aranda;;;1;3;;3.19;;;;Polistes gallicus;
BOS-HYM-N00981;Vespidae;Polistes dominula;15/08/1978;Simancas;Simancas;Valladolid;España;;;;Hembra;M. A. Aranda;M. A. Aranda;;;1;3;;3.19;;;;Polistes gallicus;
BOS-HYM-N00982;Vespidae;Polistes dominula;08/07/1995;Lamuño;Lamuño;Asturias;España;;;;Macho;Andrés Fdez;Andrés Fdez;Lucía F. Castillo;;1;3;;3.19;;;;Polistes gallicus;
BOS-HYM-N00983;Vespidae;Polistes dominula;15/07/1991;Argüero;Villaviciosa;Asturias;España;;;;Macho;Luz Mª Rguez;Luz Mª Rguez;Lucía F. Castillo;;7;5;C;BOS-LEP 7.5.C.5;;;Tiene moho;Polistes gallicus;
BOS-HYM-N00984;Vespidae;Polistes dominula;_/10/1996;Pola de Gordón;Pola de Gordón;León;España;;;;Macho;Olga Saez;Olga Saez;Lucía F. Castillo;;7;5;C;BOS-LEP 7.5.C.5;;;Tiene moho;Polistes gallicus;
BOS-HYM-N00985;Vespidae;Polistes dominula;_/08/2008;Valencia de Don Juan;Valencia de Don Juan;León;España;;;;Macho;F. González;J. Cañete;Lucía F. Castillo;;1;3;;3.19;;;;D. Sylvestris;
BOS-HYM-N00986;Vespidae;Polistes dominula;17/08/1989;Bergara;Bergara;Guipúzcoa;España;;;;Macho;N. A.;N. A.;Lucía F. Castillo;;1;3;;3.19;;;;Polistes gallicus;
BOS-HYM-N00987;Vespidae;Polistes dominula;06/09/2009;Oviedo (Purificación Tomás);Oviedo;Asturias;España;;;;Macho;Alberto Villanueva;Lucía F. Castillo;;;1;3;;3.19;;;;;
BOS-HYM-N00988;Vespidae;Polistes dominula;30/10/1995;Luarca;Valdés;Asturias;España;;;;Macho;Lucía García;L. García Vallina;Lucía F. Castillo;;1;3;;3.19;;;;Polistes gallicus;
BOS-HYM-N00989;Vespidae;Polistes dominula;30/10/1995;Villar (Luarca);Valdés;Asturias;España;;;;Macho;Gonzalo Alonso;Gonzalo Alonso;Lucía F. Castillo;;1;3;;3.19;;;;Polistes gallicus;
BOS-HYM-N00990;Vespidae;Polistes dominula;18/07/1988;Sta Marta de Magasca;Sta Marta de Magasca;Cáceres;España;;;;Macho;Marta Glez Alvarado;Lucía F. Castillo;;;7;5;C;BOS-LEP 7.5.C.5;;;Tiene moho;;
BOS-HYM-N00991;Vespidae;Polistes dominula;27/09/2010;Vegarada;Valdelugueros;León;España;;;;Macho;Rubén Iglesias;Rubén Iglesias;Lucía F. Castillo;;1;3;;3.19;;;;Grupo dominula;
BOS-HYM-N00992;Vespidae;Polistes dominula;25/10/1994;Ablanedo (Luarca);Valdés;Asturias;España;Sobre hiedra;;;Macho;Brezo Mtz;Brezo Mtz;Lucía F. Castillo;;1;3;;3.19;;;;Polistes gallicus;
BOS-HYM-N00993;Vespidae;Polistes dominula;22/10/1996;Luarca;Valdés;Asturias;España;;;;Macho;M. T. Vázquez;Lucía F. Castillo;;;1;3;;3.19;;;;;
BOS-HYM-N00994;Vespidae;Polistes dominula;09/04/1990;El Cabal;Mieres;Asturias;España;;;;Macho;Roberto Grana;Roberto Grana;;;1;3;;3.19;;;;;
BOS-HYM-N00995;Vespidae;Polistes dominula;26/09/1990;Prubia;;Asturias;España;;;;Macho;Luis;Mª Isabel Sánchez;;;1;3;;3.19;;;;Polistes gallicus;
BOS-HYM-N00996;Vespidae;Polistes dominula;13/08/1978;Simancas;Simancas;Valladolid;España;;;;Macho;M. A. Aranda;M. A. Aranda;;;1;3;;3.19;;;;Polistes gallicus;
BOS-HYM-N00997;Vespidae;Polistes dominula;13/08/1978;Simancas;Simancas;Valladolid;España;;;;Macho;M. A. Aranda;M. A. Aranda;;;1;3;;3.19;;;;Polistes gallicus;
BOS-HYM-N00998;Vespidae;Polistes dominula;13/08/1978;Simancas;Simancas;Valladolid;España;;;;Macho;M. A. Aranda;M. A. Aranda;;;1;3;;3.19;;;;Polistes gallicus;
BOS-HYM-N00999;Vespidae;Polistes dominula;13/08/1978;Simancas;Simancas;Valladolid;España;;;;Macho;M. A. Aranda;M. A. Aranda;;;1;3;;3.19;;;;Polistes gallicus;
BOS-HYM-N01000;Vespidae;Polistes dominula;13/08/1978;Simancas;Simancas;Valladolid;España;;;;Macho;M. A. Aranda;M. A. Aranda;;;1;3;;3.19;;;;Polistes gallicus;
BOS-HYM-N01001;Vespidae;Polistes dominula;13/08/1978;Simancas;Simancas;Valladolid;España;;;;Macho;M. A. Aranda;M. A. Aranda;;;1;3;;3.19;;;;Polistes gallicus;
BOS-HYM-N01002;Vespidae;Polistes dominula;13/08/1978;Simancas;Simancas;Valladolid;España;;;;Macho;M. A. Aranda;M. A. Aranda;;;1;3;;3.19;;;;Polistes gallicus;
BOS-HYM-N01003;Vespidae;Polistes dominula;13/08/1978;Simancas;Simancas;Valladolid;España;;;;Macho;M. A. Aranda;M. A. Aranda;;;1;3;;3.19;;;;Polistes gallicus;
BOS-HYM-N01004;Vespidae;Polistes dominula;13/08/1978;Simancas;Simancas;Valladolid;España;;;;Macho;M. A. Aranda;M. A. Aranda;;;1;3;;3.19;;;;Polistes gallicus;
BOS-HYM-N01005;Vespidae;Polistes dominula;13/08/1978;Simancas;Simancas;Valladolid;España;;;;Macho;M. A. Aranda;M. A. Aranda;;;1;3;;3.19;;;;Polistes gallicus;
BOS-HYM-N01006;Vespidae;Polistes dominula;13/08/1978;Simancas;Simancas;Valladolid;España;;;;Macho;M. A. Aranda;M. A. Aranda;;;1;3;;3.19;;;;Polistes gallicus;
BOS-HYM-N01007;Vespidae;Polistes dominula;13/08/1978;Simancas;Simancas;Valladolid;España;;;;Macho;M. A. Aranda;M. A. Aranda;;;1;3;;3.19;;;;Polistes gallicus;
BOS-HYM-N01008;Vespidae;Polistes dominula;13/08/1978;Simancas;Simancas;Valladolid;España;;;;Macho;M. A. Aranda;M. A. Aranda;;;1;3;;3.19;;;;Polistes gallicus;
BOS-HYM-N01009;Vespidae;Polistes dominula;13/08/1978;Simancas;Simancas;Valladolid;España;;;;Macho;M. A. Aranda;M. A. Aranda;;;1;3;;3.19;;;;Polistes gallicus;
BOS-HYM-N01010;Vespidae;Polistes dominula;13/08/1978;Simancas;Simancas;Valladolid;España;;;;Macho;M. A. Aranda;M. A. Aranda;;;1;3;;3.19;;;;Polistes gallicus;
BOS-HYM-N01011;Vespidae;Polistes dominula;13/08/1978;Simancas;Simancas;Valladolid;España;;;;Macho;M. A. Aranda;M. A. Aranda;;;1;3;;3.19;;;;Polistes gallicus;
BOS-HYM-N01012;Vespidae;Polistes dominula;13/08/1978;Simancas;Simancas;Valladolid;España;;;;Macho;M. A. Aranda;M. A. Aranda;;;1;3;;3.19;;;;Polistes gallicus;
BOS-HYM-N01013;Vespidae;Polistes dominula;13/08/1978;Simancas;Simancas;Valladolid;España;;;;Macho;M. A. Aranda;M. A. Aranda;;;1;3;;3.19;;;;Polistes gallicus;
BOS-HYM-N01014;Vespidae;Polistes dominula;13/08/1978;Simancas;Simancas;Valladolid;España;;;;Macho;M. A. Aranda;M. A. Aranda;;;1;3;;3.19;;;;Polistes gallicus;
BOS-HYM-N01015;Vespidae;Polistes dominula;13/08/1978;Simancas;Simancas;Valladolid;España;;;;Macho;M. A. Aranda;M. A. Aranda;;;1;3;;3.19;;;;Polistes gallicus;
BOS-HYM-N01016;Vespidae;Polistes dominula;13/08/1978;Simancas;Simancas;Valladolid;España;;;;Macho;M. A. Aranda;M. A. Aranda;;;1;3;;3.19;;;;Polistes gallicus;
BOS-HYM-N01017;Vespidae;Polistes dominula;13/08/1978;Simancas;Simancas;Valladolid;España;;;;Macho;M. A. Aranda;M. A. Aranda;;;1;3;;3.19;;;;Polistes gallicus;
BOS-HYM-N01018;Vespidae;Polistes dominula;13/08/1978;Simancas;Simancas;Valladolid;España;;;;Macho;M. A. Aranda;M. A. Aranda;;;1;3;;3.19;;;;Polistes gallicus;
BOS-HYM-N01019;Vespidae;Polistes dominula;13/08/1978;Simancas;Simancas;Valladolid;España;;;;Macho;M. A. Aranda;M. A. Aranda;;;1;3;;3.19;;;;Polistes gallicus;
BOS-HYM-N01020;Vespidae;Polistes dominula;13/08/1978;Simancas;Simancas;Valladolid;España;;;;Macho;M. A. Aranda;M. A. Aranda;;;1;3;;3.19;;;;Polistes gallicus;
BOS-HYM-N01021;Vespidae;Polistes dominula;13/08/1978;Simancas;Simancas;Valladolid;España;;;;Macho;M. A. Aranda;M. A. Aranda;;;1;3;;3.19;;;;Polistes gallicus;
BOS-HYM-N01022;Vespidae;Polistes dominula;13/08/1978;Simancas;Simancas;Valladolid;España;;;;Macho;M. A. Aranda;M. A. Aranda;;;1;3;;3.19;;;;Polistes gallicus;
BOS-HYM-N01023;Vespidae;Polistes dominula;13/08/1978;Simancas;Simancas;Valladolid;España;;;;Macho;M. A. Aranda;M. A. Aranda;;;1;3;;3.19;;;;Polistes gallicus;
BOS-HYM-N01024;Vespidae;Polistes dominula;13/08/1978;Simancas;Simancas;Valladolid;España;;;;Macho;M. A. Aranda;M. A. Aranda;;;1;3;;3.19;;;;Polistes gallicus;
BOS-HYM-N01025;Vespidae;Polistes dominula;14/08/1978;Simancas;Simancas;Valladolid;España;;;;Macho;M. A. Aranda;M. A. Aranda;;;1;3;;3.19;;;;Polistes gallicus;
BOS-HYM-N01026;Vespidae;Polistes dominula;13/08/1978;Simancas;Simancas;Valladolid;España;;;;Macho;M. A. Aranda;M. A. Aranda;;;1;3;;3.19;;;;Polistes gallicus;
BOS-HYM-N01027;Vespidae;Polistes dominula;15/08/1978;Simancas;Simancas;Valladolid;España;;;;Macho;M. A. Aranda;M. A. Aranda;;;1;3;;3.19;;;;Polistes gallicus;
BOS-HYM-N01028;Vespidae;Polistes dominula;22/10/1956;Luarca;Valdés;Asturias;España;;;;Macho;Carmen Gutiérrez;Carmen Gutiérrez;;;1;3;;3.19;;;;Polistes gallicus;
BOS-HYM-N01029;Vespidae;Polistes dominula;20/07/1987;Zamora;Zamora;Zamora;España;;;;Macho;M. J. Feital;M. J. Feital;;;1;3;;3.19;;;;Polistes gallicus;
BOS-HYM-N01030;Vespidae;Polistes dominula;02/07/1986;Boñar;Boñar;León;España;Prado;;;Macho;M. Arbesú;M. Arbesú;;;1;3;;3.19;;;;Polistes gallicus;
BOS-HYM-N01031;Vespidae;Polistes dominula;11/09/1986;Geras de Gordón;Pola de Gordón;León;España;;;;Macho;G. Barroso;G. Barroso;;;1;3;;3.19;;;;Polistes gallicus;
BOS-HYM-N01032;Vespidae;Polistes dominula;25/07/1976;Casayo;Carballeda de Valdeorras;Orense;España;;;;Macho;M. A. Álvarez;M. A. Aranda;;;1;3;;3.19;;;;Polistes gallicus;
BOS-HYM-N01033;Vespidae;Polistes dominula;18/08/1975;León;León;León;España;;;;Macho;A. Mtnez;Barrero;;;1;3;;3.19;;;Tiene moho;Polistes gallicus;
BOS-HYM-N01034;Vespidae;Polistes dominula;28/08/1975;Sta Mª del Páramo;Sta Mª del Páramo;León;España;;;;Macho;A. Santiago G.;M. A. Aranda;;;1;3;;3.19;;;Tiene moho;Polistes gallicus (hembra);
BOS-HYM-N01035;Vespidae;Polistes dominula;13/08/1978;Simancas;Simancas;Valladolid;España;;;;Macho;M. A. Aranda;M. A. Aranda;;;1;3;;3.19;;;Tiene moho;Polistes gallicus;
BOS-HYM-N01036;Vespidae;Polistes dominula;25/07/1982;Sedano;Valle de Sedano;Burgos;España;;;;Macho;M. I. Adrián;;;;1;3;;3.19;;;;;
BOS-HYM-N01037;Vespidae;Polistes dominula;01/09/1981;Sotrondio;San Martín del Rey Aurelio;Asturias;España;;;;Macho;Aurora Zapico;;;;1;3;;3.19;;;;;
BOS-Vesp 1;Vespidae;Vespa crabro;21/10/2005;La Fresneda;Siero;Asturias;España;Bajo un árbol;;;;Lucía Fdez;L. F. Castillo (det. 2016);;;1;3;;3.20;;;;;
BOS-Vesp 2;Vespidae;Vespa crabro;_/07/2006;Mieres;Mieres;Asturias;España;;;;Hembra;A. Alonso López;Ainhoa Pagna;L. F. Castillo (det. 2016);;1;3;;3.20;;;;;
BOS-Vesp 3;Vespidae;Vespa crabro;21/11/2009;La Moratina;Grado;Asturias;España;;;;Hembra;Isabel Sánchez Flórez;Isabel Sánchez Flórez;L. F. Castillo (det. 2016);;1;3;;3.20;;;;Vespula sp.;
BOS-Vesp 4;Vespidae;Vespa crabro;18/07/2006;Cudillero;Cudillero;Asturias;España;;;;Hembra;M. Alonso Naveiro;M. Alonso Naveiro;L. F. Castillo (det. 2016);;1;3;;3.20;;;;;
BOS-Vesp 5;Vespidae;Vespa crabro;_/07/2008;Oviedo;Oviedo;Asturias;España;;;;Hembra;Andrés A. R.;Andrés A. R.;L. F. Castillo (det. 2016);;1;3;;3.20;;;;;
BOS-Vesp 6;Vespidae;Vespa crabro;15/06/2009;Corao;Cangas de Onís;Asturias;España;Matorral;;;Hembra;Denisse Pantín Díaz;Denisse Pantín Díaz;L. F. Castillo (det. 2016);;1;3;;3.20;;;;;
BOS-Vesp 7;Vespidae;Vespa crabro;20/09/2010;La Foz;Caso;Asturias;España;;;;Hembra;Diego Fdez Gcía;Diego Fdez Gcía;L. F. Castillo (det. 2016);;1;3;;3.20;;;;;
BOS-Vesp 8;Vespidae;Vespa crabro;_/10/2000;La Braña;Piloña;Asturias;España;;;;Hembra;Sergio Sonto;Sergio Sonto;L. F. Castillo (det. 2016);;1;3;;3.20;;;;Cryptocheilus sp.;
BOS-Vesp 9;Vespidae;Vespa crabro;;Orviz;Siero;Asturias;España;Frutales;;;Hembra;Aitor Rodríguez;Aitor Rodríguez;L. F. Castillo (det. 2016);;1;3;;3.20;;;;Vespula;
BOS-Vesp 10;Vespidae;Vespa crabro;16/09/1995;Oviedo;Oviedo;Asturias;España;Prado;;;Hembra;Eduardo Díaz;Eduardo Díaz;L. F. Castillo (det. 2016);;1;3;;3.20;;;;;
BOS-Vesp 11;Vespidae;Vespa crabro;09/07/2009;Riera (Vento Veranes);;Asturias;España;;;;Hembra;Paula López;Paula López;L. F. Castillo (det. 2016);;1;3;;3.20;;;;;
BOS-Vesp 12;Vespidae;Vespa crabro;03/07/2010;Pola de Siero;Siero;Asturias;España;;;;Hembra;Sabino Ania;Sabino Ania;L. F. Castillo (det. 2016);;7;5;C;Caja moho 2;;;Tiene moho;Avispa roja;
BOS-Vesp 13;Vespidae;Vespa crabro;03/07/2010;Pola de Siero;Siero;Asturias;España;;;;Hembra;Sabino Ania;Sabino Ania;L. F. Castillo (det. 2016);;7;5;C;Caja moho 2;;;Tiene moho;Avispa arbórea;
BOS-Vesp 14;Vespidae;Vespa crabro;_/08/1994;Eyo dos Menecos (Sta Eulalia de Oza y Santiago);Teo;La Coruña;España;;;;Hembra;Carme Yebra;Mª José Bañuelos;L. F. Castillo (det. 2016);;1;3;;3.20;;;;;
BOS-Vesp 15;Vespidae;Vespa crabro;22/08/1994;Rasines;Rasines;Cantabria;España;;;;Macho;Alexia Bonachea;Alberto Luengo;L. F. Castillo (det. 2016);;1;3;;3.20;;;;;
BOS-Vesp 16;Vespidae;Vespa crabro;10/09/2010;Burgos;Burgos;Burgos;España;;;;Macho;Ignacio Fdez Tuga;L. F. Castillo (det. 2016);;;1;3;;3.20;;;;;
BOS-Vesp 17;Vespidae;Vespa crabro;07/08/1995;Manjoya;Oviedo;Asturias;España;Sobre flor;;;Macho;Carmen Gil;J. L. Glez Vecino;L. F. Castillo (det. 2016);;1;3;;3.20;;;;;
BOS-Vesp 18;Vespidae;Vespa crabro;20/10/2008;Noreña;Noreña;Asturias;España;;;;Macho;Marcos Santianes;M. Santianes;L. F. Castillo (det. 2016);;1;3;;3.20;;;;;
BOS-Vesp 20;Vespidae;Vespa crabro;20/10/1995;Porceyo;Gijón;Asturias;España;;;;Macho;Mª Teresa Mieres Valdés;Mª Teresa Mieres Valdés;L. F. Castillo (det. 2016);;1;3;;3.20;;;;;
BOS-Vesp 21;Vespidae;Vespa crabro;03/07/1984;Béjar;Béjar;Salamanca;España;;;;Hembra;M. Acevedo;L. F. Castillo (det. 2016);;;1;3;;3.20;;;;;
BOS-Vesp 22;Vespidae;Vespa crabro;22/06/1986;El Condado;Laviana;Asturias;España;;320 m;;Macho;D. Alonso Rodríguez;L. F. Castillo (det. 2016);;;1;3;;3.20;;;;;
BOS-Vesp 23;Vespidae;Vespa crabro;09/05/1987;Villaverde de la Abadía;Carracedelo;León;España;;;;Hembra;C. Martínez;C. Martínez Carrera;L. F. Castillo (det. 2016);;1;3;;3.20;;;;Himenópteros;
BOS-Vesp 24;Vespidae;Vespa crabro;19/08/1986;Tornabous;Tornabous;Lérida;España;;;;Hembra;J. Gómez;F. Ballesteros ;L. F. Castillo (det. 2016);;1;3;;3.20;;;;Himenópteros;
BOS-Vesp 25;Vespidae;Vespa crabro;29/05/1987;Manzaneda;Oviedo;Asturias;España;;;;Hembra;Teresa González Sanz;Teresa González Sanz;L. F. Castillo (det. 2016);;1;3;;3.20;;;;;
BOS-Vesp 26;Vespidae;Vespa crabro;13/09/1989;Donostia;Donostia;Guipúzcoa;España;En casa;;;Hembra;I. Esteban;I. Esteban;L. F. Castillo (det. 2016);;1;3;;3.20;;;;;
BOS-Vesp 27;Vespidae;Vespa crabro;_/06/1987;Lyon;Lyon;;Francia;Cultivos;;;Hembra;Joëlle;F. J. Pérez Barbería;L. F. Castillo (det. 2016);;1;3;;3.20;;;;;
BOS-Vesp 28;Vespidae;Vespa crabro;29/04/1987;Meres ;Siero;Asturias;España;Dentro de botella;;;Hembra;C. Carbajal;C. Carbajal;L. F. Castillo (det. 2016);;1;3;;3.20;;;;Vespidae;
BOS-Vesp 29;Vespidae;Vespa crabro;17/10/1985;La Granda;Langreo;Asturias;España;Sobre higuera;;;Hembra;E. Cueto;E. Cueto;L. F. Castillo (det. 2016);;7;5;;Caja moho 2;;;Tiene moho;;
BOS-Vesp 30;Vespidae;Vespa crabro;_/05/1983;Ribadesella;Ribadesella;Asturias;España;;;;Hembra;Alejandro Sánchez;Gloria Gevrón;L. F. Castillo (det. 2016);;1;3;;3.20;;;;;
BOS-Vesp 31;Vespidae;Vespa crabro;_/09/2009;Donostia;Donostia;Guipúzcoa;España;;;;Hembra;I. Esteban;J. Garai;L. F. Castillo (det. 2016);;1;3;;3.20;;;;;
BOS-Vesp 32;Vespidae;Vespa crabro;25/05/1979;La Carrera;Pola de Siero;Asturias;España;En un peral;;16 h;Hembra;Cristina Ampudia;Cristina Ampudia;L. F. Castillo (det. 2016);;7;5;C;Caja moho 2;;;Tiene moho;;
BOS-Vesp 33;Vespidae;Vespa crabro;30/05/1982;Lieres;;Asturias;España;Flor de geranio;300 m;;Hembra;A. Fonseca;L. F. Castillo (det. 2016);;;1;3;;3.20;;;;;
BOS-Vesp 34;Vespidae;Vespa crabro;_/08/1983;Villamayor;;;España;;;;Hembra;Yolanda Sánchez;L. F. Castillo (det. 2016);;;1;3;;3.20;;;;;
BOS-Vesp 35;Vespidae;Vespa crabro;01/06/1981;Riaño;Riaño;León;España;;1000 m;;Hembra;Rosa Torres;Rosa Torres;L. F. Castillo (det. 2016);;1;3;;3.20;;;;Himenópteros;
BOS-Vesp 36;Vespidae;Vespa crabro;15/09/1989;San Sebastián;San Sebastián;Guipúzcoa;España;;;;Hembra;Itziar Esteban;Idoia Adarrayo;L. F. Castillo (det. 2016);;1;3;;3.20;;;;;
BOS-Vesp 37;Vespidae;Vespa crabro;_/07/1981;Perlora;Carreño;Asturias;España;Jardín;;;Macho;Gracia Fernández;L. F. Castillo (det. 2016);;;1;3;;3.20;;;Puede que tenga moho;;
BOS-Vesp 39;Vespidae;Vespa crabro;29/10/1978;Roces;;Asturias;España;;24.30;;Hembra;J. A. Diego;L. F. Castillo (det. 2016);;;1;3;;3.20;;;Puede que tenga moho;;
BOS-Vesp 40;Vespidae;Vespa crabro;12/05/1980;S. Lázaro;Oviedo;Asturias;España;Prado;;;Macho;P. Ciscar;L. F. Castillo (det. 2016);;;1;3;;3.20;;;;;
BOS-Vesp 41;Vespidae;Vespa crabro;11/09/1991;Brañes;Oviedo;Asturias;España;;;;Hembra;T. E. Díez Glez;J. Larumbe;L. F. Castillo (det. 2016);;1;3;;3.20;;;;;
BOS-Vesp 42;Vespidae;Vespa crabro;28/10/1991;El Fomento;Gijón;Asturias;España;;;;Macho;C. Glez Gómez;A. M. Glez Lozano;L. F. Castillo (det. 2016);;7;5;;Caja moho 2;;;Tiene moho;;
BOS-Vesp 43;Vespidae;Vespa crabro;25/05/1991;Maizales-Santurio;Gijón;Asturias;España;;;;Hembra;C. Viño Herbón;C. Viño Herbón;L. F. Castillo (det. 2016);;1;3;;3.20;;;;;
BOS-Vesp 44;Vespidae;Vespa crabro;27/09/1990;Amandi;Villaviciosa;Asturias;España;;;;Macho;Gonzalo Gil;Gonzalo Gil;L. F. Castillo (det. 2016);;1;3;;3.20;;;;;
BOS-Vesp 45;Vespidae;Vespa crabro;06/11/1990;Miranda;Avilés;Asturias;España;;;;Macho;C. Pérez R.;C. Pérez R.;L. F. Castillo (det. 2016);;1;3;;3.20;;;;;
BOS-Vesp 46;Vespidae;Vespa crabro;23/09/1990;La Pedrera (Villapérez);Oviedo;Asturias;España;;;;Hembra;Ana Pilar Secades;Paz Pérez Rodríguez;L. F. Castillo (det. 2016);;1;3;;3.20;;;;;
BOS-Vesp 47;Vespidae;Vespa crabro;21/06/1989;Peñas de Aya;;;España;;;;Hembra;José Glez Díaz;José Glez Díaz;L. F. Castillo (det. 2016);;7;5;C;Caja moho 2;;;Tiene moho;;
BOS-Vesp 48;Vespidae;Vespa crabro;20/09/1990;Carbayera del Tragamón;Gijón;Asturias;España;;;;Macho;Hugo Mortera;Hugo Mortera;L. F. Castillo (det. 2016);;1;3;;3.20;;;Puede que tenga moho;;
BOS-Vesp 49;Vespidae;Vespa crabro;26/10/1989;La Luz;Avilés;Asturias;España;;;;Macho;Pedro García-Rovés;Pedro García-Rovés;L. F. Castillo (det. 2016);;7;5;C;Caja moho 2;;;Tiene moho;;
BOS-Vesp 50;Vespidae;Vespa crabro;15/08/1988;Donostia;Donostia;Asturias;España;En flor de Rubus sp.;50 m;;Hembra;Aitor Murgialdai;Aitor Murgialdai;L. F. Castillo (det. 2016);;1;3;;3.20;;;Puede que tenga moho;;
BOS-Vesp 51;Vespidae;Vespa crabro;01/11/1989;Gijón;Gijón;Asturias;España;;;;Macho;Luis Valle;Luis Valle;L. F. Castillo (det. 2016);;1;3;;3.20;;;;;
BOS-Vesp 52;Vespidae;Vespa crabro;25/10/1993;Puente San Miguel;Reocín;Cantabria;España;;;;Macho;A. Gómez Espina;Ángela Gómez;L. F. Castillo (det. 2016);;1;3;;3.20;;;;;
BOS-Vesp 53;Vespidae;Vespa crabro;13/08/1994;Tiñana;Siero;Asturias;España;;;;Hembra;Ana Benito;Aurora Ferreras;L. F. Castillo (det. 2016);;1;3;;3.20;;;;;
BOS-Vesp 54;Vespidae;Vespa crabro;15/05/1992;Granda;Gijón;Asturias;España;;;;Hembra;Belén Álvarez;Belén Álvarez;L. F. Castillo (det. 2016);;7;5;C;Caja moho 2;;;Tiene moho;;
BOS-Vesp 55;Vespidae;Vespa crabro;20/07/1992;Llanes;Llanes;Asturias;España;;;;Macho;T. Sobrino;Conchita Gálvez;L. F. Castillo (det. 2016);;7;5;C;Caja moho 2;;;Tiene moho;;
BOS-Vesp 56;Vespidae;Vespa crabro;16/09/1992;Puentenansa;Rionansa;Cantabria;España;;;;Hembra;Ángel Serdio;Ángel Serdio;L. F. Castillo (det. 2016);;7;5;C;Caja moho 2;;;Tiene moho;;
BOS-Vesp 57;Vespidae;Vespa crabro;01/03/1975;Castiello;Lena;Asturias;España;;;;Hembra;Ildefonso Mdez;M. A. Aranda;L. F. Castillo (det. 2016);;1;3;;3.20;;;;;
BOS-Vesp 58;Vespidae;Vespa crabro;_/11/1992;Luanco;Gozón;Asturias;España;;;;Hembra;M. Echeverria;M. Echeverria;L. F. Castillo (det. 2016);;7;5;C;Caja moho 2;;;Tiene moho;;
BOS-Vesp 59;Vespidae;Vespa crabro;_/08/1993;Las Barzanas;Castrillón;Asturias;España;;;;Hembra;Paqui Morán;Paqui Morán;L. F. Castillo (det. 2016);;7;5;C;Caja moho 2;;;Tiene moho;;
BOS-Vesp 60;Vespidae;Vespa crabro;24/10/1991;Avin;Onís;Asturias;España;En un prado de siega;;;Hembra;Luis M. A. Cuetos;L. M. A. Cuetos;L. F. Castillo (det. 2016);;7;5;C;Caja moho 2;;;Tiene moho;;
BOS-Vesp 61;Vespidae;Vespa crabro;22/05/1993;Bueu;Bueu;Pontevedra;España;;;;Hembra;Laura Rguez Glez;Laura Rguez Glez;L. F. Castillo (det. 2016);;7;5;C;Caja moho 2;;;Tiene moho;;
BOS-Vesp 62;Vespidae;Vespa crabro;12/10/1992;La Felguera;Langreo;Asturias;España;;;;Macho;Pilar Iglesias;Pilar Iglesias;L. F. Castillo (det. 2016);;7;5;C;Caja moho 2;;;Tiene moho;;
BOS-Vesp 63;Vespidae;Vespa crabro;_/07/1992;Seoane;La Vega;Orense;España;;;;Macho;Mar Varella;Mar Varella;L. F. Castillo (det. 2016);;7;5;C;Caja moho 2;;;Tiene moho;;
BOS-Vesp 64;Vespidae;Vespa crabro;25/08/1987;Fadura;Getxo;Vizcaya;España;Brezal;20 m;;Hembra;Amaia Viota;Jose Luis Vega;L. F. Castillo (det. 2016);;7;5;C;Caja moho 2;;;Tiene moho;;
BOS-HYM-N01038;Sphecidae;Cerceris arenaria;27/08/1988;Monte Naranco;Oviedo;Asturias;España;;;;;Antonio Gómez Fdez;Antonio Gómez Fdez;;;1;3;;3.21;;;;;
BOS-HYM-N01039;Sphecidae;Cerceris arenaria;15/08/1980;Panjón;Nigrán;Pontevedra;España;;;;;A. Anadón;;;;1;3;;3.21;;;;;
BOS-HYM-N01040;Sphecidae;Cerceris dacica;07/06/1979;Trubia;Oviedo;Asturias;España;Huerta;;;Macho;P. Ciscar;;;;1;3;;3.21;;;;;
BOS-HYM-N01041;Sphecidae;Cerceris?;20/08/1980;Armunia;León;León;España;;;;;A. Riera;A. Riera;;;1;3;;3.21;;;;;
BOS-HYM-N01042;Sphecidae;;_/04/1975;Panjón;Nigrán;Pontevedra;España;;;;;E. Santiago;;;;1;3;;3.21;;;;;
BOS-HYM-N01043;Sphecidae;;15/07/1978;S. Juan de la Arena;Soto del Barco;Cantabria;España;;;;;M. A. Aranda;;;;1;3;;3.21;;;;;
BOS-HYM-N01044;Sphecidae;;12/06/1980;Trubia;Oviedo;Asturias;España;Huerta;;;;P. Ciscar;;;;1;3;;3.21;;;;;
BOS-HYM-N01045;Sphecidae;;14/06/1975;Tuiza de Arriba;Lena;Asturias;España;;;;;C. F. B. Quirós;;;;1;3;;3.21;;;;;
BOS-HYM-N01046;Sphecidae;;06/06/1980;Trubia;Oviedo;Asturias;España;Huerta;;;;P. Ciscar;;;;1;3;;3.21;;;;;
BOS-HYM-N01047;Crabronidae;Tachysphex saundersi;15/07/1978;S. Juan de la Arena;Soto del Barco;Cantabria;España;;;;Macho;M. A. Aranda;M. A. Aranda;;;1;3;;3.21;;;;;
BOS-HYM-N01048;Crabronidae;Pemphredon unicolor;06/08/1979;Trubia;Oviedo;Asturias;España;Huerta;;;Hembra;P. Ciscar;P. Ciscar;;;1;3;;3.21;;;;;
BOS-HYM-N01049;Crabronidae;Pemphredon unicolor;28/08/1979;Trubia;Oviedo;Asturias;España;Huerta;;;Macho;P. Ciscar;P. Ciscar;;;1;3;;3.21;;;;;
BOS-HYM-N01050;Crabronidae;Pemphredon unicolor;06/08/1979;Trubia;Oviedo;Asturias;España;Huerta;;;Hembra;P. Ciscar;P. Ciscar;;;1;3;;3.21;;;;;
BOS-HYM-N01051;Crabronidae;Pemphredon unicolor;06/08/1979;Trubia;Oviedo;Asturias;España;Huerta;;;Hembra;P. Ciscar;P. Ciscar;;;1;3;;3.21;;;;;
BOS-HYM-N01052;Crabronidae;Pemphredon unicolor;06/08/1979;Trubia;Oviedo;Asturias;España;Huerta;;;Hembra;P. Ciscar;P. Ciscar;;;1;3;;3.21;;;;;
BOS-HYM-N01053;Crabronidae;Pemphredon unicolor;20/09/1976;Trubia;Oviedo;Asturias;España;Huerta;;;Hembra;P. Ciscar;P. Ciscar;;;1;3;;3.21;;;;;
BOS-HYM-N01054;Crabronidae;Pemphredon unicolor;28/08/1979;Trubia;Oviedo;Asturias;España;Huerta;;;Macho;P. Ciscar;P. Ciscar;;;1;3;;3.21;;;;;
BOS-HYM-N01055;Crabronidae;Pemphredon unicolor;20/09/1976;Trubia;Oviedo;Asturias;España;Huerta;;;Macho;P. Ciscar;P. Ciscar;;;1;3;;3.21;;;;;
BOS-HYM-N01056;Crabronidae;Pemphredon unicolor;17/07/1976;Trubia;Oviedo;Asturias;España;Huerta;;;Hembra;P. Ciscar;P. Ciscar;;;1;3;;3.21;;;;;
BOS-HYM-N01057;Crabronidae;Pemphredon unicolor;28/08/1979;Trubia;Oviedo;Asturias;España;Huerta;;;Macho;P. Ciscar;P. Ciscar;;;1;3;;3.21;;;;;
BOS-HYM-N01058;Crabronidae;Pemphredon unicolor;22/06/1979;Trubia;Oviedo;Asturias;España;Huerta;;;Hembra;P. Ciscar;P. Ciscar;;;1;3;;3.21;;;;;
BOS-HYM-N01059;Crabronidae;Pemphredon unicolor;12/07/1979;Trubia;Oviedo;Asturias;España;Huerta;;;Hembra;P. Ciscar;P. Ciscar;;;1;3;;3.21;;;;;
BOS-HYM-N01060;Crabronidae;Pemphredon unicolor;28/08/1979;Trubia;Oviedo;Asturias;España;Huerta;;;Hembra;P. Ciscar;P. Ciscar;;;1;3;;3.21;;;;;
BOS-HYM-N01061;Crabronidae;Pemphredon unicolor;28/08/1979;Trubia;Oviedo;Asturias;España;Huerta;;;Hembra;P. Ciscar;P. Ciscar;;;1;3;;3.21;;;;;
BOS-HYM-N01062;Crabronidae;Pemphredon unicolor;20/09/1976;Trubia;Oviedo;Asturias;España;Huerta;;;Macho;P. Ciscar;P. Ciscar;;;1;3;;3.21;;;;;
BOS-HYM-N01063;Crabronidae;Pemphredon unicolor;28/08/1979;Trubia;Oviedo;Asturias;España;Huerta;;;Macho;P. Ciscar;P. Ciscar;;;1;3;;3.21;;;;;
BOS-HYM-N01064;Crabronidae;Pemphredon unicolor;18/07/1979;Trubia;Oviedo;Asturias;España;Huerta;;;Hembra;P. Ciscar;P. Ciscar;;;1;3;;3.21;;;;;
BOS-HYM-N01065;Crabronidae;Pemphredon unicolor;06/08/1979;Trubia;Oviedo;Asturias;España;Huerta;;;Macho;P. Ciscar;P. Ciscar;;;1;3;;3.21;;;;;
BOS-HYM-N01066;Crabronidae;Pemphredon unicolor;28/08/1979;Trubia;Oviedo;Asturias;España;Huerta;;;Macho;P. Ciscar;P. Ciscar;;;1;3;;3.21;;;;;
BOS-HYM-N01067;Crabronidae;Pemphredon;30/05/1986;Oviedo;Oviedo;Asturias;España;;;;;T. Sobrino;T. Sobrino;?;;1;3;;3.21;;;;Dípteros;
BOS-HYM-N01068;Crabronidae;Pemphredon;06/06/1980;Trubia;Oviedo;Asturias;España;Huerta;;;Macho;P. Ciscar;;;;1;3;;3.21;;;;;
BOS-HYM-N01069;Crabronidae;Pemphredon lethifer;31/10/1976;Trubia;Oviedo;Asturias;España;Huerta;;;Hembra;P. Ciscar;P. Ciscar;;;1;3;;3.21;;;;;
BOS-HYM-N01070;Crabronidae;Pemphredon lethifer;18/09/1979;Trubia;Oviedo;Asturias;España;Huerta;;;Hembra;P. Ciscar;P. Ciscar;;;1;3;;3.21;;;;;
BOS-HYM-N01071;Crabronidae;Mellinus arvensis;22/05/1985;Priorio (Las Caldas);Oviedo;Asturias;España;;;;;Isabel F. Suárez;Isabel F. Suárez;;;1;3;;3.21;;;;;
BOS-HYM-N01072;Crabronidae;Mellinus arvensis;23/10/1991;Avin;Onís;Asturias;España;;;;;María Herrero Sevilla;María Herrero;;;1;3;;3.21;;;;;
BOS-HYM-N01073;Crabronidae;Mellinus arvensis;24/08/1978;Fuso de la Reina;;Asturias;España;;;;Hembra;M. A. Aranda;M. A. Aranda;;;1;3;;3.21;;;;;
BOS-HYM-N01074;Crabronidae;Mellinus arvensis;22/10/1979;Belmonte;Belmonte;Asturias;España;Huerta;;;Macho;P. Ciscar;P. Ciscar;;;1;3;;3.21;;;;;
BOS-HYM-N01075;Crabronidae;Mellinus arvensis;04/11/1979;Belmonte;Belmonte;Asturias;España;Huerta;;;Hembra;P. Ciscar;P. Ciscar;;;1;3;;3.21;;;;;
BOS-HYM-N01076;Crabronidae;Mellinus arvensis var. Ibericus;04/11/1979;Belmonte;Belmonte;Asturias;España;Huerta;;;;P. Ciscar;P. Ciscar;;;1;3;;3.21;;;;;
BOS-HYM-N01077;Crabronidae;Mellinus arvensis;04/11/1979;Belmonte;Belmonte;Asturias;España;Huerta;;;Hembra;P. Ciscar;P. Ciscar;;;1;3;;3.21;;;;;
BOS-HYM-N01078;Crabronidae;Mellinus arvensis;26/07/1983;Salinas;Castrillón;Asturias;España;En una ventana;;;;Nieves Alonso-B.;Nieves Alonso-B.;;;1;3;;3.21;;;;;
BOS-HYM-N01079;Crabronidae;Mellinus arvensis;04/11/1989;Oviedo;Oviedo;Asturias;España;;;;;Antonio Palacios;Antonio Palacios;;;1;3;;3.21;;;;Philanthus triangulum;
BOS-HYM-N01080;Crabronidae;Mellinus arvensis;26/06/1993;Oviedo;Oviedo;Asturias;España;;;;;A. Gómez Espina;Ángeles Gómez;;;1;3;;3.21;;;;;
BOS-HYM-N01081;Crabronidae;Gorytes quinquecinctus;24/08/1978;Fuso de la Reina;;Asturias;España;;;;Hembra;M. A. Aranda;M. A. Aranda;;;1;3;;3.21;;;;;
BOS-HYM-N01082;Crabronidae;Mellinus arvensis;23/10/1988;Oviedo;Oviedo;Asturias;España;;;;;Idoia Villate;Idoia Villate;;;1;3;;3.21;;;;;
BOS-HYM-N01083;Crabronidae;Gorytes hispanicus;;Pontevedra;Pontevedra;Pontevedra;España;;;;;Domingo Suárez;M. A. Aranda;;;1;3;;3.21;;;;;
BOS-HYM-N01084;Crabronidae;Gorytes;09/05/1978;Lieres;Siero;Asturias;España;;;5,30 h;;;;;;1;3;;3.21;;;;;
BOS-HYM-N01085;Crabronidae;Gorytes laticinctus;03/08/1972;Panjón;Nigrán;Pontevedra;España;;;;;R. Anadón;M. A. Aranda;;;1;3;;3.21;;;;;
BOS-HYM-N01086;Crabronidae;Gorytes;05/06/1987;Sograndio;Oviedo;Asturias;España;;350 m;17 m;;A. Ron Fdez;A. Ron Fdez;;;1;3;;3.21;;;;;
BOS-HYM-N01087;Crabronidae;Mellinus arvensis;22/10/1991;Avin;Onís;Asturias;España;;;;;Fernando F. Cobas;;;;1;3;;3.21;;;;;
BOS-HYM-N01088;Crabronidae;Passaloecus turionum;05/10/1979;Llantrales;Grado;Asturias;España;;;;;P. Ciscar;P. Ciscar;;;1;3;;3.21;;;;;
BOS-HYM-N01089;Crabronidae;Ectemnius dives;13/06/1992;La Atalaya;Cudillero;Asturias;España;;;;;Pedro García-Rovés;Pedro García-Rovés;;;1;3;;3.21;;;;;
BOS-HYM-N01090;Vespidae;Dolichovespula sylvestris;29/07/1992;Lago Castiñeira;;Pontevedra;España;;;;;Laura Rguez Glez;Laura Rguez Glez;;;1;3;;3.21;;;;;
BOS-HYM-N01091;Vespidae;Odynerus;09/09/1991;Avilés;Avilés;Asturias;España;;;;;Violeta García;Violeta García;;;1;3;;3.21;;;;;
BOS-HYM-N01092;Crabronidae;Mellinus arvensis;23/10/1991;Avín;Onís;Asturias;España;;;;;David Álvarez Fdez;David Álvarez;;;1;3;;3.21;;;;;
BOS-HYM-N01093;Crabronidae;Passaloecus monilicornis;06/08/1979;Trubia;Oviedo;Asturias;España;Huerta;;;Macho;P. Ciscar;P. Ciscar;;;1;3;;3.21;;;;;
BOS-HYM-N01094;Crabronidae;Pison atrum;13/08/1978;Simancas;Simancas;Valladolid;España;;;;Hembra;M. A. Aranda;M. A. Aranda;;;1;3;;3.21;;;;;
BOS-HYM-N01095;Crabronidae;Trypoxylon clavicerum;13/08/1978;Simancas;Simancas;Valladolid;España;;;;Hembra;M. A. Aranda;M. A. Aranda;;;1;3;;3.21;;;;;
BOS-HYM-N01096;Crabronidae;Trypoxylon;06/06/1980;Trubia;Oviedo;Asturias;España;Huerta;;;;P. Ciscar;;;;1;3;;3.21;;;;;
BOS-HYM-N01097;Crabronidae;Trypoxylon attenuatum;05/11/1979;Alcubiellas;Grado;Asturias;España;Huerta;;;Macho;P. Ciscar;P. Ciscar;;;1;3;;3.21;;;;;
BOS-HYM-N01098;Crabronidae;Trypoxylon attenuatum;18/09/1979;Trubia;Oviedo;Asturias;España;Huerta;;;Hembra;P. Ciscar;P. Ciscar;;;1;3;;3.21;;;;;
BOS-HYM-N01099;Crabronidae;Trypoxylon attenuatum;05/10/1979;Llantrales;Grado;Asturias;España;Huerta;;;Macho;P. Ciscar;P. Ciscar;;;1;3;;3.21;;;;;
BOS-HYM-N01100;Crabronidae;Trypoxylon attenuatum;20/05/1980;Trubia;Oviedo;Asturias;España;Jardín;;;Macho;P. Ciscar;P. Ciscar;;;1;3;;3.21;;;;;
BOS-HYM-N01101;Crabronidae;Nitela sp.;21/06/1976;Trubia;Oviedo;Asturias;España;Huerta;;;Macho;P. Ciscar;P. Ciscar;;;1;3;;3.21;;;;;
BOS-HYM-N01102;Crabronidae;Trypoxylon figulus;01/06/1980;Trubia;Oviedo;Asturias;España;Sobre hojas;;;Macho;P. Ciscar;P. Ciscar;;;1;3;;3.21;;;;;
BOS-HYM-N01103;Crabronidae;Trypoxylon figulus;05/07/1979;Alcubiellas;Grado;Asturias;España;Huerta;;;Hembra;P. Ciscar;P. Ciscar;;;1;3;;3.21;;;;;
BOS-HYM-N01104;Crabronidae;Trypoxylon figulus;05/07/1979;Alcubiellas;Grado;Asturias;España;Huerta;;;Macho;P. Ciscar;P. Ciscar;;;1;3;;3.21;;;;;
BOS-HYM-N01105;Crabronidae;Trypoxylon figulus;15/05/1980;Trubia;Oviedo;Asturias;España;Prado con frutales;;;Hembra;P. Ciscar;P. Ciscar;;;1;3;;3.21;;;;;
BOS-HYM-N01106;Crabronidae;Trypoxylon figulus;13/08/1978;Simancas;Simancas;Valladolid;España;;;;Hembra;M. A. Aranda;M. A. Aranda;;;1;3;;3.21;;;;;
BOS-HYM-N01107;Crabronidae;Trypoxylon;28/05/1983;Ribadesella (Monte de Guía);Ribadesella;Asturias;España;Monte de Guía;;;;Mª Dolores C.;;;;1;3;;3.21;;;;;
BOS-HYM-N01108;Crabronidae;Trypoxylon figulus;_/07/1986;Calzada del Coto (Sahagún);Sahagún;León;España;En árbol;;;;S. Alperivillav.;S. Alperivillav.;;;1;3;;3.21;;;;;
BOS-HYM-N01109;Crabronidae;;04/05/1983;Oviedo;Oviedo;Asturias;España;En un seto;;17 h;;A. Anadón;;;;1;3;;3.21;;;;;
BOS-HYM-N01110;Crabronidae;;15/06/1980;Lugones;Siero;Asturias;España;Prado;;;;A. Anadón;;;;1;3;;3.21;;;;;
BOS-HYM-N01111;Crabronidae;;23/07/1972;Panjón;Nigrán;Pontevedra;España;;;;;R. Anadón;;;;1;3;;3.21;;;;;
BOS-HYM-N01112;Crabronidae;;23/07/1972;Panjón;Nigrán;Pontevedra;España;;;;;R. Anadón;;;;1;3;;3.21;;;;;
BOS-HYM-N01113;Crabronidae;Passaloecus turionum;05-07/06/1976;Trubia;Oviedo;Asturias;España;Huerta;;;Hembra;P. Ciscar;P. Ciscar;;;1;3;;3.21;;;;;
BOS-HYM-N01113;Crabronidae;Nitela spinolae;05/07/1979;Llantrales;Grado;Asturias;España;Huerta;;;;P. Ciscar;P. Ciscar;;;1;3;;3.21;;;;;
BOS-HYM-N01113;Crabronidae;Stigmus sp.;30/09/1976;Trubia;Oviedo;Asturias;España;Huerta;;;Macho;P. Ciscar;P. Ciscar;;;1;3;;3.21;;;;;
BOS-HYM-N01114;Pompilidae;;_/01/1975;Cuernavaca;;;México;;;;;;;;;1;3;;3.22;;;;;
BOS-HYM-N01115;Pompilidae;Cryptocheilus sp.;27/07/1986;Sta Marta;Sta Marta;Cáceres;España;;;;;Catalina Glez;B. Aguado;;;7;5;C;Caja moho 2;;;Tiene moho;Eumenes sp.;
BOS-HYM-N01116;Pompilidae;;18/08/1981;Panjón;Nigrán;Pontevedra;España;;;;;A. Anadón;;;;1;3;;3.22;;;;;
BOS-HYM-N01117;Pompilidae;Pompilus sp.;_/09/1974;S. Juan de la Mata;Arganza;León;España;;;;;R. Álvarez;;;;1;3;;3.22;;;;;
BOS-HYM-N01118;Pompilidae;;10/04/1982;Latores;Oviedo;Asturias;España;Antigua cantera;;;;M. Cruz Martín;;;;1;3;;3.22;;;;;
BOS-HYM-N01119;Trigonalidae;;21/10/1980;Naranco (Oviedo);Oviedo;Asturias;España;;;;;Blanca E. Álvarez;Blanca E. Álvarez;;;1;3;;3.22;;;;;
BOS-HYM-N01120;Pompilidae;;21/05/1983;Penjamo (La Felguera);Langreo;Asturias;España;;;;;Ana Mª Gutiérrez;;;;1;3;;3.22;;;;;
BOS-HYM-N01121;Pompilidae;Priocnemis fuscus;14/05/1978;Pola de Siero;Siero;Asturias;España;;;;Hembra;Javier Gurdiel;P. Ciscar;;;1;3;;3.22;;;;;
BOS-HYM-N01122;Pompilidae;Priocnemis fuscus;14/04/1975;Venta de Puga (Pruvia);Llanera;Asturias;España;;;;Hembra;A. F. Braña;P. Ciscar;;;1;3;;3.22;;;;;
BOS-HYM-N01123;Pompilidae;Aporus unicolor;28/07/1976;Trubia;Oviedo;Asturias;España;Matorral;;;Macho;P. Ciscar;P. Ciscar;;;1;3;;3.22;;;;;
BOS-HYM-N01124;Pompilidae;;27/07/1980;Porcía;El Franco;Asturias;España;;;;;Ana Quero;;;;1;3;;3.22;;;;;
BOS-HYM-N01125;Pompilidae;;20/08/1982;El Bierzo;;León;España;Ribera de río;;;;J. Rafael Glez Huerga;J. Rafael Glez Huerga;;;1;3;;3.22;;;;;
BOS-HYM-N01126;Pompilidae;;19/05/1976;Pto Ventana;San Emiliano;León;España;;;;;Ángeles Álvarez;;;;1;3;;3.22;;;;;
BOS-HYM-N01127;Pompilidae;;12/05/1982;El Cristo (Oviedo);Oviedo;Asturias;España;;;;;P. Fernández;;;;1;3;;3.22;;;;;
BOS-HYM-N01128;Pompilidae;;27/03/1976;Trubia;Oviedo;Asturias;España;Matorral;;;;P. Ciscar;;;;1;3;;3.22;;;;;
BOS-HYM-N01129;Pompilidae;;24/08/1982;Laukariz;Munguia;Vizcaya;España;Jardín;;18 h;;M. I. Saloña;;;;1;3;;3.22;;;;;
BOS-HYM-N01130;Pompilidae;;08/06/1986;Lugones;Siero;Asturias;España;;;;;Eva del Valle;Eva del Valle;;;1;3;;3.22;;;;Dípteros;
BOS-HYM-N01131;Pompilidae;;29/07/1980;Mazagón;Moguer y Palos de la Frontera;Huelva;España;;;;;F. J. Ocharan;;;;1;3;;3.22;;;;;
BOS-HYM-N01132;Pompilidae;;12/06/1980;Trubia;Oviedo;Asturias;España;Huerta;;;;;;;;7;5;C;Caja moho 2;;;Tiene moho;;
BOS-HYM-N01133;Pompilidae;;06/06/1980;Trubia;Oviedo;Asturias;España;Huerta;;;;P. Ciscar;;;;7;5;C;Caja moho 2;;;Tiene moho;;
BOS-HYM-N01134;Pompilidae;Anoplius nigerrimus;_/06/1974;Covadonga;Cangas de Onís;Asturias;España;;1100 m;;Hembra;P. Ciscar;P. Ciscar;;;1;3;;3.22;;;;;
BOS-HYM-N01135;Pompilidae;;06/06/1980;Trubia;Oviedo;Asturias;España;Huerta;;;;P. Ciscar;;;;1;3;;3.22;;;;;
BOS-HYM-N01136;Pompilidae;;06/06/1980;Trubia;Oviedo;Asturias;España;Huerta;;;;P. Ciscar;;;;1;3;;3.22;;;;;
BOS-HYM-N01137;Pompilidae;;27/07/1980;Porcía;El Franco;Asturias;España;;;;;Ana Quero;;;;1;3;;3.22;;;;;
BOS-HYM-N01138;Sphecidae;Sphex maxillosus;18/05/1986;Degaña;Degaña;Asturias;España;;;;;José Luis Acuña;José Luis Acuña;;;1;3;;3.22;;;;;
BOS-HYM-N01139;Pompilidae;;;Gijón;Gijón;Asturias;España;Prado;20 m;;;Mª Jesús Nieto;;;;1;3;;3.22;;;;;
BOS-HYM-N01140;Pompilidae;;29/09/1979;La Maya;La Maya;Salamanca;España;;;;;Orencio H. P.;;;;1;3;;3.22;;;;;
BOS-HYM-N01141;Pompilidae;Anoplis viaticus;19/09/1994;El Cristo (Oviedo);Oviedo;Asturias;España;Talud en matorral;330 msnm;;;Félix González;Félix González;;;1;3;;3.22;;;;;
BOS-HYM-N01142;Pompilidae;Anoplis viaticus;24/04/1988;Paradilla;La Pola de Gordón;León;España;;;;;Quintana;Quintana;;;1;3;;3.22;;;;;
BOS-HYM-N01143;Pompilidae;Anoplis viaticus;24/04/1988;Paradilla;La Pola de Gordón;León;España;;;;;Pellitero;Pellitero;;;1;3;;3.22;;;;;
BOS-HYM-N01144;Pompilidae;Pompilus apicalis;_/07/1993;La Robla;La Robla;León;España;;;;;E. García Vigil;C. Pavón Itormendi;;;1;3;;3.22;;;;;
BOS-HYM-N01145;Pompilidae;Pompilus cinereus;10/07/1992;Cueto;Santander;Cantabria;España;;;;;Fernando Esasi;Fernando Esasi;;;7;5;C;Caja moho 2;;;Tiene moho;;
BOS-HYM-N01146;Pompilidae;;23/07/1981;Trubia;Oviedo;Asturias;España;Prado con flores;;;;P. Ciscar;;;;1;3;;3.22;;;;;
BOS-HYM-N01147;Pompilidae;Caliadurgus fasciatellus;_/09/1993;Vegara;;Asturias;España;;;;;J. Aurelio Delgado;;;;1;3;;3.22;;;;;
BOS-HYM-N01148;Pompilidae;;20/08/1981;La Grova;;Pontevedra;España;;;;;A. Anadón;;;;1;3;;3.22;;;;;
BOS-HYM-N01149;Vespidae;Polistes sulcifer/atrimandibularis;20/08/1986;Geras de Gordón;La Pola de Gordón;León;España;;;;;G. Barroso;R. Blanco;;;1;3;;3.23;;;;Polistes gallicus;
BOS-HYM-N01150;Vespidae;Polistes sulcifer/atrimandibularis;01/05/1986;El Norte;Mieres;Asturias;España;;;;;E. Martínez Cueto-F.;;;;1;3;;3.23;;;;;
BOS-HYM-N01151;Vespidae;Polistes atrimandibularis;03/07/1981;Palanguinos;Villanueva de las Manzanas;León;España;Casa;;;;A. Abril;A. Abril;;;1;3;;3.23;;;;Polistes gallicus;
BOS-HYM-N01152;Vespidae;Polistes gallicus;31/08/1993;S. Miguel del Valle;S. Miguel del Valle;Zamora;España;;;;Hembra;C. Iturmendi M.;Ángeles Gómez;L. F. Castillo (det. 2016);;1;3;;3.23;;;;;
BOS-HYM-N01153;Vespidae;Polistes gallicus;27/07/1988;Parquesol;Valladolid;Valladolid;España;;;;Hembra;R. Echeanchia;R. Echeanchia;L. F. Castillo (det. 2016);;1;3;;3.23;;;;;
BOS-HYM-N01154;Vespidae;Polistes gallicus;05/07/1980;Cambrils;Cambrils;Tarragona;España;;;;Hembra;Abel J. Martín;Abel J. Martín;L. F. Castillo (det. 2016);;1;3;;3.23;;;;;
BOS-HYM-N01155;Vespidae;Polistes gallicus;_/04/1986;Oviedo;Oviedo;Asturias;España;;;;Hembra;P. R. P.;P. Rguez Pérez;L. F. Castillo (det. 2016);;1;3;;3.23;;;;;
BOS-HYM-N01156;Vespidae;Polistes gallicus;23/12/2007;Logroño;Logroño;La Rioja;España;Dentro de sombrilla;;;Hembra;B. Viguera;B. Viguera;;;1;3;;3.23;;;;;
BOS-HYM-N01157;Vespidae;Polistes gallicus;;Palencia;Palencia;Palencia;España;Pastizal;;;Hembra;Mª Jesús Nieto;L. F. Castillo (det. 2016);;;1;3;;3.23;;;;;
BOS-HYM-N01158;Vespidae;Polistes gallicus;28/08/1993;S. Miguel del Valle;S. Miguel del Valle;Zamora;España;;;;Hembra;C. Iturmendi Maslares;C. Pavón Iturmendi;L. F. Castillo (det. 2016);;1;3;;3.23;;;;;
BOS-HYM-N01159;Vespidae;Polistes nimphus;_/07/1984;Nozalinos;Siero;Asturias;España;;;;Hembra;A. Anadón;L. F. Castillo (det. 2016);;;1;3;;3.23;;;;;
BOS-HYM-N01160;Vespidae;Polistes nimphus;27/10/1983;Bobes;Siero;Asturias;España;;;;Hembra;Adela Martínez;L. F. Castillo (det. 2016);;;7;5;C;Caja moho 2;;;Tiene moho;;
BOS-HYM-N01161;Vespidae;Polistes nimphus;02/07/2010;Oviedo;Oviedo;Asturias;España;;;;Hembra;Tamara Fdez Vicente;Tamara Fdez Vicente;L. F. Castillo (det. 2016);;1;3;;3.23;;;;Vespula sp. Polistes;
BOS-HYM-N01162;Vespidae;Polistes nimphus;28/04/1980;La Isla;Colunga;Asturias;España;Prado;;;Hembra;A. Anadón;L. F. Castillo (det. 2016);;;7;5;C;Caja moho 2;;;Tiene moho;;
BOS-HYM-N01163;Vespidae;Polistes nimphus;29/07/1986;Mones (Luarca);Valdés;Asturias;España;Recogida con su nido sobre Centaurea sp.;300 m;;Hembra;R. Cernuda;R. Cernuda;L. F. Castillo (det. 2016);;7;5;C;Caja moho 2;;;Tiene moho;Polistes;
BOS-HYM-N01164;Vespidae;Polistes nimphus;15/08/1987;Prendonés;El Franco;Asturias;España;Brezal-tojal;;;Hembra;J. R. Fdez López;J. R. Fdez López;L. F. Castillo (det. 2016);;1;3;;3.23;;;;Polistes gallicus;
BOS-HYM-N01165;Vespidae;Polistes nimphus;15/05/1976;Oviedo;Oviedo;Asturias;España;;;;Hembra;S. Gargallo;M. A. Aranda;L. F. Castillo (det. 2016);;1;3;;3.23;;;;Polistes gallicus var. biglumis;
BOS-HYM-N01166;Vespidae;Polistes nimphus;28/05/1990;Salave;Tapia;Asturias;España;;;;Hembra;Damina González Fernández;Damina González Fernández;L. F. Castillo (det. 2016);;1;3;;3.23;;;;Polistes gallicus;
BOS-HYM-N01167;Vespidae;Polistes nimphus/biglumis;_/04/1976;Candás;Carreño;Asturias;España;;;;Hembra;C. Prendes O.;M. A. Aranda;;;1;3;;3.23;;;;Polistes gallicus var. biglumis;
BOS-HYM-N01168;Vespidae;Polistes nimphus;13/05/1983;Los Corros (Luarca);Valdés;Asturias;España;;;;;M. S. Rozado;M. Sierra;;;1;3;;3.23;;;;Polistes gallicus;
BOS-HYM-N01169;Vespidae;Polistes nimphus;24/10/2009;Villar (Luarca);Valdés;Asturias;España;;;;;Román Martínez Rey;Román Martínez Rey;;;1;3;;3.23;;;;Polistes gallicus;
BOS-HYM-N01170;Vespidae;Polistes nimpha;04/07/2010;La Romia;Lena;Asturias;España;;;;Hembra;Jonathan Arias;Lucía F. Castillo;;;1;3;;3.23;;;;;
BOS-HYM-N01171;Vespidae;Polistes nimpha;22/07/1972;Panjón;Nigrán;Asturias;España;;;;Hembra;R. Anadón;M. A. Aranda;;;1;3;;3.23;;;5;Polistes gallicus var. biglumis;
BOS-HYM-N01172;Vespidae;Polistes nimpha;04/09/2009;Naranco (Oviedo);Oviedo;Asturias;España;;;;Hembra;A. Azurmendi;Lucía F. Castillo;;;1;3;;3.23;;;;;
BOS-HYM-N01173;Vespidae;Polistes nimpha;_/07/1980;Cambrils;Cambrils;Tarragona;España;;;;;A. Bode;A. Bode;;;1;3;;3.23;;;;Polistes gallicus;
BOS-HYM-N01174;Vespidae;Polistes nimpha;_/05/1993;Tineo;Tineo;Asturias;España;;;;Hembra;Mª Elvira García;Mª Elvira García;L. F. Castillo (det. 2016);;1;3;;3.23;;;;Polistes gallicus;
BOS-HYM-N01175;Vespidae;Polistes nimpha;01/08/1972;Panjón;Nigrán;Pontevedra;España;;;;Hembra;R. Anadón;M. A. Aranda;;;1;3;;3.23;;;4;Polistes gallicus var. biglumis;
BOS-HYM-N01176;Vespidae;Polistes biglumis;24/05/1975;Torrestío;San Emiliano;León;España;;;;Hembra;C. F. B. Quirós;M. A. Aranda;;;1;3;;3.23;;;6;Polistes gallicus var. biglumis;
BOS-HYM-N01177;Vespidae;Polistes biglumis;22/10/1990;Villar (Luarca);Valdés;Asturias;España;;;;Hembra;F. Javier Ansorena;F. Javier Ansorena;L. F. Castillo (det. 2016);;1;3;;3.23;;;;Polistes gallicus;
BOS-HYM-N01178;Vespidae;Polistes biglumis;26/05/1991;Puerto S. Isidro;Puebla de Lillo;León;España;;;;Hembra;C. Viña Herbón;C. Viña;L. F. Castillo (det. 2016);;1;3;;3.23;;;;Polistes gallicus;
BOS-HYM-N01179;Vespidae;Polistes nimpha;26/10/1994;Villar (Luarca);Valdés;Asturias;España;Sobre hiedra;;;Macho;Brezo Mtz;Brezo Mtz;L. F. Castillo (det. 2016);;1;3;;3.23;;;;Polistes gallicus;
BOS-HYM-N01180;Vespidae;Polistes nimpha;24/10/1990;Luarca;Valdés;Asturias;España;;;;Macho;E. Celada Castañón;E. Celada;L. F. Castillo (det. 2016);;1;3;;3.23;;;;Polistes gallicus;
BOS-HYM-N01181;Vespidae;Polistes nimpha;22/10/1990;Villar (Luarca);Valdés;Asturias;España;;;;Macho;A. M. Glez Lozano;A. M. Glez Lozano;L. F. Castillo (det. 2016);;1;3;;3.23;;;;Polistes gallicus;
BOS-HYM-N01182;Vespidae;Polistes nimpha;04/11/2009;Sahagún;Sahagún;León;España;Prado;;;Macho;Diego Fernández;D. Fernández;L. F. Castillo (det. 2016);;1;3;;3.23;;;;Vespula sp.;
BOS-HYM-N01183;Vespidae;Polistes nimpha;19/07/1990;P. San Isidro;;Asturias-León;España;;;;Macho;Diana Cifuentes;Diana Cifuentes;L. F. Castillo (det. 2016);;1;3;;3.23;;;;Polistes gallicus;
BOS-HYM-N01184;Vespidae;Polistes dominula;15/08/1978;Simancas;Simancas;Valladolid;España;;;;Macho;M. A. Aranda;M. A. Aranda;L. F. Castillo (det. 2016);;1;3;;3.23;;;;Polistes gallicus;
BOS-HYM-N01185;Crabronidae;Bembix rostrata;17/08/1986;Playa Rodiles;Villaviciosa;Asturias;España;Pinar;;;;Teresa Suárez G.;Teresa Suárez G.;;;1;3;;3.24;;;;;
BOS-HYM-N01186;Crabronidae;Bembix sinuata;15/08/1978;Simancas;Simancas;Valladolid;España;;;;Hembra;M. A. Aranda;M. A. Aranda;;;1;3;;3.24;;;;;
BOS-HYM-N01187;Crabronidae;Bembix sinuata;15/08/1978;Simancas;Simancas;Valladolid;España;;;;Macho;M. A. Aranda;M. A. Aranda;;;1;3;;3.24;;;;;
BOS-HYM-N01188;Crabronidae;Bembix sinuata;13/08/1978;Simancas;Simancas;Valladolid;España;;;;Hembra;M. A. Aranda;M. A. Aranda;;;1;3;;3.24;;;;;
BOS-HYM-N01189;Crabronidae;Bembix sinuata;15/08/1978;Simancas;Simancas;Valladolid;España;;;;Hembra;M. A. Aranda;M. A. Aranda;;;1;3;;3.24;;;;;
BOS-HYM-N01190;Crabronidae;Bembix sinuata;15/08/1978;Simancas;Simancas;Valladolid;España;;;;Hembra;M. A. Aranda;M. A. Aranda;;;1;3;;3.24;;;;;
BOS-HYM-N01191;Crabronidae;Bembix sinuata;15/08/1978;Simancas;Simancas;Valladolid;España;;;;Hembra;M. A. Aranda;M. A. Aranda;;;1;3;;3.24;;;;;
BOS-HYM-N01192;Crabronidae;Bembix oculata;15/07/1978;S. Juan de la Arena;Soto del Barco;Asturias;España;;;;Hembra;M. A. Aranda;M. A. Aranda;;;1;3;;3.24;;;;;
BOS-HYM-N01193;Crabronidae;Bembix rostrata;10/08/1983;Gumiel;Gumiel;Burgos;España;Barbecho;;;;C. Suárez;C. Suárez;;;1;3;;3.24;;;;;
BOS-HYM-N01194;Crabronidae;Bembix oculata;03/08/1972;Panjón;Nigrán;Pontevedra;España;;;;Macho;R. Anadón;M. A. Aranda;;;1;3;;3.24;;;;;
BOS-HYM-N01195;Crabronidae;Bembix zonata;15/08/1978;Simancas;Simancas;Valladolid;España;;;;Hembra;M. A. Aranda;M. A. Aranda;;;1;3;;3.24;;;;;
BOS-HYM-N01196;Crabronidae;Bembix oculata;15/07/1978;S. Juan de la Arena;Soto del Barco;Asturias;España;;;;Hembra;M. A. Aranda;M. A. Aranda;;;1;3;;3.24;;;;;
BOS-HYM-N01197;Crabronidae;Bembix sinuata;18/08/1978;Simancas;Simancas;Valladolid;España;;;;Hembra;M. A. Aranda;M. A. Aranda;;;1;3;;3.24;;;;;
BOS-HYM-N01198;Crabronidae;Bembix zonata;13/08/1978;Simancas;Simancas;Valladolid;España;;;;Hembra;M. A. Aranda;M. A. Aranda;;;1;3;;3.24;;;;;
BOS-HYM-N01199;Crabronidae;Bembix rostrata;_/07/1975;S. Cristóbal;Castrillón;Asturias;España;;;;Macho;M. A. Aranda;M. A. Aranda;;;1;3;;3.24;;;;;
BOS-HYM-N01200;Crabronidae;Bembix sp.;03/08/1972;Panjón;Nigrán;Asturias;España;;;;;R. Anadón;;;;1;3;;3.24;;;;;
BOS-HYM-N01201;Crabronidae;Bembix oculata;15/07/1978;S. Juan de la Arena;Soto del Barco;Asturias;España;;;;Macho;M. A. Aranda;M. A. Aranda;;;1;3;;3.24;;;;;
BOS-HYM-N01202;Crabronidae;Bembix oculata;15/07/1978;S. Juan de la Arena;Soto del Barco;Asturias;España;;;;Macho;M. A. Aranda;M. A. Aranda;;;1;3;;3.24;;;;;
BOS-HYM-N01203;Crabronidae;Stizus trideus;15/07/1978;S. Juan de la Arena;Soto del Barco;Asturias;España;;;;Hembra;M. A. Aranda;M. A. Aranda;;;1;3;;3.25;;;;;
BOS-HYM-N01204;Crabronidae;Stizus trideus;15/07/1978;S. Juan de la Arena;Soto del Barco;Asturias;España;;;;Hembra;M. A. Aranda;M. A. Aranda;;;1;3;;3.25;;;;;
BOS-HYM-N01205;Crabronidae;Stizus trideus;15/07/1978;S. Juan de la Arena;Soto del Barco;Asturias;España;;;;Hembra;M. A. Aranda;M. A. Aranda;;;1;3;;3.25;;;;;
BOS-HYM-N01206;Crabronidae;Stizus trideus;15/07/1978;S. Juan de la Arena;Soto del Barco;Asturias;España;;;;Hembra;M. A. Aranda;M. A. Aranda;;;1;3;;3.25;;;;;
BOS-HYM-N01207;Crabronidae;Stizus trideus;15/07/1978;S. Juan de la Arena;Soto del Barco;Asturias;España;;;;Hembra;M. A. Aranda;M. A. Aranda;;;1;3;;3.25;;;;;
BOS-HYM-N01208;Crabronidae;Stizus trideus;15/07/1978;S. Juan de la Arena;Soto del Barco;Asturias;España;;;;Hembra;M. A. Aranda;M. A. Aranda;;;1;3;;3.25;;;;;
BOS-HYM-N01209;Crabronidae;Stizus trideus;15/07/1978;S. Juan de la Arena;Soto del Barco;Asturias;España;;;;Hembra;M. A. Aranda;M. A. Aranda;;;1;3;;3.25;;;;;
BOS-HYM-N01210;Crabronidae;Stizus trideus;15/07/1978;S. Juan de la Arena;Soto del Barco;Asturias;España;;;;Macho;M. A. Aranda;M. A. Aranda;;;1;3;;3.25;;;;;
BOS-HYM-N01211;Crabronidae;;09/09/1989;Avilés;Avilés;Asturias;España;;;;;Gonzalo Rguez;Gonzalo Rguez;;;1;3;;3.25;;;;Vespula sp.;
BOS-HYM-N01212;Crabronidae;Bembix oculata;07/03/1994;Oviedo;Oviedo;Asturias;España;;;;;Isabel Glez;Isabel Glez;;;1;3;;3.25;;;;;
BOS-HYM-N01213;Crabronidae;Psenulus;27/05/1987;Oviedo;Oviedo;Asturias;España;;;;;P. Serret;;;;1;3;;3.25;;;;;
BOS-HYM-N01214;Crabronidae;Nysson spinosus;20/05/1980;Trubia;Oviedo;Asturias;España;Jardín;;;Macho;P. Ciscar;P. Ciscar;;;1;3;;3.25;;;;;
BOS-HYM-N01215;Crabronidae;Cerceris arenaria;05/06/1997;Rodiles;Villaviciosa;Asturias;España;;;;;J. Antuña;;;;1;3;;3.25;;;;;
BOS-HYM-N01216;Crabronidae;Philanthus triangulum;30/07/1972;Panjón;Nigrán;Pontevedra;España;;;;Macho;R. Anadón;E. Fdez Nespral;L. O. Aguado;;1;3;;3.25;;;;Philanthus;
BOS-HYM-N01217;Crabronidae;Philanthus triangulum;06/05/1990;Parque de invierno (Oviedo);Oviedo;Asturias;España;;;;;Gemma Llanez;Gemma Llanez;;;1;3;;3.25;;;;;
BOS-HYM-N01218;Crabronidae;Philanthus triangulum;13/08/1978;Simancas;Simancas;Valladolid;España;;;;Macho;M. A. Aranda;M. A. Aranda;;;1;3;;3.25;;;;;
BOS-HYM-N01219;Crabronidae;Philanthus triangulum;13/08/1978;Simancas;Simancas;Valladolid;España;;;;Macho;M. A. Aranda;M. A. Aranda;;;1;3;;3.25;;;;;
BOS-HYM-N01220;Crabronidae;Philanthus triangulum;13/08/1978;Simancas;Simancas;Valladolid;España;;;;Hembra;M. A. Aranda;M. A. Aranda;;;1;3;;3.25;;;;;
BOS-HYM-N01221;Crabronidae;Philanthus triangulum;13/08/1978;Simancas;Simancas;Valladolid;España;;;;Hembra;M. A. Aranda;M. A. Aranda;;;1;3;;3.25;;;;;
BOS-HYM-N01222;Crabronidae;Philanthus triangulum;30/07/1972;Panjón;Nigrán;Pontevedra;España;;;;Macho;R. Anadón;M. A. Aranda;;;1;3;;3.25;;;;;
BOS-HYM-N01223;Crabronidae;Philanthus triangulum;30/07/1972;Panjón;Nigrán;Pontevedra;España;;;;Macho;R. Anadón;M. A. Aranda;;;1;3;;3.25;;;;;
BOS-HYM-N01224;Crabronidae;Philanthus triangulum;02/02/1997;Gijón;Gijón;Asturias;España;;;;Hembra;M. Gutiérrez;M. Gutiérrez;L. O. Aguado;;1;3;;3.25;;;;;
BOS-HYM-N01225;Crabronidae;Philanthus;05/08/1980;Ribadeo;Ribadeo;Lugo;España;;;;;A. Anadón;;;;1;3;;3.25;;;;;
BOS-HYM-N01226;Crabronidae;Philanthus triangulum;15/08/1980;Panjón;Nigrán;Asturias;España;;;;;A. Anadón;;;;1;3;;3.25;;;;;
BOS-HYM-N01227;Crabronidae;Philanthus triangulum;23/09/1983;Escalante;Escalante;Cantabria;España;Prado;;;;David Haya de la Sierra;;;;1;3;;3.25;;;;;
BOS-HYM-N01228;Crabronidae;Philanthus triangulum;10/08/1980;Luarca;Valdés;Asturias;España;"En ""preplaya""";;;;J. M. Santaeufemia;J. M. Santaeufemia;;;1;3;;3.25;;;;;
BOS-HYM-N01229;Crabronidae;Philanthus triangulum;10/08/1981;Gorliz;Gorliz;;España;Matorral;;;;M. J. Saloña;M. J. Saloña;;;1;3;;3.25;;;;Ectemnius quadricinctus;
BOS-HYM-N01230;Crabronidae;Philanthus triangulum;11/08/1996;Dungeness;Kent;Inglaterra;Reino Unido;;;;;Felipe Glez;Felipe Glez;;;1;3;;3.25;;;;;
BOS-HYM-N01231;Crabronidae;Philanthus triangulum;25/08/1990;Santa Mª del Mar;;;España;;;;;Tely Lana;Paz Pérez Rodríguez;;;1;3;;3.25;;;;;
BOS-HYM-N01232;Crabronidae;Bembix rostrata;_/08/1996;Silió;Molledo;Cantabria;España;Monte bajo;;;;Román Gómez;;;;1;3;;3.25;;;;;
BOS-HYM-N01233;Crabronidae;Bembix sp.;_/08/1996;Silió;Molledo;Cantabria;España;Monte bajo;;;;Román Gómez;;;;1;3;;3.25;;;;Vespula sp.;
BOS-HYM-N01234;Crabronidae;Bembix sinuata;13/08/1978;Simancas;Simancas;Valladolid;España;;;;Hembra;M. A. Aranda;M. A. Aranda;;;1;3;;3.25;;;;;
BOS-HYM-N01235;Crabronidae;Bembix sp.;06/07/1980;Requexo;Villaviciosa;Asturias;España;Cuesta;;;;Iván García;Hernán García;;;1;3;;3.25;;;;Polistes;
BOS-HYM-N01236;Crabronidae;Stizus distinguendus;30/06/1992;Ribera del Tera (Sanabria);;Zamora;España;;;;;S. Barquero;S. Barquero;;;1;3;;3.25;;;Nidos= orificios arena;;
BOS-HYM-N01237;Crabronidae;Crabro (Lindahius);13/08/1978;Simancas;Simancas;Valladolid;España;;;;Hembra;M. A. Aranda;M. A. Aranda;;;1;3;;3.25;;;;;
BOS-HYM-N01238;Crabronidae;Crabro sp.;18/08/1981;Río Vanido;;Pontevedra;España;;;;;A. Anadón;;;;1;3;;3.25;;;;;
BOS-HYM-N01239;Vespidae;Odynerus sp.;26/06/1996;Avilés;Avilés;Asturias;España;;;;;S. Álvarez Estrada;S. Álvarez Estrada;;;1;3;;3.25;;;;;
BOS-HYM-N01240;Crabronidae;Crabro elongatus;07/07/1979;Trubia;Oviedo;Asturias;España;Huerta;;;Macho;P. Ciscar;P. Ciscar;;;1;3;;3.25;;;;;
BOS-HYM-N01241;Crabronidae;Crabro elongatus;18/07/1979;Trubia;Oviedo;Asturias;España;Huerta;;;;P. Ciscar;P. Ciscar;;;1;3;;3.25;;;;;
BOS-HYM-N01242;Crabronidae;Crabro elongatus;28/07/1976;Trubia;Oviedo;Asturias;España;En prado;;;Macho;P. Ciscar;P. Ciscar;;;1;3;;3.25;;;;;
BOS-HYM-N01243;Crabronidae;;04/05/1983;Oviedo;Oviedo;Asturias;España;En un seto;;;;A. Anadón;;;;1;3;;3.25;;;;;
BOS-HYM-N01244;Crabronidae;Crabro brerris;05/07/1979;Llantrales;Grado;Asturias;España;Huerta;;;Hembra;P. Ciscar;P. Ciscar;;;1;3;;3.25;;;;;
BOS-HYM-N01245;Crabronidae;Crabro clavipes;28/08/1979;Trubia;Oviedo;Asturias;España;Huerta;;;Macho;P. Ciscar;P. Ciscar;;;1;3;;3.25;;;;;
BOS-HYM-N01246;Crabronidae;Crabro elongatulus;06/08/1979;Trubia;Oviedo;Asturias;España;Huerta;;;Macho;P. Ciscar;P. Ciscar;;;1;3;;3.25;;;;;
BOS-HYM-N01247;Crabronidae;Crabro brevis;18/09/1976;Trubia;Oviedo;Asturias;España;Prado;;;Macho;P. Ciscar;P. Ciscar;;;1;3;;3.25;;;;;
BOS-HYM-N01248;Crabronidae;Crabro clavipes;31/10/1976;Trubia;Oviedo;Asturias;España;Huerta;;;Hembra;P. Ciscar;P. Ciscar;;;1;3;;3.25;;;;;
BOS-HYM-N01249;Crabronidae;Crabro chrysostomus;_/07/1977;Tagle;Suances;Cantabria;España;;;;Macho;José M. Piney;P. Ciscar;;;1;3;;3.25;;;;;
BOS-HYM-N01250;Crabronidae;Stigmus solsky;30/09/1976;Trubia;Oviedo;Asturias;España;Huerta;;;Macho;P. Ciscar;P. Ciscar;;;1;3;;3.26;;;;;
BOS-HYM-N01251;Crabronidae;Didineis crassicornis;30/09/1979;La Mata;Grado;Asturias;España;;;;Hembra;P. Ciscar;P. Ciscar;;;1;3;;3.26;;;;;
BOS-HYM-N01252;Crabronidae;Didineis crassicornis;30/09/1979;La Mata;Grado;Asturias;España;;;;Hembra;P. Ciscar;P. Ciscar;;;1;3;;3.26;;;;;
BOS-HYM-N01253;Crabronidae;Didineis crassicornis;30/09/1979;La Mata;Grado;Asturias;España;;;;Hembra;P. Ciscar;P. Ciscar;;;1;3;;3.26;;;;;
BOS-HYM-N01254;Sphecidae;Sphex sp.;20/12/1982;La Bañeza;La Bañeza;León;España;Ribera de río;;;;Rafael Fdez Huerga;;;;7;5;C;Caja moho 2;;;Tiene moho;;
BOS-HYM-N01255;Sphecidae;Sphex sp.;20/07/1980;Castuera;Castuera;Badajoz;España;;;;;M. J. Gañán;;;;7;5;C;Caja moho 2;;;Tiene moho;;
BOS-HYM-N01256;Sphecidae;Sphex sp.;15/05/1981;Riaño;Riaño;León;España;;1000 m;;;Rosa Torres;;;;7;5;C;Caja moho 2;;;Tiene moho;;
BOS-HYM-N01257;Sphecidae;Sphex melonarius;_/08/1981;La Cabera;;León;España;Prado;;;;Susana Junquera;;;;7;5;C;Caja moho 2;;;Tiene moho?;;
BOS-HYM-N01258;Sphecidae;Sphex maxillosus;04/11/1979;Pendones (Campo de Caso);Caso;Asturias;España;Helecho;1550 m;13 h;;Rosa Rodríguez;Rosa Rodríguez A.;;;7;5;C;Caja moho 2;;;Tiene moho;;
BOS-HYM-N01259;Sphecidae;Sphex maxillosus;17/08/1981;Ermita Alba;Vigo;Vigo;España;;;;;A. Anadón;A. Anadón;;;1;3;;3.26;;;;;
BOS-HYM-N01260;Sphecidae;Sphex maxillosus;20/07/1976;Denia;Denia;Alicante;España;Playa;;;Macho;Gregorio R. Glez;P. Ciscar;;;1;3;;3.26;;;;;
BOS-HYM-N01261;Sphecidae;Ammophila hirsuta;13/08/1978;Simancas;Simancas;Valladolid;España;;;;Hembra;M. A. Aranda;M. A. Aranda;;;1;3;;3.26;;;;;
BOS-HYM-N01262;Sphecidae;Sphex albisectus;01/08/1972;Panjón;Nigrán;Pontevedra;España;;;;;R. Anadón;M. A. Aranda;;;1;3;;3.26;;;;;
BOS-HYM-N01263;Sphecidae;Sphex albisectus;30/07/1972;Panjón;Nigrán;Pontevedra;España;;;;;R. Anadón;M. A. Aranda;;;1;3;;3.26;;;;;
BOS-HYM-N01264;Sphecidae;Sphex albisectus;03/08/1972;Panjón;Nigrán;Pontevedra;España;;;;Macho;R. Anadón;M. A. Aranda;;;1;3;;3.26;;;;;
BOS-HYM-N01265;Sphecidae;Sphex albisectus;01/08/1972;Panjón;Nigrán;Pontevedra;España;;;;Hembra;R. Anadón;M. A. Aranda;;;1;3;;3.26;;;;;
BOS-HYM-N01266;Sphecidae;Sphex albisectus;_/07/1974;Verín;Verín;Orense;España;;;;Macho;Juan Fernández Suárez;M. A. Aranda;;;1;3;;3.26;;;;;
BOS-HYM-N01267;Sphecidae;Sphex sp.;04/06/1978;Sta Mª del Mar;Castrillón;Asturias;España;Pradera;;;;P. Domínguez;;;;1;3;;3.26;;;;;
BOS-HYM-N01268;Sphecidae;Sphex albisectus;15/08/1982;La Alberca;La Alberca;Salamanca;España;;;;;F. Caballero;F. Caballero;;;1;3;;3.26;;;;;
BOS-HYM-N01269;Sphecidae;Sphex albisectus;_/08/1980;Sangenjo;Sangenjo;Pontevedra;España;;;;;Ana Quero;;;;1;3;;3.26;;;;;
BOS-HYM-N01270;Sphecidae;Sphex albisectus;05/08/1980;El Campo;;León;España;;;;;Ana J. González Fdez;;;;7;5;C;Caja moho 2;;;Tiene moho;;
BOS-HYM-N01271;Sphecidae;Sphex albisectus;13/08/1982;La Alberca;La Alberca;Salamanca;España;Sobre flores;;;;H. Caballero;H. Caballero;;;1;3;;3.26;;;;;
BOS-HYM-N01272;Sphecidae;Ammophila sp.;_/08/1980;Bembibre;Bembibre;León;España;;;;;Isabel Fernández Merayo;M. J. Gañán;;;1;3;;3.26;;;;;
BOS-HYM-N01273;Sphecidae;Ammophila hirsuta;03/07/1981;Palanguinos;Villanueva de las Manzanas;León;España;Río;;;;A. Abril;A. Abril;;;1;3;;3.26;;;;;
BOS-HYM-N01274;Sphecidae;Ammophila hirsuta;28/07/1983;Monte El Viejo;Palencia;Palencia;España;;;;;Mª José García;Mª José García;;;7;5;C;Caja moho 2;;;Tiene moho?;Ammophila sabulosa;
BOS-HYM-N01275;Sphecidae;Ammophila hirsuta;08/04/1982;Laguna de Duero;Laguna de Duero;Valladolid;España;;;;;Pilar García M.;;;;7;5;C;Caja moho 2;;;Tiene moho;;
BOS-HYM-N01276;Sphecidae;Ammophila hirsuta;12/04/1980;Pola de Gordón;Pola de Gordón;León;España;;;;;A. Riera;A. Riera;;;1;3;;3.26;;;;;
BOS-HYM-N01277;Sphecidae;Ammophila hirsuta;03/05/1982;El Cristo (Oviedo);Oviedo;Asturias;España;Prado;;14 h;;Mª José Álvarez;;;;1;3;;3.26;;;;Sphex maxillosus;
BOS-HYM-N01278;Sphecidae;;_/08/1986;Valle de la Beeka (Antilíbano);;;Líbano;;;;;Begoña R. Oleaga;Carmen R. Oleaga;;;1;3;;3.26;;;;Formícidos;
BOS-HYM-N01279;Sphecidae;Sphex albisectus;10/07/1983;La Antilla;Lepe;Huelva;España;;;;;Patricia González;;;;7;5;C;Caja moho 2;;;Tiene moho;;
BOS-HYM-N01280;Sphecidae;Ammophila hirsuta;27/06/1985;Miranda;;;;;;;;M. Acevedo;;;;7;5;C;Caja moho 2;;;Tiene moho;;
BOS-HYM-N01281;Sphecidae;;15/08/1980;Panjón;Nigrán;Pontevedra;España;;;;;A. Anadón;;;;1;3;;3.26;;;;;
BOS-HYM-N01282;Sphecidae;Sphex albisectus;29/07/1980;Mazagón;Moguer y Palos de la Frontera;Huelva;España;;;;;F. J. Ocharan;;;;1;3;;3.26;;;;;
BOS-HYM-N01283;Sphecidae;Ammophila sabulosa;07/08/1980;Villanueva de Arosa;Villanueva de Arosa;Pontevedra;España;Sobre vides;;;;Pérez García;Pérez García;;;7;5;C;Caja moho 2;;;Tiene moho;Ammophila;
BOS-HYM-N01284;Sphecidae;Ammophila sabulosa;19/07/1975;Herrera de Duero;Tudela de Duero;Valladolid;España;;;;;C. F. B. Quirós;;;;7;5;C;Caja moho 2;;;Tiene moho;;
BOS-HYM-N01285;Sphecidae;Ammophila sabulosa;01/06/1986;Barrios de Luna;;León;España;;;;;Begoña Cuartas;Paloma Cuartas;;;1;3;;3.26;;;;Ammophila hirsuta;
BOS-HYM-N01286;Sphecidae;Ammophila sabulosa;18/08/1981;Monteferro;Nigrán;Pontevedra;España;En casa;;;;A. Anadón;;;;1;3;;3.26;;;;;
BOS-HYM-N01287;Sphecidae;Ammophila sabulosa;_/08/1986;La Robla;La Robla;León;España;;;11:33 AM;;Mª Elena Benitos;Mª Elena Benitos;;;1;3;;3.26;;;;;
BOS-HYM-N01288;Sphecidae;Ammophila hirsuta;01/05/1987;Monasterio de hermo;Cangas del Narcea;Asturias;España;;1025 m;;;Pilar Álvarez González;Pilar Álvarez González;;;1;3;;3.26;;;;Himenóptero;
BOS-HYM-N01289;Sphecidae;Ammophila hirsuta;08/05/1982;Peñaullan;Pravia;Asturias;España;Camino;;;;Ana Suárez;Ana Suárez;;;1;3;;3.26;;;;Ammophila sabulosa;
BOS-HYM-N01290;Sphecidae;Ammophila hirsuta;_/07/1982;Serantes;Tapia;Asturias;España;;;;;Rita Fdez;;;;1;3;;3.26;;;;Ammophila;
BOS-HYM-N01291;Sphecidae;Ammophila hirsuta;18/07/1986;San Salvador de Cantamuda;La Pernía ;Palencia;España;;;;;José Llorente;;;;1;3;;3.26;;;;Ammophila sabulosa;
BOS-HYM-N01292;Sphecidae;Larra anathema;20/08/1983;Valencia de Don Juan;Valencia de Don Juan;León;España;;;;;Elena Fdez-Nespral;;;;1;3;;3.26;;;;;
BOS-HYM-N01293;Sphecidae;Ammophila hirsuta;15/04/1979;La Flecha;Cabrerizos;Salamanca;España;;;;Macho;C. Castillo;P. Ciscar;;;1;3;;3.26;;;;;
BOS-HYM-N01294;Sphecidae;Ammophila hirsuta;20/06/1980;La Palomera (León);León;León;España;;;;;Orencio H. Palacios;Charo;;;1;3;;3.26;;;;;
BOS-HYM-N01295;Tenthredinidae;Tenthredo  bifasciata;03/05/1982;Sala;Colunga;Asturias;España;;;;;H. Caballero;L. O. Aguado 2013;;;1;3;;3.27;;;;;
BOS-HYM-N01296;Tenthredinidae;Tenthredo  bifasciata;06/05/1982;La Isla;Colunga;Asturias;España;Prado con umbelífera;;13 h;;Mª José Álvarez;;;;1;3;;3.27;;;;;
BOS-HYM-N01297;Tenthredinidae;Tenthredo  bifasciata;04/05/1982;La Isla;Colunga;Asturias;España;;;;;J. Lobera;J. Lobera;;;1;3;;3.27;;;;Macrophyta sp.;
BOS-HYM-N01298;Tenthredinidae;Tenthredo vidua;07/07/1974;Peña de los cuervos (Ordillón-Sueve);Piloña;Asturias;España;;;;Hembra;C. Lastra;P. Ciscar;;;1;3;;3.27;;;;;
BOS-HYM-N01299;Tenthredinidae;Tenthredo vidua;_/05/1978;Somió;Gijón;Asturias;España;Matorral;;;Hembra;Luis E. Pérez;P. Ciscar;;;1;3;;3.27;;;;;
BOS-HYM-N01300;Tenthredinidae;Tenthredo vidua;_/05/1978;La Castañalona;Castrillón;Asturias;España;;;;Hembra;M. A. Aranda;P. Ciscar;;;1;3;;3.27;;;;;
BOS-HYM-N01301;Tenthredinidae;Tenthredo vidua;_/05/1975;Corias;Pravia;Asturias;España;;;;Hembra;M. A. Aranda;P. Ciscar;;;1;3;;3.27;;;;;
BOS-HYM-N01302;Tenthredinidae;Tenthredo vidua;17/05/1981;Zeluan ;Avilés;Asturias;España;Prado;;;Hembra;Isabel Márquez;P. Ciscar;;;1;3;;3.27;;;;;
BOS-HYM-N01303;Tenthredinidae;Tenthredo bifasciata;27/05/1990;Tornón;Villaviciosa;Asturias;España;Sobre rosal silvestre;;;Hembra;Carlos Felgueres;C. Felgueres;L. O. Aguado;;1;3;;3.27;;;;Allantus bifasciata;
BOS-HYM-N01304;Tenthredinidae;Macrophya sp.;04/05/1982;La Isla;Colunga;Asturias;España;;;;;J. Lobera;J. Lobera;;;7;5;C;Caja moho 2;;;Tiene moho;;
BOS-HYM-N01305;Tenthredinidae;Tenthredo sp.;16/05/1982;Peñaullan;Pravia;Asturias;España;Prado;;;;Ana Suárez;Ana Suárez;;;7;5;C;Caja moho 2;;;Tiene moho;;
BOS-HYM-N01306;Tenthredinidae;Tenthredo sp.;03/08/1983;Oreña;Alfoz de Lloredo;Cantabria;España;;;;;J. A. González;;;;1;3;;3.27;;;;;
BOS-HYM-N01307;Tenthredinidae;Tenthredo sp.;04/06/1983;Avilés;Avilés;Asturias;España;;;;;Pilar Díaz González;Pilar Díaz;;;1;3;;3.27;;;;Hymenoptera;
BOS-HYM-N01308;Tenthredinidae;Tenthredo sp.;28/07/1982;Sedano;Valle de Sedano;Burgos;España;;;;;M. J. Adrián;;;;1;3;;3.27;;;;;
BOS-HYM-N01309;Tenthredinidae;Tenthredo sp.;30/05/1982;Sta Mª Mar;;;España;Prado;;;;C. Suárez;C. Suárez;;;7;5;C;Caja moho 2;;;Tiene moho;Himenópteros;
BOS-HYM-N01310;Tenthredinidae;Tenthredo sp.;_/06/1983;Campos próximos instituto Masaveu;Oviedo;Asturias;España;;;;;M. F. Quirce Andonegui;M. F. Quirce Andonegui;;;1;3;;3.27;;;;Hemímpero;
BOS-HYM-N01311;Tenthredinidae;Allantus bifasciata;25/05/1991;La Magdalena;Avilés;Asturias;España;;;;;Jorge Jáuregui;Jorge Jáuregui;;;1;3;;3.27;;;;;
BOS-HYM-N01312;Tenthredinidae;Strongylogaster multifasciata;10/06/1986;Carbayin;Siero;Asturias;España;;;;Hembra;Asun Prada;L. O. Aguado 2013;;;1;3;;3.27;;;;Strongylogaster lineata;
BOS-HYM-N01313;Tenthredinidae;Tenthredo arcuata;23/04/1976;Trubia;Oviedo;Asturias;España;Huerta;;;Macho;P. Ciscar;P. Ciscar;L. O. Aguado 2013;;1;3;;3.27;;;;Tenthredo mesomeles;
BOS-HYM-N01314;Tenthredinidae;Tenthredo arcuata;28/07/1990;Gijón;Gijón;Asturias;España;;;;Macho;Celestino Glez;Celestino Glez;L. O. Aguado 2014;;1;3;;3.27;;;;;
BOS-HYM-N01315;Tenthredinidae;Monoctenus juniperi;24/05/1991;Maizales-Santurio;Gijón;Asturias;España;;;;;C. Viña Herbón;C. Viña Herbón;;;7;5;C;Caja moho 2;;;Tiene moho;;
BOS-HYM-N01316;Tenthredinidae;Tenthredo araraxa;27/08/1991;El Puntal;Villaviciosa;Asturias;España;;;;Hembra;Lola Granados;Lola Granados;;;1;3;;3.27;;;;;
BOS-HYM-N01317;Tenthredinidae;Allantus vespa;15/05/1989;Oviedo;Oviedo;Asturias;España;;;;;I. Irizar;J. Villasante;;;1;3;;3.27;;;;;
BOS-HYM-N01318;Tenthredinidae;Allantus scrophulariae;04/05/1991;La Isla;Colunga;Asturias;España;Prado pasto;;;;A. Fonseca;A. Fonseca;;;1;3;;3.27;;;;;
BOS-HYM-N01319;Tenthredinidae;;16/05/2003;El Cristo (Oviedo);Oviedo;Asturias;España;Prado;;;;A. Anadón;;;;1;3;;3.27;;;;;
BOS-HYM-N01320;Tenthredinidae;;16/05/2003;El Cristo (Oviedo);Oviedo;Asturias;España;Prado;;;;A. Anadón;;;;1;3;;3.27;;;;;
BOS-HYM-N01321;Tenthredinidae;Tenthredo crassa;16/05/1987;Mones (Luarca);Valdés;Asturias;España;En un prado junto a un río. Entre hierba mojada;;;Macho;R. Cernuda;L. O. Aguado 2013;;;1;3;;3.27;;;;;
BOS-HYM-N01322;Tenthredinidae;Tenthredo arcuata;10/06/1989;Oviedo;Oviedo;Asturias;España;;;;Hembra;J. M. Lasa;J. M. Lasa;L. O. Aguado 2013;;1;3;;3.27;;;;Allantus vespa;
BOS-HYM-N01323;Tenthredinidae;Allantus vespa;15/05/1989;Oviedo;Oviedo;Asturias;España;;;;;E. Eguilegor;E. Eguilegor;;;1;3;;3.27;;;;;
BOS-HYM-N01324;Tenthredinidae;Allantus vespa;15/05/1989;Oviedo;Oviedo;Asturias;España;;;;;I. Irizar;I. Irizar;;;1;3;;3.27;;;;;
BOS-HYM-N01325;Tenthredinidae;;_/06/1983;Campos próximos instituto Masaveu;Oviedo;Asturias;España;;;;;Quirce Andonegui;Quirce Andonegui;;;1;3;;3.27;;;;;
BOS-HYM-N01326;Tenthredinidae;;13/08/1988;Riospaso;Lena;Asturias;España;;;;;Carmen de Miguel;Carmen de Miguel;;;1;3;;3.27;;;;Tremex fuscicornis;
BOS-HYM-N01327;Tenthredinidae;;16/05/2003;El Cristo (Oviedo);Oviedo;Asturias;España;Prado;;;;A. Anadón;;;;1;3;;3.27;;;;;
BOS-HYM-N01328;Tenthredinidae;Allantus scrophulariae;02/05/1989;Oviedo;Oviedo;Asturias;España;;;;;Idoia Villate;Idoia Villate;;;1;3;;3.27;;;;;
BOS-HYM-N01329;Tenthredinidae;;16/05/2003;El Cristo (Oviedo);Oviedo;Asturias;España;Prado;;;;A. Anadón;;;;1;3;;3.27;;;;;
BOS-HYM-N01330;Tenthredinidae;Tenthredo sp.;19/04/2003;Cudillero;Cudillero;Asturias;España;Prado;;;;Enrique Jardón;Enrique Jardón;;;1;3;;3.27;;;;;
BOS-HYM-N01331;Tenthredinidae;Tenthredo albicornis;09/06/1981;Tineo;Tineo;Asturias;España;Matorral;;;;E. Paredes;E. Paredes;L. O. Aguado 2013;;1;3;;3.27;;;;;
BOS-HYM-N01332;Tenthredinidae;Tenthredo arcuata;02/05/1978;Las Caldas;Oviedo;Asturias;España;Camino;;;Macho;Héctor Centeno;P. Ciscar;;;1;3;;3.27;;;;;
BOS-HYM-N01333;Tenthredinidae;Tenthredo arcuata;18/07/1977;La Castañalona;Castrillón;Valladolid;España;;;;Hembra;J. Díez;P. Ciscar;;;1;3;;3.27;;;;;
BOS-HYM-N01334;Tenthredinidae;Tenthredo arcuata;23/03/1978;Cozuelos de Ojeda;Aguilar de Campoo;Palencia;España;Campo;970 m;;Hembra;Adelaida Riego;P. Ciscar;;;1;3;;3.27;;;;;
BOS-HYM-N01335;Tenthredinidae;Tenthredo arcuata;29/04/1979;La Isla;Colunga;Asturias;España;;;;Hembra;Tere Cañal;P. Ciscar;;;1;3;;3.27;;;;;
BOS-HYM-N01336;Tenthredinidae;Tenthredo arcuata;23/05/1976;El Nocíu;;Asturias;España;;;;Hembra;R. Anadón;P. Ciscar;;;1;3;;3.27;;;;;
BOS-HYM-N01337;Tenthredinidae;Tenthredo arcuata;13/04/1977;Trubia;Oviedo;Asturias;España;Huerta;;;Hembra;P. Ciscar;P. Ciscar;;;7;5;C;Caja moho 2;;;Tiene moho;;
BOS-HYM-N01338;Tenthredinidae;Tenthredo arcuata;13/05/1978;Tuilla;Langreo;Asturias;España;Escombrera;300 m;;Hembra;Basilio Otero;P. Ciscar;;;1;3;;3.27;;;;;
BOS-HYM-N01339;Tenthredinidae;Tenthredo arcuata;27/07/1978;Valgrande;Lena;Asturias;España;;;;Hembra;M. A. Aranda;P. Ciscar;;;7;5;C;Caja moho 2;;;Tiene moho;;
BOS-HYM-N01340;Tenthredinidae;Tenthredo arcuata;27/07/1978;Valgrande;Lena;Asturias;España;;;;Hembra;M. A. Aranda;P. Ciscar;;;1;3;;3.27;;;A mano;;
BOS-HYM-N01341;Tenthredinidae;Tenthredo arcuata;09/05/1978;Lieres;Siero;Asturias;España;Orilla del río;;;Hembra;V. Herrero;P. Ciscar;;;1;3;;3.27;;;;;
BOS-HYM-N01342;Tenthredinidae;Tenthredo arcuata;10/05/1981;Tineo;Tineo;Asturias;España;Matorral;;;;E. Paredes;E. Paredes;;;7;5;C;Caja moho 2;;;Tiene moho;;
BOS-HYM-N01343;Tenthredinidae;Tenthredo arcuata;17/05/1981;Zeluán;Avilés;Asturias;España;;;;Hembra;Isabel Márquez;P. Ciscar;;;7;5;C;Caja moho 2;;;Tiene moho;;
BOS-HYM-N01344;Tenthredinidae;Tenthredo arcuata;23/05/1976;El Nocíu;;Asturias;España;;;;Hembra;R. anadón;P. Ciscar;;;1;3;;3.27;;;;;
BOS-HYM-N01345;Tenthredinidae;Tenthredo arcuata;16/05/1978;Caces;Oviedo;Asturias;España;;20 m;;Hembra;J. Bermejo Donapetry;P. Ciscar;;;1;3;;3.27;;;;;
BOS-HYM-N01346;Tenthredinidae;Tenthredo arcuata;07/06/1976;Trubia;Oviedo;Asturias;España;Huerta;;;Hembra;P. Ciscar;P. Ciscar;;;1;3;;3.27;;;;;
BOS-HYM-N01347;Tenthredinidae;Tenthredo arcuata;03/06/1978;Fuso de la Reina;;Asturias;España;Sobre flor;;19 h;Macho;Suárez Suárez;P. Ciscar;;;1;3;;3.27;;;;;
BOS-HYM-N01348;Tenthredinidae;Tenthredo arcuata;25/04/1978;Las Caldas;Oviedo;Asturias;España;;;17 h;Macho;José M. Eiro;P. Ciscar;;;1;3;;3.27;;;;;
BOS-HYM-N01349;Tenthredinidae;Tenthredo arcuata var. melanoxyston;12/05/1980;Tudela Veguín;Oviedo;Asturias;España;Prado;;;Hembra;P. Ciscar;P. Ciscar;;;1;3;;3.27;;;;;
BOS-HYM-N01350;Tenthredinidae;Tenthredo arcuata;29/04/1979;La Isla;Colunga;Asturias;España;Prado;;;Hembra;A. Miranda;P. Ciscar;;;1;3;;3.27;;;;;
BOS-HYM-N01351;Tenthredinidae;Tenthredo arcuata;28/05/1978;Las Caldas;Oviedo;Asturias;España;Prado;100 m;;Hembra;J. L. Muñíz G.;P. Ciscar;;;1;3;;3.27;;;;;
BOS-HYM-N01352;Tenthredinidae;Tenthredo arcuata;_/08/1977;El Puerto;;Asturias;España;;;;;R. González;P. Ciscar;;;1;3;;3.27;;;;;
BOS-HYM-N01353;Tenthredinidae;Tenthredo arcuata;04/06/1975;Sta Mª del Mar;;;España;Prado;;;Hembra;Rosa Mª Álvarez;P. Ciscar;;;1;3;;3.27;;;;;
BOS-HYM-N01354;Tenthredinidae;Tenthredo arcuata;_/05/1978;Oviedo;Oviedo;Asturias;España;Matorral;200 m;;Hembra;R. Rodríguez;P. Ciscar;;;1;3;;3.27;;;;;
BOS-HYM-N01355;Tenthredinidae;Tenthredo arcuata;17/05/1978;Las Segadas;Oviedo;Asturias;España;;;;Hembra;Rosa Mª R. Cimadevilla;P. Ciscar;;;1;3;;3.27;;;;;
BOS-HYM-N01356;Tenthredinidae;Tenthredo arcuata;20/04/1981;Trubia;Oviedo;Asturias;España;Matorral;;;Hembra;P. Ciscar;P. Ciscar;;;1;3;;3.27;;;;;
BOS-HYM-N01357;Tenthredinidae;Tenthredo arcuata;_/05/1978;Oviedo;Oviedo;Asturias;España;;200 m;17 m;Hembra;Rosa Rodríguez Álvarez;P. Ciscar;;;1;3;;3.27;;;;;
BOS-HYM-N01358;Tenthredinidae;Tenthredo arcuata;04/06/1975;Sta Mª del Mar;;Asturias;España;Prado;;;Hembra;Rosa Mª Álvarez;P. Ciscar;;;1;3;;3.27;;;;;
BOS-HYM-N01359;Tenthredinidae;Tenthredo arcuata;_/05/1978;Somió;Gijón;Asturias;España;Matorral;;;Hembra;Luis E. Pérez;P. Ciscar;;;1;3;;3.27;;;;;
BOS-HYM 1115;Formicidae;Lasius alienus;23/10/1998;Oviedo (Plaza Castilla);Oviedo;Asturias;España;;;14 h;Hembra (reina);A. Anadón;Susana Monteserín;;;1;3;;3.28;;;;;
BOS-HYM 1116;Formicidae;Lasius flavus;23/10/1998;Oviedo (Plaza Castilla);Oviedo;Asturias;España;;;14 h;Hembra (reina);A. Anadón;Susana Monteserín;;;1;3;;3.28;;;;;
BOS-HYM 1117;Formicidae;Lasius flavus;23/10/1998;Oviedo (Plaza Castilla);Oviedo;Asturias;España;;;14 h;Hembra (reina);A. Anadón;Susana Monteserín;;;1;3;;3.28;;;;;
BOS-HYM 1118;Formicidae;Lasius flavus;23/10/1998;Oviedo (Plaza Castilla);Oviedo;Asturias;España;;;14 h;Hembra (reina);A. Anadón;Susana Monteserín;;;1;3;;3.28;;;;;
BOS-HYM 1119;Formicidae;Lasius flavus;23/10/1998;Oviedo (Plaza Castilla);Oviedo;Asturias;España;;;14 h;Hembra (reina);A. Anadón;Susana Monteserín;;;1;3;;3.28;;;;;
BOS-HYM 1120;Formicidae;Lasius flavus;23/10/1998;Oviedo (Plaza Castilla);Oviedo;Asturias;España;;;14 h;Hembra (reina);A. Anadón;Susana Monteserín;;;1;3;;3.28;;;;;
BOS-HYM 1121;Formicidae;Lasius niger;05/07/1980;La Bañeza;La Bañeza;León;España;;;;Hembra (reina);Ana Quero;Susana Monteserín;;;1;3;;3.28;;;;Lasius alienus;
BOS-HYM 1122;Formicidae;Lasius alienus;05/07/1980;La Bañeza;La Bañeza;León;España;;;;Hembra (reina);Ana Quero;Susana Monteserín;;;1;3;;3.28;;;;;
BOS-HYM 1123;Formicidae;Lasius niger;05/07/1980;La Bañeza;La Bañeza;León;España;;;;Hembra (reina);Ana Quero;Susana Monteserín;;;1;3;;3.28;;;;Lasius alienus;
BOS-HYM 1124;Formicidae;Lasius alienus;05/07/1980;La Bañeza;La Bañeza;León;España;;;;Hembra (reina);Ana Quero;Susana Monteserín;;;1;3;;3.28;;;;;
BOS-HYM 1125;Formicidae;Lasius alienus;05/07/1980;La Bañeza;La Bañeza;León;España;;;;Macho;Ana Quero;Susana Monteserín;;;1;3;;3.28;;;;;
BOS-HYM 1126;Formicidae;Lasius alienus;05/07/1980;La Bañeza;La Bañeza;León;España;;;;Macho;Ana Quero;Susana Monteserín;;;1;3;;3.28;;;;;
BOS-HYM 1127;Formicidae;Lasius alienus;23/07/1980;Llanera;Llanera;Asturias;España;;;;Hembra (reina);Ana Quero;Susana Monteserín;;;1;3;;3.28;;;;;
BOS-HYM-N01360;Formicidae;Lasius flavus;02/09/1993;S. Esteban de Pravia;Pravia;Asturias;España;;;;Hembra (reina);C. Pavón Iturmendi;Susana Monteserín;;;1;3;;3.28;;;;Lasius alienus;
BOS-HYM 1105;Formicidae;Camponotus cruentatus;_/07/1982;Huétor Santillán;Huétor Santillán;Granada;España;;;;Hembra (reina);Rafael Sánchez Muñiz;Susana Monteserín;;;1;3;;3.28;;;;;
BOS-HYM 1106;Formicidae;Camponotus cruentatus;19/04/1998;Pola de Somiedo;Somiedo;Asturias;España;;;;Hembra (obrera);D. de Martino;Susana Monteserín;;;1;3;;3.28;;;;;
BOS-HYM 1107;Formicidae;Camponotus cruentatus;17/03/1983;Naranco (Oviedo);Oviedo;Asturias;España;Prado;;;Hembra (obrera);Isabel Glez;Susana Monteserín;;;1;3;;3.28;;;;;
BOS-HYM 1108;Formicidae;Camponotus cruentatus;02/05/1986;San Antolín de Ibias;Ibias;Asturias;España;;;;Hembra (obrera);Yolanda Colubi;Susana Monteserín;;;1;3;;3.28;;;;;
BOS-HYM 1109;Formicidae;Camponotus cruentatus;06/05/1980;Santa Eulalia de Morcín;Morcín;Asturias;España;;;17 h;Hembra (obrera);Esther Fdez Menéndez;A. Anadón;Susana Monteserín;;1;3;;3.28;;;;;
BOS-HYM 1110;Formicidae;Camponotus cruentatus;27/07/1996;Bascones;Grado;Asturias;España;;;;Hembra (obrera);Pedro Casujo;Ivonne Jacles;Susana Monteserín;;1;3;;3.28;;;;;
BOS-HYM 1111;Formicidae;Camponotus vagus;12/07/1984;Toulouse;Toulouse;;Francia;;;;Hembra (obrera);Blanca Laza;Susana Monteserín;;;1;3;;3.28;;;;;
BOS-HYM 1112;Formicidae;Camponotus vagus;25/09/1994;Quinzanes;Pravia;Asturias;España;;;;Hembra (obrera);María J. Casal;Susana Monteserín;;;1;3;;3.28;;;;;
BOS-HYM 1113;Formicidae;Camponotus vagus;11/07/1993;Ruta del Alba (Soto de Agues);Sobrescobio;Asturias;España;;;;Hembra (reina);Pablo Prado Aller;Pablo Prado Aller;Susana Monteserín;;1;3;;3.28;;;;;
BOS-HYM 1114;Formicidae;Camponotus vagus;13/07/1994;Blullade Vald.;;Valladolid;España;Era;730 msnm;;Hembra (obrera);Félix González;Félix González;Susana Monteserín;;1;3;;3.28;;;;Camponotus (soldado);
BOS-HYM 1091;Formicidae;Camponotus cruentatus;17/04/1987;Morisco;Navatalgordo;Ávila;España;;;;Hembra (obrera);Mª Salud Parada;Mª Salud Parada;Susana Monteserín;;1;3;;3.28;;;;Himenópteros;
BOS-HYM 1092;Formicidae;Camponotus cruentatus;05/04/1986;Valle de San Juan;Villarrabé;Palencia;España;;;;Hembra (obrera);M. Tores Michelena;M. Torres;Susana Monteserín;;1;3;;3.28;;;;;
BOS-HYM 1093;Formicidae;Camponotus cruentatus;14/05/1986;Villamor de Órbigo;Santa Marina del Rey;León;España;;;;Hembra (obrera);Javier Sánchez;Buenaventura;Susana Monteserín;;1;3;;3.28;;;;Camponotus sp.;
BOS-HYM 1094;Formicidae;Camponotus cruentatus;_/04/1988;Peñacastillo;Santander;Cantabria;España;;;;Hembra (obrera);Gemma E. P.;Gemma E. P.;Susana Monteserín;;1;3;;3.28;;;;Camponotus sp.;
BOS-HYM 1095;Formicidae;Camponotus cruentatus;20/06/1940;Estella;Estella;Navarra;España;;;;Hembra (obrera);A. Otegui;;;;1;3;;3.28;;;;;
BOS-HYM 1096;Formicidae;Camponotus cruentatus;06/09/1990;Valdemorillo;Valdemorillo;Madrid;España;;;;Hembra (obrera);B. Arroyo;E. García;Susana Monteserín;;1;3;;3.28;;;;;
BOS-HYM 1097;Formicidae;Camponotus cruentatus;12/08/1992;Candelario;Béjar;Salamanca;España;;;;Hembra (obrera);Luis M. Torres;Luis M. Torres;Susana Monteserín;;1;3;;3.28;;;;Camponotus vagus;
BOS-HYM 1098;Formicidae;Camponotus cruentatus;06/09/1992;Salamanca;Salamanca;Salamanca;España;;;;Hembra (obrera);Fernando Isasi;Ana C. Álvarez;Ana C. Álvarez;;1;3;;3.28;;;;;
BOS-HYM 1099;Formicidae;Camponotus cruentatus;_/08/1998;Santander;Santander;Cantabria;España;;;;Hembra (obrera);Jose E. Cespedes;Susana Monteserín;;;1;3;;3.28;;;;;
BOS-HYM 1100;Formicidae;Camponotus cruentatus;30/03/1994;Gordoncillo;Gordoncillo;León;España;;;;Hembra (obrera);J. L. Monato Ranoño;M. J. Cordero Álvarez;;;1;3;;3.28;;;;;
BOS-HYM 1101;Formicidae;Camponotus cruentatus;01/04/1994;Barranco Blanco;Coín;Málaga;España;;;;Hembra (obrera);Carmela Menéndez;Carmela Menéndez;Susana Monteserín;;1;3;;3.28;;;;Camponotus vagus;
BOS-HYM 1102;Formicidae;Camponotus cruentatus;14/08/1996;Pesquera de Ebro;Valle de Sedano;Burgos;España;;;;Hembra (obrera);Sonsoles Fdez;Sonsoles Fdez;Susana Monteserín;;1;3;;3.28;;;;;
BOS-HYM 1103;Formicidae;Camponotus cruentatus;25/04/1997;Cáceres;Cáceres;Cáceres;España;;;;Hembra (obrera);Andrés Ordiz Fdez;Andrés Ordiz Fdez;Susana Monteserín;;1;3;;3.28;;;;;
BOS-HYM 1104;Formicidae;Camponotus cruentatus;26/04/1997;Cáceres;Cáceres;Cáceres;España;;;;Hembra (obrera);Felipe Glez;Felipe Glez;Susana Monteserín;;1;3;;3.28;;;;;
BOS-HYM 1077;Formicidae;Camponotus cruentatus;21/04/1975;Cacabelos;Cacabelos;León;España;;;;Hembra (obrera);J. A. Rguez Jorge;Susana Monteserín;;;7;5;C;Caja moho 2;;;Hormiguero. Tiene moho;;
BOS-HYM 1078;Formicidae;Camponotus cruentatus;_/05/1975;Avignon;Avignon;;Francia;;;;Hembra (obrera);Carlos Lastra;Susana Monteserín;;;7;5;C;Caja moho 2;;;Tiene moho;;
BOS-HYM 1079;Formicidae;Camponotus cruentatus;_/07/1975;Cacabelos;Cacabelos;León;España;Flores;;;Hembra (obrera);R. Rebolledo R.;Susana Monteserín;;;1;3;;3.28;;;;;
BOS-HYM 1080;Formicidae;Camponotus cruentatus;11/04/1976;Medina del Campo;Medina del Campo;Valladolid;España;Campo;;;Hembra (obrera);Adela Sánchez;Susana Monteserín;;;1;3;;3.28;;;;;
BOS-HYM 1081;Formicidae;Camponotus cruentatus;18/07/1976;Valladolid;Valladolid;Valladolid;España;;;;Hembra (obrera);J. Casado;Susana Monteserín;;;7;5;C;Caja moho 2;;;Tiene moho?;;
BOS-HYM 1082;Formicidae;Camponotus cruentatus;02/09/1979;Madrid;Madrid;Madrid;España;;;;Hembra (obrera);Ana Concepción;A. Anadón;;;1;3;;3.28;;;;;
BOS-HYM 1083;Formicidae;Camponotus cruentatus;05/07/1980;La Bañeza;La Bañeza;León;España;;;;Hembra (obrera);Ana Quero;Susana Monteserín;;;7;5;C;Caja moho 2;;;Tiene moho;;
BOS-HYM 1084;Formicidae;Camponotus cruentatus;14/05/1980;Pantano de S. Juan;;Madrid;España;En el suelo;;;Hembra (obrera);M. Roca;A. Anadón;Susana Monteserín;;1;3;;3.28;;;;;
BOS-HYM 1085;Formicidae;Camponotus cruentatus;23/07/1982;Arbayun ;;Navarra;España;;;;Hembra (obrera);Mª J. Arrayagu;J. Ramón García;Susana Monteserín;;1;3;;3.28;;;;;
BOS-HYM 1086;Formicidae;Camponotus cruentatus;15/07/1986;Cacabelos;Cacabelos;León;España;;;;Hembra (obrera);David Valdés;David Valdés;Susana Monteserín;;1;3;;3.28;;;;Hymenoptera;
BOS-HYM 1087;Formicidae;Camponotus cruentatus;23/07/1982;Arbayun ;;Navarra;España;;;;Hembra (obrera);Mª Jesús Arrayago;Susana Monteserín;;;1;3;;3.28;;;;;
BOS-HYM 1088;Formicidae;Camponotus cruentatus;14/07/1972;La Bañeza;La Bañeza;León;España;En ba que;;;Hembra (obrera);E. Sanjuan Rguez;E. Sanjuan Rguez;Susana Monteserín;;1;3;;3.28;;;;Himenópteros;
BOS-HYM 1089;Formicidae;Camponotus cruentatus;14/07/1982;La Bañeza;La Bañeza;León;España;En viñedo, cerca ba que;;;Hembra (obrera);E. Sanjuan Rguez;E. Sanjuan Rguez;Susana Monteserín;;1;3;;3.28;;;;Himenópteros;
BOS-HYM 1090;Formicidae;Camponotus cruentatus;16/04/1987;Peñafiel;Peñafiel;Valladolid;España;;;;Hembra (obrera);Mª Luz Centeno;Mª Luz Centeno;Susana Monteserín;;1;3;;3.28;;;;Himenópteros;
BOS-HYM 1073;Formicidae;Lasius alienus;_/07/1980;Oviedo;Oviedo;Asturias;España;Ciudad;;;Macho;A. Anadón;Susana Monteserín;;;1;3;;3.28;;;;;
BOS-HYM 1074;Formicidae;Lasius alienus;_/07/1980;Oviedo;Oviedo;Asturias;España;Ciudad;;;Macho;A. Anadón;Susana Monteserín;;;1;3;;3.28;;;;;
BOS-HYM 1075;Formicidae;Lasius alienus;_/07/1980;Oviedo;Oviedo;Asturias;España;Ciudad;;;Macho;A. Anadón;Susana Monteserín;;;1;3;;3.28;;;;;
BOS-HYM 1076;Formicidae;Lasius umbratus;26/08/1981;Sotrondio;San Martín del Rey Aurelio;Asturias;España;;;;Hembra (reina);Aurora Zapico;Susana Monteserín;;;1;3;;3.28;;;;;
BOS-HYM 1067;Formicidae;Messor capitatus;03/07/1992;Lerma;Lerma;Burgos;España;;;;Hembra (obrera);Ana Pérez Lastra;Ana Pérez Lastra;Susana Monteserín;;1;3;;3.28;;;Soldado;Crematogaster auberti;Messor hispanica
BOS-HYM 1068;Formicidae;Messor capitatus;27/05/1988;Ardoncino;Chozas de Abajo;León;España;;;;Hembra (obrera);Pellitero;Pellitero;Susana Monteserín;;1;3;;3.28;;;;Messor sp.;Messor structor
BOS-HYM 1069;Formicidae;Myrmica laevinodis;30/05/1986;F. Historias, El Cristo (Oviedo);Oviedo;Asturias;España;;;;;M. T. Fdez M.;Susana Monteserín;;;1;3;;3.28;;;;;
BOS-HYM 1070;Formicidae;Tetramorium caespitum;27/07/1980;Porcía;El Franco;Asturias;España;;;;Hembra (reina);Ana Quero;Susana Monteserín;;;1;3;;3.28;;;;;
BOS-HYM 1071;Formicidae;Camponotus cruentatus;_/08/1986;Homs;Homs;;Siria;;;;Hembra (reina);Begoña R. Oleaga;;;;1;3;;3.28;;;;;
BOS-HYM 1060;Formicidae;Messor capitatus;18/06/1981;Matallana;;;España;;;;Hembra (reina);C. Díez;Susana Monteserín;;;1;3;;3.28;;;;;
BOS-HYM 1061;Formicidae;Messor capitatus;30/08/1981;Irede;Los Barrios de Luna;León;España;;;;Hembra (reina);M. C. Gutiérrez;M. C. Gutiérrez;Susana Monteserín;;1;3;;3.28;;;;Formicidae;
BOS-HYM 1062;Formicidae;Messor capitatus;02/10/1982;Gumiel de H.;;Burgos;España;En portal panadería;;;Hembra (reina);Encarna Martín;Encarna Martín;Susana Monteserín;;1;3;;3.28;;;;Monomorium minutum;
BOS-HYM 1063;Formicidae;Messor capitatus;30/07/1989;Arlanza;Covarrubias;Burgos;España;;;;Hembra (reina);Javier Cuesta;Susana Monteserín;;;1;3;;3.28;;;;;
BOS-HYM 1064;Formicidae;Messor capitatus;Verano 1992;Villalón de Campos;Villalón de Campos;Valladolid;España;;;;Hembra (reina);Mª Julia Glez;Susana Monteserín;;;1;3;;3.28;;;;;
BOS-HYM 1065;Formicidae;Messor capitatus;13/10/1992;Palazuelo de Vedija;Palazuelo de Vedija;Valladolid;España;;;;Hembra (reina);Mª Julia Glez Santos;Mª Julia Glez Santos;Susana Monteserín;;1;3;;3.28;;;;Messor barbarus;
BOS-HYM 1066;Formicidae;Messor capitatus;23/06/1995;El Ferral;;León;España;Fuente;;;Hembra (reina);J. A. Vigil Lagranda;J. A. Vigil Lagranda;Susana Monteserín;;1;3;;3.28;;;;Formica rufa (macho);
BOS-HYM 1051;Formicidae;Aphaenogaster senilis;11/05/1978;Madrid;Madrid;Madrid;España;;;;Hembra (obrera);Ana Rosa Maillo;Susana Monteserín;;;1;3;;3.28;;;;;
BOS-HYM 1052;Formicidae;Messor barbarus;_/05/1978;Barajas;Madrid;Madrid;España;;;;Hembra (obrera);Estrella Rubio;Susana Monteserín;;;1;3;;3.28;;;;;
BOS-HYM 1053;Formicidae;Messor barbarus;18/07/1978;Valencia de Don Juan;Valencia de Don Juan;León;España;;;;Hembra (obrera);Tere Cañal;Susana Monteserín;;;1;3;;3.28;;;;;
BOS-HYM 1054;Formicidae;Messor barbarus;23/04/1984;Monte de Badajoz;;Badajoz;España;;;;Hembra (obrera);Patricia González;Susana Monteserín;;;1;3;;3.28;;;;;
BOS-HYM 1056;Formicidae;Messor barbarus;10/08/1992;Sevilla;Sevilla;Sevilla;España;;;;Hembra (obrera);Mª José Goicoechea;Mª José Goicoechea;Susana Monteserín;;1;3;;3.28;;;;;
BOS-HYM 1057;Formicidae;Messor barbarus;08/04/1993;Ceuta;Ceuta;Ceuta;España;;;;Hembra (obrera);Cristina Marquínez;Conchña Galvez;Susana Monteserín;;1;3;;3.28;;;;;
BOS-HYM 1058;Formicidae;Messor barbarus;;Sama;Langreo;Asturias;España;;;;Hembra (obrera);M. Lebrato;Susana Monteserín;;;1;3;;3.28;;;Soldado;;
BOS-HYM 1184;Formicidae;Formica pratensis;24/05/1987;Tiñana;Siero;Asturias;España;;;;Hembra (obrera);Mª Ángeles García;Mª Ángeles García;Susana Monteserín;;1;3;;3.29;;;;Himenópteros;
BOS-HYM 1185;Formicidae;Formica rufa;01/06/1987;C d Campa;C. del Narcea;Asturias;España;;;;Hembra (obrera);M. V. Álvarez;M. V. Álvarez;Susana Monteserín;;1;3;;3.29;;;;Himenópteros;
BOS-HYM 1186;Formicidae;Formica pratensis;10/03/1996;La Foz de Morcín;Morcín;Asturias;España;;;;Hembra (obrera);Belén Sainz;Belén Sainz;;;1;3;;3.29;;;Comido por insectos plaga;Formica frontalis;
BOS-HYM 1188;Formicidae;Formica rufa;02/12/1980;Tineo;Tineo;Asturias;España;;;;Hembra (obrera);E. Paredes;E. Paredes;Susana Monteserín;;1;3;;3.29;;;Hormiguero;Formica;
BOS-HYM 1189;Formicidae;Formica rufa;Año 1989/09/06/1995;Pantano de S. andrés (Autopista Gijón-Oviedo);;Asturias;España;;;;Hembra (obrera);Ana I. Izquierdo;Ana I. Izquierdo;Susana Monteserín;;1;3;;3.29;;;;;
BOS-HYM 1190;Formicidae;Formica rufa;04/06/1981;Mieres;Mieres;Asturias;España;;;;Hembra (obrera);M. F. Velasco;M. F. Velasco;Susana Monteserín;;1;3;;3.29;;;;;
BOS-HYM 1191;Formicidae;Formica rufa;02/08/1982;Irede;Los Barrios de Luna;León;España;;;;Hembra (obrera);M. C. Gutiérrez;M. C. Gutiérrez;Susana Monteserín;;1;3;;3.29;;;;;
BOS-HYM 1192;Formicidae;Formica rufa;05/06/1994;Pravia;Pravia;Asturias;España;;;;Hembra (obrera);Rosa Fernández;Patricia Alonso;Susana Monteserín;;1;3;;3.29;;;;;
BOS-HYM 1193;Formicidae;Formica rufa;05/05/1980;Tuilla;Langreo;Asturias;España;;;;Hembra (obrera);F. Sierra Glez;Susana Monteserín;;;1;3;;3.29;;;;;
BOS-HYM 1194;Formicidae;Formica rufa;02/11/1997;Pola de Somiedo;Somiedo;Asturias;España;;;;Hembra (obrera);Laura R. G.;Laura R. G.;Susana Monteserín;;1;3;;3.29;;;;Formica exsecta;
BOS-HYM 1173;Formicidae;Formica pratensis;11/06/1989;El Cristo (Oviedo);Oviedo;Asturias;España;;;;Hembra (obrera);T. Monloto;T. Monloto;Susana Monteserín;;1;3;;3.29;;;;Formica rufa;
BOS-HYM 1174;Formicidae;Formica pratensis;29/05/1982;Arnao;Castrillón;Asturias;España;;;;Hembra (obrera);Luciana López;Susana Monteserín;;;1;3;;3.29;;;;;
BOS-HYM 1175;Formicidae;Formica pratensis;11/04/1982;Mieres;Mieres;Asturias;España;;;;Hembra (obrera);E. Sierra;E. Sierra;Susana Monteserín;;1;3;;3.29;;;;Formica sp.;
BOS-HYM 1176;Formicidae;Formica pratensis;01/05/1983;Naranco (Oviedo);Oviedo;Asturias;España;;;;Hembra (obrera);R. Peláez Valle;R. Peláez Valle;Susana Monteserín;;1;3;;3.29;;;;Himenópteros;
BOS-HYM 1177;Formicidae;Formica pratensis;03/04/1978;Navia;Navia;Asturias;España;;;;Hembra (obrera);Mª Rogelia F. Jardón;Susana Monteserín;;;1;3;;3.29;;;;;
BOS-HYM 1178;Formicidae;Formica pratensis;_/04/1975;Figaredo;Mieres;Asturias;España;;;;Hembra (obrera);J. Morán Díaz;Susana Monteserín;;;1;3;;3.29;;;Cabeza. En hormiguero;;
BOS-HYM 1179;Formicidae;Formica pratensis;25/03/1979;Amieva;Amieva;Asturias;España;Campo;;10 h;Hembra (obrera);M. P. Miyares;Susana Monteserín;;;1;3;;3.29;;;;;
BOS-HYM 1180;Formicidae;Formica pratensis;04/06/1983;L-Mfre;Mieres;Asturias;España;;;;Hembra (obrera);A. Jiménez;A. Jiménez;Susana Monteserín;;1;3;;3.29;;;;Formícidos;
BOS-HYM 1181;Formicidae;Formica pratensis;26/10/1980;El Fondal;Tineo;Asturias;España;Pradera;;16 h;Hembra (obrera);Joaquín Ángel Vallina Gil;Susana Monteserín;;;1;3;;3.29;;;En un hormiguero;;
BOS-HYM 1182;Formicidae;Formica pratensis;19/03/1991;Pico Seana;Mieres;Asturias;España;;;;Hembra (obrera);M. Pelaez Cruz;M. Pelaez Cruz;Susana Monteserín;;1;3;;3.29;;;;Camponotus lateralis;
BOS-HYM 1183;Formicidae;Formica rufa;18/06/1987;Carbayin;Siero;Asturias;España;En acera;;;Hembra (obrera);Mª Cruz Suárez;Mª Cruz Suárez;Susana Monteserín;;1;3;;3.29;;;;;
BOS-HYM 1161;Formicidae;Formica pratensis;30/05/1986;Cangas de Onís;Cangas de Onís;Asturias;España;;;;Hembra (obrera);Javier Gancedo Vallina;Susana Monteserín;;;1;3;;3.29;;;;;
BOS-HYM 1162;Formicidae;Formica pratensis;16/04/1983;Buelles;Pola de Lena;Asturias;España;En el suelo;;16 h;Hembra (obrera);Ana M. Alonso;Ana R. Barros Alonso;Susana Monteserín;;1;3;;3.29;;;;Himenópteros;
BOS-HYM 1163;Formicidae;Formica pratensis;19/03/1991;Pico Seana;Mieres;Asturias;España;;;;Hembra (obrera);M. Pelaez Cruz;A. M. Glez Lozano;Susana Monteserín;;1;3;;3.29;;;;Camponotus lateralis;
BOS-HYM 1164;Formicidae;Formica pratensis;28/05/1983;Pola de Siero;Siero;Asturias;España;;;;Hembra (obrera);R. Cueva;R. Cueva;Susana Monteserín;;1;3;;3.29;;;;Himenóptero;
BOS-HYM 1165;Formicidae;Formica pratensis;12/08/1995;Sardin;Soto de Ribera;Asturias;España;;;;Hembra (obrera);Tatiana Pérez;Tatiana Pérez;Susana Monteserín;;1;3;;3.29;;;;Formicina emarginada;
BOS-HYM 1166;Formicidae;Formica pratensis;14/05/1978;Collanzo;Aller;Asturias;España;En el suelo;;;Hembra (obrera);Rosa Rguez Álvarez;Susana Monteserín;;;1;3;;3.29;;;;;
BOS-HYM 1167;Formicidae;Formica pratensis;27/04/1980;Latores;Oviedo;Asturias;España;Camino;300 m;12 h;Hembra (obrera);G. S. Jardón;G. S. Jardón;Susana Monteserín;;1;3;;3.29;;;;Formica rufa;
BOS-HYM 1168;Formicidae;Formica pratensis;_/04/1996;Mte Sueve;Colunga;Asturias;España;;;;Hembra (obrera);David Muñoz Martínez;David Muñoz;Susana Monteserín;;1;3;;3.29;;;;Formica rufa;
BOS-HYM 1169;Formicidae;Formica pratensis;02/11/1995;Luarca;Valdés;Asturias;España;;;;Hembra (obrera);Alejandro Varas;Alejandro Varas;Susana Monteserín;;1;3;;3.29;;;;Formica rufa;
BOS-HYM 1170;Formicidae;Formica pratensis;22/05/1978;Grado;Grado;Asturias;España;En la tierra;;;Hembra (obrera);C. Sánchez;Susana Monteserín;;;1;3;;3.29;;;;;
BOS-HYM 1172;Formicidae;Formica pratensis;30/10/1986;Las Agüeras ;Quirós;Asturias;España;;;;Hembra (obrera);José Zulaica Berijoetxea;José Zulaica Berijoetxea;Susana Monteserín;;1;3;;3.29;;;;Formica rufa;
BOS-HYM 1152;Formicidae;Formica pratensis;02/03/1975;Pto S. Isidro;Puebla de Lillo;León;España;Bajo piedras;;;Hembra (obrera);C. F. B. Quirós;Susana Monteserín;;;1;3;;3.29;;;;;
BOS-HYM 1153;Formicidae;Formica pratensis;01/05/1975;Cerecedo de Boñar;Boñar;León;España;;;;Hembra (obrera);C. F. B. Quirós;Susana Monteserín;;;1;3;;3.29;;;;Formica rufa;
BOS-HYM 1154;Formicidae;Formica pratensis;15/09/1992;Luanco;Gozón;Asturias;España;;;;Hembra (obrera);Fernando E. Cabas;Susana Monteserín;;;1;3;;3.29;;;;;
BOS-HYM 1155;Formicidae;Formica pratensis;15/09/1992;Luanco;Gozón;Asturias;España;;;;Hembra (obrera);Fernando E. Cabas;Susana Monteserín;;;1;3;;3.29;;;;;
BOS-HYM 1156;Formicidae;Formica pratensis;12/03/1997;Carero;Valdés;Asturias;España;;;;Hembra (obrera);Rodríguez del Valle;Susana Monteserín;;;1;3;;3.29;;;;;
BOS-HYM 1157;Formicidae;Formica pratensis;30/05/1987;Parque de invierno (Oviedo);Oviedo;Asturias;España;;;;Hembra (obrera);Anabel González Anadón;Anabel González Anadón;;;1;3;;3.29;;;;Formícidos;
BOS-HYM 1158;Formicidae;Formica pratensis;_/02/1987;Los Maizales (Gijón);Gijón;Asturias;España;;;;Hembra (obrera);C. Doshome;C. Doshome;Susana Monteserín;;1;3;;3.29;;;;Formica rufa;
BOS-HYM 1159;Formicidae;Formica pratensis;03/09/1986;Navia;Navia;Asturias;España;;;;Hembra (obrera);Fidela Pérez;;;;1;3;;3.29;;;;;
BOS-HYM 1160;Formicidae;Formica pratensis;28/04/1983;Las Caldas;Oviedo;Asturias;España;;;;Hembra (obrera);Mª José González;Mª José González;Susana Monteserín;;1;3;;3.29;;;;Himenópteros;
BOS-HYM 1143;Formicidae;Formica polyctena;16/04/1987;San Cucao;Llanera;Asturias;España;;;;Hembra (obrera);Carmen Areonada;Carmen Areonada;Susana Monteserín;;1;3;;3.29;;;;Himenópteros;
BOS-HYM 1144;Formicidae;Formica pratensis;30/04/1981;El Sueve;Colunga;Asturias;España;En matorral bajo;;;Hembra (obrera);Milagros Garzo;Milagros Garzo;Susana Monteserín;;1;3;;3.29;;;;Formica rufa;
BOS-HYM 1145;Formicidae;Formica polyctena;10/05/1994;Llamas;Aller;Asturias;España;;;;Hembra (obrera);Alejandro López;Carmela Menéndez;Susana Monteserín;;1;3;;3.29;;;;Camponotus fallx;
BOS-HYM 1146;Formicidae;Formica polyctena;18/05/1987;Fuente de la Plata;Oviedo;Asturias;España;;;;Hembra (obrera);Juan Ignacio Leiva;Juan Ignacio Leiva;Susana Monteserín;;1;3;;3.29;;;;Himenópteros;
BOS-HYM 1147;Formicidae;Formica dusmeti;10/05/1987;Somiedo;Somiedo;Asturias;España;;820;13 h;Hembra (obrera);Isabel Pardo;Isabel Pardo;Susana Monteserín;;1;3;;3.29;;;;Himenópteros;
BOS-HYM 1148;Formicidae;Formica polyctena;05/05/1983;Pola de Allande;Allande;Asturias;España;;;;Hembra (obrera);Higinio Bernardo;Higinio Bernardo;Susana Monteserín;;1;3;;3.29;;;;Formica fusca;
BOS-HYM 1149;Formicidae;Formica polyctena;24/03/1978;Tarna (puerto);;Asturias;España;;;;Hembra (obrera);Mª José del Valle;Susana Monteserín;;;1;3;;3.29;;;;;
BOS-HYM 1150;Formicidae;Formica dusmeti;26/04/1998;Río Torío (Cármenes);Cármenes;León;España;Río Torío;;;Hembra (obrera);Noe Álvarez;Noe Álvarez;Susana Monteserín;;1;3;;3.29;;;;Formica rufa;
BOS-HYM 1151;Formicidae;Formica dusmeti;16/05/1986;Hermo;Narcea;Asturias;España;Hayedo;;;Hembra (obrera);José L. Suárez Fdez;José L. Suárez Fdez;Susana Monteserín;;1;3;;3.29;;;;;
BOS-HYM 1138;Formicidae;Formica dusmeti;17/07/1993;Tolosa;Tolosa;Guipúzcoa;España;;;;Hembra (obrera);Argiloa Ceberio;Argiloa Ceberio;Susana Monteserín;;1;3;;3.29;;;;Camponotus fallax;
BOS-HYM 1139;Formicidae;Formica sanguinea;10/05/1986;Noreña;Noreña;Asturias;España;;;;Hembra (obrera);Marta E. Cortés;Susana Monteserín;;;1;3;;3.29;;;;;
BOS-HYM 1140;Formicidae;Formica sanguinea;13/06/1987;Gijón;Gijón;Asturias;España;Bajo piedra;;;Hembra (obrera);Robert Moyer;F. Iriarte;Susana Monteserín;;1;3;;3.29;;;;;
BOS-HYM 1141;Formicidae;Formica sanguinea;08/07/1986;Valoria la Buena;Valoria la Buena;Valladolid;España;;;;Hembra (obrera);M. N. García Martín;Susana Monteserín;;;1;3;;3.29;;;;;
BOS-HYM 1142;Formicidae;Formica sanguinea;11/05/1980;Aldehuela (Salamanca);Salamanca;Salamanca;España;Camino;;;Hembra (obrera);Mª Teresa Blanco;Susana Monteserín;;;1;3;;3.29;;;;;
BOS-HYM 1132;Formicidae;Formica frontalis;16/08/1997;Miravalles;Aller;Asturias;España;;;;Hembra (obrera);Lara Seoane;Lara Seoane;Susana Monteserín;;1;3;;3.29;;;;Formica rufa;
BOS-HYM 1134;Formicidae;Formica dusmeti;24/04/1983;Sotrondio;San Martín del Rey Aurelio;Asturias;España;Muro;;;Hembra (obrera);Ernestina Coto Serna;Susana Monteserín;;;1;3;;3.29;;;;;
BOS-HYM 1135;Formicidae;Formica rufa;30/05/1981;Lugones;Siero;Asturias;España;Entre piedras;;;Hembra (obrera);M. J. Arias;M. J. Arias;Susana Monteserín;;1;3;;3.29;;;;;
BOS-HYM 1136;Formicidae;Formica rufa;05/03/1976;Noreña;Noreña;Asturias;España;;;;Hembra (obrera);A. R. Álvarez;Susana Monteserín;;;1;3;;3.29;;;Cabeza;;
BOS-HYM 1129;Formicidae;Formica cunicularia;24/05/1980;S. Justo;Villaviciosa;Asturias;España;;;;Hembra (obrera);Mª Antonia Pardo Álvarez;Susana Monteserín;;;1;3;;3.29;;;;;
BOS-HYM 1130;Formicidae;Formica cunicularia;13/06/1983;Langreo;Langreo;Asturias;España;;;;Hembra (obrera);;Susana Monteserín;;;1;3;;3.29;;;Foto Miguel Fangul;;
BOS-HYM 1131;Formicidae;Formica fusca;20/08/1993;Somió;Gijón;Asturias;España;;;;Hembra (obrera);Guillermo G. Soto;Susana Monteserín;;;1;3;;3.29;;;;;
BOS-HYM-N01361;Siricidae;Paururus juvencus;20/08/1982;S. Juan de Nieva;;Asturias;España;Prado;;;;C. Suárez;C. Suárez;;;7;5;C;Caja moho 2;;;Tiene moho;;
BOS-HYM-N01362;Siricidae;Urocerus gigas;_/08/1994;Rasines;Rasines;Cantabria;España;;;;Hembra;Alexia Bonachea;Alberto Luengo;L. O. Aguado 2013;;1;3;;3.30;;;;;
BOS-HYM-N01363;Tenthredinidae;Holcocueme;17/05/1980;El Cristo (Oviedo);Oviedo;Asturias;España;;;11 h;;A. Bode;;;;1;3;;3.30;;;;;
BOS-HYM-N01364;Tenthredinidae;;04/05/1983;Oviedo;Oviedo;Asturias;España;En un seto;;17 h;;A. Anadón;;;;1;3;;3.30;;;;;
BOS-HYM-N01365;Tenthredinidae;;15/04/1983;Caces;Oviedo;Asturias;España;;;;;Mariano Lastra;;;;1;3;;3.30;;;;;
BOS-HYM-N01366;Tenthredinidae;;_/08/1981;Oviedo;Oviedo;Asturias;España;;;;;Gracia Fdez;Gracia Fdez;;;1;3;;3.30;;;;Himenópteros;
BOS-HYM-N01367;Tenthredinidae;;;Serantes;Tapia;Asturias;España;;;;;Rita Fdez;Rita Fdez;;;1;3;;3.30;;;;Himenópteros;
BOS-HYM-N01368;Tenthredinidae;;06/04/1979;Armunia;León;León;España;;;;;A. Riera;A. Riera;;;1;3;;3.30;;;;;
BOS-HYM-N01369;Xyelidae;Xyela sp.;06/05/1989;Valsera;Las Regueras;Asturias;España;;;;;J. L. Benito;J. L. Benito;;;1;3;;3.30;;;;;
BOS-HYM-N01370;;;27/05/1986;El Cristo (Oviedo);Oviedo;Asturias;España;;;;;Erika Urquiola;;;;1;3;;3.30;;;;;
BOS-HYM-N01371;;;01/05/1986;Valdepares;El Franco;Asturias;España;;;;;E. Fernández Pérez;;;;1;3;;3.30;;;;;
BOS-HYM-N01372;;;_/08/1982;Pamplona;Pamplona;Navarra;España;;;;;T. Zabalza;T. Zabalza;;;1;3;;3.30;;;;;
BOS-HYM-N01373;;;02/05/1986;Manzaneda;;Asturias;España;;;;;Ana Fonseca;;;;1;3;;3.30;;;;;
BOS-HYM-N01374;;;07/05/1982;Prado de Carbajal;Avilés;Asturias;España;;;;;R. Hernando;R. Hernando;;;1;3;;3.30;;;;Grematogaster (Mutílidos);
BOS-HYM-N01375;Tenthredinidae;Dolerus sp.;20/05/1005;Cornellana;Salas;Asturias;España;;;;Hembra;Federico Toca;L. O. Aguado 2013;;;1;3;;3.30;;;;;
BOS-HYM-N01376;Tenthredinidae;;18/06/1981;Liegos;Acevedo;Asturias;España;;;;;A. Riera;A. Riera;;;1;3;;3.30;;;;;
BOS-HYM-N01377;;;01/06/1986;C/ Naranjo de B. (Oviedo);Oviedo;Asturias;España;Próximo de carretera, sobre hierbas;;;;E. Pérez Domingo;;;;1;3;;3.30;;;;;
BOS-HYM-N01378;Tenthredinidae;Allantus scrophulariae;02/05/1989;Oviedo;Oviedo;Asturias;España;;;;;Jorge González;Jorge González;;;1;3;;3.30;;;;;
BOS-HYM-N01379;;;24/08/1978;Fuso de la Reina;;Asturias;España;;;;;M. A. Aranda;;;;1;3;;3.30;;;;;
BOS-HYM-N01380;Tenthredinidae;Schizocera furcata;15/07/1992;Somió;Gijón;Asturias;España;;;;;Guillermo G. Soto;;;;1;3;;3.30;;;;;
BOS-HYM-N01381;Tenthredinidae;Tenthredo arcuata;05/05/1993;Contrueces;Gijón;Asturias;España;;;;;Sonia Glez;Sonia Glez;;;1;3;;3.30;;;;;
BOS-HYM-N01382;Tenthredinidae;Tenthredo atra;19/05/1991;Santurio;Gijón;Asturias;España;Borde Comillo;;;;M. A. Paredes;M. A. Paredes;;;1;3;;3.30;;;;;
BOS-HYM-N01383;;;04/06/1987;Parque de invierno (Oviedo);Oviedo;Asturias;España;;;;;C. Alonso Blanco;C. Alonso Blanco;;;1;3;;3.30;;;;Himenoptera;
BOS-HYM-N01384;;;23/04/1983;Pañeda vieja;Siero;Asturias;España;Prado húmedo (arrastre);;17 h;;A. Anadón;;;;1;3;;3.30;;;;;
BOS-HYM-N01385;;;11/05/1983;Oviedo;Oviedo;Asturias;España;Prado;300 m;;;Mª del Mar Fernández;;;;1;3;;3.30;;;;;
BOS-HYM-N01386;Cephidae;Cephus pygmaeus;10/05/1993;Villalón de Campos;Villalón de Campos;Valladolid;España;;;;;Santiago Pérez Calvo;Mª Julia Glez;;;1;3;;3.30;;;;;
BOS-HYM-N01387;Tenthredinidae;Pachyprotasis sp.;11/05/1988;Poo;Llanes;Asturias;España;Sobre arbustos;;;;J. R. Fdez López;J. R. Fdez López;;;1;3;;3.30;;;;;
BOS-HYM-N01388;;;8-VI;Granda de Siero;Siero;Asturias;España;Orilla del río;;;;Telmo Rdiguez;;;;1;3;;3.30;;;;;
BOS-HYM-N01389;Tenthredinidae;;21/08/1980;Acebedo;Acebedo;León;España;;;;;A. Riera;A. Riera;;;1;3;;3.30;;;;;
BOS-HYM-N01390;Tenthredinidae;Macrophya rustica;18/05/1986;Oviedo;Oviedo;Asturias;España;Ciudad. Prado-huerta;;;;Fernando Ballesteros;Fernando Ballesteros;;;1;3;;3.30;;;;;
BOS-HYM-N01391;Tenthredinidae;Tenthredo sp.;28/05/1992;Liaño de Villaescusa;Villaescusa;Cantabria;España;;;;;J. Herrero Cotero;Ana Pérez Lastra;;;1;3;;3.30;;;;;
BOS-HYM-N01392;Blasticotomidae;Blasticotoma filiceti;18/06/1992;Granda;Gijón;Asturias;España;Matos de Caleya;50 m;;;Raúl Alba Z.;Raúl Alba Z.;;;1;3;;3.30;;;;;
BOS-HYM-N01393;;;21/05/1983;Villa;Corvera;Asturias;España;;;;;Evangelina;;;;1;3;;3.30;;;;;
BOS-HYM-N01394;;;22/06/1990;Salave;Tapia;Asturias;España;Sobre saúco;;;;Damiana González Fernández;;;;1;3;;3.30;;;;;
BOS-HYM-N01395;Tenthredinidae;;20/06/1980;Armunia;León;León;España;;;;;A. Riera;A. Riera;;;1;3;;3.30;;;;;
BOS-HYM-N01396;Tenthredinidae;Tenthredo sp.;20/03/1994;Embalse de la Granda;Gozón;Asturias;España;;;;;A. Quirós;A. Quirós;;;1;3;;3.30;;;;;
BOS-HYM-N01397;;;8-VI;Granda de Siero;Siero;Asturias;España;Orilla del río;;;;Telmo Rodríguez;;;;1;3;;3.30;;;;Diptera;
BOS-HYM-N01398;;;04/05/1983;Oviedo;Oviedo;Asturias;España;En un seto;;17 h;;A. Anadón;;;;1;3;;3.30;;;;;
BOS-HYM-N01399;;;02/06/1983;La Cruz de Illas;Castrillón;Asturias;España;;;;;Ángel Arriaga;Ángel Arriaga;;;1;3;;3.30;;;;Himenoptera;
BOS-HYM-N01400;Megalodontesidae;Megalodontes klugi;03/06/1994;Boñar;Boñar;León;España;;;;;Carlos Torres;Blanca Glez;;;1;3;;3.30;;;;;
BOS-HYM-N01401;Pamphiliidae;Pamphilus depressus;03/06/1994;Boñar;Boñar;León;España;;;;;Carlos Torres;Patricia Alonso;;;1;3;;3.30;;;;;
BOS-HYM-N01402;;;17/06/1989;Rodiezmo;;;España;;;;;A. J. Silva Glez;;;;1;3;;3.30;;;;;
BOS-HYM-N01403;Argidae;Arge cyanocrocea;06/06/1992;Hevia;Siero;Asturias;España;Prado siega;350 m;;;A. Fonseca;A. Fonseca;;;1;3;;3.30;;;;;
BOS-HYM-N01404;Argidae;Arge cyanocrocea;15/05/1989;Pico San Martín;Gijón;Asturias;España;;;;;Mª del Camino López;Mª del Camino López;;;1;3;;3.30;;;;;
BOS-HYM-N01405;;;22/05/1986;San Esteban de las Cruces;Oviedo;Asturias;España;;;;;M. T. Fdez M.;;;;1;3;;3.30;;;;;
BOS-HYM-N01406;;;02/06/1986;Ules;Oviedo;Asturias;España;Pastizal;;;;Margarita Zavala Arnott;;;;1;3;;3.30;;;;;
BOS-HYM-N01407;Argidae;Arge cyanocrocera;15/07/1988;Castrillo del Val;Castrillo del Val;Burgos;España;;;;;J. L. Benito;J. L. Benito;;;1;3;;3.30;;;;;
BOS-HYM-N01408;Argidae;Arge ustulata;07/05/1987;La Felguera;Langreo;Asturias;España;Prado;;;;Mª Cruz Suárez;Mª Cruz Suárez;;;1;3;;3.30;;;;;
BOS-HYM-N01409;Tenthredinidae;Athalia colibri;17/10/1991;Granda;Gijón;Asturias;España;;;;;Belén Álvarez;Belén Álvarez;;;1;3;;3.30;;;;;
BOS-HYM-N01410;Tenthredinidae;;_/05/1996;Contrueces;Gijón;Asturias;España;;;;;M. A. García Priede;M. A. García Priede;;;1;3;;3.30;;;;;
BOS-HYM-N01411;Tenthredinidae;Athalia rosae;23/10/2004;Severies;Llanera;Asturias;España;Camino;;;;Adrián Huerta;Adrián Huerta;;;1;3;;3.30;;;;;
BOS-HYM-N01412;Tenthredinidae;Macrophya rustica;09/05/1988;Las Barreras;;Asturias;España;;;;;Olivia Pradiles;Olivia Pradiles;;;1;3;;3.30;;;;;
BOS-HYM-N01413;;;05/07/1985;Sobarriba E.;;León;España;;;;;L. Casado;;;;1;3;;3.30;;;;;
BOS-HYM-N01414;Tenthredinidae;Macrophya rufina;17/04/1984;Monte Naranco;Oviedo;Asturias;España;;;;;Antonio Gómez Fdez;Antonio Gómez Fdez;;;1;3;;3.30;;;;;
BOS-HYM-N01415;;;22/09/1983;El Cristo (Oviedo);Oviedo;Asturias;España;;;;;Patricia González;;;;1;3;;3.30;;;;;
BOS-HYM-N01416;Tenthredinidae;Empria abdominalis;13/06/1980;Oviedo;Oviedo;Asturias;España;;;;;A. Bode;A. Bode;;;1;3;;3.30;;;;;
BOS-HYM-N01417;Argidae;Arge rosae;06/05/1981;Laukariz;Munguia;Vizcaya;España;Charca;;17-19 h;;M. I. Saloña;M. I. Saloña;;;1;3;;3.30;;;;;
BOS-HYM-N01418;Tenthredinidae;Empria abdominalis;15/05/1982;Hevia;Siero;Asturias;España;Entre flores rosal;350 m;18 h;;A. Fonseca;A. Fonseca;;;1;3;;3.30;;;;;
BOS-HYM-N01419;Tenthredinidae;Athalia rosae;07/06/1987;Llaranes;Avilés;Asturias;España;Sobre flor compuesta;;;;G. C. Parril Granda;G. C. Parril Granda;Ana Quero;;1;3;;3.30;;;;Hemiptero;
BOS-HYM-N01420;Tenthredinidae;Seladria serva;19/05/1989;Oviedo;Oviedo;Asturias;España;;;;;I. Irizar;I. Irizar;;;1;3;;3.30;;;;;
BOS-HYM-N01421;Tenthredinidae;Seladria serva;20/05/1989;Deva;Gijón;Asturias;España;;;;;Fdo Álvarez;Fdo Álvarez;;;1;3;;3.30;;;;;
BOS-HYM-N01422;Tenthredinidae;Schizocera furcata;10/07/1988;Hoyos del Tozo;Basconcillos del Tozo;Burgos;España;Sobre una Euphorbiacea;;;;P. Glez-Quirós;P. Glez-Quirós;;;1;3;;3.30;;;;;
BOS-HYM-N01423;;;01/06/1986;Boñar;Boñar;León;España;;;;;Pilar Rguez;;;;1;3;;3.30;;;;;
BOS-HYM-N01424;Argidae;Arge cyanocroceus;23/10/1989;Villar (Luarca);Valdés;Asturias;España;;;;;A. F. Diego Alvarado;A. F. Diego Alvarado;;;1;3;;3.30;;;;;
BOS-HYM-N01425;Tenthredinidae;Athalia cordata;_/11/1989;Villar (Luarca);Valdés;Asturias;España;;;;;M. Ángeles Lauriño;M. Ángeles Lauriño;;;1;3;;3.30;;;;;
BOS-HYM-N01426;Xyelidae;Xyela julii;23/10/1991;Avín;Onís;Asturias;España;;;;;María Herrero Sevilla;María Herrero Sevilla;;;1;3;;3.30;;;;;
BOS-HYM-N01427;;;_/10/1989;Villar (Luarca);Valdés;Asturias;España;;;;;A. Anadón;;;;1;3;;3.30;;;;;
BOS-HYM-N01428;;;_/10/1989;Villar (Luarca);Valdés;Asturias;España;;;;;A. Anadón;;;;1;3;;3.30;;;;;
BOS-HYM-N01429;Tenthredinidae;Rhogogaster aucupariae;01/04/1980;Trubia;Oviedo;Asturias;España;Prado con frutales;;;Hembra;P. Ciscar;P. Ciscar;;;1;3;;3.31;;;;;
BOS-HYM-N01430;Tenthredinidae;Rhogogaster aucupariae;18/05/1980;Cayés (Posada de Llanera);Llanera;Asturias;España;Prado;;;Hembra;P. Ciscar;P. Ciscar;;;1;3;;3.31;;;;;
BOS-HYM-N01431;Tenthredinidae;Rhogogaster aucupariae;26/02/1977;Trubia;Oviedo;Asturias;España;Matorral;;;Hembra;P. Ciscar;P. Ciscar;;;1;3;;3.31;;;;;
BOS-HYM-N01432;Tenthredinidae;Tenthredopsis sp.;26/02/1977;Trubia;Oviedo;Asturias;España;Prado;;;Hembra;P. Ciscar;P. Ciscar;;;1;3;;3.31;;;;Rhogogaster aucupariae;
BOS-HYM-N01433;Tenthredinidae;Rhogogaster aucupariae;26/03/1980;Trubia;Oviedo;Asturias;España;Huerta;;;Hembra;P. Ciscar;P. Ciscar;;;1;3;;3.31;;;;;
BOS-HYM-N01434;Tenthredinidae;Rhogogaster aucupariae;06/04/1980;Santullano;Las Regueras;Asturias;España;Huerta;;;Hembra;P. Ciscar;P. Ciscar;;;1;3;;3.31;;;;;
BOS-HYM-N01435;Tenthredinidae;Rhogogaster aucupariae;26/03/1980;Trubia;Oviedo;Asturias;España;Huerta;;;Hembra;P. Ciscar;P. Ciscar;;;1;3;;3.31;;;;;
BOS-HYM-N01436;Tenthredinidae;Tenthredopsis carbonaria;07/05/1981;Trubia;Oviedo;Asturias;España;Matorral;;;Hembra;P. Ciscar;P. Ciscar;;;7;5;C;Caja moho 2;;;Tiene moho;;
BOS-HYM-N01437;Tenthredinidae;Tenthredopsis coqueberti;20/04/1981;Trubia;Oviedo;Asturias;España;Matorral;;;Hembra;P. Ciscar;P. Ciscar;;;1;3;;3.31;;;;;
BOS-HYM-N01438;Tenthredinidae;Tenthredopsis scutellaris;17/05/1981;Trubia;Oviedo;Asturias;España;Huerta, sobre Sambucus nigra;;;Hembra;P. Ciscar;P. Ciscar;;;1;3;;3.31;;;;;
BOS-HYM-N01439;Tenthredinidae;Tenthredopsis coqueberti;17/05/1980;Latores;Oviedo;Asturias;España;En R. ulmifolius;;;Macho;Mª Teresa Blanco;P. Ciscar;;;1;3;;3.31;;;;;
BOS-HYM-N01440;Tenthredinidae;Macrophya diversipes;04/07/1981;Trubia;Oviedo;Asturias;España;Matorral;;;Hembra;P. Ciscar;P. Ciscar;;;1;3;;3.31;;;;;
BOS-HYM-N01441;Tenthredinidae;Macrophya annulata;27/05/1978;El Cristo (Oviedo);Oviedo;Asturias;España;;;;Hembra;Ángeles Cano;P. Ciscar;;;1;3;;3.31;;;;;
BOS-HYM-N01442;Tenthredinidae;Macrophya annulata;25/05/1978;Cangas de Narcea;Cangas de Narcea;asturias;España;Huerta;;;Hembra;M. I. Hevia G.;P. Ciscar;;;1;3;;3.31;;;;;
BOS-HYM-N01443;Tenthredinidae;Macrophya annulata;04/05/1981;Trubia;Oviedo;Asturias;España;Matorral;;;Macho;P. Ciscar;P. Ciscar;;;1;3;;3.31;;;;;
BOS-HYM-N01444;Tenthredinidae;Macrophya annulata;07/05/1981;Trubia;Oviedo;Asturias;España;Matorral;;;Hembra;P. Ciscar;P. Ciscar;;;1;3;;3.31;;;;;
BOS-HYM-N01445;Tenthredinidae;Macrophya annulata var. similis;14/06/1975;Tuiza de Arriba;Lena;Asturias;España;;;;Macho;C. F. B. Quirós;P. Ciscar;;;1;3;;3.31;;;;;
BOS-HYM-N01446;Tenthredinidae;Macrophya annulata var. similis;07/05/1980;Trubia;Oviedo;Asturias;España;Prado;;;Macho;P. Ciscar;P. Ciscar;;;1;3;;3.31;;;;;
BOS-HYM-N01447;Tenthredinidae;Macrophya annulata var. similis;23/04/1976;Trubia;Oviedo;Asturias;España;Matorral;;;Hembra;P. Ciscar;P. Ciscar;;;1;3;;3.31;;;;;
BOS-HYM-N01448;Tenthredinidae;Macrophya annulata var. similis;07/05/1980;Trubia;Oviedo;Asturias;España;Prado;;;Macho;P. Ciscar;P. Ciscar;;;1;3;;3.31;;;;;
BOS-HYM-N01449;Tenthredinidae;Macrophya annulata var. similis;08/06/1981;Trubia;Oviedo;Asturias;España;Matorral;;;Macho;P. Ciscar;P. Ciscar;;;1;3;;3.31;;;;;
BOS-HYM-N01450;Tenthredinidae;Macrophya annulata var. similis;08/06/1981;Trubia;Oviedo;Asturias;España;Matorral;;;Macho;P. Ciscar;P. Ciscar;;;1;3;;3.31;;;;;
BOS-HYM-N01451;Tenthredinidae;Macrophya annulata var. similis;16/05/1976;Cangas de Onís;Cangas de Onís;Asturias;España;;;;Hembra;S. Gargallo;P. Ciscar;;;1;3;;3.31;;;;;
BOS-HYM-N01452;Tenthredinidae;Macrophya annulata;27/04/1981;Trubia;Oviedo;Asturias;España;Matorral;;;Macho;P. Ciscar;P. Ciscar;;;1;3;;3.31;;;;;
BOS-HYM-N01453;Tenthredinidae;Macrophya annulata var. sicrulis;11/05/1981;Trubia;Oviedo;Asturias;España;Prado con frutales;;;Hembra;P. Ciscar;P. Ciscar;;;1;3;;3.31;;;;;
BOS-HYM-N01454;Tenthredinidae;Macrophya annulata var. similis;08/06/1981;Trubia;Oviedo;Asturias;España;Matorral;;;Macho;P. Ciscar;P. Ciscar;;;1;3;;3.31;;;;;
BOS-HYM-N01455;Tenthredinidae;Macrophya annulata var. similis;04/05/1981;Trubia;Oviedo;Asturias;España;Matorral;;;Macho;P. Ciscar;P. Ciscar;;;1;3;;3.31;;;;;
BOS-HYM-N01456;Tenthredinidae;Macrophya annulata var. similis;11/05/1981;Trubia;Oviedo;Asturias;España;Prado con frutales;;;Macho;P. Ciscar;P. Ciscar;;;1;3;;3.31;;;;;
BOS-HYM-N01457;Tenthredinidae;Macrophya annulata var. similis;04/05/1981;Trubia;Oviedo;Asturias;España;Matorral;;;Macho;P. Ciscar;P. Ciscar;;;1;3;;3.31;;;;;
BOS-HYM-N01458;Tenthredinidae;Macrophya annulata var. similis;08/06/1981;Trubia;Oviedo;Asturias;España;Matorral;;;Macho;P. Ciscar;P. Ciscar;;;1;3;;3.31;;;;;
BOS-HYM-N01459;Tenthredinidae;Macrophya annulata var. similis;27/04/1981;Trubia;Oviedo;Asturias;España;Matorral;;;Macho;P. Ciscar;P. Ciscar;;;1;3;;3.31;;;;;
BOS-HYM-N01460;Tenthredinidae;Macrophya annulata var. similis;27/04/1981;Trubia;Oviedo;Asturias;España;Matorral;;;Macho;P. Ciscar;P. Ciscar;;;7;5;C;Caja moho 2;;;Tiene moho;;
BOS-HYM-N01461;Tenthredinidae;Macrophya annulata var. similis;27/04/1981;Trubia;Oviedo;Asturias;España;Matorral;;;Macho;P. Ciscar;P. Ciscar;;;1;3;;3.31;;;;;
BOS-HYM-N01462;Tenthredinidae;Macrophya annulata var. similis;27/04/1981;Trubia;Oviedo;Asturias;España;Matorral;;;Macho;P. Ciscar;P. Ciscar;;;1;3;;3.31;;;;;
BOS-HYM-N01463;Tenthredinidae;Macrophya annulata var. similis;18/05/1981;Trubia;Oviedo;Asturias;España;Matorral;;;Hembra;P. Ciscar;P. Ciscar;;;1;3;;3.31;;;;;
BOS-HYM-N01464;Tenthredinidae;Macrophya annulata var. similis;08/06/1981;Trubia;Oviedo;Asturias;España;Matorral;;;Macho;P. Ciscar;P. Ciscar;;;1;3;;3.31;;;;;
BOS-HYM-N01465;Tenthredinidae;Macrophya annulata var. similis;18/05/1981;Trubia;Oviedo;Asturias;España;Matorral;;;Macho;P. Ciscar;P. Ciscar;;;1;3;;3.31;;;;;
BOS-HYM-N01466;Tenthredinidae;Macrophya annulata var. similis;18/05/1981;Trubia;Oviedo;Asturias;España;Matorral;;;Hembra;P. Ciscar;P. Ciscar;;;1;3;;3.31;;;;;
BOS-HYM-N01467;Tenthredinidae;Macrophya annulata var. similis;04/05/1981;Trubia;Oviedo;Asturias;España;Matorral;;;Macho;P. Ciscar;P. Ciscar;;;1;3;;3.31;;;;;
BOS-HYM-N01468;Tenthredinidae;Macrophya annulata var. similis;18/05/1981;Trubia;Oviedo;Asturias;España;Matorral;;;Macho;P. Ciscar;P. Ciscar;;;1;3;;3.31;;;;;
BOS-HYM-N01469;Tenthredinidae;Macrophya annulata var. similis;07/05/1980;Trubia;Oviedo;Asturias;España;Matorral;;;Macho;P. Ciscar;P. Ciscar;;;1;3;;3.31;;;;;
BOS-HYM-N01470;Tenthredinidae;Macrophya annulata var. similis;10/06/1981;El Cristo (Oviedo);Oviedo;Asturias;España;Prado;;;Macho;E. Blazquez;P. Ciscar;;;1;3;;3.31;;;;;
BOS-HYM-N01471;Tenthredinidae;Macrophya annulata var. similis;_/07/1977;La Castañalona;Castrillón;Asturias;España;;;;Macho;M. A. Aranda;P. Ciscar;;;1;3;;3.31;;;;;
BOS-HYM-N01472;Tenthredinidae;Macrophya albicincta;07/05/1980;Trubia;Oviedo;Asturias;España;Huerta;;;Hembra;P. Ciscar;P. Ciscar;;;1;3;;3.31;;;;;
BOS-HYM-N01473;Tenthredinidae;Macrophya albicincta;26/03/1980;Trubia;Oviedo;Asturias;España;Huerta;;;Hembra;P. Ciscar;P. Ciscar;;;1;3;;3.31;;;;;
BOS-HYM-N01474;Tenthredinidae;Macrophya albicincta;20/09/1976;Trubia;Oviedo;Asturias;España;Matorral;;;Hembra;P. Ciscar;P. Ciscar;;;1;3;;3.31;;;;;
BOS-HYM-N01475;Tenthredinidae;Macrophya albicincta;20/05/1980;Trubia;Oviedo;Asturias;España;Jardín;;;Hembra;P. Ciscar;P. Ciscar;;;1;3;;3.31;;;;;
BOS-HYM-N01476;Tenthredinidae;Macrophya albicincta;26/03/1980;Trubia;Oviedo;Asturias;España;Huerta;;;Hembra;P. Ciscar;P. Ciscar;;;1;3;;3.31;;;;;
BOS-HYM-N01477;Tenthredinidae;Macrophya albicincta;16/07/1981;Trubia;Oviedo;Asturias;España;Prado con frutales;;;Hembra;P. Ciscar;P. Ciscar;;;1;3;;3.31;;;;;
BOS-HYM-N01478;Tenthredinidae;Macrophya rustica;07/07/1974;Peña de los cuervos (Ordillón-Sueve);Piloña;Asturias;España;;;;Hembra;C. Lastra;P. Ciscar;;;1;3;;3.31;;;;;
BOS-HYM-N01479;Tenthredinidae;Macrophya parvula;07/07/1979;Trubia;Oviedo;Asturias;España;;;;Hembra;P. Ciscar;P. Ciscar;;;1;3;;3.31;;;;;
BOS-HYM-N01480;Tenthredinidae;Macrophya parvula;07/07/1979;Trubia;Oviedo;Asturias;España;;;;Hembra;P. Ciscar;P. Ciscar;;;1;3;;3.31;;;;;
BOS-HYM-N01481;Tenthredinidae;Macrophya carinthiaca;10/05/1980;Tuñón;Santo Adriano;Asturias;España;Jardín;;;Macho;P. Ciscar;P. Ciscar;;;1;3;;3.31;;;;;
BOS-HYM-N01482;Tenthredinidae;Macrophya carinthiaca;07/07/1979;Trubia;Oviedo;Asturias;España;Huerta;;;Macho;P. Ciscar;P. Ciscar;;;1;3;;3.31;;;;;
BOS-HYM-N01483;Tenthredinidae;Macrophya carinthiaca;05/06/1980;Trubia;Oviedo;Asturias;España;Huerta;;;Macho;P. Ciscar;P. Ciscar;;;1;3;;3.31;;;;;
BOS-HYM-N01484;Tenthredinidae;Macrophya carinthiaca;12/07/1979;Trubia;Oviedo;Asturias;España;Huerta;;;Macho;P. Ciscar;P. Ciscar;;;1;3;;3.31;;;;;
BOS-HYM-N01485;Tenthredinidae;Macrophya carinthiaca;09/05/1978;Lieres;Siero;Asturias;España;;;;Hembra;V. Herrero;P. Ciscar;;;1;3;;3.31;;;;;
BOS-HYM-N01486;Tenthredinidae;Macrophya carinthiaca;12/07/1979;Trubia;Oviedo;Asturias;España;;;;Macho;P. Ciscar;P. Ciscar;;;1;3;;3.31;;;;;
BOS-HYM-N01487;Tenthredinidae;Macrophya carinthiaca;07/05/1980;Trubia;Oviedo;Asturias;España;Prado con fruta;;;Macho;P. Ciscar;P. Ciscar;;;1;3;;3.31;;;;;
BOS-HYM-N01488;Tenthredinidae;Macrophya albicincta;24/03/1980;Trubia;Oviedo;Asturias;España;Prado;;;Hembra;P. Ciscar;P. Ciscar;;;1;3;;3.31;;;;;
BOS-HYM-N01489;Tenthredinidae;Tenthredo scrophulariae;05/04/1974;Campo Carbajal;Avilés;Asturias;España;;;;Macho;Ana Rguez Glez;P. Ciscar;;;1;3;;3.32;;;;;
BOS-HYM-N01490;Tenthredinidae;Tenthredo scrophulariae;11/05/1980;Pillarno;Castrillón;Asturias;España;;;;Macho;P. Ciscar;P. Ciscar;;;1;3;;3.32;;;;;
BOS-HYM-N01491;Tenthredinidae;Tenthredo scrophulariae;15/05/1978;Oviedo;Oviedo;Asturias;España;;;12 h;;Mª José Fdez Mtnz;P. Ciscar;;;7;5;C;Caja moho 2;;;Tiene moho;;
BOS-HYM-N01492;Tenthredinidae;Tenthredo scrophulariae;11/05/1978;Oviedo;Oviedo;Asturias;España;Zarzal;;;Hembra;José R. Fco Ramos;P. Ciscar;;;1;3;;3.32;;;;;
BOS-HYM-N01493;Tenthredinidae;Tenthredo scrophulariae;18/05/1978;Sta Bárbara de Lugones;Siero;Asturias;España;;;;Hembra;Emilio Cervantes;P. Ciscar;;;1;3;;3.32;;;;;
BOS-HYM-N01494;Tenthredinidae;Tenthredo scrophulariae;06/06/1981;Ciaño;Langreo;Asturias;España;;;;Hembra;Isabel Martínez;P. Ciscar;;;7;5;C;Caja moho 2;;;Tiene moho;;
BOS-HYM-N01495;Tenthredinidae;Tenthredo scrophulariae;16/05/1978;Colloto;Oviedo;Asturias;España;Prado;190 m;;Hembra;J. M. Eiro;P. Ciscar;;;1;3;;3.32;;;;;
BOS-HYM-N01496;Tenthredinidae;Tenthredo scrophulariae;24/05/1978;Naranco (Oviedo);Oviedo;Asturias;España;;;;Hembra;Cristina Campo;P. Ciscar;;;1;3;;3.32;;;;;
BOS-HYM-N01497;Tenthredinidae;Tenthredo scrophulariae;_/04/1978;Avilés;Avilés;Asturias;España;;;;Macho;R. González;P. Ciscar;;;1;3;;3.32;;;;;
BOS-HYM-N01498;Tenthredinidae;Tenthredo scrophulariae;24/05/1978;Naranco (Oviedo);Oviedo;Asturias;España;Prado;;;Macho;Cristina Campo;P. Ciscar;;;1;3;;3.32;;;;;
BOS-HYM-N01499;Tenthredinidae;Tenthredo scrophulariae;25/08/1980;Playa de Penarronda;Castropol;Asturias;España;Riachuelo;;13 h;Macho;F. J. Ocharan;P. Ciscar;;;7;5;C;Caja moho 2;;;Tiene moho;;
BOS-HYM-N01500;Tenthredinidae;Tenthredo scrophulariae;_/06/1995;La Collada;;Asturias;España;;;;;M. A. García Priede;M. A. García Priede;L. O. Aguado 2013;;1;3;;3.32;;;;Megalodontes klugii;
BOS-HYM-N01501;Tenthredinidae;Tenthredo scrophulariae;08/05/1994;Peón;Villaviciosa;Asturias;España;;;;;Carmela Menéndez;Carmela Menéndez;L. O. Aguado 2013;;1;3;;3.32;;;;Tenthredo sp.;
BOS-HYM-N01502;Tenthredinidae;Tenthredo scrophulariae;11/05/1978;Oviedo;Oviedo;Asturias;España;Orilla de río;;;;Sara Pascual;L. O. Aguado 2013;;;1;3;;3.32;;;;;
BOS-HYM-N01503;Tenthredinidae;Tenthredo scrophulariae;01/04/1978;Oviedo;Oviedo;Asturias;España;Prado;;;Macho;Esmeralda Suárez;P. Ciscar;;;1;3;;3.32;;;;;
BOS-HYM-N01504;Tenthredinidae;Tenthredo scrophulariae;07/06/1986;Sta Cruz de Mieres;Mieres;Asturias;España;;;;;Cristina;L. O. Aguado 2013;;;1;3;;3.32;;;;;
BOS-HYM-N01505;Tenthredinidae;Tenthredo scrophulariae;26/04/1987;Oviedo;Oviedo;Asturias;España;Río Gafo;;;;J. Glez Esteban;J. Glez Esteban;L. O. Aguado 2013;;1;3;;3.32;;;;Hymenoptera;
BOS-HYM-N01506;Tenthredinidae;Tenthredo scrophulariae;11/05/1980;Naranco (Oviedo);Oviedo;Asturias;España;;;16 h;Hembra;Abel José Martín;P. Ciscar;;;1;3;;3.32;;;;;
BOS-HYM-N01507;Tenthredinidae;Tenthredo scrophulariae;12/07/1993;Tapia de Casariego;Tapia;Asturias;España;;;;Macho;Judith F. Casero;Judith F. Casero;L. O. Aguado 2013;;1;3;;3.32;;;;Tenthredo sp.;
BOS-HYM-N01508;Tenthredinidae;Tenthredo distinguenda;12/05/1977;Trubia;Oviedo;Asturias;España;Matorral;;;Hembra;P. Ciscar;P. Ciscar;;;1;3;;3.32;;;;;
BOS-HYM-N01509;Tenthredinidae;Tenthredo atra var. scopolii;_/07/1974;Busdongo;Villamanín;León;España;;;;Hembra;Virginia Aza;P. Ciscar;;;1;3;;3.32;;;;;
BOS-HYM-N01510;Tenthredinidae;Tenthredo atra var. scopolii;14/06/1975;Tuiza de Arriba;Lena;Asturias;España;;;;;C. F. B. Quirós;P. Ciscar;;;1;3;;3.32;;;;;
BOS-HYM-N01511;Tenthredinidae;Tenthredo temula;13/06/1976;Zuazo de Cuartango;Cuartango;Álava;España;;;;Hembra;F. J. Ocharan;P. Ciscar;;;1;3;;3.32;;;;;
BOS-HYM-N01512;Tenthredinidae;Tenthredo temula;27/05/1980;Grado;Grado;Asturias;España;;;;Macho;M. V. Morgalo;P. Ciscar;;;1;3;;3.32;;;;;
BOS-HYM-N01513;Tenthredinidae;Tenthredo olivacea var. nigrovittata;07/06/1976;Trubia;Oviedo;Asturias;España;Prado;;;Macho;P. Ciscar;P. Ciscar;;;1;3;;3.32;;;;;
BOS-HYM-N01514;Tenthredinidae;Tenthredo olivacea var. nigrovittata;07/06/1976;Trubia;Oviedo;Asturias;España;Prado;;;Hembra;P. Ciscar;P. Ciscar;;;1;3;;3.32;;;;;
BOS-HYM-N01515;Tenthredinidae;Tenthredo olivacea var. nigrovittata;07/06/1976;Trubia;Oviedo;Asturias;España;Matorral;;;Hembra;P. Ciscar;P. Ciscar;;;1;3;;3.32;;;;;
BOS-HYM-N01516;Tenthredinidae;Tenthredo olivacea var. nigrovittata;12/05/1977;Trubia;Oviedo;Asturias;España;Prado;;;Hembra;P. Ciscar;P. Ciscar;;;1;3;;3.32;;;;;
BOS-HYM-N01517;Tenthredinidae;Tenthredo olivacea var. nigrovittata;07/05/1981;Trubia;Oviedo;Asturias;España;Prado;;;Hembra;P. Ciscar;P. Ciscar;;;1;3;;3.32;;;;;
BOS-HYM-N01518;Tenthredinidae;Tenthredo olivacea var. nigrovittata;07/06/1976;Trubia;Oviedo;Asturias;España;Prado;;;Hembra;P. Ciscar;P. Ciscar;;;1;3;;3.32;;;;;
BOS-HYM-N01519;Tenthredinidae;Tenthredo olivacea var. nigrovittata;07/06/1976;Trubia;Oviedo;Asturias;España;Matorral;;;Hembra;P. Ciscar;P. Ciscar;;;1;3;;3.32;;;;;
BOS-HYM-N01520;Tenthredinidae;Tenthredo olivacea var. nigrovittata;07/05/1981;Trubia;Oviedo;Asturias;España;Matorral;;;Hembra;P. Ciscar;P. Ciscar;;;1;3;;3.32;;;;;
BOS-HYM-N01521;Tenthredinidae;Tenthredo olivacea var. nigrovittata;15/06/1981;Trubia;Oviedo;Asturias;España;Matorral;;;Hembra;P. Ciscar;P. Ciscar;;;1;3;;3.32;;;;;
BOS-HYM-N01522;Tenthredinidae;Tenthredo olivacea var. nigrovittata;15/06/1981;Trubia;Oviedo;Asturias;España;Matorral;;;Hembra;P. Ciscar;P. Ciscar;;;1;3;;3.32;;;;;
BOS-HYM-N01523;Tenthredinidae;Tenthredo olivacea var. nigrovittata;07/06/1976;Trubia;Oviedo;Asturias;España;Prado;;;Hembra;P. Ciscar;P. Ciscar;;;1;3;;3.32;;;;;
BOS-HYM-N01524;Tenthredinidae;Tenthredo olivacea var. nigrovittata;07/05/1981;Trubia;Oviedo;Asturias;España;Matorral;;;Hembra;P. Ciscar;P. Ciscar;;;7;5;C;Caja moho 2;;;Tiene moho;;
BOS-HYM-N01525;Apidae;Bombus terrestris;18/04/1991;Luarca;Valdés;Asturias;España;;;;;César González;Ana Murguizu;;;2;7;;7.1;;;;;
BOS-HYM-N01526;Apidae;Bombus terrestris;22/02/1991;Miranda;Avilés;Asturias;España;;;;;F. J. P. Bustelo;F. J. P. Bustelo;;;2;7;;7.1;;;;;
BOS-HYM-N01527;Apidae;Bombus terrestris;21/04/1991;Cazanes;Villaviciosa;Asturias;España;;;;;E. García;E. García;;;7;5;C;Caja moho 2;;;Tiene moho;;
BOS-HYM-N01528;Apidae;Bombus lucorum;19/11/1989;Somió;Gijón;Asturias;España;;;;;Celestino Glez;Celestino Glez;;;2;7;;7.1;;;;;
BOS-HYM-N01529;Apidae;Bombus terrestris;25/10/1990;Luarca;Valdés;Asturias;España;;;;;E. Celada Castañón;E. Celada Castañón;;;2;7;;7.1;;;;;
BOS-HYM-N01530;Apidae;Bombus terrestris;23/03/1987;Playa de Barayo;;Asturias;España;En dunas de playa;;;;J. M. Santaeufemia;J. M. Santaeufemia;;;2;7;;7.1;;;;;
BOS-HYM-N01531;Apidae;Bombus terrestris;22/10/1990;Cabo Busto;Valdés;Asturias;España;;;;;Jorge Jáuregui;Jorge Jáuregui;;;2;7;;7.1;;;;;
BOS-HYM-N01532;Apidae;Bombus terrestris;14/05/1991;S. Lázaro;Oviedo;Asturias;España;;;;;Amaia Irizar;Isabel Sánchez;;;2;7;;7.1;;;;;
BOS-HYM-N01533;Apidae;Bombus terrestris;03/07/1990;Somió;Gijón;Asturias;España;;;;;A. Busto;A. Busto;;;7;5;C;Caja moho 2;;;Tiene moho;;
BOS-HYM-N01534;Apidae;Bombus terrestris;19/03/1991;Pico Seana;Mieres;Asturias;España;;;;;M. Pelaez Cruz;M. Pelaez Cruz;;;2;7;;7.1;;;;;
BOS-HYM-N01535;Apidae;Bombus lucorum;23/10/1990;El Villar (Luarca);Valdés;Asturias;España;;;;;C. Viña Herbón;C. Viña Herbón;;;2;7;;7.1;;;;;
BOS-HYM-N01536;Apidae;Bombus terrestris;26/05/1991;Jove ;Gijón;Asturias;España;;;;;Mª Jesús Glez;Mª Jesús Glez;;;2;7;;7.1;;;;;
BOS-HYM-N01537;Apidae;Bombus terrestris;24/10/1990;Villar (Luarca);Valdés;Asturias;España;;;;;Hugo Mortera;Hugo Mortera;;;2;7;;7.1;;;;;
BOS-HYM-N01538;Apidae;Bombus pascuarum;17/05/1991;Los Maizales (Gijón);Gijón;Asturias;España;;;;;M. A. Paredes;M. A. Paredes;;;2;7;;7.1;;;;;
BOS-HYM-N01539;Apidae;Bombus terrestris;Año 1990;La Robla;León;Asturias;España;;;;;E. B. G.;E. B. G.;;;2;7;;7.1;;;;;
BOS-HYM-N01540;Apidae;Bombus terrestris;18/03/1989;Oviedo;Oviedo;Asturias;España;;;;;Jorge González;Jorge González;;;2;7;;7.1;;;;;
BOS-HYM-N01541;Apidae;Bombus terrestris;05/05/1991;La Bolgachina;Oviedo;Asturias;España;Campo;;;;Amaia Irizar;Amaia Irizar;;;2;7;;7.1;;;;;
BOS-HYM-N01542;Apidae;Bombus terrestris;22/04/1991;Los Pericones;Gijón;Asturias;España;;;;;Diana Cifuentes;Diana Cifuentes;;;2;7;;7.1;;;;;
BOS-HYM-N01543;Apidae;Bombus terrestris;28/03/1991;Edesa de Montija;Merindad de Montija;Burgos;España;;;;;B. Baranda;B. Baranda;;;2;7;;7.1;;;;;
BOS-HYM-N01544;Apidae;Bombus terrestris;24/10/1990;Villar (Luarca);Valdés;Asturias;España;;;;;G. Mutuberría Díaz;G. Mutuberría Díaz;;;2;7;;7.1;;;;;
BOS-HYM-N01545;Apidae;Bombus terrestris;09/09/1990;Santander;Santander;Cantabria;España;Jardín;;;;R. Rosario Ruiz;R. Rosario Ruiz;;;2;7;;7.1;;;;;
BOS-HYM-N01546;Apidae;Bombus terrestris;Mayo;Ereño;Ereño;Vizcaya;España;;;;;Bombus terrestris;R. Echeandia;;;2;7;;7.1;;;;;
BOS-HYM-N01547;Apidae;Bombus terrestris;_/04/1983;Las Caldas;;Asturias;España;;;;;Ángeles García Cosío;;;;2;7;;7.1;;;;;
BOS-HYM-N01548;Apidae;Bombus lucorum;01/05/1978;Tereñes;Ribadesella;Asturias;España;Sobre planta;;;;Mª Jesús Álvarez;Mª Jesús Álvarez;;;2;7;;7.1;;;;;
BOS-HYM-N01549;Apidae;Bombus terrestris;05/05/1983;Santa Marina;Siero;Asturias;España;Sobre Brassicaceas;;;;E. Arbesú Suárez;Eulalia Arbesú;;;2;7;;7.1;;;;;
BOS-HYM-N01550;Apidae;Bombus sp.;04/11/1979;Gijón;Gijón;Asturias;España;;;;;E. Cuesta García;;;;2;7;;7.1;;;;;
BOS-HYM-N01551;Apidae;Bombus sp.;_/04/1983;Navia;Navia;Asturias;España;;;;;Esther Lomas;;;;2;7;;7.1;;;;;
BOS-HYM-N01552;Apidae;Bombus sp.;14/06/1983;Avilés;Avilés;Asturias;España;;;;;Mª Elvira Torres;;;;2;7;;7.1;;;;;
BOS-HYM-N01553;Apidae;Bombus sp.;07/03/1975;Posada de Llanera;Llanera;Asturias;España;;;;;Mª Jesús Glez;;;;2;7;;7.1;;;;;
BOS-HYM-N01554;Apidae;Bombus sp.;01/05/1978;Perlora;Carreño;Asturias;España;Sobre planta;;13 h;;Rosa Gómez;;;;2;7;;7.1;;;;;
BOS-HYM-N01555;Apidae;Bombus terrestris;29/06/1989;El Cristo (Oviedo);Oviedo;Asturias;España;;;;;Teresa Sobrino;A. Bouso Yáñez;;;2;7;;7.1;;;;;
BOS-HYM-N01556;Apidae;Bombus sp.;05/04/1983;Colloto;;Asturias;España;;;;;Luis Reiriz;;;;2;7;;7.1;;;;;
BOS-HYM-N01557;Apidae;Bombus sp.;_/05/1983;Veriña;Gijón;Asturias;España;;;;;Gregorio Llanes;;;;2;7;;7.1;;;Atropellada por coche;;
BOS-HYM-N01558;Apidae;Bombus sp.;08/06/1983;San Martín;;;España;;;;;Mª Dolores Rivas;Mª Dolores Rivas;;;2;7;;7.1;;;;;
BOS-HYM-N01559;Apidae;Bombus terrestris;27/05/1979;S. Pedro (Soto de Luiña);Cudillero;Asturias;España;;;;;Manón Funes;Manón Funes;;;2;7;;7.1;;;;;
BOS-HYM-N01560;Apidae;Bombus terrestris;14/04/1989;El Cristo (Oviedo);Oviedo;Asturias;España;;;;;A. M. Navarro Incio;A. M. Navarro Incio;;;2;7;;7.1;;;;;
BOS-HYM-N01561;Apidae;Bombus sp.;_/04/1984;Rodiles;Villaviciosa;Asturias;España;Prado;;;;Dolores Silva;;;;2;7;;7.1;;;;;
BOS-HYM-N01562;Apidae;Bombus terrestris;22/10/1990;Villar (Luarca);Valdés;Asturias;España;;;;;A. M. Glez Lozano;A. M. Glez Lozano;;;2;7;;7.1;;;;;
BOS-HYM-N01563;Apidae;Bombus sp.;09/05/1987;Luanco;Gozón;Asturias;España;;;;;M. Zavala;M. Zavala;;;2;7;;7.1;;;;;
BOS-HYM-N01564;Apidae;Bombus ruderans;14/07/1988;Madrid;Madrid;Madrid;España;Jardines;;;;Antonio Gómez Fdez;Antonio Gómez Fdez;;;2;7;;7.1;;;;;
BOS-HYM-N01565;Apidae;Bombus terrestris;08/04/1989 ó 07/05/1989;Oviedo/Ponferrada;Oviedo/Ponferrada;Asturias/León;España;;;;;Idoia Villate/Claudia Martínez;Idoia Villate;;;2;7;;7.1;;;;;
BOS-HYM-N01566;Apidae;Bombus terrestris;26/10/1988;S. Timoteo (Luarca);Valdés;Asturias;España;;;;;T. Montoto;T. Montoto;;;2;7;;7.1;;;;;
BOS-HYM-N01567;Apidae;Bombus sp.;01/05/1987;Cabo Mayor;Santander;Cantabria;España;Pradera;;;;Francisco Iglesias;Francisco Iglesias;;;2;7;;7.1;;;;;
BOS-HYM-N01568;Apidae;Bombus terrestris;07/05/1989;Ponferrada;Ponferrada;León;España;;;;;Claudia Martínez;Claudia Martínez;;;2;7;;7.1;;;;;
BOS-HYM-N01569;Apidae;Bombus lucorum;07/06/1988;Naranco (Oviedo);Oviedo;Asturias;España;Matorral;;;;Gemma G. P.;Gemma G. P.;;;2;7;;7.1;;;;;
BOS-HYM-N01570;Apidae;Bombus sp.;_/07/1983;Rodiles;Villaviciosa;Asturias;España;Prado;;;;Paloma Silva;;;;2;7;;7.1;;;;;
BOS-HYM-N01571;Apidae;Bombus sp.;11/10/1989;Pravia;Pravia;Asturias;España;;;;;L. Valle;;;;2;7;;7.1;;;;;
BOS-HYM-N01572;Apidae;Bombus terrestris;09/05/1982;Turón;Mieres;Asturias;España;;;;;Ángeles García Cosío;;;;2;7;;7.1;;;;;
BOS-HYM-N01573;Apidae;Bombus terrestris;25/05/1989;Muros de Nalón;Muros de Nalón;Asturias;España;;;;;Fdo Álvarez;Fdo Álvarez;;;2;7;;7.1;;;;;
BOS-HYM-N01574;Apidae;Bombus terrestris;22/04/1989;Ambas;;;España;;;;;E. Eguilegor;E. Eguilegor;;;2;7;;7.1;;;;;
BOS-HYM-N01575;Apidae;Bombus terrestris;_/01/1989;Zumaia;Zumaia;Guipúzcoa;España;;;;;J. M. Lasa;J. M. Lasa;;;2;7;;7.1;;;;;
BOS-HYM-N01576;Apidae;Bombus terrestris;22/04/1989;Oviedo;Oviedo;Asturias;España;;;;;T. Sobrino;T. Sobrino;;;2;7;;7.1;;;;;
BOS-HYM-N01577;Apidae;Bombus sp.;_/07/1975;Sueve;;Asturias;España;;;;;C. Nores;;;;2;7;;7.1;;;;;
BOS-HYM-N01578;Apidae;Bombus sp.;11/05/1978;Las Caldas;;Asturias;España;Prado;;17 h;;Luis G.;;;;2;7;;7.1;;;;;
BOS-HYM-N01579;Apidae;Bombus lucorum;30/05/1987;Pantano de Trasona;Corvera;Asturias;España;;;;;Carlos J. Francisco;Carlos J. Francisco;;;2;7;;7.1;;;;;
BOS-HYM-N01580;Apidae;Bombus terrestris;25/05/1979;Ribadesella;Ribadesella;Asturias;España;En casa;;;;J. Berenguer;J. Berenguer;;;2;7;;7.1;;;;;
BOS-HYM-N01581;Apidae;Bombus sp.;05/06/1987;Arroes;Villaviciosa;Asturias;España;Ribera;60 m;;;Fco J. Pérez B.;Fco J. Pérez B.;;;2;7;;7.1;;;;;
BOS-HYM-N01582;Apidae;Bombus terrestris;25/12/1985;Rodiles;;Asturias;España;Sobre hierba;;;;Esther Orviz Glez;Esther Orviz Glez;;;2;7;;7.1;;;;;
BOS-HYM-N01583;Apidae;Bombus sp.;03/10/1986;Toporias;Udías;Cantabria;España;;;;;B. Pérez Grrez;B. Pérez Grrez;;;2;7;;7.1;;;;;
BOS-HYM-N01584;Apidae;Bombus terrestris;30/10/1988;Peón;Villaviciosa;Asturias;España;;;;;E. C. Jiménez;E. C. Jiménez;;;2;7;;7.1;;;;;
BOS-HYM-N01585;Apidae;Bombus sp.;29/05/1987;Suances;Suances;Cantabria;España;;Nivel del mar;;;Mª José S. Cacho;Mª José S. Cacho;;;2;7;;7.1;;;;Himenópteros;
BOS-HYM-N01586;Apidae;Bombus lucorum;23/10/1987;Santander;Santander;Cantabria;España;;;;;Severiano Pradillas;Olivia Pradillas;;;2;7;;7.1;;;;;
BOS-HYM-N01587;Apidae;Bombus terrestris;07/07/1983;Escalante;Trasmiera;Cantabria;España;En flores, huerta;;;;David Mata de la Sierra;David Mata de la Sierra;;;2;7;;7.1;;;;;
BOS-HYM-N01588;Apidae;Bombus sp.;25/05/1978;Rondera (Sama);Langreo;Asturias;España;Flor;300 m;;;Cuesta Fdez B.;;;;2;7;;7.1;;;;;
BOS-HYM-N01589;Apidae;Bombus terrestris;02/07/1986;Boñar;Boñar;León;España;Monte;;;;M. Arbesú;M. Arbesú;;;2;7;;7.1;;;;;
BOS-HYM-N01590;Apidae;Bombus lucorum;24/05/1987;Castañeda;Avilés;Asturias;España;Monte bajo;;;;M. J. Villaverde;M. J. Villaverde;;;2;7;;7.1;;;;;
BOS-HYM-N01591;Apidae;Bombus terrestris;08/03/1987;Oviedo;Oviedo;Asturias;España;Pradera;Sobre una compuesta;;;Flor Rodríguez;Flor Rodríguez Fdez;;;2;7;;7.1;;;;;
BOS-HYM-N01592;Apidae;Bombus terrestris;03/05/1988;Poo de Llanes;Llanes;Asturias;España;;;;;Ana Mª Glez Antuña;Ana Mª Glez Antuña;;;2;7;;7.1;;;;;
BOS-HYM-N01593;Apidae;Bombus hortorum;27/05/1987;Oviedo;Oviedo;Asturias;España;;;;;J. Antonio Ferreiro Ríos;J. Antonio Ferreiro Ríos;;;2;7;;7.2;;;;Apoideos;
BOS-HYM-N01594;Apidae;;13/10/1985;Gijón;Gijón;Asturias;España;;;;;Mª Salud Rodríguez;;;;2;7;;7.2;;;Terrestre;;
BOS-HYM-N01595;Apidae;Bombus terrestris;03/05/1983;Careses;Siero;Asturias;España;Sobre flores;;;;Alfredo Glez;Alfredo Glez;;;2;7;;7.2;;;;;
BOS-HYM-N01596;Apidae;Bombus terrestris;81/05/1986;Fitoria;Oviedo;Asturias;España;;;;;Buenaventura Fdez;Buenaventura Fdez;;;2;7;;7.2;;;;;
BOS-HYM-N01597;Apidae;Bombus lucorum;_/08/1986;Lamuño;Cudillero;Asturias;España;Jardín;;;;J. M. Rico Ordás;J. M. Rico Ordás;;;2;7;;7.2;;;;;
BOS-HYM-N01598;Apidae;Bombus sp.;_/05/1987;Oriente-Asturias;;Asturias;España;;;;;Juan Argüelles;Juan Argüelles;;;2;7;;7.2;;;;Himenóptero;
BOS-HYM-N01599;Apidae;Bombus terrestris;15/06/1986;Loro;Pravia;Asturias;España;Prado;200 m;;;Alex Merino;Alex Merino;;;2;7;;7.2;;;;;
BOS-HYM-N01600;Apidae;Bombus sp.;24/06/1985;León;León;León;España;;;;;L. Casado;L. Casado;;;2;7;;7.2;;;;Himenóptero;
BOS-HYM-N01601;Apidae;Bombus sp.;22/05/1986;Quintes;Villaviciosa;Asturias;España;;;;;A. Iglesias;;;;2;7;;7.2;;;;Himenóptero;
BOS-HYM-N01602;Apidae;Bombus terrestris;11/05/1988;Poo de Llanes;Llanes;Asturias;España;;;;;J. Alperi Villar;J. Alperi Villar;;;2;7;;7.2;;;;;
BOS-HYM-N01603;Apidae;Bombus terrestris;12/03/1989;Oviedo;Oviedo;Asturias;España;;;;;I. Irizar;I. Irizar;;;2;7;;7.2;;;;;
BOS-HYM-N01604;Apidae;Bombus sp.;10/05/1986;Pinos Altos;Castrillón;Asturias;España;Pinar;;;;Isabel Soret Matamoros;Isabel Soret Matamoros;;;2;7;;7.2;;;;Himenóptero;
BOS-HYM-N01605;Apidae;Bombus lucorum;28/05/1986;Luanco;Gozón;Asturias;España;Pradera;;;;Rosa Arroyo;Rosa Arroyo;;;2;7;;7.2;;;;;
BOS-HYM-N01606;Apidae;Bombus sp.;13 ó 14/05/1986;Interior (Oviedo);;Asturias;España;;;;;Elena Maluenda;Elena Maluenda;;;2;7;;7.2;;;;;
BOS-HYM-N01607;Apidae;Bombus sp.;10/05/1987;Vegadeo;Vegadeo;Asturias;España;Pradera;;;;M. M. G. P.;M. M. G. P.;;;7;5;C;Caja moho 2;;;Comido por insectos plaga;Himenóptero;
BOS-HYM-N01608;Apidae;Bombus sp.;08/05/1986;Fano;Gijón;Asturias;España;;;;;A. Maz Pelaez;;;;2;7;;7.2;;;;Himenóptero;
BOS-HYM-N01609;Apidae;Bombus sp.;25/05/1986;Tolivia;Laviana;Asturias;España;;;;;M. Mar García;;;;2;7;;7.2;;;;Himenóptero;
BOS-HYM-N01610;Apidae;Bombus terrestris;03/09/1986;Geras de Gordón;Pola de Gordón;León;España;;;;;G. Barroso;G. Barroso;;;7;5;C;Caja moho 2;;;Tiene moho;;
BOS-HYM-N01611;Apidae;Bombus sp.;30/04/1987;Plaza de Llamaquique (Oviedo);Oviedo;Asturias;España;;;;;B. Ramos Pérez;B. Ramos Pérez;;;2;7;;7.2;;;;;
BOS-HYM-N01612;Apidae;Bombus sp.;14/04/1987;Soriana (Pto Vega);Navia;Asturias;España;;;;;J. Gión;J. M. García;;;2;7;;7.2;;;;;
BOS-HYM-N01613;Apidae;Bombus sp.;02/06/1987;Gijón;Gijón;Asturias;España;;;;;Ana Mª Álvarez Ll.;Ana Mª Álvarez Ll.;;;2;7;;7.2;;;;;
BOS-HYM-N01614;Apidae;Bombus sp.;04/06/1981;El Cristo (Oviedo);Oviedo;Asturias;España;;;;;T. Montoto;T. Montoto;;;2;7;;7.2;;;;Himenóptero;
BOS-HYM-N01615;Apidae;Bombus terrestris;23/03/1978;Torrelavega;Torrelavega;Cantabria;España;;;;;E. Herreros;Anadón Quero;;;2;7;;7.2;;;5;;
BOS-HYM-N01616;Apidae;Bombus sp.;26/04/1987;Oviedo (río Gafo);Oviedo;Asturias;España;;;;;J. Glez Esteban;J. Glez Esteban;;;2;7;;7.2;;;;Himenoptera;
BOS-HYM-N01617;Apidae;Bombus terrestris;04/05/1986;Sobrefoz;Ponga;Asturias;España;Pradera;;16 h;;Ana Rguez Tarrazo;Ana Rguez Tarrazo;;;2;7;;7.2;;;;;
BOS-HYM-N01618;Apidae;Bombus terrestris;19/05/1987;La Providencia;Gijón;Asturias;España;Pradera;;;;J. L. P. ;J. L. P. ;;;2;7;;7.2;;;;;
BOS-HYM-N01619;Apidae;Bombus sp.;20/07/1985;Llanera;Llanera;Asturias;España;;;;;Elena Ál;;;;2;7;;7.2;;;;Himemoptera;
BOS-HYM-N01620;Apidae;Bombus sp.;18/05/1986;Luanco;Gozón;Asturias;España;;;;;J.Corrales;;;;2;7;;7.2;;;;;
BOS-HYM-N01621;Apidae;Bombus sp.;_/07/1985;V. del Camino;Valverde de la Virgen;León;España;;;;;;;;;2;7;;7.2;;;;;
BOS-HYM-N01622;Apidae;Bombus sp.;25/03/1976;Trubia;Oviedo;Asturias;España;;;;;Faustina Bravo;;;;2;7;;7.2;;;;;
BOS-HYM-N01623;Apidae;Bombus sp.;_/07/1975;V. del Camino;Valverde de la Virgen;León;España;;;;;;;;;2;7;;7.2;;;;;
BOS-HYM-N01624;Apidae;Bombus terrestris;17/05/1987;Ceares (Gijón);Gijón;Asturias;España;Sobre flor Salvia;;;;Jesús G. Durán;Jesús G. Durán;;;2;7;;7.2;;;;;
BOS-HYM-N01625;Apidae;Bombus terrestris;21/07/1986;Valoria la Buena;Valoria la Buena;Valladolid;España;;;;;M. N. García Martín;M. N. García Martín;;;2;7;;7.2;;;;;
BOS-HYM-N01626;Apidae;Bombus sp.;15/05/1986;Ceares (Gijón);Gijón;Asturias;España;;;;;P. Álvarez Pérez;;;;2;7;;7.2;;;;;
BOS-HYM-N01627;Apidae;Bombus sp.;26/05/1986;Colloto;Oviedo;Asturias;España;;;;;Eva del Valle;;;;2;7;;7.2;;;;;
BOS-HYM-N01628;Apidae;Bombus terrestris;27/10/1984;Llavandera;Gijón;Asturias;España;;;;;C. Pérez Antolín;C. Pérez Antolín;;;7;5;C;Caja moho 2;;;Tiene moho;;
BOS-HYM-N01629;Apidae;Bombus sp.;03/05/1986;Villaviciosa;Villaviciosa;;España;;;;;M. Acevedo;;;;2;7;;7.2;;;;;
BOS-HYM-N01630;Apidae;Bombus sp.;26/05/1986;Plaza Humedal (Gijón);Gijón;Asturias;España;;;;;M. J. Lara;;;;2;7;;7.2;;;;;
BOS-HYM-N01631;Apidae;Bombus sp.;12/05/1980;S. Lazaro;Oviedo;Asturias;España;Prado;;;;P. Ciscar;;;;2;7;;7.2;;;;;
BOS-HYM-N01632;Apidae;Bombus sp.;01/07/1983;Miranda;;Salamanca;España;;;;;Miriam Acevedo;;;;2;7;;7.2;;;;;
BOS-HYM-N01633;Apidae;Bombus sp.;17/04/1987;San Cucao;Llanera;Asturias;España;;;;;Carmen Arconada Glez;Carmen Arconada Glez;;;2;7;;7.2;;;;Himenoptera;
BOS-HYM-N01634;Apidae;Bombus terrestris;03/11/1979;El Caliero;Avilés;Asturias;España;Prado sobre flor;;12 h;;J. L. Glez López;J. L. González-López;;;2;7;;7.2;;;;;
BOS-HYM-N01635;Apidae;Bombus terrestris;29/05/1983;Tineo;Tineo;Asturias;España;;;;;Marta Teresa;Charo Farpon;;;2;7;;7.2;;;;;
BOS-HYM-N01636;Apidae;Bombus sp.;;Avilés;Avilés;Asturias;España;;;;;A. Sánchez García;;;;2;7;;7.2;;;Vuelan sobre flores de sauce;;
BOS-HYM-N01637;Apidae;Bombus sp.;30/04/1979;La Isla;Colunga;Asturias;España;Sobre flor;;12 h;;C. Fdez Cedrón;;;;2;7;;7.2;;;;;
BOS-HYM-N01638;Apidae;Bombus sp.;01/05/1975;Ballota;Cudillero;Asturias;España;;;;;M. M. Guiñón L.;;;;2;7;;7.2;;;;;
BOS-HYM-N01639;Apidae;Bombus terrestris;05/04/1980;El Cristo (Oviedo);Oviedo;Asturias;España;Prado;;;;J. L. Rodríguez;J. L. Rodríguez;;;2;7;;7.2;;;;;
BOS-HYM-N01640;Apidae;Bombus sp.;14/04/1981;Grado;Grado;Asturias;España;;;;;Isabel Fdez G.;;;;2;7;;7.2;;;;Himenoptera;
BOS-HYM-N01641;Apidae;Bombus terrestris;17/07/1982;Polanco;Polanco;Cantabria;España;Prado;;;;J. Valderrábano;S. Solano;;;7;5;C;Caja moho 2;;;Tiene moho;;
BOS-HYM-N01642;Apidae;Bombus sp.;15/07/1982;Fuente Tubilla (Arlanza, Covarrubias);Covarrubias;Burgos;España;;;;;Javier Cuesta;;;;2;7;;7.2;;;;;
BOS-HYM-N01643;Apidae;Bombus terrestris;25/04/1989;Naranco (Oviedo);Oviedo;Asturias;España;;;;;Ana Palacios G.;Ana Palacios G.;;;2;7;;7.2;;;;;
BOS-HYM-N01644;Apidae;Bombus lucorum;02/06/1987;Oviedo;Oviedo;Asturias;España;Sobre prados;;;;J. F. Saiz Villoria;J. F. Saiz Villoria;;;2;7;;7.2;;;;;
BOS-HYM-N01645;Apidae;Bombus sp.;06/08/1983;Arlanza, Covarrubias;Covarrubias;Burgos;España;;;;;Javier Cuesta;;;;2;7;;7.2;;;;;
BOS-HYM-N01646;Apidae;Bombus sp.;01/03/1975;Castiello;;;España;;;;;Ildefonso M. Fernández;;;;2;7;;7.2;;;;;
BOS-HYM-N01647;Apidae;Bombus sp.;25/04/1978;Villafranca del Bierzo;Villafranca del Bierzo;León;España;;;16 h;;Mª Luz García;;;;2;7;;7.2;;;;;
BOS-HYM-N01648;Apidae;Bombus sp.;23/03/1975;La Arena;Soto del Barco;Asturias;España;;;;;M. A. Blanco;;;;2;7;;7.2;;;;;
BOS-HYM-N01649;Apidae;Bombus sp.;10/05/1978;El Torollu (San Claudio);Oviedo;Asturias;España;Matorral;;;;Marta de la Hoz;;;;2;7;;7.2;;;;;
BOS-HYM-N01650;Apidae;Bombus sp.;19/03/1978;La Caridad;El Franco;Asturias;España;;;;;M. Pascual;;;;2;7;;7.2;;;;;
BOS-HYM-N01651;Apidae;Bombus sp.;25/03/1978;Cozuelos de Ojeda;Aguilar de Campoo;Palencia;España;Campo;970 m;;;Adelaida Riego;Adelaida Riego;;;2;7;;7.2;;;;Himenoptera;
BOS-HYM-N01652;Apidae;Bombus hortorum;01/05/1986;Playa Rodiles;Villaviciosa;Asturias;España;Pinar;Nivel mar;;;Teresa Suárez G.;Teresa Suárez G.;;;2;7;;7.2;;;;;
BOS-HYM-N01653;Apidae;Bombus sp.;04/05/1978;Ponferrada;Ponferrada;León;España;Pradera;;;;Esmeralda Suárez;;;;2;7;;7.2;;;;;
BOS-HYM-N01654;Apidae;Bombus sp.;26/03/1975;Providencia;Gijón;Asturias;España;;;;;Carrasco F. S. F.;;;;2;7;;7.2;;;;;
BOS-HYM-N01655;Apidae;Bombus hortorum;15/04/1979;Infiesto;Infiesto;Asturias;España;;;;;Gloria Martínez;;;;2;7;;7.2;;;;;
BOS-HYM-N01656;Apidae;Bombus sp.;07/03/1975;Posada de Llanera;Llanera;Asturias;España;;;;;Mª Jesús Fdez Suárez;;;;2;7;;7.2;;;;;
BOS-HYM-N01657;Apidae;Bombus sp.;_/03/1975;Roces;;Asturias;España;;;;;J. Ángel Diego;;;;2;7;;7.2;;;;;
BOS-HYM-N01658;Apidae;Bombus sp.;02/05/1978;Oviedo;Oviedo;Asturias;España;;;;;Ana Maillo;;;;2;7;;7.2;;;;;
BOS-HYM-N01659;Apidae;Bombus sp.;15/05/1978;Naranco (Oviedo);Oviedo;Asturias;España;Sobre flor;350 m;13 h;;Tomasa Álvarez;;;;2;7;;7.2;;;;;
BOS-HYM-N01660;Apidae;Bombus sp.;25/03/1978;Cozuelos de Ojeda;Aguilar de Campoo;Palencia;España;Campo;970 m;;;Pilar Riego;;;;7;5;C;Caja moho 2;;;Tiene moho;;
BOS-HYM-N01661;Apidae;Bombus sp.;04/07/1978;Somiedo;Somiedo;Asturias;España;;;;;J. A. Muñiz Montes;;;;2;7;;7.2;;;;;
BOS-HYM-N01662;Apidae;Bombus sp.;14/03/1987;Villaviciosa;Villaviciosa;Asturias;España;;;;;Alberto Valls;Alberto Valls;;;2;7;;7.2;;;;Himenoptera;
BOS-HYM-N01663;Apidae;Bombus terrestris;01/11/1988;Oviedo;Oviedo;Asturias;España;;;;;J. Villsante;;;;2;7;;7.2;;;;;
BOS-HYM-N01664;Apidae;Bombus terrestris;02/06/1979;La Corredoria;Oviedo;Asturias;España;;;;;C. L. Martínez;A. Quero;;;2;7;;7.2;;;;;
BOS-HYM-N01665;Apidae;Bombus sp.;16/08/1979;Salas;Salas;Asturias;España;;;;;Esther Fdez Mndez;Esther Fdez Mndez;;;2;7;;7.2;;;;;
BOS-HYM-N01666;Apidae;Bombus sp.;_/08/1974;Busdongo;Villamanín;León;España;;;;;;J. Aza;;;2;7;;7.2;;;;;
BOS-HYM-N01667;Apidae;Bombus sp.;24/05/1980;S. Justo;Villaviciosa;Asturias;España;;;;;Mª Antonia Pardo Álvarez;;;;2;7;;7.2;;;;;
BOS-HYM-N01668;Apidae;Bombus sp.;27/08/1983;La Candamia (León);León ;León ;España;;;;;Pardo Álvarez;;;;2;7;;7.2;;;;;
BOS-HYM-N01669;Apidae;Bombus sp.;25/05/1978;Santander;Santander;Cantabria;España;;;;;C. Polidura;;;;2;7;;7.3;;;;;
BOS-HYM-N01670;Apidae;Bombus terrestris;20/07/1983;Oville;Boñar;León;España;;;;;A. Barahona;A. Barahona;;;2;7;;7.3;;;;;
BOS-HYM-N01671;Apidae;Bombus sp.;09/05/1980;Naranco (Oviedo);Oviedo;Asturias;España;Prado;;;;R. G. Capllonch;;;;2;7;;7.3;;;;;
BOS-HYM-N01672;Apidae;Bombus sp.;21/04/1978;La Carriona;Avilés;Asturias;España;Ortiga;;20 h;;J. Esteban Pascual;;;;2;7;;7.3;;;;;
BOS-HYM-N01673;Apidae;Bombus terrestris;15/08/1983;Palencia;Palencia;Palencia;España;Casa;;;;M. Torres Michelana;M. Torres;;;2;7;;7.3;;;;;
BOS-HYM-N01674;Apidae;Bombus sp.;25/05/1975;Avilés;Avilés;Asturias;España;;;;;A. Lozano;;;;2;7;;7.3;;;;;
BOS-HYM-N01675;Apidae;Bombus hortorum;04/08/1978;Monte El Viejo;Palencia;Palencia;España;;;;;Mª José García;Mª José García;;;2;7;;7.3;;;;;
BOS-HYM-N01676;Apidae;Bombus sp.;15/07/1975;Oviedo;Oviedo;Asturias;España;;;;;S. Calvo;;;;2;7;;7.3;;;;;
BOS-HYM-N01677;Apidae;Bombus sp.;06/08/1983;Covarrubias (Arlanza);Covarrubias;Burgos;España;;;;;Javier Cuesta;;;;2;7;;7.3;;;;;
BOS-HYM-N01678;Apidae;Bombus sp.;25/03/1975;Avilés;Avilés;Asturias;España;;;;;M. A. Aranda;;;;2;7;;7.3;;;;;
BOS-HYM-N01679;Apidae;Bombus terrestris;21/03/1983;Ribadesella;Ribadesella;Asturias;España;;;;;Isabel F. Suárez;Isabel F. Suárez;;;2;7;;7.3;;;;;
BOS-HYM-N01680;Apidae;Bombus terrestris;08/04/1989;Oviedo;Oviedo;Asturias;España;;;;;Idoia Villate;Idoia Villate;;;2;7;;7.3;;;;;
BOS-HYM-N01681;Apidae;Bombus terrestris;16/06/1979;Somió;Gijón;Asturias;España;;;;;P. Figaredo;;;;2;7;;7.3;;;;;
BOS-HYM-N01682;Apidae;Bombus sp.;16/07/1975;Xivares (Candás);Carreño;Asturias;España;;;;;Noemí Truébano;;;;7;5;C;Caja moho 2;;;Tiene moho;;
BOS-HYM-N01683;Apidae;Bombus sp.;01/05/1974;Brañace (Aramo);;Asturias;España;;;;;Juan G. Debén;;;;2;7;;7.3;;;;;
BOS-HYM-N01684;Apidae;Bombus sp.;15/11/1975;Ribadesella;Ribadesella;Asturias;España;;;;;M. Escotet;;;;2;7;;7.3;;;;;
BOS-HYM-N01685;Apidae;Bombus terrestris;24/04/1980;Luces;Colunga;Asturias;España;Prado;;14 h;;José A. Gil;José A. Gil;;;2;7;;7.3;;;;;
BOS-HYM-N01686;Apidae;Bombus lucorum;08/09/1979;Gijón;Gijón;Asturias;España;Arbusto;;;;Sol Barquero;;;;2;7;;7.3;;;;;
BOS-HYM-N01687;Apidae;Bombus sp.;27/04/1975;Mareo;Gijón;Asturias;España;;;;;A. F. Braña;;;;2;7;;7.3;;;;;
BOS-HYM-N01688;Apidae;Bombus sp.;23/07/1983;Piedras Luengas;La Pernía ;Palencia;España;Pradera;;;;J. Valderrabano;;;;2;7;;7.3;;;;Himenópteros;
BOS-HYM-N01689;Apidae;Bombus hortorum;19/08/1974;Chantada;Chantada;Lugo;España;;;;;P. García G.;;;;2;7;;7.3;;;;;
BOS-HYM-N01690;Apidae;Bombu sp.;09/05/1980;Villarejo;Mieres;Asturias;España;Flor;;20 h;;A. Mtnez Barrero;;;;2;7;;7.3;;;;;
BOS-HYM-N01691;Apidae;Bombus hortorum;02/08/1975;Naranco (Oviedo);Oviedo;Asturias;España;;;;;Emma Mª F. Silva;;;;2;7;;7.3;;;;;
BOS-HYM-N01692;Apidae;Bombus sp.;10/05/1983;Gijón;Gijón;Asturias;España;Jardín;;;;I. Power Amillo;;;;2;7;;7.3;;;;Himenóptero;
BOS-HYM-N01693;Apidae;Bombus sp.;22/05/1983;Naranco (Oviedo);Oviedo;Asturias;España;;;;;;;;;2;7;;7.3;;;Foto Miguel Fangul;Himenóptero;
BOS-HYM-N01694;Apidae;Bombus sp.;11/03/1978;S. Juan de la Arena;Soto del Barco;Asturias;España;;;;;;;;;2;7;;7.3;;;;;
BOS-HYM-N01695;Apidae;Bombus jonellus;28/05/1978;Grado;Grado;Asturias;España;Hierba;;;;Ángeles Santiago;;;;2;7;;7.3;;;;;
BOS-HYM-N01696;Apidae;Bombus hortorum;13/05/1978;Paxío;Mieres;Asturias;España;Sobre flor;;13 h;;Marta E. Fdez Vigara;;;;2;7;;7.3;;;;;
BOS-HYM-N01697;Apidae;Bombus hortorum;_/05/1976;Santander;Santander;Cantabria;España;Jardín;;;;P. Lebolledo V.;;;;2;7;;7.3;;;;;
BOS-HYM-N01698;Apidae;Bombus terrestris;14/05/1978;Torrelavega;Torrelavega;Cantabria;España;;;;;C. del Alamo;;;;2;7;;7.3;;;;;
BOS-HYM-N01699;Apidae;Bombus terrestris;09/05/1978;Taborneda;Avilés;Asturias;España;Matorral;;;;Isabel Terán Casado;;;;2;7;;7.3;;;;;
BOS-HYM-N01700;Apidae;Bombus terrestris;11/06/1976;Moreda;Aller;Asturias;España;;;;;J. Morán D.;;;;2;7;;7.3;;;;;
BOS-HYM-N01701;Apidae;Bombus jonellus;_/05/1978;Ramales;Ramales;Cantabria;España;;;;;José Mª Piney;;;;2;7;;7.3;;;;;
BOS-HYM-N01702;Apidae;;_/08/1974;Barro;Llanes;Asturias;España;;;;;Mª Carmen Fdez;;;;2;7;;7.3;;;;;
BOS-HYM-N01703;Apidae;Bombus terrestris;30/05/1976;Infiesto;Infiesto;Asturias;España;;;;;Faustina Bravo;;;;2;7;;7.3;;;;;
BOS-HYM-N01704;Apidae;Bombus sp.;13/02/1975;Avilés;Avilés;Asturias;España;;;;;Concepción Suárez;;;;2;7;;7.3;;;;;
BOS-HYM-N01705;Apidae;Bombus sp.;10/07/1975;Oviedo;Oviedo;Asturias;España;;;;;Miguel Ángel Ayala;;;;2;7;;7.3;;;;;
BOS-HYM-N01706;Apidae;Bombus sp.;23/07/1972;Panjón;Nigrán;Pontevedra;España;;;;;R. Anadón;;;;2;7;;7.3;;;;;
BOS-HYM-N01707;Apidae;Bombus sp.;_/04/1975;Noreña;Noreña;Asturias;España;;;;;A. F. Braña;;;;2;7;;7.3;;;34;;
BOS-HYM-N01708;Apidae;Bombus sp.;_/07/1974;Santander;Santander;Cantabria;España;;;;;Pilar Pereda;;;;2;7;;7.3;;;;;
BOS-HYM-N01709;Apidae;Bombus sp.;08/04/1979;Gijón;Gijón;Asturias;España;Arbusto;;;;Sol Barquero;;;;7;5;C;Caja moho 2;;;Tiene moho;;
BOS-HYM-N01710;Apidae;Bombus sp.;02/05/1978;Somió;Gijón;Asturias;España;Matorral;;;;Luis E. Pérez;;;;2;7;;7.3;;;;;
BOS-HYM-N01711;Apidae;Bombus terrestris;23/03/1980;La Veiguina;Salas;Asturias;España;Prado;;14 h;;Mª Elma Díaz S.;Mª Elma Díaz S.;;;2;7;;7.3;;;;;
BOS-HYM-N01712;Apidae;Bombus sp.;12/07/1978;Fuso de la Reina;;Asturias;España;;;;;M. A. Aranda;;;;2;7;;7.3;;;;;
BOS-HYM-N01713;Apidae;Bombus sp.;20/05/1987;Monte Naranco;Oviedo;Asturias;España;;;;;A. Flórez Alonso;A. Flórez Alonso;;;2;7;;7.3;;;;Himenóptero;
BOS-HYM-N01714;Apidae;Bombus lucorum;20/07/1990;Avilés;Avilés;Asturias;España;;;;;C. M. Álvarez Lao;C. M. Álvarez Lao;;;2;7;;7.3;;;;;
BOS-HYM-N01715;Apidae;Bombus terrestris;10/08/1979;Salinas;Castrillón;Asturias;España;;;;;M. J. Vallhonrat;;;;2;7;;7.3;;;;;
BOS-HYM-N01716;Apidae;Bombus sp.;20/04/1984;Perlora;Carreño;Asturias;España;;;;;Mª A. Pardo Álvarez;;;;2;7;;7.3;;;;;
BOS-HYM-N01717;Apidae;Bombus sp.;09/08/1975;Naranco (Oviedo);Oviedo;Asturias;España;;;;;Emma Mª F. Silva;;;;2;7;;7.3;;;;;
BOS-HYM-N01718;Apidae;;08/04/1974;Oviedo;Oviedo;Asturias;España;;;;;Cristina Gutiérrez;;;;2;7;;7.3;;;;;
BOS-HYM-N01719;Apidae;Bombus sp.;05/07/1980;Universidad Laboral Gijón;Gijón;Asturias;España;;;;;Gregorio R. Glez;;;;2;7;;7.3;;;;;
BOS-HYM-N01720;Apidae;Bombus sp.;02/05/1987;San Antolín de Ibias;Ibias;Asturias;España;Carretera;;;;Yolanda Colubi;Yolanda Colubi;;;2;7;;7.3;;;;Himenópteros;
BOS-HYM-N01721;Apidae;Bombus sp.;14/05/1981;Serín;Gijón;Asturias;España;;;;;Pilar Fdez Lorenzo;;;;2;7;;7.3;;;;Himenópteros;
BOS-HYM-N01722;Apidae;Bombus sp.;07/06/1987;Latores;Oviedo;Asturias;España;Prado;;;;M. V. Cuartas;M. V. Cuartas;;;2;7;;7.3;;;;Himenópteros;
BOS-HYM-N01723;Apidae;Bombus sp.;01/06/1983;Gijón;Gijón;Asturias;España;Prado;;;;I. Power Amillo;I. Power Amillo;;;2;7;;7.3;;;;Himenópteros;
BOS-HYM-N01724;Apidae;Bombus sp.;_/06/1987;Ibias;Ibias;Asturias;España;;;;;Mª Elena Leigvarda B.;Mª Elena Leigvarda B.;;;2;7;;7.3;;;;;
BOS-HYM-N01725;Apidae;Bombus sp.;05/07/1980;Universidad Laboral Gijón;Gijón;Asturias;España;;;;;Gregorio R. Glez;;;;2;7;;7.3;;;;;
BOS-HYM-N01726;Apidae;Bombus sp.;27/06/1980;Santurio;Gijón;Asturias;España;;;;;Inés Lombas;;;;2;7;;7.3;;;;;
BOS-HYM-N01727;Apidae;Bombus sp.;01/05/1986;Luera;Avilés;Asturias;España;;;;;Juan Escribano;;;;2;7;;7.3;;;;;
BOS-HYM-N01728;Apidae;Bombus sp.;_/05/1987;Villademar;Cudillero;Asturias;España;;;;;Marcos L.;;;;2;7;;7.3;;;;Himenópteros;
BOS-HYM-N01729;Apidae;Bombus sp.;16/08/1981;Monteferro;Nigrán;Pontevedra;España;;;;;A. Anadón;;;;2;7;;7.3;;;;;
BOS-HYM-N01730;Apidae;Bombus sp.;09/08/1975;Vargas;Puente Viesgo;Cantabria;España;;;;;Orencio H. Palacios;Orencio H. Palacios;;;2;7;;7.3;;;;;
BOS-HYM-N01731;Apidae;Bombus terrestris;02/11/1980;Celorio;Llanes;Asturias;España;Prado;;;;Milagros Garzo;Milagros Garzo;;;2;7;;7.3;;;;;
BOS-HYM-N01732;Apidae;Bombus sp.;30/04/1986;Monte de la Luz;Avilés;Asturias;España;;;;;Isaac Antolín;;;;2;7;;7.3;;;;;
BOS-HYM-N01733;Apidae;Bombus sp.;24/05/1983;Poago;Gijón;Asturias;España;;;;;G. Mtnez Saiz;G. Mtnez Saiz;;;2;7;;7.3;;;;Himenóptero;
BOS-HYM-N01734;Apidae;Bombus terrestris;20/02/1986;Gijón;Gijón;Asturias;España;;;;;José Luis Acuña;José Luis Acuña;;;2;7;;7.3;;;;;
BOS-HYM-N01735;Apidae;Bombus hortorum;06/06/1987;Camping El Porao;Llanes;Asturias;España;;;;;José A. Rguez Fdez;José A. Rguez Fdez;;;2;7;;7.3;;;;;
BOS-HYM-N01736;Apidae;Bombus sp.;30/05/1987;La Providencia;Gijón;Asturias;España;Prado;;;;Rosa M. Viejo G.;Rosa M. Viejo G.;;;2;7;;7.3;;;;Himenópteros;
BOS-HYM-N01737;Apidae;Bombus sp.;14/03/1987;Villaviciosa;Villaviciosa;;España;;;;;Alberto Valls;Alberto Valls;;;2;7;;7.3;;;;Himenópteros;
BOS-HYM-N01738;Apidae;Bombus terrestris;24/08/1979;El Dique (Luanco);Gozón;Asturias;España;Matorral;;19 h;;I. Roca;I. Roca;;;2;7;;7.3;;;;;
BOS-HYM-N01739;Apidae;Bombus sp.;4-5-_;Perlora;Carreño;Asturias;España;Playa, sobre flor;;;;Suárez Suárez;;;;2;7;;7.3;;;;;
BOS-HYM-N01740;Apidae;Bombus terrestris;01/11/1988;Infanzón;Gijón;Asturias;España;;;;;Mª del Camino J.;Mª del Camino J.;;;2;7;;7.3;;;;;
BOS-HYM-N01741;Apidae;Bombus sp.;04/03/1978;Fuso de la Reina;;Asturias;España;;;;;M. A. Aranda;;;;2;7;;7.3;;;;;
BOS-HYM-N01742;Apidae;Bombus sp.;18/04/1979;Gijón;Gijón;Asturias;España;Arbusto;;;;Sol Barquero;;;;2;7;;7.3;;;;;
BOS-HYM-N01743;Apidae;Bombus sp.;11/03/1978;S. Juan de la Arena;;;;;;;;;;;;2;7;;7.3;;;;;
BOS-HYM-N01744;Apidae;Bombus sp.;24/08/1986;Cosio;Rionansa;Cantabria;España;Pradera;;;;Beatriz Marcos;Beatriz Marcos;;;2;7;;7.3;;;;;
BOS-HYM-N01745;Apidae;Bombus sp.;08/07/1989;S. Antolin de Ibias;Ibias;Asturias;España;Zarza;;;;L. Valle;;;;2;7;;7.3;;;;;
BOS-HYM-N01746;Apidae;Bombus sp.;08/07/1989;S. Antolin de Ibias;Ibias;Asturias;España;Zarza;;;;L. Valle;;;;2;7;;7.3;;;;;
BOS-HYM-N01747;Apidae;Bombus sp.;08/07/1989;S. Antolin de Ibias;Ibias;Asturias;España;Zarza;;;;L. Valle;;;;2;7;;7.3;;;;;
BOS-HYM-N01748;Apidae;Bombus sp.;08/07/1989;S. Antolin de Ibias;Ibias;Asturias;España;Zarza;;;;L. Valle;;;;2;7;;7.3;;;;;
BOS-HYM-N01749;Apidae;Bombus sp.;08/07/1989;S. Antolin de Ibias;Ibias;Asturias;España;Zarza;;;;L. Valle;;;;2;7;;7.3;;;;;
BOS-HYM-N01750;Apidae;Bombus sp.;08/07/1989;S. Antolin de Ibias;Ibias;Asturias;España;Zarza;;;;L. Valle;;;;2;7;;7.3;;;;;
BOS-HYM-N01751;Apidae;Bombus sp.;08/07/1989;S. Antolin de Ibias;Ibias;Asturias;España;Zarza;;;;L. Valle;;;;2;7;;7.3;;;;;
BOS-HYM-N01752;Apidae;Bombus sp.;08/07/1989;S. Antolin de Ibias;Ibias;Asturias;España;Zarza;;;;L. Valle;;;;2;7;;7.3;;;;;
BOS-HYM-N01753;Apidae;Bombus sp.;08/07/1989;S. Antolin de Ibias;Ibias;Asturias;España;Zarza;;;;L. Valle;;;;2;7;;7.3;;;;;
BOS-HYM-N01754;Apidae;Bombus sp.;08/07/1989;S. Antolin de Ibias;Ibias;Asturias;España;Zarza;;;;L. Valle;;;;2;7;;7.3;;;;;
BOS-HYM-N01755;Apidae;Bombus sp.;08/07/1989;S. Antolin de Ibias;Ibias;Asturias;España;Zarza;;;;L. Valle;;;;2;7;;7.3;;;;;
BOS-HYM-N01756;Apidae;Bombus sp.;08/07/1989;S. Antolin de Ibias;Ibias;Asturias;España;Zarza;;;;L. Valle;;;;2;7;;7.3;;;;;
BOS-HYM-N01757;Apidae;Bombus sp.;07/09/1989;S. Antolin de Ibias;Ibias;Asturias;España;Brezal;;;;L. Valle;;;;2;7;;7.3;;;;;
BOS-HYM-N01758;Apidae;Bombus sp.;07/09/1989;S. Antolin de Ibias;Ibias;Asturias;España;Brezal;;;;L. Valle;;;;2;7;;7.3;;;;;
BOS-HYM-N01759;Apidae;Bombus sp.;07/09/1989;S. Antolin de Ibias;Ibias;Asturias;España;Brezal;;;;L. Valle;;;;2;7;;7.3;;;;;
BOS-HYM-N01760;Apidae;Bombus sp.;07/09/1989;S. Antolin de Ibias;Ibias;Asturias;España;Brezal;;;;L. Valle;;;;2;7;;7.3;;;;;
BOS-HYM-N01761;Apidae;Bombus sp.;09/07/1989;S. Antolin de Ibias;Ibias;Asturias;España;Prado;;;;Luis Valle;;;;2;7;;7.3;;;;;
BOS-HYM-N01762;Apidae;Bombus sp.;07/09/1989;S. Antolin de Ibias;Ibias;Asturias;España;Brezal;;;;L. Valle;;;;2;7;;7.3;;;;;
BOS-HYM-N01763;Apidae;Bombus sp.;09/07/1989;S. Antolin de Ibias;Ibias;Asturias;España;Prado;;;;Luis Valle;;;;2;7;;7.3;;;;;
BOS-HYM-N01764;Apidae;Bombus sp.;09/07/1989;S. Antolin de Ibias;Ibias;Asturias;España;Prado;;;;Luis Valle;;;;2;7;;7.3;;;;;
BOS-HYM-N01765;Apidae;Bombus sp.;09/07/1989;S. Antolin de Ibias;Ibias;Asturias;España;Prado;;;;Luis Valle;;;;2;7;;7.3;;;;;
BOS-HYM-N01766;Apidae;Bombus sp.;09/07/1989;S. Antolin de Ibias;Ibias;Asturias;España;Prado;;;;Luis Valle;;;;2;7;;7.3;;;;;
BOS-HYM-N01767;Apidae;Bombus sp.;11/07/1989;S. Antolin de Ibias;Ibias;Asturias;España;Camino;;;;L. Valle;;;;2;7;;7.3;;;;;
BOS-HYM-N01768;Apidae;Bombus sp.;11/07/1989;S. Antolin de Ibias;Ibias;Asturias;España;Camino;;;;L. Valle;;;;2;7;;7.3;;;;;
BOS-HYM-N01769;Apidae;Bombus sp.;22/05/1983;Gijón;Gijón;Asturias;España;;;;;D. Blanco;D. Blanco;;;2;7;;7.4;;;;Apoideos;
BOS-HYM-N01770;Apidae;Bombus terrestris;01/05/1986;La Isla;;;España;;;;;Asun Prada;Asun Prada;;;2;7;;7.4;;;;;
BOS-HYM-N01771;Apidae;Bombus sp.;20/07/1974;Molleda;Avilés;Asturias;España;;;;;Rosario Iglesias;;;;2;7;;7.4;;;;;
BOS-HYM-N01772;Apidae;Bombus terrestris;22/04/1989;Ambas;;Asturias;España;;;;;I. Irizar;I. Irizar;;;2;7;;7.4;;;;;
BOS-HYM-N01773;Apidae;Bombus terrestris;12/05/1987;Oviedo;Oviedo;Asturias;España;Prado;;;;J. Villa Cienfuegos;J. Villa Cienfuegos;;;2;7;;7.4;;;;;
BOS-HYM-N01774;Apidae;Bombus terrestris;07/05/1989;Luanco;Gozón;Asturias;España;;;;;V. L. Doriga;V. L. Doriga;;;2;7;;7.4;;;;;
BOS-HYM-N01775;Apidae;Bombus sp.;11/05/1986;Bayas;Castrillón;Asturias;España;Litoral;150 m;;;A. J. Silva Glez;A. J. Silva Glez;;;2;7;;7.4;;;;Himenóptero;
BOS-HYM-N01776;Apidae;Bombus sp.;07/04/1984;Cuesta Arco;Langreo;Asturias;España;En flor;;;;Ladis del Río;;;;2;7;;7.4;;;;;
BOS-HYM-N01777;Apidae;Bombus sp.;25/05/1987;Llaranes;Avilés;Asturias;España;;;;;Tomás Mtez Morero;T. Mtez Flores;;;2;7;;7.4;;;;Himenoptera;
BOS-HYM-N01778;Apidae;Bombus sp.;08/06/1987;La Luz;Avilés;Asturias;España;;;;;Juan Escribano de Diego;Juan Escribano de Diego;;;2;7;;7.4;;;;Himenoptera;
BOS-HYM-N01779;Apidae;Bombus terrestris;02/05/1989;Oviedo;Oviedo;Asturias;España;;;;;Antonio Palacios;Antonio Palacios;;;2;7;;7.4;;;;;
BOS-HYM-N01780;Apidae;Bombus sp.;20/04/1987;Ceares (Gijón);Gijón;Asturias;España;;;;;Rosa Arriaga;Rosa Arriaga;;;2;7;;7.4;;;;;
BOS-HYM-N01781;Apidae;Bombus sp.;;Gijón;Gijón;Asturias;España;;;;;Carmen Martínez Posta;;;;2;7;;7.4;;;;Himenópteros;
BOS-HYM-N01782;Apidae;Bombus sp.;28/04/1980;La Isla;;Asturias;España;En prado;;;;A. Anadón;Anadón-Quero;;;2;7;;7.4;;;;;
BOS-HYM-N01783;Apidae;Bombus sp.;;Gijón;;Asturias;España;;;;;Carmen Martínez Posta;;;;2;7;;7.4;;;;Himenópteros;
BOS-HYM-N01784;Apidae;Bombus hortorum;07/06/1981;Ballota;Cudillero;Asturias;España;Matorral;;;;Antonieta Fleites;Antonieta Fleites;;;2;7;;7.4;;;;Bombus terrestris;
BOS-HYM-N01785;Apidae;Bombus lucorum;26/08/1990;San Andrés;Gijón;Asturias;España;;;;;Roberto Grana;Roberto Grana;;;2;7;;7.4;;;;;
BOS-HYM-N01786;Apidae;Bombus sp.;21/05/1983;Lugones;Oviedo;Asturias;España;Pradera;;;;G. Fernández;G. Fernández;;;2;7;;7.4;;;;Himenópteros;
BOS-HYM-N01787;Apidae;Bombus sp.;20/05/1980;Oviedo;Oviedo;Asturias;España;;;15 h;;Ángeles García Caraduje;;;;2;7;;7.4;;;;;
BOS-HYM-N01788;Apidae;Bombus hortorum;_/09/1974;Mieres;Mieres;Asturias;España;;;;;J. F. Fontangordo;;;;2;7;;7.4;;;;;
BOS-HYM-N01789;Apidae;Bombus terrestris;_/04/1975;Pimiango;Rivadadeva;Asturias;España;;;;;A. Laso;;;;2;7;;7.4;;;;;
BOS-HYM-N01790;Apidae;Bombus sp.;07/05/1978;Arbedales;Avilés;Asturias;España;Sobre ortiga;140 m;;;;;;;2;7;;7.4;;;;;
BOS-HYM-N01791;Apidae;Bombus terrestris;15/05/1976;Salas;Salas;Asturias;España;;;;;Josefa Díaz P.;;;;2;7;;7.4;;;;;
BOS-HYM-N01792;Apidae;Bombus hortorum;09/07/1976;Xivares (Candás);Carreño;Asturias;España;;;;;N. Truébano;;;;2;7;;7.4;;;;;
BOS-HYM-N01793;Apidae;Bombus sp.;13 ó 19/03/1979;Gijón;Gijón;Asturias;España;En Urtica dioica;50 m;9:30 h am;;J. A. Diego;J. A. Diego;;;2;7;;7.4;;;Hay dos etiquetas con distinto día en la fecha;;
BOS-HYM-N01794;Apidae;Bombus sp.;17/05/1978;Pandenes;Cabranes;Asturias;España;Prado;300 m;12 h;;Fco Martínez;;;;2;7;;7.4;;;;;
BOS-HYM-N01795;Apidae;Bombus sp.;12/05/1981;Oviedo;Oviedo;Asturias;España;Prado;;;;A. Durán;Asunción Durán;;;2;7;;7.4;;;;Himenópteros;
BOS-HYM-N01796;Apidae;Bombus sp.;22/03/1978;Peña Tú;Llanes;Asturias;España;Monte;;;;Mª José Flórez;;;;2;7;;7.4;;;;;
BOS-HYM-N01797;Apidae;Bombus terrestris;21/04/1976;Río Cares;;Asturias;España;;;;;Castro Fdez O.;;;;2;7;;7.4;;;;;
BOS-HYM-N01798;Apidae;Bombus terrestris;15/10/1975;Oviedo;Oviedo;Asturias;España;Campo;;;;J. Valdés Canga;;;;2;7;;7.4;;;;;
BOS-HYM-N01799;Apidae;Bombus terrestris;05/11/1978;La Laguna;Avilés;Asturias;España;;;;;Mª José Valle;;;;2;7;;7.4;;;;;
BOS-HYM-N01800;Apidae;Bombus sp.;12/05/1980;S. Lazaro;Oviedo;Asturias;España;Prado;;;;P. Ciscar;;;;2;7;;7.4;;;;;
BOS-HYM-N01801;Apidae;Bombus hortorum;25/04/1987;Peón;;Asturias;España;En una flor;;;;E. Cueto Jiménez;E. Cueto Jiménez;;;2;7;;7.4;;;;Himenópteros;
BOS-HYM-N01802;Apidae;Bombus lucorum;13/05/1989;Soto de Rey;Ribera de Arriba;Asturias;España;Prados;;;;Clara Marinas;Clara Marinas;;;2;7;;7.4;;;;;
BOS-HYM-N01803;Apidae;Bombus lucorum;08/06/1987;Bilbao;Bilbao;Vizcaya;España;En praderas;50 m;;;Javier Larumbe;Javier Larumbe;;;2;7;;7.4;;;;Himenópteros;
BOS-HYM-N01804;Apidae;Bombus terrestris;_/07/1976;Trubia;Oviedo;Asturias;España;Sobre planta;;;;Isabel Álvarez García;;;;2;7;;7.4;;;;;
BOS-HYM-N01805;Apidae;Bombus sp.;_/07/1974;Salinas;Castrillón;Asturias;España;;;;;S. Gómez;;;;2;7;;7.4;;;;;
BOS-HYM-N01806;Apidae;Bombus hortorum;_/08/1974;Salinas;Castrillón;Asturias;España;;;;;D. Villalaín;;;;2;7;;7.4;;;;;
BOS-HYM-N01807;Apidae;Bombus terrestris;10/04/1979;Ruiloba;Ruiloba;Cantabria;España;;;;;Pilar Gómez;;;;2;7;;7.4;;;;Bombus hortorum;
BOS-HYM-N01808;Apidae;Bombus terrestris;_/07/1976;Mijares;Santillana del Mar;cantabria;España;;;;;Ángel Mújica Blanco;;;;2;7;;7.4;;;;;
BOS-HYM-N01809;Apidae;Bombus terrestris;07/04/1989;Bakio;Bakio;Vizcaya;España;;;;;Ana Abio;Ana Abio;;;2;7;;7.4;;;;Bombus campestris;
BOS-HYM-N01810;Apidae;Bombus lucorum?;_/06/1982;Mieres;Mieres;Asturias;España;Matorral;;;;José Fdez;José Fdez;;;2;7;;7.4;;;;;
BOS-HYM-N01811;Apidae;Bombus sp.;22/05/1983;Gijón;Gijón;Asturias;España;;;;;A. Jiménez;A. Jiménez;;;2;7;;7.4;;;;Apoideos;
BOS-HYM-N01812;Apidae;Bombus sp.;18/05/1989;Naranco (Oviedo);Oviedo;Asturias;España;;;;;Beatriz Marcos;Beatriz Marcos;;;2;7;;7.4;;;;Bombus hypnorum;
BOS-HYM-N01813;Apidae;Bombus sp.;_/08/1974;Luanco;Gozón;Asturias;España;;;;;César G. Camporro;;;;2;7;;7.4;;;;;
BOS-HYM-N01814;Apidae;Bombus sp.;21/05/1983;Gijón;Gijón;Asturias;España;;;;;A. Ojeda;;;;2;7;;7.4;;;;Himenópteros;
BOS-HYM-N01815;Apidae;Bombus hortorum;15/05/1978;Pandenes;Cabranes;Asturias;España;Prado;300 m;;;Fco Martínez;;;;2;7;;7.4;;;;;
BOS-HYM-N01816;Apidae;Bombus hortorum;07/05/1983;Samalea;Piloña;Asturias;España;Próxima a colmena;250 m;;;M. Álvarez Romo;M. Álvarez Romo;;;2;7;;7.4;;;;Himenópteros;
BOS-HYM-N01817;Apidae;Bombus pascuroum;15/06/1990;Medicina (Oviedo);Oviedo;Asturias;España;;;;;Idoia Adorraga;Idoia Adorraga;;;2;7;;7.4;;;;Bombus mirabillis;
BOS-HYM-N01818;Apidae;Bombus hortorum;01/06/1983;Tabaza (carretera Gijón-Avilés);;Asturias;España;;;;;G. Llana;;;;2;7;;7.4;;;Agonizante por atropello de un coche;Apoideos;
BOS-HYM-N01819;Apidae;Bombus hortorum;27/05/1980;Gijón;Gijón;Asturias;España;Pradera;;;;Higinio Bernardo;;;;7;5;C;Caja moho 2;;;Tiene moho;;
BOS-HYM-N01820;Apidae;Bombus sp.;22/05/1983;Gijón;Gijón;Asturias;España;;;;;Mª Luz Díaz Nido;;;;2;7;;7.4;;;;Himenópteros;
BOS-HYM-N01821;Apidae;Bombus lucorum;01/06/1983;Los Campos;Avilés;Asturias;España;;;;;Mª José García López;Mª José García López;;;2;7;;7.4;;;;Himenópteros;
BOS-HYM-N01822;Apidae;Bombus lucorum;21/05/1983;Villa;Corvera;Asturias;España;;;;;Evangelina;;;;2;7;;7.4;;;;Himenópteros;
BOS-HYM-N01823;Apidae;Bombus sp.;;Avilés;Avilés;Asturias;España;;;;;Pilar Fdez Martínez;Pilar Fdez Martínez;;;2;7;;7.4;;;;Himenópteros;
BOS-HYM-N01824;Apidae;Bombus sp.;09/06/1983;Rodiles;;Asturias;España;;;;;Rosa Mª Casal;Rosa Mª Casal;;;2;7;;7.4;;;;Himenópteros;
BOS-HYM-N01825;Apidae;Bombus sp.;25/03/1975;Avilés;Avilés;Asturias;España;;;;;J. R. González;;;;2;7;;7.4;;;;;
BOS-HYM-N01826;Apidae;Bombus terrestris;05/06/1990;Santa Mª del Mar;;;España;;;;;Covadonga Pérez;Paz Pérez Rodríguez;;;2;7;;7.4;;;;;
BOS-HYM-N01827;Apidae;Bombus sp.;15/04/1983;Universidad Laboral Gijón;Gijón;Asturias;España;En un prado;;;;Eduardo H. Canosa;Susana Herrero Canosa;;;2;7;;7.4;;;;;
BOS-HYM-N01828;Apidae;Bombus sp.;23/05/1980;Vioño;Gozón;Asturias;España;Prado;;17 h;;Rosario Fdez;;;;2;7;;7.4;;;;;
BOS-HYM-N01829;Apidae;Bombus sp.;20/05/1980;Trasona;Corvera;Asturias;España;;;;;F. Sotodosos;;;;2;7;;7.4;;;;Himenoptera;
BOS-HYM-N01830;Apidae;Bombus sp.;_/06/1989;Ereño;Ereño;Asturias;España;;;;;R. Echeandia;R. Echeandia;;;2;7;;7.4;;;;Bombus lapidarius;
BOS-HYM-N01831;Apidae;Bombus sp.;_/05/1980;Gijón;Gijón;Asturias;España;;;;;S. Junquera;;;;2;7;;7.4;;;;;
BOS-HYM-N01832;Apidae;Bombus sp.;04/05/1980;Las Agueras;Quirós;Asturias;España;Pastizal;;;;I. Adeba Vallina;I. Adela Vallina;;;2;7;;7.5;;;;;
BOS-HYM-N01833;Apidae;Bombus distinguendus;_/04/1976;El Cristo (Oviedo);Oviedo;Asturias;España;;;;;Rosario Mdz Rodríguez;;;;2;7;;7.5;;;;;
BOS-HYM-N01834;Apidae;Bombus distinguendus;29/04/1980;León;León;León;España;;;;;Rosa Torres;;;;2;7;;7.5;;;;Himenóptero;
BOS-HYM-N01835;Apidae;Bombus distinguendus;15/05/1978;Avilés;Avilés;Asturias;España;Sobre flor;;;;J. M. Fernández;;;;7;5;C;Caja moho 2;;;Tiene moho;;
BOS-HYM-N01836;Apidae;Bombus sp.;21/05/1983;Villa;Corvera;Asturias;España;;;;;Evangelina;;;;2;7;;7.5;;;;Himenópteros;
BOS-HYM-N01837;Apidae;Bombus distinguendus;22/04/1976;Cacabelos;Cacabelos;León;España;;;;;J. A. Rdguez J.;;;;2;7;;7.5;;;;;
BOS-HYM-N01838;Apidae;Bombus hortorum;14/05/1987;Oviedo (CAU);Oviedo;Asturias;España;;;12 h;;Alberto Morcín Pendós;Alberto Morcín Pendós;;;2;7;;7.5;;;;Himenópteros;
BOS-HYM-N01839;Apidae;Bombus hortorum;15/04/1987;Gallegos;;;España;;;;;Olga Frdz Prieto;Olga Frdz Prieto;;;2;7;;7.5;;;;Bombus terrestris;
BOS-HYM-N01840;Apidae;Bombus sp.;_/05/1987;Gijón;Gijón;Asturias;España;;;;;Mª Elena L. B.;Mª Elena Leiguardo B.;;;2;7;;7.5;;;;Himenópteros;
BOS-HYM-N01841;Apidae;Bombus terrestris;16/04/1983;Bobes;Siero;Asturias;España;;;;;B. Álvarez;;;;2;7;;7.5;;;;Himenópteros;
BOS-HYM-N01842;Apidae;Bombus distinguendus;02/06/1986;Avilés;Avilés;Asturias;España;Prado;;;;Cristina Rodenas;Cristina Rodenas;;;2;7;;7.5;;;;Bombus;
BOS-HYM-N01843;Apidae;Bombus hortorum;18/05/1986;Orlé;Caso;Asturias;España;Monte bajo;;;;J. L. Bartolomé;J. L. Bartolomé;;;7;5;C;Caja moho 2;;;Tiene moho;Himenópteros;
BOS-HYM-N01844;Apidae;Bombus pratorum;23/04/1978;Celorio;Llanes;Asturias;España;En casa;;10 h;;;;;;2;7;;7.5;;;;;
BOS-HYM-N01845;Apidae;Bombus hortorum;07/09/1986;La Borbolla;Llanes;Asturias;España;;;;;Carmen R. Oleaga;Carmen R. Oleaga;;;2;7;;7.5;;;;;
BOS-HYM-N01846;Apidae;Bombus distinguendus;01/06/1986;Caldones;Gijón;Asturias;España;;;;;M. Rugero;;;;2;7;;7.5;;;;Himenóptero;
BOS-HYM-N01847;Apidae;Bombus hortorum;01/05/1987;Bárago;Vega de Liébana;Cantabria;España;En prado;650 m;;;Pilar Glez de la Lastra;Pilar Glez de la Lastra;;;2;7;;7.5;;;;Himenóptero;
BOS-HYM-N01848;Apidae;Bombus hortorum;03/04/1980;Espinedo;;Asturias;España;Sobre flor;;;;Ana Concepción;;;;2;7;;7.5;;;;Bombus terrestris;
BOS-HYM-N01849;Apidae;Bombus hortorum;27/05/1987;Salinas;Castrillón;Asturias;España;Pinos;;;;Mª Ángeles López;Mª Ángeles López;;;2;7;;7.5;;;;Himenóptero;
BOS-HYM-N01850;Apidae;Bombus hortorum;10/05/1986;Oviedo;Oviedo;Asturias;España;;;;;Asun Prada;Asun Prada;;;2;7;;7.5;;;;;
BOS-HYM-N01851;Apidae;Bombus hortorum;18/05/1978;Oviedo;Oviedo;Asturias;España;En ortiga;;16 h;;Mª Luz García F.;;;;2;7;;7.5;;;;;
BOS-HYM-N01852;Apidae;Bombus hortorum;11/05/1986;Concejo de Corias;;Asturias;España;Pradera;;;;Ana Pereda;Ana Pereda;;;2;7;;7.5;;;;Bombus lucorum;
BOS-HYM-N01853;Apidae;Bombus hortorum;22/04/1987;Mareo;Gijón;Asturias;España;;;;;M. Cobos;M. Cobos;;;2;7;;7.5;;;;Himenóptero;
BOS-HYM-N01854;Apidae;Bombus hortorum;10/05/1987;Castañeda;Avilés;Asturias;España;Prado;;;;M. J. Villaverde;M. J. Villaverde;;;2;7;;7.5;;;;Bombus sylvarum;
BOS-HYM-N01855;Apidae;Bombus hortorum;24/05/1987;Las Segadas;Oviedo;Asturias;España;;;;;C. Martínez Carrera;C. Martínez Carrera;;;2;7;;7.5;;;;Himenóptero;
BOS-HYM-N01856;Apidae;Bombus hortorum;22/05/1983;La Manjolla;Oviedo;Asturias;España;;;;;Charo Farpon;Jesús A. Cabal N.;;;2;7;;7.5;;;;;
BOS-HYM-N01857;Apidae;Bombus hortorum;_/03/1987;La Coria;Gijón;Asturias;España;;;;;C. Bonhome;C. Bonhome;;;2;7;;7.5;;;;Bombus terrestris;
BOS-HYM-N01858;Apidae;Bombus hortorum;19/04/1987;Valoria;Valoria;Valladolid;España;;;;;Mª Luz Yáñez;Mª Luz Yáñez;;;2;7;;7.5;;;;Bombus terrestris;
BOS-HYM-N01859;Apidae;Bombus terrestris;Verano 1986;Santander;Santander;Cantabria;España;Flores;;;;Cristina R. Cabello;Cristina R. Cabello;;;2;7;;7.5;;;;;
BOS-HYM-N01860;Apidae;Bombus hortorum;22/03/1987;Pola de Lena;Lena;Asturias;España;;;;;Mª Teresa Espina Brito;Mª Teresa Espina Brito;;;2;7;;7.5;;;;Himenópteros;
BOS-HYM-N01861;Apidae;Bombus hortorum;02/05/1978;Villarejo;Mieres;Asturias;España;En manzano;;19 h;;Ana Mª Martínez Barrero;;;;2;7;;7.5;;;;;
BOS-HYM-N01862;Apidae;Bombus hortorum;04/05/1980;Pillano;;;;;;;;;;;;2;7;;7.5;;;;;
BOS-HYM-N01863;Apidae;Bombus hortorum;25/04/1984;Naranco (Oviedo);Oviedo;Asturias;España;;;;;Ana Palacios G.;Ana Palacios G.;;;2;7;;7.5;;;;;
BOS-HYM-N01864;Apidae;Bombus hortorum;08/06/1983;Rozadas de Bazuelo;Mieres;Asturias;España;;;;;Mª Luisa Fdez;Esther Suárez;;;2;7;;7.5;;;;Himenópteros;
BOS-HYM-N01865;Apidae;Bombus hortorum;26/03/1975;Deva ;Gijón;Asturias;España;;;;;J. L. Domenech;;;;2;7;;7.5;;;;;
BOS-HYM-N01866;Apidae;Bombus hortorum;15/05/1982;Gijón;Gijón;Asturias;España;Campo de siega;;;;Marivi Maiztegui;;;;2;7;;7.5;;;;;
BOS-HYM-N01867;Apidae;;17/04/1987;Villablino;Villablino;León;España;Praderia;1000 m;;;Higinio Uria de Dios;Higinio Uria M.;;;2;7;;7.5;;;;Himenópteros;
BOS-HYM-N01868;Apidae;Bombus hortorum;_/06/1987;Trubia;Oviedo;Asturias;España;Hierbas;;;;L. Palacios;L. Palacios;;;2;7;;7.5;;;;Bombus terrestris;
BOS-HYM-N01869;Apidae;Bombus hortorum;05/05/1987;Gobiendes;Colunga;Asturias;España;;;;;M. N. García Martín;M. N. García Martín;;;2;7;;7.5;;;;;
BOS-HYM-N01870;Apidae;Bombus hortorum;25/05/1980;Fano;Pola de Siero;Asturias;España;;;;;Mª Esther Martínez Álvarez;;;;2;7;;7.5;;;;;
BOS-HYM-N01871;Apidae;Bombus hortorum;22/05/1978;Armada;Pola de Lena;Asturias;España;;;;;J. M. Gutiérrez;J. M. Gutiérrez;;;2;7;;7.5;;;;Bombus lucorum;
BOS-HYM-N01872;Apidae;Bombus hortorum;18/04/1976;Cosio;Rionansa;Cantabria;España;;;;;S. Díaz Gómez;;;;2;7;;7.5;;;;;
BOS-HYM-N01873;Apidae;Bombus hortorum;17/05/1978;Acebo;Cangas de Narcea;Asturias;España;Monte;;13 h;;Mª Isabel Hevia Glez;;;;2;7;;7.5;;;;;
BOS-HYM-N01874;Apidae;Bombus hortorum;03/03/1979;S. Pedro (Soto de Luiña);Cudillero;Asturias;España;Ventana de casa;;20 h;;Manón Funes;;;;2;7;;7.5;;;;;
BOS-HYM-N01875;Apidae;Bombus hortorum;18/04/1976;Valladolid;Valladolid;Valladolid;España;;;;;J. Casado;;;;2;7;;7.5;;;;;
BOS-HYM-N01876;Apidae;Bombus hortorum;_/05/1978;Candás;Carreño;Asturias;España;;;;;;;;;2;7;;7.5;;;;;
BOS-HYM-N01877;Apidae;Bombus hortorum;22/05/1980;Avilés;Avilés;Asturias;España;;;21 h;;Luis Cárdenas;;;;2;7;;7.5;;;;;
BOS-HYM-N01878;Apidae;Bombus hortorum;29/05/1979;Mestas;Gijón;Asturias;España;;;;;Manuel López Rodríguez;;;;2;7;;7.5;;;;;
BOS-HYM-N01879;Apidae;Bombus hortorum;12/04/1975;Las Caldas;;Asturias;España;;;;;J. A. Fdez Coronado;;;;2;7;;7.5;;;;;
BOS-HYM-N01880;Apidae;Psithyrus campestris;05/06/1983;Quijas;Reocin;Cantabria;España;Posada sobre basuras;;;;Manuela Abascal Sañudo;;;;2;7;;7.5;;;;Himenópteros;
BOS-HYM-N01881;Apidae;Bombus hortorum;06/06/1987;Trasona;Avilés;Asturias;España;Seta;;;;José M. Martínez;José M. Martínez;;;2;7;;7.5;;;;Himenópteros;
BOS-HYM-N01882;Apidae;Bombus sp.;29/09/1989;Pruvia;Llanera;Asturias;España;Brezal;;;;X. Valle;;;;2;7;;7.5;;;;;
BOS-HYM-N01883;Apidae;Bombus hortorum;18/04/1987;Mones (Luarca);Valdés;Asturias;España;En una mata de labiadas;400 m;;;R. Cernuda;;;;2;7;;7.5;;;;Himenópteros;
BOS-HYM-N01884;Apidae;Bombus hortorum;07/07/1985;Oviedo;Oviedo;Asturias;España;;;;;José Luis Acuña;José Luis Acuña;;;2;7;;7.5;;;;Bombus sp.;
BOS-HYM-N01885;Apidae;Bombus hortorum;17/09/1983;S. Martín de Podes;Gozón;Asturias;España;;;;;Mª José García;Mª José García;;;2;7;;7.5;;;;Bombus terrestris;
BOS-HYM-N01886;Apidae;Bombus hortorum;06/06/1976;Llanera;Llanera;Asturias;España;;;;;Elena Álvarez;;;;2;7;;7.5;;;;;
BOS-HYM-N01887;Apidae;Bombus hortorum;11/06/1976;Moreda;Aller;Asturias;España;;;;;J. Morán D.;;;;2;7;;7.5;;;;;
BOS-HYM-N01888;Apidae;Bombus hortorum;20/05/1978;Oviedo;Oviedo;Asturias;España;;;;;J. Arozamena;;;;2;7;;7.5;;;;;
BOS-HYM-N01889;Apidae;Bombus hortorum;23/06/1974;Naranco (Oviedo);Oviedo;Asturias;España;;;;;F. J. Ocharan;;;;2;7;;7.5;;;;;
BOS-HYM-N01890;Apidae;Psithyrus campestris;;Oviedo;Oviedo;Asturias;España;;;;;Isolina Martínez;;;;2;7;;7.5;;;;;
BOS-HYM-N01891;Apidae;Bombus hortorum;22/06/1981;Oviedo;Oviedo;Asturias;España;Jardín, sobre flor;;;;;;;;2;7;;7.5;;;;Himenóptero;
BOS-HYM-N01892;Apidae;Bombus hortorum;19/05/1983;Perlora;Carreño;Asturias;España;Prado;;;;Ernestina Coto Serna;;;;2;7;;7.5;;;;Himenópteros;
BOS-HYM-N01893;Apidae;Bombus hortorum;14/05/1987;Oviedo (CAU);Oviedo;Asturias;España;;;;;Paloma Morán;Paloma Morán;;;2;7;;7.5;;;;Himenópteros;
BOS-HYM-N01894;Apidae;Bombus hortorum;_/06/1983;Arnao;Castrillón;Asturias;España;;;;;Luciana López;Luciana López;;;2;7;;7.5;;;;Bombus sp.;
BOS-HYM-N01895;Apidae;Bombus hortorum;01/06/1986;Boñar;Boñar;León;España;;;;;P. Rguez Pérez;P. Rguez Pérez;;;2;7;;7.5;;;Comido por insectos plaga (tiene restos de mudas);Bombus terrestris;
BOS-HYM-N01896;Apidae;Bombus hortorum;13/04/1987;Soirana (Puerto de Vega);Navia;Asturias;España;;;;;J. Istillarti;J. Gión;;;2;7;;7.5;;;;Bombus sp.;
BOS-HYM-N01897;Apidae;Bombus hortorum;23/05/1987;Salinas;Castrillón;Asturias;España;Sobre Trifolium;60 m;;;Rubén Herrero Hevia;Rubén Herrero Hevia;;;2;7;;7.5;;;;Himenóptera;
BOS-HYM-N01898;Apidae;Bombus hortorum;09/06/1987;El Cristo (Oviedo);Oviedo;Asturias;España;;;;;L. F. Glez Gavilán;L. F. Glez Gavilán;;;2;7;;7.5;;;;Bombus sp.;
BOS-HYM-N01899;Apidae;Bombus pratorum;07/09/1989;S. Antolín de Ibias;Ibias;Asturias;España;Zarza;;;;Luis Valle;;;;2;7;;7.6;;;;;
BOS-HYM-N01900;Apidae;Bombus pratorum;07/09/1989;S. Antolín de Ibias;Ibias;Asturias;España;Zarza;;;;Luis Valle;;;;2;7;;7.6;;;;;
BOS-HYM-N01901;Apidae;Bombus sp.;07/09/1989;S. Antolín de Ibias;Ibias;Asturias;España;Zarza;;;;Luis Valle;;;;2;7;;7.6;;;;;
BOS-HYM-N01902;Apidae;Bombus pratorum;07/09/1989;S. Antolín de Ibias;Ibias;Asturias;España;Zarza;;;;Luis Valle;;;;2;7;;7.6;;;;;
BOS-HYM-N01903;Apidae;Bombus lucorum;11/07/1989;S. Antolín de Ibias;Ibias;Asturias;España;Camino;;;;L. Valle;;;;2;7;;7.6;;;;;
BOS-HYM-N01904;Apidae;Bombus pratorum;07/09/1989;S. Antolín de Ibias;Ibias;Asturias;España;Zarza;;;;Luis Valle;;;;2;7;;7.6;;;;;
BOS-HYM-N01905;Apidae;Bombus pratorum;07/09/1989;S. Antolín de Ibias;Ibias;Asturias;España;Zarza;;;;Luis Valle;;;;2;7;;7.6;;;;;
BOS-HYM-N01906;Apidae;Bombus pratorum;07/09/1989;S. Antolín de Ibias;Ibias;Asturias;España;Zarza;;;;Luis Valle;;;;2;7;;7.6;;;;;
BOS-HYM-N01907;Apidae;Bombus lucorum;07/09/1989;S. Antolín de Ibias;Ibias;Asturias;España;Brezal;;;;L. Valle;;;;2;7;;7.6;;;;;
BOS-HYM-N01908;Apidae;Bombus pratorum;07/09/1989;S. Antolín de Ibias;Ibias;Asturias;España;Zarza;;;;Luis Valle;;;;2;7;;7.6;;;;;
BOS-HYM-N01909;Apidae;Bombus pratorum;07/09/1989;S. Antolín de Ibias;Ibias;Asturias;España;Zarza;;;;Luis Valle;;;;2;7;;7.6;;;;;
BOS-HYM-N01910;Apidae;Bombus sp.;07/09/1989;S. Antolín de Ibias;Ibias;Asturias;España;Brezal;;;;L. Valle;;;;2;7;;7.6;;;;;
BOS-HYM-N01911;Apidae;Bombus lucorum;07/09/1989;S. Antolín de Ibias;Ibias;Asturias;España;Brezal;;;;L. Valle;;;;2;7;;7.6;;;;;
BOS-HYM-N01912;Apidae;Bombus sp.;07/09/1989;S. Antolín de Ibias;Ibias;Asturias;España;Zarza;;;;Luis Valle;;;;2;7;;7.6;;;;;
BOS-HYM-N01913;Apidae;Bombus lucorum;11/07/1989;S. Antolín de Ibias;Ibias;Asturias;España;Camino;;;;L. Valle;;;;2;7;;7.6;;;;;
BOS-HYM-N01914;Apidae;Bombus lucorum/terrestris;07/09/1989;S. Antolín de Ibias;Ibias;Asturias;España;Brezal;;;;L. Valle;;;;2;7;;7.6;;;;;
BOS-HYM-N01915;Apidae;Bombus lucorum/terrestris;07/09/1989;S. Antolín de Ibias;Ibias;Asturias;España;Brezal;;;;Luis Valle;;;;2;7;;7.6;;;;;
BOS-HYM-N01916;Apidae;Bombus sp.;07/09/1989;S. Antolín de Ibias;Ibias;Asturias;España;Zarza;;;;Luis Valle;;;;2;7;;7.6;;;;;
BOS-HYM-N01917;Apidae;Bombus lucorum;07/09/1989;S. Antolín de Ibias;Ibias;Asturias;España;Zarza;;;;Luis Valle;;;;2;7;;7.6;;;;;
BOS-HYM-N01918;Apidae;Bombus terrestris;07/09/1989;S. Antolín de Ibias;Ibias;Asturias;España;Zarza;;;;Luis Valle;;;;2;7;;7.6;;;;;
BOS-HYM-N01919;Apidae;Bombus lucorum/terrestris;07/09/1989;S. Antolín de Ibias;Ibias;Asturias;España;Zarza;;;;Luis Valle;;;;2;7;;7.6;;;;;
BOS-HYM-N01920;Apidae;Bombus lucorum/terrestris;07/09/1989;S. Antolín de Ibias;Ibias;Asturias;España;Zarza;;;;Luis Valle;;;;2;7;;7.6;;;;;
BOS-HYM-N01921;Apidae;Bombus terrestris;07/09/1989;S. Antolín de Ibias;Ibias;Asturias;España;Brezal;;;;L. Valle;;;;2;7;;7.6;;;;;
BOS-HYM-N01922;Apidae;Bombus lucorum;07/09/1989;S. Antolín de Ibias;Ibias;Asturias;España;Brezal;;;;L. Valle;;;;2;7;;7.6;;;;;
BOS-HYM-N01923;Apidae;Bombus terrestris/pratorum;07/09/1989;S. Antolín de Ibias;Ibias;Asturias;España;Zarza;;;;Luis Valle;;;;2;7;;7.6;;;;;
BOS-HYM-N01924;Apidae;Bombus terrestris/pratorum;07/09/1989;S. Antolín de Ibias;Ibias;Asturias;España;Zarza;;;;Luis Valle;;;;2;7;;7.6;;;;;
BOS-HYM-N01925;Apidae;Bombus terrestris/pratorum;07/09/1989;S. Antolín de Ibias;Ibias;Asturias;España;Zarza;;;;Luis Valle;;;;2;7;;7.6;;;;;
BOS-HYM-N01926;Apidae;Bombus terrestris/pratorum;07/09/1989;S. Antolín de Ibias;Ibias;Asturias;España;Zarza;;;;Luis Valle;;;;2;7;;7.6;;;;;
BOS-HYM-N01927;Apidae;Bombus lucorum;07/09/1989;S. Antolín de Ibias;Ibias;Asturias;España;Zarza;;;;L. Valle;;;;2;7;;7.6;;;;;
BOS-HYM-N01928;Apidae;Bombus lucorum;07/09/1989;S. Antolín de Ibias;Ibias;Asturias;España;Brezal;;;;L. Valle;;;;2;7;;7.6;;;;;
BOS-HYM-N01929;Apidae;Bombus lucorum/terrestris;07/09/1989;S. Antolín de Ibias;Ibias;Asturias;España;Brezal;;;;L. Valle;;;;2;7;;7.6;;;;;
BOS-HYM-N01930;Apidae;Bombus lucorum/terrestris/soroeensis;07/09/1989;S. Antolín de Ibias;Ibias;Asturias;España;Brezal;;;;L. Valle;;;;2;7;;7.6;;;;;
BOS-HYM-N01931;Apidae;Bombus lucorum/terrestris;07/09/1989;S. Antolín de Ibias;Ibias;Asturias;España;Brezal;;;;L. Valle;;;;2;7;;7.6;;;;;
BOS-HYM-N01932;Apidae;Bombus terrestris;07/09/1989;S. Antolín de Ibias;Ibias;Asturias;España;Brezal;;;;L. Valle;;;;2;7;;7.6;;;;;
BOS-HYM-N01933;Apidae;Bombus terrestris;07/09/1989;S. Antolín de Ibias;Ibias;Asturias;España;Brezal;;;;L. Valle;;;;2;7;;7.6;;;;;
BOS-HYM-N01934;Apidae;Bombus lucorum/terrestris/soroeensis;07/09/1989;S. Antolín de Ibias;Ibias;Asturias;España;Brezal;;;;L. Valle;;;;2;7;;7.6;;;;;
BOS-HYM-N01935;Apidae;Bombus lucorum/terrestris/soroeensis;07/09/1989;S. Antolín de Ibias;Ibias;Asturias;España;Brezal;;;;L. Valle;;;;2;7;;7.6;;;;;
BOS-HYM-N01936;Apidae;Bombus lucorum/terrestris/soroeensis;07/09/1989;S. Antolín de Ibias;Ibias;Asturias;España;Brezal;;;;L. Valle;;;;2;7;;7.6;;;;;
BOS-HYM-N01937;Apidae;Bombus lucorum/terrestris;07/09/1989;S. Antolín de Ibias;Ibias;Asturias;España;Brezal;;;;L. Valle;;;;2;7;;7.6;;;;;
BOS-HYM-N01938;Apidae;Bombus lucorum;07/09/1989;S. Antolín de Ibias;Ibias;Asturias;España;Brezal;;;;L. Valle;;;;2;7;;7.6;;;;;
BOS-HYM-N01939;Apidae;Bombus lucorum;07/09/1989;S. Antolín de Ibias;Ibias;Asturias;España;Brezal;;;;L. Valle;;;;2;7;;7.6;;;;;
BOS-HYM-N01940;Apidae;Bombus lucorum/terrestris/soroeensis;07/09/1989;S. Antolín de Ibias;Ibias;Asturias;España;Brezal;;;;L. Valle;;;;2;7;;7.6;;;;;
BOS-HYM-N01941;Apidae;Bombus lucorum;07/09/1989;S. Antolín de Ibias;Ibias;Asturias;España;Brezal;;;;L. Valle;;;;7;5;C;Caja moho 2;;;Tiene moho;;
BOS-HYM-N01942;Apidae;Bombus lucorum;07/09/1989;S. Antolín de Ibias;Ibias;Asturias;España;Brezal;;;;L. Valle;;;;7;5;C;Caja moho 2;;;Tiene moho;;
BOS-HYM-N01943;Apidae;Bombus lucorum;25/10/1989;Luarca;Valdés;Asturias;España;;;;;Carmen Álvarez Gcía;;;;7;5;C;Caja moho 2;;;Tiene moho;;
BOS-HYM-N01944;Apidae;Bombus lucorum/soroeensis;19/08/1994;El Cristo (Oviedo);Oviedo;Asturias;España;Prado próx charca;295 msnm;;;Félix González;Félix González;;;2;7;;7.6;;;;;
BOS-HYM-N01945;Apidae;Bombus lucorum/soroeensis;12/09/1994;La Gomera;La Gomera;Tenerife;España;;;;;María J. Cabal;María J. Cabal;;;2;7;;7.6;;;;Bombus sp.;
BOS-HYM-N01946;Apidae;Bombus lucorum;12/03/1994;Zurita;Piélagos;Cantabria;España;;;;;Gloria Fdez;Patricia Alonso;;;2;7;;7.6;;;;Bombus terrestris;
BOS-HYM-N01947;Apidae;Bombus lucorum/terrestris/soroeensis;_/04/1994;Barrio El Monte (Pervera);Carreño;Asturias;España;;;;;David Martínez;David Martínez;;;2;7;;7.6;;;;Bombus terrestris;
BOS-HYM-N01948;Apidae;Bombus lucorum/terrestris/soroeensis;10/09/1994;Puentevega;Pravia;Asturias;España;;;;;María J. Cabal;María J. Cabal;;;2;7;;7.6;;;;Bombus lucorum;
BOS-HYM-N01949;Apidae;Bombus lucorum/terrestris;29/03/1994;La Foz;Caso;Asturias;España;;;;;Pablo Prado Aller;Pablo Prado Aller;;;2;7;;7.6;;;;Bombus terrestris;
BOS-HYM-N01950;Apidae;Bombus terrestris;05/08/1993;Corvera de Toranzo;Corvera de Toranzo;Cantabria;España;;;;;Blanca Glez;Blanca Glez;;;2;7;;7.6;;;;;
BOS-HYM-N01951;Apidae;Bombus lucorum;08/05/1994;Peón;Villaviciosa;Asturias;España;;;;;Carmela Menéndez;Carmela Menéndez;;;2;7;;7.6;;;;Bombus terrestris;
BOS-HYM-N01952;Apidae;Bombus terrestris;25/10/1993;Pte. San Miguel;Reocín;Cantabria;España;;;;;A. Gómez Erina;Ángeles Gómez ;;;2;7;;7.6;;;;;
BOS-HYM-N01953;Apidae;Bombus terrestris;15/04/1994;San Cristóbal;Avilés;Asturias;España;;;;;Alberto López;Alberto López;;;2;7;;7.6;;;;;
BOS-HYM-N01954;Apidae;Bombus terrestris;24/03/1994;Cabueñes ;Gijón;Asturias;España;;;;;M. J. Cordero Álvarez;M. J. Cordero Álvarez;;;2;7;;7.6;;;;;
BOS-HYM-N01955;Apidae;Bombus terrestris;20/04/1994;La Barraca-Riaño;Langreo;Asturias;España;;;;;Asunción Noval;Asunción Noval;;;2;7;;7.6;;;;;
BOS-HYM-N01956;Apidae;Bombus lucorum/terrestris;02/04/1994;Eibar;Eibar;Guipúzcoa;España;;;;;Dacosta Vázquez;Dacosta Vázquez A.;;;2;7;;7.6;;;;Bombus terrestris;
BOS-HYM-N01957;Apidae;Bombus lucorum/terrestris;31/07/1992;El Castro;Castrillón;Asturias;España;;;;;Yolanda Bango M.;;;;2;7;;7.6;;;;Bombus terrestris;
BOS-HYM-N01958;Apidae;Bombus lucorum/terrestris;01/04/1994;Belende;Caso;Asturias;España;;;;;Ana Benito;Ana Benito;;;2;7;;7.6;;;;Bombus terrestris;
BOS-HYM-N01959;Apidae;Bombus terrrestris;12/05/1990;Vic;Vic;Barcelona;España;;;;;J. Riera;J. Riera;;;2;7;;7.6;;;;;
BOS-HYM-N01960;Apidae;Bombus terrestris;25/10/1989;Villar (Luarca);Valdés;Asturias;España;;;;;Mª Jesús Fdez;Clara Fdez;;;2;7;;7.6;;;;;
BOS-HYM-N01961;Apidae;Bombus terrestris;Verano 1986;Santander;Santander;Cantabria;España;Jardín;;;;Cristina R. Cabello;Cristina R. Cabello;;;2;7;;7.6;;;Volando;Bombus sp.;
BOS-HYM-N01962;Apidae;Bombus terrestris;04/04/1998;Pardesivil;Santa Colomba de Curueño;Asturias;España;;;;;Pellitero;Pellitero;;;2;7;;7.6;;;;;
BOS-HYM-N01963;Apidae;Bombus sp.;25/07/1991;Agüero;Villaviciosa;Asturias;España;;;;;Luz Mª Reyes;Luz Mª Reyes;;;2;7;;7.6;;;;;
BOS-HYM-N01964;Apidae;Bombus lucorum/terrestris;25/10/1989;Luarca;Valdés;Asturias;España;;;;;I. Esteban;I. Esteban;;;2;7;;7.6;;;;Bombus terrestris;
BOS-HYM-N01965;Apidae;Bombus lucorum;11/09/1992;Luanco;Gozón;Asturias;España;;;;;Fernado F. Cobas;;;;2;7;;7.6;;;;;
BOS-HYM-N01966;Apidae;Bombus lucorum/terrestris;20/04/1993;Villamayor;Piloña;Asturias;España;;;;;Conchita Galvez;Conchita Galvez;;;2;7;;7.6;;;;Bombus terrestris;
BOS-HYM-N01967;Apidae;Bombus lucorum/terrestris;05/06/1992;Ventanielles;Oviedo;Asturias;España;;;;;Medea Aperribal;;;;2;7;;7.6;;;;Bombus sp.;
BOS-HYM-N01968;Apidae;Bombus lucorum/terrestris;20/04/1985;Selorio;Villaviciosa;Asturias;España;;;;;Celsa F.S.N.;Celsa F.S.N.;;;2;7;;7.6;;;;Bombus terrestris;
BOS-HYM-N01969;Apidae;Bombus lucorum/terrestris;22/06/1993;Bedoya;Liébana;Cantabria;España;;;;;Ángela F. Roiz;Judith F. Casero;;;2;7;;7.6;;;;Bombus terrestris;
BOS-HYM-N01970;Apidae;Bombus lucorum/terrestris;28/05/1982;Somió;Gijón;Asturias;España;En un matorral;;;;Cristina Rguez;;;;2;7;;7.6;;;;Himenóptero (abejorro);
BOS-HYM-N01971;Apidae;Bombus lucorum/terrestris;_/05/1981;Oviedo;Oviedo;Asturias;España;;;12 h-Am;;Margarita Ojea;Margarita Ojea;;;7;5;C;Caja moho 2;;;Obrera. Tiene moho;Bombus terrestris;
BOS-HYM-N01972;Apidae;Bombus lucorum/terrestris;22/04/1982;Gamoniteiro;;Asturias;España;Pastizal sobre caliza;;;;M. M. Fernández;;;;7;5;C;Caja moho 2;;;Tiene moho;;
BOS-HYM-N01973;Apidae;Bombus lucorum/terrestris/soroeensis;03/09/1988;Alto Cobertoria;Lena;Asturias;España;Brezal;1100 m;;;M. A. Díaz Díaz;M. A. Díaz Díaz;;;2;7;;7.6;;;;Bombus hortorum;
BOS-HYM-N01974;Apidae;Bombus lucorum;_/04/1990;Villaviciosa;;;España;Terraza de casa;;;;Susana L.-Acevedo;Susana L.-Acevedo;;;2;7;;7.6;;;;;
BOS-HYM-N01975;Apidae;Bombus terrestris;16/06/1990;Parque de invierno (Oviedo);Oviedo;Asturias;España;;;;;Gemma Llaneza;Gemma Llaneza;;;7;5;C;Caja moho 2;;;Tiene moho;;
BOS-HYM-N01976;Apidae;Bombus lucorum;23/06/1990;Ciaño;Langreo;Asturias;España;;;;;M. Ángeles Lauriño;M. Ángeles Lauriño;;;2;7;;7.6;;;;Bombus terrestris;
BOS-HYM-N01977;Apidae;Bombus lucorum;04/05/1982;Salas;Salas;Asturias;España;;;;;C. Martínez;;;;2;7;;7.6;;;;Himenópteros;
BOS-HYM-N01978;Apidae;Bombus lucorum/terrestris;10/05/1982;Oviedo;Oviedo;Asturias;España;Ruderal;;;;Carlos Aedo;Carlos Aedo;;;7;5;C;Caja moho 2;;;Tiene moho;Himenóptero;
BOS-HYM-N01979;Apidae;Bombus soroeensis;21/05/1993;Contrueces;Gijón;Asturias;España;;;;;Sonia Glez;Sonia Glez;;;2;7;;7.6;;;;;
BOS-HYM-N01980;Apidae;Bombus terrestris;16/07/1994;El Escamplero;Las Regueras;Asturias;España;;;;;Mª J. Villanueva;Mª J. Villanueva;;;2;7;;7.6;;;;Psithyrus campestris;
BOS-HYM-N01981;Apidae;Bombus soroeensis;06/08/1990;Pola de Lena (Valle El Peral);Lena;Asturias;España;Sobre zarzas;;;;Susana Acevedo;Susana L.-Acevedo;;;2;7;;7.6;;;;;
BOS-HYM-N01982;Apidae;Bombus lucorum;23/08/1993;Villar;Hermandad de Campoo de Suso;Cantabria;España;;;;;Marta Gatón;Marta Gatón;;;2;7;;7.6;;;;Bombus cullumanus;
BOS-HYM-N01983;Apidae;Bombus lucorum;14/07/1992;Santander;Santander;Cantabria;España;;;;;Mª José Goicoechea;Mª José Goicoechea;;;2;7;;7.6;;;;;
BOS-HYM-N01984;Apidae;Bombus terrestris;01/05/1982;Villamayor;;;España;Pradera;;;;A. Y. Sánchez;;;;7;5;C;Caja moho 2;;;Tiene moho;Apoidea;
BOS-HYM-N01985;Apidae;Bombus sp.;12/05/1988;Poo de Llanes;Llanes;Asturias;España;;;;;M. Jose Ruiz de Arech.;M. Jose Ruiz de Arech.;;;2;7;;7.6;;;;;
BOS-HYM-N01986;Apidae;Bombus terrestris;31/05/1988;Palomas (río);;;España;Sobre ortigas;;;;Paulino Bárcena;Paulino Bárcena;;;7;5;C;Caja moho 2;;;Tiene moho;;
BOS-HYM-N01987;Apidae;Bombus soroeensis;21/02/1992;Pillarno;Castrillón;Asturias;España;;;;;R. Julia Rguez;R. Julia Rguez;;;2;7;;7.6;;;;;
BOS-HYM-N01988;Apidae;Bombus terrestris;16/05/1982;Peñaullán;Pravia;Asturias;España;Flor;;;;Ana Suárez;Ana Suárez;;;7;5;C;Caja moho 2;;;Tiene moho;;
BOS-HYM-N01989;Apidae;Bombus wurfleini pyrenaicus;18/04/1987;Mones (Luarca);Valdés;Asturias;España;Recogida sobre Lamium maculatum;400 m;;;R. Cernuda;;;;2;7;;7.7;;;;Himenoptera;
BOS-HYM-N01990;Apidae;Bombus cullumanus;11/05/1980;Espinedo (Campomanes);Lena;Asturias;España;En flor;;;;Ana Concepción;;;;2;7;;7.7;;;;Bombus pyrenaicus;
BOS-HYM-N01991;Apidae;Bombus sp.;27/04/1987;Mallecina;Salas;Asturias;España;;;;;Carmen Rguez Rguez;Carmen Rguez Rguez;;;2;7;;7.7;;;;Himenoptera;
BOS-HYM-N01992;Apidae;Bombus sp.;06/08/1986;San Salvador de Cantamuda;La Pernía ;Palencia;España;;;;;José Llorente;José Llorente;;;2;7;;7.7;;;;;
BOS-HYM-N01993;Apidae;Bombus sp.;25/05/1981;Polígono de Silvota;Llanera;Asturias;España;;;;;J. A. Pons A.;;;;2;7;;7.7;;;;Bombus terrestris;
BOS-HYM-N01994;Apidae;Bombus sp.;28/04/1989;Oviedo;Oviedo;Asturias;España;;;;;Idoia Villate;Idoia Villate;;;2;7;;7.7;;;;Bombus pratorum;
BOS-HYM-N01995;Apidae;Bombus pratorum;_/03/1993;Bocines;Gozón;Asturias;España;;;;;M. Echeverría;M. Echeverría;;;2;7;;7.7;;;;;
BOS-HYM-N01996;Apidae;Bombus sp.;15/08/1993;Villar;Hermandad de Campoo de Suso;Cantabria;España;;;;;Marta Gatón;Marta Gatón;;;2;7;;7.7;;;;Bombus lucorum;
BOS-HYM-N01997;Apidae;Bombus wurfleini pyrenaicus;_/05/1993;Casa del puerto (Tineo);Tineo;Asturias;España;;;;;Elvira García;Elvira García;;;2;7;;7.7;;;;Bombus pyrenaicus;
BOS-HYM-N01998;Apidae;Bombus cullumanus;28/08/1988;La Cabrera;;León;España;;;;;Carmen de Miguel;Carmen de Miguel;;;2;7;;7.7;;;;Bombus sylvarum;
BOS-HYM-N01999;Apidae;Bombus cullumanus;21/07/1988;La Colladiella;San Martín del Rey Aurelio;Asturias;España;;;;;Carmen de Miguel;Carmen de Miguel;;;2;7;;7.7;;;;Bombus pratorum;
BOS-HYM-N02000;Apidae;Bombus sylvarum;29/05/1992;Podes;Gozón;Asturias;España;;;;;M. Menéndez Artime;M. Menéndez Artime;;;2;7;;7.7;;;;;
BOS-HYM-N02001;Apidae;Bombus cullumanus;_/07/1974;Barro;Llanes;Asturias;España;;;;;Mª Carmen Fdez;;;;2;7;;7.7;;;;;
BOS-HYM-N02002;Apidae;Bombus sp.;15/05/1982;Manzaneda;Avilés;Asturias;España;;;;;Cecilia López;;;;2;7;;7.7;;;;Himenópteros;
BOS-HYM-N02003;Apidae;Bombus sylvarum;24/05/1986;La Central (El Entrego);;;España;Prado;;;;Roberto Fdez Argüelles;Esther Orviz;;;2;7;;7.7;;;;;
BOS-HYM-N02004;Apidae;Bombus lapidarius;23/06/1974;Cangas de Narcea;Cangas de Narcea;Asturias;España;;;;;F. J. Ocharan;;;;7;5;C;Caja moho 2;;;Tiene moho;;
BOS-HYM-N02005;Apidae;Bombus lapidarius;27/07/1982;Verín;Verín;Orense;España;;;;;Generosa Álvarez;Generosa Álvarez;;;7;5;C;Caja moho 2;;;Tiene moho;;
BOS-HYM-N02006;Apidae;Bombus lapidarius;25/04/1978;Villafranca del Bierzo;Villafranca del Bierzo;León;España;Sobre flor;;16 h;;Mª Luz García;Anadón-Quero;;;2;7;;7.8;;;;;
BOS-HYM-N02007;Apidae;Bombus lapidarius;_/05/1976;Oviedo;Oviedo;Asturias;España;;;;;J. Bengochea;;;;2;7;;7.8;;;;;
BOS-HYM-N02008;Apidae;Bombus lapidarius;17/04/1976;Carrejo;Cabezón de la Sal;Cantabria;España;;;;;S. Díaz G.;;;;2;7;;7.8;;;;;
BOS-HYM-N02009;Apidae;Bombus lapidarius;29/05/1976;Llanes;Llanes;Asturias;España;;;;;M. L. C. Arias;;;;2;7;;7.8;;;;;
BOS-HYM-N02010;Apidae;Bombus sp.;20/03/1978;Logroño;Logroño;La Rioja;España;Campo, afueras N. E.;;;;José A. Gil;;;;2;7;;7.8;;;En vuelo;;
BOS-HYM-N02011;Apidae;Bombus sp.;08/07/1989;S. Antolín de Ibias;Ibias;Asturias;España;Zarza;;;;L. Valle;;;;2;7;;7.8;;;;;
BOS-HYM-N02012;Apidae;Bombus lapidarius;;Pamplona;Pamplona;Navarra;España;;;;;T. Zabalza;T. Zabalza;;;7;5;C;Caja moho 2;;;Tiene moho;Ápidos;
BOS-HYM-N02013;Apidae;Bombus lapidarius;26/10/1989;Luarca;Valdés;Asturias;España;;;;;I. Esteban;I. Esteban;;;2;7;;7.8;;;;;
BOS-HYM-N02014;Apidae;Bombus lapidarius;14/07/1990;Toporias;Udías;Cantabria;España;Campo;180 m;;;B. Pérez Grrez;B. Pérez Grrez;;;2;7;;7.8;;;;;
BOS-HYM-N02015;Apidae;Bombus sp.;04/07/1990;Oviedo;Oviedo;Asturias;España;;;;;A. Paniagua;A. Paniagua;;;2;7;;7.8;;;;Bombicidae;
BOS-HYM-N02016;Apidae;Bombus sp.;02/06/1976;Laviana;Laviana;Asturias;España;;;;;Isabel Rguez;;;;2;7;;7.8;;;;;
BOS-HYM-N02017;Apidae;Bombus sp.;_/05/1975;Naranco (Oviedo);Oviedo;Asturias;España;;;;;María Ceballos;;;;2;7;;7.8;;;;;
BOS-HYM-N02018;Apidae;Bombus lapidarius;29/05/1988;Sena de Luna;Sena de Luna;León;España;;;;;E. Martínez;E. Martínez;;;2;7;;7.8;;;;;
BOS-HYM-N02019;Apidae;Bombus lapidarius;30/03/1991;Edesa de Montija;Merindad de Montija;Burgos;España;;;;;A. Baranda;A. Baranda;;;7;5;C;Caja moho 2;;;Tiene moho;;
BOS-HYM-N02020;Apidae;Bombus sp.;04/05/1976;Naranco (Oviedo);Oviedo;Asturias;España;;;;;J. Valdés Canga;;;;2;7;;7.8;;;;;
BOS-HYM-N02021;Apidae;Bombus sp.;16/06/1978;La Vecilla;La Vecilla;León;España;En el camino;700 m;;;Juan A. Martín;;;;2;7;;7.8;;;;;
BOS-HYM-N02022;Apidae;Bombus sp.;23/06/1974;Cangas de Narcea;Cangas de Narcea;Asturias;España;;;;;F. J. Ocharan;;;;2;7;;7.8;;;;;
BOS-HYM-N02023;Apidae;Bombus sp.;_/08/1974;Molleda;Avilés;Asturias;España;;;;;C. Muñiz;;;;2;7;;7.8;;;;;
BOS-HYM-N02024;Apidae;Bombus sp.;21/07/1976;Naranco (Oviedo);Oviedo;Asturias;España;Camino;;;;Juan A. Martín;;;;2;7;;7.8;;;;;
BOS-HYM-N02025;Apidae;Bombus sp.;_/03/1975;Oviedo;Oviedo;Asturias;España;;;;;María Ceballos;;;;2;7;;7.8;;;;;
BOS-HYM-N02026;Apidae;Bombus sp.;10/04/1976;Soto de Agues;Sobrescobio;Asturias;España;;;;;Teresa L. Lozano;;;;2;7;;7.8;;;;;
BOS-HYM-N02027;Apidae;Bombus sp.;_/04/1976;Cabañaquinta;Aller;Asturias;España;;;;;Perfecta F. Estrada;;;;7;5;C;Caja moho 2;;;Tiene moho;;
BOS-HYM-N02028;Apidae;Bombus sp.;10/05/1981;Riaño;Riaño;León;España;;1000 m;;;Rosa Torres;Rosa Torres;;;2;7;;7.8;;;;Himenópteros;
BOS-HYM-N02029;Apidae;Bombus sp.;22/06/1978;S. Juan de Nieva;;Asturias;España;Campo;7 m;;;Olga Mª Ángeles Inclán Arrojo;;;;2;7;;7.8;;;;;
BOS-HYM-N02030;Apidae;Bombus sp.;26/05/1980;Facultad de Ciencias Biológicas (Oviedo);Oviedo;Asturias;España;;;;;Ana Quero;;;;2;7;;7.8;;;;;
BOS-HYM-N02031;Apidae;Bombus sp.;_/08/1977;Ramales;;Cantabria;España;;;;;José M. Piney;;;;2;7;;7.8;;;;;
BOS-HYM-N02032;Apidae;Bombus sp.;23/11/1978;Batuecas;La Alberca;Salamanca;España;;;;;C. Manzano;C. Manzano;;;2;7;;7.8;;;;;
BOS-HYM-N02033;Apidae;Bombus sp.;_/03/1975;Ríoseco;Sobrescobio;Asturias;España;;;;;Rosa Mª Valles;;;;2;7;;7.8;;;;;
BOS-HYM-N02034;Apidae;Bombus sp.;08/05/1978;Cadavedo (Luarca);Valdés;Asturias;España;En casa;;;;A. Méndez;;;;2;7;;7.8;;;;;
BOS-HYM-N02035;Apidae;Bombus ragellus;03/08/1982;Liencres;Piélagos;Cantabria;España;Dunas;;;;J. Valderrabano;S. Solano;;;2;7;;7.8;;;;;
BOS-HYM-N02036;Apidae;Bombus lapidarius;14/05/1994;Bárcena;;Cantabria;España;;;;Macho;Martín Antoling;Patricia Alonso;;;2;7;;7.8;;;;;
BOS-HYM-N02037;Apidae;Bombus sylvarum;10/05/1979;Oviedo;Oviedo;Asturias;España;;;;;C. Castillo;A. Quera;;;2;7;;7.8;;;;Bombus pomorum;
BOS-HYM-N02038;Apidae;Bombus sp.;21/10/1991;Avín;Onís;Asturias;España;;;;;J. Zalama Tena;J. Zalama Tena;;;2;7;;7.8;;;;;
BOS-HYM-N02039;Apidae;Bombus sp.;01/05/1982;Urdiales del Páramo;Urdiales del Páramo;León;España;Pajar;;;;F. Berjon;F. Berjon;;;7;5;C;Caja moho 2;;;4. Tiene moho;Himenóptero;
BOS-HYM-N02040;Apidae;Bombus lapidarius;15/07/1989;Suances;Suances;Cantabria;España;;;;;M. José Saiz;M. José Saiz;;;2;7;;7.8;;;;Antoforidos;
BOS-HYM-N02041;Apidae;Bombus lapidarius;11/06/1989;;;Cantabria;España;;;;;Clemen Arozam;;;;2;7;;7.8;;;;;
BOS-HYM-N02042;Apidae;Bombus lapidarius;25/07/1992;Cartuja de Miraflores;;Burgos;España;Plantación pino alrededores Cartuja de Miraflores. Nido= túnel excavado en tierra de un talud del pinar;;;;Susana Barquero;;;;2;7;;7.8;;;;;
BOS-HYM-N02043;Apidae;Bombus sylvarum;23/05/1982;Hoces de Río Pino;;Asturias;España;Matorral;;;;C. Díaz Juesas;C. Díaz Juesas;;;7;5;C;Caja moho 2;;;Tiene moho;Himenópteros;
BOS-HYM-N02044;Apidae;Bombus sylvarum;30/05/1987;Pantano de Trasona;;Asturias;España;;;;;Carlos J. Francisco;Carlos J. Francisco;;;2;7;;7.9;;;;Bombus marturcetus pyrenaicus;
BOS-HYM-N02045;Apidae;Bombus pratorum;25/05/1987;Siero;Siero;Asturias;España;;;;;Fernando D. Ordax;Fernando D. Ordax;;;2;7;;7.9;;;;Hymenoptera;
BOS-HYM-N02046;Apidae;Bombus sp.;30/05/1987;La Eria;Oviedo;Asturias;España;;;;;J. Gión;J. Gión;;;2;7;;7.9;;;;;
BOS-HYM-N02047;Apidae;Bombus sp.;11/05/1980;Naranco (Oviedo);Oviedo;Asturias;España;;;;;A. Bode;;;;2;7;;7.9;;;;;
BOS-HYM-N02048;Apidae;Bombus sylvarum;15/05/1982;Manzaneda;Avilés;Asturias;España;;;;;Cecilia López;;;;2;7;;7.9;;;;Hympenoptera;
BOS-HYM-N02049;Apidae;Bombus pratorum;31/05/1986;Fitoria;Oviedo;Asturias;España;;;;;Paloma Cuartas;Paloma Cuartas;;;2;7;;7.9;;;;;
BOS-HYM-N02050;Apidae;Bombus pratorum;23/06/1974;Covadonga;Cangas de Onís;Asturias;España;;;;;Kankel Ortea;;;;7;5;C;Caja moho 2;;;Tiene moho;;
BOS-HYM-N02051;Apidae;Bombus cullumanus;26/05/1992;Granda;Gijón;Asturias;España;Sobre flores;;;;Belén Álvarez;Belén Álvarez;;;2;7;;7.9;;;;;
BOS-HYM-N02052;Apidae;Bombus sylvarum;06/08/1990;Pola de Lena (Valle El Peral);Lena;Asturias;España;Sobre zarzas;;;;Susana L.-Acevedo;Susana L.-Acevedo;;;2;7;;7.9;;;;;
BOS-HYM-N02053;Apidae;Bombus pratorum;29/05/1982;Arnao;Castrillón;Asturias;España;;;;;Luciano López;Luciano López;;;2;7;;7.9;;;;Bombus terrestris;
BOS-HYM-N02054;Apidae;Bombus sylvarum;18/06/1987;Naranco (Oviedo);Oviedo;Asturias;España;;;;;José Zulaica Berijoetxea;José Zulaica Berijoetxea;;;2;7;;7.9;;;;Bombus pratorum;
BOS-HYM-N02055;Apidae;Bombus sylvarum;20/08/1992;Caldones;Gijón;Asturias;España;;;;;Luis M. Torres;Luis M. Torres;;;2;7;;7.9;;;;;
BOS-HYM-N02056;Apidae;Bombus sylvarum;10/08/1988;Bañugues;Gozón;Asturias;España;;;;;L. Lozano;L. Lozano;;;2;7;;7.9;;;;Bombus sp.;
BOS-HYM-N02057;Apidae;Bombus sylvarum;13/08/1988;Pedraza;Pedraza;Soria;España;Huertos;;;;Juan Carlos Ruiz;Juan Carlos Ruiz;;;2;7;;7.9;;;;Bombus terrestris;
BOS-HYM-N02058;Apidae;Bombus sylvarum;27/08/1993;Villar;Hermandad de Campoo de Suso;Cantabria;España;;;;;Marta Gatón;Marta Gatón;;;2;7;;7.9;;;;;
BOS-HYM-N02059;Apidae;Bombus sp.;20/06/1988;Truchas;Truchas;León;España;;;;;Pellitero;;;;2;7;;7.9;;;;;
BOS-HYM-N02060;Apidae;Bombus sylvarum;_/07/1993;Xivares (Candás);Carreño;Asturias;España;;;;;Juan José Castro;;;;2;7;;7.9;;;;Bombus pratorum;
BOS-HYM-N02061;Apidae;Bombus variabilis;23/06/1990;Naranco (Oviedo);Oviedo;Asturias;España;;;;;M. José Saiz;M. José Saiz;;;2;7;;7.9;;;;;
BOS-HYM-N02062;Apidae;Bombus distinguendus;20/11/1988;Collado de las Arenas;Reyes;Asturias;España;Sobre pastizal;;;;P. Glez.-Quirós;P. Glez.-Quirós;;;2;7;;7.9;;;;Bombus sylvarum;
BOS-HYM-N02063;Apidae;Bombus distinguendus;19/03/1975;Degaña;Degaña;Asturias;España;;;;;Carlos Lastra;;;;2;7;;7.9;;;;;
BOS-HYM-N02064;Apidae;Bombus sylvarum;06/05/1989;Oviedo;Oviedo;Asturias;España;;;;;J. Villasante;J. Villasante;;;2;7;;7.9;;;;;
BOS-HYM-N02065;Apidae;Bombus sp.;30/05/1987;Prados del Cristo (Oviedo);Oviedo;Asturias;España;;;16:30 h;;N. Egocheaga;N. Egocheaga;;;2;7;;7.9;;;;Himenópteros;
BOS-HYM-N02066;Apidae;Bombus distinguendus;26/05/1991;Peñacorada;Cistierna;León;España;;;;;P. Velasco Vallejo;P. Velasco Vallejo;;;2;7;;7.9;;;;Bombus viriabilis;
BOS-HYM-N02067;Apidae;Bombus sp.;09/08/1991;La Atalaya;Cudillero;Asturias;España;;;;;Pedro García-Rovés;;;;2;7;;7.9;;;;;
BOS-HYM-N02068;Apidae;Bombus muscorum;_/10/1990;Luarca;Valdés;Asturias;España;En campo;;;;C. Álvarez;C. Álvarez;;;2;7;;7.9;;;;Bombus sp.;
BOS-HYM-N02069;Apidae;Bombus pratorum;21/05/1982;Oviedo;Oviedo;Asturias;España;Pradera;;;;Isabel Glez;Isabel Glez;;;7;5;C;Caja moho 2;;;Tiene moho;Himenóptero;
BOS-HYM-N02070;Apidae;Bombus distinguendus;_/06/1989;Seño;;Vizcaya;España;;;;;R. Echeandia;R. Echeandia;;;2;7;;7.9;;;;Bombus sp.;
BOS-HYM-N02071;Apidae;Bombus distinguendus/sylvarum;27/05/1980;Deva ;Gijón;Asturias;España;Prado;;;;Higinio Bernardo;A. Anadón;;;2;7;;7.9;;;;Bombus sp.;
BOS-HYM-N02072;Apidae;Bombus sylvarum;18/03/1989;Oviedo;Oviedo;Asturias;España;;;;;Jorge González;Jorge González;;;2;7;;7.9;;;;;
BOS-HYM-N02073;Apidae;Bombus sylvarum;24/04/1989;Oviedo;Oviedo;Asturias;España;;;;;E. Eguilegor;E. Eguilegor;;;2;7;;7.9;;;;;
BOS-HYM-N02074;Apidae;Bombus sylvarum;08/04/1989;Oviedo;Oviedo;Asturias;España;;;;;Idoia Villate;Idoia Villate;;;2;7;;7.9;;;;;
BOS-HYM-N02075;Apidae;Bombus sylvarum;_/07/1984;Nozalinos;Siero;Asturias;España;;;;;A. Anadón;;;;2;7;;7.9;;;;;
BOS-HYM-N02076;Apidae;Bombus sp.;18/05/1980;Fano;Pola de Siero;Asturias;España;;;;;Mª Esther Martínez Álvarez;;;;7;5;C;Caja moho 2;;;Tiene moho;;
BOS-HYM-N02077;Apidae;Bombus mesomelas;02/06/1986;Loro;Pravia;Asturias;España;Flor;200 m;;;Alex Merino;Alex Merino;;;2;7;;7.9;;;;Bombus mastruestus;
BOS-HYM-N02078;Apidae;Bombus sylvarum;10/04/1982;Avilés;Avilés;Asturias;España;;;;;D. Lanzas;;;;2;7;;7.9;;;;Himenópteros;
BOS-HYM-N02079;Apidae;Bombus vimialis;31/05/1987;Monte Naranco;Oviedo;Asturias;España;;;;;Antonio Gómez;Antonio Gómez;;;2;7;;7.9;;;;;
BOS-HYM-N02080;Apidae;Bombus sylvarum;24/04/1975;Naranco (Oviedo);Oviedo;Asturias;España;;;;;;Rosa Mª Glez Fdez;;;2;7;;7.9;;;;;
BOS-HYM-N02081;Apidae;Anthophora furcata;17/05/1987;Ceares (Gijón);Gijón;Asturias;España;Sobre flor;;;;Jesús G. Durán;Jesús G. Durán;;;2;7;;7.9;;;;;
BOS-HYM-N02082;Apidae;Bombus agrorum;17/04/1989;Monte Naranco;Oviedo;Asturias;España;;;;;Antonio Gómez Fdez;Antonio Gómez Fdez;;;2;7;;7.9;;;;;
BOS-HYM-N02083;Apidae;Bombus sylvarum;24/04/1989;Oviedo;Oviedo;Asturias;España;;;;;J. M. Lasa;J. M. Lasa;;;2;7;;7.9;;;;;
BOS-HYM-N02084;Apidae;Bombus sylvarum;24/04/1989;Oviedo;Oviedo;Asturias;España;;;;;I. Irizar;I. Irizar;;;2;7;;7.9;;;;;
BOS-HYM-N02085;Apidae;Bombus sylvarum;14/05/1987;Oviedo;Oviedo;Asturias;España;Prado del picadero;;;;A. Palacios;A. Palacios Palomar;;;2;7;;7.9;;;;Hymenoptera;
BOS-HYM-N02086;Apidae;Bombus  sylvarum;07/05/1989;Ponferrada;Ponferrada;León;España;;;;;Claudia Martínez;Claudia Martínez;;;2;7;;7.9;;;;Bombus sp.;
BOS-HYM-N02087;Apidae;Bombus  sylvarum;03/04/1981;Grado;Grado;Asturias;España;;;;;Asunción García Peláez;;;;2;7;;7.9;;;;;
BOS-HYM-N02088;Apidae;Bombus pratorum;10/05/1976;Naranco (Oviedo);Oviedo;Asturias;España;;;;;Ángela Alonso;;;;2;7;;7.9;;;;;
BOS-HYM-N02089;Apidae;Bombus sp.;25/05/1987;La Felguera;Langreo;Asturias;España;;;;;Irene Díaz;Irene Díaz;;;2;7;;7.9;;;;;
BOS-HYM-N02090;Apidae;Bombus sylvarum;12/04/1987;Mallecina;Salas;Asturias;España;Prado;;;;Carmen Peláez Mata;Carmen Peláez Mata;;;2;7;;7.9;;;;Bombus sp.;
BOS-HYM-N02091;Apidae;Bombus sylvarum;08/05/1994;Peón;Villaviciosa;Asturias;España;;;;;Carmela Menéndez;Carmela Menéndez;;;2;7;;7.9;;;;Bombus pratorum;
BOS-HYM-N02092;Apidae;Bombus cullumanus/sylvarum;18/06/1989;La Fresneda (Lugones);Siero;Asturias;España;;;;;José Manuel Fdez Mtnz;José Manuel Fdez Mtnz;;;2;7;;7.9;;;;Bombus sp.;
BOS-HYM-N02093;Apidae;;13/06/1983;Bañugues;Gozón;Asturias;España;;;;;A. Barahona;A. Barahona;;;2;7;;7.9;;;;Bombus cognatus;
BOS-HYM-N02094;Apidae;;11/08/1986;Careses;Siero;Asturias;España;;;;;Rolando Rguez Muñoz;Rolando Rguez Muñoz;;;2;7;;7.9;;;;Himenópteros;
BOS-HYM-N02095;Apidae;Bombus cullumanus/sylvarum;17/05/1980;El Cristo (Oviedo);Oviedo;Asturias;España;;;;;Mª D. González López;;;;2;7;;7.9;;;;;
BOS-HYM-N02096;Apidae;Bombus sylvarum;01/05/1993;Oviedo;Oviedo;Asturias;España;;;;;Raquel díaz;Julia Argüelles;;;2;7;;7.9;;;;;
BOS-HYM-N02097;Apidae;Bombus pratorum;11/05/1980;Naranco (Oviedo);Oviedo;Asturias;España;;;13 h;;Abel J. Martín;;;;2;7;;7.9;;;;;
BOS-HYM-N02098;Apidae;Bombus pratorum;31/05/1987;Solis;Corvera;Asturias;España;;;;;Celsa F. S. Narciso;Celsa F. S. Narciso;;;2;7;;7.9;;;;;
BOS-HYM-N02099;Apidae;Bombus sp.;25/05/1994;Salinas;Castrillón;Asturias;España;;;;;Jorge Camino;Jorge Camino;;;2;7;;7.9;;;;;
BOS-HYM-N02100;Apidae;;03/08/1982;Liencres;Piélagos;Cantabria;España;Dunas;;;;J. Valderrabano;;;;2;7;;7.9;;;;Himenópteros;
BOS-HYM-N02101;Apidae;;18/07/1982;Sedano;Valle de Sedano;Burgos;España;;;;;M. J. Adrián;;;;7;5;C;Caja moho 2;;;Tiene moho;;
BOS-HYM-N02102;Apidae;;06/09/1981;Lugones;Siero;Asturias;España;;;;;A. Anadón;;;;2;7;;7.9;;;;;
BOS-HYM-N02103;Apidae;Apis mellifera;20/07/1990;Avilés;Avilés;Asturias;España;;;;;C. M. Álvarez Lao;;;;2;7;;7.9;;;;;
BOS-HYM-N02104;Apidae;Bombus monticola;20/07/1993;Villar;Hermandad de Campoo de Suso;Cantabria;España;;;;;Marta Gatón;Marta Gatón;;;2;7;;7.9;;;;Bombus sp.;
BOS-HYM-N02105;Apidae;Bombus cullumanus;09/05/1992;La Atalaya;Cudillero;Asturias;España;;;;;Pedro García-Rovés;Pedro García-Rovés;;;2;7;;7.9;;;;Bombus agrorum;
BOS-HYM-N02106;Formicidae;Lasius flavus;22/07/1982;Laukariz;Munguia;Vizcaya;España;Prado;;20 h;Hembra (reina);M. I. Saloña;M. I. Saloña;;;7;5;C;Caja moho 2;;;Tiene moho;Formica rufa;
BOS-HYM-N02107;Formicidae;Lasius flavus;20/06/1989;Peón;Villaviciosa;Asturias;España;;;;Hembra (reina);E. C. Jiménez;E. C. Jiménez;;;1;3;;3.28;;;;Stenomutilla argentata (Mutillidae);
BOS-HYM-N02108;Apidae;;25/05/1980;Deva ;Gijón;Asturias;España;Prado;;17 h;;Mª José Álvarez;;;;2;7;;7.10;;;;Himenóptero;
BOS-HYM-N02109;Apidae;;01/08/1986;Bembibre;Bembibre;León;España;;;;;Sofía Cubero;;;;2;7;;7.10;;;;Himenóptero;
BOS-HYM-N02110;Apidae;Bombus terrestris;17/07/1983;Vega de Espinareda;Vega de Espinareda;León;España;;;;;Miguel Pérez Medina;Miguel Pérez Medina;;;2;7;;7.10;;;;;
BOS-HYM-N02111;Apidae;;28/05/1978;Campomanes;Lena;Asturias;España;Pradera;;18 h;;M. F. Velasco A.;;;;2;7;;7.10;;;;;
BOS-HYM-N02112;Apidae;;20/03/1978;La Caridad;El Franco;Asturias;España;;;;;M. Pascual;;;;2;7;;7.10;;;;;
BOS-HYM-N02113;Apidae;Bombus terrestris;02/06/1991;La Isla;Colunga;Asturias;España;;;;;Rafael Glez- Quirós Fdez;Rafael Glez- Quirós Fdez;;;2;7;;7.10;;;;;
BOS-HYM-N02114;Apidae;Bombus sp.;24/04/1975;Naranco (Oviedo);Oviedo;Asturias;España;;;;;Rosa Mª Glez Fernández;;;;2;7;;7.10;;;;;
BOS-HYM-N02115;Apidae;Bombus lapidarius;07/09/1989;S. Antolín de Ibias;Ibias;Asturias;España;Brezal;;;;L. Valle;;;;2;7;;7.10;;;;;
BOS-HYM-N02116;Apidae;Bombus cullumanus;08/07/1989;S. Antolín de Ibias;Ibias;Asturias;España;Zarza;;;;L. Valle;;;;2;7;;7.10;;;;;
BOS-HYM-N02117;Apidae;Bombus pratorum;07/09/1989;S. Antolín de Ibias;Ibias;Asturias;España;Zarza;;;;Luis Valle;;;;2;7;;7.10;;;;;
BOS-HYM-N02118;Apidae;Bombus cullumanus;07/09/1989;S. Antolín de Ibias;Ibias;Asturias;España;Brezal;;;;L. Valle;;;;2;7;;7.10;;;;;
BOS-HYM-N02119;Apidae;Bombus cullumanus;08/07/1989;S. Antolín de Ibias;Ibias;Asturias;España;Zarza;;;;L. Valle;;;;2;7;;7.10;;;;;
BOS-HYM-N02120;Apidae;Bombus cullumanus;07/09/1989;S. Antolín de Ibias;Ibias;Asturias;España;Brezal;;;;L. Valle;;;;2;7;;7.10;;;;;
BOS-HYM-N02121;Apidae;Bombus cullumanus;08/07/1989;S. Antolín de Ibias;Ibias;Asturias;España;Zarza;;;;L. Valle;;;;2;7;;7.10;;;;;
BOS-HYM-N02122;Apidae;Bombus cullumanus;08/07/1989;S. Antolín de Ibias;Ibias;Asturias;España;Zarza;;;;L. Valle;;;;2;7;;7.10;;;;;
BOS-HYM-N02123;Apidae;Bombus sp.;30/04/1979;La Isla;Colunga;Asturias;España;Sobre flor;;12 h;;C. Fdez Cedrón;;;;2;7;;7.10;;;;;
BOS-HYM-N02124;Apidae;Bombus cullumanus;08/07/1989;S. Antolín de Ibias;Ibias;Asturias;España;Zarza;;;;L. Valle;;;;2;7;;7.10;;;;;
BOS-HYM-N02125;Apidae;Bombus cullumanus;07/09/1989;S. Antolín de Ibias;Ibias;Asturias;España;Brezal;;;;L. Valle;;;;2;7;;7.10;;;;;
BOS-HYM-N02126;Apidae;Bombus cullumanus;07/09/1989;S. Antolín de Ibias;Ibias;Asturias;España;Brezal;;;;L. Valle;;;;2;7;;7.10;;;;;
BOS-HYM-N02127;Apidae;Bombus cullumanus;07/09/1989;S. Antolín de Ibias;Ibias;Asturias;España;Brezal;;;;L. Valle;;;;2;7;;7.10;;;;;
BOS-HYM-N02128;Apidae;Bombus cullumanus;07/09/1989;S. Antolín de Ibias;Ibias;Asturias;España;Brezal;;;;L. Valle;;;;2;7;;7.10;;;;;
BOS-HYM-N02129;Apidae;Bombus cullumanus;07/09/1989;S. Antolín de Ibias;Ibias;Asturias;España;Brezal;;;;L. Valle;;;;2;7;;7.10;;;;;
BOS-HYM-N02130;Apidae;Bombus cullumanus;07/09/1989;S. Antolín de Ibias;Ibias;Asturias;España;Brezal;;;;L. Valle;;;;2;7;;7.10;;;;;
BOS-HYM-N02131;Apidae;Bombus cullumanus;07/09/1989;S. Antolín de Ibias;Ibias;Asturias;España;Brezal;;;;L. Valle;;;;2;7;;7.10;;;;;
BOS-HYM-N02132;Apidae;Bombus cullumanus;07/09/1989;S. Antolín de Ibias;Ibias;Asturias;España;Brezal;;;;L. Valle;;;;2;7;;7.10;;;;;
BOS-HYM-N02133;Apidae;Bombus cullumanus;07/09/1989;S. Antolín de Ibias;Ibias;Asturias;España;Brezal;;;;L. Valle;;;;2;7;;7.10;;;;;
BOS-HYM-N02134;Apidae;Bombus cullumanus;07/09/1989;S. Antolín de Ibias;Ibias;Asturias;España;Brezal;;;;L. Valle;;;;2;7;;7.10;;;;;
BOS-HYM-N02135;Apidae;Bombus cullumanus;07/09/1989;S. Antolín de Ibias;Ibias;Asturias;España;Brezal;;;;L. Valle;;;;2;7;;7.10;;;;;
BOS-HYM-N02136;Apidae;Bombus cullumanus;07/09/1989;S. Antolín de Ibias;Ibias;Asturias;España;Brezal;;;;L. Valle;;;;2;7;;7.10;;;;;
BOS-HYM-N02137;Apidae;Bombus pratorum;18/06/1984;El Carbayu;Langreo;Asturias;España;Sobre flor;;;;Ladil del Río;;;;2;7;;7.10;;;;;
BOS-HYM-N02138;Apidae;Bombus pratorum;23/07/1983;Anllares (El Bierzo);;León;España;;;;;Carlos Mtnez;Charo M. Farpon;;;2;7;;7.10;;;;;
BOS-HYM-N02139;Apidae;Bombus pratorum;18/06/1984;El Carbayu;Langreo;Asturias;España;Sobre flor;;;;Ladil del Río;;;;7;5;C;Caja moho 2;;;Tiene moho;;
BOS-HYM-N02140;Apidae;Bombus sylvarum;05/08/1990;La Providencia;Gijón;Asturias;España;;;;;Celestino Glez;Celestino Glez;;;2;7;;7.10;;;;;
BOS-HYM-N02141;Apidae;Bombus pratorum;18/04/1987;Luarca;Valdés;Asturias;España;Prado;;;;J. M. Santaeufemia;J. M. Santaeufemia;;;2;7;;7.10;;;;;
BOS-HYM-N02142;Apidae;Bombus pratorum;_/05/1976;Agones;Pravia;Asturias;España;Flor de día;20 m;;;J. J. Ferreira;;;;2;7;;7.10;;;;;
BOS-HYM-N02143;Apidae;Bombus pratorum;21/04/1991;Ceares (Gijón);Gijón;Asturias;España;;;;;Ana Murguizu;Ana Murguizu;;;2;7;;7.10;;;;;
BOS-HYM-N02144;Apidae;Bombus pratorum;10/05/1991;San Lázaro;;Asturias;España;;;;;Sandra Ortiz;Sandra Ortiz;;;2;7;;7.10;;;Tiene insectos plaga;;
BOS-HYM-N02145;Apidae;Bombus pratorum;09/05/1987;Soto de Luiña;Cudillero;Asturias;España;En un jardín;;;;N. Egocheaga;N. Egocheaga;;;2;7;;7.10;;;;Bombus sp.;
BOS-HYM-N02146;Apidae;Bombus pratorum;22/04/1989;Ambas;;Asturias;España;;;;;I. Irizar;I. Irizar;;;2;7;;7.10;;;;;
BOS-HYM-N02147;Apidae;Bombus pratorum;23/04/1979;Oviedo;Oviedo;Asturias;España;;;;;J. M. Cabal;Anadón-Quero;;;2;7;;7.10;;;;;
BOS-HYM-N02148;Apidae;Bombus pratorum;09/08/1979;Vargas;;Cantabria;España;;;;;Orencio H. Palacios;Orencio H. Palacios;;;2;7;;7.10;;;;Bombus sp.;
BOS-HYM-N02149;Apidae;Bombus pratorum;12/08/1985;Xove;Gijón;Asturias;España;;;;;C. Pérez Antolín;C. Pérez Antolín;;;2;7;;7.10;;;;;
BOS-HYM-N02150;Apidae;Bombus pratorum;24/05/1987;Cenera;Mieres;Asturias;España;;225 m;12 h;;Isabel Pardo;Isabel Pardo;;;2;7;;7.10;;;;Himenópteros;
BOS-HYM-N02151;Apidae;Bombus pratorum;06/08/1990;Pola de Lena (Valle El Peral);Lena;Asturias;España;Sobre zarzas;;;;Susana Acevedo;Susana L.-Acevedo;;;2;7;;7.10;;;;;
BOS-HYM-N02152;Apidae;Bombus pratorum;12/10/1986;Villaviciosa;;;España;;;;;Alejandro Fdez;E. Cueto Jiménez;;;2;7;;7.10;;;;;
BOS-HYM-N02153;Apidae;Bombus pratorum;09/05/1987;Puente de San Martín;Belmonte;Asturias;España;Prado cerca del río;;16 h;;J. A. San Emeterio;J. A. San Emeterio;;;2;7;;7.10;;;;Hymenoptera;
BOS-HYM-N02154;Apidae;Bombus pratorum;11/08/1980;Armunia;León;León;España;;;;;A. Riera;A. Riera;;;2;7;;7.10;;;;;
BOS-HYM-N02155;Apidae;Bombus pratorum;04/05/1986;Huerces;;Asturias;España;Campo;;;;A. Bouso Yañez;;;;2;7;;7.10;;;;;
BOS-HYM-N02156;Apidae;Bombus pratorum;15/03/1979;Pola de Siero;Siero;Asturias;España;;;;;Tere Cañal;;;;2;7;;7.10;;;;;
BOS-HYM-N02157;Apidae;Bombus pratorum;20/04/1983;Oviedo;Oviedo;Asturias;España;;;;;Victoria G. M.;Victoria G. M.;;;2;7;;7.10;;;;Apoideos;
BOS-HYM-N02158;Apidae;Bombus pratorum;;Grado;Grado;Asturias;España;;;;;D. de Velasco;;;;2;7;;7.10;;;;;
BOS-HYM-N02159;Apidae;Bombus sp.;28/05/1978;La Miranda;;;España;En madera;;;;P. Domínguez;;;;2;7;;7.10;;;;;
BOS-HYM-N02160;Apidae;Bombus argillaceus;08/04/1980;Lineres;Salas;Asturias;España;;;;;Esther Fdez Menéndez;Esther Fdez Menéndez;;;2;7;;7.10;;;;;
BOS-HYM-N02161;Apidae;Bombus sp.;28/04/1983;Las Caldas;;;España;;;;;Mª José González;Mª José González;;;2;7;;7.10;;;;Himenóptero;
BOS-HYM-N02162;Apidae;Bombus pratorum;;La Carrera (Pola de Siero);Siero;Asturias;España;Prado;;;;Amanda Miranda;;;;2;7;;7.10;;;;;
BOS-HYM-N02163;Apidae;Bombus pratorum;13/04/1979;Barayo (Luarca);Valdés;Asturias;España;;;;;J. V. M. S.;J. V. M. S.;;;2;7;;7.10;;;;;
BOS-HYM-N02164;Apidae;Bombus pratorum;_/03/1975;Roces;;Asturias;España;;;;;J. Ángel Diego;;;;2;7;;7.10;;;;;
BOS-HYM-N02165;Apidae;Bombus pratorum;15/05/1978;La Providencia;Gijón;Asturias;España;Prado;;;;Eva G. M.;;;;2;7;;7.10;;;;;
BOS-HYM-N02166;Apidae;Bombus pratorum;24/03/1975;Navia;Navia;Asturias;España;;;;;C. L. López;;;;2;7;;7.10;;;;;
BOS-HYM-N02167;Apidae;Bombus lucorum;22/05/1981;El Cristo (Oviedo);Oviedo;Asturias;España;;;;;M. J. Arias;M. J. Arias;;;2;7;;7.10;;;;;
BOS-HYM-N02168;Apidae;Bombus sp.;17/05/1975;Moreda;Aller;Asturias;España;;;;;J. Morán D.;;;;2;7;;7.10;;;;;
BOS-HYM-N02169;Apidae;Bombus sp.;23/06/1991;Blimea;San Martín del Rey Aurelio;Asturias;España;;;;;Luis Rguez;Luis Rguez;;;2;7;;7.10;;;;Bombus terrestris;
BOS-HYM-N02170;Apidae;Bombus lucorum;03/03/1979;S. Lazaro;;Asturias;España;Matorral;;;;Raquel P. G.;;;;1;3;;Caja moho 3;;;Tiene moho;;
BOS-HYM-N02171;Apidae;Bombus hortorum;29/05/1980;Trubia;Oviedo;Asturias;España;Prado;;12 h;;Rosario Fdez;;;;2;7;;7.10;;;;;
BOS-HYM-N02172;Apidae;Bombus hortorum;25/05/1979;Tameza;Yernes y Tameza;Asturias;España;Sobre planta;600 m;18 h;;M. P. Miyares;M. P. Miyares;;;2;7;;7.10;;;;;
BOS-HYM-N02173;Apidae;Bombus hortorum;04/05/1978;Oviedo;Oviedo;Asturias;España;Campo;;16 h;;Elena Fdez Parra;;;;2;7;;7.10;;;;;
BOS-HYM-N02174;Apidae;Bombus hortorum;02/05/1976;Xagó;Avilés;Asturias;España;;;;;Castro Fdez O.;;;;1;3;;Caja moho 3;;;Tiene moho;;
BOS-HYM-N02175;Apidae;Bombus pratorum;24/10/1989;Luarca;Valdés;Asturias;España;;;;;Clara Fdez Ochoa;Clara Fdez Ochoa;;;2;7;;7.10;;;;;
BOS-HYM-N02176;Apidae;Bombus cullumanus;09/08/1980;La Mostayal;Aramo;Asturias;España;Falda de La Mostayal;;;Hembra;A. Bode;A. Bode;;;1;3;;Caja moho 3;;;Tiene moho;Bombus sylvarum;
BOS-HYM-N02177;Apidae;Bombus pratorum;14/05/1994;Tiñana;Siero;Asturias;España;;;;;E. Rosal Fraga;E. Rosal Fraga;;;2;7;;7.10;;;;;
BOS-HYM-N02178;Apidae;Bombus pratorum;_/04/1994;Barrio El Monte (Pervera);Carreño;Asturias;España;;;;;David Martínez Fdez;David Martínez Fdez;;;2;7;;7.10;;;;;
BOS-HYM-N02179;Apidae;Bombus pratorum;08/07/1989;S. Antolín de Ibias;Ibias;Asturias;España;Zarza;;;;L. Valle;;;;2;7;;7.10;;;;;
BOS-HYM-N02180;Apidae;Bombus pratorum;10/05/1986;La Central (El Entrego);San Martín del Rey Aurelio;Asturias;España;;;;;Roberto Fdez Argüelles;Esther Orviz;;;2;7;;7.10;;;;;
BOS-HYM-N02181;Apidae;Bombus pascuorum;10/10/1989;Ceares (Gijón);Gijón;Asturias;España;;;;;;;;;2;7;;7.11;;;;;
BOS-HYM-N02182;Apidae;Bombus muscorum;11/10/1989;Ceares (Gijón);Gijón;Asturias;España;;;;;;;;;2;7;;7.11;;;;;
BOS-HYM-N02183;Apidae;Bombus pascuorum/muscorum;10/07/1989;S. Antolín de Ibias;Ibias;Asturias;España;Río;;;;L. Valle;;;;2;7;;7.11;;;;;
BOS-HYM-N02184;Apidae;Bombus muscorum;11/10/1989;Pruvia;Llanera;Asturias;España;;;;;L. Valle;;;;2;7;;7.11;;;;;
BOS-HYM-N02185;Apidae;Bombus pascuorum/muscorum;11/10/1989;Pruvia;Llanera;Asturias;España;;;;;L. Valle;;;;2;7;;7.11;;;;;
BOS-HYM-N02186;Apidae;Bombus muscorum;11/10/1989;Pruvia;Llanera;Asturias;España;;;;;L. Valle;;;;2;7;;7.11;;;;;
BOS-HYM-N02187;Apidae;Bombus muscorum;12/10/1989;Pruvia;Llanera;Asturias;España;;;;;L. Valle;;;;2;7;;7.11;;;;;
BOS-HYM-N02188;Apidae;Bombus pascuorum/muscorum;29/09/1989;Pruvia;Llanera;Asturias;España;Brezal;;;;L. Valle;;;;2;7;;7.11;;;;;
BOS-HYM-N02189;Apidae;Bombus pascuorum;29/09/1989;Pruvia;Llanera;Asturias;España;Brezal;;;;L. Valle;;;;2;7;;7.11;;;;;
BOS-HYM-N02190;Apidae;;30/09/1989;Pruvia;Llanera;Asturias;España;Brezal;;;;L. Valle;;;;2;7;;7.11;;;;;
BOS-HYM-N02191;Apidae;Bombus pascuorum/muscorum;29/09/1989;Pruvia;Llanera;Asturias;España;Brezal;;;;L. Valle;;;;2;7;;7.11;;;;;
BOS-HYM-N02192;Apidae;Bombus muscorum;29/09/1989;Pruvia;Llanera;Asturias;España;Brezal;;;;L. Valle;;;;2;7;;7.11;;;;;
BOS-HYM-N02193;Apidae;;29/09/1989;Pruvia;Llanera;Asturias;España;Brezal;;;;L. Valle;;;;2;7;;7.11;;;;;
BOS-HYM-N02194;Apidae;;29/09/1989;Pruvia;Llanera;Asturias;España;Brezal;;;;L. Valle;;;;2;7;;7.11;;;;;
BOS-HYM-N02195;Apidae;Bombus pascuorum;29/09/1989;Pruvia;Llanera;Asturias;España;Brezal;;;;L. Valle;;;;2;7;;7.11;;;;;
BOS-HYM-N02196;Apidae;Bombus pascuorum;29/09/1989;Pruvia;Llanera;Asturias;España;Brezal;;;;L. Valle;;;;2;7;;7.11;;;;;
BOS-HYM-N02197;Apidae;Bombus muscorum;29/09/1989;Pruvia;Llanera;Asturias;España;Brezal;;;;L. Valle;;;;2;7;;7.11;;;;;
BOS-HYM-N02198;Apidae;Bombus pascuorum/muscorum;29/09/1989;Pruvia;Llanera;Asturias;España;Brezal;;;;L. Valle;;;;2;7;;7.11;;;;;
BOS-HYM-N02199;Apidae;Bombus pascuorum/muscorum;29/09/1989;Pruvia;Llanera;Asturias;España;Brezal;;;;L. Valle;;;;2;7;;7.11;;;;;
BOS-HYM-N02200;Apidae;Bombus pascuorum/muscorum;29/09/1989;Pruvia;Llanera;Asturias;España;Brezal;;;;L. Valle;;;;2;7;;7.11;;;;;
BOS-HYM-N02201;Apidae;Bombus pascuorum/muscorum;29/09/1989;Pruvia;Llanera;Asturias;España;Brezal;;;;L. Valle;;;;2;7;;7.11;;;;;
BOS-HYM-N02202;Apidae;Bombus pascuorum/muscorum;29/09/1989;Pruvia;Llanera;Asturias;España;Brezal;;;;L. Valle;;;;2;7;;7.11;;;;;
BOS-HYM-N02203;Apidae;Bombus pascuorum/muscorum;29/09/1989;Pruvia;Llanera;Asturias;España;Brezal;;;;L. Valle;;;;2;7;;7.11;;;;;
BOS-HYM-N02204;Apidae;Bombus pascuorum;29/09/1989;Pruvia;Llanera;Asturias;España;Brezal;;;;L. Valle;;;;2;7;;7.11;;;;;
BOS-HYM-N02205;Apidae;Bombus pascuorum;29/09/1989;Pruvia;Llanera;Asturias;España;Brezal;;;;L. Valle;;;;2;7;;7.11;;;;;
BOS-HYM-N02206;Apidae;Bombus pascuorum/muscorum;29/09/1989;Pruvia;Llanera;Asturias;España;Brezal;;;;L. Valle;;;;2;7;;7.11;;;;;
BOS-HYM-N02207;Apidae;Bombus pascuorum;29/09/1989;Pruvia;Llanera;Asturias;España;Brezal;;;;L. Valle;;;;2;7;;7.11;;;;;
BOS-HYM-N02208;Apidae;Bombus pascuorum;29/09/1989;Pruvia;Llanera;Asturias;España;Brezal;;;;L. Valle;;;;2;7;;7.11;;;;;
BOS-HYM-N02209;Apidae;Bombus sp.;29/09/1989;Pruvia;Llanera;Asturias;España;Brezal;;;;L. Valle;;;;2;7;;7.11;;;;;
BOS-HYM-N02210;Apidae;Bombus pascuorum;29/09/1989;Pruvia;Llanera;Asturias;España;Brezal;;;;L. Valle;;;;2;7;;7.11;;;;;
BOS-HYM-N02211;Apidae;Bombus pascuorum;29/09/1989;Pruvia;Llanera;Asturias;España;Brezal;;;;L. Valle;;;;2;7;;7.11;;;;;
BOS-HYM-N02212;Apidae;Bombus pascuorum;29/09/1989;Pruvia;Llanera;Asturias;España;Brezal;;;;L. Valle;;;;2;7;;7.11;;;;;
BOS-HYM-N02213;Apidae;Bombus pascuorum;29/09/1989;Pruvia;Llanera;Asturias;España;Brezal;;;;L. Valle;;;;2;7;;7.11;;;;;
BOS-HYM-N02214;Apidae;Bombus pascuorum/muscorum;29/09/1989;Pruvia;Llanera;Asturias;España;Brezal;;;;L. Valle;;;;2;7;;7.11;;;;;
BOS-HYM-N02215;Apidae;Bombus pascuorum;29/09/1989;Pruvia;Llanera;Asturias;España;Brezal;;;;L. Valle;;;;2;7;;7.11;;;;;
BOS-HYM-N02216;Apidae;Bombus pascuorum/muscorum;29/09/1989;Pruvia;Llanera;Asturias;España;Brezal;;;;L. Valle;;;;2;7;;7.11;;;;;
BOS-HYM-N02217;Apidae;Bombus pascuorum/muscorum;29/09/1989;Pruvia;Llanera;Asturias;España;Brezal;;;;L. Valle;;;;2;7;;7.11;;;;;
BOS-HYM-N02218;Apidae;Bombus pascuorum;29/09/1989;Pruvia;Llanera;Asturias;España;Brezal;;;;L. Valle;;;;2;7;;7.11;;;;;
BOS-HYM-N02219;Apidae;Bombus pascuorum/muscorum;29/09/1989;Pruvia;Llanera;Asturias;España;Brezal;;;;L. Valle;;;;2;7;;7.11;;;;;
BOS-HYM-N02220;Apidae;Bombus muscorum;29/09/1989;Pruvia;Llanera;Asturias;España;Brezal;;;;L. Valle;;;;2;7;;7.11;;;;;
BOS-HYM-N02221;Apidae;Bombus pascuorum;29/09/1989;Pruvia;Llanera;Asturias;España;Brezal;;;;L. Valle;;;;2;7;;7.11;;;;;
BOS-HYM-N02222;Apidae;Bombus pascuorum/muscorum;29/09/1989;Pruvia;Llanera;Asturias;España;Brezal;;;;L. Valle;;;;2;7;;7.11;;;;;
BOS-HYM-N02223;Apidae;Bombus muscorum;29/09/1989;Pruvia;Llanera;Asturias;España;Brezal;;;;L. Valle;;;;2;7;;7.11;;;;;
BOS-HYM-N02224;Apidae;Bombus pascuorum;29/09/1989;Pruvia;Llanera;Asturias;España;Brezal;;;;L. Valle;;;;2;7;;7.11;;;;;
BOS-HYM-N02225;Apidae;Bombus pascuorum/muscorum;29/09/1989;Pruvia;Llanera;Asturias;España;Brezal;;;;L. Valle;;;;2;7;;7.11;;;;;
BOS-HYM-N02226;Apidae;Bombus pascuorum/muscorum;29/09/1989;Pruvia;Llanera;Asturias;España;Brezal;;;;L. Valle;;;;2;7;;7.11;;;;;
BOS-HYM-N02227;Apidae;Bombus muscorum;29/09/1989;Pruvia;Llanera;Asturias;España;Brezal;;;;L. Valle;;;;2;7;;7.11;;;;;
BOS-HYM-N02228;Apidae;Bombus muscorum;29/09/1989;Pruvia;Llanera;Asturias;España;Brezal;;;;L. Valle;;;;2;7;;7.11;;;;;
BOS-HYM-N02229;Apidae;Bombus pascuorum;29/09/1989;Pruvia;Llanera;Asturias;España;Brezal;;;;L. Valle;;;;2;7;;7.11;;;;;
BOS-HYM-N02230;Apidae;Bombus pascuorum/muscorum;29/08/1983;La Candamia (León);León;León;España;;;;;Mª A. Pardo Álvarez;Mª A. Pardo Álvarez;;;2;7;;7.12;;;;Bombus sylvarum;
BOS-HYM-N02231;Apidae;Bombus pascuorum/muscorum;07/05/1987;El Cristo (Oviedo);Oviedo;Asturias;España;En prado;;;;Nerea Urizar;Nerea Urizar;;;2;7;;7.12;;;;Hymenoptera;
BOS-HYM-N02232;Apidae;Bombus pascuorum/muscorum;12/05/1986;Pola de Siero;Siero;Asturias;España;;;;;A. Palacios González;A. Palacios González;;;2;7;;7.12;;;;Hymenoptera;
BOS-HYM-N02233;Apidae;Bombus muscorum;17/05/1987;Oviedo;Oviedo;Asturias;España;Prado;;;;José A. Rguez Fdez;José A. Rguez Fdez;;;2;7;;7.12;;;;Bombus sylvarum;
BOS-HYM-N02234;Apidae;Bombus pascuorum/muscorum;17/05/1987;Lugo de Llanera;Llanera;Asturias;España;En prado: sobre flor;;;;M. Bongera;M. Bongera;;;2;7;;7.12;;;;Bombus ;
BOS-HYM-N02235;Apidae;Bombus pascuorum/muscorum;_/05/1987;Gijón;Gijón;Asturias;España;;;;;Mª Elena Leiguarde B.;Mª Elena Leiguarde B.;;;2;7;;7.12;;;;;
BOS-HYM-N02236;Apidae;Bombus muscorum;15/05/1987;Fuente La Plata;;;España;;;;;Mª José Ruiz de A.;Mª José Ruiz de A.;;;2;7;;7.12;;;;Himenóptero;
BOS-HYM-N02237;Apidae;Bombus pascuorum/muscorum;02/05/1987;San Antolín de Ibias;Ibias;Asturias;España;Prado;;;;Yolanda Colubi;Yolanda Colubi;;;2;7;;7.12;;;;Himenópteros;
BOS-HYM-N02238;Apidae;Bombus pascuorum/muscorum;18/04/1987;Mones (Luarca);Valdés;Asturias;España;En una mata de Lamiáceas;400 m;;;R. Cernuda;R. Cernuda;;;2;7;;7.12;;;;Himenóptera;
BOS-HYM-N02239;Apidae;Bombus pascuorum/muscorum;04/09/1987;Mareo (Gijón);Gijón;Asturias;España;;;;;Pablo Presa;Pablo Presa;;;2;7;;7.12;;;;Apoidea;
BOS-HYM-N02240;Apidae;Bombus muscorum;30/10/1986;Alto de la Cobertoira;Quirós;Asturias;España;;;;;Carmen R. Oleaga;Carmen R. Oleaga;;;2;7;;7.12;;;;Bombus variabilis;
BOS-HYM-N02241;Apidae;Bombus pascuorum/muscorum;05/08/1987;Zamora;Zamora;Zamora;España;;;;;J. M. Feital;J. M. Feital;;;2;7;;7.12;;;;Bombus agrorum;
BOS-HYM-N02242;Apidae;Bombus distinguendus;23/03/1986;Muros del Nalón;Muros del Nalón;Asturias;España;Terrestre;;;;Mª Salud Rodríguez;Mª Salud Rodríguez;;;2;7;;7.12;;;;Himenóptero;
BOS-HYM-N02243;Apidae;Bombus pascuorum/muscorum;07/05/1987;Sta Marina;;;España;Monte;;;;M. Arbesú;M. Arbesú;;;2;7;;7.12;;;;Bombus agrorum;
BOS-HYM-N02244;Apidae;Bombus pascuorum/muscorum;18/04/1987;Luarca;Valdés;Asturias;España;;;;;J. M. Santaeufemia;José Zulaica Beryortx;;;2;7;;7.12;;;;Bombus agrorum;
BOS-HYM-N02245;Apidae;Bombus muscorum;11/05/1986;Concejo de Corias;;Asturias;España;Prado;;;;Ana Pereda;Ana Pereda;;;2;7;;7.12;;;;Bombus;
BOS-HYM-N02246;Apidae;Bombus muscorum;24/04/1986;Oviedo;Oviedo;Asturias;España;;300 m;;;Mª Dolores Fernández;Mª Eugenia Tionad.;;;2;7;;7.12;;;;Himenópteros;
BOS-HYM-N02247;Apidae;Bombus muscorum;15/05/1986;Naranco (Oviedo);Oviedo;Asturias;España;;;;;Isabel Feito;Isabel Feito;;;2;7;;7.12;;;;Himenóptero;
BOS-HYM-N02248;Apidae;Bombus pascuorum/muscorum;20/05/1986;Tolivia;Laviana;Asturias;España;;;;;M. Mar García;;;;2;7;;7.12;;;;Himenópteros;
BOS-HYM-N02249;Apidae;Bombus muscorum;;Tiraña;Laviana;Asturias;España;;;;;Montserrat Méndez;Montserrat Méndez;;;2;7;;7.12;;;;Himenóptero;
BOS-HYM-N02250;Apidae;Bombus muscorum;;Tiraña;Laviana;Asturias;España;;;;;Montserrat Méndez;Montserrat Méndez;;;2;7;;7.12;;;;Himenóptero;
BOS-HYM-N02251;Apidae;Bombus pascuorum/muscorum;01/04/1986;Prado Itxumendi (Gorla);Bergara;Guipúzcoa;España;;;;;E. Martínez Granada;E. Martínez Granada;;;2;7;;7.12;;;;;
BOS-HYM-N02252;Apidae;Bombus pascuorum/muscorum;01/05/1986;Bembibre;Bembibre;León;España;;;;;Sofía Cubero;Sofía Cubero;;;2;7;;7.12;;;;Himenóptero;
BOS-HYM-N02253;Apidae;Bombus pascuorum/muscorum;;Quirós (cerca del embalse);Quirós;Asturias;España;Cerca de embalse;;;;Cristina R. Cabello;Cristina R. Cabello;;;1;3;;Caja moho 3;;;Exc. Facultad. Tiene moho;Bombus cognatus;
BOS-HYM-N02254;Apidae;Bombus pascuorum/muscorum;_/08/1981;Xivares;;Asturias;España;Prado;;;;Susana Junquera;Susana Junquera;;;2;7;;7.12;;;;Bombus agrorum;
BOS-HYM-N02255;Apidae;Bombus pascuorum/muscorum;15/05/1982;Tarna;C. de Caso;Asturias;España;Matorral;;;;B. Prieto Fdez;B. Prieto Fdez;;;2;7;;7.12;;;;Himenópteros;
BOS-HYM-N02256;Apidae;Bombus pascuorum;10/04/1988;Cabuérniga;Cabuérniga;Cantabria;España;;;;;Olivia Pradicles;Olivia Pradicles;;;2;7;;7.12;;;;Bombus cognatus;
BOS-HYM-N02257;Apidae;Bombus pascuorum/muscorum;10/05/1988;Poo de Llanes;Llanes;Asturias;España;;;;;R. M. García;R. M. García;;;2;7;;7.12;;;;Bombus cognatus;
BOS-HYM-N02258;Apidae;Bombus distinguendus;12/06/1988;El estanco (Deva);Gijón;Asturias;España;;;;;R. García Piquero;M. J. Lara;;;2;7;;7.12;;;;Bombus sylvarum;
BOS-HYM-N02259;Apidae;Bombus pascuorum/muscorum;05/06/1986;Fuente La Plata;;;España;Pastizal;;;;Nacho Leiva Moreno;;;;2;7;;7.12;;;;;
BOS-HYM-N02260;Apidae;Bombus pascuorum/muscorum;08/08/1983;Villaviciosa;;;España;;;;;M. Acevedo;;;;2;7;;7.12;;;;;
BOS-HYM-N02261;Apidae;Bombus pascuorum/muscorum;_/05/1986;Corias;Pravia;Asturias;España;Campo;;;;Ana Mª González;;;;2;7;;7.12;;;;;
BOS-HYM-N02262;Apidae;Bombus muscorum;;Molleo;Pola de Siero;Asturias;España;;;;;Hortensia Fdez Castro;Hortensia Fdez Castro;;;2;7;;7.12;;;Tiene una garrapata en el abdomen;Hymenoptero;
BOS-HYM-N02263;Apidae;Bombus pascuorum/muscorum;_/05/1987;Fuso de la Reina;;;España;;200 m;14 h pm;;Mª Elena B. S.;Mª Elena B. S.;;;2;7;;7.12;;;;Bombus;
BOS-HYM-N02264;Apidae;Bombus muscorum;24705/1987;El Condado;;Asturias;España;;320 m;;;D. Alonso Rodríguez;D. Alonso Rodríguez;;;2;7;;7.12;;;;Hymenoptera;
BOS-HYM-N02265;Apidae;Bombus muscorum;10/05/1987;Rodiles;Quirós;Asturias;España;;;;;José Alfredo A. M.;Clara Álvarez G.;;;2;7;;7.12;;;;Himenópteros;
BOS-HYM-N02266;Apidae;Bombus pascuorum/muscorum;31/05/1987;Providencia;;;España;;;;;Mª Carmen Quijano;Mª Carmen Quijano;;;2;7;;7.12;;;;Bombus;
BOS-HYM-N02267;Apidae;Bombus pascuorum/muscorum;04/05/1986;Valsera;Las Regueras;Asturias;España;En pastizal;200 m;;;P. Glez-Quirós;P. Glez-Quirós;;;2;7;;7.12;;;;Bombus agrorum;
BOS-HYM-N02268;Apidae;Bombus muscorum;20/07/1985;Llanera;Llanera;Asturias;España;;;;;Elena Ayarza;;;;2;7;;7.12;;;;;
BOS-HYM-N02269;Apidae;Bombus pascuorum;09/03/1975;Deva ;;;España;;;;;Alfredo Fdez Braña;Anadón Quero;;;2;7;;7.12;;;;Bombus variabilis?;
BOS-HYM-N02270;Apidae;Bombus pascuorum/muscorum;07/08/1976;Trubia;Oviedo;Asturias;España;Bosque;;;;P. Ciscar;;;;2;7;;7.12;;;;;
BOS-HYM-N02271;Apidae;Bombus pascuorum/muscorum;30/05/1978;Las Caldas;;Asturias;España;Prado;;17 h;;Mª Jesús Álvarez;;;;2;7;;7.12;;;;;
BOS-HYM-N02272;Apidae;Bombus pascuorum;04/08/1986;Renedo de Piélagos;Piélagos;Asturias;España;Cerca del río;;;;Beatriz Marcos;Beatriz Marcos;;;2;7;;7.12;;;;Himenóptero;
BOS-HYM-N02273;Apidae;Bombus muscorum;_/07/1986;Lamuño;Cudillero;Asturias;España;Jardín;;;;J. M. Rico Ordás;J. M. Rico Ordás;;;2;7;;7.12;;;;Bombus variabilis;
BOS-HYM-N02274;Apidae;Bombus pascuorum;07/08/1988;Balmoi;Llanes;Asturias;España;;;;;José Manuel Fdez Mtnz;José Manuel Fdez Mtnz;;;2;7;;7.12;;;;Bombus agrorum;
BOS-HYM-N02275;Apidae;;05/08/1987;Zamora;Zamora;Zamora;España;;;;;J. M. Feital;J. M. Feital;;;2;7;;7.12;;;;;
BOS-HYM-N02276;Apidae;Bombus muscorum;19/09/1990;Deva ;Gijón;Asturias;España;;;;;E. Celada Castañón;E. Celada Castañón;;;2;7;;7.12;;;;Bombus cognatus;
BOS-HYM-N02277;Apidae;;;Candanchú;Aísa;Huesca;España;;;;;Javier Rodríguez;;;;1;3;;Caja moho 3;;;Tiene moho;;
BOS-HYM-N02278;Apidae;Bombus pascuorum/muscorum;28/05/1982;Cabueñes ;;Asturias;España;;;;;Javier Muñiz;Javier Muñiz;;;1;3;;Caja moho 3;;;Tiene moho;Himenópteros;
BOS-HYM-N02279;Apidae;Bombus muscorum;22/05/1986;S. Miguel de Quiloña;Castrillón;Asturias;España;;;;;Javier García;;;;2;7;;7.12;;;;;
BOS-HYM-N02280;Apidae;;28/05/1982;Carbajal;;León;España;;;;;M. C. Gutiérrez;M. C. Gutiérrez;;;1;3;;Caja moho 3;;;Tiene moho;Apidae;
BOS-HYM-N02281;Apidae;;07/09/1981;Carbajal;;León;España;;;;;M. C. Gutiérrez;;;;2;7;;7.12;;;;;
BOS-HYM-N02282;Apidae;;15/05/1978;Las Caldas;;Asturias;España;Prado;;;;J. Mª Gutiérrez;;;;2;7;;7.12;;;;;
BOS-HYM-N02283;Apidae;Bombus muscorum;02/05/1981;Luarca;Valdés;Asturias;España;;;;;A. Durán;Asunción Durán;;;2;7;;7.12;;;;Himenópteros;
BOS-HYM-N02284;Apidae;Bombus distinguendus;22/03/1981;S. Esteban de Molleda;Corvera;Asturias;España;Prado;;16:20 h;;J. A. Carbajal Alba;J. A. Carbajal Alba;;;2;7;;7.12;;;;Bombus hypnorum;
BOS-HYM-N02285;Apidae;Bombus distinguendus;30/03/1987;Trasona;Corvera;Asturias;España;Hierba alta;30 m;16 h;;G. C. Barril Granda;G. C. Barril Granda;;;2;7;;7.12;;;;;
BOS-HYM-N02286;Apidae;Bombus pascuorum/muscorum;27/10/1983;Bobes;Siero;Asturias;España;;;;;Adela Martínez;Adela Martínez;;;2;7;;7.12;;;;Himenóptero;
BOS-HYM-N02287;Apidae;Bombus pascuorum/muscorum;14/04/1981;Mayau Solís;Langreo;Asturias;España;En flor;;;;Ladis del Río;;;;2;7;;7.12;;;;;
BOS-HYM-N02288;Apidae;Bombus muscorum;03/05/1982;Isla;Colunga;Asturias;España;;;;;H. Caballero;H. Caballero;;;2;7;;7.12;;;;Bombus variabilis;
BOS-HYM-N02289;Apidae;Bombus sp.;20/07/1982;Sedano;Valle de Sedano;Burgos;España;;;;;M. J. Adrián;;;;1;3;;Caja moho 3;;;Tiene moho;;
BOS-HYM-N02290;Apidae;Bombus pascuorum;14/04/1984;Mayau Solís;Langreo;Asturias;España;En flor;;;;Ladis del Río;;;;1;3;;Caja moho 3;;;Tiene moho;;
BOS-HYM-N02291;Apidae;Bombus pascuorum/muscorum;07/07/1983;Escalante;Escalante;Cantabria;España;En flores, huerta;;;;David Haya de la Sierra;David Haya de la Sierra;;;2;7;;7.12;;;;Bombus variabilis;
BOS-HYM-N02292;Apidae;Bombus pascuorum/muscorum;28/05/1982;Somio;Gijón;Asturias;España;En un matorral;;;;Cristina Rguez;Cristina Rguez;;;1;3;;Caja moho 3;;;Tiene moho;Himenóptero;
BOS-HYM-N02293;Apidae;;31/05/1986;Nubledo;Corvera;Asturias;España;En prado;110 m;;;J. Martín Morales;J. Martín Morales;;;2;7;;7.12;;;;Himenópteros;
BOS-HYM-N02294;Apidae;;10/10/1985;Silvota;;Asturias;España;;;;;Sergio Solano;;;;2;7;;7.12;;;;;
BOS-HYM-N02295;Apidae;Bombus muscorum;_/05/1986;Agones;Pravia;Asturias;España;Flor de día;20 m;;;J. J. Ferreira;;;;2;7;;7.12;;;;;
BOS-HYM-N02296;Apidae;Bombus muscorum;28/07/1983;Rodiles;Villaviciosa;Asturias;España;Prado;;;;Paloma Silva;;;;2;7;;7.12;;;;;
BOS-HYM-N02297;Apidae;;;Ruta del Alba;Sobrescobio;Asturias;España;;;;;Charo M. Farpon;Charo M. Farpon;;;2;7;;7.12;;;;Bombus cognatus;
BOS-HYM-N02298;Apidae;Bombus sp.;04/07/1989;La Campa;;;España;;;10:30 h;;;;;;2;7;;7.12;;;;;
BOS-HYM-N02299;Apidae;Anthophora bimaculata;12/05/1991;Edesa de Montija;Merindad de Montija;Burgos;España;;;;;C. Hierro;B. Baranda;;;2;7;;7.12;;;;;
BOS-HYM-N02300;Apidae;Bombus muscorum;30/07/1983;Ajuyán (Brañes);Oviedo;Asturias;España;;;;;Charo M. Farpon;Charo M. Farpon;;;2;7;;7.12;;;;Bombus cognatus;
BOS-HYM-N02301;Apidae;Bombus pascuorum;02/06/1991;La Isla;Colunga;Asturias;España;;;;;Rafael G.-Quirós Fdez;Rafael G.-Quirós Fdez;;;2;7;;7.12;;;;Bombus pratorum;
BOS-HYM-N02302;Apidae;Bombus distinguendus;05/08/1990;La Providencia;;;España;;;;;Celestino Glez;Celestino Glez;;;2;7;;7.12;;;;Psithyrus barbatellus;
BOS-HYM-N02303;Apidae;Bombus muscorum;09/07/1983;S. Martín de Huerces;Gijón;Asturias;España;;;;;Higinio Bernardo;Higinio Bernardo;;;1;3;;Caja moho 3;;;Tiene moho;Bombus hypnorum;
BOS-HYM-N02304;Apidae;Bombus muscorum;01/05/1978;Perlora;;Asturias;España;Playa;;12 h;;Consuelo Díaz;;;;2;7;;7.12;;;;;
BOS-HYM-N02305;Apidae;Bombus muscorum;_/07/1972;Panjón;Nigrán;Pontevedra;España;;;;;R. Anadón;;;;2;7;;7.12;;;;;
BOS-HYM-N02306;Apidae;Bombus sp.;03/05/1974;Magdalena;;;;;;;;Paz Nicolás;;;;2;7;;7.12;;;;;
BOS-HYM-N02307;Apidae;Bombus muscorum;05/06/1987;Arroes;Villaviciosa;Asturias;España;Ribera;60 m;;;Fco Javier Pérez B.;Fco Javier Pérez B.;;;2;7;;7.12;;;;Himenópteros;
BOS-HYM-N02308;Apidae;Bombus pascuorum/muscorum;05/07/1986;Ondárroa;Ondárroa;Vizcaya;España;;;;;José Zulaica Bonjoetxea;José Zulaica Bonjoetxea;;;2;7;;7.12;;;;Bombus variabilis;
BOS-HYM-N02309;Apidae;Andrena fulva;03/06/1980;Villarejo;Mieres;Asturias;España;Flor;;18 h;;A. Martínez Barrero;A. Martínez Barrero;;;2;7;;7.12;;;;Andrena arcuata;
BOS-HYM-N02310;Apidae;Bombus muscorum;22/05/1983;Naranco (Oviedo);Oviedo;Asturias;España;;;;;;;;;2;7;;7.12;;;Foto Miguel Fungul;Himenópteros;
BOS-HYM-N02311;Apidae;Bombus muscorum;28/05/1978;La Miranda;;Asturias;España;Prado;;;;Rosa Mª Álvarez Menéndez;;;;2;7;;7.12;;;;;
BOS-HYM-N02312;Apidae;Bombus muscorum;17/05/1986;Corias;;Asturias;España;Pradera;;;;G. Echezarreta;G. Echezarreta;;;2;7;;7.12;;;;Bombus;
BOS-HYM-N02313;Apidae;Bombus muscorum;_/10/1980;Oviedo;Oviedo;Asturias;España;;;;;J. A. Pons A.;J. A. Pons A.;;;2;7;;7.12;;;;Apidae;
BOS-HYM-N02314;Apidae;Bombus muscorum;10/05/1975;Bañugues;Gozón;Asturias;España;;;;;I. Carlos Rendueles;;;;2;7;;7.12;;;;;
BOS-HYM-N02315;Apidae;Bombus muscorum;30/05/1987;Riosa;Riosa;Asturias;España;Prado;;;;Sánchez Castro L.;Sánchez Castro L.;;;2;7;;7.13;;;Nº 5;Himenóptero;
BOS-HYM-N02316;Apidae;Psithyrus sp. ?;01/11/1988;Oviedo;Oviedo;Asturias;España;;;;;Jorge González;Jorge González;;;2;7;;7.13;;;Nº 4;;
BOS-HYM-N02317;Apidae;Bombus pascuorum/muscorum;09/05/1987;Ceares (Gijón);Gijón;Asturias;España;Sobre flor;;;;Jesús G. Durán;Jesús G. Durán;;;2;7;;7.13;;;Nº 3;Bombus cognatus;
BOS-HYM-N02318;Apidae;Bombus pascuorum/muscorum;22/05/1987;Naranco (Oviedo);Oviedo;Asturias;España;Colegio ;400 m;11 h;;A. Ron Fdez;A. Ron Fdez;;;2;7;;7.13;;;Nº 2;Himenópteros;
BOS-HYM-N02319;Apidae;Bombus pascuorum/muscorum;13/08/1982;La Alberca;La Alberca;Salamanca;España;Sobre flor;;;;H. Caballero;H. Caballero;;;2;7;;7.13;;;Nº 1;Bombus hypnorum;
BOS-HYM-N02320;Apidae;Bombus pascuorum/muscorum;19/04/1984;S. Justo;Villaviciosa;Asturias;España;;;;;Mª A. Pardo Álvarez;Mª A. Pardo Álvarez;;;2;7;;7.13;;;Nº 6;Bombus sylvarum;
BOS-HYM-N02321;Apidae;Bombus pascuorum/muscorum;;Corias;Pravia;Asturias;España;;;;;M. A. Álvarez y N. Anadón;M. A. Álvarez y N. Anadón;;;2;7;;7.13;;;Nº 7;Bombus variabilis;
BOS-HYM-N02322;Apidae;Bombus pascuorum/muscorum;18/05/1983;Caces;Oviedo;Asturias;España;;;;;M. de Miguel A.;M. de Miguel A.;;;2;7;;7.13;;;Nº 8;Himenópteros;
BOS-HYM-N02323;Apidae;Bombus muscorum;08/05/1989;Ponferrada;Ponferrada;León;España;;;;;Claudia Martínez;Claudia Martínez;;;2;7;;7.13;;;Nº 9;Bombus cognatus;
BOS-HYM-N02324;Apidae;Bombus pascuorum/muscorum;30/04/1979;Noreña;Noreña;Asturias;España;Matorral;;;;M. P. Miyares;;;;2;7;;7.13;;;Nº 10;;
BOS-HYM-N02325;Apidae;Bombus pascuorum/muscorum;01/06/1986;Boñar;Boñar;León;España;;;;;P. Rguez Pérez;P. Rguez Pérez;;;2;7;;7.13;;;Nº 11;Bombus agrorum;
BOS-HYM-N02326;Apidae;Bombus pascuorum/muscorum;07/04/1987;Oviedo;Oviedo;Asturias;España;Pradera, sobre una compuesta;;;;Flor Rodríguez;Flor Rodríguez Fdez;;;2;7;;7.13;;;Nº 12;Bombus variabilis;
BOS-HYM-N02327;Apidae;Bombus pascuorum/muscorum;11/05/1986;Rioseco;Sobrescobio;Asturias;España;;;;;C. Pérez Antolín;C. Pérez Antolín;;;2;7;;7.13;;;Nº 13;Bombus variabilis;
BOS-HYM-N02328;Apidae;Bombus pascuorum/muscorum;10/05/1986;La Central (El Entrego);;Asturias;España;;;;;Roberto Fdez Argüelles;Esther Orviz;;;2;7;;7.13;;;Nº 14;Bombus agrorum;
BOS-HYM-N02329;Apidae;Bombus pascuorum/muscorum;18/08/1975;León;León;León;España;;;;;A. Quero-A. Anadón;;;;2;7;;7.13;;;4. Nº 15;Bombus agrorum;
BOS-HYM-N02330;Apidae;Bombus pascuorum;02/05/1989;Oviedo;Oviedo;Asturias;España;;;;Macho;Jorge González;Luis Valle;;;2;7;;7.13;;;Nº 17;Bombus pratorum;
BOS-HYM-N02331;Apidae;Bombus cullumanus;05/03/1989;Lekeitio;Lekeitio;Vizcaya;España;;;;Macho;Ana Abio;Ana Abio;Luis Valle;;2;7;;7.13;;;Nº 18;Bombus pratorum;Bombus pratorum
BOS-HYM-N02332;Apidae;Bombus pascuorum;01/05/1978;El Pelame;Avilés;Asturias;España;Bosque eucalipto;131 m;;Macho;;Luis Valle;;;2;7;;7.13;;;Nº 16;Bombus pratorum;
BOS-HYM-N02333;Apidae;Bombus pascuorum;30/05/1987;Mieres;Mieres;Asturias;España;;;;Macho;B. Pérez Grrez;B. Pérez Grrez;Luis Valle;;2;7;;7.13;;;Nº 20;Apoidea;Bombus pratorum
BOS-HYM-N02334;Apidae;Bombus sylvarum;02/05/1989;Oviedo;Oviedo;Asturias;España;;;;Macho;Idoia Villate;Idoia Villate;Luis Valle;;2;7;;7.13;;;Nº 19;Bombus variabilis;Bombus pratorum
BOS-HYM-N02335;Apidae;Bombus ruderatus;10/05/1983;Naranco (Oviedo);Oviedo;Asturias;España;;;;;Laura M.;Laura M.;;;2;7;;7.13;;;Nº 16;Apoideos;
BOS-HYM-N02336;Apidae;Bombus lucorum/terrestris;31/03/1983;Llanes;Llanes;Asturias;España;Prado;;;;Gregorio Valiente;Gregorio Valiente;;;2;7;;7.13;;;Nº 25;Bombus;
BOS-HYM-N02337;Apidae;Bombus magnus;03/08/1980;Terrazas;Salas de los Infantes;Burgos;España;Sobre Anthidium major;;;;Javier Mtnz Beng;Javier Mtnz Beng;;;2;7;;7.13;;;Nº 10;Bombus sp.;
BOS-HYM-N02338;Apidae;Psithyrus campestris;06/07/1980;Pto de la Cubilla;;;España;;;;;R. Anadón;Sco Vasco;;;2;7;;7.13;;;;Psithyrus rupestris;
BOS-HYM-N02339;Apidae;Bombus lucorum;21/05/1983;Las Xanas;Proaza;Asturias;España;Sobre flor;;;Macho;M. C. Reguera Rguez;Luis Valle;;;2;7;;7.13;;;;;
BOS-HYM-N02340;Apidae;Bombus hortorum;04/06/1983;Gijón;Gijón;Asturias;España;En un prado;;;Hembra;Consuelo A. Claudio;Luis Valle;;;2;7;;7.13;;;;;
BOS-HYM-N02341;Apidae;Bombus hortorum;31/05/1983;Llanes;Llanes;Asturias;España;;;;;Gregorio Valiente;Luis Valle;;;2;7;;7.13;;;;;
BOS-HYM-N02342;Apidae;Bombus lucorum;09/05/1980;Salinas;Salinas;Asturias;España;Prado;;;;Begoña Aguirre;;;;1;3;;Caja moho 3;;;Nº 19. Tiene moho;;
BOS-HYM-N02343;Apidae;Bombus sylvarum;_/04/1983;Penagos;Penagos;Cantabria;España;Prados;;;Macho;J. de la Hoz;Luis Valle;;;2;7;;7.13;;;;Bombus pratorum;
BOS-HYM-N02344;Apidae;Bombus terrestris;15/05/1979;Naranco (Oviedo);Oviedo;Asturias;España;;400 m;;Hembra;Juan A. Martín;Luis Valle;;;2;7;;7.13;;;;;
BOS-HYM-N02345;Apidae;Bombus sylvarum;21/05/1983;Las Xanas;Proaza;Asturias;España;Sobre flor;;;;M. C. Reguera Rguez;M. C. Reguera Rguez;;;2;7;;7.13;;;Nº 7;Himenópteros;Bombus pratorum
BOS-HYM-N02346;Apidae;Bombus lapidarius;26/07/1982;Bergara;Bergara;Guipúzcoa;España;;;;;Mª Jesús Arrayago;J. Ramón García;Luis Valle;;1;3;;Caja moho 3;;;Nº 24. Tiene moho;Bombus lapidarius;Bombus lapidarius
BOS-HYM-N02347;Apidae;Bombus lapidarius;29/05/1980;Pico Polio;Mieres;Asturias;España;;;;;R. Ordás;;;;2;7;;7.13;;;Nº 30;;
BOS-HYM-N02348;Apidae;Bombus hortorum;20/07/1983;Oville;Boñar;León;España;;;;;A. Barahona;A. Barahona;;;2;7;;7.13;;;Nº 14;Bombus hortorum;Bombus ruderatus subsp. bolivari
BOS-HYM-N02349;Apidae;Bombus hortorum;10/05/1981;Tineo;Tineo;Asturias;España;Sobre flor;;;;E. Paredes;;;;2;7;;7.13;;;Nº 21;;
BOS-HYM-N02350;Apidae;Bombus sp.;28/04/1983;Las Caldas;;;España;;;;;Elvira Bernardo Franco;Elvira Bernardo Franco;;;2;7;;7.13;;;Nº 13;Bombus lucorum;
BOS-HYM-N02351;Apidae;Bombus hortorum;02/05/1981;La Isla ;Colunga;Asturias;España;Matorral en zona encharcada;;;;Joaquín Ángel Vallina Gil;;;;2;7;;7.13;;;Nº 15;;Bombus ruderatus
BOS-HYM-N02352;Apidae;;24/04/1975;Naranco (Oviedo);Oviedo;Asturias;España;;;;;J. A. Guijarro;;;;2;7;;7.13;;;Nº 29;;
BOS-HYM-N02353;Apidae;Bombus hortorum/ruderatus;08/07/1979;Salamanca;Salamanca;Salamanca;España;;;;;José F. García;José F. García;;;2;7;;7.13;;;Nº 31;Bombus sp.;
BOS-HYM-N02354;Apidae;Bombus terrestris;_/05/1983;Penagos;Penagos;Cantabria;España;Prados;;;;J. de la Hoz;J. Hoz;;;2;7;;7.13;;;Nº 20;Apoideos;
BOS-HYM-N02355;Apidae;Bombus terrestris/lucorum;32/08/1980;Villanueva de Arosa;Villanueva de Arosa;Pontevedra;España;Sobre un cristal;;;;E. Pérez García;;;;2;7;;7.13;;;Nº 21;Bombus lucorum;
BOS-HYM-N02356;Apidae;Bombus terrestris;05/04/1980;Gijón;Gijón;Asturias;España;;;;;Belén Rabanal;;;;2;7;;7.13;;;Nº 22;;
BOS-HYM-N02357;Apidae;Bombus terrestris;05/04/1981;Grado;Grado;Asturias;España;;;;;Isabel Fdez García;;;;2;7;;7.13;;;Nº 32;Himenópteros;
BOS-HYM-N02358;Apidae;Bombus terrestris;05/06/1983;Cruz de Illas;Castrillón;Asturias;España;;;;;M. P. Rodríguez;M. P. Rodríguez;;;2;7;;7.13;;;Nº 18;Himenóptero;
BOS-HYM-N02359;Apidae;Bombus lucorum;16/05/1982;La Pereda;Llanes;Asturias;España;Sobre flor;;;;L. Carrera;L. Carrera;;;2;7;;7.13;;;Nº 17;;
BOS-HYM-N02360;Apidae;Bombus lucorum;07/04/1981;Selorio;Villaviciosa;Asturias;España;Pradera;;;;F. Reguero;F. Reguero;;;2;7;;7.13;;;Nº 11. Hay otra etiqueta tachada con los siguientes datos: El Pardo (Madrid) 3-4-1980 C. Blanco;Bombus lucorum;Bombus magnus
BOS-HYM-N02361;Apidae;Bombus lucorum;04/08/1981;Selorio;Villaviciosa;Asturias;España;Pradera;;;;;;;;2;7;;7.13;;;Nº 12. Hay una etiqueta tachada que dice: Bombus lucorum C. Blanco;Bombus sp.;Bombus magnus
BOS-HYM-N02362;Apidae;Apis mellifera;25/05/1983;Pola de Lena;Lena;Asturias;España;;;;;P. G. Campomanes;P. G. Campomanes;;;2;7;;7.14;;;;Dípteros;
BOS-HYM-N02363;Apidae;Apis mellifera;08/05/1983;Naranco (Oviedo);Oviedo;Asturias;España;;300 m;;;A. Riol Diego;A. Riol Diego;;;2;7;;7.14;;;;Himenóptero;
BOS-HYM-N02364;Apidae;Apis mellifera;27/05/1983;Oviedo;Oviedo;Asturias;España;;;;;J. García-Oliva;;;;1;3;;Caja moho 3;;;Tiene moho;Himenópteros;
BOS-HYM-N02365;Apidae;Apis mellifera;08/06/1983;Cabueñes ;Gijón;Asturias;España;;;;;Elvira Bernardo Franco;Elvira Bernardo Franco;;;2;7;;7.14;;;;Himenópteros;
BOS-HYM-N02366;Apidae;Apis mellifera;25/10/1989;Villar (Luarca);Valdés;Asturias;España;;;;;Mª Jesús Fdez;Mª Jesús Fdez;;;2;7;;7.14;;;;Andrena sp.;
BOS-HYM-N02367;Apidae;Apis mellifera;03/06/1983;La Venta (Luarca);Valdés;Asturias;España;;;;;Fco García Suárez;Fco García Suárez;;;1;3;;Caja moho 3;;;Tiene moho;Himenópteros;
BOS-HYM-N02368;Apidae;Apis mellifera;22/05/1983;Naranco (Oviedo);Oviedo;Asturias;España;;;;;F. Miguel Fanjul;;;;2;7;;7.14;;;;Himenópteros;
BOS-HYM-N02369;Apidae;Apis mellifera;28/09/1979;Batuecas;La Alberca;Salamanca;España;;;;;O. Hernández;Orencio H. P.;;;2;7;;7.14;;;;Apis mellifica;
BOS-HYM-N02370;Apidae;Apis mellifera;06/05/1982;Parque -Gijón;Gijón;Asturias;España;Parque;;;;I. Pomar Amillo;I. Pomar Amillo;;;1;3;;Caja moho 3;;;Tiene moho;Himenóptero;
BOS-HYM-N02371;Apidae;Apis mellifera;21/03/2008;Pereda;Mieres;Asturias;España;Pradera;;;;M. F. Velasco;M. F. Velasco;;;2;7;;7.14;;;;Osmia fluviatilis;
BOS-HYM-N02372;Apidae;Apis mellifera;08/05/1983;Mieres;Mieres;Asturias;España;;;;;C. Díez-Sala;C. Díez-Sala;;;2;7;;7.14;;;;;
BOS-HYM-N02373;Apidae;Apis mellifera;10/06/1983;Mieres;Mieres;Asturias;España;;;;;Generosa Álvarez;Generosa Álvarez;;;1;3;;Caja moho 3;;;Tiene moho;;
BOS-HYM-N02374;Apidae;Apis mellifera;12/07/1977;Vargas;Puente Viesgo;Asturias;España;;;;;Orencio H. Palacios;Orencio H. Palacios;;;2;7;;7.14;;;;Megachila sp.;
BOS-HYM-N02375;Apidae;Apis mellifera;20/05/1982;Gijón;Gijón;Asturias;España;Campo de siega;;;;Luis I. Martín Lorenzo;;;;2;7;;7.14;;;;;
BOS-HYM-N02376;Apidae;Apis sp.;24/08/1991;Sueve;Colunga;Asturias;España;Pradera;;;;F. Reguero;;;;2;7;;7.14;;;;;
BOS-HYM-N02377;Apidae;Apis sp.;07/05/1983;Samalea;Piloña;Asturias;España;Alrededor de colmena;250 m;;;M. Álvarez Romo;M. Álvarez Romo;;;2;7;;7.14;;;;Himenóptero;
BOS-HYM-N02378;Apidae;Apis mellifera;12/09/1980;Llanera;Llanera;Asturias;España;;;;;Ana Quero;;;;2;7;;7.14;;;;;
BOS-HYM-N02379;Apidae;Apis mellifera;10/08/1991;Cabueñes ;Gijón;Asturias;España;Jardín;;;;Sergio Solano;;;;1;3;;Caja moho 3;;;Tiene moho;;
BOS-HYM-N02380;Apidae;Apis mellifera;29/03/1981;Corvera;Corvera;Asturias;España;Prado;;11:50 h;Hembra (reina);J. A. Carbajal Alba;J. A. Carbajal Alba;;;1;3;;Caja moho 3;;;42. 810329 Tiene moho;Apis mellifica;
BOS-HYM-N02381;Apidae;Apis mellifera;09/09/1981;Cabueñes ;Gijón;Asturias;España;Jardín;;;;Sergio Solano;;;;1;3;;Caja moho 3;;;Tiene moho;;
BOS-HYM-N02382;Apidae;Apis mellifera;10/07/1982;Sedano;Valle de Sedano;Burgos;España;;;;;M. J. Adrián;;;;1;3;;Caja moho 3;;;Tiene moho;;
BOS-HYM-N02383;Apidae;Apis mellifera;02/04/1984;La Manjoya;Oviedo;Asturias;España;;;;;Adela Martínez;Adela Martínez;;;1;3;;Caja moho 3;;;Tiene moho;;
BOS-HYM-N02384;Apidae;Apis mellifera;14/04/1984;Mayau Solís;Langreo;Asturias;España;En flor;;;;Ladis del Río;;;;1;3;;Caja moho 3;;;Tiene moho;;
BOS-HYM-N02385;Apidae;Apis mellifera;14/04/1984;Mayau Solís;Langreo;Asturias;España;En flor;;;;Ladis del Río;;;;1;3;;Caja moho 3;;;Tiene moho;;
BOS-HYM-N02386;Apidae;Apis mellifera;14/04/1984;Mayau Solís;Langreo;Asturias;España;En flor;;;;Ladis del Río;;;;1;3;;Caja moho 3;;;Tiene moho;;
BOS-HYM-N02387;Apidae;Apis mellifera;06/06/1983;Arriondas;;Asturias;España;;;;;L. Muñíz;;;;1;3;;Caja moho 3;;;Tiene moho;;
BOS-HYM-N02388;Apidae;Apis mellifera;23/04/1984;Las Mestas;Llanes;Asturias;España;Sobre una flor;;;;L. Carrera;;;;1;3;;Caja moho 3;;;Tiene moho;;
BOS-HYM-N02389;Apidae;Apis mellifera;14/04/1984;Mayau Solís;Langreo;Asturias;España;En flor;;;;Ladis del Río;;;;1;3;;Caja moho 3;;;Tiene moho;;
BOS-HYM-N02390;Apidae;Apis mellifera;15/04/1984;Mayau Solís;Langreo;Asturias;España;En flor;;;;Ladis del Río;;;;2;7;;7.14;;;;;
BOS-HYM-N02391;Apidae;Apis mellifera;21/04/1984;El Carbayu;Langreo;Asturias;España;Prado;;;;Ladis del Río;;;;1;3;;Caja moho 3;;;Tiene moho;;
BOS-HYM-N02392;Apidae;Apis mellifera;13/06/1983;Bañugues;Gozón;Asturias;España;;;;;A. Barahona;A. Barahona;;;2;7;;7.14;;;;Apis mellifica;
BOS-HYM-N02393;Apidae;Apis mellifera;11/05/1980;S. Pedro de Luiña;Cudillero;Asturias;España;Playa;;;;J. Adeba Vallina;J. Adeba Vallina;;;2;7;;7.14;;;;Apoideos;
BOS-HYM-N02394;Apidae;Apis mellifera;30/05/1983;Naranco (Oviedo);Oviedo;Asturias;España;Sobre Brassica;;;;R. de la Peña;R. de la Peña;;;1;3;;Caja moho 3;;;Tiene moho;Díptero;
BOS-HYM-N02395;Apidae;Apis mellifera;27/04/1980;Latores;Oviedo;Asturias;España;Sobre Lamiaceae;300 m;13 h;;G. J. Jardón;Gilberto J. Jardón;;;2;7;;7.14;;;;Apis mellifica;
BOS-HYM-N02396;Apidae;Apis sp.;07/06/1981;Ballota;Cudillero;Asturias;España;Jardín;;;;Antonieta Feites;Antonieta Feites;;;2;7;;7.14;;;;;
BOS-HYM-N02397;Apidae;Apis mellifera;23/03/1980;La Veguina;Salas;Asturias;España;Prado;;15 h;;Mª Elena Díaz S.;Mª Elena Díaz S.;;;2;7;;7.14;;;;;
BOS-HYM-N02398;Apidae;Apis mellifera;16/06/1980;Villarejo;Mieres;Asturias;España;Sobre flor;;13 h;;A. Mtnz Barrero;A. Mtnz Barrero;;;2;7;;7.14;;;;;
BOS-HYM-N02399;Apidae;Apis mellifera;25/05/1980;Naranco (Oviedo);Oviedo;Asturias;España;;;;;J. A. Blanco;J. A. Blanco;;;2;7;;7.14;;;;Anthophora pillipes;
BOS-HYM-N02400;Apidae;Apis mellifera;11/04/1980;Luanco;Gozón;Asturias;España;;;;;Luisa García;Luisa García;;;2;7;;7.14;;;;Himenóptera;
BOS-HYM-N02401;Apidae;Apis mellifera;25/05/1980;Deva ;Gijón;Asturias;España;Prado;;17 h;;Mª José Álvarez;;;;2;7;;7.14;;;;Himenóptero;
BOS-HYM-N02402;Apidae;Apis mellifera;29/05/1980;Ricaba;Quirós;Asturias;España;Enjambre;;16 h;;Ana Viejo;Ana Viejo;;;2;7;;7.14;;;;Himenóptero;
BOS-HYM-N02403;Apidae;Apis mellifera;_/04/1980;Naranco (Oviedo);Oviedo;Asturias;España;;;;;Juan R. Villazón;Juan R. Villazón;;;2;7;;7.14;;;Volando;Himenópteros;
BOS-HYM-N02404;Apidae;Apis mellifera;04/06/1983;Gijón;Gijón;Asturias;España;Borde de carretera;;;;A. Anadón;;;;2;7;;7.14;;;;;
BOS-HYM-N02405;Apidae;Apis mellifera;27/05/1980;Trubia;Oviedo;Asturias;España;Prado;;12 h;;Rosario Fdez;;;;2;7;;7.14;;;;Himenóptero;
BOS-HYM-N02406;Apidae;Apis mellifera;28/05/1980;Heros;Avilés;Asturias;España;Sobre flor;100 m;;;Luis M. Quirós;Luis M. Quirós;;;2;7;;7.14;;;;Himenópteros;
BOS-HYM-N02407;Apidae;Apis mellifera;18/05/1980;Gijón;Gijón;Asturias;España;;;;;Beatriz Infiesta;;;;2;7;;7.14;;;;;
BOS-HYM-N02408;Apidae;Apis mellifera;22/05/1980;Avilés;Avilés;Asturias;España;;;;;;;;;2;7;;7.14;;;;Himenóptero. Avispa;
BOS-HYM-N02409;Apidae;Apis mellifera;01/11/1989;Trobia;;;España;Borde carretera. En el suelo;;;Hembra;Fernando Cardesin;Fernando Cardesin;;;2;7;;7.14;;;;;
BOS-HYM-N02410;Apidae;Apis mellifera;_/11/1989;Villar;Valdés;Asturias;España;;;;;Ángeles Lauriño;Ángeles Lauriño;;;1;3;;Caja moho 3;;;Tiene moho;;
BOS-HYM-N02411;Apidae;Apis mellifera;25/05/1981;Polígono de Silvota;Llanera;Asturias;España;Entre Iris pseudoacorus;;;;;;;;2;7;;7.14;;;;Apidae;
BOS-HYM-N02412;Apidae;Apis mellifera;28/05/1980;Naranco (Oviedo);Oviedo;Asturias;España;;;;;I. Rasines;;;;2;7;;7.14;;;;;
BOS-HYM-N02413;Apidae;Apis mellifera;27/08/1989;Marrón;Ampuero;Cantabria;España;;;;;Diego Alvarado;Diego Alvarado;;;2;7;;7.14;;;;;
BOS-HYM-N02414;Apidae;Apis mellifera;13/04/1990;Villamanín;Villamanín;León;España;;;;;J. M. Cigarra;J. Cigarra;;;2;7;;7.14;;;;;
BOS-HYM-N02415;Apidae;Apis mellifera;10/06/1990;Oviedo;Oviedo;Asturias;España;;;;;J. Riera;J. Riera;;;2;7;;7.14;;;;Apis mellifica;
BOS-HYM-N02416;Apidae;Apis mellifera;21/08/1989;Avilés;Avilés;Asturias;España;;;;;Gonzalo Rguez;Gonzalo Rguez;;;2;7;;7.14;;;;Apis mellifica;
BOS-HYM-N02417;Apidae;Apis mellifera;26/05/1980;Onís;Onís;Asturias;España;;;15 h;;Lydia Muñiz;;;;2;7;;7.14;;;;;
BOS-HYM-N02418;Apidae;Apis mellifera;15/07/1988;S. Pedro (Soto de Luiña);Cudillero;Asturias;España;;;;;Nieves Egocheaga;Nieves Egocheaga;;;2;7;;7.14;;;;Apis mellifica;
BOS-HYM-N02419;Apidae;Apis mellifera;15/05/1980;Sierra del Sueve;;Asturias;España;;;;;E. Ferreras;;;;2;7;;7.14;;;;;
BOS-HYM-N02420;Apidae;Apis mellifera;17/05/1980;Grado;Grado;Asturias;España;Sobre planta;;;;B. M. Miranda;A. Anadón-A. Quero;;;2;7;;7.14;;;;Apis mellifica;
BOS-HYM-N02421;Apidae;Apis mellifera;16/05/1990;Parque de invierno (Oviedo);Oviedo;Asturias;España;;;;;Gemma Llaneza;Gemma Llaneza;;;2;7;;7.14;;;;;
BOS-HYM-N02422;Apidae;Apis mellifera;15/06/1990;La Toba (Avilés);Avilés;Asturias;España;;;;;Carlos J. Fco;Carlos J. Fco;;;2;7;;7.14;;;;;
BOS-HYM-N02423;Apidae;Apis mellifera;16/03/1988;Carbajal;;León;España;;;;;Pellitero;Pellitero;;;2;7;;7.14;;;;;
BOS-HYM-N02424;Apidae;Apis mellifera;17/06/1990;Parque invierno (Oviedo);Oviedo;Asturias;España;;;;;Clara Fdez Ochoa;Clara Fdez Ochoa;;;2;7;;7.14;;;;Apis mellifica;
BOS-HYM-N02425;Apidae;Apis mellifera;16/03/1988;Carbajal;;León;España;;;;;Quintana;Quintana;;;2;7;;7.14;;;;;
BOS-HYM-N02426;Apidae;Apis mellifera;18/04/1994;Zurita;;Cantabria;España;;;;;Laura Alonso;Patricia Alonso;;;2;7;;7.14;;;;Apis mellifica;
BOS-HYM-N02427;Apidae;Apis mellifera;02/06/1994;Oviedo;Oviedo;Asturias;España;;;;;Blanca Glez;Blanca Glez;;;2;7;;7.14;;;;Apis mellifica;
BOS-HYM-N02428;Apidae;Apis mellifera;28/07/1994;Verdicio;Gozón;Asturias;España;;;;;Begoña Galán Suárez;Begoña Galán Suárez;;;2;7;;7.14;;;;Apis mellifica;
BOS-HYM-N02429;Apidae;Apis mellifera;17/11/1993;Allariz;Allariz;Orense;España;;;;;Alberto López;Alberto López;;;2;7;;7.14;;;;Apis mellifica;
BOS-HYM-N02430;Apidae;Apis mellifera;24/03/1994;Tiñana;Siero;Asturias;España;;;;;Ana Benito;Ana Benito;;;2;7;;7.14;;;;;
BOS-HYM-N02431;Apidae;Apis mellifera;19/08/1993;La Barraca-Riaño;Langreo;Asturias;España;;;;;A. Noval;A. Noval;;;2;7;;7.14;;;;;
BOS-HYM-N02432;Apidae;Apis mellifera;12/07/1992;Arnao;Castrillón;Asturias;España;;;;;Ricardo R. Fdez;Ricardo R. Fdez;;;2;7;;7.14;;;;;
BOS-HYM-N02433;Apidae;Apis mellifera;08/05/1994;Peón;Villaviciosa;Asturias;España;;;;;Carmela Menéndez;Carmela Menéndez;;;2;7;;7.14;;;;;
BOS-HYM-N02434;Apidae;Apis mellifera;15/08/1993;Sama de Langreo;Langreo;Asturias;España;;;;;Pablo Prado Aller;Pablo Prado Aller;;;2;7;;7.14;;;;Apis mellifica;
BOS-HYM-N02435;Apidae;Apis mellifera;_/10/1989;Luarca?;Valdés;Asturias;España;;;;;A. Busto;;;;2;7;;7.14;;;;;
BOS-HYM-N02436;Apidae;Apis mellifera;_/05/1994;Fuenterrabía;Fuenterrabía;Guipúzcoa;España;;;;;Mª Jesús Eceiza;Mª Jesús Eceiza;;;2;7;;7.14;;;;Andrena pilipeus;
BOS-HYM-N02437;Apidae;Apis mellifera;11/11/1992;Oviedo;Oviedo;Asturias;España;;;;;Magdalena Sanz;Magdalena Sanz;;;2;7;;7.14;;;;Apis mellifica;
BOS-HYM-N02438;Apidae;Apis mellifera;04/11/1992;Leitariegos;;;España;;;;;M. Manzaneque;M. Manzaneque;;;2;7;;7.14;;;;;
BOS-HYM-N02439;Apidae;Apis mellifera;05/05/1993;Mareo (Gijón);Gijón;Asturias;España;;;;;Sonia Glez;Sonia Glez;;;2;7;;7.14;;;;;
BOS-HYM-N02440;Apidae;Andrena sp.;Primavera 1991;Madrid;Madrid;Madrid;España;;;;;B. Arroyo;;;;2;7;;7.14;;;;Anthophora vulpina;
BOS-HYM-N02441;Apidae;Apis mellifera;_/10/1992;León;León;León;España;Cogida en una colmena;;;;Juan José Castro;;;;1;3;;Caja moho 3;;;Tiene moho;;
BOS-HYM-N02442;Apidae;Apis mellifera;13/09/1992;Villar ;Hermandad de Campoo de Suso;Cantabria;España;;;;;M. Gatón;M. Gatón;;;2;7;;7.14;;;;;
BOS-HYM-N02443;Apidae;Apis mellifera;18/05/1991;La Carbayeda;Gijón;Asturias;España;;;;;B. Baranda;B. Baranda;;;2;7;;7.14;;;;;
BOS-HYM-N02444;Apidae;Apis mellifera;21/03/1990;Gijón;Gijón;Asturias;España;;;;;Ana Otegui;Ana Otegui;;;2;7;;7.14;;;;;
BOS-HYM-N02445;Apidae;Apis mellifera;06/08/1990;Pola de Lena (Valle El Peral);Lena;Asturias;España;Sobre zarzas;;;;Susana L. Acevedo;Susana Acevedo;;;2;7;;7.14;;;;;
BOS-HYM-N02446;Apidae;Apis mellifera;28/05/1992;Liaño de Villaescusa;Villaescusa;Cantabria;España;;;;;J. L. Herrero;Ana Pérez;;;1;3;;Caja moho 3;;;Tiene moho;;
BOS-HYM-N02447;Apidae;Apis mellifera;15/04/1993;Oviedo;Oviedo;Asturias;España;;;;;Ángeles Mtez;Ángeles Mtez;;;2;7;;7.14;;;;Apidae;
BOS-HYM-N02448;Apidae;Apis mellifera;_/11/1992;Tineo;Tineo;Asturias;España;;;;;Carmen Mdez;Elvira García;;;1;3;;Caja moho 3;;;Tiene moho;;
BOS-HYM-N02449;Apidae;Apis mellifera;28/05/1991;Oviedo;Oviedo;Asturias;España;Casa;;;;Loren Pérez Melero;Loren Pérez Melero;;;1;3;;Caja moho 3;;;Tiene moho;Apis mellifica;
BOS-HYM-N02450;Apidae;Apis mellifera;25/05/1978;;;Cantabria;España;Costa;;;;L. Polidura;;;;1;3;;Caja moho 3;;;Tiene moho;;
BOS-HYM-N02451;Apidae;Eucera sp.;15/05/1991;Somio;Gijón;Asturias;España;Jardín;;;;M. A. Paredes;M. A. Paredes;;;2;7;;7.14;;;;Osmia aurulenta;
BOS-HYM-N02452;Apidae;Apis mellifera;Primavera 1991;Madrid;Madrid;Madrid;España;;;;;B. Arroyo;;;;2;7;;7.14;;;;Apis mellifica;
BOS-HYM-N02453;Apidae;Apis mellifera;06/07/1988;Villandio (Turón);Mieres;Asturias;España;;30 m;;;M. A. Díaz Díaz;M. A. Díaz Díaz;;;2;7;;7.14;;;;;
BOS-HYM-N02454;Apidae;Apis mellifera;10/07/1992;Pillarno;Castrillón;Asturias;España;;;;;R. Julia Rguez;R. Julia Rguez;;;2;7;;7.14;;;;;
BOS-HYM-N02455;Apidae;Apis mellifera;14/06/1992;Blimea;San Martín del Rey Aurelio;Asturias;España;Prado de Siega;;;Hembra (obrera);L. M. Alonso Cuetos;L. M. Alonso Cuetos;;;2;7;;7.14;;;;;
BOS-HYM-N02456;Apidae;Apis mellifera;16/08/1988;Meaño;Meaño;Pontevedra;España;Sobre Fragaria;;;;R. Trabazo;R. Trabazo;;;2;7;;7.14;;;;;
BOS-HYM-N02457;Apidae;Apis mellifera;30/04/1992;Luarca;Valdés;Asturias;España;;;;Hembra;A. Fdez-Ojanguren;A. Fdez-Ojanguren;;;2;7;;7.14;;;;;
BOS-HYM-N02458;Apidae;Apis mellifera;31/08/1993;La Pisa;Velilla RC;Palencia;España;;;;;Santiago Álvarez;Ana C. Álvarez;;;2;7;;7.14;;;;;
BOS-HYM-N02459;Apidae;Apis mellifera;30/05/1993;Soto de Llanera (Pruvia);Llanera;Asturias;España;;;;;Pilar Uria Tejero;Pilar Uria Tejero;;;2;7;;7.14;;;;Apis mellifica;
BOS-HYM-N02460;Apidae;Apis mellifera;21/08/1993;Bedoya;Liébana;Cantabria;España;;;;Hembra (obrera);Ángela F. Roiz;Ángela F. Roiz;;;2;7;;7.14;;;;;
BOS-HYM-N02461;Apidae;Apis mellifera;28/05/1991;Miranda;Avilés;Asturias;España;;;;;G. Mutuberría Díaz;G. Mutuberría Díaz;;;2;7;;7.14;;;;;
BOS-HYM-N02462;Apidae;Apis mellifera;24/03/1994;Deva ;Gijón;Asturias;España;;;;;A. López Basteiro;A. López Basteiro;;;2;7;;7.14;;;;;
BOS-HYM-N02463;Apidae;Apis mellifera;15/05/1988;Poo de Llanes;Llanes;Asturias;España;;;;;M. José Ruiz de Arehovebl.;M. José Ruiz de Arehovebl.;;;2;7;;7.14;;;;;
BOS-HYM-N02464;Apidae;Apis mellifera;22/10/1991;Avín;Onís;Asturias;España;;;;;Fernando F. Cobos;;;;2;7;;7.14;;;;;
BOS-HYM-N02465;Apidae;Anthophora sp. ?;11/09/1992;Luanco;Gozón;Asturias;España;;;;;Fernando F. Cobos;;;;2;7;;7.14;;;;Osmia rufa;
BOS-HYM-N02466;Apidae;Apis mellifera;01/08/1993;Deva ;Gijón;Asturias;España;;;;;Antonio Fernández;Antonio Fernández;;;2;7;;7.14;;;;;
BOS-HYM-N02467;Apidae;Apis mellifera;16/04/1987;Gijón;Gijón;Asturias;España;;;;;L. López Herrero;;;;2;7;;7.14;;;;;
BOS-HYM-N02468;Apidae;Apis mellifera;01/08/1988;Cerbón;Cerbón;Soria;España;Colmenar;;;Hembra (obrera);Juan Carlos Ruiz;Juan Carlos Ruiz;;;2;7;;7.14;;;;;
BOS-HYM-N02469;Apidae;Apis mellifera;22/10/1990;Villar (Luarca);Valdés;Asturias;España;;;;;Diana Cifuentes;Diana Cifuentes;;;2;7;;7.14;;;;Apis mellifica;
BOS-HYM-N02470;Apidae;Apis mellifera;04/09/1983;Salinas;Salinas;Asturias;España;Pinar;0 m;;;M. Murciego R.;;;;2;7;;7.14;;;;;
BOS-HYM-N02471;Apidae;Apis mellifera;13/06/1992;Avilés;Avilés;Asturias;España;;;;;Sara R. Fdez Fdez;Sara R. Fdez Fdez;;;2;7;;7.14;;;;;
BOS-HYM-N02472;Apidae;Apis mellifera;13/07/1991;Avilés;Avilés;Asturias;España;;;;;Violeta García;Violeta García;;;2;7;;7.14;;;;;
BOS-HYM-N02473;Apidae;Apis mellifera;21/07/1988;La Llera-Urbies;;Asturias;España;;;;;Carmen de Miguel;Carmen de Miguel;;;2;7;;7.14;;;;Apis mellifica;
BOS-HYM-N02474;Apidae;Apis mellifera;24/06/1978;Fuso de la Reina;;Asturias;España;;;;;A. Méndez;;;;2;7;;7.14;;;;;
BOS-HYM-N02475;Apidae;Apis mellifera;28/08/1991;S. Antolín de Ibias;Ibias;Asturias;España;;;;;Luis Valle;Luis Valle;;;2;7;;7.14;;;;Apis mellifica;
BOS-HYM-N02476;Apidae;Apis mellifera;07/06/1987;Gijón;Gijón;Asturias;España;;;;;Alfredo Díaz;Alfredo Díaz;;;2;7;;7.14;;;;;
BOS-HYM-N02477;Apidae;Apis mellifera;31/08/1990;Germonde;Valdés;Asturias;España;;;;;J. Ramón Glez Glez;;;;2;7;;7.14;;;;;
BOS-HYM-N02478;Apidae;Apis mellifera;12/04/1987;La Felguera;;Asturias;España;Sobre prado;;;;Mª Cruz Suárez;Mª Cruz Suárez;;;2;7;;7.14;;;;;
BOS-HYM-N02479;Apidae;Apis mellifera;11/05/1988;Poo de Llanes;Llanes;Asturias;España;;;;;Nerea Urizar;Nerea Urizar;;;2;7;;7.14;;;;;
BOS-HYM-N02480;Apidae;Apis mellifera;29/04/1992;Luarca;Valdés;Asturias;España;;;;;M. Menéndez Artime;M. Menéndez Artime;;;2;7;;7.14;;;Volando;;
BOS-HYM-N02481;Apidae;Apis mellifera;08/08/1990;Villaviciosa (Les Callejes);Villaviciosa;Asturias;España;Sobre zarzas;;;;Susana Acevedo;Susana Acevedo;;;2;7;;7.14;;;;;
BOS-HYM-N02482;Apidae;Apis mellifera;_/07/1976;Mijares;Santillana del Mar;Cantabria;España;;;;Macho;Ángel Mújica B.;;;;2;7;;7.14;;;;;
BOS-HYM-N02483;Apidae;Apis mellifera;01/08/1988;Cerbón;Cerbón;Soria;España;Colmenar;;;Hembra;Juan Carlos Ruiz;Juan Carlos Ruiz;;;2;7;;7.14;;;;;
BOS-HYM-N02484;Apidae;Apis mellifera;28/08/1992;Corralinos;Pravia;Asturias;España;;;;;Luz Mª Rguez;Luz Mª Rguez;;;2;7;;7.14;;;;Hoplitis spinulosa;
BOS-HYM-N02485;Apidae;Apis mellifera;14/04/1988;Donostia;Donostia;Guipúzcoa;España;Sobre una flor;50 m;;;A. Muigialdai;A. Muigialdai;;;2;7;;7.14;;;;;
BOS-HYM-N02486;Apidae;Apis mellifera;17/07/1990;San Marcial;Bergara;Guipúzcoa;España;;;;;N. Aperribai;N. Aperribai;;;2;7;;7.14;;;;;
BOS-HYM-N02487;Apidae;Apis mellifera;04/09/1992;Avilés;Avilés;Asturias;España;;;;;Yolanda Bongo M.;;;;2;7;;7.14;;;;;
BOS-HYM-N02488;Apidae;Apis mellifera;10/10/1985;Polígono de Silvota;Llanera;Asturias;España;;;;;Manuel A. Vega Menen.;Miguel Pérez Medina;;;2;7;;7.14;;;;;
BOS-HYM-N02489;Apidae;Apis mellifera;20/05/1982;León;León;León;España;Castaño;;;;Elena Suárez;;;;2;7;;7.15;;;;;
BOS-HYM-N02490;Apidae;Apis sp.;_/05/1982;La Manjoya;Oviedo;Asturias;España;;;;;Adela Martínez;;;;2;7;;7.15;;;;Himenópteros;
BOS-HYM-N02491;Apidae;Apis mellifera;03/05/1982;Molleda;Corvera;Asturias;España;Pradera;;;;Francisco García;;;;1;3;;Caja moho 3;;;Tiene moho;Himenópteros;
BOS-HYM-N02492;Apidae;Apis mellifera;_/08/?;Pamplona;Pamplona;Navarra;España;;;;;T. Zabalza;;;;2;7;;7.15;;;;Vespinos;
BOS-HYM-N02493;Apidae;Apis mellifera;07/06/1992;LAukariz;Mungia;Vizcaya;España;Casa;;18 h;;M. J. Saloña;M. J. Saloña;;;2;7;;7.15;;;;;
BOS-HYM-N02494;Apidae;Apis mellifera;10/04/1982;Gijón;Gijón;Asturias;España;Matorral;;;;I. Pomar;I. Pomar;;;2;7;;7.15;;;;Himenóptero;
BOS-HYM-N02495;Apidae;Apis mellifera;02/05/1982;El Remedio;Siero;Asturias;España;En un muro;;;;Elisa Fdez Glez;;;;2;7;;7.15;;;;;
BOS-HYM-N02496;Apidae;Apis mellifera;05/04/1982;El Montero;Gijón;Asturias;España;Borde de camino;;;;Ángel Díaz Mtnez;;;;2;7;;7.15;;;;Himenóptero;
BOS-HYM-N02497;Apidae;Apis mellifera;21/05/1982;Manjoya;Oviedo;Asturias;España;Pradera;;;;M. Elena Puiede;;;;2;7;;7.15;;;;Himenópteros;
BOS-HYM-N02498;Apidae;Apis mellifera;04/05/1982;Salas;Salas;Asturias;España;;;;;C. Martínez;C. Martínez;;;2;7;;7.15;;;;Himenópteros;
BOS-HYM-N02499;Apidae;Apis mellifera;30/04/1982;Oviedo;Oviedo;Asturias;España;Prado;;;;M. González;M. González;;;2;7;;7.15;;;;Himenóptero;
BOS-HYM-N02500;Apidae;Apis mellifera;18/06/1987;Naranco (Oviedo);Oviedo;Asturias;España;;;;;José Zulaica Benjod.;José Zulaica Benjod.;;;2;7;;7.15;;;;Apis mellifica;
BOS-HYM-N02501;Apidae;Apis mellifera;02/05/1986;Tolivia;Laviana;Asturias;España;;;;;M. Mar García;;;;2;7;;7.15;;;;Himenópteros;
BOS-HYM-N02502;Apidae;Apis mellifera;_/05/1986;Oviedo;Oviedo;Asturias;España;;;;;T. Sobrino;T. Sobrino;;;2;7;;7.15;;;;Himenópteros;
BOS-HYM-N02503;Apidae;Apis mellifera;15/05/1987;Granda;Gijón;Asturias;España;;;;;Pablo Presa;Pablo Presa;;;2;7;;7.15;;;;Apoidea;
BOS-HYM-N02504;Apidae;Apis mellifera;_/05/1986;Oviedo;Oviedo;Asturias;España;;;;;M. Arroyo;Javier Martín Torre;;;2;7;;7.15;;;;Himenópteros;
BOS-HYM-N02505;Apidae;Apis mellifera;12/03/1989;Oviedo;Oviedo;Asturias;España;;;;;Jorge González;Jorge González;;;2;7;;7.15;;;;Apis mellifica;
BOS-HYM-N02506;Apidae;Apis mellifera;31/05/1986;Fitoria;Oviedo;Asturias;España;;;;;Buenaventura Fdez F.;Buenaventura Fdez F.;;;2;7;;7.15;;;;Apis mellifica;
BOS-HYM-N02507;Apidae;Apis mellifera;07/08/1984;Verdiciu;Gozón;Asturias;España;;;;;C. Pérez Antolín;C. Pérez Antolín;;;1;3;;Caja moho 3;;;Tiene moho;;
BOS-HYM-N02508;Apidae;Apis mellifera;07/06/1986;Latores;Oviedo;Asturias;España;Prox. de carretera;;13 h;;G. Pérez Domingo;;;;2;7;;7.15;;;;;
BOS-HYM-N02509;Apidae;Apis mellifera;24/05/1986;Monteana;Gijón;Asturias;España;;;;;Carlos López G.;;;;2;7;;7.15;;;;;
BOS-HYM-N02510;Apidae;Apis mellifera;22/05/1986;San Esteban de las Cruces;Oviedo;Asturias;España;;;;;M. T. Fdez M.;M. T. Fdez M.;;;2;7;;7.15;;;;Díptero;
BOS-HYM-N02511;Apidae;Apis mellifera;31/05/1986;Nubledo;Corvera;Asturias;España;En prado;100 m;;;J. Martín Morales;J. Martín Morales;;;2;7;;7.15;;;;Himenópteros;
BOS-HYM-N02512;Apidae;Apis mellifera;07/06/1986;Sotrondio;San Martín del Rey Aurelio;Asturias;España;;;;;Severino González Rocas;Severino González Rocas;;;2;7;;7.15;;;;Himenópteros;
BOS-HYM-N02513;Apidae;Apis mellifera;18/05/1983;Corvera;Corvera;Asturias;España;;;;;Matilde de Ávila;;;;2;7;;7.15;;;;;
BOS-HYM-N02514;Apidae;Apis mellifera;01/04/1986;Prado Itxumendi (Gorla);Bergara;Guipúzcoa;España;;;;;E. Martínez Granada;;;;2;7;;7.15;;;;;
BOS-HYM-N02515;Apidae;Apis mellifera;17/05/1986;Concejo de Corias;;Asturias;España;Pradera;;;;Rosa Arroyo;;;;2;7;;7.15;;;;;
BOS-HYM-N02516;Apidae;Apis mellifera;_/04/1986;Oviedo;Oviedo;Asturias;España;;;;;J. Sobrino;;;;2;7;;7.15;;;;;
BOS-HYM-N02517;Apidae;Apis mellifera;01/06/1986;Caldones;Gijón;Asturias;España;;;;;M. Ruguero;;;;2;7;;7.15;;;;Himenóptero;
BOS-HYM-N02518;Apidae;Apis mellifera;_/05/1986;Corias;Pravia;Asturias;España;Campo;;;;Ana Mª González;;;;2;7;;7.15;;;;;
BOS-HYM-N02519;Apidae;Apis mellifera;09/06/1986;Pravia;Pravia;Asturias;España;;;;;Montserrat Méndez;;;;2;7;;7.15;;;;Himenóptero;
BOS-HYM-N02520;Apidae;Apis mellifera;09/06/1993;Viesques;Gijón;Asturias;España;;;;;Chernichero;Chernichero;;;2;7;;7.15;;;;Himenóptero;
BOS-HYM-N02521;Apidae;Apis mellifera;10/05/1986;Latores;Oviedo;Asturias;España;;;;;Manuel Naves;Manuel Naves;;;2;7;;7.15;;;;Himenópteros;
BOS-HYM-N02522;Apidae;Apis mellifera;19/02/1986;Rodiles;Villaviciosa;Asturias;España;Campo;;;;J. A. Pis;;;;2;7;;7.15;;;;Himenóptero;
BOS-HYM-N02523;Apidae;Apis mellifera;28/05/1983;C. Las Segadas;Oviedo;Asturias;España;;;;;I. Suárez Norella;;;;2;7;;7.15;;;;;
BOS-HYM-N02524;Apidae;Apis mellifera;12/08/1988;Renedo de Piélagos;Piélagos;Asturias;España;;;;;Beatriz Marcos;Beatriz Marcos;;;2;7;;7.15;;;;Apis mellifica;
BOS-HYM-N02525;Apidae;Apis mellifera;07/07/1985;El Cristo (Oviedo);Oviedo;Asturias;España;Prado;;;;José L. Suárez Fdez;José L. Suárez Fdez;;;2;7;;7.15;;;;;
BOS-HYM-N02526;Apidae;Apis mellifera;01/06/1986;P. Ferrera;Avilés;Asturias;España;;;;;Mª del Pilar Cires;;;;2;7;;7.15;;;;;
BOS-HYM-N02527;Apidae;Apis mellifera;10/06/1986;Vioño;Gozón;Asturias;España;;40 m;;;M. J. Calvo Glez;;;;2;7;;7.15;;;;;
BOS-HYM-N02528;Apidae;Apis mellifera;19/04/1984;S. Justo;Villaviciosa;Asturias;España;;;;;Mª A. Pardo Álvarez;Mª A. Pardo Álvarez;;;2;7;;7.15;;;;;
BOS-HYM-N02529;Apidae;Apis mellifera;01/06/1986;Gijón;Gijón;Asturias;España;;;;;F. Espadas de Castru;;;;2;7;;7.15;;;;;
BOS-HYM-N02530;Apidae;Apis mellifera;02/05/1986;Somió;Gijón;Asturias;España;;;;;V. Busto Martínez;;;;2;7;;7.15;;;;;
BOS-HYM-N02531;Apidae;Apis mellifera;30/11/1985;El Entrego;San Martín del Rey Aurelio;Asturias;España;;;;;Esther Orviz Glez;Esther Orviz Glez;;;2;7;;7.15;;;;Apis mellifica;
BOS-HYM-N02532;Apidae;Apis mellifera;28/04/1986;Luera;Avilés;Asturias;España;;;;;Isaac Antolín;;;;2;7;;7.15;;;;;
BOS-HYM-N02533;Apidae;Apis mellifera;01/05/1986;Urbanización de Perlora;Carreño;Asturias;España;;;;;Marta E. Cortés Fdez;;;;2;7;;7.15;;;;;
BOS-HYM-N02534;Apidae;Apis mellifera;01/06/1986;Monte Naranco;Oviedo;Asturias;España;;;;;;;;;2;7;;7.15;;;;;
BOS-HYM-N02535;Apidae;Apis mellifera;;Gijón;Gijón;Asturias;España;Prado;20 m;;;Mª Jesús Nieto;;;;2;7;;7.15;;;;;
BOS-HYM-N02536;Apidae;Apis mellifera;;Río Narcea;;Asturias;España;Zonas con flores y matorrales;;;;A. Sánchez García;;;;2;7;;7.15;;;;;
BOS-HYM-N02537;Apidae;Apis mellifera;30/05/1982;Oviedo;Oviedo;Asturias;España;;;;;Pilar Ruiz S.;Pilar Ruiz S.;;;1;3;;Caja moho 3;;;Tiene moho;Himenópteros;
BOS-HYM-N02538;Apidae;Apis mellifera;15/05/1982;Llanes;Llanes;Asturias;España;Zarzal;;;;Fco José Alonso;Fco José Alonso;;;2;7;;7.15;;;;Himenópteros;
BOS-HYM-N02539;Apidae;Apis mellifera;07/04/1982;Fene-El Ferrol;;La Coruña;España;;;;;;;;;2;7;;7.15;;;;Himenóptero;
BOS-HYM-N02540;Apidae;Apis mellifera;02/06/1982;Avilés;Avilés;Asturias;España;Jardín;;;;Rosa Hernando;;;;1;3;;Caja moho 3;;;Tiene moho;Apis mellifica;
BOS-HYM-N02541;Apidae;Apis mellifera;15/05/1982;Hevia;;Asturias;España;Sobre flor de manzano;350 m;18 h;;A. Fonseca;A. Fonseca;;;2;7;;7.15;;;;;
BOS-HYM-N02542;Apidae;Apis mellifera;_/05/1982;Oviedo;Oviedo;Asturias;España;;;;;Rita Fdez;Rita Fdez;;;1;3;;Caja moho 3;;;Tiene moho;Himenópteros;
BOS-HYM-N02543;Apidae;Apis mellifera;06/08/1982;Irede;;León;España;;;;;M. C. Gutiérrez;;;;2;7;;7.15;;;;;
BOS-HYM-N02544;Apidae;Apis mellifera;31/07/1981;Avilés;Avilés;Asturias;España;;;;;J. M. Torre;;;;2;7;;7.15;;;;;
BOS-HYM-N02545;Apidae;Apis mellifera;01/06/1982;Gijón;Gijón;Asturias;España;;;;;Mª Adela Fuertes;;;;1;3;;Caja moho 3;;;Tiene moho;;
BOS-HYM-N02546;Apidae;Apis mellifera;10/05/1982;Oviedo;Oviedo;Asturias;España;Puderal;;;;Carlos Aedo;Carlos Aedo;;;1;3;;Caja moho 3;;;Tiene moho;Himenóptero;
BOS-HYM-N02547;Apidae;Apis mellifera;01/07/1980;Monte Cerrau (Oviedo);Oviedo;Asturias;España;;;;;A. Bode;;;;1;3;;Caja moho 3;;;Tiene moho;;
BOS-HYM-N02548;Apidae;Apis mellifera;26/08/1982;LAukariz;Mungia;Vizcaya;España;Matorral;;15:30 h;;M. J. Saloña;;;;1;3;;Caja moho 3;;;Tiene moho;;
BOS-HYM-N02549;Apidae;Apis mellifera;15/05/1982;Casielles (Ciaño);;;;Pastizal;;;;Mª E. Coto Serna;Mª E. Coto Serna;;;1;3;;Caja moho 3;;;Tiene moho;Himenópteros;
BOS-HYM-N02550;Apidae;Apis mellifera;_/05/1982;Gijón;Gijón;Asturias;España;Prado;;;;Susana Junquera;;;;1;3;;Caja moho 3;;;Tiene moho;;
BOS-HYM-N02551;Apidae;Apis mellifera;10/06/1981;Perlosa (Seores);;;España;;;;;Gracia Fdez;Gracia Fdez;;;1;3;;Caja moho 3;;;Tiene moho;Himenópteros;
BOS-HYM-N02552;Apidae;Apis mellifera;04/05/1986;Muelles;;;España;Campo;;;;A. Bouso Yañez;;;;2;7;;7.15;;;;;
BOS-HYM-N02553;Apidae;Apis mellifera;01/05/1986;Manzaneda;Oviedo;Asturias;España;;;;;Teresa Glez Sanz;;;;2;7;;7.15;;;;;
BOS-HYM-N02554;Apidae;Apis mellifera;24/05/1986;Ortiguera;Coaña;Asturias;España;Campo;Nivel del mar;;;Mª Aurora García;;;;2;7;;7.15;;;;;
BOS-HYM-N02555;Apidae;Apis mellifera;28/04/1986;Oviedo;Oviedo;Asturias;España;;230 m;;;Mª Teresa Espina Brito;;;;2;7;;7.15;;;;;
BOS-HYM-N02556;Apidae;Apis mellifera;05/06/198;Avilés;Avilés;Asturias;España;Prado, sobre flores;0 m;;;M. L. Rodríguez G.;;;;2;7;;7.15;;;;;
BOS-HYM-N02557;Apidae;Apis mellifera;09/05/1988;Poo de Llanes;Llanes;Asturias;España;;;;;Olivia Gradilles;Olivia Gradilles;;;2;7;;7.15;;;;;
BOS-HYM-N02558;Apidae;Apis mellifera;12/06/1988;Quintes;Villaviciosa;Asturias;España;Matorrales;;;;J. M. Lara Santos;J. M. Lara;;;2;7;;7.15;;;;;
BOS-HYM-N02559;Apidae;Apis mellifera;14/06/1988;Naranco (Oviedo);Oviedo;Asturias;España;;;;Macho;Gemma E. P.;Gemma E. P.;;;2;7;;7.15;;;;Himenópteros;
BOS-HYM-N02560;Apidae;Apis mellifera;06/06/1987;Llanera;Llanera;Asturias;España;;;;;;;;;2;7;;7.15;;;;;
BOS-HYM-N02561;Apidae;Apis mellifera;15/05/1982;Gijón;Gijón;Asturias;España;Campo de Siega;;;;Luis I. Martín Lorenzo;;;;2;7;;7.15;;;;;
BOS-HYM-N02562;Apidae;Apis mellifera;29/05/1988;Fuente de la Plata;Oviedo;Asturias;España;;;;;Juan I. Leiva;Juan I. Leiva;;;2;7;;7.15;;;;Apis mellifica;
BOS-HYM-N02563;Apidae;Apis mellifera;26/04/1981;Oviedo;Oviedo;Asturias;España;;;;;Asunción García Peláez;;;;2;7;;7.15;;;;Dípteros, Mecopteroides;
BOS-HYM-N02564;Apidae;Apis mellifera;02/06/1981;Quintueles;Villaviciosa;Asturias;España;;;;;L. Moro;;;;2;7;;7.15;;;;Apidae;
BOS-HYM-N02565;Apidae;Apis mellifera;05/06/1986;Mieres;Mieres;Asturias;España;Ladera de un monte. Sobre flores en un matorral;;17 h;Macho;;;;;2;7;;7.15;;;;Himenópteros;
BOS-HYM-N02566;Apidae;Apis mellifera;02/05/1986;Caldones;Gijón;Asturias;España;;;;Macho;A. Maz Pelaez;A. Maz Pelaez;;;2;7;;7.15;;;;Himenóptero;
BOS-HYM-N02567;Apidae;Apis mellifera;17/09/1980;Castiello;Gijón;Asturias;España;Matorrales;;;;Inés Lombas;;;;2;7;;7.15;;;;;
BOS-HYM-N02568;Apidae;Apis mellifera;_/07/1982;Destriana;Destriana;León;España;;;;;Pilar Arca;;;;2;7;;7.15;;;;Apócritos;
BOS-HYM-N02569;Apidae;Apis mellifera;09/08/1979;Santander?;Santander?;Cantabria;España;;;;;C. Ceballos;José F. García;;;2;7;;7.15;;;;Megachile sp.;
BOS-HYM-N02570;Apidae;Apis mellifera;11/05/1983;Oviedo;Oviedo;Asturias;España;Prado;;;;Mª del Mar Fdez;Mª del Mar Fdez;;;1;3;;Caja moho 3;;;Tiene moho;Himenóptero;
BOS-HYM-N02571;Apidae;Apis mellifera;10/06/1983;Cruz de Illas;Castrillón;Asturias;España;;;;;M. P. Rodríguez;M. P. Rodríguez;;;1;3;;Caja moho 3;;;Tiene moho;Himenópteros;
BOS-HYM-N02572;Apidae;Apis mellifera;24/06/1980;Fonciello;Llanera;Asturias;España;;;;Macho;Ana Quero;Ana Quero;;;2;7;;7.15;;;;Apis mellifica;
BOS-HYM-N02573;Apidae;Apis mellifera;01/08/1988;Cerbón;Cerbón;Soria;España;Colmenar;;;Macho;Juan Carlos Ruiz;Juan Carlos Ruiz;;;2;7;;7.15;;;;;
BOS-HYM-N02574;Apidae;Apis mellifera;04/05/1986;Huerces;Gijón;Asturias;España;Campo;;;;A. Bouso Yañez;;;;2;7;;7.15;;;;;
BOS-HYM-N02575;Apidae;Apis mellifera;03/05/1986;Manzaneda;Oviedo;Asturias;España;;;;;Teresa Glez Sanz;;;;2;7;;7.15;;;;;
BOS-HYM-N02576;Apidae;Apis mellifera;03/05/1982;Fresno de Sayago;Fresno de Sayago;Zamora;España;;;;Macho;Miguel Macías;;;;2;7;;7.15;;;;;
BOS-HYM-N02577;Apidae;Apis mellifera;29/05/1988;Sena de Luna;Sena de Luna;León;España;;;;;E. Martínez;E. Martínez;;;2;7;;7.15;;;;;
BOS-HYM-N02578;Apidae;Apis mellifera;10/10/1983;Santibáñez de Ordás;Santa María de Ordás;León;España;;;;Macho;G. Barroso;G. Barroso;;;2;7;;7.15;;;Zángano;;
BOS-HYM-N02579;Apidae;Apis mellifera;08/05/1989;Ponferrada;Ponferrada;León;España;;;;Macho;Claudia Martínez;Claudia Martínez;;;2;7;;7.15;;;;;
BOS-HYM-N02580;Apidae;Apis mellifera;_/07/1974;Reinosa;Reinosa;Cantabria;España;;;;;C. J. Valle;;;;1;3;;Caja moho 3;;;Tiene moho;;
BOS-HYM-N02581;Apidae;Apis mellifera;28/05/1978;Las Caldas;Oviedo;Asturias;España;Prado;100 m;;;J. L. Muñiz García;;;;2;7;;7.16;;;;;
BOS-HYM-N02582;Apidae;Apis mellifera;15/04/1976;Pola de Siero;Siero;Asturias;España;;;;;César Pérez;;;;1;3;;Caja moho 3;;;Tiene moho;;
BOS-HYM-N02583;Apidae;Apis mellifera;_/03/1975;Torrelavega;Torrelavega;Cantabria;España;;;;;María Ceballos;;;;2;7;;7.16;;;;;
BOS-HYM-N02584;Apidae;Apis mellifera;03/08/1972;Panjón;Nigrán;Pontevedra;España;;;;;R. Anadón;;;;2;7;;7.16;;;;;
BOS-HYM-N02585;Apidae;Apis mellifera;28/05/1978;Monte la Llana;;;España;En el camino;54 m;12 h;;Eva G. V.;;;;2;7;;7.16;;;;;
BOS-HYM-N02586;Apidae;Apis mellifera;27/05/1978;Trubia;Oviedo;Asturias;España;Prado;54 m;10 h;;T. Martínez;;;;2;7;;7.16;;;;;
BOS-HYM-N02587;Apidae;Apis mellifera;_/10/1975;León;León;León;España;;;;;E. Ayuso A.;;;;2;7;;7.16;;;;;
BOS-HYM-N02588;Apidae;Apis mellifera;_/03/1978;Somió;Gijón;Asturias;España;;;;;Estrella Rubio;;;;2;7;;7.16;;;;;
BOS-HYM-N02589;Apidae;Apis mellifera;;Grado;Grado;Asturias;España;;;;;J. L. Velasco;;;;2;7;;7.16;;;;;
BOS-HYM-N02590;Apidae;Andrena sp.;27/04/1975;Las Caldas;Oviedo;Asturias;España;;;;;V. Méndez;;;;1;3;;Caja moho 3;;;Tiene moho;;
BOS-HYM-N02591;Apidae;Apis mellifera;_/06/1975;Moreda;Aller;Asturias;España;;;;;Perfecta F. Estrada;A. Anadón-A. Quero;;;2;7;;7.16;;;;;
BOS-HYM-N02592;Apidae;Apis mellifera;01/05/_;Perlora;Carreño;Asturias;España;En flor;;14 h;;Suárez Suárez;;;;2;7;;7.16;;;;;
BOS-HYM-N02593;Apidae;Apis mellifera;;Grado;Grado;Asturias;España;;;;;Dulce y Estrella;;;;2;7;;7.16;;;Dr. Velasco;;
BOS-HYM-N02594;Apidae;Apis mellifera;17/05/1980;Candanal;Villaviciosa;Asturias;España;;;12 h;;Eladio M. Riera M.;;;;2;7;;7.16;;;;;
BOS-HYM-N02595;Apidae;Apis mellifera;04/11/1978;Gijón;Gijón;Asturias;España;;;;;E. Cuesta García;;;;2;7;;7.16;;;;;
BOS-HYM-N02596;Apidae;Apis mellifera;25/04/1975;Avilés;Avilés;Asturias;España;;;;;A. Lozano;A. Anadón-A. Quero;;;1;3;;Caja moho 3;;;Tiene moho;Apis mellifica;
BOS-HYM-N02597;Apidae;Apis mellifera;_/05/1978;Avilés;Avilés;Asturias;España;En jardín;;;;A. Reyero;A. Anadón-A. Quero;;;2;7;;7.16;;;;Apis mellifica;
BOS-HYM-N02598;Apidae;Apis mellifera;20/05/1978;Oviedo;Oviedo;Asturias;España;;359 m;;;J. Bermejo Donapetry;;;;2;7;;7.16;;;;;
BOS-HYM-N02599;Apidae;Apis mellifera;21/04/1979;Oviedo;Oviedo;Asturias;España;;;;;J. Berenguer;;;;2;7;;7.16;;;;;
BOS-HYM-N02600;Apidae;Apis mellifera;01/05/1976;Oviedo;Oviedo;Asturias;España;;;;;Cristina Gutiérrez;;;;2;7;;7.16;;;;;
BOS-HYM-N02601;Apidae;Apis mellifera;25/03/1975;Avilés;Avilés;Asturias;España;;;;;M. A. Abanda;;;;2;7;;7.16;;;;;
BOS-HYM-N02602;Apidae;Apis mellifera;02/05/1978;Villarejo;Mieres;Asturias;España;En flor;;20 h;;Ana Mª Martínez Barredo;;;;2;7;;7.16;;;;;
BOS-HYM-N02603;Apidae;Apis mellifera;29/04/1979;La Isla;Colunga;Asturias;España;;;;;C. Fdez Cedrón;C. Fdez Cedrón;;;2;7;;7.16;;;;;
BOS-HYM-N02604;Apidae;Apis mellifera;25/03/1979;Palanquinos;Villanueva de las Manzanas;León;España;En huerta;;12 h;;M. A. Abril Fco;;;;2;7;;7.16;;;;;
BOS-HYM-N02605;Apidae;Apis mellifera;25/05/1980;Oviedo;Oviedo;Asturias;España;;;;;Clara Llata;Clara Llata;;;2;7;;7.16;;;;Himenóptera;
BOS-HYM-N02606;Apidae;Apis mellifera;10/07/1975;Oviedo;Oviedo;Asturias;España;;;;;Miguel A. Ayala;;;;2;7;;7.16;;;;;
BOS-HYM-N02607;Apidae;Apis mellifera;24/04/1975;Naranco (Oviedo);Oviedo;Asturias;España;;;;;S. A. Guijarro;;;;2;7;;7.16;;;;;
BOS-HYM-N02608;Apidae;Apis mellifera;10/05/1978;Torrelavega;Torrelavega;Cantabria;España;;;;;M. Trigo;;;;2;7;;7.16;;;;;
BOS-HYM-N02609;Apidae;Apis mellifera;_/05/1976;El Berrón;Siero;Asturias;España;;;;;Carmen S. Lavín;A. Anadón-A. Quero;;;2;7;;7.16;;;;;
BOS-HYM-N02610;Apidae;Apis mellifera;27/05/1976;Colloto;Oviedo;Asturias;España;;;;;M. L. C. Arias;A. Anadón-A. Quero;;;2;7;;7.16;;;;Apis melifica;
BOS-HYM-N02611;Apidae;Apis mellifera;03/03/1976;Oviedo;Oviedo;Asturias;España;;;;;Avelina Santiago;A. Anadón-A. Quero;;;2;7;;7.16;;;;Himenóptero. Abeja;
BOS-HYM-N02612;Apidae;Apis mellifera;28/05/1980;Oviedo;Oviedo;Asturias;España;;;;;Carmen Sahagún;Carmen Sahagún;;;2;7;;7.16;;;;;
BOS-HYM-N02613;Apidae;Apis mellifera;07/06/1981;Ballota;Cudillero;Asturias;España;Jardín;;;;Antonieta Fleites;;;;2;7;;7.16;;;;;
BOS-HYM-N02614;Apidae;Apis mellifera;;Molleda;Avilés;Asturias;España;;;;;R. Iglesias;;;;2;7;;7.16;;;;;
BOS-HYM-N02615;Apidae;Apis mellifera;15/04/1978;Alcubiella;Grado;Asturias;España;Prado;;;;Elvira Álvarez García;;;;2;7;;7.16;;;;;
BOS-HYM-N02616;Apidae;Apis mellifera;_/07/1974;Candás;Carreño;Asturias;España;;;;;Mª Luz Álvarez;;;;2;7;;7.16;;;;;
BOS-HYM-N02617;Apidae;Apis mellifera;_/05/1976;Moreda;Aller;Asturias;España;;;;;J. Morán Diaz;;;;2;7;;7.16;;;;;
BOS-HYM-N02618;Apidae;Apis mellifera;20/03/1978;Logroño;;La Rioja;España;Campo sobre flor;;;;José A. Gil;José A. Gil;;;2;7;;7.16;;;;Himenópteros;
BOS-HYM-N02619;Apidae;Apis mellifera;30/04/1979;La Isla;Colunga;Asturias;España;;;;;M. P. Miyares;M. P. Miyares;;;2;7;;7.16;;;;Apis mellifica;
BOS-HYM-N02620;Apidae;Apis mellifera;28/05/1978;Monte la Llana;;;España;Camino; 50 m;12 h;;Mercedes Judit Gª.;;;;2;7;;7.16;;;;;
BOS-HYM-N02621;Apidae;Apis mellifera;12/05/1978;La Colegiata;Nava;Asturias;España;En una planta;340 m;;;                                                                                              Saíl Cornej.;;;;2;7;;7.16;;;;;
BOS-HYM-N02622;Apidae;Apis mellifera;05/05/1983;Pola de Allande;Allande;Asturias;España;;;;;Higinio Bernardo;Higinio Bernardo;;;2;7;;7.16;;;;Apis mellifica;
BOS-HYM-N02623;Apidae;Apis mellifera;23/11/1978;Batuecas;La Alberca;Salamanca;España;;;;;C. Manzano;;;;2;7;;7.16;;;;;
BOS-HYM-N02624;Apidae;Apis mellifera;26/05/1979;Fabarín;Oviedo;Asturias;España;;;;;C. F. C.;C. F. C.;;;2;7;;7.16;;;;;
BOS-HYM-N02625;Apidae;Apis mellifera;_/05/1976;El Cristo (Oviedo);Oviedo;Asturias;España;Prado;;;;R. Reguera R.;A. Anadón-A. Quero;;;2;7;;7.16;;;;Apis mellifica;
BOS-HYM-N02626;Apidae;Apis mellifera;18/07/1974;Solares;Medio Cudeyo;Cantabria;España;;;;;Emma Cobo Martínez;;;;2;7;;7.16;;;;;
BOS-HYM-N02627;Apidae;Apis mellifera;13/08/1979;La Mofosa-Luanco;Gozón;Asturias;España;Sobre flores;;16 h;;I. Roca;I. Roca;;;2;7;;7.16;;;;Apis mellifica;
BOS-HYM-N02628;Apidae;Apis mellifera;13/05/1979;S. Pedro (Soto de Luiña);Cudillero;Asturias;España;Sobre planta;;;Hembra (reina);Manón Funes;Manón Funes Marló;;;2;7;;7.16;;;;Apis mellifica;
BOS-HYM-N02629;Apidae;Apis mellifera;_/04/1975;Sueve;;Asturias;España;;;;;C. Nores;;;;2;7;;7.16;;;;;
BOS-HYM-N02630;Apidae;Apis mellifera;22/03/1978;Blimea;San Martín del Rey Aurelio;Asturias;España;Sobre planta, monte bajo;;13 h;;S. García Iglesias;;;;2;7;;7.16;;;;;
BOS-HYM-N02631;Apidae;Apis mellifera;_/08/1974;Avilés;Avilés;Asturias;España;;;;;N. A. Blanco;;;;2;7;;7.16;;;;;
BOS-HYM-N02632;Apidae;Apis mellifera;_/05/1976;Sotrondio;San Martín del Rey Aurelio;Asturias;España;;;;;Pilar F. Cabal;;;;2;7;;7.16;;;;;
BOS-HYM-N02633;Apidae;Apis mellifera;24/04/1975;Naranco (Oviedo);Oviedo;Asturias;España;;;;;J. A. Guijarro;;;;2;7;;7.16;;;;;
BOS-HYM-N02634;Apidae;Apis mellifera;03/06/1976;La Felguera;Langreo;Asturias;España;;;;;Isabel Rodríguez;A. Anadón-A. Quero;;;2;7;;7.16;;;;;
BOS-HYM-N02635;Apidae;Apis mellifera;28/09/1974;León;León;León;España;;;;;Paz Nicolás;;;;2;7;;7.16;;;;;
BOS-HYM-N02636;Apidae;Apis mellifera;_/07/1974;Candás;Carreño;Asturias;España;;;;;Mª Luz Álvarez;;;;2;7;;7.16;;;;;
BOS-HYM-N02637;Apidae;Apis mellifera;17/05/1978;Pandenes;Cabranes;Asturias;España;Prado;300 m;;;Fco Martínez;;;;2;7;;7.16;;;;;
BOS-HYM-N02638;Apidae;Apis mellifera;_/04/1976;La Felguera;Langreo;Asturias;España;;;;;A. Laso;;;;2;7;;7.16;;;;;
BOS-HYM-N02639;Apidae;Apis mellifera;13/05/1978;Tuilla;Langreo;Asturias;España;Sobre planta;300 m;;;Basilio Otero;;;;2;7;;7.16;;;;;
BOS-HYM-N02640;Apidae;Apis mellifera;_/04/1974;Naranco (Oviedo);Oviedo;Asturias;España;;;;;Paz Nicolás;;;;2;7;;7.16;;;;;
BOS-HYM-N02641;Apidae;Apis mellifera;;La Carrera;;Asturias;España;Prado;;;;Amanda Miranda;;;;2;7;;7.16;;;;;
BOS-HYM-N02642;Apidae;Apis mellifera;_/03/1975;Roces;Gijón;Asturias;España;;;;;José A. Diego;;;;2;7;;7.16;;;;;
BOS-HYM-N02643;Apidae;Apis mellifera;17/05/1978;Torrelavega;Torrelavega;Cantabria;España;;;;;J. González;;;;2;7;;7.16;;;;;
BOS-HYM-N02644;Apidae;Apis mellifera;15/03/1979;Pola de Siero;Siero;Asturias;España;Sobre flor;;;;Tere Cañal M.;;;;2;7;;7.16;;;;;
BOS-HYM-N02645;Apidae;Apis mellifera;25/04/1975;Avilés;Avilés;Asturias;España;;;;;A. Lozano;;;;2;7;;7.16;;;;;
BOS-HYM-N02646;Apidae;Apis mellifera;10/05/1980;Santurio;Gijón;Asturias;España;;;;;S. Rodríguez;;;;2;7;;7.16;;;;;
BOS-HYM-N02647;Apidae;Apis mellifera;28/07/1974;Llanes;Llanes;Asturias;España;;;;;Mª Paz Nicolás;;;;2;7;;7.16;;;;;
BOS-HYM-N02648;Apidae;Apis mellifera;29/05/1975;Oviedo;Oviedo;Asturias;España;;;;;M. M. de la Hoz;;;;2;7;;7.16;;;;;
BOS-HYM-N02649;Apidae;Apis mellifera;_/05/1979;La Isla;Colunga;Asturias;España;Sobre flor;;;;Cristina Muñiz;;;;2;7;;7.16;;;;Apis mellifica;
BOS-HYM-N02650;Apidae;Apis mellifera;25/05/1978;Sta Bárbara de Lugones;Siero;Asturias;España;;;;;Emilio Cervantes;;;;2;7;;7.16;;;;;
BOS-HYM-N02651;Apidae;Apis mellifera;28/05/1978;Alto de la Miranda;;Asturias;España;;;12 h;;;;;;2;7;;7.16;;;;;
BOS-HYM-N02652;Apidae;Apis mellifera;10/05/1979;Bañugues;Gozón;Asturias;España;Prado;;;;I. Carlos Rendueles;;;;2;7;;7.16;;;;;
BOS-HYM-N02653;Apidae;Apis mellifera;28/03/1975;Posada de Llanera;Llanera;Asturias;España;;;;;Mª Jesús Gómez;;;;2;7;;7.16;;;;;
BOS-HYM-N02654;Apidae;Apis mellifera;14/05/1987;Oviedo;Oviedo;Asturias;España;Monte bajo;;;;J. Villacienfuegos;J. Villacienfuegos;;;2;7;;7.16;;;;;
BOS-HYM-N02655;Apidae;Apis mellifera;10/06/1981;Infiesto;Piloña;Asturias;España;;;;;Isabel Fdez;;;;2;7;;7.16;;;;;
BOS-HYM-N02656;Apidae;Apis mellifera;04/05/1987;Salinas;Castrillón;Asturias;España;Prado;;;;Mª Ángeles López;Mª Ángeles López;;;2;7;;7.16;;;;Himenóptero;
BOS-HYM-N02657;Apidae;Apis mellifera;19/05/1987;La Providencia;Gijón;Asturias;España;Pradera;;;;J. L. P. Landeras;J. L. P. Landeras;;;2;7;;7.16;;;;Himenóptera;
BOS-HYM-N02658;Apidae;Apis mellifera;31/05/1987;Solis;Corvera;Asturias;España;;;;;Celsa F. San Narciso;Celsa F. San Narciso;;;2;7;;7.16;;;;Apis mellifica;
BOS-HYM-N02659;Apidae;Apis mellifera;01/06/1987;Avilés;Avilés;Asturias;España;Pradería;;;;T. G. G. R.;T. G. G. R.;;;2;7;;7.16;;;;Himenópteros;
BOS-HYM-N02660;Apidae;Apis mellifera;31/05/1987;Cenera;Mieres;Asturias;España;;;;;Julio Prieto;Clara Álvarez G.;;;2;7;;7.16;;;;Himenópteros;
BOS-HYM-N02661;Apidae;Apis mellifera;05/06/1987;Avilés;Avilés;Asturias;España;Parque. Flor;;;;Garrido Cuervo B.;Garrido Cuervo B.;;;2;7;;7.16;;;;Apis mellifica;
BOS-HYM-N02662;Apidae;Apis mellifera;15/05/1987;Soto de Rey;Ribera de Arriba;Asturias;España;Prados;130 m;;;Clara Marinas;Clara Marinas;;;2;7;;7.16;;;;Himenópteros;
BOS-HYM-N02663;Apidae;Apis mellifera;06/05/1986;La Figar ;Gijón;Asturias;España;;;;;Rolando Rguez Muñoz;Rolando Rguez Muñoz;;;2;7;;7.16;;;;Himenópteros;
BOS-HYM-N02664;Apidae;Apis mellifera;11/04/1987;Peña Mayor;;Asturias;España;;1100 m;;;Julio Prieto;Julio Prieto;;;2;7;;7.16;;;;Apócritos;
BOS-HYM-N02665;Apidae;Apis mellifera;09/05/1987;Puente San Martín;Belmonte;Asturias;España;Orilla del río;;14 h;;Mar Mendivil;Mar Mendivil;;;2;7;;7.16;;;;Himenópteros;
BOS-HYM-N02666;Apidae;Apis mellifera;29/05/1987;Moreda de Aller;Aller;Asturias;España;;;;;Anabel González Anadón;Anabel González Anadón;;;2;7;;7.16;;;;;
BOS-HYM-N02667;Apidae;Apis mellifera;12/05/1987;Salinas;Salinas;Asturias;España;En el suelo, descansando;Más o menos 0 m;;;Rubén Herrero Hevia;Rubén Herrero Hevia;;;2;7;;7.16;;;;Himenóptera;
BOS-HYM-N02668;Apidae;Apis mellifera;14/03/1987;La Collada;Morcín;Asturias;España;;;;;J. Muñiz Fdez;J. Muñiz Fdez;;;2;7;;7.16;;;;Himenópteros;
BOS-HYM-N02669;Apidae;Apis mellifera;07/06/1987;Ciaño;Langreo;Asturias;España;;218 m;;;M. A. Lauriño García;M. A. Lauriño García;;;2;7;;7.16;;;;Himenóptera;
BOS-HYM-N02670;Apidae;Apis mellifera;05/06/1987;Gijón;Gijón;Asturias;España;;;;;N. Blanco Heviá;N. Blanco Heviá;;;2;7;;7.16;;;;Himenóptero;
BOS-HYM-N02671;Apidae;Apis mellifera;25/07/1987;Oviedo;Oviedo;Asturias;España;Prado;;;;José García L.;;;;2;7;;7.16;;;;;
BOS-HYM-N02672;Apidae;Apis mellifera;25/04/1987;Oviedo (El Montico);Oviedo;Asturias;España;;;;;A. M. Navarro Incio;A. M. Navarro Incio;;;2;7;;7.16;;;;;
BOS-HYM-N02673;Apidae;Apis mellifera;26/05/1987;Gijón (Los Compones);Gijón;Asturias;España;;;;;Mª Camino López S.;Mª Camino López S.;;;2;7;;7.16;;;;Himenópteros;
BOS-HYM-N02674;Apidae;Apis mellifera;05/06/1987;Cornellana;Salas;Asturias;España;;;;;A. Flórez Alonso;;;;2;7;;7.16;;;;;
BOS-HYM-N02675;Apidae;Apis mellifera;05/05/1987;Oviedo (Carretera de Mieres);;Asturias;España;;;;Zángano;Carmen Peláez Mata;Carmen Peláez Mata;;;2;7;;7.16;;;;;
BOS-HYM-N02676;Apidae;Apis mellifera;17/05/1987;Llanera;Llanera;Asturias;España;En prado, sobre flor;;;;M. Bongera;M. Bongera;;;2;7;;7.16;;;;;
BOS-HYM-N02677;Apidae;Apis mellifera;05/06/1987;Monte Naranco;Oviedo;Asturias;España;Prado;;;;Mª Luz Yáñez;Mª Luz Yáñez;;;2;7;;7.16;;;;Andrena Moris;
BOS-HYM-N02678;Apidae;Apis mellifera;06/06/1986;Avilés;Avilés;Asturias;España;Prado;;;;Cristina Rodenas F.;Cristina Rodenas F.;;;2;7;;7.16;;;;Apis sp.;
BOS-HYM-N02679;Apidae;Apis mellifera;30/04/1987;Plaza de Llamaquique (Oviedo);Oviedo;Asturias;España;;;;;B. Ramos Pérez;B. Ramos Pérez;;;2;7;;7.16;;;;Apis mellifica;
BOS-HYM-N02680;Apidae;Apis mellifera;21/04/1987;Bólogo;;Cantabria;España;En casa;;;;Pilar Glez de la Lastra;Pilar Glez de la Lastra;;;2;7;;7.16;;;;Hymenoptera;
BOS-HYM-N02681;Apidae;Apis mellifera;13/04/1987;Figaredo;;;España;;;;;Mª Luz Centeno;Mª Luz Centeno;;;2;7;;7.16;;;;Himenóptero;
BOS-HYM-N02682;Apidae;Apis mellifera;25/05/1987;S. Lucao;Llanera;Asturias;España;;;;;I. Escandon;I. Escandon;;;2;7;;7.16;;;;Apoidea;
BOS-HYM-N02683;Apidae;Apis mellifera;02/05/1987;Parque de invierno (Oviedo);Oviedo;Asturias;España;;;;;D. Zamanillo C.;D. Zamanillo C.;;;2;7;;7.16;;;;Hymenoptera;
BOS-HYM-N02684;Apidae;Apis mellifera;?/06/_;Granda;Siero;Asturias;España;Orillas del río;;;;Telmo Rodríguez;Telmo Rodríguez;;;2;7;;7.16;;;;Diptera;
BOS-HYM-N02685;Apidae;Apis mellifera;07/06/1987;Latores;Oviedo;Asturias;España;Prado;;;;Mª V. Cuartas;Mª V. Cuartas;;;2;7;;7.16;;;;Himenópteros;
BOS-HYM-N02686;Apidae;Apis mellifera;07/05/1987;El Cristo (Oviedo);Oviedo;Asturias;España;;;;;Bego Zurimendi;Bego Zurimendi;;;2;7;;7.16;;;;Himenópteros;
BOS-HYM-N02687;Apidae;Apis mellifera;22/05/1987;Parque de invierno (Oviedo);Oviedo;Asturias;España;;;;;C. Alonso Blanco;C. Alonso Blanco;;;2;7;;7.16;;;;Hymenoptera;
BOS-HYM-N02688;Apidae;Apis mellifera;;Molledo;Siero;Asturias;España;;;;;Hortensia;Hortensia;;;2;7;;7.16;;;;;
BOS-HYM-N02689;Apidae;Apis mellifera;14/05/1987;Gijón;Gijón;Asturias;España;;;;;Mª Carmen Quijano;;;;2;7;;7.16;;;;;
BOS-HYM-N02690;Apidae;Apis mellifera;30/05/1987;Riosa;Riosa;Asturias;España;Prado;;;;Sánchez Castro L.;Sánchez Castro L.;;;2;7;;7.16;;;;Himenóptero;
BOS-HYM-N02691;Apidae;Apis mellifera;15/97/1986;Cacabelos;Cacabelos;León;España;;;;;David Valdés;;;;2;7;;7.16;;;;;
BOS-HYM-N02692;Apidae;Apis mellifera;_/08/1986;León;León;León;España;Ortigal;;;;L. Riestra;;;;2;7;;7.16;;;;;
BOS-HYM-N02693;Apidae;Apis mellifera;08/07/1987;Latores;Oviedo;Asturias;España;Seto;;;;J. A. González;Jose Antonio Glez;;;2;7;;7.16;;;;Himenópteros;
BOS-HYM-N02694;Apidae;Apis mellifera;22/08/1986;Ceares (Gijón);Gijón;Asturias;España;Matorral;;;;Jesús G. Durán;Jesús G. Durán;;;2;7;;7.16;;;;;
BOS-HYM-N02695;Apidae;Apis mellifera;_/05/1987;Mieres;Mieres;Asturias;España;;;;;C. Bonhomme;C. Bonhomme;;;2;7;;7.16;;;;;
BOS-HYM-N02696;Apidae;Apis mellifera;_/05/1987;Trubia;Oviedo;Asturias;España;Prado;;;;L. Palacios;L. Palacios;;;2;7;;7.16;;;;;
BOS-HYM-N02697;Apidae;Apis mellifera;20/05/1987;La Providencia;Gijón;Asturias;España;;;15 h;;Estrella Fdez;Estrella Fdez;;;2;7;;7.16;;;;Himenópteros;
BOS-HYM-N02698;Apidae;Apis mellifera;03/06/1987;Oviedo;Oviedo;Asturias;España;Ciudad;;;;J. F. Saiz Villoria;;;;2;7;;7.16;;;;;
BOS-HYM-N02699;Apidae;Apis mellifera;;Oviedo;Oviedo;Asturias;España;;;;;L. A. Calderón;L. A. Calderón;;;2;7;;7.16;;;;;
BOS-HYM-N02700;Apidae;Apis mellifera;05/09/1981;Carbajal;;León;España;;;;;M. C. Gutiérrez;;;;2;7;;7.16;;;;;
BOS-HYM-N02701;Apidae;Sphecodes fuscipennis;20/04/1996;P. Puraromas (Oviedo);;Asturias;España;;;;;Presen Ordiérez;Presen Ordiérez;;;2;7;;7.17;;;;;
BOS-HYM-N02702;Apidae;Sphecodes fuscipennis;18/05/1986;Orlé;Caso;Asturias;España;Monte bajo;;;;J. L. Bartolomé;J. L. Bartolomé;;;2;7;;7.17;;;;Himenóptero;
BOS-HYM-N02703;Apidae;Myzine tvipmetata;23/07/1987;Prendonés;El Franco;Asturias;España;Nido en tierra;;;;J. R. Fdez López;J. R. Fdez López;;;1;3;;Caja moho 3;;;Tiene moho;;
BOS-HYM-N02704;Apidae;Sphecodes verticalis?;04/05/1978;Oviedo;Oviedo;Asturias;España;En la calle;;;;Elena Fdez Pavón;A. Anadón;;;2;7;;7.17;;;;;
BOS-HYM-N02705;Apidae;Sphecodes verticalis;17/04/1989;Monte Naranco;Oviedo;Asturias;España;;;;;Antonio Gómez Fdez;Antonio Gómez Fdez;;;2;7;;7.17;;;;;
BOS-HYM-N02706;Apidae;Sphecodes spinulosus;02/06/1977;Mendivil;Olóriz;Navarra;España;Bajo piedra;;;;Elvira Flamarique;;;;2;7;;7.17;;;;;
BOS-HYM-N02707;Apidae;Sphecodes sp.;17/07/1990;Bergara;Bergara;Guipúzcoa;España;;;;;N. Aperribai;N. Aperribai;;;2;7;;7.17;;;;Aulacus striatus;
BOS-HYM 2086;Apidae;Sphecodes albilabris;03/08/1996;Lamuño;Cudillero;Asturias;España;;;;Hembra;Andrés Fdz;Andrés Fdz;A. Núñez;;2;7;;7.17;;;;Sphecodes fuscipennis;
BOS-HYM 2085;Apidae;Sphecodes albilabris;_/07/1984;Nozalinos;Siero;Asturias;España;;;;Hembra;A. Anadón;A. Núñez;;;2;7;;7.17;;;;;
BOS-HYM 2082;Apidae;Sphecodes albilabris;15/05/1982;Hevia;Siero;Asturias;España;Camino suelo arenoso;350 m;18 h;Hembra;A. Fonseca;A. Fonseca;A. Núñez;;2;7;;7.17;;;;Sphecodes fuscipennis;
BOS-HYM 2083;Apidae;Sphecodes albilabris;20/08/1974;Corias;Pravia;Asturias;España;;;;Hembra;M. A. Álvarez;A. Anadón;A. Núñez;;2;7;;7.17;;;;Sphecodes fuscipennis;
BOS-HYM 2084;Apidae;Sphecodes albilabris;10/05/1986;Pinos Altos;Castrillón;Asturias;España;Pinar;;;Hembra;Isabel Soret Matamoros;Isabel Soret Matamoros;A. Núñez;;2;7;;7.17;;;;Himenóptero;
BOS-HYM-N02708;;;_/07/1980;S. Esteban de las Cruces;Oviedo;Asturias;España;;;;;J. A. Pons A.;;;;1;3;;Caja moho 3;;;Tiene moho;Apócritos;
BOS-HYM-N02709;Apidae;Sphecodes verticalis;17/08/1986;Ceares (Gijón);Gijón;Asturias;España;Matorral;;;;Jesús G. Durán;Jesús G. Durán;;;1;3;;Caja moho 3;;;Tiene moho;;
BOS-HYM-N02710;;;23/07/1972;Panjón;Nigrán;Pontevedra;España;;;;;R. Anadón;;;;2;7;;7.17;;;;;
BOS-HYM-N02711;;;12/09/1980;Llanera;Llanera;Asturias;España;;;;;Ana Quero;;;;2;7;;7.17;;;;;
BOS-HYM-N02712;;;10/06/1981;Cabueñes ;Gijón;Asturias;España;Jardín;;;;Sergio Solano;;;;2;7;;7.17;;;;;
BOS-HYM-N02713;Apidae;Nomada sp.;03/08/1972;Panjón;Nigrán;Pontevedra;España;;;;;R. Anadón;R. Anadón;;;2;7;;7.17;;;;;
BOS-HYM-N02714;Apidae;Nomada sp.;21/05/1976;Colloto;Oviedo;Asturias;España;;;;;A. Múgica Blanco;A. Anadón;;;2;7;;7.17;;;;;
BOS-HYM-N02715;Apidae;Nomada sp.;_/05/1976;Colloto;Oviedo;Asturias;España;;;;;N. Truébano;;;;2;7;;7.17;;;;;
BOS-HYM-N02716;Apidae;Nomada sp.;_/07/1976;Mijares;Santillana del Mar;Cantabria;España;;;;;Ángel Múgica B.;;;;2;7;;7.17;;;;;
BOS-HYM 2200;Apidae;Nomada armata;27/05/1976;Colloto;Oviedo;Asturias;España;;;;Macho;M. L. C. Arias;A. Anadón;A. Núñez;;2;7;;7.18;;;;Nomada sp.;
BOS-HYM 2141;Apidae;Nomada marshamella;07/05/2007;Ribeira de Piquín;Ribeira de Piquín;Lugo;España;;;;Hembra;R. Navais;R. Navais;A. Núñez;;2;7;;7.18;;;;Vespidae;
BOS-HYM 2143;Apidae;Nomada flavopicta;06/08/1999;Llanes;Llanes;Asturias;España;;;;Hembra;Mª José Llera;L. Elguezabal;A. Núñez;;2;7;;7.18;;;;Nomada sp.;
BOS-HYM 2202;Apidae;Nomada marshamella;_/05/1996;La Isla;Colunga;Asturias;España;;;;Macho;José A. Isla;José A. Isla;A. Núñez;;2;7;;7.18;;;;Nomada fulvicornis;
BOS-HYM 2203;Apidae;Nomada godeniana;20/04/1996;P. Pura Tomás (Oviedo);Oviedo;Asturias;España;;;;Hembra;Presen Ordiérez;Presen Ordiérez;A. Núñez;;2;7;;7.18;;;;Nomada sp.;
BOS-HYM 2142;Apidae;Nomada sexfasciata;21/05/1983;Penjamo;La Felguera;Asturias;España;;;;Hembra;Glez-Pola Villa M;A. Núñez;;;2;7;;7.18;;;;;
BOS-HYM 2144;Apidae;Nomada marshamella;24/03/1996;P. P. Tomás (Oviedo);Oviedo;Asturias;España;Prado;;;Hembra;L. Frechilla;L. Frechilla;A. Núñez;;2;7;;7.18;;;;Nomada succinta;
BOS-HYM 2146;Apidae;Nomada flava;15/11/1988;El Cristo (Oviedo);Oviedo;Asturias;España;;;;Hembra;José Manuel Fdz;José Manuel Fdz Mtnz;A. Núñez;;2;7;;7.18;;;;Pompilidae;
BOS-HYM 2145;Apidae;Nomada flava;17/05/1991;Los Maizales;Gijón;Asturias;España;;;;Hembra;M. A. Paredes;M. A. Paredes;A. Núñez;;2;7;;7.18;;;;Nomada ruficornis;
BOS-HYM 2148;Apidae;Nomada sexfasciata;06/05/1980;S. Claudio;Oviedo;Asturias;España;Huerta;;;Macho;P. Ciscar;A. Núñez;;;2;7;;7.18;;;;;
BOS-HYM 2152;Apidae;Nomada sexfasciata;14/05/1978;Pola de Siero;Siero;Asturias;España;;;;Macho;Fco Javier G.;A. Núñez;;;2;7;;7.18;;;;;
BOS-HYM 2153;Apidae;Nomada sexfasciata;_/04/1976;Pola de Lena;Lena;Asturias;España;;;;Macho;Mª A. García;A. Núñez;;;2;7;;7.18;;;;;
BOS-HYM 2147;Apidae;Nomada flava;08/05/1983;Llorianes (Valdesoto);Siero;Asturias;España;;;;Hembra;L. F. Sierra;M. Sierra;A. Núñez;;2;7;;7.18;;;;Nomada lineola;
BOS-HYM 2150;Apidae;Nomada femoralis;07/03/1981;Oviedo;Oviedo;Asturias;España;;;;Macho;Machín;A. Núñez;;;2;7;;7.18;;;;;
BOS-HYM 2201;Apidae;Nomada femoralis;08/06/1986;Detrás del Masaveu;Oviedo;Asturias;España;;;;Hembra;Fco S. Vázquez de Prada;A. Núñez;;;2;7;;7.18;;;;;
BOS-HYM 2149;Apidae;Nomada femoralis;10/06/1983;C. Las Segadas;;Asturias;España;;;;Hembra;Isabel Suárez N.;A. Núñez;;;2;7;;7.18;;;;;
BOS-HYM 2151;Apidae;Nomada sexfasciata;23/10/1991;Avín;Onís;Asturias;España;;;;Macho;María Herrero;A. Núñez;;;2;7;;7.18;;;;;
BOS-HYM 2204;Apidae;Nomada sexfasciata;31/05/1986;Nubledo;Corvera;Asturias;España;En lindero;80 m;;Hembra;J. Martín Morales;J. Martín Morales;A. Núñez;;2;7;;7.18;;;;Crabo cribarius;
BOS-HYM 2206;Apidae;Nomada flava;12/05/1988;Poo;Llanes;Asturias;España;Pradera;;;Macho;J. R. Fdz López;J. R. Fdz López;A. Núñez;;2;7;;7.18;;;;Philanthus triangulum;
BOS-HYM 2205;Apidae;Nomada marshamella;14/05/1991;Parque de invierno (Oviedo);Oviedo;Asturias;España;;;;Hembra;Mª del Rosario Ruiz;Mª del Rosario Ruiz;A. Núñez;;2;7;;7.18;;;;Nomada solidaginis;
BOS-HYM 2207;Apidae;Nomada succinta;29/05/1981;La Bañeza;La Bañeza;León;España;Encinar;;8 h;Macho;E. Sanjuán Rdguez;E. Sanjuán Rdguez;A. Núñez;;2;7;;7.18;;;;Sphecidae;
BOS-HYM 2219;Apidae;Nomada sp.;_/08/1975;Oviedo;Oviedo;Asturias;España;;;;Macho;P. Fdez Estrada;A. Núñez;;;2;7;;7.18;;;;;
BOS-HYM-N02717;Andrenidae;Andrena pilipes;15/07/1988;Castillo del Val;Castillo del Val;Burgos;España;;;;;J. L. Benito;J. L. Benito;;;2;7;;7.19;;;;;
BOS-HYM-N02718;Andrenidae;Andrena sp.;_/06/1975;S. Cristóbal;Avilés;Asturias;España;;;;;M. A. Aranda;;;;2;7;;7.19;;;;;
BOS-HYM-N02719;Andrenidae;Andrena sp.;_/08/1976;Mijares;Santillana del Mar;Cantabria;España;;;;;Ángel Múgica B.;;;;2;7;;7.19;;;;;
BOS-HYM-N02720;Andrenidae;Andrena sp.;_/06/1975;S. Cristóbal;Avilés;Asturias;España;;;;;M. A. Aranda;;;;2;7;;7.19;;;;;
BOS-HYM-N02721;Andrenidae;Andrena sp.;16/05/1986;Sotrondio;San Martín del Rey Aurelio;Asturias;España;;;;;Severino González Rocas;;;;2;7;;7.19;;;;;
BOS-HYM-N02722;Andrenidae;Andrena sp.;19/05/1986;Gijón;Gijón;Asturias;España;Pradera;;;;J. P. Ayllón;;;;2;7;;7.19;;;;;
BOS-HYM-N02723;Andrenidae;Andrena sp.;14/04/1987;Zamora;Zamora;Zamora;España;;;;;P. M. Martínez;T. Montoto;;;2;7;;7.19;;;;Himenópteros;
BOS-HYM-N02724;Andrenidae;Andrena sp.;15/05/1982;Tarna;Caso;Asturias;España;;;;;C. Díaz Juesas;C. Díaz Juesas;;;1;3;;Caja moho 3;;;Tiene moho;Himenópteros;
BOS-HYM-N02725;Andrenidae;Andrena sp.;29/04/1976;Godan;Salas;Asturias;España;;;;;Mª D. Miranda;;;;1;3;;Caja moho 3;;;Tiene moho;;
BOS-HYM-N02726;Andrenidae;Andrena sp.;19/04/1980;El Escamplero;Las Regueras;Asturias;España;Prado, sobre flor;;16 h;;José A. Gil;José A. Gil;;;2;7;;7.19;;;;Apis mellifera;
BOS-HYM-N02727;Andrenidae;Andrena sp.;02/03/1996;P. P. Tomás (Oviedo);Oviedo;Asturias;España;Prado;;;;L. Frechilla;L. Frechilla;;;2;7;;7.19;;;;;
BOS-HYM-N02728;Andrenidae;Andrena sp.;15/05/1978;Salamanca;Salamanca;Salamanca;España;;;;;J. Gaytan;A. Anadón;;;2;7;;7.19;;;;;
BOS-HYM-N02729;Andrenidae;Andrena sp.;07/05/1983;Pola de Siero;Siero;Asturias;España;;;;;R. Cueva;;;;1;3;;Caja moho 3;;;Tiene moho;;
BOS-HYM-N02730;Andrenidae;Andrena sp.;10/05/1975;Salas;Salas;Asturias;España;;;;;Mª Josefa Díaz;A. Anadón;;;2;7;;7.19;;;;;
BOS-HYM-N02731;Andrenidae;Andrena sp.;05/05/1980;Gijón;Gijón;Asturias;España;;;;;Patricia Menéndez Benavente;;;;2;7;;7.19;;;;;
BOS-HYM-N02732;Andrenidae;Andrena sp.;15/07/1978;Campaspero;;Salamanca;España;;;;;C. Manzano;;;;2;7;;7.19;;;;;
BOS-HYM-N02733;Andrenidae;Andrena pilipes;05/05/1992;Salinas;Castrillón;Asturias;España;;;;Hembra;Alfredo Fdez-Ojanguren;Alfredo Fdez-Ojanguren;;;2;7;;7.19;;;;;
BOS-HYM-N02734;Andrenidae;Andrena sp.;05/08/1980;Porcía;;Asturias;España;;;;;A. Anadón;;;;2;7;;7.19;;;;;
BOS-HYM-N02735;Andrenidae;Andrena sp.;16/04//1987;Zamora;Zamora;Zamora;España;;;;;Paloma Morán;Paloma Morán;;;2;7;;7.19;;;;Himenópteros;
BOS-HYM-N02736;Andrenidae;Andrena sp.;02/05/1976;Oviedo;Oviedo;Asturias;España;;;;;F. Bravo;A. Anadón;;;2;7;;7.19;;;;;
BOS-HYM-N02737;Andrenidae;Andrena sp.;05/10/1976;Sama de Langreo;Langreo;Asturias;España;;;;;Teresa C. Lozano;;;;2;7;;7.19;;;;;
BOS-HYM-N02738;Andrenidae;Andrena sp.;_/03/1978;Somió;Gijón;Asturias;España;;;;;Estrella Rubio;;;;2;7;;7.19;;;;;
BOS-HYM-N02739;Andrenidae;Andrena sp.;_/04/1976;Oviedo;Oviedo;Asturias;España;;;;;Cristina Gutiérrez;;;;2;7;;7.19;;;;;
BOS-HYM-N02740;Andrenidae;Andrena sp.;19/04/1986;P. Llaviana;Laviana;Asturias;España;;;;;L. A. Santos;L. A. Santos;;;2;7;;7.19;;;;Himenóptero;
BOS-HYM-N02741;Andrenidae;Andrena sp.;29/03/1981;Celorio;Llanes;Asturias;España;Prado;;;;Milagros Garzo;Milagros Garzo;;;2;7;;7.19;;;;Philantus triangulus;
BOS-HYM-N02742;Andrenidae;Andrena sp.;10/05/1981;Oviedo;Oviedo;Asturias;España;;;;;Isabel Fdez G.;;;;2;7;;7.19;;;;Dípteros;
BOS-HYM-N02743;Andrenidae;Andrena sp.;12/05/1976;Salas ;Salas;Asturias;España;;;;;Mª Josefa Díaz;;;;2;7;;7.19;;;;;
BOS-HYM-N02744;Andrenidae;Andrena sp.;05/10/1988;Peón;Villaviciosa;Asturias;España;;;;;E. C. Jiménez;E. C. Jiménez;;;2;7;;7.19;;;;Apis mellifera;
BOS-HYM-N02745;Andrenidae;Andrena sp.;24/05/1980;Oviedo;Oviedo;Asturias;España;;;;;Asunción Fdez Riestra;;;;2;7;;7.19;;;;Himenópteros;
BOS-HYM-N02746;Andrenidae;Andrena humilis;11/05/1982;Meres (Oviedo);;Asturias;España;Prado;;;Hembra;Silva Manzano;A. Núñez;;;2;7;;7.19;;;;;
BOS-HYM-N02747;Andrenidae;Andrena sp.;17/05/1980;Latores;Oviedo;Asturias;España;;;;;Mª Teresa Blanco;;;;2;7;;7.19;;;;;
BOS-HYM-N02748;Andrenidae;Andrena sp.;20/05/1987;Oviedo;Oviedo;Asturias;España;Prado;;;;José R. Giménez;José R. Giménez;;;2;7;;7.19;;;;Apócritos;
BOS-HYM-N02749;Andrenidae;Andrena sp.;20/05/1987;Cristo (Oviedo);Oviedo;Asturias;España;;;;;Mª Jesús Villanueva;Mª Jesús Villanueva;;;2;7;;7.19;;;;Himenópteros;
BOS-HYM-N02750;Andrenidae;Andrena sp.;22/05/1983;Villaviciosa;Villaviciosa;Asturias;España;;;;;P. G. Campomanes;P. G. Campomanes;;;2;7;;7.19;;;;Himenópteros;
BOS-HYM-N02751;Andrenidae;Andrena sp.;_/05/1986;Agones;Pravia;Asturias;España;Flor, de día;20 m;;;J. J. Ferreira;;;;2;7;;7.19;;;;;
BOS-HYM-N02752;Andrenidae;Andrena sp.;02/07/1974;León;León;León;España;;;;;C. Muñiz;;;;2;7;;7.19;;;;;
BOS-HYM-N02753;Andrenidae;Andrena sp.;15/04/1978;Corias;Cangas del Narcea;Asturias;España;Campo;;11 h;;Mª Isabel Hevia González;A. Anadón;;;2;7;;7.19;;;;;
BOS-HYM-N02754;Andrenidae;Andrena sp.;01/04/1978;Torrelavega;Torrelavega;Cantabria;España;Sobre flor;;;;Ángela Trueba;;;;2;7;;7.19;;;;;
BOS-HYM-N02755;Andrenidae;Andrena sp.;_/04/1976;Oviedo;Oviedo;Asturias;España;;;;;Cristina Gutiérrez;;;;2;7;;7.19;;;;;
BOS-HYM-N02756;Andrenidae;Andrena sp.;12/08/1979;Salas;;Burgos;España;;;;;José F. García;José F. García;;;2;7;;7.19;;;;Megachile sp.;
BOS-HYM-N02757;Andrenidae;Andrena sp.;14/05/1987;Oviedo;Oviedo;Asturias;España;Prado del picadero;;;;A. Palacios Palomar;A. Palacios Palomar;;;2;7;;7.19;;;;Hymenoptera;
BOS-HYM-N02758;Andrenidae;Andrena sp.;14/05/1983;Gijón;Gijón;Asturias;España;;;;;D. Blanco;D. Blanco;;;1;3;;Caja moho 3;;;Tiene moho;Himenópteros;
BOS-HYM-N02759;Andrenidae;Andrena sp.;29/05/1980;Oviedo;Oviedo;Asturias;España;Prado;;;;;;;;2;7;;7.19;;;;Himenóptero;
BOS-HYM-N02760;Andrenidae;Andrena sp.;07/05/1976;Oviedo;Oviedo;Asturias;España;;;;;Adela Sánchez;A. Anadón;;;2;7;;7.19;;;;;
BOS-HYM-N02761;Andrenidae;Andrena sp.;08/05/1978;Salamanca;Salamanca;Salamanca;España;;;;;J. Gaytan;;;;2;7;;7.19;;;;;
BOS-HYM-N02762;Andrenidae;Andrena sp.;24/05/1980;Cangas de Onís;Cangas de Onís;Asturias;España;;;14 h;;Lydia Muñiz;;;;2;7;;7.19;;;;;
BOS-HYM-N02763;Andrenidae;Andrena sp.;30/04/1983;Moanes (Luarca);Valdés;Asturias;España;;;;;Mª Luisa Fdez Feito;;;;2;7;;7.19;;;;;
BOS-HYM-N02764;Andrenidae;Andrena sp.;06/05/1987;Oviedo;Oviedo;Asturias;España;Calle;;;;Yolanda Colubi;Yolanda Colubi;;;2;7;;7.19;;;;Himenópteros;
BOS-HYM-N02765;Andrenidae;Andrena sp.;24/05/1983;Poago;Gijón;Asturias;España;;;;;G. Mtnez Saiz;G. Mtnez Saiz;;;2;7;;7.19;;;;Himenóptero;
BOS-HYM-N02766;Andrenidae;Andrena sp.;13/05/1989;Oviedo;Oviedo;Asturias;España;;;;;E. Eguilegor;;;;2;7;;7.19;;;;;
BOS-HYM-N02767;Andrenidae;Andrena sp.;18/05/1978;Torrelavega;Torrelavega;Cantabria;España;;;;;J. González;;;;2;7;;7.19;;;;;
BOS-HYM-N02768;Andrenidae;Andrena sp.;16/05/1978;Caces;Oviedo;Asturias;España;;200 m;;;J. Bermejo D.;;;;2;7;;7.19;;;;;
BOS-HYM-N02769;Andrenidae;Andrena sp.;15/05/1986;Tolivia;Laviana;Asturias;España;;;;;M. Pilar García;;;;2;7;;7.19;;;;;
BOS-HYM-N02770;Andrenidae;Andrena sp.;04/08/1972;Panjón;Nigrán;Pontevedra;España;;;;;R. Anadón;;;;2;7;;7.19;;;;;
BOS-HYM-N02771;Andrenidae;Andrena baemorrhoa;23/06/1990;Ciaño;Langreo;Asturias;España;Sobre compuesta;;;;M. Ángeles Lauriño;M. Ángeles Lauriño;;;2;7;;7.19;;;;;
BOS-HYM-N02772;Andrenidae;Andrena sp.;09/06/1987;Villapérez;Oviedo;Asturias;España;;;;;A. G. Rato;A. G. Rato;;;2;7;;7.19;;;;Apócritos;
BOS-HYM-N02773;Andrenidae;Andrena sp.;07/07/2010;Cayés;Llanera;Asturias;España;;;;;Verónica Glez;Verónica Glez;;;2;7;;7.19;;;;Halictus rubicundus;
BOS-HYM-N02774;Andrenidae;Andrena florea;24/05/1991;Maizales-Santurio;Gijón;Asturias;España;;;;Macho;C. Viña Herbón;C. Viña;A. Núñez;;2;7;;7.19;;;;Andrena extricata;
BOS-HYM-N02775;Andrenidae;Andrena florea;02/06/1983;Gijón;Gijón;Asturias;España;;;;Macho;Mª Luz Díaz Nido;A. Núñez;;;2;7;;7.19;;;;Himenópteros;
BOS-HYM-N02776;Andrenidae;Andrena sp.;16/04/1996;Lago Enol;;Asturias;España;;;;;Ana Quero;R. Ordiales;;;2;7;;7.19;;;;;
BOS-HYM-N02777;Andrenidae;Andrena sp.;29/06/1992;Margen alta del Tera (Sanabria, Zamora);;Zamora;España;Sobre flores en claro de robledal, margen alta del Tera;;;;Susana Barquero;Perrier;;;2;7;;7.19;;;30;;
BOS-HYM-N02778;Andrenidae;Andrena sp.;18/04/1987;Prados de Jove;Gijón;Asturias;España;;;;;Mª del Camino López;Mª del Camino López;;;2;7;;7.19;;;;Himenópteros;
BOS-HYM-N02779;Andrenidae;Andrena sp.;17/05/1986;San Esteban de las Cruces;Oviedo;Asturias;España;;;;;Mª Teresa Fdez Martínez;Encarnación Mtnez Granada;;;2;7;;7.19;;;;;
BOS-HYM-N02780;Andrenidae;Andrena sp.;18/07/1980;La Bañeza;La Bañeza;León;España;Cerca de río;;;;Ana Quero;;;;2;7;;7.19;;;;;
BOS-HYM-N02781;Andrenidae;Andrena sp.;21/05/1983;Pénjamo;La Felguera;Asturias;España;;;;;Glez Polavilla M.;;;;2;7;;7.19;;;;Himenópteros;
BOS-HYM-N02782;Andrenidae;Andrena sp.;17/04/1981;Restiello;Grado;Asturias;España;;;;;Blanca E. Álvarez;Blanca E. Álvarez;;;2;7;;7.19;;;;Sapygidae;
BOS-HYM-N02783;Andrenidae;Andrena sp.;28/05/1983;Oviedo;Oviedo;Asturias;España;Posado sobre Ranunculus;;;;Manuela Abascal Sañudo;;;;2;7;;7.19;;;;;
BOS-HYM-N02784;Andrenidae;Andrena sp.;10/07/1983;Sedano;Valle de Sedano;Burgos;España;;;;;M. I. Adrián;;;;2;7;;7.19;;;;;
BOS-HYM-N02785;Andrenidae;Andrena sp.;25/05/1980;Naranco (Oviedo);Oviedo;Asturias;España;;;15 h;;Gracia Fernández;Gracia Fdez;;;2;7;;7.19;;;;Apis mellifera;
BOS-HYM-N02786;Andrenidae;Andrena sp.;03/05/1978;Salamanca;Salamanca;Salamanca;España;;;;;T. Manzano;A. Anadón;;;2;7;;7.19;;;;Colletes;
BOS-HYM-N02787;Andrenidae;Andrena sp.;05/06/1983;C. Las Segadas;Oviedo;Asturias;España;;;;;I. Suárez Norella;;;;2;7;;7.19;;;;;
BOS-HYM-N02788;Andrenidae;Andrena sp.;05/06/1987;Oviedo;Oviedo;Asturias;España;;;;;Mª Teresa Espina Brito;Mª Teresa Espina Brito;;;2;7;;7.19;;;;Himenópteros;
BOS-HYM-N02789;Andrenidae;Andrena sp.;21/05/1983;La Magdalena;Avilés;Asturias;España;;;;;Evangelina;;;;2;7;;7.19;;;;;
BOS-HYM-N02790;Andrenidae;Andrena sp.;04/06/1983;Monte Naranco (Oviedo);Oviedo;Asturias;España;;;;;Ángela Pérez Ares;Ángela Pérez Ares;;;2;7;;7.19;;;;Himenópteros;
BOS-HYM-N02791;Andrenidae;Andrena sp.;05/07/1980;Salamanca;Salamanca;Salamanca;España;;;;;M. J. Gañán;M. J. Gañán;;;2;7;;7.19;;;;Apoidea;
BOS-HYM-N02792;Andrenidae;Andrena sp.;24/05/1992;Granda;Gijón;Asturias;España;Orilla del río;;;;Belén Álvarez;Belén Álvarez;;;2;7;;7.19;;;;Sphecodes fuscipennis;
BOS-HYM-N02793;Andrenidae;Andrena fulva;20/03/1978;Logroño;Logroño;La Rioja;España;Sobre flor;;;Hembra;José A. Gil;A. Núñez;;;2;7;;7.19;;;;;
BOS-HYM-N02794;Andrenidae;Andrena sp.;14/05/1991;Parque de invierno (Oviedo);Oviedo;Asturias;España;;;;;Mª Rosario Ruiz;Mª Rosario Ruiz;;;2;7;;7.19;;;;;
BOS-HYM-N02795;Andrenidae;Andrena sp.;22/04/1987;Mareo (Gijón);Gijón;Asturias;España;;;;;M. Cobos;M. Cobos;;;2;7;;7.19;;;;Himenóptero;
BOS-HYM-N02796;Andrenidae;Andrena fulvicrus;12/05/1988;Poo;Llanes;Asturias;España;Pradera;;;;J. R. Fdz López;J. R. Fdz López;;;2;7;;7.19;;;;;
BOS-HYM-N02797;Andrenidae;Andrena sp.;26/05/1993;Urdiales del Páramo;Urdiales del Páramo;León;España;Piedra;;;;Fijo Bexton;;;;2;7;;7.19;;;;Himenópteros;
BOS-HYM-N02798;Andrenidae;;26/09/1994;Fuerteventura;;Las Palmas de Gran Canaria;España;;;;;Maia J. Cabal;;;;2;7;;7.19;;;;;
BOS-HYM-N02799;Andrenidae;Andrena/Melitta;05/07/1987;Zamora;Zamora;Zamora;España;;;;Macho;J. M. Feital;J. M. Feital;;;2;7;;7.19;;;;Megachile centuncularis;
BOS-HYM-N02800;Andrenidae;Andrena sp.;10/05/1983;Las Segadas;Oviedo;Asturias;España;Seto;;;;A. Anadón;A. Anadón;;;2;7;;7.19;;;;Colletes?;
BOS-HYM-N02801;Andrenidae;Andrena sp.;26/02/1997;Los Alfilorios;;Asturias;España;;;;;P. Ramas;P. Ramas;;;2;7;;7.19;;;;Halictus sp.;
BOS-HYM-N02802;Andrenidae;Andrena sp.;21/05/1986;Pola de Siero;Siero;Asturias;España;;;;;M. Arroyo;;;;2;7;;7.19;;;;;
BOS-HYM-N02803;Andrenidae;Andrena sp.;07/06/1986;Pola de Lena;Lena;Asturias;España;;;;;M. A. Díaz Díaz;;;;2;7;;7.19;;;;;
BOS-HYM-N02804;Andrenidae;Andrena carbonaria;12/07/1985;Careses;Siero;Asturias;España;;;;;Alfredo G. Nicieza;E. Cueto;;;2;7;;7.19;;;;;
BOS-HYM-N02805;Andrenidae;Andrena sp.;18/05/1986;Vega de Poja;Siero;Asturias;España;Sobre flores;;;;R. A.;;;;2;7;;7.19;;;;;
BOS-HYM-N02806;Andrenidae;Andrena sp.;25/04/1976;Arnao;Castrillón;Asturias;España;;;;;Mª A. Fernández;;;;2;7;;7.19;;;;;
BOS-HYM-N02807;Andrenidae;Andrena sp.;24/05/1983;Somió;Gijón;Asturias;España;Campo;;;;A. Fdez Mtnez;A. Fdez Mtnez;;;2;7;;7.19;;;;Himenópteros;
BOS-HYM-N02808;Apidae;Panurgus banksianus;27/09/1996;Fabar;Proaza;Asturias;España;;;;;Silva Vega O.;Silva Vega O.;;;2;7;;7.19;;;;;
BOS-HYM-N02809;Andrenidae;Andrena sp.;23/05/1976;El Nocíu;;Asturias;España;;;;;R. Anadón;;;;2;7;;7.19;;;;;
BOS-HYM-N02810;Andrenidae;Andrena schencki;17/05/1991;Los Maizales;Gijón;Asturias;España;;;;;M. A. Paredes;M. A. Paredes;;;2;7;;7.19;;;;;
BOS-HYM 2201;Apidae;Xylocopa cantabrita;28/03/1988;Villarrodrigo;;León;España;;;;;Pellitero;Pellitero;;Aguado 2013;2;7;;7.20;;;;Bombus lapidarius;Psithyrus (macho)
BOS-HYM 2202;Apidae;Xylocopa valga;15/06/1993;Bedoya;Liébana;Cantabria;España;;;;Macho;Ángela F. Roiz;Ángela F. Roiz;A. Torralba det 01/14;;2;7;;7.20;;;;Xylocopa violacea;
BOS-HYM 2203;Apidae;Xylocopa violacea;14/07/1994;Becilla de Vald.;Becilla de Valderaduey;Valladolid;España;Jardín;730 m;;;Félix González;Félix González;;;2;7;;7.20;;;;;
BOS-HYM 2204;Apidae;Xylocopa valga;15/05/1987;Vanidodes;Magaz de Cepeda;León;España;;;;;L. Esoeso;B. Aguado;A. Torralba det 01/14;;2;7;;7.20;;;;Xylocopa violacea;
BOS-HYM 2205;Apidae;Xylocopa valga;15/08/1992;Murúa;Cigotia;Álava;España;;;;;J. Zalama Tena;Juan Zalama;A. Torralba det 01/14;;2;7;;7.20;;;;;
BOS-HYM 2206;Apidae;Xylocopa valga;13/07/1978;Campastero;Campastero;Valladolid;España;;;;Macho;C. Manzano;A. Torralba det 01/14;;;2;7;;7.20;;;;;
BOS-HYM 2208;Apidae;Xylocopa valga;27/07/1996;Monte Hijedo (Ruerrero de Ebro);Valderredible;Cantabria;España;;;;Macho;Manuel Ángel Alcántara;Manuel Ángel Alcántara;A. Torralba det 01/14;;2;7;;7.20;;;;Xylocopa violacea;
BOS-HYM 2209;Apidae;Xylocopa valga;10/08/1979;Muerias de Paredes;Muerias de Paredes;León;España;Volando en prado;;15 h;Macho;G. S. Jardón;G. S. Jardón;A. Torralba det 01/14;;2;7;;7.20;;;;Xylocopa violacea;
BOS-HYM 2210;Apidae;Xylocopa valga;_/07/1987;Cabezón de Pisuerga;Cabezón de Pisuerga;Valladolid;España;Linderos de cultivos;;;Macho;F. J. Pérez Barbería;F. J. Pérez Barbería;A. Torralba det 01/14;;2;7;;7.20;;;;Xylocopa violacea;
BOS-HYM 2211;Apidae;Xylocopa valga;_/07/1994;Becilla de Vald.;Becilla de Valderaduey;Valladolid;España;Jardín;730 m;;Macho;Rocío Paniagua;A. Torralba det 01/14;;;2;7;;7.20;;;;;
BOS-HYM 2212;Apidae;Xylocopa valga;19/07/1977;Mendivil;Olóriz;Navarra;España;;;;Hembra;Elvira Flamarique;A. Torralba det 01/14;;;2;7;;7.20;;;;;
BOS-HYM 2213;Apidae;Xylocopa valga;09/05/1987;Villaverde de la Abadía;Carracedelo;León;España;;;;Hembra;C. Martínez;C. Martínez Carrera;A. Torralba det 01/14;;2;7;;7.20;;;;Himenóptero;
BOS-HYM 2214;Apidae;Xylocopa valga;10/08/1987;La Alberca;La Alberca;Salamanca;España;;;;Hembra;J. M. Feital;J. M. Feital;A. Torralba det 01/14;;2;7;;7.20;;;;Xylocopa violacea;
BOS-HYM 2215;Apidae;Xylocopa valga;02/07/1984;Riaño;Riaño;León;España;;;;Hembra;J. A. Sánchez;M. A. Vega;A. Torralba det 01/14;;2;7;;7.20;;;;Xylocopa violacea;
BOS-HYM 2217;Apidae;Xylocopa valga;22/07/1976;Luarca;Valdés;Asturias;España;Bosque;;;Hembra;A. Reyero Marcos;A. Torralba det 01/14;;;2;7;;7.20;;;;;
BOS-HYM 2218;Apidae;Xylocopa valga;04/07/1981;San Emiliano;San Emiliano;León;España;;;;Hembra;M. C. Gutiérrez;A. Torralba det 01/14;;;1;3;;Caja moho 3;;;Tiene moho;;
BOS-HYM 2219;Apidae;Xylocopa valga;20/05/1982;León;León;León;España;Castaño;;;Hembra;Elena Suárez;Elena Suárez;A. Torralba det 01/14;;1;3;;Caja moho 3;;;Tiene moho;Himenópteros;
BOS-HYM 2220;Apidae;Xylocopa valga;06/06/1987;Madrid;Madrid;Madrid;España;Sierra (?);;;Hembra;Castro Sánchez L.;Sánchez Castro L.;A. Torralba det 01/14;;2;7;;7.20;;;;Himenópteros;
BOS-HYM 2222;Apidae;Xylocopa valga;10/06/1986;Palencia;Palencia;Palencia;España;;;;Hembra;L. Carro;M. Torres;A. Torralba det 01/14;;2;7;;7.20;;;;Xylocopa violacea;
BOS-HYM 2223;Apidae;Xylocopa valga;20/06/2002;León;León;León;España;Hoja;;;Hembra;Laura García;Laura García;A. Torralba det 01/14;;2;7;;7.20;;;;Xylocopa violacea;
BOS-HYM 2224;Apidae;Xylocopa valga;25/08/1985;Prados de la Poveda;Villalba;Madrid;España;;;;Hembra;M. Conde Quintana;A. Torralba det 01/14;;;2;7;;7.20;;;;;
BOS-HYM 2225;Apidae;Xylocopa valga;_/07/1982;Huétor Santillán;Huétor Santillán;Granada;España;;;;Hembra;Rafael Sánchez M.;A. Torralba det 01/14;;;2;7;;7.20;;;;;
BOS-HYM 2226;Apidae;Xylocopa valga;03/07/1993;León;León;León;España;;;;Hembra;Laura Rguez Glez;Laura Rguez Glez;A. Torralba det 01/14;;2;7;;7.20;;;;Xylocopa violacea;
BOS-HYM 2227;Apidae;Xylocopa valga;10/02/1976;Logroño;Logroño;La Rioja;España;;;;Hembra;Mª I. Martínez R.;A. Torralba det 01/14;;;1;3;;Caja moho 3;;;Tiene moho;;
BOS-HYM 2229;Apidae;Xylocopa valga;20/08/1997;Sahagún;Sahagún;León;España;;;;Hembra;Vitor Ortiz;Vitor X. Melero;A. Torralba det 01/14;;2;7;;7.20;;;;Xylocopa violacea;
BOS-HYM 2230;Apidae;Xylocopa sp.;_/01/1975;Cuernavaca;;;México;;;;Macho;;A. Torralba det 01/14;;;2;7;;7.20;;;;;
BOS-HYM 2080;Apidae;Xylocopa violacea;_/09/1974;S. Juan de la Mata;Arganza;León;España;;;;Macho;R. Álvarez;A. Torralba det 01/14;;;2;7;;7.21;;;;;
BOS-HYM 2081;Apidae;Xylocopa violacea;04/07/1983;Huelva;Huelva;Huelva;España;Matorral;;;Macho;José L. Suárez Fdez;José L. Suárez Fdez;A. Torralba det 01/14;;2;7;;7.21;;;;;
BOS-HYM 2082;Apidae;Xylocopa violacea;07/06/1978;Ponferrada;Ponferrada;León;España;Pradera con flores;;;Macho;;A. Torralba det 01/14;;;2;7;;7.21;;;;;
BOS-HYM 2083;Apidae;Xylocopa violacea;14/05/1980;Armunia;León;León;España;;;;Macho;A. Riera;A. Riera;A. Torralba det 01/14;;2;7;;7.21;;;;;
BOS-HYM 2084;Apidae;Xylocopa violacea;30/07/1975;Denia;Denia;Alicante;España;;;;;Gregorio R. Glez;Gregorio González;;;2;7;;7.21;;;;;
BOS-HYM 2085;Apidae;Xylocopa violacea;29/09/1979;Villaquilambre;Villaquilambre;León;España;;;;;O. Mansilla;O. Mansilla;;;2;7;;7.21;;;;;
BOS-HYM 2086;Apidae;Xylocopa violacea;26/04/1987;Garondillo;;León;España;En una flor;;;Macho;J. L. Suárez Suárez;M. J. Suárez Vallejo;A. Torralba det 01/14;;2;7;;7.21;;;;Himenóptero;
BOS-HYM 2087;Apidae;Xylocopa violacea;_/10/1984;Boñar;Boñar;León;España;En un jardín;;;Macho;Pilar Rguez Pérez;P. Rguez Pérez;A. Torralba det 01/14;;2;7;;7.21;;;;;
BOS-HYM 2088;Apidae;Xylocopa violacea;_/06/1985;San Emiliano;San Emiliano;León;España;;;;Macho;;A. Torralba det 01/14;;;2;7;;7.21;;;;;
BOS-HYM 2089;Apidae;Xylocopa violacea;29/03/1991;Cogeces del Monte;Cogeces del Monte;Valladolid;España;;;;Macho;P. Velasco Vallejo;P. Velasco Vallejo;A. Torralba det 01/14;;2;7;;7.21;;;;;
BOS-HYM 2090;Apidae;Xylocopa violacea;20/07/1982;Villaquilambre;Villaquilambre;León;España;;;;Macho;P. Tielve;A. Torralba det 01/14;;;2;7;;7.21;;;;;
BOS-HYM 2091;Apidae;Xylocopa violacea;03/06/1983;La Venta (Luarca);Valdés;Asturias;España;;;;Macho;Fco García F.;A. Torralba det 01/14;;;2;7;;7.21;;;;Himenópteros;
BOS-HYM 2092;Apidae;Xylocopa violacea;06/06/1981;León;León;León;España;;14 h;;Macho;M. Chamorro;A. Torralba det 01/14;;;2;7;;7.21;;;;;
BOS-HYM 2093;Apidae;Xylocopa violacea;10/10/1986;Geras de Gordón;La Pola de Gordón;León;España;;;;Macho;G. Barroso;G. Barroso;A. Torralba det 01/14;;2;7;;7.21;;;;;
BOS-HYM 2094;Apidae;Xylocopa violacea;02/04/1991;Santander;Santander;Santander;España;;;;Macho;Mª Rosario Ruiz;Mª Rosario Ruiz;A. Torralba det 01/14;;2;7;;7.21;;;;;
BOS-HYM 2095;Apidae;Xylocopa violacea;16/04/1987;Ftes Blancas (Burgos);Burgos;Burgos;España;;;;Macho;J. L. Benito;F. Ballesteros;A. Torralba det 01/14;;2;7;;7.21;;;;;
BOS-HYM 2096;Apidae;Xylocopa violacea;16/07/1997;Fernán Caballero;Fernán Caballero;Ciudad Real;España;;;;Macho;P. M. Lozano;C. Lozano;A. Torralba det 01/14;;2;7;;7.21;;;;;
BOS-HYM 2097;Apidae;Xylocopa violacea;06/04/1987;Urb. Fuentes Blancas (Burgos);Burgos;Burgos;España;;;;Macho;J. L. Benito;J. L. Benito;A. Torralba det 01/14;;2;7;;7.21;;;;;
BOS-HYM 2098;Apidae;Xylocopa violacea;09/10/1996;Lubián;Lubián;Zamora;España;;;;Macho;J. C. Arronte;J. C. Arronte;A. Torralba det 01/14;;2;7;;7.21;;;;;
BOS-HYM 2099;Apidae;Xylocopa violacea;15/09/1997;Cádiz;Cádiz;Cádiz;España;;;;Macho;Aitor Larrazabal;Idurre Larrazabal;A. Torralba det 01/14;;2;7;;7.21;;;;;
BOS-HYM 2100;Apidae;Xylocopa violacea;09/10/1996;Lubián;Lubián;Zamora;España;;;;Macho;J. C. Arronte;Carlos Revilla;A. Torralba det 01/14;;2;7;;7.21;;;;;
BOS-HYM 2101;Apidae;Xylocopa violacea;13/07/1994;Becilla de Vald.;Becilla de Valderaduey;Valladolid;España;Jardín;730 m;;Macho;Félix González;A. Torralba det 01/14;;;2;7;;7.21;;;;;
BOS-HYM 2102;Apidae;Xylocopa violacea;10/03/1993;Villalón de Campos;Villalón de Campos;Valladolid;España;;;;Macho;Santiago Pérez Calvo;Mª Julia Glez;A. Torralba det 01/14;;2;7;;7.21;;;;;
BOS-HYM 2103;Apidae;Xylocopa violacea;08/08/1990;Valladolid;Valladolid;Valladolid;España;;;;;Belén Coya;Belén Coya;;;2;7;;7.21;;;;;
BOS-HYM 2104;Apidae;Xylocopa violacea;27/08/1998;Los Pontones-Telledo;Lena;Asturias;España;Sobre una hoja de parra;;;Macho;C. Fdez Martín;C. Fdez Martín;A. Torralba det 01/14;;2;7;;7.21;;;;;
BOS-HYM 2105;Apidae;Xylocopa violacea;20/07/1995;Actel. El Ferral;San Andrés del Rabanedo;León;España;Jardín;;;Macho;J. A. Vigil Lagranda;J. A. Vigil Lagranda;A. Torralba det 01/14;;2;7;;7.21;;;;;
BOS-HYM 2106;Apidae;Xylocopa violacea;03/09/1994;Xivares;Carreño;Asturias;España;;;;Macho;M. Cossio Aranceta;M. D. Artime García;A. Torralba det 01/14;;2;7;;7.21;;;;;
BOS-HYM 2107;Apidae;Xylocopa violacea;05/07/1986;Boñar;Boñar;León;España;Camino;;;Macho;M. Arbesú;M. Arbesú;A. Torralba det 01/14;;2;7;;7.21;;;;;
BOS-HYM 2108;Apidae;Xylocopa violacea;27/07/1993;Tapia de Casariego;Tapia de Casariego;Asturias;España;;;;Macho;Judith F. Casero;Judith F. Casero;A. Torralba det 01/14;;2;7;;7.21;;;;;
BOS-HYM 2109;Apidae;Xylocopa violacea;04/07/1981;Sedano;Valle de Sedano;Burgos;España;;;;Macho;M. I. Adrián;A. Torralba det 01/14;;;2;7;;7.21;;;;;
BOS-HYM 2110;Apidae;Xylocopa violacea;02/04/1993;Bedoya;Liébana;Cantabria;España;;;;Macho;Ángela Fdez;Ángel Seroio;A. Torralba det 01/14;;2;7;;7.21;;;;;
BOS-HYM 2111;Apidae;Xylocopa violacea;_/05/1993;Villalón de Campos;Villalón de Campos;Valladolid;España;;;;;Mª Julia Glez;Elvira García;;;2;7;;7.21;;;;;
BOS-HYM 2112;Apidae;Xylocopa violacea;17/05/1986;Canales;;León;España;;;;Macho;M. Gutiérrez M.;A. Torralba det 01/14;;;2;7;;7.21;;;;;
BOS-HYM 2113;Apidae;Xylocopa violacea;01/04/1980;El Pardo;Madrid;Madrid;España;;;;Macho;C. Blanco;C. Blanco;A. Torralba det 01/14;;2;7;;7.21;;;;;
BOS-HYM 2114;Apidae;Xylocopa violacea;28/05/1988;Benamariel;Villamañán;León;España;;;;Macho;Pellitero;Pellitero;A. Torralba det 01/14;;2;7;;7.21;;;;;
BOS-HYM 2231;Apidae;Xylocopa violacea;1/2 Septiembre;Vidanes;Cistierna;León;España;Flores de jardín;;;Macho;Luis Sánchez;Luis S. V. ;A. Torralba det 01/14;;2;7;;7.21;;;;;
BOS-HYM 2146;Apidae;Xylocopa violacea;19/05/1982;Villaobispo;Villaquilambre;León;España;;;;Hembra;Rosana García;Rosana García;A. Torralba det 01/14;;2;7;;7.21;;;;Himenópteros;
BOS-HYM 2147;Apidae;Xylocopa violacea;27/07/1979;Alicante;Alicante;Alicante;España;;;;Hembra;U. Castro;A. Torralba det 01/14;;;2;7;;7.21;;;;;
BOS-HYM 2148;Apidae;Xylocopa violacea;20/07/1984;Revel;;;Francia;;;;Hembra;Blanca R. Laza;A. Torralba det 01/14;;;2;7;;7.21;;;;;
BOS-HYM 2232;Apidae;Xylocopa violacea;02/12/1982;La Bañeza;La Bañeza;León;España;Ribera de río;;;Hembra;J. Rafael Fdez Huerga;J. Rafael Fdez Huerga;A. Torralba det 01/14;;2;7;;7.21;;;;Apidae;
BOS-HYM 2233;Apidae;Xylocopa violacea;08/07/1981;Covarrubias;Covarrubias;Burgos;España;;;;Hembra;Fco Javier Cuesta;Fco Javier Cuesta;A. Torralba det 01/14;;1;3;;Caja moho 3;;;Tiene moho;;
BOS-HYM 2234;Apidae;Xylocopa violacea;15/08/1994;El Villar de Arnedo;El Villar de Arnedo;La Rioja;España;;;;;M. José Bañuelos;M. José Bañuelos;;;2;7;;7.21;;;;;
BOS-HYM 2235;Apidae;Xylocopa violacea;_/09/1994;Barrio El Monte (Pervera);Carreño;Asturias;España;;;;;David Martínez Fdo;David Martínez;;;2;7;;7.21;;;;;
BOS-HYM 2237;Apidae;Xylocopa violacea;29/09/1983;Covarrubias;Covarrubias;Burgos;España;Cerrada;;;Hembra;Javier Cuesta;Javier Cuesta;A. Torralba det 01/14;;2;7;;7.21;;;;;
BOS-HYM 2238;Apidae;Xylocopa violacea;31/11/2004;Vega de Infanzones;Vega de Infanzones;León;España;;;;Hembra;Marta Glez;Marta Glez García;;;2;7;;7.21;;;;;
BOS-HYM 2239;Apidae;Xylocopa violacea;_/09/1975;Villafranca del Bierzo;Villafranca del Bierzo;León;España;;;;Hembra;M. R. López García;A. Torralba det 01/14;;;2;7;;7.21;;;;;
BOS-HYM 2240;Apidae;Xylocopa violacea;18/08/1975;León;León;León;España;;;;Hembra;;;A. Torralba det 01/14;;2;7;;7.21;;;;;
BOS-HYM 2241;Apidae;Xylocopa violacea;26/05/1983;Urdiales del Páramo;Urdiales del Páramo;León;España;Cardo;;;Hembra;;;A. Torralba det 01/14;;2;7;;7.21;;;;Himenópteros;
BOS-HYM 2242;Apidae;Xylocopa violacea;27/03/1991;Manzanares el Real;Manzanares el Real;Madrid;España;;;;Hembra;M. Antoñanzas;A. Torralba det 01/14;;;2;7;;7.21;;;;;
BOS-HYM 2243;Apidae;Xylocopa violacea;Verano 1997;Valencia de Don Juan;Valencia de Don Juan;León;España;;;;Hembra;Carlos Repiso;Carlos Repiso;A. Torralba det 01/14;;2;7;;7.21;;;;;
BOS-HYM 2244;Apidae;Xylocopa violacea;29/08/2002;Villanueva del Campo;Villanueva del Campo;Zamora;España;Jardín;;;Hembra;Francisco Moreno;Manuel Menéndez;A. Torralba det 01/14;;2;7;;7.21;;;;;
BOS-HYM 2245;Apidae;Xylocopa violacea;23/07/1985;Gibraleón;Gibraleón;Huelva;España;;;;Hembra;J. L. F. S. del Viso;Celsa F. S. N.;A. Torralba det 01/14;;2;7;;7.21;;;;;
BOS-HYM 2130;Apidae;Xylocopa violacea;10/08/1987;La Alberca;La Alberca;Salamanca;España;;;;Hembra;J. M. Feital;J. M. Feital;A. Torralba det 01/14;;2;7;;7.21;;;;;
BOS-HYM 2131;Apidae;Xylocopa violacea;_/05/1982;Toreno;Toreno;León;España;Prado;;;Hembra;Susana Junquera;Susana Junquera;A. Torralba det 01/14;;2;7;;7.21;;;;;
BOS-HYM 2132;Apidae;Xylocopa violacea;08/08/1993;S. Miguel del Valle;S. Miguel del Valle;Zamora;España;;;;Hembra;C. Iturmendi M.;C. Iturmendi M.;A. Torralba det 01/14;;2;7;;7.21;;;;;
BOS-HYM 2133;Apidae;Xylocopa violacea;03/05/1982;Fresno de Sayago;Fresno de Sayago;Zamora;España;;;;Hembra;Pilar García M.;A. Torralba det 01/14;;;2;7;;7.21;;;;;
BOS-HYM 2134;Apidae;Xylocopa violacea;18/07/1986;Valencia de Don Juan;Valencia de Don Juan;León;España;Jardín;500 m;;Hembra;Alex Merino;Alex Merino;A. Torralba det 01/14;;2;7;;7.21;;;;;
BOS-HYM 2135;Apidae;Xylocopa violacea;25/07/1975;Vide;;Pontevedra;España;Campo;;;Hembra;M. Ponce Glez;A. Torralba det 01/14;;;1;3;;Caja moho 3;;;Tiene moho;;
BOS-HYM 2136;Apidae;Xylocopa violacea;Año 1991;La Robla;La Robla;León;España;;;;Hembra;Pablo A. A.;E. B. G.;A. Torralba det 01/14;;2;7;;7.21;;;;;
BOS-HYM 2123;Apidae;Xylocopa violacea;25/07/1977;Castuera;Castuera;Badajoz;España;;;;Hembra;A. Benítez-D.;A. Benítez-D.;A. Torralba det 01/14;;2;7;;7.21;;;;;
BOS-HYM 2124;Apidae;Xylocopa violacea;20/08/1997;Fernán Caballero;Fernán Caballero;Ciudad Real;España;;;;Hembra;P. M. Lozano;C. Lozano;A. Torralba det 01/14;;2;7;;7.21;;;;Xylocopa valga;
BOS-HYM 2125;Apidae;Xylocopa violacea;25/03 ó 04/1975;Cap d'Ail (Niza);;;Francia;;;;Hembra;Juan Bárcena Rodríguez;A. Quero;A. Torralba det 01/13;;2;7;;7.21;;;;;
BOS-HYM 2126;Apidae;Xylocopa violacea;14/07/1988;Jardín Botánico (Madrid);Madrid;Madrid;España;;;;Hembra;Antonio Gómez Fdez;Antonio Gómez Fdez;A. Torralba det 01/14;;2;7;;7.21;;;;;
BOS-HYM 2127;Apidae;Xylocopa violacea;20/08/1986;Secarejo;Cimanes del Tejar;León;España;;;;Hembra;R. M. García;A. Torralba det 01/14;;;2;7;;7.21;;;;;
BOS-HYM 2128;Apidae;Xylocopa violacea;06/06/1985;Cubillas de R.;;León;España;;;;Hembra;L. Casado;L. Casado;A. Torralba det 01/14;;2;7;;7.21;;;;Himenópteros;
BOS-HYM 2129;Apidae;Xylocopa violacea;04/05/1994;Monforte de Lemos;Monforte de Lemos;Lugo;España;;;;Hembra;A. Reboiro Rodríguez;Maceda Sélymes;A. Torralba det 01/14;;2;7;;7.21;;;;;
BOS-HYM 2116;Apidae;Xylocopa violacea;18/09/1988;Casanova;Casanova;Burgos;España;;;;;Antonio Palacios;Antonio Palacios;;;2;7;;7.21;;;;;
BOS-HYM 2117;Apidae;Xylocopa violacea;07/08/1987;Llanes;Llanes;Asturias;España;;;;;L. Lozano;L. Lozano;;;2;7;;7.21;;;;;
BOS-HYM 2118;Apidae;Xylocopa violacea;_/06/1987;Boñar;Boñar;León;España;;;;;Ana María Glez Antuña;Ana María Glez Antuña;;;1;3;;Caja moho 3;;;Tiene moho;;
BOS-HYM 2119;Apidae;Xylocopa violacea;12/04/1990;S. Antolín de Ibias;Ibias;Asturias;España;;;;;Luis Valle;Luis Valle;;;2;7;;7.21;;;;;
BOS-HYM 2120;Apidae;Xylocopa violacea;07/07/1979;Salamanca;Salamanca;Salamanca;España;;;;;José F. García;José F. García;;;1;3;;Caja moho 3;;;Tiene moho;;
BOS-HYM 2121;Apidae;Xylocopa violacea;09/08/1975;Denia ;Denia;Alicante;España;;;;Hembra;Gregorio Glez;Gregorio Glez;A. Torralba det 01/14;;2;7;;7.21;;;;;
BOS-HYM 2122;Apidae;Xylocopa violacea;24/08/2004;Regaña;;;España;Bolera;;;Hembra;Héctor García;Héctor García;A. Torralba det 01/14;;2;7;;7.21;;;;;
BOS-HYM 2284;Andrenidae;Andrena pilipes;12/05/1991;Palencia;Palencia;Palencia;España;;;;Hembra;C. Glez Lozano;A. M. Glez Lozano;A. Núñez det 2021;;2;7;;7.22;;;;Xylocopa valga;
BOS-HYM 2247;Andrenidae;Andrena thoracica;25/03/2008;Barres;Castropol;Asturias;España;;;;;E. Montes;E. Montes;Marián Álvarez det. 2021;;2;7;;7.22;;;;Apis mellifera;
BOS-HYM 2237;Andrenidae;Andrena assimilis;04/04/1999;Soto del Barco;Soto del Barco;Asturias;España;;;;Hembra;Rebeca G.;Rebeca G.;Marián Álvarez det. 2021;;2;7;;7.22;;;;Andrena haemorrhoa;
BOS-HYM 2131;Apidae;Andrea florea;15/05/1982;Gijón;Gijón;Asturias;España;Campo de siega;;;Hembra;Luis I. Martín Lorenzo;A. Núñez 2021;;;2;7;;7.22;;;;;
BOS-HYM 2234;Apidae;Andrea florea;13/05/1987;Salinas;Salinas;Asturias;España;Sobre Brassica;0 m;;Hembra;Rubén Herrero Hevia;Rubén Herrero Hevia;Marián Álvarez det. 2021;;2;7;;7.22;;;;Himenóptera;
BOS-HYM 2235;Andrenidae;Andrena agulimima;16/04/1987;Bañugues (Luanco);Gozón;Asturias;España;Pradería;Nivel del mar;15 h;;José Manuel F. Mtnz;José Manuel F. Mtnz;;;2;7;;7.22;;;;Apoideo. ;
BOS-HYM 2236;Andrenidae;Andrena agilissima;25/05/1986;Oviedo;Oviedo;Asturias;España;;;;Hembra;Yolanda Colubi;Yolanda Colubi;Marián Álvarez det. 2021;;2;7;;7.22;;;;Himenópteros;
BOS-HYM 2238;Andrenidae;Andrena agilissima;13/05/1988;Poo de Llanes;Llanes;Asturias;España;Prado;;;Macho;José Luis Vega;Juan Carlos Ruiz;Marián Álvarez det. 2021;;2;7;;7.22;;;;Macropis labiata;
BOS-HYM 2239;Andrenidae;Andrena agilissima;19/05/1991;Santuario;Gijón;Asturias;España;Borde camino;;;Macho;M. A. Paredes;M. A. Paredes;Marián Álvarez det. 2021;;2;7;;7.22;;;;Andrena carbonaria;
BOS-HYM 2240;Andrenidae;Andrena agilissima;04/05/1993;San Andrés (Trubia);Oviedo;Asturias;España;Márgenes río Trubia;;3,45 h;Macho;R. A. Fdez García;A. Fdez García;A. Núñez;;2;7;;7.22;;;;Andrena sp. (hembra);
BOS-HYM 2244;Andrenidae;Andrena agilissima;11/04/1981;León;León;León;España;;;12 h;Hembra;M. Chamorro;;Marián Álvarez det. 2021;;2;7;;7.22;;;;Himenópteros;
BOS-HYM 2245;Andrenidae;Andrena agilissima;27/05/1976;Colloto;;Asturias;España;;;;Hembra;Mª L. C. Arias;A. Anadón;Marián Álvarez det. 2021;;2;7;;7.22;;;;Andrena sp.;
BOS-HYM 2243;Andrenidae;Andrena agilissima;22/04/1981;Grado;Grado;Asturias;España;;;;Hembra;Isabel Fdez G.;Marián Álvarez det. 2021;;;2;7;;7.22;;;;Dípteros;
BOS-HYM 2246;Andrenidae;Andrena afrensis;05/08/1980;El Campo;;León;España;;;;;Ana J. González Fernández;;Marián Álvarez det. 2021;;2;7;;7.22;;;;Himenópteros;
BOS-HYM 2242;Andrenidae;Andrena agilissima;07/06/1986;La Luz (Avilés);Avilés;Asturias;España;;;;Hembra;Juana Pérez Muñoz;Marián Álvarez det. 2021;;;2;7;;7.22;;;;;
BOS-HYM 2241;Andrenidae;Andrena agilissima;24/06/1990;Barro;Llanes;Asturias;España;;;;Hembra;M. Ángeles Lauriño;M. Ángeles Lauriño;Marián Álvarez det. 2021;;2;7;;7.22;;;;Andrena pilipes;
BOS-HYM-N02811;Halictidae;Halictus sp.;20/05/1983;Gijón;Gijón;Asturias;España;Prado;;;;Ernestina Coto Serna;;;;1;3;;Caja moho 3;;;Tiene moho;;
BOS-HYM-N02812;Halictidae;Halictus sexcinctus;11/08/1987;San Juan;El Franco;Asturias;España;Brezal-tojal;;;;J. R. Fdez López;J. R. Fdez López;;;2;7;;7.23;;;;;
BOS-HYM-N02813;Halictidae;Halictus sp.;08/08/1980;Lage;Lage;La Coruña;España;Agujero suelo;;;;A. Anadón;;;;2;7;;7.23;;;;;
BOS-HYM-N02814;Halictidae;Halictus scabiosae;25/04/1978;Sta Eulalia (Luanco);Gozón;Asturias;España;Sobre flor;;;;;A. Anadón;;;2;7;;7.23;;;;;
BOS-HYM-N02815;Halictidae;Halictus sp.;16/05/1981;Oviedo;Oviedo;Asturias;España;;;;;Isabel Fdez G.;;;;2;7;;7.23;;;;Dípteros;
BOS-HYM-N02816;Halictidae;Halictus sp.;15/08/1980;Panjón;Nigrán;Pontevedra;España;;;;;A. Anadón;;;;2;7;;7.23;;;;;
BOS-HYM-N02817;Halictidae;Halictus sp.;15/08/1980;Panjón;Nigrán;Pontevedra;España;;;;;A. Anadón;;;;2;7;;7.23;;;;;
BOS-HYM-N02818;Halictidae;Halictus sp.;15/08/1980;Panjón;Nigrán;Pontevedra;España;;;;;A. Anadón;;;;2;7;;7.23;;;;;
BOS-HYM-N02819;Halictidae;Halictus sp.;15/08/1980;Panjón;Nigrán;Pontevedra;España;;;;;A. Anadón;;;;2;7;;7.23;;;;;
BOS-HYM-N02820;Halictidae;Halictus sp.;15/08/1980;Panjón;Nigrán;Pontevedra;España;;;;;A. Anadón;;;;2;7;;7.23;;;;;
BOS-HYM-N02821;Halictidae;Halictus sp.;15/08/1980;Panjón;Nigrán;Pontevedra;España;;;;;A. Anadón;;;;2;7;;7.23;;;;;
BOS-HYM-N02822;Halictidae;Halictus sp.;05/08/1980;El Campo;;León;España;;;;;Ana J. González Fernández;;;;2;7;;7.23;;;;Himenópteros;
BOS-HYM-N02823;Halictidae;Halictus sp.;10/10/1985;Silvota;Llanera;Asturias;España;;;;;Sergio Solano;;;;2;7;;7.23;;;;;
BOS-HYM-N02824;Halictidae;Halictus sp.;27/07/1988;Parquesol (Valladolid);Valladolid;Valladolid;España;;;;;R. Echeandia;R. Echeandia;;;2;7;;7.23;;;;;
BOS-HYM-N02825;Halictidae;Halictus sp.;26/03/1978;Cozuelos de Ojeda;Aguilar de Campoo;Palencia;España;Campo;970 m;;;Adelaida Riego;;;;2;7;;7.23;;;;;
BOS-HYM-N02826;Halictidae;Halictus sp.;31/05/1986;Nubledo;Corvera;Asturias;España;En prado;100 m;;;J. Majada Guijo;;;;1;3;;Caja moho 3;;;Tiene moho;;
BOS-HYM-N02827;Halictidae;Halictus nitidus;05/06/1988;Viavélez;El Franco;Asturias;España;Sobre Malva;;;;J. R. Fdez López;J. R. Fdez López;;;2;7;;7.23;;;;;
BOS-HYM-N02828;Halictidae;Halictus sp.;02/05/1997;Salamir;Cudillero;Asturias;España;;;;;C. Rodríguez del Valle;I. Gutiérrez Martínez;;;2;7;;7.23;;;;;
BOS-HYM-N02829;Halictidae;Halictus sp.;27/04/1997;Artedo;Cudillero;Asturias;España;;;;;C. Rguez del Valle;C. Rguez del Valle;;;2;7;;7.23;;;;;
BOS-HYM-N02830;Halictidae;Halictus sp.;18/08/1981;Panjón;Nigrán;Pontevedra;España;;;;;;;;;2;7;;7.23;;;;;
BOS-HYM-N02831;Halictidae;Halictus sp.;27/07/1972;Panjón;Nigrán;Pontevedra;España;;;;;R. Anadón;;;;2;7;;7.23;;;;Apoideos;
BOS-HYM-N02832;Colletidae;Hylaeus sp.;13/08/1988;Simancas;Simancas;Valladolid;España;;;;;M. A. Aranda;A. Anadón;;;2;7;;7.23;;;;;
BOS-HYM-N02833;Halictidae;Halictus sp.;22/07/1972;Panjón;Nigrán;Pontevedra;España;;;;;R. Anadón;;;;2;7;;7.23;;;;;
BOS-HYM-N02834;;;05/07/1979;Llantrales;Grado;Asturias;España;Huerta;;;;P. Ciscar;;;;2;7;;7.23;;;;;
BOS-HYM-N02835;Halictidae;Halictus sp.;12/09/1980;Llanera;Llanera;Asturias;España;;;;;Ana Quero;;;;2;7;;7.23;;;;;
BOS-HYM-N02836;Halictidae;Halictus major;17/04/1989;Monte Naranco;Oviedo;Asturias;España;;;;;Antonio Gómez Fdez;Antonio Gómez Fdez;;;2;7;;7.23;;;;;
BOS-HYM-N02837;Halictidae;Halictus sp.;12/04/1987;Sograndio;Oviedo;Asturias;España;;;;;Marcos Suárez García;;;;2;7;;7.23;;;;Himenópteros;
BOS-HYM-N02838;Halictidae;Halictus sp.;01/05/1986;Collado;Siero;Asturias;España;;;;;Ana Fonseca;Teresa Glez Sanz;;;2;7;;7.23;;;;Himenóptero;
BOS-HYM-N02839;Colletidae;Colletes succinctus;23/10/1989;Luarca;Valdés;Asturias;España;;;;;M. Pagaguntundra;M. Pagaguntundra;;;2;7;;7.23;;;;;
BOS-HYM-N02840;Colletidae;Colletes succinctus;24/10/1989;Villar (Luarca);Valdés;Asturias;España;;;;;Clara Fdez Ochoa;Clara Fdez Ochoa;;;2;7;;7.23;;;;Dasylabris maura (Mutillidae);
BOS-HYM-N02841;Colletidae;Colletes succinctus;22/10/1991;Villar (Luarca);Valdés;Asturias;España;;;;;A. M. Glez Lozano;A. M. Glez Lozano;;;2;7;;7.23;;;;Halictus scabiosa;
BOS-HYM-N02842;Colletidae;Colletes succinctus;23/10/1991;Avín;Onís;Asturias;España;;;;;Pedro García-Rovés;Pedro García-Rovés;;;2;7;;7.23;;;;;
BOS-HYM-N02843;Colletidae;Colletes succinctus;22/10/1990;Villar (Luarca);Valdés;Asturias;España;;;;;Diana Cifuentes;Diana Cifuentes;;;2;7;;7.23;;;;Halictus scabiosae;
BOS-HYM-N02844;Colletidae;Colletes succinctus;24/10/1989;Villar (Luarca);Valdés;Asturias;España;;;;Macho;Clara Fdez Ochoa;Clara Fdez Ochoa;;;2;7;;7.23;;;;Halictus rubicunda;
BOS-HYM-N02845;Halictidae;Halictus sp.;29/05/1980;Somió;Gijón;Asturias;España;;;;;José M. Glez Cases;;;;2;7;;7.23;;;;Himenópteros;
BOS-HYM-N02846;Halictidae;Halictus sp.;20/05/1983;Turón;;;España;;;;;Helena Fdez;Helena Fdez;;;2;7;;7.23;;;;Himenópteros;
BOS-HYM-N02847;Halictidae;Halictus sp.;02/06/1983;Paseo de la Grúa (Ribadesella);Ribadesella;Asturias;España;;;;;Mª Dolores C.;;;;2;7;;7.23;;;;Himenópteros;
BOS-HYM-N02848;Halictidae;Halictus sp.;04/05/1976;La Felguera;Langreo;Asturias;España;;;;;Isabel Rguez;;;;2;7;;7.23;;;;;
BOS-HYM-N02849;Halictidae;Halictus sp.;_/07/1983;Oviedo;Oviedo;Asturias;España;;;;;Charo M. Farpun;;;;2;7;;7.23;;;;;
BOS-HYM-N02850;Halictidae;Halictus sp.;15/09/1980;Llanera;Llanera;Asturias;España;;;;;Ana Quero;;;;2;7;;7.23;;;;;
BOS-HYM-N02851;Halictidae;Halictus sp.;03/08/1972;Panjón;Nigrán;Pontevedra;España;;;;;R. Anadón;;;;2;7;;7.23;;;;;
BOS-HYM-N02852;Halictidae;Halictus sp.;18/07/1980;La Bañeza;La Bañeza;León;España;Cerca de río;;;;Ana Quero;;;;2;7;;7.23;;;;;
BOS-HYM-N02853;Halictidae;Halictus sp.;18/07/1980;La Bañeza;La Bañeza;León;España;Cerca de río;;;;Ana Quero;;;;2;7;;7.23;;;;;
BOS-HYM-N02854;Halictidae;Halictus sp.;23/04/1976;Trubia;Oviedo;Asturias;España;Huerta;;;;P. Ciscar;;;;2;7;;7.23;;;;;
BOS-HYM-N02855;Halictidae;Halictus sp.;21/03/1979;Sta Mª del Mar;Castrillón;Asturias;España;;;;;M. A. Aranda;A. Anadón;;;2;7;;7.23;;;;;
BOS-HYM-N02856;Halictidae;Halictus sp.;21/03/1979;Sta Mª del Mar;Castrillón;Asturias;España;;;;;M. A. Aranda;A. Anadón;;;2;7;;7.23;;;;;
BOS-HYM-N02857;;;07/08/1986;Ceares (Gijón);Gijón;Asturias;España;Prado;;;;Jesús G. Durán;Jesús G. Durán;;;2;7;;7.23;;;;;
BOS-HYM-N02858;;;15/08/1980;Panjón;Nigrán;Pontevedra;España;;;;;A. Anadón;;;;2;7;;7.23;;;;;
BOS-HYM-N02859;Halictidae;Halictus laevigatus;04/06/1988;Viavélez;El Franco;Asturias;España;Jardín;;;;J. R. Fdez López;J. R. Fdez López;;;2;7;;7.23;;;;;
BOS-HYM-N02860;Halictidae;Halictus sp.;_/05/1980;Gijón;Gijón;Asturias;España;;;;;J. Junquera;;;;2;7;;7.23;;;;Vespa sp.;
BOS-HYM-N02861;;;23/07/1972;Panjón;Nigrán;Pontevedra;España;;;;;R. Anadón;;;;2;7;;7.23;;;;;
BOS-HYM-N02862;Halictidae;Halictus sp.;_/07/1976;Mijares;Santillana del Mar;Cantabria;España;;;;;Ángel Múgica B.;A. Anadón. A. Quero;;;2;7;;7.23;;;;;
BOS-HYM-N02863;Halictidae;Halictus sp.;23/07/1972;Panjón;Nigrán;Pontevedra;España;;;;;R. Anadón;;;;2;7;;7.23;;;;;
BOS-HYM-N02864;Halictidae;Halictus sp.;18/07/1980;La Bañeza;La Bañeza;León;España;Cerca de río;;;;Ana Quero;;;;2;7;;7.23;;;;;
BOS-HYM-N02865;Halictidae;Halictus sp.;25/03/1975;Avilés;Avilés;Asturias;España;;;;;J. R. González;;;;2;7;;7.23;;;;;
BOS-HYM-N02866;Halictidae;Halictus sp.;29/06/1975;Corias;Pravia;Asturias;España;;;;;C. F. B. Quirós;;;;2;7;;7.23;;;;;
BOS-HYM-N02867;Halictidae;Halictus sp.;21/03/1979;Sta Mª del Mar;Castrillón;Asturias;España;;;;;M. A. Aranda;A. Anadón;;;2;7;;7.23;;;;;
BOS-HYM-N02868;Halictidae;Halictus sp.;25/03/1975;Avilés;Avilés;Asturias;España;;;;;M. A. Aranda;A. Anadón;;;2;7;;7.23;;;;;
BOS-HYM-N02869;Halictidae;Halictus sp.;15/05/1978;Oviedo;Oviedo;Asturias;España;En la calle;;;;Fco Javier Fdez Martínez;A. Anadón;;;2;7;;7.23;;;;;
BOS-HYM-N02870;Halictidae;Halictus sp.;_/05/1976;El Cristo (Oviedo);Oviedo;Asturias;España;;;;;P. León C.;A. Anadón. A. Quero;;;2;7;;7.23;;;;;
BOS-HYM-N02871;Halictidae;Lasioglossum albipes;26/08/1991;El Puntal;Villaviciosa;Asturias;España;;;;Macho;Lola Granados;Lola Granados;A. Núñez;;2;7;;7.23;;;;Anoplius viaticus;
BOS-HYM-N02872;Halictidae;;20/04/1978;La Caridad;El Franco;Asturias;España;Sobre estiércol;;;;M. Pascual;;;;2;7;;7.23;;;;;
BOS-HYM-N02873;Halictidae;;20/08/1997;Rodiles;Villaviciosa;Asturias;España;;;;;J. Antuña;;;;2;7;;7.23;;;;;
BOS-HYM-N02874;Halictidae;;15/09/1980;Llanera;Llanera;Asturias;España;;;;;Ana Quero;;;;2;7;;7.23;;;;;
BOS-HYM-N02875;Halictidae;;03/06/1990;Salave;Tapia;Asturias;España;;;;Hembra;Damiana González Fernández;Damiana González Fernández;;;2;7;;7.23;;;;Tetralonia salicariae;
BOS-HYM-N02876;Halictidae;;15/05/1976;Oviedo;Oviedo;Asturias;España;;;;;S. Gargallo;;;;2;7;;7.23;;;;;
BOS-HYM-N02877;Andrenidae;Andrena sp.;13/07/1978;Simancas;;Asturias;España;;;;;M. A. Aranda;A. Anadón. A. Quero;;;2;7;;7.24;;;;;
BOS-HYM-N02878;Andrenidae;Andrena hattorfiana;06/08/1990;Pola de Lena (Valle El Peral);Lena;Asturias;España;Sobre zarzas;;;;Susana L.-Acevedo;Susana L.-Acevedo;;;2;7;;7.24;;;;;
BOS-HYM-N02879;Andrenidae;Andrena sp.;09/03/1996;P. Pura Tomás (Oviedo);Oviedo;Asturias;España;;;;;Presen Ordiérez;Presen Ordiérez;;;2;7;;7.24;;;;;
BOS-HYM-N02880;Andrenidae;Andrena sp.;28/04/1998;San Andrés (El Entrego);San Martín del Rey Aurelio;Asturias;España;;;;;Jaime Mier;Jaime Mier;;;2;7;;7.24;;;;Andrena carbonaria;
BOS-HYM-N02881;Andrenidae;Andrena sp.;29/07/1983;Panjón;Nigrán;Pontevedra;España;Terreno inculto;;12 h;;A. Anadón;;;;2;7;;7.24;;;;;
BOS-HYM-N02882;Andrenidae;Andrena sp.;21/04/1974;Corias;Pravia;Asturias;España;;;;;M. A. Álvarez;A. Anadón;;;2;7;;7.24;;;;;
BOS-HYM-N02883;Andrenidae;Andrena sp.;_/06/1975;S. Cristóbal (Avilés);Avilés;Asturias;España;;;;;M. A. Aranda;;;;2;7;;7.24;;;;;
BOS-HYM-N02884;Andrenidae;Andrena haemorrhoa;15/06/1990;Oviedo;Oviedo;Asturias;España;;;;;J. Riera;J. Riera;;;2;7;;7.24;;;;;
BOS-HYM 2309;Halictidae;Halictus scabiosae;10/10/2005;Mieres;Mieres;Asturias;España;Paseo del río;;;Hembra;Tamara A. G. y Antón Garate;Tamara A. G. y Antón Garate;Marián Álvarez det. 2021;;2;7;;7.24;;;;Apis mellifera;
BOS-HYM 2308;Halictidae;Halictus scabiosae;09/08/1982;Salinas;Castrillón;Asturias;España;;;;Hembra;J. R. García;Marián Álvarez det. 2021;;;1;3;;Caja moho 3;;;Tiene moho;;
BOS-HYM 2306;Halictidae;Halictus scabiosae;16/08/1995;Gijón;Gijón;Asturias;España;Prado;;;Hembra;Eduardo Díaz;Eduardo Díaz;Marián Álvarez det. 2021;;2;7;;7.24;;;;;
BOS-HYM 2307;Halictidae;Halictus scabiosae;16/08/1981;Monteferro;;Pontevedra;España;;;;Macho;A. Anadón;Marián Álvarez det. 2021;;;2;7;;7.24;;;;;
BOS-HYM 2305;Halictidae;Halictus scabiosae;13/06/1983;Someron;Mieres;Asturias;España;;;;Hembra;C. Díaz-Sala;C. Díaz-Sala;Marián Álvarez det. 2021;;2;7;;7.24;;;;Apócritos;
BOS-HYM 2304;Halictidae;Halictus scabiosae;27/03/1976;Trubia;Oviedo;Asturias;España;Matorral;;;Hembra;P. Ciscar;Marián Álvarez det. 2021;;;2;7;;7.24;;;;;
BOS-HYM 2303;Halictidae;Halictus scabiosae;31/05/1982;Naranco (Oviedo);Oviedo;Asturias;España;Prado;320 m;;Hembra;;Marián Álvarez det. 2021;;;2;7;;7.24;;;;Hymenoptera;
BOS-HYM 2302;Halictidae;Halictus scabiosae;29/10/1981;Ules;Oviedo;Asturias;España;Prado;;12 h;Hembra;M. I. Saloña;M. I. Saloña;Marián Álvarez det. 2021;;2;7;;7.24;;;;;
BOS-HYM 2301;Halictidae;Halictus scabiosae;;Ules;Oviedo;Asturias;España;Pradera;;;Hembra;D. Fuente;Marián Álvarez det. 2021;;;1;3;;Caja moho 3;;;Tiene moho;;
BOS-HYM 2300;Halictidae;Halictus scabiosae;27/04/1980;Luces;;Asturias;España;Prado;;13 h;Hembra;José A. Gil;A. Anadón;Marián Álvarez det. 2021;;2;7;;7.24;;;;;
BOS-HYM 2297;Halictidae;Halictus scabiosae;27/06/1995;Actel. El Ferral;;León;España;Pradera seca;;;Hembra;J. A. Vigil Lagranda;J. A. Vigil Lagranda;Marián Álvarez det. 2021;;2;7;;7.24;;;;;
BOS-HYM 2298;Halictidae;Halictus scabiosae;05/09/1990;Santander;Santander;Cantabria;España;Jardín;;;Hembra;Mª Rosario Ruiz;Mª Rosario Ruiz;Marián Álvarez det. 2021;;2;7;;7.24;;;;;
BOS-HYM 2299;Halictidae;Halictus scabiosae;14/05/1991;El C.A.U. (Oviedo);Oviedo;Asturias;España;;;;Hembra;Loren Pérez Melero;Loren Pérez Melero;Marián Álvarez det. 2021;;2;7;;7.24;;;;;
BOS-HYM-N02885;Melittidae;Melitta sp.;06/07/1997;Rodiles;Villaviciosa;Asturias;España;;;;;J. Antuña;;;;2;7;;7.24;;;;;
BOS-HYM-N02886;Andrenidae;Panurgus sp.;30/06/1977;Mendivil;Olóriz;Navarra;España;;;;;E. Flamarique;;;;2;7;;7.24;;;;;
BOS-HYM-N02887;Apidae;Xylocopa cantabrita;22/04/1978;Villafranca del Bierzo;Villafranca del Bierzo;León;España;;;;Hembra;Mª Luz García;A. Núñez;;;2;7;;7.25;;;;;
BOS-HYM-N02888;Apidae;Anthophora plumipes;13/?/1993;Desfiladero de las Xanas;;Asturias;España;Abejero en el suelo;;13:15 h;Hembra;A. Fdez García;A. Fdez García;A. Núñez;;2;7;;7.25;;;;Anthophora bimaculata;
BOS-HYM-N02889;Apidae;Xylocopa cantabrita;11/05/1993;Villalón de Campos;Villalón de Campos;Valladolid;España;;;;;Santiago Pérez Calvo;A. Núñez;;;2;7;;7.25;;;;;
BOS-HYM-N02890;Apidae;Anthophora sp.;07/05/1972;Armunia;León;León;España;;;;;A. Riera;A. Riera;;;2;7;;7.25;;;;;
BOS-HYM-N02891;Apidae;Psithyrus sp.;24/03/1994;Tiñana;Siero;Asturias;España;;;;;Rosal Fraga;Rosal Fraga;;;2;7;;7.25;;;;;
BOS-HYM-N02892;Apidae;Psithyrus campestris;04/04/1996;Rasines;Rasines;Cantabria;España;;;;;A. Bonachea;A. Bonachea;;;2;7;;7.25;;;;Bombus subterraneus;Bombus hortorum
BOS-HYM-N02893;Apidae;Psithyrus sp.;14/05/1980;Armunia;León;León;España;;;;;A. Riera;A. Riera;;;2;7;;7.25;;;;;
BOS-HYM-N02894;Apidae;Psithyrus campestris;12/04/1989;Oviedo;Oviedo;Asturias;España;;;;;Jorge González;Jorge González;;;2;7;;7.25;;;;;
BOS-HYM-N02895;Apidae;Bombus distinguendus;_/07/1983;Mieres;Mieres;Asturias;España;Carretera puerto. Pinos;;;;José F. Álvarez;José F. Álvarez;;;2;7;;7.25;;;;Bombus terrestris;
BOS-HYM-N02896;Apidae;Psithyrus campestris;31/08/1990;Germonde;Valdés;Asturias;España;;;;;J. Ramón Glez Glez;J. Ramón Glez Glez;;;2;7;;7.25;;;;;
BOS-HYM-N02897;Apidae;Psithyrus sp.;27/07/1993;Villar;Hermandad de Campoo de Suso;Cantabria;España;;;;;Marta Gatón;Marta Gatón;;;2;7;;7.25;;;;Bombus hortorum;
BOS-HYM-N02898;Apidae;Psithyrus campestris;23/05/1993;San Andrés de los Tocones;Gijón;Asturias;España;Márgenes del embalse de S. Andrés de los Tocones;;;;A. Fdez García;A. Fdez García;;;2;7;;7.25;;;;Psithyrus vestalis;
BOS-HYM-N02899;Apidae;Psithyrus campestris;01/06/1982;Carbajal;;León;España;;;;;M. C. Gutiérrez;M. C. Gutiérrez;;;2;7;;7.25;;;;Apidae;
BOS-HYM-N02900;Apidae;Anthophora sp.;14/10/1984;Maysu Solis (Langreo);Langreo;Asturias;España;En flor;;;;Ladis del Río;;;;1;3;;Caja moho 3;;;Tiene moho;;
BOS-HYM-N02901;Apidae;Psithyrus campestris;12/08/1988;Puerto de Cubilla;;Asturias;España;;;;Macho;Carmen de Miguel;Carmen de Miguel;;;2;7;;7.25;;;;Bombus variabilis;Psithyrus sp.
BOS-HYM-N02902;Apidae;Psithyrus campestris;20/08/1992;Caldones;Gijón;Asturias;España;;;;;Luis M. Torres;Luis M. Torres;;;2;7;;7.25;;;;;
BOS-HYM-N02903;Apidae;Bombus agrorum;20/07/1983;Oville;Boñar;León;España;;;;;A. Barahona;A. Barahona;;;2;7;;7.25;;;;;
BOS-HYM-N02904;Apidae;Bombus pascuorum;13/06/1979;Matallana;;;España;;;;;C. Díez;C. Díez;;;1;3;;Caja moho 3;;;Tiene moho;;
BOS-HYM-N02905;Apidae;Anthophora sp.;12/11/1976;Sta Cruz de Mieres;;Asturias;España;;;;;Andrés Navarro;;;;2;7;;7.25;;;;;
BOS-HYM-N02906;Apidae;Anthophora sp.;01/05/1983;Buelles;Pola de Lena;Asturias;España;Sobre unas ramas;;15:30 h;;Ana M. Alonso;;;;2;7;;7.25;;;;;
BOS-HYM-N02907;Apidae;Anthophora sp.;12/03/1989;Oviedo;Oviedo;Asturias;España;;;;;Jorge González;Jorge González;;;2;7;;7.25;;;;;
BOS-HYM-N02908;Apidae;Anthophora sp.;09/05/1987;Puente San Martín;Belmonte;Asturias;España;Prado de pasto;;17 h;;Manuel Naves;Manuel Naves;;;2;7;;7.25;;;;Himenópteros;
BOS-HYM-N02909;Apidae;Anthophora sp.;02/05/1986;Valdepares;El Franco;Asturias;España;;;;;E. Fernández Pérez;;;;2;7;;7.25;;;;Himenópteros;
BOS-HYM-N02910;Apidae;Anthophora sp.;_/04/1976;Langreo;Langreo;Asturias;España;;;;;A. Laso;;;;2;7;;7.25;;;;;
BOS-HYM-N02911;Apidae;Bombus pascuorum;26/10/1993;Luarca;Valdé ;Asturias;España;;;;;Pablo Pardo Aller;Pablo Pardo Aller;;;2;7;;7.25;;;;Bombus cojnarus;
BOS-HYM-N02912;Apidae;Bombus/Psithyrus;16/07/1981;S. Emiliano;S. Emiliano;León;España;;;;;M. C. Gutiérrez;;;;2;7;;7.25;;;;;
BOS-HYM-N02913;Apidae;Anthophora sp.;27/04/1975;Somió;Gijón;Asturias;España;;;;;A. F. Braña;;;;2;7;;7.25;;;;;
BOS-HYM-N02914;Apidae;Anthophora sp.;20/05/1980;Moreda;;Asturias;España;;;;;Conversa Cortés;;;;2;7;;7.25;;;;Himenóptero;
BOS-HYM-N02915;Apidae;Anthophora plumipes;_/05/1983;Meres;;;España;Prado;;;Macho;Robert W. Moyer;Robert W. Moyer;A. Núñez;;2;7;;7.25;;;;Himenópteros;
BOS-HYM-N02916;Apidae;Anthophora plumipes;15/05/1982;Feleches;;Asturias;España;Ventana;500 m;16 h;Macho;A. Fonseca;A. Fonseca;A. Núñez;;2;7;;7.25;;;;Melecta luctuosa;
BOS-HYM-N02917;Apidae;Anthophora sp.;30/03/1991;S. Antolín de Ibias;Ibias;Asturias;España;;;;;Luis Valle;M. J. Rguez Palacio;;;2;7;;7.25;;;;Bombus hypnorum;
BOS-HYM-N02918;Apidae;Anthophora plumipes;12/03/1989;Oviedo;Oviedo;Asturias;España;;;;Macho;Idoia Villate;Idoia Villate;A. Núñez;;2;7;;7.25;;;;Anthophora quadrifasciata;
BOS-HYM-N02919;Apidae;Anthophora sp.;26/05/1983;Urdiales del Páramo;Urdiales del Páramo;León;España;Flor;;;;Fdo Berjon;;;;2;7;;7.25;;;;Himenópteros;
BOS-HYM-N02920;Apidae;Anthophora sp.;09/03/1975;Alesanco;Alesanco;La Rioja;España;;;;;M. L. Martín;;;;2;7;;7.25;;;;;
BOS-HYM-N02921;Apidae;Anthophora bimaculata;18/08/1981;Panjón;Nigrán;Pontevedra;España;;;;Macho;A. Anadón;A. Núñez;;;2;7;;7.25;;;;;
BOS-HYM-N02922;Apidae;Anthophora plumipes;03/05/1982;Isla;Colunga;Asturias;España;;;;Hembra;M. Caballero;;;;2;7;;7.25;;;;Bombus sp.;Anthophora sp.
BOS-HYM-N02923;Apidae;Bombus/Psithyrus;09/05/1988;Las Barreras;;Asturias;España;;;;Macho;Olivia Pradillas;Olivia Pradillas;;;2;7;;7.25;;;;Bombus variabilis (hembra);
BOS-HYM-N02924;Apidae;Amegilla quadrifasciata;10/08/1983;Sta Mª;Avilés;Asturias;España;Prado;;;Hembra;C. Suárez;A. Núñez;;;1;3;;Caja moho 3;;;Tiene moho;;
BOS-HYM-N02925;Apidae;Anthophora bimaculata;23/07/1972;Panjón;Nigrán;Pontevedra;España;;;;Macho;R. Anadón;A. Núñez;;;2;7;;7.25;;;;;
BOS-HYM-N02926;Apidae;Anthophora sp.;15/05/1993;S. Andrés (Trubia);Oviedo;Asturias;España;Márgenes río Trubia;;;;A. Fdez García;A. Fdez García;;;2;7;;7.25;;;;Psithyrus pestris;
BOS-HYM-N02927;Apidae;Anthophora sp.;14/08/1993;Arnao;Castrillón;Asturias;España;;;;;Ricardo R. Fdez;Ricardo R. Fdez;;;2;7;;7.25;;;;;
BOS-HYM-N02928;Apidae;Anthophora sp.;02/04/1994;Monforte de Lemos;Monforte de Lemos;Lugo;España;;;;;Maceda Sélymes;Maceda Sélymes;;;2;7;;7.25;;;;Anthophora quadrifasciata;
BOS-HYM-N02929;Apidae;Anthophora plumipes;29/04/1992;Luarca;Valdés;Asturias;España;;;;Hembra;M. Menéndez Artime;M. Menéndez Artime;;;2;7;;7.25;;;Volando;;
BOS-HYM-N02930;Apidae;Anthophora plumipes;25/05/1980;Cabueñes ;Gijón;Asturias;España;;;;Hembra;S. Solano;;;;1;3;;Caja moho 3;;;Tiene moho;;
BOS-HYM-N02931;Apidae;Anthophora plumipes;13/07/1975;Xivares (Candás);Carreño;Asturias;España;;;;Hembra;Noemí Truébano;;;;2;7;;7.25;;;;;
BOS-HYM-N02932;Apidae;Anthophora plumipes;05/04/1983;Quijas;Reocín;Asturias;España;Volando sobre el campo;;;Hembra;Manuel Abascal Sañudo;;;;2;7;;7.25;;;;Himenópteros;
BOS-HYM-N02933;Apidae;Anthophora plumipes;16/04/1987;Trasona;Corvera;Asturias;España;Junto al pantano, en vuelo;;18 h;Hembra;S. Cal Miguel;S. Cal Miguel;A. Núñez;;2;7;;7.25;;;;Himenóptero;
BOS-HYM-N02934;Apidae;Anthophora sp.;09/04/1986;Alto de Sta Ana;Cangas del Narcea;Asturias;España;;500 m;;;Mª Eugenia Tornad.;;;;2;7;;7.25;;;;;
BOS-HYM-N02935;Apidae;Anthophora sp.;11/05/1980;Espinedo;Pola de Lena;Asturias;España;Pomarada;;;;Ana Concepción;;;;2;7;;7.25;;;;Apoideo;
BOS-HYM-N02936;Apidae;Anthophora plumipes;15/05/1980;Mieres;Mieres;Asturias;España;;;;Hembra;M. G. Álvarez García;M. G. Álvarez García;;;2;7;;7.25;;;;Himenóptero;
BOS-HYM-N02937;Apidae;Anthophora bimaculata;02/04/1994;Monforte de Lemos;Monforte de Lemos;Lugo;España;;;;;Maceda Sélymes;Maceda Sélymes;;;2;7;;7.25;;;;;
BOS-HYM-N02938;Apidae;Anthophora sp.;30/05/1987;C. del Narcea;Cangas del Narcea;Asturias;España;Sobre un ?;;;;M. V. Álvarez;M. V. Álvarez;;;2;7;;7.25;;;;Himenópteros;
BOS-HYM-N02939;Apidae;Anthophora sp.;16/05/1993;Casa del puerto (Tineo);Tineo;Asturias;España;;;;;Mª Elvira García;Elvira García;;;2;7;;7.25;;;;Andrena crueraria;
BOS-HYM-N02940;Apidae;Anthophora plumipes;12/05/1978;S. Juan de Nieva;;Asturias;España;;;18 h;Hembra;Mª José Fdez Martínez;;;;2;7;;7.25;;;Comido por insectos plaga;;
BOS-HYM-N02941;Apidae;Anthophora sp.;14/05/1987;Vegadeo;Vegadeo;Asturias;España;Pradería;;;;M. M. G. P.;;;;2;7;;7.25;;;;;
BOS-HYM-N02942;Apidae;Anthophora sp.;12/05/1988;Poo;Llanes;Asturias;España;Pradera;;;;J. R. Fdz López;J. R. Fdz López;;;2;7;;7.25;;;;;
BOS-HYM-N02943;Apidae;Anthophora sp.;24/05/1986;Tolivia;Laviana;Asturias;España;;;;;M. Mar García;;;;2;7;;7.25;;;;;
BOS-HYM-N02944;Apidae;Anthophora sp.;02/05/1986;Valdepares;El Franco;Asturias;España;;;;;E. Fernández Pérez;;;;2;7;;7.25;;;;;
BOS-HYM-N02945;Apidae;Anthophora sp.;31/05/1986;Villa;Llanes;Asturias;España;;;;;B. de la Vega;;;;2;7;;7.25;;;;;
BOS-HYM-N02946;Apidae;Anthophora acervorum;23/04/1989;Oviedo;Oviedo;Asturias;España;;;;;Idoia Villate;Idoia Villate;;;2;7;;7.25;;;;;
BOS-HYM-N02947;Apidae;Anthophora plumipes;07/03/1987;La Collada;Morcín;Asturias;España;;;;Hembra;J. Muñiz Fdez;A. Núñez;;;2;7;;7.25;;;;;
BOS-HYM-N02948;Apidae;Anthophora sp.;_/05/1978;Collanzo;Aller;Asturias;España;Matorral;517 m;18 h;;Rosa Rodríguez A.;;;;2;7;;7.25;;;;;
BOS-HYM-N02949;Apidae;Anthophora sp.;01/05/1983;Llorianes (Valdesoto);Siero;Asturias;España;;;;;L. F. Sierra;Marta Sierra;;;2;7;;7.25;;;Tiene insectos plaga;Bombus sp.;
BOS-HYM-N02950;Apidae;Anthophora sp.;24/05/1986;Ortiguera;Coaña;Asturias;España;Campo;Nivel del mar;;;Ana Gutiérrez G.;;;;2;7;;7.25;;;;;
BOS-HYM-N02951;Apidae;Anthophora pilipes;18/06/1989;La Fresneda (Lugones);Siero;Asturias;España;;;;;José Manuel Fdez Mtnz;José Manuel Fdez Mtnz;;;2;7;;7.25;;;;;
BOS-HYM-N02952;Apidae;Anthophora sp.;_/08/1974;Chantada;Chantada;Lugo;España;;;;;P. García G.;;;;2;7;;7.25;;;;;
BOS-HYM-N02953;Apidae;Anthophora plumipes;25/05/1978;Astorga;Astorga;León;España;En un tronco;;;Hembra;P. Domínguez;;;;2;7;;7.25;;;;;
BOS-HYM-N02954;Apidae;Anthophora sp.;06/06/1981;Laukariz;Munguia;Vizcaya;España;Prado;;;;M. I. Saloña;M. I. Saloña;;;2;7;;7.25;;;;;
BOS-HYM-N02955;Apidae;Anthophora sp.;20/05/1989;Deva;Gijón;Asturias;España;;;;;Fdo Álvarez;Fdo Álvarez;;;2;7;;7.25;;;;Apoideos;
BOS-HYM-N02956;Apidae;Anthophora sp.;03/05/1982;Molleda;Corvera;Asturias;España;Pradera;;;;Francisco García;;;;1;3;;Caja moho 3;;;Tiene moho;Himenópteros;
BOS-HYM-N02957;Apidae;Bombus pascuorum;_/03/1975;Roces;Oviedo;Asturias;España;;;;;Marina G. Fuente;;;;2;7;;7.26;;;;;
BOS-HYM-N02958;Apidae;Bombus pascuorum;04/06/1983;Verdicio;Gozón;Asturias;España;;;;;M. A. Díaz R.;M. A. Díaz R.;;;2;7;;7.26;;;;Himenópteros;
BOS-HYM-N02959;Apidae;Bombus pascuorum;;Molleda;Corvera;Asturias;España;;;;;R. Iglesias;;;;1;3;;Caja moho 3;;;Tiene moho;;
BOS-HYM-N02960;Apidae;Bombus pascuorum;23/06/1974;Covadonga;Cangas de Onís;Asturias;España;;;;;Kankel Ortea;;;;1;3;;Caja moho 3;;;Tiene moho;;
BOS-HYM-N02961;Apidae;Bombus pascuorum;03/07/1974;Candás;Carreño;Asturias;España;;;;;L. Álvarez;;;;2;7;;7.26;;;;;
BOS-HYM-N02962;Apidae;Bombus pascuorum/muscorum;14/04/1989;Ceares ;Gijón;Asturias;España;;;;;;;;;2;7;;7.26;;;;;
BOS-HYM-N02963;Apidae;Bombus muscorum;15/04/1989;Ceares ;Gijón;Asturias;España;;;;;;;;;2;7;;7.26;;;;;
BOS-HYM-N02964;Apidae;Bombus pascuorum;04/05/1976;Naranco (Oviedo);Oviedo;Asturias;España;;;;;Isabel Rguez;;;;2;7;;7.26;;;;;
BOS-HYM-N02965;Apidae;Bombus pascuorum/distinguendus;_/09/1974;Mieres;Mieres;Asturias;España;;;;;J. F. Fontangordo;;;;2;7;;7.26;;;;;
BOS-HYM-N02966;Apidae;Bombus pascuorum/distinguendus;14/05/1978;Naranco (Oviedo);Oviedo;Asturias;España;Campo;;;;Cristina Cota;;;;2;7;;7.26;;;;;
BOS-HYM-N02967;Apidae;Bombus muscorum;_/10/1976;Albandi;Carreño;Asturias;España;Sobre flor;;;;;;;;2;7;;7.26;;;;;
BOS-HYM-N02968;Apidae;Bombus pascuorum/distinguendus;02/04/1975;Naranco (Oviedo);Oviedo;Asturias;España;;;;;Gemma Bohigas;;;;2;7;;7.26;;;;;
BOS-HYM-N02969;Apidae;Bombus pascuorum;20/04/1979;Noreña;Noreña;Asturias;España;Matorral;;;;M. I. Nuño Prado;;;;2;7;;7.26;;;7;Bombus agrorum;
BOS-HYM-N02970;Apidae;Bombus pascuorum;06/06/1986;Fuente de la Plata;;;España;Pastizal;;;;Margarita Zavala;;;;2;7;;7.26;;;;;
BOS-HYM-N02971;Apidae;Bombus pascuorum;13/03/1983;Candás;Carreño;Asturias;España;;;;;M. Rodríguez R.;M. Rodríguez R.;;;2;7;;7.26;;;;Bombus agrorum;
BOS-HYM-N02972;Apidae;Bombus pascuorum;28/05/1983;Campos próximos al Masaveu;Oviedo;Asturias;España;Prado;;;;P. Villarroya;P. Villarroya;;;2;7;;7.26;;;;Apoideos;
BOS-HYM-N02973;Apidae;Bombus pascuorum/muscorum;12/03/1981;Trubia;Oviedo;Asturias;España;;;;;M. J. Gañán;M. J. Gañán;;;2;7;;7.26;;;;Bombus sp.;
BOS-HYM-N02974;Apidae;Bombus distinguendus;_/03/1975;Roces;Oviedo;Asturias;España;;;;;Marina G. Fuente;;;;2;7;;7.26;;;;;
BOS-HYM-N02975;Apidae;Bombus pascuorum/muscorum;_/04/1975;Siones (Las Caldas);Oviedo;Asturias;España;;;;;G. R. González;;;;2;7;;7.26;;;;;
BOS-HYM-N02976;Apidae;Bombus pascuorum/muscorum;07/06/1983;Arriondas;Parres;Asturias;España;;;;;Mª Cristina Fdez López;;;;2;7;;7.26;;;;;
BOS-HYM-N02977;Apidae;Bombus muscorum;_/07/1974;Siones;Oviedo;Asturias;España;;;;;J. C. Corpas;;;;2;7;;7.26;;;;;
BOS-HYM-N02978;Apidae;Bombus pascuorum/distinguendus;03/06/1983;Caces;Oviedo;Asturias;España;;;;;G. Garzón;;;;2;7;;7.26;;;;Himenópteros;
BOS-HYM-N02979;Apidae;Bombus pascuorum;28/04/1983;Las Caldas;Oviedo;Asturias;España;;;;;M. J. Díaz López;M. J. Díaz López;;;2;7;;7.26;;;;Bombus agrorum;
BOS-HYM-N02980;Apidae;Bombus pascuorum;02/06/1983;Ribadesella;Ribadesella;Asturias;España;En un rosal;;;;Emilio Cueto;;;;2;7;;7.26;;;;;
BOS-HYM-N02981;Apidae;Bombus pascuorum;11/06/1983;San Andrés de los Tacones;Gijón;Asturias;España;;;;;Chercuchero;Chercuchero;;;2;7;;7.26;;;;Bombus agrorum;
BOS-HYM-N02982;Apidae;Bombus pascuorum;13/04/1980;Espinedo;Pola de Lena;Asturias;España;Prado;;;;Ana Concepción;;;;1;3;;Caja moho 3;;;Tiene moho;Ápidos;
BOS-HYM-N02983;Apidae;Bombus pascuorum;_/05/1976;El Cristo (Oviedo);Oviedo;Asturias;España;;;;;Elena Álvarez;;;;2;7;;7.26;;;;;
BOS-HYM-N02984;Apidae;Bombus pascuorum;26/03/1983;Cementerio Candas;Carreño;Asturias;España;Sobre Bellis perennis;;;;L. Arbesu;;;;2;7;;7.26;;;;;
BOS-HYM-N02985;Apidae;Bombus pascuorum/muscorum;22/04/1983;Colloto;;Asturias;España;Prado;;17:30 h;;Javier Roza Manzano;Javier Roza Manzano;;;2;7;;7.26;;;;Bombus sp.;
BOS-HYM-N02986;Apidae;Bombus muscorum;08/06/1983;S. Juan de Nieva;;Asturias;España;;;;;Matilde de Ávila;Matilde de Ávila;;;2;7;;7.26;;;;Himenóptero;
BOS-HYM-N02987;Apidae;Bombus pascuorum/distinguendus;_/05/1983;Meres;;Asturias;España;Prado;;;;Robert W. Moyer;Robert W. Moyer;;;2;7;;7.26;;;;Himenópteros;
BOS-HYM-N02988;Apidae;Bombus pascuorum;01/05/1978;Perlora;Carreño;Asturias;España;Sobre planta;;12 h;;Consuelo Díaz;;;;2;7;;7.26;;;;;
BOS-HYM-N02989;Apidae;Bombus dintingundus;_/02/1975;Siones;Oviedo;Asturias;España;;;;;César G. Camporro;;;;1;3;;Caja moho 3;;;Tiene moho;;
BOS-HYM-N02990;Apidae;Bombus pascuorum;13/04/1979;Barayo (Luarca);Valdés;Asturias;España;Sobre planta;;;;J. .V. M. S;;;;2;7;;7.26;;;;;
BOS-HYM-N02991;Apidae;Bombus pascuorum/muscorum;_/05/1975;Moreda;Aller;Asturias;España;;;;;J. Morán D.;;;;2;7;;7.26;;;;;
BOS-HYM-N02992;Apidae;Bombus muscorum;28/05/1978;La Mata (Oviedo);;Asturias;España;Sobre flor;;;;Belén M. M.;;;;2;7;;7.26;;;;;
BOS-HYM-N02993;Apidae;Bombus muscorum;27/05/1980;Oviedo;Oviedo;Asturias;España;;;;;Rosario Fernández;;;;1;3;;Caja moho 3;;;Tiene moho;Himenóptero;
BOS-HYM-N02994;Apidae;Bombus muscorum;_/05/1978;Somió;Gijón;Asturias;España;Camino;;;;Luis J. Pérez;;;;2;7;;7.26;;;;;
BOS-HYM-N02995;Apidae;Bombus pascuorum;05/05/1976;Naranco (Oviedo);Oviedo;Asturias;España;;;;;I. Casado;;;;2;7;;7.26;;;;;
BOS-HYM-N02996;Apidae;Bombus pascuorum/muscorum;27/04/1980;Luces;Colunga;Asturias;España;Sobre flor;;18 h;;José A. Gil;;;;2;7;;7.26;;;;;
BOS-HYM-N02997;Apidae;Bombus pascuorum/muscorum;21/05/1978;Ramales;Ramales;Cantabria;España;;;;;J. González;;;;2;7;;7.26;;;;;
BOS-HYM-N02998;Apidae;Bombus pascuorum/muscorum;25/03/1978;Palanquinos;Villanueva de las Manzanas;León;España;Pradera;;16 h;;M. A. Abril Fco;;;;2;7;;7.26;;;;;
BOS-HYM-N02999;Apidae;Bombus pascuorum/muscorum;_/06/1974;Avilés;Avilés;Asturias;España;;;;;F. G. Lanza;;;;2;7;;7.26;;;;;
BOS-HYM-N03000;Apidae;Bombus pascuorum/muscorum;16/05/1978;Caces;Oviedo;Asturias;España;;200 m;;;J. Bermejo Donapetry;;;;2;7;;7.26;;;;;
BOS-HYM-N03001;Apidae;Bombus pascuorum/muscorum;_/05/1976;Naranco (Oviedo);Oviedo;Asturias;España;;;;;Ángeles Álvarez;;;;2;7;;7.26;;;;;
BOS-HYM-N03002;Apidae;Bombus pascuorum/muscorum;20/03/1978;La Caridad;El Franco;Asturias;España;;;;;M. Pascual;;;;2;7;;7.26;;;;;
BOS-HYM-N03003;Apidae;Bombus pascuorum;28/04/1974;Naranco (Oviedo);Oviedo;Asturias;España;;;;;S. Calvo;;;;2;7;;7.26;;;;;
BOS-HYM-N03004;Apidae;Bombus pascuorum/muscorum;20/08/1975;Sta Mª del Páramo;Sta Mª del Páramo;León;España;;;;;Avelina Santiago;;;;2;7;;7.26;;;;;
BOS-HYM-N03005;Apidae;Bombus pascuorum/muscorum;_/08/1974;Molleda;Avilés;Asturias;España;;;;;C. Muñiz;;;;2;7;;7.26;;;;;
BOS-HYM-N03006;Apidae;Bombus pascuorum;04/06/1978;El Cristo (Oviedo);Oviedo;Asturias;España;Prado;400 m ;;;J. L. Muñiz G.;;;;2;7;;7.26;;;;;
BOS-HYM-N03007;Apidae;Bombus pascuorum;27/05/1978;F. Biológicas (Oviedo);Oviedo;Asturias;España;;;;;A. Méndez;;;;2;7;;7.26;;;;;
BOS-HYM-N03008;Apidae;Bombus pascuorum/muscorum;05/05/1976;Naranco (Oviedo);Oviedo;Asturias;España;;;;;I. Casado;;;;2;7;;7.26;;;;;
BOS-HYM-N03009;Apidae;Bombus pascuorum;28/04/1974;Naranco (Oviedo);Oviedo;Asturias;España;;;;;S. Calvo;;;;1;3;;Caja moho 3;;;Tiene moho;;
BOS-HYM-N03010;Apidae;Bombus pascuorum/distinguendus;04/05/1976;Naranco (Oviedo);Oviedo;Asturias;España;;;;;J. Valdés Canga;;;;2;7;;7.26;;;;;
BOS-HYM-N03011;Apidae;Bombus pascuorum;12/05/1978;Fitoria;Oviedo;Asturias;España;Camino;300 m;;;Sara Pascual;;;;2;7;;7.26;;;;;
BOS-HYM-N03012;Apidae;Bombus pascuorum/muscorum;02/03/1975;Naranco (Oviedo);Oviedo;Asturias;España;;;;;Genma Bohigas;;;;2;7;;7.26;;;;;
BOS-HYM-N03013;Apidae;Bombus pascuorum/distinguendus/muscorum;09/03/_;Sta Eulalia;Soto Ribera;Asturias;España;;;;;J. P. Alonso;;;;2;7;;7.26;;;;;
BOS-HYM-N03014;Apidae;Bombus pascuorum/muscorum;03/08/1972;Panjón;Nigrán;Pontevedra;España;;;;;R. Anadón;;;;2;7;;7.26;;;;;
BOS-HYM-N03015;Apidae;Bombus pascuorum;29/05/1980;Tuilla;Langreo;Asturias;España;;;;;F. Sierra Glez;;;;1;3;;Caja moho 3;;;Tiene moho;;
BOS-HYM-N03016;Apidae;Bombus pascuorum/distinguendus;27/04/1975;Somió;Gijón;Asturias;España;;;;;A. F. Braña;;;;2;7;;7.26;;;;;
BOS-HYM-N03017;Apidae;Bombus pascuorum;01/05/1978;Avilés;Avilés;Asturias;España;Camino;;;;C. Suárez;;;;2;7;;7.26;;;;;
BOS-HYM-N03018;Apidae;Bombus pascuorum/muscorum;_/08/1974;Molleda;Avilés;Asturias;España;;;;;C. Muñiz;;;;2;7;;7.26;;;;;
BOS-HYM-N03019;Apidae;Bombus pascuorum;05/05/1978;Pandenes;Cabranes;Asturias;España;Sobre flor;300 m;;;José R. Fco Ramos;;;;2;7;;7.26;;;;;
BOS-HYM-N03020;Apidae;Bombus pascuorum/muscorum;01/08/1972;Panjón;Nigrán;Pontevedra;España;;;;;R. Anadón;;;;1;3;;Caja moho 3;;;Tiene moho;;
BOS-HYM-N03021;Apidae;Bombus pascuorum/distinguendus;22/03/1975;Cangas de Onís;Cangas de Onís;Asturias;España;;;;;M. C. Cota;;;;2;7;;7.26;;;;;
BOS-HYM-N03022;Apidae;Bombus pascuorum;;Oviedo;Oviedo;Asturias;España;;;;;Isolina Martínez;;;;1;3;;Caja moho 3;;;Tiene moho;;
BOS-HYM-N03023;Apidae;Bombus pascuorum;_/07/1976;Baña Vermiz (Peón);;Asturias;España;;;;;N. Truébano;;;;1;3;;Caja moho 3;;;Tiene moho;;
BOS-HYM-N03024;Apidae;Bombus pascuorum;24/04/1975;El Cristo (Oviedo);Oviedo;Asturias;España;;;;;A. Fernández;;;;2;7;;7.26;;;;;
BOS-HYM-N03025;Apidae;Bombus pascuorum;_/03/1975;Naranco (Oviedo);Oviedo;Asturias;España;;;;;J. Villadangos;;;;2;7;;7.26;;;;;
BOS-HYM-N03026;Apidae;Bombus pascuorum;30/04/1979;La Isla;Colunga;Asturias;España;Sobre flor;;12 h;;C. Fdez Cedrón;;;;2;7;;7.26;;;;;
BOS-HYM-N03027;Apidae;Bombus pascuorum;30/04/1978;Alcubiella;Grado;Asturias;España;Planta;;;;Elvira Álvarez García;;;;2;7;;7.26;;;;;
BOS-HYM-N03028;Apidae;Bombus pascuorum/muscorum;23/06/1974;Naranco (Oviedo);Oviedo;Asturias;España;;;;;;;;;2;7;;7.26;;;;;
BOS-HYM-N03029;Apidae;Bombus pascuorum;05/08/1975;Avilés;Avilés;Asturias;España;;;;;C. Nores;;;;2;7;;7.26;;;;;
BOS-HYM-N03030;Apidae;Bombus pascuorum;28/05/1980;Cangas de Onís;Cangas de Onís;Asturias;España;;;;;;;;;2;7;;7.26;;;;;
BOS-HYM-N03031;Apidae;Bombus pascuorum;12/05/1974;Corias;Pravia;Asturias;España;;;;;Lupe;;;;2;7;;7.26;;;;;
BOS-HYM-N03032;Apidae;Bombus pascuorum;03/03/1979;Oviedo;Oviedo;Asturias;España;;;;;Isabel Comas;;;;1;3;;Caja moho 3;;;Tiene moho;Bombus agrorum;
BOS-HYM-N03033;Apidae;Bombus pascuorum;_/04/1976;Pimiango;Ribadedeva;Asturias;España;Sobre flor;;;;A. Laso;;;;2;7;;7.26;;;;;
BOS-HYM-N03034;Apidae;Bombus pascuorum;09/04/1975;Olloniego;Oviedo;Asturias;España;;;;;J. P. Fontangordo;;;;2;7;;7.26;;;;;
BOS-HYM-N03035;Apidae;Bombus pascuorum;01/05/1978;Tuilla ;Langreo;Asturias;España;Monte bajo;300 m;;;Basilio Otero;;;;1;3;;Caja moho 3;;;Tiene moho;;
BOS-HYM-N03036;Apidae;Bombus pascuorum;18/04/1984;Carbayu;Langreo;Asturias;España;Sobre flor;;;;Ladis del Río;;;;2;7;;7.26;;;;;
BOS-HYM-N03037;Apidae;Bombus pascuorum/muscorum/humilis;05/06/1981;Caces;Oviedo;Asturias;España;;;;;E. Blazquez;;;;2;7;;7.26;;;;;
BOS-HYM-N03038;Apidae;Bombus pascuorum;23/08/1979;Deva;Gijón;Asturias;España;;;;;¿D? J. López;;;;2;7;;7.26;;;;;
BOS-HYM-N03039;Apidae;Bombus pascuorum/muscorum/humilis;10/08/1979;Murias de Paredes;Murias de Paredes;León;España;Sobre matorral (Cytisus);;13 h;;G. S. Jardón;;;;1;3;;Caja moho 3;;;Tiene moho;Bombus variabilis;
BOS-HYM-N03040;Apidae;Bombus pascuorum/muscorum/humilis;17/05/198?;Candanal;Villaviciosa;Asturias;España;;;13 h;;Eladio M. Riera M.;;;;1;3;;Caja moho 3;;;Tiene moho;;
BOS-HYM-N03041;Apidae;Bombus pascuorum;05/05/1983;Las Caldas;;;España;;;;;;;;;2;7;;7.26;;;;;
BOS-HYM-N03042;Apidae;Bombus pascuorum/muscorum/humilis;29/05/1983;Campos próximos al Masaveu;Oviedo;Asturias;España;Prado;;;;E. Villarroya;E. Villarroya;;;2;7;;7.26;;;;Apoideos;
BOS-HYM-N03043;Apidae;Bombus pascuorum;18/04/1981;Arenas de S. Pedro;Ávila;Ávila;España;Cerca de basura;;;;M. J. Arias;M. J. Arias;;;2;7;;7.26;;;;Apidae;
BOS-HYM-N03044;Apidae;Bombus pascuorum;07/06/1981;Ballota;Cudillero;Asturias;España;Matorral;;;;Antonieta Fleitas;;;;2;7;;7.26;;;;Bombus variabilis;
BOS-HYM-N03045;Apidae;Bombus pascuorum;18/04/1989;Naranco (Oviedo);Oviedo;Asturias;España;;;;;Beatriz Marcos;Beatriz Marcos;;;2;7;;7.26;;;;Bombus variabilis;
BOS-HYM-N03046;Apidae;Bombus pascuorum;14/04/1989;El Cristo (Oviedo);Oviedo;Asturias;España;;;;;A. M. Navarro Incio;A. M. Navarro Incio;;;2;7;;7.26;;;;Bombus agrorum;
BOS-HYM-N03047;Apidae;Bombus muscorum;08/04/1989;Oviedo;Oviedo;Asturias;España;;;;;Idoia Villate;Idoia Villate;;;2;7;;7.26;;;;Bombus cognatus;
BOS-HYM-N03048;Apidae;Bombus pascuorum;05/05/1989;Soto de Rey;Ribera de Arriba;Asturias;España;Prados;;;;Clara Marinas;Clara Marinas;;;2;7;;7.26;;;;;
BOS-HYM-N03049;Apidae;Bombus muscorum;06/05/1989;Oviedo;Oviedo;Asturias;España;;;;;J. Villasante;J. Villasante;;;2;7;;7.26;;;;Bombus cognatus;
BOS-HYM-N03050;Apidae;Bombus muscorum;16/04/1989;Oviedo;Oviedo;Asturias;España;;;;;I. Irizar;I. Irizar;;;2;7;;7.26;;;;Bombus cognatus;
BOS-HYM-N03051;Apidae;Bombus pascuorum;06/05/1989;Monte Naranco (Oviedo);Oviedo;Asturias;España;;;;;Ana J. Silva Glez;Ana J. Silva Glez;;;2;7;;7.26;;;;Bombus agrorum;
BOS-HYM-N03052;Apidae;Bombus muscorum;17/09/1988;Renedo de Piélagos;Piélagos;Cantabria;España;;;;;Beatriz Marcos;Beatriz Marcos;;;1;3;;Caja moho 3;;;Tiene moho;Bombus cognatus;
BOS-HYM-N03053;Apidae;Bombus pascuorum/muscorum;07/09/1981;Cabueñes ;Gijón;Asturias;España;Jardín;;;;Sergio Solano;;;;1;3;;Caja moho 3;;;Tiene moho;;
BOS-HYM-N03054;Apidae;Bombus pascuorum;10/04/1989;Bakio;Bakio;Vizcaya;España;;;;;Ana Abio;Ana Abio;;;2;7;;7.26;;;;Bombus agrorum;
BOS-HYM-N03055;Apidae;Bombus pascuorum/muscorum/humilis;25/04/1989;Naranco (Oviedo);Oviedo;Asturias;España;;;;;Ana Palacios G.;Ana Palacios G.;;;2;7;;7.26;;;;Bombus variabilis;
BOS-HYM-N03056;Apidae;Bombus pascuorum/muscorum;12/04/1989;Oviedo;Oviedo;Asturias;España;;;;;Jorge González;Jorge González;;;2;7;;7.26;;;;Bombus cognatus;
BOS-HYM-N03057;Apidae;Bombus pascuorum/muscorum/humilis;09/08/1982;Salinas;Castrillón;Asturias;España;;;;;J. R. García;J. R. García;;;1;3;;Caja moho 3;;;Tiene moho;Bombus variabilis;
BOS-HYM-N03058;Apidae;Bombus pascuorum/muscorum/humilis;23/11/1981;Playa S. Martín (Celorio);Llanes;Asturias;España;Hierba;;;;Milagros Garzo;Milagros Garzo;;;2;7;;7.26;;;;Bombus variabilis;
BOS-HYM-N03059;Apidae;Bombus pascuorum/muscorum/humilis;17/04/1981;Restiello;Grado;Asturias;España;Sobre flores;;;;Blanca E. Álvarez;Blanca E. Álvarez;;;1;3;;Caja moho 3;;;Tiene moho;Bombus variabilis;
BOS-HYM-N03060;Apidae;Bombus pascuorum/muscorum/humilis;30/03/1983;Barcia (Luarca);Valdés;Asturias;España;Sobre Brassica oleracea;;;;Rufino García;Rufino García;;;1;3;;Caja moho 3;;;Tiene moho;Himenópteros;
BOS-HYM-N03061;Apidae;Bombus pascuorum;07/08/1988;;;Cantabria;España;Monte;;;;V. L. Doriga;V. L. Doriga;;;2;7;;7.26;;;;Bombus muscorum;
BOS-HYM-N03062;Apidae;Bombus muscorum/humilis;07/05/1984;Luanco;Gozón;Asturias;España;;;;;J. M. Lasa;J. M. Lasa;;;2;7;;7.26;;;;Bombus variabilis;
BOS-HYM-N03063;Apidae;Bombus muscorum/humilis;30/08/1998;Nembro;Gozón;Asturias;España;;;;;R. Rosa L. Veiga;;;;2;7;;7.27;;;;;
BOS-HYM-N03064;Apidae;Bombus muscorum/humilis;30/08/1998;Nembro;Gozón;Asturias;España;;;;;R. Rosa L. Veiga;;;;2;7;;7.27;;;;;
BOS-HYM-N03065;Apidae;Bombus muscorum/humilis;05/09/1998;Nembro;Gozón;Asturias;España;;;;;R. Rosa L. Veiga;;;;2;7;;7.27;;;;;
BOS-HYM-N03066;Apidae;Bombus muscorum/humilis;18/08/1998;Nembro;Gozón;Asturias;España;;;;;R. Rosa L. Veiga;;;;2;7;;7.27;;;;;
BOS-HYM-N03067;Apidae;Bombus muscorum/humilis;29/07/1998;Nembro;Gozón;Asturias;España;;;;;R. Rosa L. Veiga;;;;2;7;;7.27;;;Lua;;
BOS-HYM-N03068;Apidae;Bombus muscorum/humilis;14/07/1998;Nembro;Gozón;Asturias;España;;;;;R. Rosa L. Veiga;;;;2;7;;7.27;;;;;
BOS-HYM-N03069;Apidae;Bombus muscorum/humilis;14/07/1998;Nembro;Gozón;Asturias;España;;;;;R. Rosa L. Veiga;;;;2;7;;7.27;;;;;
BOS-HYM-N03070;Apidae;Bombus muscorum/humilis;03/09/1998;Bañugues;Gozón;Asturias;España;;;;;R. Rosa L. Veiga;;;;2;7;;7.27;;;;;
BOS-HYM-N03071;Apidae;Bombus hortorum;18/08/1998;Nembro;Gozón;Asturias;España;;;;;Rocío Rosa;;;;2;7;;7.27;;;;;
BOS-HYM-N03072;Apidae;Psithyrus campestris;10/08/1998;Nembro;Gozón;Asturias;España;;;;;R. Rosa L. Veiga;;;;2;7;;7.27;;;;;
BOS-HYM-N03073;Apidae;Bombus sylvarum;08/08/1998;Nembro;Gozón;Asturias;España;;;;;L. Veiga/Rocío Rosa;;;;2;7;;7.27;;;;;
BOS-HYM-N03074;Apidae;Bombus sylvarum;18/08/1998;Nembro;Gozón;Asturias;España;;;;;L. Veiga/Rocío Rosa;;;;2;7;;7.27;;;;;
BOS-HYM-N03075;Apidae;Bombus sylvarum;18/08/1998;Nembro;Gozón;Asturias;España;;;;;R. Rosa L. Veiga;;;;2;7;;7.27;;;;;
BOS-HYM-N03076;Apidae;Bombus sylvarum;18/08/1998;Nembro;Gozón;Asturias;España;;;;;R. Rosa L. Veiga;;;;2;7;;7.27;;;;;
BOS-HYM-N03077;Apidae;Bombus sylvarum;26/07/1998;Nembro;Gozón;Asturias;España;;;6:00;;R. Rosa L. Veiga;;;;2;7;;7.27;;;;;
BOS-HYM-N03078;Apidae;Bombus sylvarum;08/08/1998;Nembro;Gozón;Asturias;España;;;;;R. Rosa L. Veiga;;;;2;7;;7.27;;;;;
BOS-HYM-N03079;Apidae;Bombus sylvarum;10/08/1998;Nembro;Gozón;Asturias;España;;;;;R. Rosa L. Veiga;;;;2;7;;7.27;;;;;
BOS-HYM-N03080;Apidae;Bombus terrestris/lucorum;03/09/1998;Bañugues;Gozón;Asturias;España;;;;;R. Rosa L. Veiga;;;;2;7;;7.27;;;;;
BOS-HYM-N03081;Apidae;Bombus terrestris;03/09/1998;Bañugues;Gozón;Asturias;España;;;;;R. Rosa L. Veiga;;;;2;7;;7.27;;;;;
BOS-HYM-N03082;Apidae;Bombus terrestris/lucorum;03/09/1998;Bañugues;Gozón;Asturias;España;;;;;R. Rosa L. Veiga;;;;2;7;;7.27;;;;;
BOS-HYM-N03083;Apidae;Bombus lucorum;08/08/1998;Nembro;Gozón;Asturias;España;;;;;R. Rosa L. Veiga;;;;2;7;;7.27;;;;;
BOS-HYM-N03084;Apidae;Bombus lucorum;05/09/1998;Nembro;Gozón;Asturias;España;;;;;R. Rosa L. Veiga;;;;2;7;;7.27;;;;;
BOS-HYM-N03085;Apidae;Bombus terrestris;03/09/1998;Nembro;Gozón;Asturias;España;;;;;R. Rosa L. Veiga;;;;2;7;;7.27;;;;;
BOS-HYM-N03086;Apidae;Bombus hortorum;10/08/1998;Nembro;Gozón;Asturias;España;;;;;R. Rosa L. Veiga;;;;2;7;;7.27;;;;;
BOS-HYM-N03087;Apidae;Bombus hortorum;10/08/1998;Nembro;Gozón;Asturias;España;;;;;R. Rosa L. Veiga;;;;2;7;;7.27;;;;;
BOS-HYM-N03088;Apidae;Bombus hortorum;08/08/1998;Nembro;Gozón;Asturias;España;;;;;R. Rosa L. Veiga;;;;2;7;;7.27;;;;;
BOS-HYM-N03089;Apidae;Bombus hortorum;18/08/1998;Nembro;Gozón;Asturias;España;;;;;R. Rosa L. Veiga;;;;2;7;;7.27;;;;;
BOS-HYM-N03090;Apidae;Bombus hortorum;31/07/1998;Nembro;Gozón;Asturias;España;;;;;Rocío Rosa;;;;2;7;;7.27;;;Lua;;
BOS-HYM-N03091;Apidae;Bombus hortorum;03/09/1998;Nembro;Gozón;Asturias;España;;;;;R. Rosa L. Veiga;;;;2;7;;7.27;;;;;
BOS-HYM-N03092;Apidae;Bombus pascuorum/muscorum/humilis;10/08/1998;Nembro;Gozón;Asturias;España;;;;;R. Rosa L. Veiga;;;;2;7;;7.27;;;;;
BOS-HYM-N03093;Apidae;Bombus hortorum;10/08/1998;Nembro;Gozón;Asturias;España;;;;;R. Rosa L. Veiga;;;;2;7;;7.27;;;;;
BOS-HYM-N03094;Apidae;Bombus hortorum;10/08/1998;Nembro;Gozón;Asturias;España;;;;;R. Rosa L. Veiga;;;;2;7;;7.27;;;;;
BOS-HYM-N03095;Apidae;Bombus hortorum;30/08/1998;Nembro;Gozón;Asturias;España;;;;;R. Rosa L. Veiga;;;;2;7;;7.27;;;;;
BOS-HYM-N03096;Apidae;Bombus hortorum;30/08/1998;Nembro;Gozón;Asturias;España;;;;;R. Rosa L. Veiga;;;;2;7;;7.27;;;;;
BOS-HYM-N03097;Apidae;Bombus sylvarum;03/09/1998;Nembro;Gozón;Asturias;España;;;;;R. Rosa L. Veiga;;;;2;7;;7.27;;;;;
BOS-HYM-N03098;Apidae;Psithyrus campestris;10/08/1998;Nembro;Gozón;Asturias;España;;;;;R. Rosa L. Veiga;;;;2;7;;7.27;;;;;
BOS-HYM 2068;Megachilidae;Osmia bicornis;07/05/1986;Oviedo;Oviedo;Asturias;España;Ciudad;;;Hembra;R. Trabazo;A. Núñez;;;2;7;;7.28;;;;;
BOS-HYM 2069;Megachilidae;Osmia bicornis;11/05/1986;Careses;Siero;Asturias;España;Flores;;;Hembra;Alfredo Glez;Alfredo Glez;A. Núñez;;2;7;;7.28;;;;Osmia rufa;
BOS-HYM 2221;Megachilidae;Osmia bicornis;17/05/1986;Corias;;Asturias;España;Pradera;;;Hembra;G. Echezarreta;G. Echezarreta;A. Núñez;;2;7;;7.28;;;;Apócritos;
BOS-HYM 2222;Megachilidae;Osmia bicornis;07/06/1986;Fuente de la Plata;;;España;Pastizal;;;Hembra;Margarita Zavala;Margarita Zavala;A. Núñez;;2;7;;7.28;;;;Apis mellifera;
BOS-HYM 2070;Megachilidae;Osmia bicornis;10/05/1980;Tuilla;Langreo;Asturias;España;;;;Hembra;E. Sierra Glez;A. Núñez;;;2;7;;7.28;;;;;
BOS-HYM 2223;Megachilidae;Osmia bicornis;28/05/1981;Somió;Gijón;Asturias;España;;;;Hembra;Luis Moro;Luis Moro;A. Núñez;;1;3;;Caja moho 4;;;Tiene moho;Apidae;
BOS-HYM 2224;Megachilidae;Osmia bicornis;26/05/1983;Urdiales del Páramo;Urdiales del Páramo;León;España;Flor;Debajo de piedras;;Hembra;Fdo Berton;A. Núñez;;;2;7;;7.28;;;;;
BOS-HYM 2225;Megachilidae;Osmia bicornis;09/05/1975;Panjón;Nigrán;Pontevedra;España;;;;Hembra;D. Santamaría;A. Núñez;;;2;7;;7.28;;;;;
BOS-HYM 2226;Megachilidae;Osmia bicornis;22/05/1976;Somió;Gijón;Asturias;España;;;;Hembra;G. Dik. Petersem;;A. Núñez;;2;7;;7.28;;;;Apidae;
BOS-HYM 2233;Megachilidae;Osmia bicornis;07/05/1992;Oviedo;Oviedo;Asturias;España;;;;Hembra;Jesús Mª Burgués;Jesús Mª Burgués;Marián Álvarez det. 2021;;2;7;;7.28;;;;Osmia rufa;
BOS-HYM 2296;Megachilidae;Osmia bicornis;13/05/1988;Poo;Llanes;Asturias;España;Prado;;;Hembra;;R. Trabazo;A. Núñez det 2021;;2;7;;7.28;;;;Dasipoda plumipes;
BOS-HYM 2071;Megachilidae;Osmia bicornis;05/05/1978;Pandenes;Cabranes;Asturias;España;En casa;300 m;;Macho;José R. Fco Ramos;A. Anadón. A. Quero;A. Núñez;;2;7;;7.28;;;;Osmia ?;
BOS-HYM 2072;Megachilidae;Osmia bicornis;02/04/1994;Monforte de Lemos;Monforte de Lemos;Lugo;España;;;;Hembra;Reboiro Rodríguez;Maceda Sélymes;A. Núñez;;2;7;;7.28;;;;Psithyrus rupestris;
BOS-HYM 2073;Megachilidae;Osmia bicornis;18/04/1998;Pruvia de Arriba;Llanera;Asturias;España;;;;Macho;Marco L. Varela;Marco L. Varela;A. Núñez;;2;7;;7.28;;;;Osmia sp.;
BOS-HYM 2074;Megachilidae;Osmia bicornis;21/05/2006;Rengos;Cangas del Narcea;Asturias;España;Pueblo;;;Hembra;Rubén Hidalgo;Rubén Hidalgo;;;2;7;;7.28;;;;Osmia rufa;
BOS-HYM 2075;Megachilidae;Osmia bicornis;07/05/1993;Villalón de Campos;Villalón de Campos;Valladolid;España;;;;Hembra;Santiago Pérez Calvo;Mª Julia Glez;;;2;7;;7.28;;;;Osmia rufa;
BOS-HYM 2227;Megachilidae;Osmia bicornis;07/05/1983;Samalea;Piloña;Asturias;España;Próximo a colmena;250 m;;Hembra;M. Álvarez Romo;A. Núñez;;;1;3;;Caja moho 4;;;Tiene moho;;
BOS-HYM 2295;Megachilidae;Osmia bicornis;17/04/2005;Niembro;Llanes;Asturias;España;;;;Hembra;C. Sancristán;L. Tejedor;Marián Álvarez det. 2021;;2;7;;7.28;;;;Osmia rufa;
BOS-HYM 2280;Megachilidae;Osmia bicornis;25/03/1978;Palanquinos;Villanueva de las Manzanas;León;España;Huerta;12 h;;Macho;M. F. Velasco A.;A. Núñez det. 2021;;;2;7;;7.28;;;;;
BOS-HYM 2294;Megachilidae;Osmia bicornis;20/04/1985;Selorio;Villaviciosa;Asturias;España;;;;Macho;José L. F. Suárez V.;Celsa F. S. N.;A. Núñez det 2021;;2;7;;7.28;;;;Osmia rufa;
BOS-HYM 2067;Megachilidae;Osmia caerulescens;31/07/1987;Viavélez;El Franco;Asturias;España;Sobre arbustos;;;Hembra;J. R. Fdez López;J. R. Fdez López;A. Núñez;;1;3;;Caja moho 4;;;Tiene moho;Osmia adunca;
BOS-HYM 2288;Megachilidae;Osmia niveata;25/05/1986;Misiego;Villaviciosa;Asturias;España;Prado;;;Hembra;Pepe Luis Suárez;Esther Orviz;A. Núñez det 2021;;2;7;;7.28;;;;;
BOS-HYM 2289;Megachilidae;Osmia niveata;29/05/1980;Oviedo;Oviedo;Asturias;España;En casa;;18 h;Hembra;Mª Elena Díaz S.;A. Núñez det. 2021;;;2;7;;7.28;;;;Apidae;
BOS-HYM 2290;Megachilidae;Osmia niveata;06/05/1990;Parque de invierno (Oviedo);Oviedo;Asturias;España;;;;Hembra;Gemma Llaneza;Gemma Llaneza;A. Núñez det 2021;;2;7;;7.28;;;;Diphysis serratulae;
BOS-HYM 2291;Megachilidae;Osmia niveata;27/06/1976;Luanco;Gozón;Asturias;España;;;;Hembra;Mª José Rimada;A. Núñez det. 2021;;;2;7;;7.28;;;;Heriades? Osmia;
BOS-HYM 2292;Megachilidae;Osmia niveata;03/06/1982;Oviedo;Oviedo;Asturias;España;;;;Hembra;J. Lobera;A. Núñez det. 2021;;;2;7;;7.28;;;;;
BOS-HYM 2293;Megachilidae;Osmia niveata;07/06/1986;La Luz (Avilés);Avilés;Asturias;España;;;;Hembra;Juana Pérez Muñoz;A. Núñez det. 2021;;;2;7;;7.28;;;;;
BOS-HYM 2228;Andrenidae;Panurgus calcaratus;29/06/1980;Ules (Naranco);Oviedo;Asturias;España;Sobre Taraxacum;;;Macho;A. Bode;A. Bode;Marián Álvarez det. 2021;;2;7;;7.28;;;;Osmia xanthomelaena;
BOS-HYM 2081;Megachilidae;Osmia caerulensis;25/05/1987;Oviedo;Oviedo;Asturias;España;Prado;;;Hembra;José G. Longedo;A. Núñez;;;2;7;;7.28;;;;;
BOS-HYM 2060;Megachilidae;Anthidium florentinum;Verano 1997;Valencia de Don Juan;Valencia de Don Juan;León;España;;;;Macho;Carlos Repiso;Carlos Repiso;L. O. Aguado 2013;;2;7;;7.28;;;;;
BOS-HYM 2061;Megachilidae;Anthidium florentinum;14/06/1980;Zorita;;Salamanca;España;;;;Macho;M. J. Gañán;M. J. Gañán;L. O. Aguado 2013;;2;7;;7.28;;;;Anthidium sp.;
BOS-HYM 2062;Megachilidae;Anthidium manicatum;04/08/1983;Panjón;Nigrán;Pontevedra;España;Campo cerca de río;;12 h;Macho;A. Anadón;A. Anadón;L. O. Aguado 2013;;2;7;;7.28;;;;;
BOS-HYM 2064;Megachilidae;Anthidium manicatum;10/08/1987;Zamora;Zamora;Zamora;España;;;;Macho;J. M. Feital;J. M. Feital;L. O. Aguado 2013;;2;7;;7.28;;;;;
BOS-HYM 2065;Megachilidae;Anthidium manicatum;11/08/1987;Zamora;Zamora;Zamora;España;;;;Macho;J. M. Feital;J. M. Feital;L. O. Aguado 2013;;2;7;;7.28;;;;;
BOS-HYM 2066;Megachilidae;Lithurgus cornutus;05/07/1987;Zamora;Zamora;Zamora;España;;;;Hembra;J. M. Feital;A. Anadón;L. O. Aguado 2013;;2;7;;7.28;;;;Megachile;
BOS-HYM 2232;Megachilidae;Anthidium interruptum;12/08/1990;Germonde;Valdés;Asturias;España;;;;Hembra;J. Ramón Glez Glez;J. Ramón Glez Glez;L. O. Aguado 2013;;2;7;;7.28;;;;Anthidium florentinum;
BOS-HYM 2058;Megachilidae;Anthidium florentinum;09/07/1982;Veguellina;Villarejo de Órbigo;León;España;;;;Macho;M. C. Gutiérrez;M. C. Gutiérrez;L. O. Aguado 2013;;2;7;;7.28;;;;;
BOS-HYM 2059;Megachilidae;Anthidium florentinum;24/08/1988;Melgar de Fernamental;Melgar de Fernamental;Burgos;España;;;;Macho;Jorge González;Jorge González;L. O. Aguado 2013;;2;7;;7.28;;;;Anthidium manicatum;
BOS-HYM-N03099;Apidae;Bombus hortorum;55/11/1992;Oviedo;Oviedo;Asturias;España;;;;;Magdalena Sanz;Magdalena Sanz;;;2;7;;7.29;;;;;
BOS-HYM-N03100;Apidae;Bombus hortorum;19/04/1993;Oviedo;Oviedo;Asturias;España;;;;;M. Antoñanzas;M. Antoñanzas;;;2;7;;7.29;;;;;
BOS-HYM-N03101;Apidae;Bombus hortorum;_/05/1993;La casa del puerto (Tineo);Tineo;Asturias;España;;;;;Mª Elvira García;Mª Elvira García;;;2;7;;7.29;;;;;
BOS-HYM-N03102;Apidae;Bombus hortorum;06/08/1992;Caldones;Gijón;Asturias;España;;;;;Luis M. Torres;Luis M. Torres;;;2;7;;7.29;;;;Bombus sp.;
BOS-HYM-N03103;Apidae;Bombus hortorum;_/05/1982;Colloto;;Asturias;España;;;;;Puerto Mdez;;;;2;7;;7.29;;;;;
BOS-HYM-N03104;Apidae;Bombus hortorum;10/04/1982;Avilés;Avilés;Asturias;España;Lamium maculatum;;;;R.Inclán;;;;2;7;;7.29;;;;Himenópteros;
BOS-HYM-N03105;Apidae;Bombus hortorum;_/07/1993;La Cerezal (Sotrondio);San Martín del Rey Aurelio;Asturias;España;;;;;Paqui Morán;Paqui Morán;;;1;3;;Caja moho 4;;;Tiene moho;;
BOS-HYM-N03106;Apidae;Bombus hortorum;15/05/1982;Llanes;Llanes;Asturias;España;Zarzal;;;;José Llano;;;;1;3;;Caja moho 4;;;Tiene moho;Himenópteros;
BOS-HYM-N03107;Apidae;Bombus hortorum;10/06/1981;Oviedo;Oviedo;Asturias;España;;;;;Abel J. Martín;Abel J. Martín;;;2;7;;7.29;;;;Bombus terrestris;
BOS-HYM-N03108;Apidae;Bombus hortorum;20/08/1981;Beleño;Ponga;Asturias;España;Jardín;;;;Lydia Muñiz;Lydia Muñiz;;;2;7;;7.29;;;;Himenópteros;
BOS-HYM-N03109;Apidae;Bombus hortorum;21/02/1992;Pillarno;Castrillón;Asturias;España;;;;;R. Julia Rguez;R. Julia Rguez;;;2;7;;7.29;;;;;
BOS-HYM-N03110;Apidae;Bombus hortorum;07/06/1991;Villa;Avilés;Asturias;España;;;;;Elvira López;Elvira López;;;2;7;;7.29;;;;;
BOS-HYM-N03111;Apidae;Bombus hortorum;13/05/1986;Villaobispo;Villaquilambre;León;España;;;;;Quintana;Quintana;;;2;7;;7.29;;;;Bombus terrestris;
BOS-HYM-N03112;Apidae;Bombus hortorum;12/04/1990;San Antolín de Ibias;Ibias;Asturias;España;;;;Hembra;Luis Valle;M. J. Rguez Palacio;;;2;7;;7.29;;;;Bombus terrestris;
BOS-HYM-N03113;Apidae;Bombus hortorum;04/04/1993;Rasines;Rasines;Cantabria;España;;;;;A. Bonachea;A. Bonachea;;;1;3;;Caja moho 4;;;Tiene moho;Bombus hypnorum;
BOS-HYM-N03114;Apidae;Bombus hortorum;31/05/1988;Palomas;;;España;;;;;Paulino Bárcena;Paulino Bárcena;;;2;7;;7.29;;;;;
BOS-HYM-N03115;Apidae;Bombus hortorum;17/06/1990;El Cristo (Oviedo);Oviedo;Asturias;España;;;;;N. A.;N. A.;;;1;3;;Caja moho 4;;;Tiene moho;;
BOS-HYM-N03116;Apidae;Bombus hortorum;23/10/1989;Villar (Luarca);Valdés;Asturias;España;;;;;Diego Alvarado;Diego Alvarado;;;2;7;;7.29;;;;;
BOS-HYM-N03117;Apidae;Bombus hortorum;03/05/1992;Campos del Cristo (Oviedo);Oviedo;Asturias;España;;;;;Jesús Mª Burgués;Jesús Mª Burgués;;;1;3;;Caja moho 4;;;Tiene moho;;
BOS-HYM-N03118;Apidae;Bombus hortorum;13/07/1989;S. Pedro (Soto de Luiña);Cudillero;Asturias;España;;;;;N. Egocheaga;N. Egocheaga;;;2;7;;7.29;;;;;
BOS-HYM-N03119;Apidae;Bombus hortorum;31/07/1991;Cuideiru;Cudillero;Asturias;España;;;;;J. A. Gutiérrez Morán;J. A. Gutiérrez Morán;;;1;3;;Caja moho 4;;;Tiene moho;;
BOS-HYM-N03120;Apidae;Bombus hortorum;14/06/1992;Teboyas;Castrillón;Asturias;España;;;;;Sara R. Fdez Fdez;Sara R. Fdez Fdez;;;2;7;;7.29;;;;Bombus ruderatus;
BOS-HYM-N03121;Apidae;Bombus hortorum;14/02/1988;Naranco (Oviedo);Oviedo;Asturias;España;En Salvia sp.;;;;R. Trabazo;R. Trabazo;;;2;7;;7.29;;;;;
BOS-HYM-N03122;Apidae;Bombus hortorum;20/01/1989;Estella;Estella;Navarra;España;;;;;P. Otegui;A. Otegui;;;2;7;;7.29;;;;Bombus terrestris;
BOS-HYM-N03123;Apidae;Bombus hortorum;02/07/1992;Avilés;Avilés;Asturias;España;;;;;J. Oliveros;J. Oliveros;;;2;7;;7.29;;;;;
BOS-HYM-N03124;Apidae;Bombus hortorum;26/05/1982;Somió;Gijón;Asturias;España;Borde camino (en seto con flores);;;;Luis A. Díaz Tejo;Luis A. Díaz Tejo;;;2;7;;7.29;;;;Himenópteros;
BOS-HYM-N03125;Apidae;Bombus hortorum;13/03/1993;Oviedo;Oviedo;Asturias;España;;;;;M. Gatón;M. Gatón;;;1;3;;Caja moho 4;;;Tiene moho;;
BOS-HYM-N03126;Apidae;Bombus hortorum;10/04/1993;Priañes;Oviedo;Asturias;España;Proximidades de una pared;;;;A. Fdez García;A. Fdez García;;;2;7;;7.29;;;;Bombus ruderatus;
BOS-HYM-N03127;Apidae;Bombus hortorum;17/07/1988;Santurio;Gijón;Asturias;España;;;;;Carmen de Miguel;Carmen de Miguel;;;2;7;;7.29;;;;;
BOS-HYM-N03128;Apidae;Bombus hortorum;12/05/1982;Lamuño;Cudillero;Asturias;España;Pradera;120;17 h;;Mª A. de la Vega ?;Mª A. de la Vega ?;;;1;3;;Caja moho 4;;;Tiene moho;Bombus terrestris;
BOS-HYM-N03129;Apidae;Bombus hortorum;12/07/1988;Donostia;Donostia;Guipúzcoa;España;Sobre una flor;Nivel del mar;;;Aitor Murgialdai;Aitor Murgialdai;;;1;3;;Caja moho 4;;;Tiene moho;Bombus terrestris;
BOS-HYM-N03130;Apidae;Bombus hortorum;30/04/1994;Serín;Gijón;Asturias;España;;;;;Maceda Sélymes;Maceda Sélymes;;;1;3;;Caja moho 4;;;Tiene moho;;
BOS-HYM-N03131;Apidae;Bombus hortorum;18/07/1994;Carrio;;Asturias;España;;;;;B. Galán Suárez;Begoña Galán;;;2;7;;7.29;;;;Bombus terrestris;
BOS-HYM-N03132;Apidae;Bombus hortorum;02/09/1993;Ontaneda;Corvera de Toranzo;Cantabria;España;;;;;Fernando Martín;Blanca Glez;;;2;7;;7.29;;;;;
BOS-HYM-N03133;Apidae;Bombus hortorum/ruderatus;21/04/1991;Valdecuna;Mieres;Asturias;España;;;;;M. Pelaez Cruz;M. Pelaez Cruz;;;2;7;;7.30;;;;Bombus ruderatus;
BOS-HYM-N03134;Apidae;Bombus hortorum/ruderatus;12/04/1990;S. Antolín de Ibias;Ibias;Asturias;España;;;;;Luis Valle;Luis Valle;;;2;7;;7.30;;;;Bombus sp.;
BOS-HYM-N03135;Apidae;Bombus hortorum;11/06/1983;Oviedo;Oviedo;Asturias;España;;;;;Mariano Lastra;;;;2;7;;7.30;;;;Himenópteros;
BOS-HYM-N03136;Apidae;Bombus hortorum/ruderatus;27/04/1978;Tellego;Ribera de Arriba;Asturias;España;Mata de flores;;;;V. Herrero;Anadón-Quero;;;2;7;;7.30;;;;Bombus hortorum;
BOS-HYM-N03137;Apidae;;15/11/1986;Mieres;Mieres;Asturias;España;;230 m;;;Isabel Pardo;Isabel Pardo;;;2;7;;7.30;;;;Himenópteros;
BOS-HYM-N03138;Apidae;Bombus hortorum/ruderatus;16/05/1986;Sotrondio;San Martín del Rey Aurelio;Asturias;España;;;;;Severino González Rocas;;;;2;7;;7.30;;;;;
BOS-HYM-N03139;Apidae;Bombus hortorum/ruderatus;24/10/1988;San Timoteo;;;España;;;;;E. Eguilegor;E. Eguilegor;;;1;3;;Caja moho 4;;;Tiene moho;Bombus hortorum;
BOS-HYM-N03140;Apidae;Bombus hortorum;10/06/1983;Salas;Salas;Asturias;España;;;;;P. Tielve;;;;2;7;;7.30;;;;Himenóptero;
BOS-HYM-N03141;Apidae;Bombus hortorum;04/05/1986;Loro;Pravia;Asturias;España;Bosque;200 m;;;Alex Merino;Alex Merino;;;2;7;;7.30;;;;;
BOS-HYM-N03142;Apidae;Bombus ruderatus;30/05/1988;Valseis;Las Regueras;Asturias;España;;;;;F. Ballesteros;F. Ballesteros;;;2;7;;7.30;;;;Bombus lucorum;
BOS-HYM-N03143;Apidae;Bombus ruderatus;10/05/1988;Poo de Llanes;Llanes;Asturias;España;;;;;R. M. García;R. M. García;;;2;7;;7.30;;;;Bombus hortorum;
BOS-HYM-N03144;Apidae;Bombus hortorum/ruderatus;02/05/1988;La Pomarada;Mieres;Asturias;España;;;;;R. Suárez Vega;;;;2;7;;7.30;;;;Himenópteros;
BOS-HYM-N03145;Apidae;Bombus hortorum/ruderatus;04/06/1987;Naranco (Oviedo);Oviedo;Asturias;España;;;;;Teresa González Sanz;Teresa González Sanz;;;2;7;;7.30;;;;Himenópteros;
BOS-HYM-N03146;Apidae;Bombus hortorum/ruderatus;10/05/1986;Villar (Luarca);Valdés;Asturias;España;;;;;Luis Fdo P. S.;;;;2;7;;7.30;;;;Himenópteros;
BOS-HYM-N03147;Apidae;Bombus hortorum/ruderatus;19/05/1986;Mte. Naranco;Oviedo;Asturias;España;Prados. Sobre Lamium;;;Hembra;F. Ballesteros;F. Ballesteros;;;2;7;;7.30;;;;Bombus lucorum;
BOS-HYM-N03148;Apidae;Bombus hortorum/ruderatus;07/04/1986;Fresnedo del Coto;Cangas del Narcea;Asturias;España;;450 m;;;Mª Eugenia Tornad.;Mª Eugenia Tornad.;;;2;7;;7.30;;;;Himenópteros;
BOS-HYM-N03149;Apidae;Bombus hortorum/ruderatus;;Embalse de S. Andrés;;Asturias;España;;;;;R. Blanco;R. Blanco;;;2;7;;7.30;;;;Bombus sp.;
BOS-HYM-N03150;Apidae;Bombus ruderatus;20/07/1985;Camposagrado;Cuadros;León;España;;;;;Isabel Soret Matamoros;Isabel Soret Matamoros;;;2;7;;7.30;;;;Himenóptero;
BOS-HYM-N03151;Apidae;Bombus hortorum/ruderatus;01/05/1986;Pando;Oviedo;Asturias;España;;;;;Ana Fonseca;;;;2;7;;7.30;;;;;
BOS-HYM-N03152;Apidae;Bombus hortorum/ruderatus;31/05/1980;Grado;Grado;Asturias;España;Prado;;;;Belén M. Miranda;A. Quero;;;2;7;;7.30;;;;Bombus terrestris (forma más pequeña y más clara);
BOS-HYM-N03153;Apidae;Bombus hortorum/ruderatus;02/05/1986;San Antolín de Ibias;Ibias;Asturias;España;;;;;Yolanda Colubi;Yolanda Colubi;;;2;7;;7.30;;;;;
BOS-HYM-N03154;Apidae;Bombus hortorum/ruderatus;26/03/1986;Tolivia;Laviana;Asturias;España;;;;;M. Pilar García;;;;2;7;;7.30;;;;;
BOS-HYM-N03155;Apidae;Bombus hortorum/ruderatus;08/06/1987;Lloranes;Avilés;Asturias;España;Hierba alta;30 m;17 h;;G.-C. Barril Granda;G.-C. Barril Granda;;;2;7;;7.30;;;;Himenóptero;
BOS-HYM-N03156;Apidae;Bombus hortorum/ruderatus;14/04/1989;Ceares;Gijón;Asturias;España;;;;;;;;;2;7;;7.30;;;;;
BOS-HYM-N03157;Apidae;Bombus hortorum;10/04/1979;Noreña;Noreña;Asturias;España;Sobre flores;;;;M. I. Nuño Prado;;;;2;7;;7.30;;;;;
BOS-HYM-N03158;Apidae;Bombus hortorum/ruderatus;01/04/1975;Molleda;;Asturias;España;;;;;R. Iglesias;;;;2;7;;7.30;;;;;
BOS-HYM-N03159;Apidae;Bombus hortorum/ruderatus;18/04/1976;La Serna;;Cantabria;España;;;;;;;;;2;7;;7.30;;;;;
BOS-HYM-N03160;Apidae;Bombus hortorum/ruderatus;14/04/1984;Ceares;Gijón;Asturias;España;;;;;;;;;2;7;;7.30;;;;;
BOS-HYM-N03161;Apidae;Bombus hortorum/ruderatus;02/05/1978;Las Caldas;;Asturias;España;Sobre flor;;;;Héctor Centeno;Héctor Centeno;;;2;7;;7.30;;;;Himenópteros;
BOS-HYM-N03162;Apidae;Bombus hortorum/ruderatus;14/05/1978;Riosa;Riosa;Asturias;España;;;;;M. Trigo;;;;2;7;;7.30;;;;;
BOS-HYM-N03163;Apidae;Bombus hortorum/ruderatus;25/07/1982;Segovia;Segovia;Segovia;España;;;;;Begoña Díaz;;;;2;7;;7.30;;;;;
BOS-HYM-N03164;Apidae;Bombus hortorum;05/05/1991;Otero;;Asturias;España;;;;;Sandra Ortiz;Sandra Ortiz;;;2;7;;7.30;;;;;
BOS-HYM-N03165;Apidae;Bombus hortorum/ruderatus;30/03/1991;San Antolín de Ibias;Ibias;Asturias;España;;;;;Luis Valle;T. Urbaneta Blanco;;;2;7;;7.30;;;;Bombus hortorum;
BOS-HYM-N03166;Apidae;Bombus hortorum;28/03/1991;Edesa de Montija;Edesa de Montija;Burgos;España;;;;;B. Baranda;B. Baranda;;;2;7;;7.30;;;;;
BOS-HYM-N03167;Apidae;Bombus ruderatus;23/02/1991;Llavones;Villaviciosa;Asturias;España;;;;;Gonzalo Gil;Gonzalo Gil;;;2;7;;7.30;;;;;
BOS-HYM-N03168;Apidae;Bombus hortorum;14/10/1990;Rañeces;Grado;Asturias;España;;;;;E. Celada Castañón;E. Celada Castañón;;;2;7;;7.30;;;;;
BOS-HYM-N03169;Apidae;Bombus hortorum/ruderatus;23/04/1983;Argüero;Villaviciosa;Asturias;España;;;;;Luis Enrique Herrero Santos;;;;2;7;;7.30;;;;Himenópteros;
BOS-HYM-N03170;Apidae;Bombus hortorum/ruderatus;01/05/1982;San Román;Piloña;Asturias;España;Prado;;;;C. Suárez;C. Suárez;;;2;7;;7.30;;;;Bombus terrestris;
BOS-HYM-N03171;Apidae;Bombus hortorum/ruderatus;22/04/1983;Colloto;;Asturias;España;Sobre Lamium maculatum;;17:15 h;;Javier Roza Manzano;Javier Roza Manzano;;;2;7;;7.30;;;;Bombus sp.;
BOS-HYM-N03172;Apidae;Bombus hortorum;12/05/1989;Quirós;Quirós;Asturias;España;;;;;Clara Álvarez;Clara Marinas;;;2;7;;7.30;;;;;
BOS-HYM-N03173;Apidae;Bombus hortorum;26/04/1989;Oviedo;Oviedo;Asturias;España;;;;;Jorge González;Jorge González;;;2;7;;7.30;;;;;
BOS-HYM-N03174;Apidae;Bombus hortorum;14/04/1989;Oviedo;Oviedo;Asturias;España;;;;;Idoia Villate;Idoia Villate;;;2;7;;7.30;;;;;
BOS-HYM-N03175;Apidae;Bombus hortorum/ruderatus;17/04/1981;Restiello;Grado;Asturias;España;Sobre flores;;;;Blanca E. Álvarez;Blanca E. Álvarez;;;2;7;;7.30;;;;Bombus terrestris;
BOS-HYM-N03176;Apidae;Bombus hortorum;09/06/1983;Carbayín;;Asturias;España;Montaña;;;;T. Eyaralar Riera;A. Eyaralar Riera;;;2;7;;7.30;;;;Himenópteros;
BOS-HYM-N03177;Apidae;Bombus hortorum/ruderatus;02/05/1983;Cabañaquinta;;Asturias;España;;;;;;;;;2;7;;7.30;;;;Himenópteros;
BOS-HYM-N03178;Apidae;Bombus hortorum;09/03/1989;Monte Naranco (Oviedo);Oviedo;Asturias;España;;;;;I. Irizar;I. Irizar;;;2;7;;7.30;;;;;
BOS-HYM-N03179;Apidae;Bombus hiperboreus;17/05/1983;Avilés;Avilés;Asturias;España;;;;;A. G. Valiente;A. G. Valiente;;;2;7;;7.30;;;;;
BOS-HYM-N03180;Apidae;Bombus hortorum;07/05/1983;Ponga;Ponga;Asturias;España;;;;;J. Villa Cienfuegos;J. Villa Cienfuegos;;;2;7;;7.30;;;;Bombus sp.;
BOS-HYM-N03181;Apidae;Bombus hortorum;04/05/1980;La Caridad;El Franco;Asturias;España;;;17 h;;Eva Mª Gayol;;;;2;7;;7.30;;;;;
BOS-HYM-N03182;Apidae;Bombus hortorum;25/04/1978;Las Caldas;;Asturias;España;Sobre zarzas;;17 h;;J. Manuel Eiro;;;;2;7;;7.30;;;;;
BOS-HYM-N03183;Apidae;Bombus hortorum;_/05/1983;Oviedo;Oviedo;Asturias;España;;;;;Mª Rosario Blanco;Mª Rosario Blanco;;;2;7;;7.30;;;;Himenópteros;
BOS-HYM-N03184;Apidae;Bombus hortorum;10/05/1978;Los Llanos;Grado;Asturias;España;Prado;;;;C. Sánchez López;;;;2;7;;7.30;;;;;
BOS-HYM-N03185;Apidae;Bombus hortorum;06/05/1989;Monte Naranco (Oviedo);Oviedo;Asturias;España;;;;;Ana J. Silva Glez;Ana J. Silva Glez;;;2;7;;7.30;;;;Bombus terrestris;
BOS-HYM-N03186;Apidae;Bombus hortorum;27/10/1978;Trubia;Oviedo;Asturias;España;Prado;54 m;11 h;;Fco Martínez;;;;2;7;;7.30;;;;;
BOS-HYM-N03187;Apidae;Bombus hortorum;12/05/1983;La Manjoya;Oviedo;Asturias;España;;;;;Alfonso Botas;;;;2;7;;7.30;;;;Himenópteros;
BOS-HYM-N03188;Apidae;Bombus hortorum;24/05/1983;Oviedo;Oviedo;Asturias;España;;;;;Ángel Arriaga;;;;2;7;;7.30;;;Abejorro;Bombus sp.;
BOS-HYM-N03189;Apidae;Bombus ruderatus;19/05/1978;Fitoria;Oviedo;Asturias;España;Borde de camino;300 m;;;Brumo Sánchez;;;;2;7;;7.30;;;;;
BOS-HYM-N03190;Apidae;Bombus hortorum/ruderatus;_/07/1975;Xivares (Candás);Carreño;Asturias;España;;;;;N. Truébano;;;;2;7;;7.30;;;;;
BOS-HYM-N03191;Apidae;Bombus hortorum/ruderatus;23/05/1980;Pola de Lena;Lena;Asturias;España;;;;;Iluminada;;;;2;7;;7.30;;;;;
BOS-HYM-N03192;Apidae;Bombus hortorum/ruderatus;_/03/1978;Lieres;Pola de Lena;Asturias;España;;300 m;14 h;;José Sors Fdez;;;;2;7;;7.30;;;;;
BOS-HYM-N03193;Apidae;Bombus hortorum;18/07/1990;Celles;Siero;Asturias;España;;;;;Susana F. San Narciso;Susana F. San Narciso;;;2;7;;7.30;;;;;
BOS-HYM-N03194;Apidae;Bombus hortorum;21/05/1991;Robledal de Tragamon;Gijón;Asturias;España;;;;;Román Martínez Rey;Román Martínez Rey;;;2;7;;7.30;;;;;
BOS-HYM-N03195;Apidae;Bombus hortorum;01/06/1991;La Isla;Colunga;Asturias;España;;;;;Rafael G-Quirós Fdez;Rafael Glez-Quirós F.;;;2;7;;7.30;;;;;
BOS-HYM-N03196;Apidae;Bombus hortorum;05/08/1990;La Providencia;;;España;;;;;Celestino Glez;Celestino Glez;;;2;7;;7.30;;;;;
BOS-HYM-N03197;Apidae;Bombus hortorum;24/05/1983;Las Nieves (Pajares);;Asturias;España;;;;;José Manuel Barros;Ana R. Barros Alonso;;;2;7;;7.30;;;Volando;Himenóptero;
BOS-HYM-N03198;Apidae;Bombus hortorum;_/05/1983;Oviedo;Oviedo;Asturias;España;Ciudad;;;Macho;Felipe Garrido;Felipe Garrido;;;2;7;;7.30;;;;Bombus terrestris;
BOS-HYM-N03199;Apidae;Bombus hortorum;12/06/1988;El Estando, Deva;Gijón;Asturias;España;;;;;R. García Piquero;M. J. Lara;;;2;7;;7.30;;;;Bombus terrestris;
BOS-HYM-N03200;Apidae;Bombus hortorum;10/07/1984;Astillero;Astillero;Cantabria;España;;;;;Blanca R. Laza;;;;2;7;;7.30;;;;Himenópteros;
BOS-HYM-N03201;Apidae;Bombus hortorum/ruderatus;20/04/1986;Sta. Cruz de Iguña;Molledo;Cantabria;España;;;;Hembra;Carmen Gutiérrez;;;;2;7;;7.30;;;;Himenópteros;
BOS-HYM-N03202;Apidae;Bombus hortorum/ruderatus;09/07/1974;Candás;Carreño;Asturias;España;;;;;M. A. Álvarez;;;;2;7;;7.30;;;;;
BOS-HYM-N03203;Apidae;Bombus hortorum/ruderatus;04/06/1983;Naranco (Oviedo);Oviedo;Asturias;España;;;;;Ángel L. Pérez Ares;Ángel L. Pérez Ares;;;2;7;;7.30;;;;Himenópteros;
BOS-HYM-N03204;Apidae;Bombus hortorum/ruderatus;_/05/1993;Oviedo;Oviedo;Asturias;España;Jardín;;;;Esther Lonas;;;;2;7;;7.30;;;;Himenóptero;
BOS-HYM-N03205;Apidae;Bombus hortorum/ruderatus;_/05/1983;San Claudio;Oviedo;Asturias;España;;;;;M. Rita Álvarez;;;;2;7;;7.30;;;;Himenópteros;
BOS-HYM-N03206;Apidae;Bombus hortorum;10/06/1983;Oviedo;Oviedo;Asturias;España;;;;;Mª Felisa Sainz;;;;2;7;;7.30;;;;Himenópteros;
BOS-HYM-N03207;Apidae;Bombus hortorum;28/03/1991;Edesa;;Burgos;España;;;;;Begoña Baranda;Begoña Baranda;;;2;7;;7.30;;;;;
BOS-HYM-N03208;Apidae;Bombus hortorum;01/06/1986;Oviedo (Junto a la facultad de Biología);Oviedo;Asturias;España;Sobre Lamium maculatum;;14:32;Hembra;A. Diego Alvarado;A. Diego Alvarado;;;2;7;;7.30;;;;;
BOS-HYM-N03209;Apidae;Bombus muscorum;01/05/1989;Oviedo;Oviedo;Asturias;España;;;;Hembra;Antonio Palacios;Antonio Palacios;;;2;7;;7.31;;;;Bombus cognatus;
BOS-HYM-N03210;Apidae;Bombus pascuorum;27/05/1989;Ereño;Ereño;Vizcaya;España;;;;;R. Echeandia;;;;2;7;;7.31;;;;;
BOS-HYM-N03211;Apidae;Bombus pascuorum;07/07/1980;Sotrondio;San Martín del Rey Aurelio;Asturias;España;;;12 mañana;;Joaquín Ángel Vallina Gil;;;;2;7;;7.31;;;;Bombus variabilis;
BOS-HYM-N03212;Apidae;Bombus pascuorum;28/05/1981;Somió;Gijón;Asturias;España;;;;;Luis Mero;;;;2;7;;7.31;;;;Bombus lucorum;
BOS-HYM-N03213;Apidae;Bombus pascuorum/muscorum;20/04/1991;Valdecuna;Mieres;Asturias;España;;;;;M. Pelaez Cruz;M. Pelaez Cruz;;;2;7;;7.31;;;;Bombus agrorum;
BOS-HYM-N03214;Apidae;Bombus pascuorum/muscorum;27/05/1989;Deva;Gijón;Asturias;España;;;;;Fdo Álvarez;Fdo Álvarez;;;2;7;;7.31;;;;Bombus agrorum;
BOS-HYM-N03215;Apidae;Bombus pascuorum/muscorum;12/03/1983;Llorianes (Valdesoto);Siero;Asturias;España;;;;;Luis F. Sierra;Marta Sierra;;;2;7;;7.31;;;;Bombus sp.;
BOS-HYM-N03216;Apidae;Bombus pascuorum/muscorum;19/03/1989;Oviedo;Oviedo;Asturias;España;;;;;Jorge González;Jorge González;;;2;7;;7.31;;;;Bombus cognatus;
BOS-HYM-N03217;Apidae;Bombus pascuorum/muscorum;05/06/1987;Gijón;Gijón;Asturias;España;;;;;N. Blanco Hevia;N. Blanco Hevia;;;2;7;;7.31;;;;Himenóptero;
BOS-HYM-N03218;Apidae;Bombus pascuorum/muscorum;22/04/1989;Ambas;;Asturias;España;;;;;E. Eguilegor;E. Eguilegor;;;2;7;;7.31;;;;Bombus cognatus;
BOS-HYM-N03219;Apidae;Bombus pascuorum/muscorum;23/04/1984;La Talá;Llanes;Asturias;España;Sobre una flor;;;;L. Carrera;;;;1;3;;Caja moho 4;;;Tiene moho;;
BOS-HYM-N03220;Apidae;Bombus pascuorum/muscorum;25/05/1991;Gijón;Gijón;Asturias;España;;;;;Luis Valle;Mª Isabel Sánchez;;;2;7;;7.31;;;;Bombus agrorum;
BOS-HYM-N03221;Apidae;Bombus pascuorum/muscorum;22/10/1990;Prado San Timoteo (Luarca);Valdés;Asturias;España;;;;;Ana Murguizo;Ana Murguizo;;;2;7;;7.31;;;;Bombus cognatus;
BOS-HYM-N03222;Apidae;Bombus pascuorum/muscorum;01/06/1986;Vioño;Gozón;Asturias;España;;40 m;;Hembra;M. J. Calvo Glez;;;;2;7;;7.31;;;;;
BOS-HYM-N03223;Apidae;Bombus muscorum;20/05/1986;Latores;Oviedo;Asturias;España;;;;Hembra;Manuel Naves;Manuel Naves;;;2;7;;7.31;;;;Himenópteros;
BOS-HYM-N03224;Apidae;Bombus pascuorum/muscorum;17/08/1986;La Ñora;Villaviciosa;Asturias;España;;;;;R. M. García;;;;2;7;;7.31;;;;Bombus variabilis;
BOS-HYM-N03225;Apidae;Bombus muscorum;30/10/1986;Quirós;Quirós;Asturias;España;;;;;L. Riestra;;;;2;7;;7.31;;;Volando;Bombus cognatus;
BOS-HYM-N03226;Apidae;Bombus pascuorum/muscorum;21/08/1983;Salinas;;;;;;;;D. Sors Fernández;;;;2;7;;7.31;;;;Bombus pratorum;
BOS-HYM-N03227;Apidae;Bombus pascuorum/muscorum;16/07/1988;Alles;Peñamellera Alta;Asturias;España;;;;Hembra;Javier Gil Jugrero;;;;2;7;;7.31;;;;Bombus agrostis;
BOS-HYM-N03228;Apidae;Bombus pascuorum;01/06/1991;La Isla;Colunga;Asturias;España;;;;;Rafael G.-Quirós Fdez;Rafael G.-Quirós Fdez;;;2;7;;7.31;;;;;
BOS-HYM-N03229;Apidae;Bombus pascuorum;16/09/1990;Luanco;Gozón;Asturias;España;;;;;Roberto Juana;Roberto Grana;;;2;7;;7.31;;;;;
BOS-HYM-N03230;Apidae;Bombus pascuorum/muscorum;02/06/1991;La Isla;Colunga;Asturias;España;;;;;Rafael G.-Quirós Fdez;Rafael G.-Quirós Fdez;;;2;7;;7.31;;;;Bombus variabilis;
BOS-HYM-N03231;Apidae;Bombus pascuorum/muscorum;27/04/1982;Ules;Oviedo;Asturias;España;;;;;J. Lobera;J. Lobera;;;2;7;;7.31;;;;Bombus ortorum;
BOS-HYM-N03232;Apidae;Bombus pascuorum/muscorum;28/03/1994;Monforte de Lemos;Monforte de Lemos;Lugo;España;;;;;Maceda Sélymes;Maceda Sélymes;;;2;7;;7.31;;;;Bombus muscorum;
BOS-HYM-N03233;Apidae;Bombus pascuorum;20/11/1991;Avilés;Avilés;Asturias;España;;;;;Elvira López;Lola Granados;;;2;7;;7.31;;;;;
BOS-HYM-N03234;Apidae;Bombus muscorum;06/06/1987;Pola de Lena;Lena;Asturias;España;;;;;C. Estórez;;;;2;7;;7.31;;;;;
BOS-HYM-N03235;Apidae;Bombus pascuorum;11/07/1989;S. Antolín de Ibias;Ibias;Asturias;España;Camino;;;;L. Valle;;;;2;7;;7.31;;;;;
BOS-HYM-N03236;Apidae;Bombus pascuorum/muscorum;11/07/1989;S. Antolín de Ibias;Ibias;Asturias;España;Camino;;;;L. Valle;;;;2;7;;7.31;;;;;
BOS-HYM-N03237;Apidae;Bombus pascuorum/muscorum;02/05/1994;La Barraca-Riaño;Langreo;Asturias;España;;;;;A. Noval;A. Noval;;;2;7;;7.31;;;;Bombus cognatus;
BOS-HYM-N03238;Apidae;Bombus pascuorum/muscorum;18/08/1993;Muros del Nalón;Muros del Nalón;Asturias;España;;;;;E. Rodríguez Suárez;C. Parón Iturmendi;;;2;7;;7.31;;;;Bombus variabiis;
BOS-HYM-N03239;Apidae;Bombus pascuorum;04/06/1994;Sta Mª;Pravia;Asturias;España;;;;;Patricia Alonso;Patricia Alonso;;;2;7;;7.31;;;;Bombus cognatus;
BOS-HYM-N03240;Apidae;Bombus pascuorum;01/05/1994;Tiñana;Siero;Asturias;España;;;;;E. Rosal Fraga;E. Rosal Fraga;;;2;7;;7.31;;;;Bombus agrorum;
BOS-HYM-N03241;Apidae;Bombus pascuorum;12/08/1982;Pamplona;Pamplona;Navarra;España;;;;;;;;;2;7;;7.31;;;;Bombus sp.;
BOS-HYM-N03242;Apidae;Bombus muscorum;14/05/1994;Peón ;Villaviciosa;Asturias;España;;;;;Carmela Menéndez;Carmela Menéndez;;;2;7;;7.31;;;;;
BOS-HYM-N03243;Apidae;Bombus pascuorum/muscorum;04/05/1994;S. Cristóbal (Avilés);Avilés;Asturias;España;;;;;Higinio López;Álvaro López;;;2;7;;7.31;;;;Bombus variabilis;
BOS-HYM-N03244;Apidae;Bombus pascuorum/muscorum;28/03/1994;Monforte de Lemos;Monforte de Lemos;Lugo;España;;;;;Maceda Sélymes;Maceda Sélymes;;;2;7;;7.31;;;;Bombus muscorum;
BOS-HYM-N03245;Apidae;Bombus pascuorum;04/06/1994;Pravia;Pravia;Asturias;España;;;;;Argiloa Ceberio;Argiloa Ceberio;;;2;7;;7.31;;;;Bombus pratorum;
BOS-HYM-N03246;Apidae;Bombus pascuorum;25/08/1990;Germonde;Valdés;Asturias;España;;;;;J. Ramón Glez Glez;;;;2;7;;7.31;;;;;
BOS-HYM-N03247;Apidae;Bombus pascuorum;04/05/1982;Salas;Salas;Asturias;España;;;;;C. Martínez;;;;1;3;;Caja moho 4;;;Tiene moho;Himenópteros;
BOS-HYM-N03248;Apidae;Bombus pascuorum/muscorum;20/04/1991;La Ñora;Gijón;Asturias;España;;;;;M. A. Paredes;M. A. Paredes;;;2;7;;7.31;;;;Bombus lucorum;
BOS-HYM-N03249;Apidae;Bombus pascuorum/muscorum;16/07/1986;San Salvador de Cantamuda;La Pernía;Palencia;España;;;;;José Llorente;;;;2;7;;7.31;;;;Bombus agrorum;
BOS-HYM-N03250;Apidae;Bombus pascuorum;27/07/1992;Santander;Santander;Cantabria;España;;;;;Ángel Serdio;Ángel Serdio;;;2;7;;7.31;;;;Psithyrus campestris;
BOS-HYM-N03251;Apidae;Bombus pascuorum;27/08/1993;Bedoya;Liébana;Cantabria;España;;;;;Ángela F. Roiz;Ángela F. Roiz;;;2;7;;7.31;;;;Bombus cognatus;
BOS-HYM-N03252;Apidae;Bombus pascuorum;19/10/1992;Oviedo;Oviedo;Asturias;España;;;;;Magdalena Sanz;M. Sanz;;;1;3;;Caja moho 4;;;Tiene moho;Bombus agrorum;
BOS-HYM-N03253;Apidae;Bombus pascuorum;27/07/1993;Tapia de Casariego;Tapia de Casariego;Asturias;España;;;;Hembra;Judith F. Casero;Judith F. Casero;;;2;7;;7.31;;;;Bombus cognatus;
BOS-HYM-N03254;Apidae;Bombus pascuorum/muscorum;25/07/1981;La Hueria (Urbies);;Asturias;España;;;;Hembra;Aurora Zapico;;;;2;7;;7.31;;;;Himenópteros;
BOS-HYM-N03255;Apidae;Bombus pascuorum/muscorum;09/09/1981;Sta Bárbara (Sotrondio);San Martín del Rey Aurelio;Asturias;España;;;;;Aurora Zapico;;;;2;7;;7.31;;;;Himenópteros;
BOS-HYM-N03256;Apidae;Bombus pascuorum/muscorum;30/07/1988;Meaño;Meaño;Pontevedra;España;Interior;;;;R. Trabazo;R. Trabazo;;;2;7;;7.31;;;;Bombus pascuorum;
BOS-HYM-N03257;Apidae;Bombus pascuorum;29/06/1980;Oviedo;Oviedo;Asturias;España;;;;;A. Bode;Abel J. Martín;;;1;3;;Caja moho 4;;;Tiene moho;Bombus cognatus;
BOS-HYM-N03258;Apidae;Bombus pascuorum;06/04/1982;Feme-El Ferrol;;;España;;;;;;;;;1;3;;Caja moho 4;;;Tiene moho;Himenoptera;
BOS-HYM-N03259;Apidae;Bombus pascuorum/muscorum;17/06/1990;Lastres;Colunga;Asturias;España;Prado;50 m;;Hembra;Ramón Garrido;Ramón Garrido;;;1;3;;Caja moho 4;;;Tiene moho;Bombus variabilis;
BOS-HYM-N03260;Apidae;Bombus pascuorum;06/08/1990;Pola de Lena (Valle El Peral);Lena;Asturias;España;Sobre zarzas;;;;Susana Acevedo;Susana L. Acevedo;;;2;7;;7.31;;;;;
BOS-HYM-N03261;Apidae;Bombus pascuorum/muscorum;08/08/1993;Villar;Hermandad de Campoo de Suso;Cantabria;España;;;;;Marta Gatón;Marta Gatón;;;2;7;;7.31;;;;Bombus sp.;
BOS-HYM-N03262;Apidae;Bombus pascuorum/muscorum;02/09/1993;El Castro;Castrillón;Asturias;España;;;;;Ricardo R. Fdez;;;;2;7;;7.31;;;;Bombus variabilis;
BOS-HYM-N03263;Apidae;Bombus pascuorum/muscorum;20/05/1990;Torrón;Villaviciosa;Asturias;España;Sobre una flor;;;;C. Felgueres;C. Felgueres;;;2;7;;7.31;;;;Bombus cognatus;
BOS-HYM-N03264;Apidae;Bombus pascuorum/muscorum;24/10/1989;Luarca;Valdés;Asturias;España;;;;;Clara Fdez;Clara Fdez Ochoa;;;2;7;;7.31;;;;Bombus hypnorum;
BOS-HYM-N03265;Apidae;Bombus pascuorum/muscorum;18/03/1993;El playón de Bayas;;Asturias;España;;;;;M. Antoñanzas;M. Antoñanzas;;;2;7;;7.31;;;;Bombus variabilis;
BOS-HYM-N03266;Apidae;Bombus pascuorum/muscorum;_/09/1993;Pedovella;;;;;;;;Juan José Castro;;;;2;7;;7.31;;;;Bombus variabilis;
BOS-HYM-N03267;Apidae;Bombus pascuorum;25/05/1994;Pte. San Miguel;Reocín;Cantabria;España;;;;;A. Gómez Espina;Ángeles Gómez;;;2;7;;7.31;;;;Bombus muscorum;
BOS-HYM-N03268;Apidae;Bombus pascuorum;02/08/1990;Pruvia;Llanera;Asturias;España;;;;;Hugo Mortera;Hugo Mortera;;;2;7;;7.31;;;;Bombus agrorum;
BOS-HYM-N03269;Apidae;Bombus pascuorum;_/07/1994;Fuenterrabía;Fuenterrabía;Guipúzcoa;España;;;;;Mª Jesús Eceiza;Mª Jesús Eceiza;;;2;7;;7.31;;;;Bombus agrorum;
BOS-HYM-N03270;Apidae;Bombus pascuorum;;Playa de Aguilo (Soto del Barco);Soto del Barco;Asturias;España;;;;;María J. Cabal;María J. Cabal;;;2;7;;7.31;;;;Bombus sp.;
BOS-HYM-N03271;Apidae;Eucera longicornis;07/04/1983;Llanes;Llanes;Asturias;España;Prado;;;Macho;Gregorio Valiente;;;;2;7;;7.32;;;;Himenópteros;
BOS-HYM-N03272;Apidae;Eucera longicornis;28/05/1983;Pola de Siero;Siero;Asturias;España;;;;Macho;R. Cueva;;;;1;3;;Caja moho 4;;;Tiene moho;;
BOS-HYM-N03273;Apidae;Eucera longicornis;15/05/1987;Fuente la Plata;;;España;;;;Macho;Arantxa Ugalde;Arantxa Ugalde;;;2;7;;7.32;;;;Himenóptero;
BOS-HYM-N03274;Apidae;Eucera longicornis;25/05/1980;Cabueñes ;Gijón;Asturias;España;;;;;S. Solano;;;;2;7;;7.32;;;;;
BOS-HYM-N03275;Apidae;Eucera sp.;10/07/1984;Astillero;Astillero;Cantabria;España;;;;Macho;Blanca R. Laza;;;;2;7;;7.32;;;;;
BOS-HYM-N03276;Apidae;Eucera longicornis;29/05/1988;Fuente de la Plata;Oviedo;Asturias;España;;;;Macho;Juan I. Leiva;Juan I. Leiva;;;2;7;;7.32;;;;;
BOS-HYM-N03277;Apidae;Eucera sp.;08/06/1983;San Martín;;;España;;;;Macho;Mª Dolores Rivas;Mª Dolores Rivas;;;1;3;;Caja moho 4;;;Tiene moho;Himenópteros;
BOS-HYM-N03278;Apidae;Eucera longicornis;04/05/1983;Oviedo;Oviedo;Asturias;España;En un seto;;17 h;;A. Anadón;;;;2;7;;7.32;;;;;
BOS-HYM-N03279;Apidae;Eucera sp.;20/05/1986;Oviedo;Oviedo;Asturias;España;;;;;Enrique Gómez;;;;2;7;;7.32;;;;;
BOS-HYM-N03280;Apidae;Eucera longicornis;;Oviedo;Oviedo;Asturias;España;;;;Macho;Isolina Martínez;A. Anadón  A. Quero;;;2;7;;7.32;;;;;
BOS-HYM-N03281;Apidae;Eucera longicornis;10/05/1988;Poo de Llanes;Llanes;Asturias;España;;;;;Teresa Suárez Glez;Teresa Suárez Glez;;;2;7;;7.32;;;;;
BOS-HYM-N03282;Apidae;Eucera longicornis;15/05/1982;Manzaneda;Avilés;Asturias;España;;;;Macho;Cecilia López;;;;2;7;;7.32;;;;Himenópteros;
BOS-HYM-N03283;Apidae;Eucera longicornis;20/05/1986;Oviedo;Oviedo;Asturias;España;;;;Macho;T. Sobrino;T. Sobrino;;;2;7;;7.32;;;;Himenópteros;
BOS-HYM-N03284;Apidae;Eucera longicornis;11/05/1976;Braña Vermix (Peón);;Asturias;España;;;;Macho;M. Truébano;A. Anadón  A. Quero;;;2;7;;7.32;;;;;
BOS-HYM-N03285;Apidae;Eucera longicornis;_/05/1981;Trubia;Oviedo;Asturias;España;;;;Macho;P. Ciscar Gómez;;;;1;3;;Caja moho 4;;;Tiene moho;;
BOS-HYM-N03286;Apidae;Eucera longicornis;16/04/1983;Gijón;Gijón;Asturias;España;;;;Macho;Miguel Fanjul;;;;2;7;;7.32;;;;Himenópteros;
BOS-HYM-N03287;Apidae;Eucera longicornis;23/04/1997;Latores;Oviedo;Asturias;España;;;;;C. Rguez del Valle;C. Rguez del Valle;;;2;7;;7.32;;;;;
BOS-HYM-N03288;Apidae;Eucera clypeata;12/05/1988;Poo;Llanes;Asturias;España;Sobre zarzas;;;;J. R. Fdz López;J. R. Fdz López;;;2;7;;7.32;;;;;
BOS-HYM-N03289;Apidae;Eucera longicornis;23/04/1987;Castañeda;Avilés;Asturias;España;Suelo;;;;Ángel García;M. J. Villaverde;;;2;7;;7.32;;;;;
BOS-HYM-N03290;Apidae;Eucera longicornis;12/05/1987;Oviedo;Oviedo;Asturias;España;Prados;;;;Mª Luz Yáñez;Mª Luz Yáñez;;;2;7;;7.32;;;;;
BOS-HYM-N03291;Apidae;Eucera sp.;29/05/1983;Rodiles;;Asturias;España;Volando sobre pradera;;12:03 h;Macho;Esther Orviz Glez;Esther Orviz Glez;;;2;7;;7.32;;;;Himenópteros;
BOS-HYM-N03292;Apidae;Eucera longicornis;28/05/1987;Meres;Siero;Asturias;España;Prado-pomarada;;;;S. Carbajal;S. Carbajal;;;2;7;;7.32;;;;Apoideos;
BOS-HYM-N03293;Apidae;Eucera longicornis;24/05/1987;Cerca del Centro Asturiano Naranco (Oviedo);Oviedo;Asturias;España;En un prado sobre Anthyllis vulneraria;400 m ;14 h;;R. Cernuda;;;;2;7;;7.32;;;;Hymenoptera;
BOS-HYM-N03294;Apidae;Eucera longicornis;24/05/1987;Las Segadas;Oviedo;Asturias;España;;;;Macho;C. Martínez;C. Martínez Carrera;;;2;7;;7.32;;;;Himenóptero;
BOS-HYM-N03295;Apidae;Eucera longicornis;29/05/1983;Llorianes (Valdesoto);Siero;Asturias;España;;;;;M. Sierra;M. Sierra;;;1;3;;Caja moho 4;;;Tiene moho;;
BOS-HYM-N03296;Apidae;Eucera sp.;22/05/1987;Parque de invierno (Oviedo);Oviedo;Asturias;España;;;;Macho;C. Alonso Blanco;C. Alonso Blanco;;;2;7;;7.32;;;;Hymenoptera;
BOS-HYM-N03297;Apidae;Eucera longicornis;21/05/1983;Pénjamo (La Felguera);Langreo;Asturias;España;;;;Macho;Ana Mª Gutiérrez;;;;1;3;;Caja moho 4;;;Tiene moho;Himenópteros;
BOS-HYM-N03298;Apidae;Eucera sp.;17/06/1979;Salamanca;Salamanca;Salamanca;España;;;;Macho;José F. García;José F. García;;;2;7;;7.32;;;;;
BOS-HYM-N03299;Apidae;Eucera longicornis;21/05/1983;Pénjamo (La Felguera);Langreo;Asturias;España;;;;Macho;Glez-Pola Villa M.;;;;2;7;;7.32;;;;Himenópteros;
BOS-HYM-N03300;Apidae;Eucera longicornis;24/05/1986;La Caridad;El Franco;Asturias;España;;;;;J. Rodrigo Fdez Lpz;J. Rodrigo Fdez Lpz;;;2;7;;7.32;;;;Himenópteros;
BOS-HYM-N03301;Apidae;Eucera sp.;02/06/1981;Naranco (Oviedo);Oviedo;Asturias;España;Sobre flor;;;Macho;Ana Cristina Arias;;;;1;3;;Caja moho 4;;;Tiene moho;Himenópteros;
BOS-HYM-N03302;Apidae;Eucera longicornis;_/06/1987;La Coria;Gijón;Asturias;España;;;;;C. Bonhome;C. Bonhome;;;2;7;;7.32;;;;;
BOS-HYM-N03303;Apidae;Eucera longicornis;_/05/1980;Naranco (Oviedo);Oviedo;Asturias;España;;;;;C. Muñoz Hdez;;;;1;3;;Caja moho 4;;;Tiene moho;;
BOS-HYM-N03304;Apidae;Eucera longicornis;16/05/1987;Oviedo;Oviedo;Asturias;España;;;;;M. N. García Martín;M. N. García Martín;;;2;7;;7.32;;;;;
BOS-HYM-N03305;Apidae;Eucera sp.;_/06/1982;Oviedo;Oviedo;Asturias;España;;;;;Rita Fdez;;;;2;7;;7.32;;;;;
BOS-HYM-N03306;Apidae;Eucera sp.;25/07/1987;Oviedo;Oviedo;Asturias;España;Prado;;;Macho;José G. Longedo;Daniel Urdinguio;;;2;7;;7.32;;;;;
BOS-HYM-N03307;Apidae;Eucera longicornis;12/05/1987;Trubia;Oviedo;Asturias;España;;;;;C.Palacios;L. Palacios;;;2;7;;7.32;;;;;
BOS-HYM-N03308;Apidae;Eucera longicornis;05/06/1986;Fuente de la plata;Oviedo;Asturias;España;Pastizal;;;;Macho Leiva Moreno;Macho Leiva Moreno;;;2;7;;7.32;;;;;
BOS-HYM-N03309;Apidae;Eucera longicornis;10/05/1987;Cabo Peñas;;Asturias;España;Brezal-tojal, sobre Lotus sp.;;;;C. J. Villalba;C. J. Villalba;;;2;7;;7.32;;;;;
BOS-HYM-N03310;Apidae;Eucera longicornis;15/04/1976;Cáceres;Cáceres;Cáceres;España;;;;;C. Bravo;;;;1;3;;Caja moho 4;;;Tiene moho;;
BOS-HYM-N03311;Apidae;Eucera sp.;01/05/1976;Braá Vermix (Peón);;Asturias;España;;;;;P. Mortera;A. Anadón;;;2;7;;7.32;;;;;
BOS-HYM-N03312;Apidae;Eucera sp.;01/06/1982;Gijón;Gijón;Asturias;España;;;;;Mª Adela Fuertes;;;;1;3;;Caja moho 4;;;Tiene moho;;
BOS-HYM-N03313;Apidae;Eucera longicornis;19/04/1990;Pontón;;Asturias;España;;;;;J. N. Cigarría;J. Cigarría;;;2;7;;7.32;;;;;
BOS-HYM-N03314;Apidae;Eucera sp.;02/06/1983;Langreo;Langreo;Asturias;España;Jardín;300 m;;Macho;E. Coto García;;;;2;7;;7.32;;;;Himenópteros;
BOS-HYM-N03315;Apidae;Eucera sp.;15/04/2006;Salamir;Cudillero;Asturias;España;Prados;;;;Daniel García Estrada;Daniel García Estrada;;;2;7;;7.32;;;;Apis mellifera;
BOS-HYM-N03316;Apidae;Eucera tuberculata;07/04/1996;Posada de Llanera;Llanera;Asturias;España;;;;;Juan M. Mateos;Juan M. Mateos;;;2;7;;7.32;;;;;
BOS-HYM-N03317;Apidae;Eucera longicornis;01/06/1991;La Bolgachina;Oviedo;Asturias;España;;;;;Mª Isabel Sánchez;Mª Isabel Sánchez;;;2;7;;7.32;;;;;
BOS-HYM-N03318;Apidae;Eucera longicornis;01/06/1991;La Isla;Colunga;Asturias;España;;;;;Rafael G.-Quirós Fdez;Rafael Glez-Quirós;;;1;3;;Caja moho 4;;;Tiene moho;;
BOS-HYM-N03319;Apidae;Eucera longicornis;30/10/1990;Ceares;Gijón;Asturias;España;;;;Macho;Luis Valle Queipo;Isabel Sánchez;;;2;7;;7.32;;;;;
BOS-HYM-N03320;Apidae;Eucera longicornis;26/05/1991;Jove;Gijón;Asturias;España;;;;Macho;Mª Jesús Glez;Mª Jesús Glez;;;2;7;;7.32;;;;;
BOS-HYM-N03321;Apidae;Eucera sp.;15/08/1978;Béjar;Béjar;Salamanca;España;;;;Macho;C. Blanco;;;;2;7;;7.32;;;;;
BOS-HYM-N03322;Apidae;Eucera longicornis;14/05/1991;El CAU (Oviedo);Oviedo;Asturias;España;;;;Macho;Loren Pérez Melero;Loren Pérez Melero;;;2;7;;7.32;;;;;
BOS-HYM-N03323;Apidae;Eucera sp.;_/05/1996;La Isla;;;España;;;;Macho;José A. Isla;José A. Isla;;;2;7;;7.32;;;;Biastes sp.;
BOS-HYM-N03324;Apidae;Eucera longicornis;24/04/1997;Oviedo;Oviedo;Asturias;España;;;;Macho;Germán Orizaola;Germán Orizaola;;;2;7;;7.32;;;;;
BOS-HYM-N03325;Apidae;Eucera longicornis;11/06/2005;El Berrón;Siero;Asturias;España;Prado;;;Macho;Luis S. V.;Luis S. V.;;;2;7;;7.32;;;;;
BOS-HYM-N03326;Apidae;Eucera sp.;_/02/1999;Soto del Barco;Soto del Barco;Asturias;España;;;;Macho;Rebeca G.;Rebeca G.;;;2;7;;7.32;;;;;
BOS-HYM-N03327;Apidae;Eucera longicornis;24/04/1997;Latores;Oviedo;Asturias;España;;;;Macho;I. Gutiérrez Martínez;I. Gutiérrez Martínez;;;2;7;;7.32;;;;;
BOS-HYM-N03328;Apidae;Eucera longicornis;10/04/1995;Oviedo;Oviedo;Asturias;España;;;;Macho;L. J. Rodríguez;C. Vázquez;;;2;7;;7.32;;;;;
BOS-HYM-N03329;Apidae;Anthophora sp.;18/03/1996;P. P. Tomás (Oviedo);Oviedo;Asturias;España;Prado;;;;L. Frechilla;L. Frechilla;;;2;7;;7.32;;;;;
BOS-HYM-N03330;Apidae;Anthophora sp.;01/05/1997;Rodiles;Villaviciosa;Asturias;España;;;;;J. Antuña;;;;2;7;;7.32;;;;;
BOS-HYM 2287;Apidae;Eucera longicornis;10/05/1982;Gijón;Gijón;Asturias;España;Jardín;;;Macho;I. Pomar Amillo;I. Pomar Amillo;A. Núñez det. 2021;;1;3;;Caja moho 4;;;Tiene moho;Himenóptero;
BOS-HYM 2286;Apidae;Eucera longicornis;12/05/1981;Santurio;Gijón;Asturias;España;;;;;Luis Moro;;A. Núñez det. 2021;;1;3;;Caja moho 4;;;Tiene moho;Apidae;
BOS-HYM 2285;Apidae;Eucera nigrescens;19/04/1989;Oviedo;Oviedo;Asturias;España;;;;Macho;Jorge González;Jorge González;A. Núñez det. 2021;;2;7;;7.32;;;;Eucera longicornis;
BOS-HYM-N03331;Apidae;Eucera sp.;19/06/1988;Luanco;Gozón;Asturias;España;;;;;Ana Mª Glez Antuña;Ana Mª Glez Antuña;;;2;7;;7.32;;;;Anthophora bimaculata;
BOS-HYM-N03332;Apidae;Eucera sp.;06/06/1990;Somió;Gijón;Asturias;España;;;;;;;;;2;7;;7.32;;;;;
BOS-HYM-N03333;Apidae;Eucera sp.;26/04/1987;Cotaron;Gozón;Asturias;España;;;;;Mª Salud Pacada;;;;2;7;;7.32;;;;;
BOS-HYM-N03334;Apidae;Eucera sp.;02/05/1987;Oviedo;Oviedo;Asturias;España;;;;;M. Rguez Pérez;M. Rguez Pérez;;;2;7;;7.32;;;;Himenoptera;
BOS-HYM-N03335;Apidae;Eucera longicornis;_/08/1986;Navia;Navia;Asturias;España;;;;;Fidela Pérez;Fidela Pérez;;;2;7;;7.32;;;;;
BOS-HYM-N03336;Apidae;Eucera sp.;12/05/1981;Santuario;Gijón;Asturias;España;;;;Hembra;Luis Moro;;;;2;7;;7.32;;;;Apidae;
BOS-HYM-N03337;Apidae;Eucera longicornis;19/04/1989;Oviedo;Oviedo;Asturias;España;;;;Hembra;Jorge González;Jorge González;;;2;7;;7.32;;;;;
BOS-HYM-N03338;Apidae;Eucera sp.;31/05/1986;Soto de Rey;Ribera de Arriba;Asturias;España;Matorral;;;;Julio Iglesias;;;;2;7;;7.32;;;;;
BOS-HYM-N03339;Apidae;Eucera sp.;28/05/1987;Abantro (Campo de Caso);Caso;Asturias;España;En una flor;;;;D. Pardo Carneado;;;;2;7;;7.32;;;;;
BOS-HYM-N03340;Apidae;Eucera sp.;23/05/1982;Peñaullán;Pravia;Asturias;España;Prado;;;;Ana Suárez;;;;2;7;;7.32;;;;;
BOS-HYM-N03341;Apidae;Eucera sp.;11/05/1980;Espinedo;Pola de Lena;Asturias;España;Huerta;;;;Ana Concepción;;;;2;7;;7.32;;;;;
BOS-HYM-N03342;Apidae;Eucera sp.;;S. Cristóbal (Avilés);Avilés;Asturias;España;;;5:30 h;;;A. Anadón;;;2;7;;7.32;;;;;
BOS-HYM-N03343;Melittidae;Dasypoda plumipes;23/07/1972;Panjón;Nigrán;Pontevedra;España;;;;;R. Anadón;;;;2;7;;7.33;;;;;
BOS-HYM-N03344;Melittidae;Dasypoda plumipes;28/08/1982;Valladolid;Valladolid;Valladolid;España;Junto a canal;;;;H. Caballero;H. Caballero;;;1;3;;Caja moho 4;;;Tiene moho;;
BOS-HYM-N03345;Melittidae;Dasypoda plumipes;15/08/1982;La Alberca;La Alberca;Salamanca;España;;;;;F. Caballero;;;;2;7;;7.33;;;;;
BOS-HYM-N03346;Melittidae;Dasypoda plumipes;12/07/1977;S. Juan de Nieva (Avilés);Avilés;Asturias;España;Sobre planta;;;;Mª Elena Díaz S.;A. Anadón;;;2;7;;7.33;;;;;
BOS-HYM-N03347;Melittidae;Dasypoda;23/07/1972;Panjón;Nigrán;Pontevedra;España;;;;;R. Anadón;A. Anadón;;;2;7;;7.33;;;;;
BOS-HYM-N03348;Melittidae;Dasypoda;23/07/1972;Panjón;Nigrán;Pontevedra;España;;;;;R. Anadón;;;;2;7;;7.33;;;;;
BOS-HYM-N03349;Melittidae;Dasypoda sp.;22/07/1972;Panjón;Nigrán;Pontevedra;España;;;;;R. Anadón;;;;2;7;;7.33;;;;;
BOS-HYM-N03350;Melittidae;Dasypoda sp.;28/08/1983;Monte El Viejo;;Palencia;España;;;;Macho;Mª José García;Mª José García;;;2;7;;7.33;;;;Colletes succinctus;
BOS-HYM-N03351;Melittidae;Dasypoda sp.;16/04/1987;Zamora;Zamora;Zamora;España;;;;Hembra;P. Morán;A. Martín Pendás;;;2;7;;7.33;;;;Hymenopteros;
BOS-HYM-N03352;Andrenidae;Panurgus;18/07/1980;La Bañeza;La Bañeza;León;España;Cerca de río;;;;Ana Quero;A. Anadón;;;2;7;;7.33;;;;;
BOS-HYM-N03353;Andrenidae;Panurgus sp.;03/08/1972;Panjón;Nigrán;Pontevedra;España;;;;;R. Aänadón;;;;2;7;;7.33;;;;;
BOS-HYM-N03354;Andrenidae;Panurgus sp.;04/08/1972;Panjón;Nigrán;Pontevedra;España;;;;;R. Aänadón;;;;2;7;;7.33;;;;;
BOS-HYM-N03355;Andrenidae;Panurgus sp.;23/07/1972;Panjón;Nigrán;Pontevedra;España;;;;;R. Anadón;;;;2;7;;7.33;;;;;
BOS-HYM-N03356;Andrenidae;Panurgus sp.;23/07/1972;Panjón;Nigrán;Pontevedra;España;;;;;R. Anadón;;;;2;7;;7.33;;;;;
BOS-HYM-N03357;Andrenidae;Panurgus sp.;23/07/1972;Panjón;Nigrán;Pontevedra;España;;;;;R. Anadón;;;;2;7;;7.33;;;;;
BOS-HYM-N03358;Andrenidae;Panurgus sp.;23/07/1972;Panjón;Nigrán;Pontevedra;España;;;;;R. Anadón;;;;2;7;;7.33;;;;;
BOS-HYM-N03359;Andrenidae;Panurgus sp.;23/07/1972;Panjón;Nigrán;Pontevedra;España;;;;;R. Anadón;;;;2;7;;7.33;;;;;
BOS-HYM-N03360;Andrenidae;Panurgus sp.;10/08/1980;Hio;Hio;Pontevedra;España;;;;;A. Anadón;;;;2;7;;7.33;;;;;
BOS-HYM-N03361;Andrenidae;Panurgus;08/07/1977;Mendivil;Olóriz;Navarra;España;;;;;A. Anadón;Elvira Flamarique;;;1;3;;Caja moho 4;;;Tiene moho;;
BOS-HYM-N03362;Colletidae;Colletes sp.;03/08/1972;Panjón;Nigrán;Pontevedra;España;;;;;R. Anadón;;;;2;7;;7.33;;;;;
BOS-HYM-N03363;Andrenidae;Panurgus;08/07/1977;Mendivil;Olóriz;Navarra;España;;;;;E. Flamarique;A. Anadón;;;2;7;;7.33;;;;;
BOS-HYM-N03364;Andrenidae;Panurgus sp.;18/07/1980;La Bañeza;La Bañeza;León;España;Cerca de río;;;;Ana Quero;;;;2;7;;7.33;;;;;
BOS-HYM-N03365;Andrenidae;Panurgus sp.;18/07/1980;La Bañeza;La Bañeza;León;España;Cerca de río;;;;Ana Quero;;;;2;7;;7.33;;;;;
BOS-HYM-N03366;Andrenidae;Panurgus sp.;18/07/1980;La Bañeza;La Bañeza;León;España;Cerca de río;;;;Ana Quero;;;;2;7;;7.33;;;;;
BOS-HYM 2171;Andrenidae;Andrena hattorfiana;01/03/1979;Perlora;Carreño;Asturias;España;Sobre flor;;;Hembra;Suárez Suárez;A. Anadón;A. Núñez;;1;3;;Caja moho 4;;;Tiene moho;Andrena;
BOS-HYM 2173;Andrenidae;Andrea florea;20/05/1993;San Andrés (Trubia);Oviedo;Asturias;España;Márgen río Trubia;;;Macho;A. Fdez García;A. Fdez García;A. Núñez;;2;7;;7.34;;;;Nomada ferruginosa;
BOS-HYM 2188;Andrenidae;Andrena cineraria;15/05/1978;Teverga;Teverga;Asturias;España;;;;Hembra;C. Castillo;A. Anadón;A. Núñez;;2;7;;7.34;;;;Andrena;
BOS-HYM 2178;Andrenidae;Andrena flavipes;29/03/1991;Cogeces del Monte;Cogeces del Monte;Valladolid;España;;;;Macho;P. Velasco Vallejo;P. Velasco Vallejo;A. Núñez;;2;7;;7.34;;;;Andrena daviesanus;
BOS-HYM 2172;Andrenidae;Andrena schenki;25/07/1978;Corias;Pravia;Asturias;España;;;;Hembra;;A. Núñez;;;2;7;;7.34;;;;;
BOS-HYM 2197;Andrenidae;Anthophora plumipes;20/03/2009;Casa Cima;Mieres;Asturias;España;;;;Macho;Iria Baraggua;A. Núñez;;;2;7;;7.34;;;;;
BOS-HYM 2159;Megachilidae;Megachile lagopoda;05/08/1991;La Atalaya;Cudillero;Asturias;España;;;;Macho;Pedro García Ramón;Pedro García Ramón;A. Núñez;;2;7;;7.34;;;;Megachile maritima;
BOS-HYM 2194;Apidae;Eucera nigrescens;28/05/1987;Suances;Suances;Cantabria;España;;Nivel del mar;;Hembra;Mª José S. Cacho;Mª José S. Cacho;A. Núñez;;2;7;;7.34;;;;Hymenoptera;
BOS-HYM 2170;Apidae;Eucera nigrescens;09/05/1993;Villalón de Campos;Villalón de Campos;Valladolid;España;;;;Hembra;Santiago Pérez Calvo;A. Núñez;;;2;7;;7.34;;;;;
BOS-HYM 2166;Apidae;Anthophora pubescens;28/09/1980;Batuecas;La Alberca;Salamanca;España;;;;Hembra;M. J. Gañán;M. J. Gañán;A. Núñez;;2;7;;7.34;;;;Anthophora pilipes;
BOS-HYM 2090;Apidae;Anthophora fluvitarsis;26/05/1983;Urdiales del Páramo;Urdiales del Páramo;León;España;Flor tu dia;;;Macho;Fdo. Bfton;;A. Núñez;;2;7;;7.34;;;;Coleópteros;
BOS-HYM 2162;Apidae;Melecta albifrons;18/05/1987;Gallegos;;;España;;;;Hembra;Olga Fdz Prieto;A. Núñez;;;2;7;;7.34;;;;;
BOS-HYM 2212;Apidae;Melecta albifrons;10/05/1977;Somiedo;Somiedo;Asturias;España;Prado;;;Hembra;Héctor Centeno;A. Anadón;A. Núñez;;2;7;;7.34;;;;Melecta armata;
BOS-HYM 2164;Apidae;Melecta albifrons;16/04/1987;Gallegos;;;España;;;;Macho;Olga Fdz Prieto;A. Núñez;;;1;3;;Caja moho 4;;;Tiene moho;;
BOS-HYM 2053;Andrenidae;Andrena sp.;30/03/1991;Edesa Montija;Merindad de Montija;Burgos;España;;;;Hembra;B. Baranda;B. Baranda;A. Núñez;;2;7;;7.34;;;;Colletes daviesanus;Colletes cunicularius
BOS-HYM 2196;Colletidae;Colletes hederae;_/10/1989;Luarca;Valdés;Asturias;España;;;;Hembra;A. Busto;A. Núñez;;;2;7;;7.34;;;;;
BOS-HYM-N03367;Colletidae;Colletes cunicularius;24/02/2019;Rodiles;Villaviciosa;Asturias;España;Nidos arena. Ciento;;;Macho;A. Anadón;A. Núñez;;;2;7;;7.34;;;;;
BOS-HYM 2213;Colletidae;Hylaeus variegatus;13/07/1978;Simancas;Simancas;Valladolid;España;;;;Macho;M. A. Aranda;A. Anadón;A. Núñez;;2;7;;7.34;;;;Prosopis ;
BOS-HYM 2193;Halictidae;Halictus quadricinctus;07/08/1982;Sedano;Valle del Sedano;Burgos;España;;;;Hembra;M. J. Darián;A. Núñez;;;2;7;;7.34;;;;;
BOS-HYM 2057;Halictidae;Halictus scabiosae;11/08/2009;Caces;Oviedo;Asturias;España;Matorral;;;Macho;José M. Suárez;José M. Suárez;A. Núñez;;2;7;;7.34;;;;Vespula mdia;
BOS-HYM 2056;Halictidae;Halictus scabiosae;10/06/2010;Sestiello;Grado;Asturias;España;Prado;;;Hembra;Santiago García Glez;A. Núñez;;;2;7;;7.34;;;;;
BOS-HYM 2209;Halictidae;Lasioglossum nigripes;25/04/1996;Posada de Llanera;Llanera;Asturias;España;;;;Hembra;Juan M. Mateos;Juan M. Mateos;A. Núñez;;2;7;;7.34;;;;Halictus sexcinctus;
BOS-HYM 2208;Halictidae;Lasioglossum morio;21/08/1981;Isla Estela;;Pontevedra;España;;;;Macho;A. Anadón;A. Núñez;;;2;7;;7.34;;;;;
BOS-HYM 2055;Halictidae;Halictus scabiosae;21/09/2009;Oviedo;Oviedo;Asturias;España;Pista finlandesa;;;Macho;Raquel Pereda;A. Núñez;;;2;7;;7.34;;;;;
BOS-HYM 2054;Halictidae;Halictus scabiosae;07/05/2009;Corao;Cangas de Onís;Asturias;España;Camino;;;Macho;Denisse Pantín Díaz;Denisse Pantín Díaz;A. Núñez;;2;7;;7.34;;;;Vespidae;
BOS-HYM 2199;Halictidae;Sphecodes monilicornis;06/07/1997;Rodiles;Villaviciosa;Asturias;España;;;;Hembra;J. Antuña;A. Núñez;;;2;7;;7.34;;;;;
BOS-HYM 2176;Andrenidae;Andrena labiata;18/08/1993;Villar;Hermandad de Campoo de Suso;Cantabria;España;;;;Hembra;Marta Gatón;Marta Gatón;A. Núñez;;2;7;;7.34;;;;Andrena labiata;
BOS-HYM 2156;Megachilidae;Osmia niveata;28/05/1980;Oviedo;Oviedo;Asturias;España;;;;Macho;J. A. Blanco;J. A. Blanco;A. Núñez;;2;7;;7.34;;;;Megachile centuncularis;
BOS-HYM 2214;Halictidae;Nomiapis diversipes;08/07/1982;Veguellina;;León;España;;;;Macho;M. C. Gutiérrez;A. Núñez;;;2;7;;7.34;;;;;
BOS-HYM 2155;Megachilidae;Osmia niveata;25/05/1980;Avilés;Avilés;Asturias;España;;;;Hembra;F. Sotodosos;A. Núñez;;;2;7;;7.34;;;;;
BOS-HYM 2211;Megachilidae;Megachile leachella;16/08/1981;Monteferro;;Pontevedra;España;;;;Macho;A. Anadón;A. Núñez;;;2;7;;7.34;;;;;
BOS-HYM 2174;Megachilidae;Osmia bicolor;07/04/1982;Monte Naranco;Oviedo;Asturias;España;Borde camino;;;Macho;M. Cruz Martín;A. Núñez;;;2;7;;7.34;;;;;
BOS-HYM 2157;Megachilidae;Megachile centuncularis;24/05/1987;Tiñana;Siero;Asturias;España;;;;Hembra;Mª Ángeles G.;A. Núñez;;;2;7;;7.34;;;;;
BOS-HYM 2154;Megachilidae;Osmia aurulenta;14/05/1989;Valdedios;;Asturias;España;;;;Hembra;V. L. Doriga;V. L. Doriga;A. Núñez;;2;7;;7.34;;;;;
BOS-HYM 2198;Megachilidae;Hoplitis adunca;06/07/1997;Rodiles;Villaviciosa;Asturias;España;;;;Hembra;J. Antuña;A. Núñez;;;2;7;;7.34;;;;;
BOS-HYM 2210;Megachilidae;Megachile lagopoda;08/06/1986;El Cristo (Oviedo);Oviedo;Asturias;España;;;;Macho;Carlos M. Martínez;A. Anadón;A. Núñez;;2;7;;7.34;;;;Megachile;
BOS-HYM 2175;Megachilidae;Coelioxys inermis;04/08/1979;Gijón;Gijón;Asturias;España;;;;Hembra;P. Figaredo;A. Núñez;;;2;7;;7.34;;;;;
BOS-HYM 2158;Megachilidae;Megachile lagopoda;13/08/1982;La Alberca;La Alberca;Salamanca;España;Sobre flores;;;Macho;H. Caballero;A. Núñez;;;2;7;;7.34;;;;;
BOS-HYM 2052;Megachilidae;Osmia bicornis;12/07/2006;Torla;Torla;Huesca;España;;;;Hembra;Pilar J. B.;Pilar J. B.;A. Núñez;;2;7;;7.34;;;;Apis mellifera;
BOS-HYM 2160;Megachilidae;Megachile pilidens;15/08/1980;Panjón;Nigrán;Pontevedra;España;;;;Hembra;A. Anadón;A. Núñez;;;2;7;;7.34;;;;;
BOS-HYM 2218;Megachilidae;Megachile ericetorum;27/07/1980;El Campo;;León;España;;;;Hembra;Ana Jesús Glez Fdez;;A. Núñez;;2;7;;7.34;;;;Himenópteros;
BOS-HYM 2218;Melittidae;Dasypoda argentata;14/06/2010;Mª Eugenia ;Villaviciosa;Asturias;España;Prado, sobre flor;;;Macho;Omar Cots;Omar Cots;A. Núñez;;2;7;;7.34;;;;Panurgus banksianus;
BOS-HYM 2195;Melittidae;Dasypoda argentata;18/07/2008;Bailremos;;Lugo;España;;;;Macho;Eusa Díaz;Eusa Díaz;A. Núñez;;2;7;;7.34;;;;Apis sp.;
BOS-HYM 2169;Melittidae;Dasypoda hirtipes;21/08/1983;Salinas;;Asturias;España;;;;Hembra;D. Sor. Fernández;A. Anadón;A. Núñez;;2;7;;7.34;;;;;
BOS-HYM 2167;Melittidae;Dasypoda argentata;12/07/1994;Cristo (Oviedo);Oviedo;Asturias;España;;;;Hembra;Mª J. Villamor;Mª J. Villamor;A. Núñez;;2;7;;7.34;;;;Dasypoda altercator;
BOS-HYM-N03368;Vespidae;Vespula germanica;13/11/2005;San Adriano;Castrillón;Asturias;España;Prado;;;;Miguel Baigorri;Miguel Baigorri;;;6;1;B;HYM-6.1.B.1;;;;Vespula sp.;
BOS-HYM-N03369;Vespidae;Vespula germanica;28/02/1998;Pruvia de Arriba;Llanera;Asturias;España;;;;;Rocío Pérez;Marco A. Varela;;;6;1;B;HYM-6.1.B.1;;;;;
BOS-HYM-N03370;Vespidae;Vespula germanica;10/05/1996;Pruvia;Llanera;Asturias;España;;;;;E. Hilla Merchán;E. Hilla Merchán;;;1;3;;Caja moho 4;;;Tiene moho;;
BOS-HYM-N03371;Vespidae;Vespula germanica;_/11/1995;Villar (Luarca);Valdés;Asturias;España;;;;;David Muñoz Martínez;David Muñoz;;;1;3;;Caja moho 4;;;Tiene moho;Vespula media;
BOS-HYM-N03372;Vespidae;Vespula silvestris;10/06/1996;Avilés;Avilés;Asturias;España;;;;;S. Álvares Estrada;S. Álvares Estrada;;;6;1;B;HYM-6.1.B.1;;;;;
BOS-HYM-N03373;Vespidae;Polistes dominula;_/10/2006;Barros;Langreo;Asturias;España;Pradera;;;;Alba Fanjul;;;;6;1;B;HYM-6.1.B.1;;;;;
BOS-HYM-N03374;Vespidae;Polistes dominula;13/07/2007;Urbies;Mieres;Asturias;España;Bar;;;Macho;Carolina Fdez Fdez;Carolina Fdez Fdez;;;6;1;B;HYM-6.1.B.1;;;;D. sylvestris;
BOS-HYM-N03375;Vespidae;Polistes dominula;02/08/1997;La Corolla;Gijón;Asturias;España;;;;;C. Lozano;C. Lozano;;;6;1;B;HYM-6.1.B.1;;;;Polistes gallicus;
BOS-HYM-N03376;Vespidae;Dolichovespula sylvestris;_/08/2007;Arborio;;Asturias;España;Flores;;;;Pablo M. P.;Pablo M. P.;;;1;3;;Caja moho 4;;;Tiene moho;;
BOS-HYM-N03377;Vespidae;Vespula vulgaris;_/06/1998;Cabueñes ;Gijón;Asturias;España;;;;;J. L. L. Castaño;J. L. L. Castaño;;;6;1;B;HYM-6.1.B.1;;;;Vespula germanica;
BOS-HYM-N03378;Vespidae;Vespula germanica;17/08/1996;Santiago de Cartes;Cartes;Cantabria;España;;;;;Gerardo Merino;Gerardo Merino;;;6;1;B;HYM-6.1.B.1;;;;;
BOS-HYM-N03379;Vespidae;Vespula germanica;_/03/1997;Oviedo;Oviedo;Asturias;España;;;;;Susana Cabezas;Marta Pascual;;;6;1;B;HYM-6.1.B.1;;;;Vespula media;
BOS-HYM-N03380;Vespidae;Dolichovespula sylvestris;04/08/1995;Las Lavias;;Cantabria;España;;;;;Ana Quero;R. Ordiales;;;6;1;B;HYM-6.1.B.1;;;;Vespula sylvestris;
BOS-HYM-N03381;Vespidae;Vespula vulgaris;13/07/1997;Castiello;Villaviciosa;Asturias;España;;;;;Nuria Martínez;Nieves Rdgz;;;6;1;B;HYM-6.1.B.1;;;;;
BOS-HYM-N03382;Vespidae;Vespula germanica;09/05/1997;La Perol;Illas;Asturias;España;;;;;Rguez del Valle;Rguez del Valle;;;6;1;B;HYM-6.1.B.1;;;;;
BOS-HYM-N03383;Vespidae;Polistes dominula;03/03/1997;Mieres;Mieres;Asturias;España;;;;;María Lamelas;María Lamelas;;;6;1;B;HYM-6.1.B.1;;;;Polistes gallicus;
BOS-HYM-N03384;Vespidae;Vespula germanica;05/09/2007;Luanco;Gozón;Asturias;España;;;;;Matanzas Nora;Nora Matanzas;;;6;1;B;HYM-6.1.B.1;;;;Vespula vulgaris;
BOS-HYM-N03385;Vespidae;Vespula germanica;16/09/1997;Valle de Tamón;Carreño;Asturias;España;;;;Hembra;Mª José Sierra;Mª José Sierra;;;6;1;B;HYM-6.1.B.1;;;;;
BOS-HYM-N03386;Vespidae;Vespula germanica;28/05/1998;Oviedo;Oviedo;Asturias;España;;;;;A. Sierra;A. Sierra;;;1;3;;Caja moho 4;;;Tiene moho;;
BOS-HYM-N03387;Vespidae;Polistes gallicus;30/10/2007;Andaruto;Langreo;Asturias;España;Jardín;;;Hembra;Aladino Díaz;;;;6;1;B;HYM-6.1.B.1;;;;;
BOS-HYM-N03388;Vespidae;Polistes dominula;26/08/2006;Sanzo;Pesoz;Asturias;España;Huerta;;;Macho;Laura Roncaño Fdez;Laura Roncaño Fdez;;;6;1;B;HYM-6.1.B.1;;;;Vespula sp.;
BOS-HYM-N03389;Vespidae;Vespula germanica;13/10/1996;Pura Tomás (Oviedo);Oviedo;Asturias;España;;;;;Silvia Vega O.;Silvia Vega O.;;;6;1;B;HYM-6.1.B.1;;;;;
BOS-HYM-N03390;Vespidae;Polistes dominula;28/04/1983;Caces;Oviedo;Asturias;España;;;;;E. Menéndez Moris;Emilia Mdez Moris;;;6;1;B;HYM-6.1.B.1;;;;Polistes gallicus;
BOS-HYM-N03391;Vespidae;Vespula germanica;29/09/1997;Lugo de Llanera;Llanera;Asturias;España;;;;;J. L. Rguez;Laura R. G.;;;6;1;B;HYM-6.1.B.1;;;;;
BOS-HYM-N03392;Vespidae;Vespula germanica;01/11/1995;Villar (Luarca);Valdés;Asturias;España;;;;;Belén Sainz S.;Belén Sainz S.;;;6;1;B;HYM-6.1.B.1;;;;;
BOS-HYM-N03393;Vespidae;Vespula vulgaris;02/11/1995;Luarca;Valdés;Asturias;España;;;;;Sonia Cebo;Sonia Cebo;;;6;1;B;HYM-6.1.B.1;;;;;
BOS-HYM-N03394;Vespidae;Polistes dominula;22/10/1996;Luarca;Valdés;Asturias;España;;;;;Ana E. Rguez Gtrez;Ana E. Rguez Gtrez;;;6;1;B;HYM-6.1.B.1;;;;Polistes gallicus;
BOS-HYM-N03395;Vespidae;Polistes dominula;_/07/1997;Granda;Siero;Asturias;España;;;;;Juan Gómez;J. Gómez Naveto;;;6;1;B;HYM-6.1.B.1;;;;Polistes gallicus;
BOS-HYM-N03396;Vespidae;Vespula germanica;11/11/2006;Santa Marina (Oviedo);;Asturias;España;Prado;;;;Rubén Tronco Suárez;Rubén Tronco Suárez;;;6;1;B;HYM-6.1.B.1;;;;Vespula sp.;
BOS-HYM-N03397;Vespidae;Vespula germanica;26/04/1997;Puerta la Villa;Gijón;Asturias;España;;;;;Montse Blanco;Vitor X. Melero;;;6;1;B;HYM-6.1.B.1;;;;;
BOS-HYM-N03398;Vespidae;Vespula germanica;15/07/1995;Porceyo;Gijón;Asturias;España;;;;;F. Fernández;Presen Ordiérez;;;6;1;B;HYM-6.1.B.1;;;;;
BOS-HYM-N03399;Vespidae;Polistes gallicus;12/10/2007;Mieres;Mieres;Asturias;España;;;;;Miguel A. Coto;Miguel A. Coto;;;6;1;B;HYM-6.1.B.1;;;;;
BOS-HYM-N03400;Vespidae;Vespula germanica;_/06/2006;Argame;Ribera de Arriba;Asturias;España;;;;;Camilo Sousa;Sara R. Sousa;;;6;1;B;HYM-6.1.B.1;;;;Vespula sp.;
BOS-HYM-N03401;Vespidae;Vespula vulgaris;_/05/1996;Latores;Oviedo;Asturias;España;;;;;David Muñoz Martínez;David Muñoz;;;6;1;B;HYM-6.1.B.1;;;;;
BOS-HYM-N03402;Vespidae;Vespula vulgaris;01/09/2006;Soto del Barco;Soto del Barco;Asturias;España;;;;;Marco López;Marco López;;;6;1;B;HYM-6.1.B.1;;;;Vespula vulgaris;
BOS-HYM-N03403;Vespidae;Vespa vulgaris;26/10/2006;Mieres;Mieres;Asturias;España;;;;;Vanessa Oroza;Vanessa Oroza;;;6;1;B;HYM-6.1.B.1;;;;Vespula sp.;
BOS-HYM-N03404;Vespidae;Vespula germanica;08/05/1998;Luarca;Valdés;Asturias;España;;;;;Mario Busto;M. Pusto;;;6;1;B;HYM-6.1.B.1;;;;;
BOS-HYM-N03405;Vespidae;Vespula germanica;_/08/1995;Posada de Llanera;Llanera;Asturias;España;;;;;Juan M. Mateos;Juan M. Mateos;;;6;1;B;HYM-6.1.B.1;;;;;
BOS-HYM-N03406;Vespidae;Vespula germanica;09/08/2006;Muñós;Valdés;Asturias;España;Campo;;;;Yoana Castro;Marina Lorenzo;;;6;1;B;HYM-6.1.B.1;;;;Vespula vulgaris;
BOS-HYM-N03407;Vespidae;Vespula germanica;12/10/2005;Pañeda Nueva;Siero;Asturias;España;Pradera;;;;Héctor Cabezas;Héctor Cabezas;;;6;1;B;HYM-6.1.B.1;;;;Vespula vulgaris;
BOS-HYM-N03408;Vespidae;Vespula germanica;23/09/1996;Amieva;Amieva;Asturias;España;;;;;M. Gutiérrez;M. Gutiérrez;;;6;1;B;HYM-6.1.B.1;;;;Vespula sp.;
BOS-HYM-N03409;Vespidae;Vespula vulgaris;27/10/2001;Fresnedo;Ribera de Arriba;Asturias;España;;;;;Pablo Glez Areces;Pablo Glez Areces;;;1;3;;Caja moho 4;;;Tiene moho;Vespidae;
BOS-HYM-N03410;Vespidae;Polistes dominula;16/07/1996;Soto de Sajambre;Oseja de Sajambre;León;España;;;;Hembra;Andrés Ordiz;D. de Tartino;;;6;1;B;HYM-6.1.B.1;;;;Polistes gallicus;
BOS-HYM-N03411;Vespidae;Polistes dominula;27/08/1995;Sietes;Villaviciosa;Asturias;España;;;;Hembra;G. A. Montes;Isabel Mojardin;;;6;1;B;HYM-6.1.B.1;;;;Polistes gallicus;
BOS-HYM-N03412;Vespidae;Vespula vulgaris;07/07/1995;Lago de Sanabria;;Zamora;España;;;;Hembra;R. Ordiales;R. Ordiales;;;6;1;B;HYM-6.1.B.1;;;;;
BOS-HYM-N03413;Vespidae;Polistes dominula;_/08/2006;Garandilla;Valdesamario;León;España;;;;Macho;Víctor Pérez;;;;6;1;B;HYM-6.1.B.1;;;;Polistes;
BOS-HYM-N03414;Vespidae;Vespula germanica;08/08/1997;La Raíz;Mieres;Asturias;España;;;;;Lara Seoane;Lara S.;;;6;1;B;HYM-6.1.B.1;;;;;
BOS-HYM-N03415;Vespidae;Vespula germanica;31/10/1995;Villar;;;España;Seto;;;;Guimar S. S.;Guimar S. S.;;;6;1;B;HYM-6.1.B.1;;;;;
BOS-HYM-N03416;Vespidae;Vespula germanica;11/11/2005;Cenera;Mieres;Asturias;España;Prado;;;;S. Suárez Blanco;S. Suárez Blanco;;;6;1;B;HYM-6.1.B.1;;;;A. variegatum (Megachilidae);
BOS-HYM-N03417;Vespidae;Vespula germanica;15/07/2006;Oviedo;Oviedo;Asturias;España;Jardín;;;;Gabino Parrondo;Gabino Parrondo;;;6;1;B;HYM-6.1.B.1;;;;Vespula vulgaris;
BOS-HYM-N03418;Vespidae;Vespula germanica;04/07/1998;Soto del Barco;Soto del Barco;Asturias;España;;;;Hembra;Rebeca G.;Rebeca G.;;;6;1;B;HYM-6.1.B.1;;;;Vespula vulgaris;
BOS-HYM-N03419;Vespidae;Polistes dominula;_/10/1996;Luarca;Valdés;Asturias;España;;;;;Yvonne Valles;Sonsoles Fdez;;;6;1;B;HYM-6.1.B.1;;;;Polistes gallicus;
BOS-HYM-N03420;Vespidae;Polistes dominula;10/05/1998;Barrio de la Puente;Murias de Paredes;León;España;;;;Hembra;B. Gómez Malgor;B. Gómez Malgor;;;6;1;B;HYM-6.1.B.1;;;;Polistes gallicus;
BOS-HYM-N03421;Vespidae;Vespula germanica;20/12/2007;Figaredo;Mieres;Asturias;España;;;;;Matanzas Nora;Nora Matanzas;;;6;1;B;HYM-6.1.B.1;;;;Polistes gallicus;
BOS-HYM-N03422;Vespidae;Vespula germanica;17/05/1992;Cudillero;Cudillero;Asturias;España;;;;Hembra;Pedro Rovés;J. M. Cano Arias;;;6;1;B;HYM-6.1.B.1;;;;;
BOS-HYM-N03423;Vespidae;Vespula vulgaris;16/07/1995;Porceyo;Gijón;Asturias;España;;;;Macho;Marisol Alv.;Fernando Fdz Alv.;;;6;1;B;HYM-6.1.B.1;;;;Vespula germanica;
BOS-HYM-N03424;Vespidae;Vespula germanica;_/12/2006;Nava;Nava;Asturias;España;;;;;Gonzalo Casteli;;;;6;1;B;HYM-6.1.B.1;;;;Apócritos;
BOS-HYM-N03425;Vespidae;Vespula vulgaris;11/06/2006;El Pedregal;Tineo;Asturias;España;Prado;;;;Laura Blanco Aenlle;Laura Blanco Aenlle;;;6;1;B;HYM-6.1.B.1;;;;Vespula sp.;
BOS-HYM-N03426;Vespidae;Vespula vulgaris;03/07/1998;Rosales;;León;España;;;;;P. Álvarez;P. Álvarez;;;6;1;B;HYM-6.1.B.1;;;;;
BOS-HYM-N03427;Vespidae;Polistes dominula;_/10/1996;Luarca;Valdés;Asturias;España;;;;Macho;Yvonne Valles;Yvonne Valles;;;6;1;B;HYM-6.1.B.1;;;;Polistes gallicus;
BOS-HYM-N03428;Vespidae;Polistes dominula;19/09/1996;Sograndio;Oviedo;Asturias;España;;;;Hembra;C. A. Pola;C. A. Pola;;;6;1;B;HYM-6.1.B.1;;;;Polistes gallicus;
BOS-HYM-N03429;Vespidae;Vespula vulgaris;_/10/2007;Mieres;Mieres;Asturias;España;;;;;C. Prendes Pérez;C. Prendes Pérez;;;6;1;B;HYM-6.1.B.1;;;;Vespidae;
BOS-HYM-N03430;Vespidae;Vespula germanica;30/09/1995;Luarca;Valdés;Asturias;España;;;;;Luis Frechilla;J. A. García Fuertes;;;1;3;;Caja moho 4;;;Tiene moho;;
BOS-HYM-N03431;Vespidae;Vespula germanica;Verano 1996;La Penilla;Cayón;Cantabria;España;;;;;H. Glez-Solez;H. Glez-Solez;;;6;1;B;HYM-6.1.B.1;;;;Vespa sp.;
BOS-HYM-N03432;Vespidae;Vespula germanica;15/04/2007;Celles;Siero;Asturias;España;;;;;Enrique Prado;Enrique Prado;;;1;3;;Caja moho 4;;;Tiene moho;Vespidae;
BOS-HYM-N03433;Vespidae;Vespula germanica;12/05/2006;Deva;Gijón;Asturias;España;;;;;D. C. Monteserín;D. C. Monteserín;;;6;1;B;HYM-6.1.B.1;;;;Vespula vulgaris;
BOS-HYM-N03434;Vespidae;Vespula vulgaris;03/09/1997;Caldones;Gijón;Asturias;España;;;;;P. A. Álvarez;P. A. Álvarez;;;6;1;B;HYM-6.1.B.1;;;;;
BOS-HYM-N03435;Vespidae;Polistes dominula;22/10/1996;Villar (Luarca);Valdés;Asturias;España;;;;Hembra;C. Arduengo;C. Arduengo;;;6;1;B;HYM-6.1.B.1;;;;Polistes gallicus;
BOS-HYM-N03436;Vespidae;Polistes dominula;_/08/2006;Villar de Mazarife;Chozas de Abajo;León;España;;;;Macho;Eva Ardura;;;;6;1;B;HYM-6.1.B.1;;;;Polistes gallicus;
BOS-HYM-N03437;Vespidae;Vespula germanica;06/01/1998;Luanco;Gozón;Asturias;España;;;;;R. Rosa Gª;L. Veiga Díaz;;;6;1;B;HYM-6.1.B.1;;;;;
BOS-HYM-N03438;Vespidae;Vespula germanica;16/09/1997;Tamón (Dupont);Carreño;Asturias;España;;;;;Mª José Siero;;;;6;1;B;HYM-6.1.B.1;;;;;
BOS-HYM-N03439;Vespidae;Polistes dominula;15/08/1978;Simancas;Simancas;Valladolid;España;;;;Macho;M. A. Aranda;;;;6;1;B;HYM-6.1.B.1;;;;;
BOS-HYM-N03440;Vespidae;Polistes dominula;05/09/2003;Luena;Luena;Cantabria;España;Camino;;;Hembra;Sergio Álvarez;S. Álvarez;;;6;1;B;HYM-6.1.B.1;;;;Vespula sp.;
BOS-HYM-N03441;Vespidae;Vespula vulgaris;31/08/1997;Peón ;Villaviciosa;Asturias;España;;;;Macho;Patricia Mdez;Patricia Mdez;;;6;1;B;HYM-6.1.B.1;;;;;
BOS-HYM-N03442;Vespidae;Polistes dominula;08/02/1997;Noreña;Noreña;Asturias;España;;;;;Marcos Miñarro;Marcos Miñarro;;;6;1;B;HYM-6.1.B.1;;;;Polistes gallicus;
BOS-HYM-N03443;Vespidae;Polistes dominula;12/10/1996;Luarca;Valdés;Asturias;España;;;;Macho;Felipe Glez;Felipe Glez;;;6;1;B;HYM-6.1.B.1;;;;Polistes gallicus;
BOS-HYM-N03444;Vespidae;Polistes dominula;08/09/2007;Las Xanas;Langreo;Asturias;España;Jardín;;;Macho;Jaime Díaz;Jaime Díaz;;;6;1;B;HYM-6.1.B.1;;;;Vespidae;
BOS-HYM-N03445;Vespidae;Vespula vulgaris;_/10/1995;Villar;Luarca;Asturias;España;;;;;J. L. Ortiz Suárez;J. L. Ortiz Suárez;;;6;1;B;HYM-6.1.B.1;;;;Vespula germanica;
BOS-HYM-N03446;Vespidae;Vespula germanica;18/10/1996;Pura Tomás (Oviedo);Oviedo;Asturias;España;;;;;Silvia Vega O.;Silvia Vega O.;;;6;1;B;HYM-6.1.B.1;;;;Vespula rufa;
BOS-HYM-N03447;Vespidae;Vespula vulgaris;_/11/106;Cenera;Mieres;Asturias;España;;;;;Marta Fdez;Marta Fdez;;;6;1;B;HYM-6.1.B.1;;;;Vespula germanica;
BOS-HYM-N03448;Vespidae;Vespula vulgaris;16/07/2006;Caborana;Aller;Asturias;España;;;;;Laura García;Laura García;;;6;1;B;HYM-6.1.B.1;;;;;
BOS-HYM-N03449;Vespidae;Vespula vulgaris;05/01/1996;Santander;Santander;Cantabria;España;;;;;Pilar García;M. Magdalena;;;6;1;B;HYM-6.1.B.1;;;;;
BOS-HYM-N03450;Vespidae;Polistes atrimandibularius;27/08/1995;Posada de Llanera;Llanera;Asturias;España;;;;;Juan M. Mateos;Juan M. Mateos;;;6;1;B;HYM-6.1.B.1;;;;Polistes gallicus;
BOS-HYM-N03451;Vespidae;Polistes dominula;14/06/1995;Grado;Grado;Asturias;España;En vivienda;60 m;;Hembra;J. M. Cano Arias;J. M. Cano Arias;;;6;1;B;HYM-6.1.B.1;;;;Polistes gallicus;
BOS-HYM-N03452;Vespidae;Vespula vulgaris;30/08/2007;Oviedo;Oviedo;Asturias;España;Prado;;;;Jordan González;Jordan González;;;6;1;B;HYM-6.1.B.1;;;;;
BOS-HYM-N03453;Vespidae;Vespula germanica;22/10/1996;Luarca;Valdés;Asturias;España;;;;;M. T. Vázquez;M. T. Vázquez;;;6;1;B;HYM-6.1.B.1;;;;;
BOS-HYM-N03454;Vespidae;Vespula vulgaris;21/10/2006;Marinas;Las Regueras;Asturias;España;;;;;Patricia Llana G.;Carmen Glez;;;6;1;B;HYM-6.1.B.1;;;;;
BOS-HYM-N03455;Vespidae;Polistes dominula;14/10/2006;El Subiduriu (Valle de Turón);Mieres;Asturias;España;;;;;Daniel Levy;Daniel Levy;;;6;1;B;HYM-6.1.B.1;;;;Polistes gallicus;
BOS-HYM-N03456;Vespidae;Vespula sp.;05/07/1998;Rodiles;;Asturias;España;;;;;P. Álvarez;P. Álvarez;;;6;1;B;HYM-6.1.B.1;;;;Vespula vulgaris;
BOS-HYM-N03457;Vespidae;Vespula vulgaris;10/06/1996;Avilés;Avilés;Asturias;España;;;;;S. Álvarez Estrada;S. Álvarez Estrada;;;6;1;B;HYM-6.1.B.1;;;;;
BOS-HYM-N03458;Vespidae;Polistes dominula;16/09/1997;Fresneu;Quirós;Asturias;España;;;;Hembra;Víctor Melero;Carlos Repiso;;;6;1;B;HYM-6.1.B.1;;;;Polistes gallicus;
BOS-HYM-N03459;Vespidae;Polistes dominula;_/04/1997;Valencia de Don Juan;Valencia de Don Juan;León;España;Castillo;;;;Arturo Madera;Arturo Madera;;;6;1;B;HYM-6.1.B.1;;;;Polistes nimpha;
BOS-HYM-N03460;Vespidae;Polistes gallicus;19/07/2007;Villar;San Martín del Rey Aurelio;Asturias;España;Prado;;;;Úrsula G. R.;Úrsula García;;;6;1;B;HYM-6.1.B.1;;;;;
BOS-HYM-N03461;Vespidae;Vespula germanica;Verano 2008;Granda;Gijón;Asturias;España;Prado;;;;V. J. Álvarez;V. J. Álvarez;;;1;3;;Caja moho 4;;;Tiene moho;Hymenoptera;
BOS-HYM-N03462;Vespidae;Vespula vulgaris;10/10/1997;El Cristo (Oviedo);Oviedo;Asturias;España;;;;;Vanesa A. F.;Vanesa A. Faes;;;6;1;B;HYM-6.1.B.1;;;;;
BOS-HYM-N03463;Vespidae;Vespula germanica;Verano 1996;Latorre (Penilla);Cayón;Cantabria;España;;;;;H. Glez Schez;;;;1;3;;Caja moho 4;;;Tiene moho;;
BOS-HYM-N03464;Vespidae;Vespula vulgaris;11/11/2006;Tineo;Tineo;Asturias;España;;;;Hembra;Enol Orviz;Enol Orviz;;;6;1;B;HYM-6.1.B.1;;;;;
BOS-HYM-N03465;Vespidae;Vespula germanica;14/03/2006;Las Gallinas;Salas;Asturias;España;Casa;;;;Miguel Garrido;Soledad Rguez;;;6;1;B;HYM-6.1.B.1;;;;Vespula vulgaris;
BOS-HYM-N03466;Vespidae;Vespula germanica;19/05/1998;El Coto;Gijón;Asturias;España;;;;;Jaime Mier;Jaime Mier;;;1;3;;Caja moho 4;;;Tiene moho;Vespula vulgaris;
BOS-HYM-N03467;Vespidae;Polistes dominula;12/04/2002;Bañugues;Gozón;Asturias;España;;;;Hembra;Laura López García;Laura López García;;;6;1;B;HYM-6.1.B.1;;;;Vespidae;
BOS-HYM-N03468;Vespidae;Polistes dominula;29/07/1997;Punta del Moral;Ayamonte;Huelva;España;;;;Hembra;Pablo R.;Laura R. G.;;;6;1;B;HYM-6.1.B.1;;;;Polistes gallicus;
BOS-HYM-N03469;Vespidae;Vespula vulgaris;15/05/1998;Oviedo;Oviedo;Asturias;España;;;;;B. Gómez Malgor;B. Gómez Malgor;;;6;1;B;HYM-6.1.B.1;;;;;
BOS-HYM-N03470;Vespidae;Polistes dominula;_/08/2007;Tortosa;Tortosa;Tarragona;España;;;;Hembra;Carlos Gutiérrez;Carlos Gutiérrez;;;6;1;B;HYM-6.1.B.1;;;;Apócrita;
BOS-HYM-N03471;Vespidae;Vespula germanica;08/08/1997;Xivares;Carreño;Asturias;España;;;;;Noe Álvarez;Noe Álvarez;;;6;1;B;HYM-6.1.B.1;;;;;
BOS-HYM-N03472;Vespidae;Vespula vulgaris;29/10/2002;Mieres;Mieres;Asturias;España;;;;Macho;Hilda Lamar;Hilda Lamar;;;6;1;B;HYM-6.1.B.1;;;;;
BOS-HYM-N03473;Vespidae;Polistes sp.;20/08/2006;Cármenes;Cármenes;León;España;Prado;;;;Víctor Collar;Víctor Collar;;;6;1;B;HYM-6.1.B.1;;;;;
BOS-HYM-N03474;Vespidae;Vespula germanica;15/11/2001;Hevia;Siero;Asturias;España;Prado;;;;Manuel Glez;Manuel Glez;;;6;1;B;HYM-6.1.B.1;;;;Vespula vulgaris;
BOS-HYM-N03475;Vespidae;Vespula germanica;29/05/1999;El Coto;Gijón;Asturias;España;;;;;Jaime Mier;Jaime Mier;;;6;1;B;HYM-6.1.B.1;;;;Vespula vulgaris;
BOS-HYM-N03476;Vespidae;Polistes dominula;29/07/1999;Valdesoto;Siero;Asturias;España;;;;;C. Villa;J. García Villa;;;6;1;B;HYM-6.1.B.1;;;;Polistes gallicus;
BOS-HYM-N03477;Vespidae;Polistes dominula;26/02/1997;Ramales;Ramales;Cantabria;España;;;;;Verónica Cárcoba;M. Gutiérrez;;;6;1;B;HYM-6.1.B.1;;;;Polistes gallicus;
BOS-HYM-N03478;Vespidae;Polistes dominula;07/08/2003;Toldanos;Villaturiel;León;España;;;;;S. Escoz;;;;6;1;B;HYM-6.1.B.1;;;;Vespidae;
BOS-HYM-N03479;Vespidae;Polistes dominula;05/08/2006;Oviedo;Oviedo;Asturias;España;Casa;;;;Soledad Rodríguez;Soledad Rodríguez;;;6;1;B;HYM-6.1.B.1;;;;Poliste nimpha;
BOS-HYM-N03480;Vespidae;Vespula vulgaris;19/09/1996;Sograndio;Oviedo;Asturias;España;;;;;C. A. Pola;C. A. Pola;;;6;1;B;HYM-6.1.B.1;;;;Vespa crabro;
BOS-HYM-N03481;Vespidae;Vespula vulgaris;10/11/2002;Candanal;Villaviciosa;Asturias;España;Casa;;;;David Barjollo;David Barjollo;;;6;1;B;HYM-6.1.B.1;;;;;
BOS-HYM-N03482;Vespidae;Polistes dominula;05/12/2002;Carbayón;;;España;;;;;R. Canis;R. Canis;;;6;1;B;HYM-6.1.B.1;;;;Polistes;
BOS-HYM-N03483;Vespidae;Vespula vulgaris;_/10/2006;Sotrondio;San Martín del Rey Aurelio;Asturias;España;;;;;Alicia Fdez Braña;Alicia Fdez;;;6;1;B;HYM-6.1.B.1;;;;Vespula sp.;
BOS-HYM-N03484;Vespidae;Vespula vulgaris;28/10/2006;Proaza;;;;;;;;Alesandro Álvarez;Alesandro Álvarez;;;6;1;B;HYM-6.1.B.1;;;;;
BOS-HYM-N03485;Vespidae;Vespula germanica;_/06/2007;Oviedo;Oviedo;Asturias;España;;;;;Alba Santos;Alba Santos;;;6;1;B;HYM-6.1.B.1;;;;Vespula;
BOS-HYM-N03486;Vespidae;Vespula germanica;03/02/2008;Guimarán;Carreño;Asturias;España;Casa;;;;Mª Teresa García P.;Mª Teresa García P.;;;6;1;B;HYM-6.1.B.1;;;;;
BOS-HYM-N03487;Vespidae;Vespula vulgaris/germanica;09/08/2008;Ibiza;;Baleares;España;;;;;Antonio Soler;Antonio Soler;;;6;1;B;HYM-6.1.B.2;;;;Dolichovespula sylvestris;
BOS-HYM-N03488;Vespidae;Vespula vulgaris;21/04/2006;La Pedrera;Gijón;Asturias;España;;;;;Guela del Busto;Guela del Busto;;;6;1;B;HYM-6.1.B.2;;;;Vespula germanica;
BOS-HYM-N03489;Vespidae;Polistes dominula;19/04/2008;Bustantigo;Ayande;Asturias;España;;;;;J. L. Méndez Blanco;J. L. Méndez Blanco;;;6;1;B;HYM-6.1.B.2;;;;Polistes gallicus;
BOS-HYM-N03490;Vespidae;Vespula germanica;_/03/2008;Sierra de Gata;;Cáceres;España;;;;;A. Zapico;A. Zapico;;;6;1;B;HYM-6.1.B.2;;;;;
BOS-HYM-N03491;Vespidae;Vespula germanica;25/05/2008;Anes;Siero;Asturias;España;;;;;Pablo G. Vallina;P. G. Vallina;;;6;1;B;HYM-6.1.B.2;;;;Vespula vulgaris;
BOS-HYM-N03492;Vespidae;Polistes dominula;_/08/2008;Valdedo;Villayón;Asturias;España;;;;Macho;L. Arias;L. Arias;;;6;1;B;HYM-6.1.B.2;;;;Vespula vulgaris;
BOS-HYM-N03493;Vespidae;Odynerus spinipes;21/04/2006;La Pedrera ;Gijón;Asturias;España;;;;;Gisela del Busto;Gisela del Busto;;;6;1;B;HYM-6.1.B.2;;;;;
BOS-HYM-N03494;Vespidae;Vespula germanica;_/08/2008;Valdedo;Villayón;Asturias;España;;;;;L. Arias;L. Arias;;;6;1;B;HYM-6.1.B.2;;;;Celonites abbreviatus;
BOS-HYM-N03495;Vespidae;Vespula vulgaris;15/05/2008;Naranco (Oviedo);Oviedo;Asturias;España;;;;;Sergio Glez Pérez;Sergio Glez;;;6;1;B;HYM-6.1.B.2;;;Tiene un ácaro en el clípeo;Vespula norvegica;
BOS-HYM-N03496;Vespidae;Vespula germanica;14/11/2001;Bárcena de Álava;Salas;Asturias;España;;;;;Patricia Puente G.;;;;6;1;B;HYM-6.1.B.2;;;;Vespidae;
BOS-HYM-N03497;Vespidae;Polistes dominula;03/06/2006;Infiesto;Piloña;Asturias;España;Ventana;;;;Sara Peri Valle;Sara Peri Valle;;;6;1;B;HYM-6.1.B.2;;;;Vespula vulgaris;
BOS-HYM-N03498;Vespidae;Polistes dominula;_/08/2008;Oviedo;Oviedo;Asturias;España;;;;;Javier Fdez Fdez;;;;6;1;B;HYM-6.1.B.2;;;;;
BOS-HYM-N03499;Vespidae;Dolichovespula sp.;20/03/2008;Santalla;Ribeira de Piquín;Lugo;España;;;;;J. L. Alonso Sobrazo;J. L. Alonso Sobrazo;;;6;1;B;HYM-6.1.B.2;;;;Vespula;
BOS-HYM-N03500;Vespidae;Polistes dominula;23/10/2001;Murias;Aller;Asturias;España;;;;;Mar González;Mª del Mar G. F.;;;6;1;B;HYM-6.1.B.2;;;;Bembix rostrata;
BOS-HYM-N03501;Vespidae;Polistes dominula;23/07/2002;Cangas del Narcea;Cangas del Narcea;Asturias;España;Pasto;;;;Óscar Queipo;Óscar Queipo;;;6;1;B;HYM-6.1.B.2;;;;Polistes gallicus;
BOS-HYM-N03502;Vespidae;Polistes dominula;14/10/2001;Fastias;Tineo;Asturias;España;;;;;Almudena Suárez;;;;6;1;B;HYM-6.1.B.2;;;;Polistes gallicus;
BOS-HYM-N03503;Vespidae;Vespula germanica;13/10/2001;Borres;Tineo;Asturias;España;Cáscara de fruta;;;;Iván F. M.;Iván F. M.;;;6;1;B;HYM-6.1.B.2;;;;Vespidae;
BOS-HYM-N03504;Vespidae;Polistes dominula;12/01/2002;Colinas;Tineo;Asturias;España;;;;;David Pérez;David Pérez;;;6;1;B;HYM-6.1.B.2;;;;Vespidae;
BOS-HYM-N03505;Vespidae;Vespula germanica;14/03/2005;Mieres;Mieres;Asturias;España;Prado;;;;Unai Aguirre;Unai Aguirre;;;1;3;;Caja moho 4;;;Tiene moho;Vespula sp.;
BOS-HYM-N03506;Vespidae;Vespula vulgaris;16/04/2005;Novales;Alfoz de Lloredo;Cantabria;España;Prado;;;;E. Méndez;E. Méndez;;;6;1;B;HYM-6.1.B.2;;;;Ectemnius quadricinctus;
BOS-HYM-N03507;Vespidae;Polistes dominula;21/11/2004;La raíz (Carbayín), El Rasu;;Asturias;España;;;;;Paula Vallejo;Paula Vallejo;;;6;1;B;HYM-6.1.B.2;;;;Polistes gallicus;
BOS-HYM-N03508;Vespidae;Vespula germanica;02/11/2001;Sueros de Cepeda;Villamejil;León;España;;;;;Ana Pérez;Ana Pérez;;;6;1;B;HYM-6.1.B.2;;;;;
BOS-HYM-N03509;Vespidae;Vespula germanica;22/06/2005;Foncubierta;;;España;;;;;Alicia Fdez Carreño;Alicia Fdez Carreño;;;6;1;B;HYM-6.1.B.2;;;;Vespula vulgaris;
BOS-HYM-N03510;Vespidae;Vespula germanica;29/08/2004;Sieres;Infiesto;Asturias;España;Prado;;;;Laura Ortiz;L. Ortiz;;;6;1;B;HYM-6.1.B.2;;;;Dolichovespula media;
BOS-HYM-N03511;Vespidae;Vespula germanica;12/10/2004;Severies;Llanera;Asturias;España;Prado;;;;Adrián Huerta;Adrián Huerta;;;6;1;B;HYM-6.1.B.2;;;;Vespula sp.;
BOS-HYM-N03512;Vespidae;Vespula germanica;31/10/2004;Vega de Infanzones;Vega de Infanzones;León;España;Prado;;;;Marta Glez García;Marta Glez García;;;6;1;B;HYM-6.1.B.2;;;;Vespula vulgaris;
BOS-HYM-N03513;Vespidae;Polistes dominula;07/11/2004;Collanzo;Aller;Asturias;España;Área recreativa;;;;Cristina M. C.;Cristina M. C.;;;6;1;B;HYM-6.1.B.2;;;;Polistes gallicus;
BOS-HYM-N03514;Vespidae;Vespula vulgaris;22/10/2004;El Cantu (Cenera);Mieres;Asturias;España;;;;;Hilario Rallada;;;;6;1;B;HYM-6.1.B.2;;;;;
BOS-HYM-N03515;Vespidae;Vespula germanica;22/10/2004;Cenera;;;España;Prado;;;;Luis S. V.;Luis S. V.;;;6;1;B;HYM-6.1.B.2;;;;Vespula vulgaris;
BOS-HYM-N03516;Vespidae;Polistes dominula;20/04/2006;Cartavio;;;España;Pared;;;;Gabino Braña;Gabino Braña;;;6;1;B;HYM-6.1.B.2;;;;Polistes gallicus;
BOS-HYM-N03517;Vespidae;Vespula germanica;24/10/2006;Bimón;Las Rozas de Valdearroyo;Cantabria;España;Casa;;;;Enol García;Enol García;;;1;3;;Caja moho 4;;;Tiene moho;Vespula;
BOS-HYM-N03518;Vespidae;Vespula;22/10/2004;El Cantu (Cenera);Mieres;Asturias;España;Pradera;;;Macho;Susana Fdez;Susana Fdez;;;6;1;B;HYM-6.1.B.2;;;;;
BOS-HYM-N03519;Vespidae;Vespula vulgaris;13/09/2005;Unquera;Val de San Vicente;Cantabria;España;Arbusto;;;;David Astarloa;David Astarloa;;;6;1;B;HYM-6.1.B.2;;;;;
BOS-HYM-N03520;Vespidae;Vespula vulgaris;24/10/2004;Ules;Oviedo;Asturias;España;Prado;;;;Marta Glez;Beatriz García;;;1;3;;Caja moho 4;;;Tiene moho;;
BOS-HYM-N03521;Vespidae;Vespula germanica;_/11/2004;León;León;León;España;;;;;Alfonso Martínez;Iné Álvarez Pisueco;;;6;1;B;HYM-6.1.B.2;;;Avispa;Vespula;
BOS-HYM-N03522;Vespidae;Polistes dominula;10/01/2004;Campanillas;;Málaga;España;Cortijo mallorquín;;;;Lorena Fuentes;Lorena Fuentes;;;6;1;B;HYM-6.1.B.2;;;;Vespidae;
BOS-HYM-N03523;Vespidae;Vespula vulgaris;12/11/2003;Vilamañán;Vilamañán;León;España;Pradera;;;Macho;Juan José Cortina;Juan José Cortina;;;6;1;B;HYM-6.1.B.2;;;;Dolichovespula sylvestris;
BOS-HYM-N03524;Vespidae;Vespula vulgaris;11/11/2005;Cenera;Mieres;Asturias;España;Prado;;;Macho;Davinia Álvarez;Davinia Álvarez;;;6;1;B;HYM-6.1.B.2;;;;Vespidae;
BOS-HYM-N03525;Vespidae;Polistes dominula;20/03/2004;Mieres;Mieres;Asturias;España;;;;Macho;Pablo Fdez García;Pablo Fdez García;;;6;1;B;HYM-6.1.B.2;;;;Vespidae;
BOS-HYM-N03526;Vespidae;Polistes dominula;12/11/2005;Oviedo;Oviedo;Asturias;España;Parque;;;Hembra;;Mario Pérez;;;6;1;B;HYM-6.1.B.2;;;;Vespula;
BOS-HYM-N03527;Vespidae;Vespula vulgaris;20/10/2005;Oviedo;Oviedo;Asturias;España;Jardín;;;;Covadonga Iglesias L.;Covadonga Iglesias L.;;;6;1;B;HYM-6.1.B.2;;;;;
BOS-HYM-N03528;Vespidae;Vespula vulgaris;12/08/2004;Valliniello;Avilés;Asturias;España;Olmo;;;Hembra;Manuel Hdez;Manuel Hdez;;;6;1;B;HYM-6.1.B.2;;;;;
BOS-HYM-N03529;Vespidae;Vespula germanica;10/12/2002;Lada;Langreo;Asturias;España;Casa;;;Hembra;Manuel Menéndez;Manuel Menéndez;;;1;3;;Caja moho 4;;;Tiene moho;;
BOS-HYM-N03530;Vespidae;Vespula vulgaris;05/11/2005;Avilés;Avilés;Asturias;España;Casa;;;Hembra;Jessica Martínez;Cristina Puertas;;;6;1;B;HYM-6.1.B.2;;;;Vespula sp.;
BOS-HYM-N03531;Vespidae;Vespula vulgaris;19/12/2003;Castañedo;Cangas del Narcea;Asturias;España;Prado;;;Hembra;Jorge Suárez;Jorge Suárez;;;1;3;;Caja moho 4;;;Tiene moho;;
BOS-HYM-N03532;Vespidae;Vespula germanica;19/06/2006;Salamir;Cudillero;Asturias;España;Prado;;;;Daniel García Estrada;Daniel García Estrada;;;6;1;B;HYM-6.1.B.2;;;;Paravespula germanica;
BOS-HYM-N03533;Vespidae;Vespula germanica;11/11/2005;Cenera;Mieres;Asturias;España;;;;Macho;M. Manuel Vicente Rodríguez;M. Manuel Vicente Rodríguez;;;6;1;B;HYM-6.1.B.2;;;;Vespula;
BOS-HYM-N03534;Vespidae;Polistes dominula;_/07/1995;La Collada;;Asturias;España;;;;Hembra;M. A. García Pieda;M. A. García Pieda;;;1;3;;Caja moho 4;;;Tiene moho;Polistes gallicus;
BOS-HYM-N03535;Vespidae;Vespula germanica;_/07/1995;La Collada;;Asturias;España;;;;;M. A. García Pieda;M. A. García Pieda;;;1;3;;Caja moho 4;;;Tiene moho;;
BOS-HYM-N03536;Vespidae;Vespula germanica;18/09/2005;Monteana;Gijón;Asturias;España;Granja;;;;Ana Fdez;Ana Fdez;;;1;3;;Caja moho 4;;;Tiene moho;;
BOS-HYM-N03537;Vespidae;Vespula vulgaris;31/10/1995;Villar;Valdés;Asturias;España;Sobre hiedra;;;;Joaquín Pérez;Joaquín Pérez;;;6;1;B;HYM-6.1.B.2;;;;Vespula rufa;
BOS-HYM-N03538;Vespidae;Vespula germanica;03/04/2004;Tarna;Caso;Asturias;España;Casa;;;;E. Martínez;E. García;;;1;3;;Caja moho 4;;;Tiene moho;Dolichovespula adulterina;
BOS-HYM-N03539;Vespidae;Vespula germanica;30/05/2004;Oviedo;Oviedo;Asturias;España;Casa;;;;Zaida Fdez López;Zaida Fdez López;;;6;1;B;HYM-6.1.B.2;;;;Vespula sp.;
BOS-HYM-N03540;Vespidae;Polistes dominula;20/03/2004;Cela;Pesoz;Asturias;España;Ventana;;;;Marta Losas;Marta Losas;;;6;1;B;HYM-6.1.B.2;;;;Polistes gallicus;
BOS-HYM-N03541;Vespidae;Vespula germanica;23/08/2004;Oviedo (P. P. Tomás);Oviedo;Asturias;España;;;;;Ángel Ainsla;Ángel Ainsla;;;6;1;B;HYM-6.1.B.2;;;;Vespidae;
BOS-HYM-N03542;Vespidae;Polistes nimphus;29/11/2002;Margolles;Cangas de Onís;Asturias;España;Prado;;;;M. Álvarez Alea;M. Álvarez Alea;;;6;1;B;HYM-6.1.B.2;;;;Polistes;
BOS-HYM-N03543;Vespidae;Vespula germanica;11/10/2003;Seisón de la Vega;San Cristóbal de la Polantera;León;España;Avispero;;;;Mª M. Miguélez;Mª M. Miguélez;;;6;1;B;HYM-6.1.B.2;;;;Vespula vulgaris;
BOS-HYM-N03544;Vespidae;Vespula vulgaris;07/08/2004;Villamur;Salas;Asturias;España;Planta;;;;Javier Fdez;Javier Fdez;;;6;1;B;HYM-6.1.B.2;;;;Vespidae;
BOS-HYM-N03545;Vespidae;Vespula germanica;24/10/2004;Cenera;Mieres;Asturias;España;Pradera;;;Macho;C. Secades;C. Secades;;;6;1;B;HYM-6.1.B.2;;;;Paravespula vulgaris;
BOS-HYM-N03546;Vespidae;Vespula germanica;08/10/2002;Arlós;Llanera;Asturias;España;Prado;;;;J. Castaño;Javier Castaño;;;6;1;B;HYM-6.1.B.2;;;;Vespidae;
BOS-HYM-N03547;Vespidae;Vespula germanica;_/04/2005;Logrezana;Carreño;Asturias;España;;;;;Noel López;Noel López;;;6;1;B;HYM-6.1.B.2;;;;;
BOS-HYM-N03548;Vespidae;Vespula germanica;19/07/2004;Vega;Lena;Asturias;España;Robledal;;;;J. A. Aguado;J. A. Aguado;;;6;1;B;HYM-6.1.B.2;;;;Vespula vulgaris;
BOS-HYM-N03549;Vespidae;Vespa crabro;17/03/2005;La Felguera;Langreo;Asturias;España;Jardín;;;Macho;Óscar López;Óscar López;;;6;1;B;HYM-6.1.B.3;;;;Vespula vulgaris;
BOS-HYM-N03550;Vespidae;Vespa crabro;02/08/2006;Ribadesella;Ribadesella;Asturias;España;Casa;;;Hembra;Víctor González;Soledad Rguez;;;6;1;B;HYM-6.1.B.3;;;;;
BOS-HYM-N03551;Vespidae;Vespa crabro;05/08/2006;Sariego;Sariego;Asturias;España;Casa;;;Hembra;Sergio Carpio;Sergio Carpio;;;6;1;B;HYM-6.1.B.3;;;;;
BOS-HYM-N03552;Vespidae;Vespa crabro;05/10/2007;Quirós;Quirós;Asturias;España;Prado;;;Macho;Jesús Mª Osorio;Jesús Mª Osorio;;;6;1;B;HYM-6.1.B.3;;;;Vespula;
BOS-HYM-N03553;Vespidae;Vespa crabro;22/10/2006;Picun;Gijón;Asturias;España;;;;Macho;Alejandro Álvarez;;;;6;1;B;HYM-6.1.B.3;;;;;
BOS-HYM-N03554;Vespidae;Vespa crabro;15/05/2007;Infiesto;Piloña;Asturias;España;Terraza;;;Hembra;Carlos Bertoa;Alba Prida Ortiz;;;6;1;B;HYM-6.1.B.3;;;;Vespidae;
BOS-HYM-N03555;Vespidae;Vespa crabro;11/11/2006;Santa Marina (Oviedo);Oviedo;Asturias;España;;;;Macho;Rubén Tronco;Rubén Tronco;;;6;1;B;HYM-6.1.B.3;;;;Apis mellifera scutellata;
BOS-HYM-N03556;Vespidae;Vespa crabro;24/10/2007;Cenera;Mieres;Asturias;España;;;;Hembra;Miguel A. Coto;Miguel A. Coto;;;6;1;B;HYM-6.1.B.3;;;;Vespidae;
BOS-HYM-N03557;Vespidae;Vespa crabro;25/08/2007;Rioseco;Sobrescobio;Asturias;España;;;;Hembra;Pamela García;Pamela García;;;6;1;B;HYM-6.1.B.3;;;;Vespula sp.;
BOS-HYM-N03558;Vespidae;Vespa crabro;_/05/2007;Villoria;Laviana;Asturias;España;;;;Macho;Sofía Fuente;;;;6;1;B;HYM-6.1.B.3;;;;Apócritas;
BOS-HYM-N03559;Vespidae;Vespa crabro;09/12/2006;Tuernes el Grande;Llanera;Asturias;España;Casa;;;Macho;Ángeles Menéndez;;;;6;1;B;HYM-6.1.B.3;;;;;
BOS-HYM-N03560;Vespidae;Vespa crabro;_/10/2006;Sama;Langreo;Asturias;España;;;;Macho;Luchi Mozo;;;;6;1;B;HYM-6.1.B.3;;;;Vespidae (avispón reina);
BOS-HYM-N03561;Vespidae;Vespa crabro;20/07/2006;Proaza;Proaza;Asturias;España;;;;Hembra;Alejandro Álvarez;Jordan González;;;6;1;B;HYM-6.1.B.3;;;;Apidae;
BOS-HYM-N03562;Vespidae;Vespa crabro;13/11/2006;San adriano;Castrillón;Asturias;España;Prado;;;Macho;Miguel Baigorri;Miguel Baigorri;;;6;1;B;HYM-6.1.B.3;;;;;
BOS-HYM-N03563;Vespidae;Vespa crabro;18/04/2007;Miereo;Mieres;Asturias;España;Café-bar Mundo;;;Macho;Jesús Ortiz;Jesús Ortiz;;;6;1;B;HYM-6.1.B.3;;;;;
BOS-HYM-N03564;Vespidae;Vespa crabro;08/05/1998;Valle de Cuna;Mieres;Asturias;España;;;;Hembra;Noelia Álvarez;Laura Seoane;;;6;1;B;HYM-6.1.B.3;;;;;
BOS-HYM-N03565;Vespidae;Vespa crabro;_/04/1996;Cabueñes ;Gijón;Asturias;España;;;;Hembra;J. L. L. Castaño;J. L. L. Castaño;;;6;1;B;HYM-6.1.B.3;;;;;
BOS-HYM-N03566;Vespidae;Vespa crabro;;Villanueva de Villaescusa;Villaescusa;Asturias;España;;;;Macho;Mª Jesús Gonzalo;Marta Pascual;;;6;1;B;HYM-6.1.B.3;;;;;
BOS-HYM-N03567;Vespidae;Vespa crabro;13/07/1997;Castiello;Villaviciosa;Asturias;España;;;;Hembra;Paz Fernández;Nieves Rdgz;;;6;1;B;HYM-6.1.B.3;;;;;
BOS-HYM-N03568;Vespidae;Vespa crabro;28/04/2007;Oviedo;Oviedo;Asturias;España;Terraza piso;;;;Sergio Jorge;;;;6;1;B;HYM-6.1.B.3;;;;;
BOS-HYM-N03569;Vespidae;Vespa crabro;20/03/1997;Tuiza;;Asturias;España;;;;Hembra;Lucía Ruiz Villa;David del Corral;;;1;3;;Caja moho 4;;;Tiene moho;;
BOS-HYM-N03570;Vespidae;Vespa crabro;12/05/1996;Castañeda;Castañeda;Cantabria;España;;;;Hembra;Sara C. V.;Sara C. V.;;;6;1;B;HYM-6.1.B.3;;;;;
BOS-HYM-N03571;Vespidae;Vespa crabro;10/07/1995;Porceyo;Gijón;Asturias;España;;;;Hembra;Fernando Fdz Alv.;Fernando Fdz Alv.;;;1;3;;Caja moho 4;;;Tiene moho;;
BOS-HYM-N03572;Vespidae;Vespa crabro;19/08/1999;Pola de Siero;Siero;Asturias;España;;;;Hembra;J. García Silla;J. García Silla;;;6;1;B;HYM-6.1.B.3;;;;;
BOS-HYM-N03573;Vespidae;Vespa crabro;Verano 1996;La Torre-Penilla ;Cayón;Cantabria;España;;;;Hembra;H. Glez Schez;H. Glez Schez;;;6;1;B;HYM-6.1.B.3;;;;;
BOS-HYM-N03574;Vespidae;Vespa crabro;14/09/1996;Santillán;Amieva;Asturias;España;;;;Hembra;E. Hilla Merchán;E. Hilla Merchán;;;1;3;;Caja moho 4;;;Tiene moho;;
BOS-HYM-N03575;Vespidae;Vespa crabro;08/08/1997;Gijón;Gijón;Asturias;España;;;;Hembra;D. Gutiérrez;Mario Busto;;;6;1;B;HYM-6.1.B.3;;;;;
BOS-HYM-N03576;Vespidae;Vespa crabro;06/05/2008;Campiello;Teverga;Asturias;España;Jardín;;;Hembra;Paula Lobo;Paula Lobo Rosario;;;6;1;B;HYM-6.1.B.3;;;;;
BOS-HYM-N03577;Vespidae;Vespa crabro;17/04/2006;Gijón;Gijón;Asturias;España;;;;Hembra;N. Weidberg;N. Weidberg;;;6;1;B;HYM-6.1.B.3;;;;;
BOS-HYM-N03578;Vespidae;Vespa crabro;01/08/2008;Segirei;Chaves;Trás Os Montes;Portugal;;;;Hembra;Adolfo Dos Santos;Adolfo Dos Santos;;;6;1;B;HYM-6.1.B.3;;;;Vespula sp.;
BOS-HYM-N03579;Vespidae;Vespa crabro;17/10/2006;Turón;Mieres;Asturias;España;;;;Macho;Mª Nieves Casal;;;;6;1;B;HYM-6.1.B.3;;;;;
BOS-HYM-N03580;Vespidae;Vespa crabro;17/11/2006;Pramaro;Cudillero;Asturias;España;;;;Macho;Ángela López;;;;6;1;B;HYM-6.1.B.3;;;;;
BOS-HYM-N03581;Vespidae;Vespa crabro;03/09/2008;Llavares;Villaviciosa;Asturias;España;Panal;;;Hembra;S. Cambiella;S. Cambiella;;;6;1;B;HYM-6.1.B.3;;;;;
BOS-HYM-N03582;Vespidae;Vespa crabro;Verano 2004;Lada;;;;Prado;;;Hembra;M. Hernández;María Buelga;;;6;1;B;HYM-6.1.B.3;;;;Vespula vulgaris;
BOS-HYM-N03583;Vespidae;Vespa crabro;29/08/2003;Bueño;Ribera de A.;Asturias;España;Robledal;;;Hembra;Julio A. R. F.;Julio A. R. F.;;;6;1;B;HYM-6.1.B.3;;;;;
BOS-HYM-N03584;Vespidae;Vespa crabro;15/04/2005;Vigil;Siero;Asturias;España;Muro;;;Macho;Luisa Martínez;Héctor Fdez;;;6;1;B;HYM-6.1.B.3;;;;;
BOS-HYM-N03585;Vespidae;Vespa crabro;26/08/2004;Carbayu;Siero;Asturias;España;Bosque;;;Hembra;María Glez;María Glez;;;6;1;B;HYM-6.1.B.3;;;;Vespula austriaca;
BOS-HYM-N03586;Vespidae;Vespa crabro;09/06/2004;Viñón;;Cantabria;España;Casa;;;Hembra;Rubén Viota;Rubén Viota;;;6;1;B;HYM-6.1.B.3;;;;;
BOS-HYM-N03587;Vespidae;Vespa crabro;23/11/2001;El Puntal;Villaviciosa;Asturias;España;;;;Macho;Dolores Busto;Dolores Busto;;;1;3;;Caja moho 4;;;Tiene moho;Vespidae;
BOS-HYM-N03588;Vespidae;Vespa crabro;12/04/2004;Pto. Vega;Navia;Asturias;España;Bosque;;;Macho;Ángela García;E. Fernández;;;6;1;B;HYM-6.1.B.3;;;;;
BOS-HYM-N03589;Vespidae;Vespa crabro;04/11/2003;Oviedo;Oviedo;Asturias;España;Casa;;;Macho;Lucía Rodríguez Fernández;Lucía Rodríguez Fernández;;;6;1;B;HYM-6.1.B.3;;;;Vespula;
BOS-HYM-N03590;Vespidae;Vespa crabro;Año 2003;Gijón;Gijón;Asturias;España;;;;Macho;M. Vigil;M. Vigil;;;6;1;B;HYM-6.1.B.3;;;;Vespidae;
BOS-HYM-N03591;Vespidae;Vespa crabro;20/10/2007;Cenera;Mieres;Asturias;España;;;;Hembra;A. Mier;A. Mier;;;6;1;B;HYM-6.1.B.3;;;;;
BOS-HYM-N03592;Vespidae;Vespa crabro;25/10/2007;Cenera;Mieres;Asturias;España;Colmena;;;Hembra;Matanzas Nora;Nora Matanzas;;;6;1;B;HYM-6.1.B.3;;;;H. scabiosae;
BOS-HYM-N03593;Scoliidae;Scolia flavifrons;08/03/2008;Tramacastilla;Tramacastilla;Teruel;España;;;;Hembra;Antonio Soler;Antonio Soler;;;6;1;B;HYM-6.1.B.3;;;;;
BOS-HYM-N03594;Ichneumonidae;Ichneumon sp.;27/08/2009;Luarca;Valdés;Asturias;España;;;;;B. Peralta;;;;6;1;B;HYM-6.1.B.4;;;;;
BOS-HYM-N03595;Ichneumonidae;;10/10/2008;Cenera;Mieres;Asturias;España;;;;;P. Fernández;;;;6;1;B;HYM-6.1.B.4;;;;;
BOS-HYM-N03596;Ichneumonidae;Pimpla instigator;17/01/2009;Argüero;Villaviciosa;Asturias;España;Bosque, robledal;;;;Gerardo Martín López;Gerardo Martín López;;;6;1;B;HYM-6.1.B.4;;;;;
BOS-HYM-N03597;Ichneumonidae;;12/10/2008;Bendon;Llanera;Asturias;España;;;;;Omar Menéndez;Omar Menéndez;;;6;1;B;HYM-6.1.B.4;;;;Tenthredo largifiana;
BOS-HYM-N03598;Ichneumonidae;;12/10/2009;Biescas;Valdés;Asturias;España;Prado;;;;Juan José Garaot;Juan José Garaot;;;6;1;B;HYM-6.1.B.4;;;;;
BOS-HYM-N03599;Ichneumonidae;;10/10/2008;Cenera;Mieres;Asturias;España;;;;;Álvaro Pencios;Álvaro Pencios;;;6;1;B;HYM-6.1.B.4;;;;;
BOS-HYM-N03600;Ichneumonidae;Polycyrtus albocinctus;23/05/2010;Baina;Mieres;Asturias;España;Camino;;;;Rubén Quiroga;Rubén Quiroga;;;6;1;B;HYM-6.1.B.4;;;;;
BOS-HYM-N03601;Ichneumonidae;Lissonata setosa;18/10/2009;S. Miguel de Lillo;Oviedo;Asturias;España;;;;;Alba Laguna Baquet;Alba Laguna Baquet;;;6;1;B;HYM-6.1.B.4;;;;;
BOS-HYM-N03602;Ichneumonidae;;12/10/2009;Castañedo;Valdés;Asturias;España;Prado;;;;Juan José Gardot;Juan José Gardot;;;1;3;;Caja moho 4;;;Tiene moho;;
BOS-HYM-N03603;Ichneumonidae;Amblyteles armatorius;29/04/2005;El Cristo (Oviedo);Oviedo;Asturias;España;;;;;Alicia Valdés;Alicia Valdés;;;6;1;B;HYM-6.1.B.4;;;;;
BOS-HYM-N03604;Ichneumonidae;;10/10/2008;Cenera;Mieres;Asturias;España;Campo;;;;Irene Solís;Irene Solís;;;6;1;B;HYM-6.1.B.4;;;;Panorpa meridionalis;
BOS-HYM-N03605;Ichneumonidae;;09/10/2009;Cenera;Mieres;Asturias;España;;;;;Eduardo Mocoroa;Eduardo Mocoroa;;;6;1;B;HYM-6.1.B.4;;;;;
BOS-HYM-N03606;Ichneumonidae;;25/04/2009;Sto Emiliano;Mieres;Asturias;España;;;;;B. Arteaea;B. Arteaea;;;6;1;B;HYM-6.1.B.4;;;;Netelia testaceus;
BOS-HYM-N03607;Ichneumonidae;;27/10/2004;El Cantu;Mieres;Asturias;España;;;;;Bárbara;B. Magdalena;;;6;1;B;HYM-6.1.B.4;;;;;
BOS-HYM-N03608;Ichneumonidae;;02/11/2002;Gijón;Gijón;Asturias;España;Prado;;;;José Vázquez;José Vázquez;;;6;1;B;HYM-6.1.B.4;;;;;
BOS-HYM-N03609;Ichneumonidae;;22/10/2004;El Cantu (Cenera);Mieres;Asturias;España;;;;;Noemí Torrado;Noemí Torrado;;;6;1;B;HYM-6.1.B.4;;;;Ophion luteus;
BOS-HYM-N03610;Ichneumonidae;Ophion luteus;27/09/2003;Llanes;Llanes;Asturias;España;;;;;Borja Daniel Glez Glez;Borja Daniel Glez Glez;;;6;1;B;HYM-6.1.B.4;;;;;
BOS-HYM-N03611;Ichneumonidae;Netelia sp.;10/02/2004;Gamones;Valdés;Asturias;España;Cocina;;;;Beatriz Suárez Sánchez;Beatriz Suárez Sánchez;;;6;1;B;HYM-6.1.B.4;;;;Ophion luteus;
BOS-HYM-N03612;Ichneumonidae;Netelia sp.;25/10/2002;Valle de Cercena;Mieres;Asturias;España;Prados;;;Hembra;Alberto Fdez Conde;Alberto Fdez Conde;;;6;1;B;HYM-6.1.B.4;;;;Ophion luteus;
BOS-HYM-N03613;Ichneumonidae;;18/11/2003;Perlora;Carreño;Asturias;España;Pradera;;;;Mª Ángeles Martínez;M. Escandón M.;;;6;1;B;HYM-6.1.B.4;;;;Netelia testaceus;
BOS-HYM-N03614;Ichneumonidae;;25/10/2002;Valle de Cenera;Mieres;Asturias;España;;;;;Gabriela Fdez Mata;G. Fdez-Mata;;;6;1;B;HYM-6.1.B.4;;;;Netelia testaceus;
BOS-HYM-N03615;Ichneumonidae;;24/10/2003;Cenera;Mieres;Asturias;España;Pradera;;;;Zaida Fdez López;Zaida Fdez López;;;6;1;B;HYM-6.1.B.4;;;;;
BOS-HYM-N03616;Ichneumonidae;;25/10/2002;Cenera;Mieres;Asturias;España;Prado;;;;Rocío Díaz Álvarez;Rocío Díaz Álvarez;;;6;1;B;HYM-6.1.B.4;;;;Ichneumon sp.;
BOS-HYM-N03617;Sphecidae;Ammophila hirsuta;24/08/1988;Melgar de Fernamental;Melgar de Fernamental;Burgos;España;;;;;Jorge González;;;;1;3;;Caja moho 4;;;Tiene moho;;
BOS-HYM-N03618;Sphecidae;Ammophila sabulosa;23/10/2009;Cenera;Mieres;Asturias;España;Prado;;;;Malena Fdez Nora;Malena Fdez Nora;;;6;1;B;HYM-6.1.B.4;;;;;
BOS-HYM-N03619;Ichneumonidae;Ichneumon suspiciosus;12/10/2009;Castañedo;Valdés;Asturias;España;Prado;;;;Juan José Garaot;Juan José Garaot;;;1;3;;Caja moho 4;;;Tiene moho;;
BOS-HYM-N03620;Sphecidae;Sphex rufocinctus;18/04/2009;Valle del Lago;Somiedo;Asturias;España;;;;;A. Somoano;A. Somoano;;;6;1;B;HYM-6.1.B.4;;;;;
BOS-HYM-N03621;Ichneumonidae;Ichneumon suspiciosus;05/07/2004;Priandi;Nava;Asturias;España;;;;;Beatriz Cantora;Beatriz Cantora;;;6;1;B;HYM-6.1.B.4;;;;;
BOS-HYM-N03622;Ichneumonidae;Ichneumon suspiciosus;21/08/2004;Valporquero;Vegacervera;León;España;;;;;Pablo Fdez García;Pablo Fdez García;;;6;1;B;HYM-6.1.B.4;;;;;
BOS-HYM-N03623;Ichneumonidae;Ichneumon waps;10/10/2008;Cenera;Mieres;Asturias;España;;;;;Marcos Santianes;Marcos Santianes;;;6;1;B;HYM-6.1.B.4;;;;;
BOS-HYM-N03624;Ichneumonidae;;18/10/2009;Ules;Oviedo;Asturias;España;Pradera;;;;A. Laguna;Celia López;;;6;1;B;HYM-6.1.B.4;;;;Aulacus striatus;
BOS-HYM-N03625;Ichneumonidae;;23/05/2009;Seana;Mieres;Asturias;España;;;;;B. Fernández García;;;;6;1;B;HYM-6.1.B.4;;;;;
BOS-HYM-N03626;Ichneumonidae;Achaius oratorius;22/10/2004;El Cantu (Cenera);Mieres;Asturias;España;Prado;;;;Pedro A. Rguez Pérez;Pedro A. Rguez Pérez;;;6;1;B;HYM-6.1.B.4;;;;Amblyteles armatorius;
BOS-HYM-N03627;Ichneumonidae;Ichneumon sp.;28/10/2002;Cenera;Mieres;Asturias;España;Pradera;;;;Astor Toraño;Astor Toraño;;;6;1;B;HYM-6.1.B.4;;;;Amblyteles armatorius;
BOS-HYM-N03628;Ichneumonidae;Netelia sp.;04/09/2009;Oviedo;Oviedo;Asturias;España;;;;;E. Montes;E. Montes;;;6;1;B;HYM-6.1.B.4;;;;Ophion luteus;
BOS-HYM-N03629;Ichneumonidae;Ichneumon sp.;24/10/2002;La Bargana;Laviana;Asturias;España;Pradera;;;;Daniel Glez;Daniel González;;;6;1;B;HYM-6.1.B.4;;;;;
BOS-HYM-N03630;Ichneumonidae;;27/10/2004;Ules;Oviedo;Asturias;España;Prado;;;;Elsa García Alo.;Marta Glez García;;;6;1;B;HYM-6.1.B.4;;;;Amblyteles armatorius;
BOS-HYM-N03631;Ichneumonidae;Netelia sp.;10/11/2009;Urbiés;Mieres;Asturias;España;Prado;;;;Y. León;Y. León;;;1;3;;Caja moho 4;;;Tiene moho;Ophion luteus;
BOS-HYM-N03632;Ichneumonidae;Ichneumon sp.;02/03/2010;La Vega;Riosa;Asturias;España;;;;;C. Otero;C. Otero;;;6;1;B;HYM-6.1.B.4;;;;;
BOS-HYM-N03633;Ichneumonidae;Ichneumon sarcitorius;18/07/2006;Cudillero;Cudillero;Asturias;España;;;;;M. Alonso Naveiro;M. Alonso Naveiro;;;6;1;B;HYM-6.1.B.4;;;;Sphecidae;
BOS-HYM-N03634;Ichneumonidae;Pimpla rufipes;07/11/2002;Gijón;Gijón;Asturias;España;;;;;Carmen Moreno;Carmen Moreno;;;6;1;B;HYM-6.1.B.4;;;;;
BOS-HYM-N03635;Pompilidae;Macrophya anuluta;16/09/1990;Luanco;Gozón;Asturias;España;;;;;Roberto Grana;Roberto Grana;;;6;1;B;HYM-6.1.B.4;;;;;
BOS-HYM-N03636;Eumenidae;Odynerus spinipes;12/06/2010;Caravia;Caravia;Asturias;España;;;;;Claudia Roza;;;;6;1;B;HYM-6.1.B.4;;;;;
BOS-HYM-N03637;Ichneumonidae;Amblyjoppa proteus;26/03/2010;Carasa;;Cantabria;España;Prado;;;;Sonia Cedrún Fdez;;;;6;1;B;HYM-6.1.B.4;;;;;
BOS-HYM-N03638;Ichneumonidae;Netelia sp.;05/07/2010;Segaria (Villafría);;Asturias;España;;;;;Soray Argüelles;;;;6;1;B;HYM-6.1.B.4;;;;Ophion luteus;
BOS-HYM-N03639;Pompilidae;;25/03/2009;Guayaquil;Guayaquil;Guayas;Ecuador;;;;;Laura Calle;Fernando Álvarez;;;6;1;B;HYM-6.1.B.4;;;;Cynipoidea, Figitidae;
BOS-HYM-N03640;Ichneumonidae;Ophion luteus;04/09/2005;Llames de Pría;Llanes;Asturias;España;Bar;;;;Vanesa Glanda;Vanesa Glanda;;;6;1;B;HYM-6.1.B.4;;;;;
BOS-HYM-N03641;Ichneumonidae;;05/12/2002;Infiesto;Piloña;Asturias;España;Jardín;;;;Mª Ángeles Fdez;Mari Cobo;;;6;1;B;HYM-6.1.B.4;;;;;
BOS-HYM-N03642;Ichneumonidae;;27/12/2002;C. del Narcea;Cangas del Narcea;Asturias;España;Garaje;;;;Víctor Ml Martínez;Víctor Ml Martínez;;;6;1;B;HYM-6.1.B.4;;;;Ophion luteus;
BOS-HYM-N03643;Ichneumonidae;Netelia sp.;06/08/1995;Álava;;;España;;;;;R. Ocharan;E. Marcano;;;6;1;B;HYM-6.1.B.4;;;;Ophion luteus;
BOS-HYM-N03644;Ichneumonidae;;15/11/2002;Blimea;San Martín del Rey Aurelio;Asturias;España;;;;;Elena Vidal García;Elena Vidal García;;;6;1;B;HYM-6.1.B.4;;;;Ichneumon suspicius;
BOS-HYM-N03645;Ichneumonidae;;08/11/2003;Luarca;Valdés;Asturias;España;Capó de coche;;;;C. Morilla Ramos;C. Morilla Ramos;;;6;1;B;HYM-6.1.B.4;;;;Metocha ichneumonides;
BOS-HYM-N03646;Ichneumonidae;Ophion luteus;22/10/2002;Cenera;;Asturias;España;Prado;;;;Elena Álvarez Noriega;Elena Álvarez Noriega;;;6;1;B;HYM-6.1.B.4;;;;;
BOS-HYM-N03647;Ichneumonidae;;07/10/2003;Fonciello;Siero;Asturias;España;Prado;;;;Marta Loredo;M. Loredo Prado;;;6;1;B;HYM-6.1.B.4;;;;Metocha ichneumonides;
BOS-HYM-N03648;Pompilidae;;_/08/1996;Silió;Molledo;Cantabria;España;Monte bajo;;;;Román Gómez;;;;6;1;B;HYM-6.1.B.4;;;;;
BOS-HYM-N03649;Ichneumonidae;;03/01/2002;Perabeles;San Martín del Rey Aurelio;Asturias;España;Castañeda;;;;Rodrigo García F.;;;;6;1;B;HYM-6.1.B.4;;;;Vespidae;
BOS-HYM-N03650;Ichneumonidae;;02/11/2001;Villar del Puerto;Vegacervera;León;España;;;;;Fernando Glez;;;;6;1;B;HYM-6.1.B.4;;;;;
BOS-HYM-N03651;Ichneumonidae;Amblyjoppa proteus;15/11/2001;Mieres;Mieres;Asturias;España;;;;;Beatriz Mateos;;;;6;1;B;HYM-6.1.B.4;;;;Metocha ichneumonides;
BOS-HYM-N03652;Sphecidae;Ammophila sabulosa;19/05/2002;Abariella (Allarave);;;;;;;;María Menéndez Miranda;;;;6;1;B;HYM-6.1.B.4;;;;;
BOS-HYM-N03653;Ichneumonidae;Ichneumon suspiciosus;20/10/2001;El Rosón;;;;;;;;Mar González;Mª del Mar G. F.;;;6;1;B;HYM-6.1.B.4;;;;Chrysididae;
BOS-HYM-N03654;Pompilidae;Episyrum tripunctatus;27/07/2003;El Cogollo;Ribera D. A.;Asturias;España;Camino entre rocas;;;;Julio Are. R. F.;Julio A. R. F.;;;6;1;B;HYM-6.1.B.4;;;;;
BOS-HYM-N03655;Ichneumonidae;;06/02/2002;Borres;Tineo;Asturias;España;Pradera;;;;Iván F. M.;Iván F. M.;;;6;1;B;HYM-6.1.B.4;;;;Ammophila sabulosa;
BOS-HYM-N03656;Ichneumonidae;;18/11/2001;Cudillero;Cudillero;Asturias;España;;;;;Carmen Llesa;Carmen Llesa;;;6;1;B;HYM-6.1.B.4;;;;Proticheumon pisorius;
BOS-HYM-N03657;Ichneumonidae;;26/10/2002;Cenera;Mieres;Asturias;España;Flor;;;;Rocío Luiña;Rocío Luiña;;;6;1;B;HYM-6.1.B.4;;;;;
BOS-HYM-N03658;Ichneumonidae;;20/11/2002;Valdesoto;Siero;Asturias;España;;;;;M. Canis;R. Canis;;;6;1;B;HYM-6.1.B.4;;;;Netelia testaceus;
BOS-HYM-N03659;Sphecidae;Ammophila sabulosa;24/07/2003;Bueño;Ribera de A.;Asturias;España;Herbáceas;;;;Julio A. R. F.;Julio A. R. F.;;;6;1;B;HYM-6.1.B.4;;;;;
BOS-HYM-N03660;Ichneumonidae;;12/07/1995;Porceyo;Gijón;Asturias;España;;;;;Marisol Alv.;Guiomar S. S.;;;6;1;B;HYM-6.1.B.4;;;;;
BOS-HYM-N03661;Ichneumonidae;;31/10/1995;Villar;;;España;Seto;;;;Guiomar S. S.;Guiomar S. S.;;;6;1;B;HYM-6.1.B.4;;;;;
BOS-HYM-N03662;Ichneumonidae;Amblyteles armatorius;21/05/2003;Ruta del Alba;Sobrescobio;Asturias;España;Prado;;;;M. Fernández;M. Fernández;;;6;1;B;HYM-6.1.B.4;;;;;
BOS-HYM-N03663;Ichneumonidae;Ophion luteus;06/12/2001;La Vegona;Mieres;Asturias;España;;;;;Lucía Cabeza;Lucía Cabeza;;;6;1;B;HYM-6.1.B.4;;;;;
BOS-HYM-N03664;Ichneumonidae;Amblyjoppa proteus;16/02/2002;Villa;Langreo;Asturias;España;Pradera (piedras);;;;Rodrigo García F.;Rodrigo García F.;;;6;1;B;HYM-6.1.B.4;;;;Sphecidae;
BOS-HYM-N03665;Ichneumonidae;;28/08/2003;Bueño;Ribera D. A.;Asturias;España;Núcleo rural;;;;Julio Alberto R. F.;Julio Alberto R. F.;;;6;1;B;HYM-6.1.B.4;;;;;
BOS-HYM-N03666;Ichneumonidae;Ophion sp.;20/01/2002;Cereceda;Allande;Asturias;España;;;;;Daniel Pérez;;;;6;1;B;HYM-6.1.B.4;;;;;
BOS-HYM-N03667;Sphecidae;Ammophila sabulosa;12/05/1994;Naranco (Oviedo);Oviedo;Asturias;España;;;;;Isabel Glez;Isabel Glez;;;6;1;B;HYM-6.1.B.5;;;;;
BOS-HYM-N03668;Sphecidae;Ammophila heydeni;06/08/1995;Ferral de Bernesga;San Andrés del Rabanedo;León;España;;;;;Lucía García;Lucía García Vallina;;;6;1;B;HYM-6.1.B.5;;;;;
BOS-HYM-N03669;Sphecidae;Ammophila sabulosa;29/08/1991;Sahagún;Sahagún;León;España;;;;;Diego Fernández Díaz;;;;1;3;;Caja moho 4;;;Tiene moho;;
BOS-HYM-N03670;Sphecidae;Ammophila sabulosa;12/08/2004;Estrada;Estrada;Pontevedra;España;Monte;;;;Lucía Fariña Castaño;Lucía Fariña Castaño;;;6;1;B;HYM-6.1.B.5;;;;;
BOS-HYM-N03671;Sphecidae;Sphex maxillosus;26/08/1994;Puente Villarente;Villaturiel;León;España;;;;;J. M. Iglesias;J. M. Iglesias;;;6;1;B;HYM-6.1.B.5;;;;;
BOS-HYM-N03672;Sphecidae;Ammophila hirsuta;15/08/1995;Camino playa Tagle;Suances;Cantabria;España;Camino playa;;;;Juan Glez Rguez;Juan Glez Rguez;;;6;1;B;HYM-6.1.B.5;;;;Ammophila sabulosa;
BOS-HYM-N03673;Sphecidae;Sphex maxillosus;_/08/1997;Soto de Luiña;Cudillero;Asturias;España;;;;;César Santos;Mª José Sierra;;;6;1;B;HYM-6.1.B.5;;;;;
BOS-HYM-N03674;Chrysidae;Chrysis sp.;08/11/2002;Blimea;San Martín del Rey Aurelio;Asturias;España;;;;;Elena Vidal García;Elena Vidal García;;;6;1;B;HYM-6.1.B.5;;;;Chrysis fulgida;
BOS-HYM-N03675;Chrysidae;Chrysis ignita;11/09/1994;Xivares;Carreño;Asturias;España;;;;;M. Cossío Aranceta;M. D. Artime García;;;6;1;B;HYM-6.1.B.5;;;;;
BOS-HYM-N03676;Chrysidae;Chrysis ignita;04/07/1995;Fitoria;Oviedo;Asturias;España;;;;;J. L. Glez Vecino;J. L. Glez Vecino;;;6;1;B;HYM-6.1.B.5;;;;;
BOS-HYM-N03677;Chrysidae;Chrysis ignita;06/07/1995;Lamuño;Cudillero;Asturias;España;;;;;Andrés Fdz;Andrés Fdz;;;6;1;B;HYM-6.1.B.5;;;;;
BOS-HYM-N03678;Scoliidae;Scolia hirta;31/08/1994;Luanco ;Gozón;Asturias;España;;;;;M. Cossío Aranceta;M. D. Artime García;;;6;1;B;HYM-6.1.B.5;;;;;
BOS-HYM-N03679;Scoliidae;Colpa sexmaculata;09/06/2004;Viñon;;Cantabria;España;Casa;;;Hembra;Rubén Viota;Rubén Viota;L. O. Aguado 2013;;6;1;B;HYM-6.1.B.5;;;;Vespidae;
BOS-HYM-N03680;Ichneumonidae;;18/04/2004;Borja;Borja;Zaragoza;España;;;;;Héctor Pernía;Héctor Pernía;;;6;1;B;HYM-6.1.B.5;;;;Ancistrocerus antilope (Eumenidae);
BOS-HYM-N03681;Apidae;Bombus pascuorum/humilis;12/07/1997;Veriña;Gijón;Asturias;España;;;;;José L. Huerta;Sandra Martínez;;;6;1;B;HYM-6.1.B.6;;;;Bombus humilis;
BOS-HYM-N03682;Apidae;Bombus pascuorum;16/05/1998;Picu Villa;Langreo;Asturias;España;;;;;Manuel Infiesta;Susana Prieto;;;6;1;B;HYM-6.1.B.6;;;;Bombus cognatus;
BOS-HYM-N03683;Apidae;Bombus pascuorum;05/08/1977;La Furta (Nubledo);Corvera;Asturias;España;;;;;Rocío Rosa García;Rocío Rosa García;;;6;1;B;HYM-6.1.B.6;;;;Bombus agrorum;
BOS-HYM-N03684;Apidae;Bombus pascuorum/muscorum/humilis;02/09/1997;Navia;Navia;Asturias;España;;;;;Nieves Rgdz;Silvia Martínez;;;6;1;B;HYM-6.1.B.6;;;;Bombus sp.;
BOS-HYM-N03685;Apidae;Bombus pascuorum/humilis;27/06/1997;Salinas;Castrillón;Asturias;España;;;;;Rafael Fdz;Consuelo Fdz;;;6;1;B;HYM-6.1.B.6;;;;Bombus humilis;
BOS-HYM-N03686;Apidae;Bombus pascuorum;_/09/1997;Linto;Miera;Cantabria;España;;;;;Paulino Pascual;Marta Pascual;;;6;1;B;HYM-6.1.B.6;;;;Bombus cognatus;
BOS-HYM-N03687;Apidae;Bombus pascuorum;26/02/1997;Los Alfilorios;;Asturias;España;;;;;P. Ramas;P. Ramas;;;6;1;B;HYM-6.1.B.6;;;Tiene un ácaro bajo el ala izquierda;Bombus sp.;
BOS-HYM-N03688;Apidae;Bombus pascuorum;10/08/1998;Los Pontones (Telledo);Lena;Asturias;España;;;;;C. Fdez Martín;C. Fdez Martín;;;6;1;B;HYM-6.1.B.6;;;;Bombus pascual;
BOS-HYM-N03689;Apidae;Bombus pascuorum;03/07/1997;Somio;Gijón;Asturias;España;;;;;Vanesa A. F.;Vanesa A. Faes;;;6;1;B;HYM-6.1.B.6;;;;Bombus cognatus;
BOS-HYM-N03690;Apidae;Bombus muscorum;04/03/1998;Parque P. Tomás (Oviedo);Oviedo;Asturias;España;Parque;;;;Mª José Llera;Mª José Llera;;;6;1;B;HYM-6.1.B.6;;;;Bombus cognatus;
BOS-HYM-N03691;Apidae;Bombus pascuorum;06/04/1997;Ponga;Ponga;Asturias;España;;;;;Ana Mª Camín;Ana Mª Camín;;;6;1;B;HYM-6.1.B.6;;;;Bombus pratorum;
BOS-HYM-N03692;Apidae;Bombus pascuorum;14/04/1996;Sietes;Villaviciosa;Asturias;España;;;;;Gonzalo Alonso;Isabel Mojardin;;;6;1;B;HYM-6.1.B.6;;;;Bombus cognatus;
BOS-HYM-N03693;Apidae;Bombus pascuorum/muscorum/humilis;_/05/1996;Latores;Oviedo;Asturias;España;;;;;David Muñoz Martínez;David Muñoz;;;6;1;B;HYM-6.1.B.6;;;;Bombus cognatus;
BOS-HYM-N03694;Apidae;Bombus pascuorum/muscorum/humilis;15/09/1997;Piedras Blancas;Castrillón;Asturias;España;;;;;Paula García;Paula García;;;6;1;B;HYM-6.1.B.6;;;;Bombus cognatus;
BOS-HYM-N03695;Apidae;Bombus pascuorum/muscorum/humilis;26/04/1998;Santullano;Tineo;Asturias;España;;;;Macho;Idurre Larrarabal;Idurre Larrarabal;;;6;1;B;HYM-6.1.B.6;;;;Bombus cognatus;
BOS-HYM-N03696;Apidae;Bombus pascuorum/muscorum/humilis;10/05/1998;Vega;Gijón;Asturias;España;;;;;Susana Prieto;Marco A. Varela;;;6;1;B;HYM-6.1.B.6;;;;Bombus cognatus;
BOS-HYM-N03697;Apidae;Bombus pascuorum/muscorum/humilis;02/05/1997;Solomir;Cudillero;Asturias;España;;;;;I. Gutiérrez Martínez;I. Gutiérrez Martínez;;;6;1;B;HYM-6.1.B.6;;;;Bombus cognatus;
BOS-HYM-N03698;Apidae;Bombus muscorum/humilis;_/11/1995;Luarca;Valdés;Asturias;España;;;;;Juan M. Mateos;Juan M. Mateos;;;6;1;B;HYM-6.1.B.6;;;;Bombus variabilis;
BOS-HYM-N03699;Apidae;Bombus pascuorum;22/11/1997;Pancar;Llanes;Asturias;España;;;;;J. A. García Fuentes;J. A. García Fuentes;;;6;1;B;HYM-6.1.B.6;;;;Bombus variabilis;
BOS-HYM-N03700;Apidae;Bombus pascuorum;19/11/1996;Ruta del oso;;Asturias;España;;;;;Andrés Pérez;Andrés Pérez;;;6;1;B;HYM-6.1.B.6;;;;Bombus cognatus;
BOS-HYM-N03701;Apidae;Bombus pascuorum;08/07/2003;Cayón;Piloña;Asturias;España;;;;;S. Tolivia;;;;6;1;B;HYM-6.1.B.6;;;;Apidae;
BOS-HYM-N03702;Apidae;Bombus pascuorum;Verano 1996;La Penilla;Cayón;Cantabria;España;;;;;H. Glez Schez;H. Glez Schez;;;1;3;;Caja moho 4;;;Tiene moho;Bombus sp.;
BOS-HYM-N03703;Apidae;Bombus pascuorum/muscorum/humilis;14/04/1997;Latores;Oviedo;Asturias;España;;;;;Manuel A. Alcántara;Manuel A. Alcántara;;;6;1;B;HYM-6.1.B.6;;;;Bombus hypnorum;
BOS-HYM-N03704;Apidae;Bombus pascuorum/muscorum/humilis;22/05/1996;El Carbayo (Ciaño);Langreo;Asturias;España;;;;;N. Fdez Alberti;M. T. Vázquez;;;6;1;B;HYM-6.1.B.6;;;;Bombus agrorum;
BOS-HYM-N03705;Apidae;Bombus pascuorum;02/11/1995;Luarca;Valdés;Asturias;España;;;;;Sonia Cabo;Sonia Cabo;;;6;1;B;HYM-6.1.B.6;;;;Bombus cognatus;
BOS-HYM-N03706;Apidae;Bombus pascuorum;18/08/1997;S. Andrés;Gijón;Asturias;España;;;;Hembra;Mario Busto;Mario Busto;;;6;1;B;HYM-6.1.B.6;;;;Bombus cognatus;
BOS-HYM-N03707;Apidae;Bombus pascuorum;24/04/1997;Oviedo;Oviedo;Asturias;España;;;;Hembra;Germán Orizaola;Germán Orizaola;;;6;1;B;HYM-6.1.B.6;;;;Bombus cognatus;
BOS-HYM-N03708;Apidae;Bombus pascuorum/muscorum/humilis;04/11/1997;Pola de Somiedo;Somiedo;Asturias;España;;;;;Mª José Sierra;Mª José Sierra;;;6;1;B;HYM-6.1.B.6;;;;Bombus humilis;
BOS-HYM-N03709;Apidae;;05/08/1997;Susacasa Nembro;Gozón;Asturias;España;;;;;Rocío Rosa García;Rocío Rosa García;;;6;1;B;HYM-6.1.B.6;;;;Bombus monticola;
BOS-HYM-N03710;Apidae;Bombus pascuorum;20/07/1997;Carcastillo;Carcastillo;Navarra;España;;;;;Verónica González Baquero;Verónica González Baquero;;;6;1;B;HYM-6.1.B.6;;;;Bombus sp.;
BOS-HYM-N03711;Apidae;Bombus pascuorum;10/08/1998;Los Pontones (Telledo);Lena;Asturias;España;;;;;C. Fdez Martín;C. Fdez Martín;;;6;1;B;HYM-6.1.B.6;;;;Bombus humilis;
BOS-HYM-N03712;Apidae;Bombus pascuorum/muscorum/humilis;03/07/1997;Soto Marina;;Cantabria;España;;;;;A. Sierra;A. Sierra;;;6;1;B;HYM-6.1.B.6;;;;Bombus humilis;
BOS-HYM-N03713;Apidae;Bombus muscorum/humilis;10/05/1996;Ciaño;Langreo;Asturias;España;;;;Hembra;M. T. Vázquez;E. Hilla Merchán;;;6;1;B;HYM-6.1.B.6;;;;Bombus agrorum;
BOS-HYM-N03714;Apidae;;_/10/1995;Villar (Luarca);Valdés;Asturias;España;;;;Hembra;J. L. Ortiz Suárez;J. L. Ortiz Suárez;;;6;1;B;HYM-6.1.B.6;;;;Bombus cognatus;
BOS-HYM-N03715;Apidae;Psithyrus campestris;18/07/1997;Veriña;Gijón;Asturias;España;;;;Hembra;Jose L. Huerta;Sandra Martínez;;;6;1;B;HYM-6.1.B.6;;;;;
BOS-HYM-N03716;Apidae;Bombus sylvarum;18/02/1997;Oviedo;Oviedo;Asturias;España;;;;;David del Corral;David del Corral;;;6;1;B;HYM-6.1.B.6;;;;;
BOS-HYM-N03717;Apidae;Bombus sylvarum;23/07/1998;Soto del Barco;Soto del Barco;Asturias;España;;;;;Rebeca G.;Rebeca G.;;;6;1;B;HYM-6.1.B.6;;;;;
BOS-HYM-N03718;Apidae;Psithyrus campestris;25/07/1995;Vega'l Rei;Lena;Asturias;España;;;;;R. Ordiales;R. Ordiales;;;6;1;B;HYM-6.1.B.6;;;;;
BOS-HYM-N03719;Apidae;Bombus sylvarum;_/08/1998;Deva;Gijón;Asturias;España;;;;;Patricia Mdez;Patricia Mdez;;;6;1;B;HYM-6.1.B.6;;;;;
BOS-HYM-N03720;Apidae;;Verano 1997;Monte Teja;;Cantabria;España;;;;;Marta Pascual;Marta Pascual;;;6;1;B;HYM-6.1.B.6;;;;Bombus variabilis;
BOS-HYM-N03721;Apidae;Psithyrus campestris;_/05/1996;Terrona;Campomanes;;España;;;;;Xuacu Izq.;Arturo Madera;;;6;1;B;HYM-6.1.B.6;;;;Bombus pascuorum;
BOS-HYM-N03722;Apidae;Bombus pascuorum/muscorum/humilis;22/10/1996;El Villar (Luarca);Valdés;Asturias;España;;;;Hembra;M. García López;M. García López;;;6;1;B;HYM-6.1.B.6;;;;Anthophora sp.;
BOS-HYM-N03723;Apidae;Bombus lucorum;25/10/2003;Sta Rosa;Llanera;Asturias;España;Alrededor de sebe;;;;María González;Maria Glez;;;6;1;B;HYM-6.1.B.7;;;;Bombus sp.;
BOS-HYM-N03724;Apidae;Bombus lucorum;22/10/2004;El Cantu (Cenera);;Asturias;España;Campo;;;;M. Vázquez;Miguel Vqz;;;6;1;B;HYM-6.1.B.7;;;;Bombus hortorum;
BOS-HYM-N03725;Apidae;Bombus lucorum;26/10/2004;Oviedo;Oviedo;Asturias;España;Prado;;;;Manuel Villa;Manuel Villa;;;6;1;B;HYM-6.1.B.7;;;;;
BOS-HYM-N03726;Apidae;Bombus lucorum;20/12/2004;Nembra;Aller;Asturias;España;Casa;;;;Mª Jesús García;Beatriz García;;;6;1;B;HYM-6.1.B.7;;;;;
BOS-HYM-N03727;Apidae;Bombus lucorum;12/10/2004;Severies;Llanera;Asturias;España;Prado;;;;Adrián Huerta;Adrián Huerta;;;6;1;B;HYM-6.1.B.7;;;;Bombus sp.;
BOS-HYM-N03728;Apidae;Bombus sp.;10/04/1997;Prubia;Llanera;Asturias;España;;;;;E. Hilla Merchán;E. Hilla Merchán;;;6;1;B;HYM-6.1.B.7;;;;;
BOS-HYM-N03729;Apidae;Bombus terrestris;_/05/2005;Mieres;Mieres;Asturias;España;;;;;Noemí Torrado;Noemí Torrado;;;6;1;B;HYM-6.1.B.7;;;;;
BOS-HYM-N03730;Apidae;Bombus lucorum;06/06/2004;Priandi;Nava;Asturias;España;Monte;;;;Patricia Pérez;Beatriz Cantora;;;6;1;B;HYM-6.1.B.7;;;;;
BOS-HYM-N03731;Apidae;Bombus hortorum;08/09/2004;Oviedo;Oviedo;Asturias;España;Terraza;;;;Mercedes Álvarez;Mercedes Álvarez;;;6;1;B;HYM-6.1.B.7;;;;Bombus terrestris;
BOS-HYM-N03732;Apidae;Bombus lucorum;30/09/2001;Fonciello;Siero;Asturias;España;Pastizal;;;;Pablo Fonseca;Pablo Fonseca;;;6;1;B;HYM-6.1.B.7;;;;;
BOS-HYM-N03733;Apidae;Bombus lucorum;06/02/2002;Fresnedo;R. Arriba;Asturias;España;;;;Hembra;Pablo Glez Areces;Pablo Glez Areces;;;6;1;B;HYM-6.1.B.7;;;;Apoideos;
BOS-HYM-N03734;Apidae;Bombus lucorum;17/11/2001;Cudillero;Cudillero;Asturias;España;;;;;Carlos Glez;Carlos Glez;;;6;1;B;HYM-6.1.B.7;;;;;
BOS-HYM-N03735;Apidae;Bombus terrestris;26/10/2001;Cenera;Mieres;Asturias;España;Pradera;;;;Ana Colunga;Ana Colunga;;;6;1;B;HYM-6.1.B.7;;;;;
BOS-HYM-N03736;Apidae;Bombus muscorum;03/03/2005;Siero;Siero;Asturias;España;Pradera;;;;Manuel Bartolomé;Manuel Bartolomé;;;1;3;;Caja moho 4;;;Tiene moho;Bombus consobrinus;
BOS-HYM-N03737;Apidae;Bombus pascuorum;29/04/2005;Porciles (Espinaredo);;Asturias;España;;;;;D. Alonso Novoa;D. Alonso Novoa;;;6;1;B;HYM-6.1.B.7;;;;Bombus sp.;
BOS-HYM-N03738;Apidae;Bombus pascuorum;06/07/2005;Mieres;Mieres;Asturias;España;;;;Hembra;Víctor García;V. M. García;;;6;1;B;HYM-6.1.B.7;;;;;
BOS-HYM-N03739;Apidae;Bombus muscorum/humilis;19/09/2005;Parque Purificación (Oviedo);Oviedo;Asturias;España;;;;;D. Glez;D. Glez;;;6;1;B;HYM-6.1.B.7;;;;Bombus mesomelas;
BOS-HYM-N03740;Apidae;Bombus pascuorum;22/10/2004;Cuérigo;Aller;Asturias;España;Prado;;;;Cristina Miranda;Cristina M. C.;;;6;1;B;HYM-6.1.B.7;;;;Apis mellifera;
BOS-HYM-N03741;Apidae;Bombus pascuorum;20/08/2005;Pravia;Pravia;Asturias;España;Prado;;;;Mercedes Álvarez;Mercedes Álvarez;;;6;1;B;HYM-6.1.B.7;;;;Bombus agrorum;
BOS-HYM-N03742;Apidae;Bombus pascuorum;24/08/2005;"Finca ""El Pumarín"" (Espinedo)";Lena;Asturias;España;;;;;Laura Ortiz;L. Ortiz;;;6;1;B;HYM-6.1.B.7;;;;Andrena fulva;
BOS-HYM-N03743;Apidae;Bombus hortorum;16/01/2002;Fresnedo;R. Arriba;Asturias;España;;;;;Pablo Glez Areces;Pablo Glez Areces;;;6;1;B;HYM-6.1.B.7;;;;Apoideos;
BOS-HYM-N03744;Apidae;Bombus terrestris;28/10/2001;Tremañes;Gijón;Asturias;España;;;;;Silvia L. Pérez C.;;;;6;1;B;HYM-6.1.B.7;;;;Bombus;
BOS-HYM-N03745;Apidae;Bombus lucorum;23/11/2001;Oviedo;Oviedo;Asturias;España;;;;;Ana Pérez;Ana Pérez;;;6;1;B;HYM-6.1.B.7;;;;;
BOS-HYM-N03746;Apidae;Bombus pascuorum;23/10/2001;Cenera;Mieres;Asturias;España;;;;;María López;;;;6;1;B;HYM-6.1.B.7;;;;Bombus agrorum;
BOS-HYM-N03747;Apidae;Bombus pascuorum;26710/2001;Cenera;Mieres;Asturias;España;;;;;David Arias Matas;David Arias Matas;;;6;1;B;HYM-6.1.B.7;;;;Hymenoptera, Acrididae;
BOS-HYM-N03748;Apidae;Bombus terrestris;17/11/2002;Cenera;Mieres;Asturias;España;Área recreativa;;;;J. Junco;J. Junco;;;6;1;B;HYM-6.1.B.7;;;;Anthophora;
BOS-HYM-N03749;Apidae;Apis mellifera;25/10/2002;Cenera;Mieres;Asturias;España;Pradera;;;;David Barjollo;David Barjollo;;;1;3;;Caja moho 4;;;Tiene moho;;
BOS-HYM-N03750;Apidae;Bombus terrestris;20/10/2001;Tineo;;;;;;;Hembra;Beatriz Mateos;;;;6;1;B;HYM-6.1.B.7;;;;Bombus hortorum;
BOS-HYM-N03751;Apidae;Bombus hortorum;01/05/2002;Llosalín;Soto de Ribera;Asturias;España;;;;;Pablo Cuesta de D.;;;;1;3;;Caja moho 4;;;El Sotalín. Tiene moho;;
BOS-HYM-N03752;Apidae;Bombus pascuorum;_/08/1996;Silió;Molledo;Cantabria;España;Monte bajo;;;;Román Gómez;;;;6;1;B;HYM-6.1.B.7;;;;Bombus sp.;
BOS-HYM-N03753;Apidae;Bombus sp.;_/07/1997;Granda;Siero;Asturias;España;;;;;Juan Gómez;J. Gómez Navedo;;;6;1;B;HYM-6.1.B.7;;;;;
BOS-HYM-N03754;Apidae;Bombus pascuorum;11/02/2002;Las Mazas;Morcín;Asturias;España;Prado;;;;B. G. Quintana;B. G. Quintana;;;6;1;B;HYM-6.1.B.7;;;;Apoidea;
BOS-HYM-N03755;Apidae;Bombus terrestris;15/03/1996;Porceyo;Gijón;Asturias;España;;;;;Guimar S. S.;Guimar S. S.;;;6;1;B;HYM-6.1.B.7;;;;;
BOS-HYM-N03756;Apidae;Bombus terrestris/lucorum;10/01/2002;Luces;Colunga;Asturias;España;Jardín;;;;J. Alonso;J. Alonso;;;6;1;B;HYM-6.1.B.7;;;;Apidae;
BOS-HYM-N03757;Apidae;Bombus terrestris;09/12/2001;Urbies;Mieres;Asturias;España;;;;;Lucía Cabeza;;;;6;1;B;HYM-6.1.B.7;;;;Apis;
BOS-HYM-N03758;Apidae;Bombus terrestris;16/10/2002;Hevia;Siero;Asturias;España;Sotobosque;;;;Mariano Palacio Suárez;Mariano Palacio 31/06/2003;;;6;1;B;HYM-6.1.B.7;;;;Bombilius terrestris;
BOS-HYM-N03759;Apidae;Bombus terrestris/lucorum;23/05/2003;Valleya;San Martín del Rey Aurelio;Asturias;España;Prado;;;Hembra;B. Roces;B. Roces;;;6;1;B;HYM-6.1.B.7;;;;Bombus lucorum;
BOS-HYM-N03760;Apidae;Bombus terrestris;13/07/2002;Ablaña;Mieres;Asturias;España;Paseo fluvial;;;Hembra;Pelayo Álvarez;Pelayo Álvarez;;;6;1;B;HYM-6.1.B.7;;;;Bombus soroeensis;
BOS-HYM-N03761;Apidae;Bombus terrestris;26/10/2001;Riosa;Riosa;Asturias;España;;;;;Carme Llera;Carme Llera;;;1;3;;Caja moho 4;;;Tiene moho;Bombus lucorum;
BOS-HYM-N03762;Apidae;Bombus sylvarum;16/08/1996;Sierra de Cartes;;Cantabria;España;;;;;Juan Gómez;J. Gómez Navedo;;;1;3;;Caja moho 4;;;Tiene moho;Bombus sp.;
BOS-HYM-N03763;Apidae;Bombus sylvarum;05/12/2002;El Entrego;San Martín del Rey Aurelio;Asturias;España;;;;;R. Canis;R. Canis;;;6;1;B;HYM-6.1.B.7;;;;Apis;
BOS-HYM-N03764;Apidae;Bombus terrestris;02/11/2001;Villar del Puerto;Vegacervera;León;España;;;;;Fernando Glez;;;;1;3;;Caja moho 4;;;Tiene moho;Bombus sp.;
BOS-HYM-N03765;Apidae;Bombus pratorum;25/10/2002;Cenera;Mieres;Asturias;España;Pradera;;;;David Barjollo;David Barjollo;;;6;1;B;HYM-6.1.B.7;;;;Bombus lucorum;
BOS-HYM-N03766;Apidae;Bombus pascuorum;21/05/2003;Ruta del Alba;Sobrescobio;Asturias;España;Prado;;;Hembra;M. Fernández;M. Fernández;;;6;1;B;HYM-6.1.B.7;;;;Apoidea;
BOS-HYM-N03767;Apidae;Bombus lapidarius;01/05/1975;Peloño;Ponga;Asturias;España;;;;;J. A. Prieto;Anadón-Quero;;;6;1;B;HYM-6.1.B.7;;;;;
BOS-HYM-N03768;Apidae;Bombus lapidarius;23/07/1995;Las Landas;;;Francia;;;;;Ana Arrien;Begoña Sastre;;;6;1;B;HYM-6.1.B.7;;;;Bombus lucorum;
BOS-HYM-N03769;Apidae;Psithyrus campestris;10/08/1995;La Manjoya;Oviedo;Asturias;España;;;;;Carmen Alonso;J. L. Glez Vecino;;;6;1;B;HYM-6.1.B.7;;;;Bombus lapidarius;
BOS-HYM-N03770;Apidae;Apis mellifera;26/10/2001;Cenua;Mieres;Asturias;España;;;;;Lucía Rguez Menéndez;Lucía Rguez Menéndez;;;6;1;B;HYM-6.1.B.7;;;;Apidae;
BOS-HYM-N03771;Apidae;Apis mellifera;26/10/2001;Cenua;Mieres;Asturias;España;;;;;Lucía Rguez Menéndez;Lucía Rguez Menéndez;;;6;1;B;HYM-6.1.B.7;;;;Vespula vulgaris;
BOS-HYM-N03772;Apidae;Bombus pascuorum;10/07/1995;Suances;Suances;Cantabria;España;Jardín de casa;;;;Juan Glez Rguez;Juan Glez Rguez;;;6;1;B;HYM-6.1.B.7;;;;Bombus cognatus;
BOS-HYM-N03773;Apidae;Bombus distinguendus;11/08/1995;La Manjoya;Oviedo;Asturias;España;;;;;Carmen Alonso;J. L. Glez Vecino;;;6;1;B;HYM-6.1.B.7;;;;Bombus variabilis;
BOS-HYM-N03774;Apidae;Psithyrus campestris;26/08/1995;Pto. Tarna;Caso;Asturias;España;Brezal;;;;L. Frechilla;L. Frechilla;;;6;1;B;HYM-6.1.B.7;;;;Macrocerus sp.?;
BOS-HYM-N03775;Apidae;Apis mellifera;_/04/2006;Valdecuna;Mieres;Asturias;España;Pradera;;;;Carmen Viesca;Carmen Viesca;;;6;1;B;HYM-6.1.B.7;;;;;
BOS-HYM-N03776;Apidae;Apis mellifera;10/07/1995;Suances;Suances;Cantabria;España;Jardín de casa;;;;Juan Glez Rguez;Juan Glez Rguez;;;6;1;B;HYM-6.1.B.7;;;;;
BOS-HYM-N03777;Apidae;Apis mellifera;07/11/2001;La Caba;Nava;Asturias;España;;;;;David Arias Matas;David Arias Matas;;;6;1;B;HYM-6.1.B.7;;;;Cyclorrapha (Diptera);
BOS-HYM-N03778;Apidae;Apis mellifera;01/06/2006;Pola de Laviana;Laviana;Asturias;España;Prado;;;;P. Buelga;María Buelga;;;6;1;B;HYM-6.1.B.7;;;;;
BOS-HYM-N03779;Apidae;Eucera longicornis ;23/07/1997;Porceyo;Gijón;Asturias;España;;;;Macho;Ana Camin Vallín;Ana C. V.;;;6;1;B;HYM-6.1.B.7;;;;;
BOS-HYM-N03780;Apidae;Apis mellifera;26/10/2001;Cenera;Mieres;Asturias;España;;;;;Aida Solís;Aida Solís;;;6;1;B;HYM-6.1.B.7;;;;;
BOS-HYM-N03781;Apidae;Apis mellifera;_/10/1996;Luarca;Valdés;Asturias;España;;;;;Yvonne Valles;Yvonne Valles;;;6;1;B;HYM-6.1.B.7;;;;Authophora sp.;
BOS-HYM-N03782;Apidae;Apis mellifera;23/10/1996;Villar (Luarca);Valdés;Asturias;España;;;;;C. A. Pola;C. A. Pola;;;6;1;B;HYM-6.1.B.7;;;;Anthophora vulpina;
BOS-HYM-N03783;Apidae;Apis mellifera;18/09/2005;Monteana;Gijón;Asturias;España;Prado;;;;Ana Fdez;Ana Fdez;;;6;1;B;HYM-6.1.B.7;;;;;
BOS-HYM-N03784;Apidae;Apis mellifera;11/11/2005;Cenera;Mieres;Asturias;España;Prado;;;;Davinia Álvarez;Davinia Álvarez;;;6;1;B;HYM-6.1.B.7;;;;Andrenidae;
BOS-HYM-N03785;Apidae;Apis mellifera;24/11/2005;Mieres;Mieres;Asturias;España;Parque;;;;Estefanía García;;;;6;1;B;HYM-6.1.B.7;;;;;
BOS-HYM-N03786;Apidae;Apis mellifera;31/10/1995;Villar;Valdés;Asturias;España;Sobre hiedra;;;;Joaquín Pérez;Joaquín Pérez;;;6;1;B;HYM-6.1.B.7;;;;;
BOS-HYM-N03787;Apidae;Apis mellifera;_/07/1995;La Collada;;Asturias;España;;;;;M. A. García Pieda;M. A. García Pieda;;;6;1;B;HYM-6.1.B.7;;;;;
BOS-HYM-N03788;Apidae;Apis mellifera;15/11/2001;Hevia;Siero;Asturias;España;Prado;;;;Manuel Glez Glez;Manuel Glez;;;6;1;B;HYM-6.1.B.7;;;;Halictus quadricinctus;
BOS-HYM-N03789;Apidae;Apis mellifera;25/02/2002;Cenera;Mieres;Asturias;España;Prado;;;;Carlos López;Abel Vega;;;6;1;B;HYM-6.1.B.7;;;;;
BOS-HYM-N03790;Apidae;Apis mellifera;18/04/2003;Cenera;Mieres;Asturias;España;Área recreativa;;;;J. Junco;J. Junco;;;6;1;B;HYM-6.1.B.7;;;;Musca;
BOS-HYM-N03791;Apidae;Apis mellifera;05/01/2003;Oviñana;Cudillero;Asturias;España;;;;;Antonio Álvarez;Antonio Álvarez;;;1;3;;Caja moho 4;;;Tiene moho;Stomoxys calcitrans (Muscidae);
BOS-HYM-N03792;Apidae;Apis mellifera;06/07/2003;Gijón;Gijón;Asturias;España;;;;;M. Vigil;M. Vigil;;;6;1;B;HYM-6.1.B.7;;;;Colletidae;
BOS-HYM-N03793;Apidae;Apis mellifera;27/01/2002;Borres;Tineo;Asturias;España;Sobre castaño;;;;Iván F. M.;Iván F. M.;;;6;1;B;HYM-6.1.B.7;;;;Apidae;
BOS-HYM-N03794;Apidae;Apis mellifera;28/10/2001;Amandi;Villaviciosa;Asturias;España;;;;;Dolores Busto;Dolores Busto;;;6;1;B;HYM-6.1.B.7;;;;Apidae;
BOS-HYM-N03795;Apidae;Apis mellifera;26/10/2001;Cenera;Mieres;Asturias;España;;;;;Patricia Puente Garc.;;;;6;1;B;HYM-6.1.B.7;;;;Apidae;
BOS-HYM-N03796;Apidae;Apis mellifera;13/01/2002;Las Mazas;Morcín;Asturias;España;Estiércol;;;;B. G. Quintana;B. G. Quintana;;;6;1;B;HYM-6.1.B.7;;;;Apoidea;
BOS-HYM-N03797;Apidae;Apis mellifera;10/01/2002;Pola de Lena;Lena;Asturias;España;;;;;Beatriz Fdz Perera;;;;6;1;B;HYM-6.1.B.7;;;;;
BOS-HYM-N03798;Apidae;Apis mellifera;04/11/2001;Fastias;Tineo;Asturias;España;;;;;Almudena Suárez;;;;6;1;B;HYM-6.1.B.7;;;;Apidae;
BOS-HYM-N03799;Apidae;Apis mellifera;14/10/2001;Fastias;Tineo;Asturias;España;;;;;Almudena Suárez;;;;6;1;B;HYM-6.1.B.7;;;;Apis mellifica;
BOS-HYM-N03800;Apidae;Apis mellifera;04/02/2005;Brañes;Oviedo;Asturias;España;Manzano;;;;Julio Díaz;Julio Díaz;;;6;1;B;HYM-6.1.B.7;;;;Colioxis inerminz (Melittidae);
BOS-HYM-N03801;Apidae;Apis mellifera;21/11/2009;Viana;Viana;Navarra;España;Pinar;;;;Aintzane Cariñanos Ruiz;Aintzane Cariñanos Ruiz;;;6;1;B;HYM-6.1.B.7;;;;;
BOS-HYM-N03802;Apidae;Apis mellifera;22/10/2004;"""El Cantu"" (Cenera)";Mieres;Asturias;España;;;;;M. Vecino;M. Vecino;;;6;1;B;HYM-6.1.B.7;;;;Vespidae;
BOS-HYM-N03803;Apidae;Apis mellifera;_/04/2005;Logrezana;Carreño;Asturias;España;;;;;Noel López;Noel López;;;6;1;B;HYM-6.1.B.7;;;;Colletes succinctus;
BOS-HYM-N03804;Apidae;Apis mellifera;19/10/2001;Cenera;Mieres;Asturias;España;;;;;Beatriz Mateos;;;;6;1;B;HYM-6.1.B.7;;;;;
BOS-HYM-N03805;Apidae;Apis mellifera;_/05/2007;Monte Naranco (Oviedo);Oviedo;Asturias;España;;;;;Silvia Baizán;Silvia Baizán;;;6;1;B;HYM-6.1.B.7;;;;Vespula sp.;
BOS-HYM-N03806;Apidae;Apis mellifera;26/10/2001;Cenera;Mieres;Asturias;España;;;;;Dolores Somarriba;Dolores Somarriba;;;6;1;B;HYM-6.1.B.7;;;;Apidae;
BOS-HYM-N03807;Apidae;Apis mellifera;26/10/2001;Cenera;Mieres;Asturias;España;;;;;Lucía F. Trujillo;;;;6;1;B;HYM-6.1.B.7;;;;Aculeata;
BOS-HYM-N03808;Apidae;Apis mellifera;16/11/2001;Cenera;Mieres;Asturias;España;;;;;Lucía Cabeza;;;;6;1;B;HYM-6.1.B.7;;;;Colletes succinctus;
BOS-HYM-N03809;Apidae;Apis mellifera;02/11/2001;Villar del Puerto;Vegacervera;León;España;;;;;F. González;;;;6;1;B;HYM-6.1.B.7;;;;;
BOS-HYM-N03810;Apidae;Apis mellifera;07/12/2001;Laviana;Laviana;Asturias;España;;;;;Verónica Jemes;Verónica Jemes;;;6;1;B;HYM-6.1.B.7;;;;Apidae;
BOS-HYM-N03811;Apidae;Apis mellifera;11/08/2002;Ablaña;Mieres;Asturias;España;Paseo fluvial;;;;Pelayo Álvarez;Pelayo Álvarez;;;6;1;B;HYM-6.1.B.7;;;;Dasypoda altercator;
BOS-HYM-N03812;Apidae;Apis mellifera;18/05/2003;Cangas del Narcea;Cangas del Narcea;Asturias;España;Prado;;;;Enrique Jardón;Enrique Jardón;;;1;3;;Caja moho 4;;;Tiene moho;Apis sp.;
BOS-HYM-N03813;Apidae;Bombus terrestris/lucorum;22/06/1995;Naranco (Oviedo);Oviedo;Asturias;España;;;;;Lucía García;Lucía Gª Vallina;;;6;1;B;HYM-6.1.B.8;;;;Bombus terrestris;
BOS-HYM-N03814;Apidae;Bombus terrestris/lucorum;05/11/1995;Cortés;Quirós;Asturias;España;;;;;Sergio Álvarez R.;Sergio Álvarez R.;;;6;1;B;HYM-6.1.B.8;;;;Bombus terrestris;
BOS-HYM-N03815;Apidae;Bombus hortorum;19/03/1995;Villaviciosa;Villaviciosa;Asturias;España;En Inmio;;;;P. Valdés García;P. Valdés García;;;6;1;B;HYM-6.1.B.8;;;;;
BOS-HYM-N03816;Apidae;Bombus terrestris/lucorum;10/04/1996;Porceyo;Gijón;Asturias;España;;;;;Amelia Valdés Vitienes;Mª Teresa Mieres Valdés;;;6;1;B;HYM-6.1.B.8;;;;Bombus terrestris;
BOS-HYM-N03817;Apidae;Bombus hortorum;02/04/1996;Sardíu;Ribera de Arriba;Asturias;España;;;;;Tatiana Pérez;Tatiana Pérez;;;6;1;B;HYM-6.1.B.8;;;;;
BOS-HYM-N03818;Apidae;Bombus terrestris/lucorum;27/06/1995;Vegarada;;León;España;;;;;Andrés Fdz;Andrés Fdz;;;6;1;B;HYM-6.1.B.8;;;;Bombus terrestris;
BOS-HYM-N03819;Apidae;Bombus lucorum;01/11/1995;Villar (Luarca);Valdés;Asturias;España;;;;;J. L. Glez Vecino;J. L. Glez Vecino;;;6;1;B;HYM-6.1.B.8;;;;;
BOS-HYM-N03820;Apidae;Bombus terrestris/lucorum;25/07/1995;Gijón;Gijón;Asturias;España;Prado;;;;Eduardo Díaz;Eduardo Díaz;;;6;1;B;HYM-6.1.B.8;;;;Bombus hypnorium;
BOS-HYM-N03821;Apidae;Bombus terrestris/lucorum;10/07/1995;Suances;Suances;Cantabria;España;Jardín de casa;;;;Juan Glez Rguez;Juan Glez Rguez;;;6;1;B;HYM-6.1.B.8;;;;Bombus terrestris;
BOS-HYM-N03822;Apidae;Bombus lucorum;03/06/1999;El Berrón;Siero;Asturias;España;;;;;L. Elguezabal;L. Elguezabal;;;6;1;B;HYM-6.1.B.8;;;;Bombus terrestris;
BOS-HYM-N03823;Apidae;Bombus hortorum;_/08/1996;La Rua;;Orense;España;;;;;Olga Sáez;Olga Sáez;;;6;1;B;HYM-6.1.B.8;;;;;
BOS-HYM-N03824;Apidae;Bombus terrestris/lucorum;01/08/1995;Algorta;Getxo;Vizcaya;España;;;;;Begoña Sastre;Begoña Sastre;;;6;1;B;HYM-6.1.B.8;;;;Bombus variabilis;
BOS-HYM-N03825;Apidae;Bombus hortorum;28/05/1997;Caldones;Gijón;Asturias;España;;;;;P. A. Álvarez;;;;6;1;B;HYM-6.1.B.8;;;;;
BOS-HYM-N03826;Apidae;Bombus hortorum;24/04/1995;Oviedo;Oviedo;Asturias;España;;;;;Alberto Luengo;Alberto Luengo;;;6;1;B;HYM-6.1.B.8;;;;Bombus terrestris;
BOS-HYM-N03827;Apidae;Bombus hortorum;29/09/1994;El Orrín (Infiesto);Piloña;Asturias;España;;;;;A. Azcaitia;A. Azcaitia;;;6;1;B;HYM-6.1.B.8;;;;;
BOS-HYM-N03828;Apidae;Bombus terrestris;06/08/1998;La Foz;Morcín;Asturias;España;;;;;Nuria Glez Fdez;Nuria Glez Fdez;;;6;1;B;HYM-6.1.B.8;;;;Bombus lucorum;
BOS-HYM-N03829;Apidae;Psithyrus campestris;29/09/1989;Pruvia;Llanera;Asturias;España;;;;Hembra;Brezal L. Valle;;;;6;1;B;HYM-6.1.B.8;;;;Psithyrus;
BOS-HYM-N03830;Apidae;Bombus soroeensis;23/06/1995;Oviedo;Oviedo;Asturias;España;;;;;Jesús del Olmo;Begoña Sastre;;;6;1;B;HYM-6.1.B.8;;;;Bombus lucorum;
BOS-HYM-N03831;Apidae;Bombus terrestris/lucorum;01/11/1995;Luarca;Valdés;Asturias;España;;;;;Alejandro Varas;Alejandro Varas;;;6;1;B;HYM-6.1.B.8;;;;Bombus terrestris;
BOS-HYM-N03832;Apidae;Bombus terrestris/lucorum;16/04/1996;Oviedo;Oviedo;Asturias;España;;;;Hembra;Belén Sáinz S.;Belén Sáinz Suescon;;;6;1;B;HYM-6.1.B.8;;;;Bombus terrestris;
BOS-HYM-N03833;Apidae;Bombus terrestris/lucorum;02/11/1995;Luarca;Valdés;Asturias;España;;;;;B. Sáinz S.;Belén Sáinz Suescon;;;6;1;B;HYM-6.1.B.8;;;;Bombus terrestris;
BOS-HYM-N03834;Apidae;Bombus terrestris/lucorum;25/07/1995;Deva;Gijón;Asturias;España;;;;;C. Vázquez;C. Vázquez;;;6;1;B;HYM-6.1.B.8;;;;;
BOS-HYM-N03835;Apidae;Bombus terrestris/lucorum;19/03/1995;El Orrín (Infiesto);Piloña;Asturias;España;;;;;A. Azcaitia;A. Azcaitia;;;6;1;B;HYM-6.1.B.8;;;;Bombus terrestris;
BOS-HYM-N03836;Apidae;Bombus lucorum/soroeensis;26/04/1995;Luarca;Valdés;Asturias;España;;;;Hembra;Clara Glez Muñoz;Clara Glez Muñoz;;;6;1;B;HYM-6.1.B.8;;;;Bombus terrestris;
BOS-HYM-N03837;Apidae;Psithyrus sp.;21/04/1996;Vegarada;;León;España;;;;;Andrés Fdz;Andrés Fdz;;;6;1;B;HYM-6.1.B.8;;;;Bombus cognatus;
BOS-HYM-N03838;Apidae;Bombus sylvestris/Psithyrus campestris;31/05/1986;Fitoria;Oviedo;Asturias;España;;;;Macho;Buenaventura Fdez F.;;;;6;1;B;HYM-6.1.B.8;;;;;
BOS-HYM-N03839;Apidae;Bombus lucorum;18/10/1995;P. P. Tomás (Oviedo);Oviedo;Asturias;España;Prado;;;;L. Frechilla;L. Frechilla;;;6;1;B;HYM-6.1.B.8;;;;Bombus terrestris;
BOS-HYM-N03840;Apidae;Bombus lucorum;02/08/1995;La Felguera;Langreo;Asturias;España;Vivienda;;;;J. A. Vigil Lagranda;J. A. Vigil Lagranda;;;6;1;B;HYM-6.1.B.8;;;;;
BOS-HYM-N03841;Apidae;Bombus terrestris;04/10/1997;Rodiles;Villaviciosa;Asturias;España;;;;Hembra;Jose Antonio Antuña;J. Antuña;;;6;1;B;HYM-6.1.B.8;;;;Bombus lucorum;
BOS-HYM-N03842;Apidae;Bombus sp.;06/08/1994;Luanco;Gozón;Asturias;España;;;;;M. D. Artime G.;M. D. Artime G.;;;6;1;B;HYM-6.1.B.8;;;;;
BOS-HYM-N03843;Apidae;Bombus pascuorum;18/08/1994;Deva;Gijón;Asturias;España;;;;;Clara Glez Muñoz;Clara Glez Muñoz;;;6;1;B;HYM-6.1.B.8;;;;Bombus variabilis;
BOS-HYM-N03844;Apidae;Bombus pascuorum;26/10/1994;Ablanedo;;;España;;;;;Puri Pérez;Puri Pérez;;;6;1;B;HYM-6.1.B.8;;;;Bombus variabilis;
BOS-HYM-N03845;Apidae;Bombus pascuorum;03/09/1995;Deva;Gijón;Asturias;España;;;;;C. Vázquez;C. Vázquez;;;6;1;B;HYM-6.1.B.8;;;;Bombus variabilis;
BOS-HYM-N03846;Apidae;Bombus pascuorum;04/06/1996;Sardiu;Ribera de Arriba;Asturias;España;;;;Hembra;Tatiana Pérez;Tatiana Pérez;;;6;1;B;HYM-6.1.B.8;;;;Bombus cognatus;
BOS-HYM-N03847;Apidae;Bombus pascuorum;_/05/1996;Latores;Oviedo;Asturias;España;;;;;David Muñoz ;David Muñoz ;;;6;1;B;HYM-6.1.B.8;;;;Bombus cognatus;
BOS-HYM-N03848;Apidae;Bombus pascuorum/muscorum/humilis;01/11/1995;Luarca;Valdés;Asturias;España;;;;Hembra;Alejandro Varas;Alejandro Varas;;;6;1;B;HYM-6.1.B.8;;;;Bombus variabilis;
BOS-HYM-N03849;Apidae;Bombus pascuorum/muscorum/humilis;27/08/1995;Sietes;Villaviciosa;Asturias;España;;;;;Gonzalo Alonso;Gonzalo Alonso;;;6;1;B;HYM-6.1.B.8;;;;Bombus cognatus;
BOS-HYM-N03850;Apidae;Bombus pascuorum/muscorum/humilis;10/05/1994;Viesques;Gijón;Asturias;España;;;;;M. J. L. B.;M. J. L. B.;;;6;1;B;HYM-6.1.B.8;;;;Bombus sp.;
BOS-HYM-N03851;Apidae;Bombus pratorum;18/03/1995;El Orrín (Infiesto);Piloña;Asturias;España;;;;;A. Azcoitia;A. Azcoitia;;;6;1;B;HYM-6.1.B.8;;;;;
BOS-HYM-N03852;Apidae;Bombus pratorum;20/03/1994;Embalse de la Granda;Gozón;Asturias;España;Libando, Lamium maculatum;;;;A. Quirós;A. Quirós;;;6;1;B;HYM-6.1.B.8;;;;;
BOS-HYM-N03853;Apidae;Bombus sp.;20/08/1995;Viesques;Gijón;Asturias;España;;;;Hembra;C. Vázquez;C. Vázquez;;;6;1;B;HYM-6.1.B.8;;;;;
BOS-HYM-N03854;Apidae;Bombus sp.;18/10/1995;Soto de Llanera;Llanera;Asturias;España;;;;Hembra;Sergio Álvarez R.;Sergio Álvarez R.;;;6;1;B;HYM-6.1.B.8;;;;Bombus cognatus;
BOS-HYM-N03855;Apidae;Bombus pascuorum;21/10/1995;Serín;Gijón;Asturias;España;;;;;B. Sáinz S.;Belén Sáinz S.;;;6;1;B;HYM-6.1.B.8;;;;Bombus sylvarum;
BOS-HYM-N03856;Apidae;Bombus pascuorum;04/08/1994;Lago Ñora;Siero;Asturias;España;;;;;J. C. Fdez Rguez;J. C. Fdez Rguez;;;6;1;B;HYM-6.1.B.8;;;;Bombus cognatus;
BOS-HYM-N03857;Apidae;Bombus muscorum/humilis;09/09/1995;Naranco (Oviedo);Oviedo;Asturias;España;;;;;Seandino García;Lucía Gª Vallina;;;6;1;B;HYM-6.1.B.8;;;;Bombus cognatus;
BOS-HYM-N03858;Apidae;Bombus sylvarum;30/07/1998;La Foz;Morcín;Asturias;España;;;;;Nuria Glez Fdez;Nuria Glez Fdez;;;6;1;B;HYM-6.1.B.8;;;;Eucera sp.;
BOS-HYM 2229;Apidae;Xylocopa violacea;01/06/2008;Curueño;;León;España;Jardín;;;Macho;J. J. Cadenas;J. J. Cadenas;Marián Álvarez det. 2021;;6;1;B;HYM-6.1.B.9;;;;;
BOS-HYM 2230;Apidae;Xylocopa (X.) violacea;28/07/2009;Cerreda;N. de Ramuín;Orense;España;;;;Macho;Tamara;Tamara;Marián Álvarez det. 2021;;6;1;B;HYM-6.1.B.9;;;;Calliphora vomitoria;
BOS-HYM 2189;Apidae;Xylocopa violacea;22/05/2010;Oviedo;Oviedo;Asturias;España;;;;Hembra;Arcadio Martínez;Arcadio Martínez;A. Núñez;;6;1;B;HYM-6.1.B.9;;;;;
BOS-HYM 2191;Apidae;Xylocopa violacea;15/07/2009;Luintra;Nogueira de Ramuín;Orense;España;;;;Hembra;Tamara;A. Núñez;;;6;1;B;HYM-6.1.B.9;;;;;
BOS-HYM 2282;Apidae;Xylocopa violacea;22/04/2006;Burgos;Burgos;Burgos;España;;;;Hembra;Luz Mª Cano;Luz Mª Cano;A. Núñez 2021;;6;1;B;HYM-6.1.B.9;;;;;
BOS-HYM 2281;Apidae;Xylocopa violacea;26/08/2009;Benavente;Benavente;Zamora;España;;;;Hembra;B. Peralta;B. Peralta;A. Núñez 2021;;6;1;B;HYM-6.1.B.9;;;;;
BOS-HYM 2283;Apidae;Xylocopa valga;28/08/1982;Valladolid;Valladolid;Valladolid;España;Junto a canal;;;Hembra;H. Caballero;H. Caballero;Alejandro Núñez det. 2021;;6;1;B;HYM-6.1.B.9;;;Creo que tiene insectos plaga;Xylocopa violacea;
BOS-HYM 2190;Apidae;Xylocopa valga;10/06/2010;Sestiello;Grau;Asturias;España;Prado;;;Macho;Santiago García Glez;A. Núñez;;;6;1;B;HYM-6.1.B.9;;;;;
BOS-HYM 2192;Apidae;Xylocopa valga;25/05/2006;Felechosa;Aller;Asturias;España;;;;Macho;D. Corta Diego;D. Corta Diego;A. Núñez;;6;1;B;HYM-6.1.B.9;;;;Xylocopa violacea;
BOS-HYM 2280;Apidae;Xylocopa violacea;03/08/2009;Revenga;Revenga;Palencia;España;;;;Hembra;Joaquín Rodríguez;David Rodríguez;Alejandro Núñez det. 2021;;6;1;B;HYM-6.1.B.9;;;;Xilocopa virginica;
BOS-HYM-N03859;Apidae;Apis mellifera;31/10/1995;Villar (Luarca);Valdés;Asturias;España;;;;;Guiomar S. S.;;;;6;1;B;HYM-6.1.B.9;;;;;
BOS-HYM-N03860;Apidae;Apis mellifera;06/10/2006;Cenera;Mieres;Asturias;España;Prado;;;;Raúl Boto;Raúl Boto;;;6;1;B;HYM-6.1.B.9;;;;Tetralonia salicaria;
BOS-HYM-N03861;Apidae;Apis mellifera;;Cenera;Mieres;Asturias;España;Prado;;;;Ivan Alvz. Alvz.;Ivan Alvz. Alvz.;;;6;1;B;HYM-6.1.B.9;;;;Andrena cineraria;
BOS-HYM-N03862;Apidae;Apis mellifera;02/04/2006;Navelgas;Tineo;Asturias;España;;;;;J. Bueno Pardo;Lesly Arbesú;;;6;1;B;HYM-6.1.B.9;;;;;
BOS-HYM-N03863;Apidae;Apis mellifera;_/07/2008;Arriondas;Parres;Asturias;España;;;;;Belén Glez;Belén Glez;;;6;1;B;HYM-6.1.B.9;;;Abeja;Hymenoptera;
BOS-HYM-N03864;Apidae;Apis mellifera;16/10/2008;Pola de Siero;Siero;Asturias;España;Prado;;;;J. Mejuto;J. Mejuto;;;6;1;B;HYM-6.1.B.9;;;;Psilopa vitidula (Ephydridae);
BOS-HYM-N03865;Apidae;Apis mellifera;20/03/2009;Casa Cima;Mieres;Asturias;España;;;;;Iria Baragaño;Iria Baragaño;;;6;1;B;HYM-6.1.B.9;;;;;
BOS-HYM-N03866;Apidae;Apis mellifera;24/10/2003;Cenera;Mieres;Asturias;España;Prado;;;;J. Baró;Héctor Gorán;;;6;1;B;HYM-6.1.B.9;;;;Stelis punctulatissima;
BOS-HYM-N03867;Apidae;Apis mellifera;21/03/2009;San Francisco de Novillo;;Manabí;Ecuador;;;;;Laura Calle;;;;6;1;B;HYM-6.1.B.9;;;;;
BOS-HYM-N03868;Apidae;Bombus pascuorum;01/07/2009;Luintra;Nogueira de Ramuín;Orense;España;;;;Macho;Tamara;Tamara Miguel;;;6;1;B;HYM-6.1.B.9;;;;Vespula vulgaris;
BOS-HYM-N03869;Apidae;Bombus pascuorum;11/10/2008;Luintra;Nogueira de Ramuín;Orense;España;;;;;Tamara;Tania Gómez;;;6;1;B;HYM-6.1.B.9;;;;Vespula vulgaris;
BOS-HYM-N03870;Apidae;Bombus sp.;21/03/2009;Senda del Peñafrancia;Gijón;Asturias;España;;;;;Luis de Pedro;Luis de Pedro;;;6;1;B;HYM-6.1.B.9;;;;Bombus terrestris;
BOS-HYM-N03871;Apidae;Bombus sp.;26/05/2006;Turbera (La Espina);Salas;Asturias;España;;;;;A. Argüelles;A. Argüelles;;;6;1;B;HYM-6.1.B.9;;;;;
BOS-HYM-N03872;Apidae;Bombus pascuorum;15/07/2005;Les Pieces (Sama de Langreo);Langreo;Asturias;España;;;;;Alejandro Torre;A. Torre;;;6;1;B;HYM-6.1.B.9;;;;Apis mellifera;
BOS-HYM-N03873;Apidae;Bombus pascuorum;22/10/2009;Mieres;Mieres;Asturias;España;Prado;;;;Isaac Cámara;Isaac Cámara;;;1;3;;Caja moho 4;;;Tiene moho;Anthophoridae;
BOS-HYM-N03874;Apidae;Bombus terresttris/lucorum;03/07/2010;Pola de Siero;Siero;Asturias;España;Pastizal;;;;Sabino Ania;Sabino Ania;;;1;3;;Caja moho 4;;;Tiene moho;Hymenoptera;
BOS-HYM-N03875;Apidae;Apis mellifera;10/07/2007;S. Pedro (Zamora);;Zamora;España;;;;;A. Souto;A. Souto;;;6;1;B;HYM-6.1.B.9;;;;Andrena sp.;
BOS-HYM-N03876;Apidae;Bombus muscorum/humilis;10/10/2008;Cenera;Mieres;Asturias;España;;;;;Álvaro Pencios;Álvaro Pencios;;;6;1;B;HYM-6.1.B.9;;;;Bombus ;
BOS-HYM-N03877;Apidae;Psithyrus campestris;21/09/2009;Oviedo;Oviedo;Asturias;España;Pista finlandesa;;;Hembra;Raquel Pereda;F. Cuervo;;;6;1;B;HYM-6.1.B.9;;;;Apis mellifera;
BOS-HYM-N03878;Apidae;Bombus pascuorum;02/07/2010;Oviedo;Oviedo;Asturias;España;;;;;Tamara Fdez Vicente;Tamara Fdez Vicente;;;6;1;B;HYM-6.1.B.9;;;;Apis mellifera;
BOS-HYM-N03879;Apidae;Bombus pascuorum;09/10/2009;Cenera;Mieres;Asturias;España;Prado;;;;Eduardo Mocoroa;Eduardo Mocoroa;;;6;1;B;HYM-6.1.B.9;;;;Hymenoptera;
BOS-HYM-N03880;Apidae;Bombus pascuorum;25/11/2006;La Vega;Llanera;Asturias;España;;;;;Andrea Fernández;Andrea Fernández;;;6;1;B;HYM-6.1.B.9;;;;;
BOS-HYM-N03881;Apidae;Bombus terrestris/soroeensis;_/05/2007;Tol/El Vallín (Luarca);Castropol/Valdés;Asturias;España;;;;Hembra;Celia M./Lidia R.;;;;6;1;B;HYM-6.1.B.9;;;Hay dos etiquetas con distinta localidad y recolector;Bombus soroeensis;
BOS-HYM-N03882;Apidae;Bombus pascuorum;23/10/2998;Menorca;Menorca;Islas Baleares;España;;;;;David Rodríguez;David Rodríguez;;;6;1;B;HYM-6.1.B.9;;;;Apis melifera;
BOS-HYM-N03883;Apidae;Bombus sylvarum;14/08/2009;Agües;Sobrescobio;Asturias;España;Camino;;;;José M. Suárez;José M. Suárez;;;6;1;B;HYM-6.1.B.9;;;;Bombus terrestris;
BOS-HYM-N03884;Apidae;Bombus pratorum;22/10/2009;Mieres;Mieres;Asturias;España;Prado;;;;Isaac Cámara;Isaac Cámara;;;1;3;;Caja moho 4;;;Tiene moho;Bombaceae;
BOS-HYM-N03885;Apidae;Bombus pascuorum;_/07/2008;Arriondas;Parres;Asturias;España;;;;;Belén Glez;Belén Glez;;;6;1;B;HYM-6.1.B.9;;;Apidae;Himenoptera;
BOS-HYM-N03886;Apidae;Bombus pascuorum;03/10/2009;Degaña;Degaña;Asturias;España;Camino;;;;José Mª Chacón;José Mª Chacón;;;6;1;B;HYM-6.1.B.9;;;;Apis mellifera;
BOS-HYM-N03887;Apidae;Bombus pascuorum;02/11/2009;Rodiles;Villaviciosa;Asturias;España;Eucaliptal;;;;Malena Fdez Nora;Malena Fdez Nora;;;6;1;B;HYM-6.1.B.9;;;;Andrena fulva;
BOS-HYM-N03888;Apidae;Psithyrus campestris;02/10/2008;Colias;Pravia;Asturias;España;Campo;;;;Rosa Gallego;Irene Solís;;;6;1;B;HYM-6.1.B.9;;;;Bombus ;
BOS-HYM-N03889;Apidae;Bombus muscorum/humilis;09/05/2010;Oviedo;Oviedo;Asturias;España;Prado;;;Hembra;Sergio Álvarez;Sergio Álvarez;;;6;1;B;HYM-6.1.B.9;;;;Apidae;
BOS-HYM-N03890;Andrenidae;Andrena sp.;11/04/2010;Cangas del Narcea;Cangas del Narcea;Asturias;España;;;;Hembra;Marta Méndez;Marián Álvarez det. 2021;;;6;1;B;HYM-6.1.B.9;;;;Apis mellifera;
BOS-HYM-N03891;Apidae;Bombus sp.;04/09/2009;Agüera;;;España;;;;Hembra;Lucía A.;;;;6;1;B;HYM-6.1.B.9;;;;Vespula;
BOS-HYM-N03892;Chrysidae;;03/08/2009;Naranco (Oviedo);Oviedo;Asturias;España;Camino;;;;Gerardo Martín López;Gerardo M. L.;;;6;1;B;HYM-6.1.B.9;;;;;
BOS-HYM 2249;Apidae;Apis mellifera;10/10/2008;Llanes;Naves;Asturias;España;Romero;;;Hembra;A. Álvarez Junco;A. Álvarez Junco;Marián Álvarez det. 2021;;6;1;B;HYM-6.1.B.9;;;;Chelostoma campanularum;
BOS-HYM 2250;Apidae;Apis mellifera;23/05/2009;Veriña;Gijón;Asturias;España;;;;Hembra;A. Somoano;A. Somoano;Marián Álvarez det. 2021;;6;1;B;HYM-6.1.B.9;;;;;
BOS-HYM 2251;Apidae;Apis mellifera;10/10/2008;Cenera;Mieres;Asturias;España;;;;Hembra;J. C. Álvarez;J. C. Álvarez;Marián Álvarez det. 2021;;6;1;B;HYM-6.1.B.9;;;;Abeja;
BOS-HYM 2252;Apidae;Apis mellifera;03/07/2010;Pola de Siero;Siero;Asturias;España;;;;Hembra;Sabino Ania;Sabino Ania;Marián Álvarez det. 2021;;6;1;B;HYM-6.1.B.9;;;;Diptera;
BOS-HYM 2253;Apidae;Apis mellifera;18/06/2009;Langreo;Langreo;Asturias;España;;;;Hembra;Verónica Gómez;Susana Expósito;Marián Álvarez det. 2021;;6;1;B;HYM-6.1.B.9;;;;;
BOS-HYM 2254;Apidae;Apis mellifera;11/04/2009;Sto Emiliano;Mieres;Asturias;España;;;;Hembra;B. Arteaga;B. Arteaga;Marián Álvarez det. 2021;;6;1;B;HYM-6.1.B.9;;;;Apis dorsata;
BOS-HYM 2255;Apidae;Apis mellifera;25/04/2009;Sto Emiliano;Mieres;Asturias;España;;;;Hembra;B. Arteaga;B. Arteaga;Marián Álvarez det. 2021;;6;1;B;HYM-6.1.B.9;;;;;
BOS-HYM 2256;Apidae;Apis mellifera;05/07/2010;Gijón;Gijón;Asturias;España;Jardín casa;;;Hembra;L. Valledor Pereiras;L. Valledor Pereiras;Marián Álvarez det. 2021;;6;1;B;HYM-6.1.B.9;;;;;
BOS-HYM 2257;Apidae;Apis mellifera;14/11/2009;Mieres;Mieres;Asturias;España;;;;Hembra;Sandra Pérez Pérez;Sandra Pérez Pérez;Marián Álvarez det. 2021;;6;1;B;HYM-6.1.B.9;;;;;
BOS-HYM 2258;Apidae;Apis mellifera;09/10/2009;Cenera;Mieres;Asturias;España;Pradera;;;Hembra;Beatriz Román;Marián Álvarez det. 2021;;;6;1;B;HYM-6.1.B.9;;;;;
BOS-HYM 2259;Apidae;Apis mellifera;27/06/2010;Pajares;Lena;Asturias;España;;;;Hembra;Jonathan Arias;Marián Álvarez det. 2021;;;6;1;B;HYM-6.1.B.9;;;;;
BOS-HYM 2260;Apidae;Apis mellifera;07/06/2010;Bueño;Ribera de Arriba;Asturias;España;Prado;;;Hembra;Pablo Rguez Gómez;Pablo Rguez Gómez;Marián Álvarez det. 2021;;6;1;B;HYM-6.1.B.9;;;;Vespula vulgaris;
BOS-HYM 2261;Apidae;Apis mellifera;04/11/2007;Mieres;Mieres;Asturias;España;Flor (prado);;;Hembra;B. Viguera;B. Viguera;Marián Álvarez det. 2021;;6;1;B;HYM-6.1.B.9;;;;;
BOS-HYM 2262;Apidae;Apis mellifera;09/10/2009;Cenera;Mieres;Asturias;España;Prado;;;Hembra;Ignacio Ribacoba;Esther Ortiz;Marián Álvarez det. 2021;;6;1;B;HYM-6.1.B.9;;;;Eristalix tenax (Syrphidae);
BOS-HYM 2263;Apidae;Apis mellifera;31/10/2009;Marquinez;;Álava;España;Prado;;;Hembra;Vicente Egurcegui;Marián Álvarez det. 2021;;;6;1;B;HYM-6.1.B.9;;;;;
BOS-HYM 2264;Apidae;Apis mellifera;26/05/2010;Baiña;Mieres;Asturias;España;;;;Hembra;Rubén Quiroga;Marián Álvarez det. 2021;;;6;1;B;HYM-6.1.B.9;;;;;
BOS-HYM 2265;Apidae;Apis mellifera;24/03/2010;Mieres;Mieres;Asturias;España;Paseo;;;Hembra;Sonia Cedrún Fdez;Sonia Cedrún Fdez;Marián Álvarez det. 2021;;6;1;B;HYM-6.1.B.9;;;;Himenópteros;
BOS-HYM 2266;Apidae;Apis mellifera;06/10/2009;Argüero;Villaviciosa;Asturias;España;Pradera;;;Hembra;Iván fdez;Iván fdez;Marián Álvarez det. 2021;;6;1;B;HYM-6.1.B.9;;;;;
BOS-HYM 2267;Apidae;Apis mellifera;09/10/2009;Cenera;Mieres;Asturias;España;Prado;;;Hembra;Isaac Cámara;Isaac Cámara;Marián Álvarez det. 2021;;6;1;B;HYM-6.1.B.9;;;;;
BOS-HYM 2268;Apidae;Apis mellifera;11/04/2009;Sto Emiliano;Mieres;Asturias;España;;;;Hembra;B. Arteaga;B. Arteaga;Marián Álvarez det. 2021;;6;1;B;HYM-6.1.B.9;;;;Apis cerana;
BOS-HYM 2231;Apidae;Apis mellifera;02/06/2009;La Felguera;Langreo;Asturias;España;Mi casa;;;Hembra;N. Suárez Coya;N. Suárez Coya;Marián Álvarez det. 2021;;6;1;B;HYM-6.1.B.9;;;;;
BOS-HYM 2269;Apidae;Apis mellifera;23/06/2007;Proaza;Proaza;Asturias;España;;;;Macho;Zoilo González;Cristina F. Secades;Marián Álvarez det. 2021;;6;1;B;HYM-6.1.B.9;;;;;
BOS-HYM 2270;Apidae;Apis mellifera;09/10/2009;Cenera;Mieres;Asturias;España;Prado;;;Hembra;Eduardo Mocoroa;Eduardo Mocoroa;Marián Álvarez det. 2021;;6;1;B;HYM-6.1.B.9;;;;Hymenoptera;
BOS-HYM 2271;Apidae;Apis mellifera;11/07/2010;Cayés;Llanera;Asturias;España;;;;Hembra;Verónica Glez G.;Verónica Glez G.;Marián Álvarez det. 2021;;6;1;B;HYM-6.1.B.9;;;;Andrena pilipes;
BOS-HYM 2272;Apidae;Apis mellifera;27/08/2008;Ladera del monte Naranco (Oviedo);Oviedo;Asturias;España;;;;Hembra;Mª Margarita García;Marián Álvarez det. 2021;;;6;1;B;HYM-6.1.B.9;;;;;
BOS-HYM 2273;Apidae;Apis mellifera;10/10/2008;Cenera;Mieres;Asturias;España;Campo;;;Hembra;Irene Solís;Marián Álvarez det. 2021;;;6;1;B;HYM-6.1.B.9;;;;;
BOS-HYM 2274;Apidae;Apis mellifera;19/07/2006;Vega de Sariego;Sariego;Asturias;España;;;;Macho;Andrea Fernández;Andrea Fernández;;;6;1;B;HYM-6.1.B.9;;;;;
BOS-HYM 2275;Apidae;Apis mellifera;25/06/2008;Oviedo;Oviedo;Asturias;España;;;;Hembra;J. J. Cadenas;J. J. Cadenas;Marián Álvarez det. 2021;;6;1;B;HYM-6.1.B.9;;;;Megachile centuncularis;
BOS-HYM 2276;Apidae;Apis mellifera;_/05/2006;Meres;Siero;Asturias;España;;;;Hembra;Bea G. Sánchez;Bea G. Sánchez;Marián Álvarez det. 2021;;6;1;B;HYM-6.1.B.9;;;;;
BOS-HYM 2277;Apidae;Apis mellifera;27/06/2010;Oviedo;Oviedo;Asturias;España;Robledal;;;Hembra;Ana Glez de Sela;Ana Glez de Sela;Marián Álvarez det. 2021;;6;1;B;HYM-6.1.B.9;;;;Eristalix tenax;
BOS-HYM 2278;Apidae;Apis mellifera;11/11/2005;Cenera;Mieres;Asturias;España;Flores;;;Hembra;Hugo R. Gibello;Hugo R. Gibello;Marián Álvarez det. 2021;;6;1;B;HYM-6.1.B.9;;;;Hoplitis spinulosa;
BOS-HYM 2279;Apidae;Bombus (Throracobombud/ sylvarum);21/09/2009;Oviedo;Oviedo;Asturias;España;Pista finlandesa;;;Macho;Raquel Pereda;F. Cuervo;Marián Álvarez det. 2021;;6;1;B;HYM-6.1.B.9;;;;;
BOS-HYM-N03893;Apidae;Bombus lucorum;20/09/1997;Soto La Marina;Santa Cruz de Bezana;Cantabria;España;;;;;A. Sierra;A. Sierra;;;6;1;B;HYM-6.1.B.10;;;;Bombus terrestris;
BOS-HYM-N03894;Apidae;Bombus lucorum;22/10/1996;Luarca;Valdés;Asturias;España;;;;;M. Gutiérrez;M. Gutiérrez;;;6;1;B;HYM-6.1.B.10;;;;Bombus terrestris;
BOS-HYM-N03895;Apidae;Bombus terrestris;01/03/1998;Susacasa Nembro;Gozón;Asturias;España;;;;;Rocío Rosa García;Rocío Rosa García;;;6;1;B;HYM-6.1.B.10;;;;;
BOS-HYM-N03896;Apidae;Bombus terrestris/lucorum;26/10/1996;Luarca;Valdés;Asturias;España;;;;;Andrés Ordiz Fdez;Andrés Ordiz Fdez;;;6;1;B;HYM-6.1.B.10;;;;Bombus terrestris;
BOS-HYM-N03897;Apidae;Bombus sp.;12/07/1997;Campo Caso;Caso;Asturias;España;;;;;Consuelo Fdez;Consuelo Fdez;;;6;1;B;HYM-6.1.B.10;;;;Bombus terrestris;
BOS-HYM-N03898;Apidae;Bombus terrestris/lucorum;_/05/1996;Latores;Oviedo;Asturias;España;;;;Hembra;David Muñoz Martínez;David Muñoz;;;6;1;B;HYM-6.1.B.10;;;;Bombus terrestris;
BOS-HYM-N03899;Apidae;Bombus terrestris/lucorum;15/09/1997;Vallín;Castrillón;Asturias;España;;;;;Isabel García;Paula García;;;6;1;B;HYM-6.1.B.10;;;;Bombus terrestris;
BOS-HYM-N03900;Apidae;Bombus terrestris;10/05/1996;Pruvia;Llanera;Asturias;España;;;;Hembra;E. Hilla Merchán;E. Hilla Merchán;;;6;1;B;HYM-6.1.B.10;;;;;
BOS-HYM-N03901;Apidae;Bombus terrestris;15/08/1997;Los Maizales;Gijón;Asturias;España;;;;Hembra;Mª José Sierra;;;;6;1;B;HYM-6.1.B.10;;;;;
BOS-HYM-N03902;Apidae;Bombus terrestris/lucorum;27/12/1995;Santander;Santander;Cantabria;España;;;;;Pilar García;M. Magdalena;;;6;1;B;HYM-6.1.B.10;;;;Bombus terrestris;
BOS-HYM-N03903;Apidae;Bombus lucorum;07/07/1996;Lubián;Lubián;Zamora;España;;;;;Luis Arronte;J C. Arronte;;;6;1;B;HYM-6.1.B.10;;;;Bombus terrestris;
BOS-HYM-N03904;Apidae;Bombus terrestris/lucorum;22/10/1996;Luarca;Valdés;Asturias;España;;;;Hembra;Ana E. Rguez Gtrez;Ana E. Rguez Gtrez;;;6;1;B;HYM-6.1.B.10;;;;Bombus terrestris;
BOS-HYM-N03905;Apidae;Bombus terrestris/lucorum;20/08/1996;San Juan de la Arena;Soto del Barco;Asturias;España;;;;;S. Álvarez Estrada;S. Álvarez Estrada;;;6;1;B;HYM-6.1.B.10;;;;Bombus terrestris;
BOS-HYM-N03906;Apidae;Bombus hortorum;25/04/1999;Deva;Gijón;Asturias;España;;;;;Jaime Mier;Jaime Mier;;;6;1;B;HYM-6.1.B.10;;;;Bombus terrestris;
BOS-HYM-N03907;Apidae;Bombus terrestris;22/10/1996;Villar (Luarca);Valdés;Asturias;España;;;;;C. Arduengo;C. Arduengo;;;6;1;B;HYM-6.1.B.10;;;;;
BOS-HYM-N03908;Apidae;Bombus terrestris/lucorum;28/04/1998;La Providencia;Gijón;Asturias;España;;;;Hembra;Paula Blanco;Marta Pascual;;;6;1;B;HYM-6.1.B.10;;;;Bombus terrestris;
BOS-HYM-N03909;Apidae;Bombus lucorum;28/02/1998;Somió;Gijón;Asturias;España;;;;;Vanesa A. Faes;Vanesa A. Faes;;;6;1;B;HYM-6.1.B.10;;;;Bombus terrestris;
BOS-HYM-N03910;Apidae;Bombus terrestris/lucorum;08/07/1995;Porceyo;Gijón;Asturias;España;;;;;Fernando Fdz. Alv.;Fernando Fdz. Alv.;;;6;1;B;HYM-6.1.B.10;;;;Bombus terrestris;
BOS-HYM-N03911;Apidae;Bombus lucorum;10/10/1997;Recta de Peñaflor;Grado;Asturias;España;;;;Hembra;Miguel López;Miguel López;;;6;1;B;HYM-6.1.B.10;;;;Bombus terrestris;
BOS-HYM-N03912;Apidae;Bombus terrestris/lucorum;17/11/1995;Posada de Llanera;Llanera;Asturias;España;;;;;Juan M. Mateos;Juan M. Mateos;;;1;3;;Caja moho 5;;;Tiene moho;Bombus terrestris;
BOS-HYM-N03913;Apidae;Bombus terrestris;07/03/1998;Naranco (Oviedo);Oviedo;Asturias;España;;;;;Mª José Llera;Mª José Llera;;;1;3;;Caja moho 5;;;Tiene moho;;
BOS-HYM-N03914;Apidae;Bombus terrestris/lucorum;20/07/1996;Liencres;Piélagos;Cantabria;España;;;;Hembra;Carlos Revilla;Carlos Revilla;;;6;1;B;HYM-6.1.B.10;;;;Bombus terrestris;
BOS-HYM-N03915;Apidae;Bombus terrestris/lucorum;16/05/1998;Picu Villa;Langreo;Asturias;España;;;;;Susana Prieto;Susana Prieto;;;6;1;B;HYM-6.1.B.10;;;;Bombus terrestris;
BOS-HYM-N03916;Apidae;Bombus terrestris/lucorum;26/10/1997;Peón;Villaviciosa;Asturias;España;;;;;Ovidio Rguez;Nieves Rdgz García;;;6;1;B;HYM-6.1.B.10;;;;Bombus terrestris;
BOS-HYM-N03917;Apidae;Bombus terrestris/lucorum;23/10/1996;Luarca;Valdés;Asturias;España;;;;;Mercha Barona;M. Barona;;;6;1;B;HYM-6.1.B.10;;;;Bombus terrestris;
BOS-HYM-N03918;Apidae;Bombus lucorum;25/05/1996;El Carbayo (Ciaño);Langreo;Asturias;España;;;;;M. T. Vázquez;M. T. Vázquez;;;6;1;B;HYM-6.1.B.10;;;;Bombus terrestris;
BOS-HYM-N03919;Apidae;Bombus lucorum;26/04/1998;Santullano;Tineo;Asturias;España;;;;;Idurre Larrarabal;Idurre Larrarabal;;;6;1;B;HYM-6.1.B.10;;;;Bombus terrestris;
BOS-HYM-N03920;Apidae;Bombus terrestris/lucorum;_/08/1997;Barrio de la Puente;Murias de Paredes;León;España;;;;;B. Gómez Malgor;B. Gómez Malgor;;;6;1;B;HYM-6.1.B.10;;;;Bombus terrestris;
BOS-HYM-N03921;Apidae;Bombus terrestris;19/10/1996;Oviedo;Oviedo;Asturias;España;;;;;Presen Ordiérez;Silvia Vegao;;;1;3;;Caja moho 5;;;Tiene moho;;
BOS-HYM-N03922;Apidae;Bombus lucorum;08/02/1998;Tamón;Carreño;Asturias;España;;;;;C. Prendes;Mario Busto;;;6;1;B;HYM-6.1.B.10;;;;Bombus terrestris;
BOS-HYM-N03923;Apidae;Bombus terrestris;09/05/1998;Mercasturias;Llanera;Asturias;España;;;;Hembra;Laura R. G.;Laura R. G.;;;6;1;B;HYM-6.1.B.10;;;;;
BOS-HYM-N03924;Apidae;Bombus terrestris/lucorum;03/05/1997;Vargas;Puente Viesgo;Cantabria;España;;;;;Chona C.;Sara C. V.;;;6;1;B;HYM-6.1.B.10;;;;Bombus terrestris;
BOS-HYM-N03925;Apidae;Bombus lucorum;22/10/1996;Luarca;Valdés;Asturias;España;;;;;Felipe Glez;Felipe Glez;;;6;1;B;HYM-6.1.B.10;;;;Bombus terrestris;
BOS-HYM-N03926;Apidae;Bombus lucorum;15/03/1998;Cangas de Onís;Cangas de Onís;Asturias;España;;;;;B. V. Sobrecueva;;;;6;1;B;HYM-6.1.B.10;;;;;
BOS-HYM-N03927;Apidae;Bombus terrestris/lucorum;06/05/1998;El Cristo (Oviedo);Oviedo;Asturias;España;;;;;Vitor X. Melero;Vitor X. Melero;;;6;1;B;HYM-6.1.B.10;;;;Bombus terrestris;
BOS-HYM-N03928;Apidae;Bombus terrestris/lucorum;27/11/1996;Oviedo;Oviedo;Asturias;España;;;;;J. Julio Vicente;Andrés Pérez;;;6;1;B;HYM-6.1.B.10;;;;Bombus terrestris;
BOS-HYM-N03929;Apidae;Bombus terrestris/lucorum;17/08/1997;Los Arrudos;Caradocaso;Asturias;España;;;;;Sandra Martínez;Sandra Martínez;;;6;1;B;HYM-6.1.B.10;;;;Bombus terrestris;
BOS-HYM-N03930;Apidae;Bombus terrestris;08/08/1997;La Raíz;Mieres;Asturias;España;;;;;Lara Seoane;Lara Seoane;;;6;1;B;HYM-6.1.B.10;;;;;
BOS-HYM-N03931;Apidae;Bombus terrestris/lucorum;_/09/1997;La Manjoya;Oviedo;Asturias;España;;;;;Noe Álvarez;Noe Álvarez;;;6;1;B;HYM-6.1.B.10;;;;Bombus terrestris;
BOS-HYM-N03932;Apidae;Bombus terrestris/lucorum;;C/ Magnus Blickstad nº 54 12-B;Gijón;Asturias;España;;;;Hembra;R. B. Alba;R. Olalla;;;6;1;B;HYM-6.1.B.10;;;;Bombus terrestris;
BOS-HYM-N03933;Apidae;Bombus terrestris/lucorum;22/10/1996;Luarca;Valdés;Asturias;España;;;;;Carmen Gutiérrez;Carmen Gutiérrez;;;6;1;B;HYM-6.1.B.10;;;;Bombus terrestris;
BOS-HYM-N03934;Apidae;Bombus terrestris;18/12/1996;Porceyo;Gijón;Asturias;España;;;;;Ana Conú Vallas;Ana C. V.;;;6;1;B;HYM-6.1.B.10;;;;;
BOS-HYM-N03935;Apidae;Bombus hortorum;17/04/1997;Oviedo;Oviedo;Asturias;España;;;;;Fernando Ayon;Andrés Pérez;;;6;1;B;HYM-6.1.B.10;;;;Bombus cognatus;
BOS-HYM-N03936;Apidae;Bombus terrestris/lucorum;_/04/1996;Campomanes;;Asturias;España;;;;;Joaquín Izquierdo;Arturo Madera;;;6;1;B;HYM-6.1.B.10;;;;Bombus terrestris;
BOS-HYM-N03937;Apidae;Bombus terrestris;14/08/1996;Otañes;Castro Urdiales;Cantabria;España;;;;;Germán Orizaola;Germán Orizaola;;;6;1;B;HYM-6.1.B.10;;;;;
BOS-HYM-N03938;Apidae;Bombus hortorum;11/05/1980;Sierra del Sueve;;Asturias;España;;;;;E. Ferreras;;;;1;3;;Caja moho 5;;;Tiene moho;;
BOS-HYM-N03939;Apidae;Bombus terrestris/lucorum;28/09/1996;Parque Natural de las Tuerces;Aguilar de Campoo;Palencia;España;;;;;Manuel A. Alcántara;Manuel A. Alcántara;;;6;1;B;HYM-6.1.B.10;;;;Bombus terrestris;
BOS-HYM-N03940;Apidae;Bombus terrestris;29/08/1998;Teverga;Teverga;Asturias;España;;;;Hembra;Rebeca Coca;Verónica González Baquero;;;6;1;B;HYM-6.1.B.10;;;;;
BOS-HYM-N03941;Apidae;Bombus terrestris;09/07/1997;El Bibio;Gijón;Asturias;España;;;;Hembra;Mª José Sierra;Mª José Sierra;;;6;1;B;HYM-6.1.B.10;;;;;
BOS-HYM-N03942;Apidae;Bombus hortorum;13/03/1997;Oviedo;Oviedo;Asturias;España;;;;Hembra;J. M. M. Gil;J. M. M. Gil;;;6;1;B;HYM-6.1.B.10;;;;Bombus terrestris;
BOS-HYM-N03943;Apidae;Bombus terrestris/lucorum;15/08/1996;Pancar;Llanes;Asturias;España;;;;;J. A. García Fuertes;J. A. García Fuertes;;;6;1;B;HYM-6.1.B.10;;;;Bombus terrestris;
BOS-HYM-N03944;Apidae;Bombus terrestris/soroeensis;_/05/1998;Cabueñes ;Gijón;Asturias;España;;;;;J. L. L. Castaño;J. L. L. Castaño;;;6;1;B;HYM-6.1.B.10;;;;Bombus terrestris;
BOS-HYM-N03945;Apidae;Bombus terrestris;29/09/1997;Riclones;Rionansa;Cantabria;España;;;;Hembra;David del Corral;David del Corral;;;6;1;B;HYM-6.1.B.10;;;;;
BOS-HYM-N03946;Apidae;Bombus lucorum;05/08/1997;Luanco;Gozón;Asturias;España;;;;;R. Rosa Gª;L. Veiga Díaz;;;6;1;B;HYM-6.1.B.10;;;;Bombus terrestris;
BOS-HYM-N03947;Apidae;Bombus lucorum;30/08/1997;Santander;Santander;Cantabria;España;;;;Hembra;Marta P.;C. Lozano;;;6;1;B;HYM-6.1.B.10;;;;Bombus terrestris;
BOS-HYM-N03948;Apidae;Bombus terrestris;18/04/1998;Pruvia de Arriba;Llanera;Asturias;España;;;;;Marco A. Varela;Marco A. Varela;;;6;1;B;HYM-6.1.B.10;;;;;
BOS-HYM-N03949;Apidae;Bombus terrestris/lucorum;_/07/1997;Granda;Siero;Asturias;España;;;;;Juan Gómez;J. Gómez Navedo;;;6;1;B;HYM-6.1.B.10;;;;Bombus lucorum;
BOS-HYM-N03950;Apidae;Bombus lucorum/soroeensis;01/09/1998;Valle de Arán;;Lérida;España;;;;;Jose E. Cespedes;Jose E. Cespedes;;;6;1;B;HYM-6.1.B.10;;;;Bombus lucorum;
BOS-HYM-N03951;Apidae;Bombus lucorum;25/07/1995;Vega'l Rei;Llena;Asturias;España;;;;;R. Ordiales;R. Ordiales;;;6;1;B;HYM-6.1.B.10;;;;;
BOS-HYM-N03952;Apidae;Bombus lucorum;03/12/1997;Pola de Lena;Lena;Asturias;España;;;;;C. Fdez Martín;C. Fdez Martín;;;6;1;B;HYM-6.1.B.10;;;;;
BOS-HYM-N03953;Apidae;Bombus hortorum;24/10/1996;Villar (Luarca);Valdés;Asturias;España;;;;;C. A. Pola;C. A. Pola;;;6;1;B;HYM-6.1.B.10;;;;Bombus terrestris;
BOS-HYM-N03954;Apidae;Bombus terrestris;_/02/1996;La Isla;;;España;;;;Hembra;José A. Isla;José A. Isla;;;6;1;B;HYM-6.1.B.10;;;;;
BOS-HYM-N03955;Apidae;Bombus lucorum/soroeensis;20/07/1996;Monasterio de Hermo;Cangas del Narcea;Asturias;España;;;;;J. M. Cano Arias;J. M. Cano Arias;;;6;1;B;HYM-6.1.B.10;;;;Bombus lucorum;
BOS-HYM-N03956;Apidae;Bombus hortorum;02/05/1997;Solomir;Cudillero;Asturias;España;;;;;I. Gutiérrez Martínez;I. Gutiérrez Martínez;;;6;1;B;HYM-6.1.B.10;;;;;
BOS-HYM-N03957;Apidae;Bombus hortorum;23/02/1997;Grado;Grado;Asturias;España;;;;;Juan Luengo;Juan Luengo;;;6;1;B;HYM-6.1.B.10;;;;;
BOS-HYM-N03958;Apidae;Bombus terrestris/lucorum;_/10/1996;Luarca;Valdés;Asturias;España;;;;;Yvonne Valles;Yvonne Valles;;;6;1;B;HYM-6.1.B.10;;;;Bombus hortorum;
BOS-HYM-N03959;Apidae;Bombus lucorum;14/04/1997;Latores;Oviedo;Asturias;España;;;;Hembra;Manuel A. Alcántara;Manuel A. Alcántara;;;6;1;B;HYM-6.1.B.10;;;;Bombus hortorum;
BOS-HYM-N03960;Apidae;Bombus hortorum;06/05/1997;Mieres;Mieres;Asturias;España;;;;;M. Lamelas;M. Lamelas;;;6;1;B;HYM-6.1.B.10;;;;;
BOS-HYM-N03961;Apidae;Bombus hortorum;_/07/1996;Vargas;Puente Viesgo;Cantabria;España;;;;;Sara Ceballos;María P. Mora;;;6;1;B;HYM-6.1.B.10;;;;;
BOS-HYM-N03962;Apidae;Bombus terrestris;24/07/2008;Rodiezmo;;León;España;Flores;;;;A. Huelga;A. Huelga;;;6;1;B;HYM-6.1.B.10;;;;Bombus hortorum;
BOS-HYM-N03963;Apidae;Bombus hortorum;02/05/2008;Bustantigo;Ayande;Asturias;España;Huerta;;;;J. L. Méndez Blanco;J. L. Méndez Blanco;;;6;1;B;HYM-6.1.B.10;;;;Bombus soroeensis;
BOS-HYM-N03964;Apidae;Bombus terrestris;_/10/2007;Oviedo;Oviedo;Asturias;España;Sobre cortina;;;;A. Zapico;A. Zapico;;;1;3;;Caja moho 5;;;Tiene moho;;
BOS-HYM-N03965;Apidae;Bombus lucorum;26/04/2006;Naranco (Oviedo);Oviedo;Asturias;España;;;;Hembra;D. Carta Diego;D. Carta Diego;;;6;1;B;HYM-6.1.B.10;;;;;
BOS-HYM-N03966;Apidae;Bombus terrestris/lucorum;04/11/2006;Sta. Marina;Cudillero;Asturias;España;;;;;Sonia Fernández Glez;;;;6;1;B;HYM-6.1.B.10;;;;Bombus sp.;
BOS-HYM-N03967;Apidae;Bombus hortorum;11/07/2006;Rasón (Moreda);Aller;Asturias;España;;;;;Lorena Espina;Lorena Espina;;;6;1;B;HYM-6.1.B.10;;;;Bombus ;
BOS-HYM-N03968;Apidae;Bombus hortorum;27/03/2005;La Peña;San Martín del Rey Aurelio;Asturias;España;;;;;Judith Vidal Fdez;Judith Vidal Fdez;;;6;1;B;HYM-6.1.B.10;;;;;
BOS-HYM-N03969;Apidae;Bombus terrestris/lucorum;15/02/2006;Gijón;Gijón;Asturias;España;;;;Hembra;Guzmán García;Laura García;;;6;1;B;HYM-6.1.B.10;;;;Bombus terrestris;
BOS-HYM-N03970;Apidae;Bombus hortorum;24/03/2005;Villele;San Martín del Rey Aurelio;Asturias;España;;;;;Judith Vidal Fdez;Judith Vidal Fdez;;;6;1;B;HYM-6.1.B.10;;;;;
BOS-HYM-N03971;Apidae;Bombus terrestris/lucorum;05/05/2006;Avilés;Avilés;Asturias;España;;;;;Alejandro Vivas;Alejandro Vivas;;;6;1;B;HYM-6.1.B.10;;;;Bombus sp.;
BOS-HYM-N03972;Apidae;Bombus lucorum;_/08/2006;Robledo de Caldas;Sena de Luna;León;España;;;;;Graciela Calzón;Graciela Calzón;;;6;1;B;HYM-6.1.B.10;;;;;
BOS-HYM-N03973;Apidae;Bombus terrestris;14/08/2006;Muñás;Valdés;Asturias;España;Campo;;;;Yoana Castro;Yoana Castro;;;6;1;B;HYM-6.1.B.10;;;;;
BOS-HYM-N03974;Apidae;Bombus terrestris;06/10/2005;Pañeda Nueva;Siero;Asturias;España;Pradera;;;;Héctor Cabezas;Héctor Cabezas;;;6;1;B;HYM-6.1.B.10;;;;;
BOS-HYM-N03975;Apidae;Bombus terrestris/lucorum;17/10/2003;Tineo;Tineo;Asturias;España;Pinar;;;;Begoña Alv.;Begoña Alv.;;;1;3;;Caja moho 5;;;Tiene moho;Bombus sorocensis sorocensis;
BOS-HYM-N03976;Apidae;Bombus hortorum;_/05/2006;Oviedo;Oviedo;Asturias;España;;;;;Eli Monteagudo;Marta Prada;;;6;1;B;HYM-6.1.B.10;;;;Bombus ruderatus;
BOS-HYM-N03977;Apidae;Bombus terrestris;06/06/2006;Sariego;Sariego;Asturias;España;Huerta;;;;Sergio Carpio;Sergio Carpio;;;6;1;B;HYM-6.1.B.10;;;;;
BOS-HYM-N03978;Apidae;Bombus wurfleini pyrenaicus;03/08/1997;Bandujo;Proaza;Asturias;España;;;;;Rocío Rosa García;Rocío Rosa García;;;6;1;B;HYM-6.1.B.10;;;;Bombus pratorum;
BOS-HYM-N03979;Apidae;Bombus soroeensis;12/08/2006;Pola de Somiedo;Somiedo;Asturias;España;Flor;;;;Isaac Álvarez;Isaac Álvarez;;;6;1;B;HYM-6.1.B.10;;;;Bombus sp.;
BOS-HYM-N03980;Apidae;Bombus sp.;12/06/2006;San Juan de la Arena;Soto del Barco;Asturias;España;;;;;Sofía López;Sofía López;;;6;1;B;HYM-6.1.B.10;;;;Bombus terrestris;
BOS-HYM-N03981;Apidae;Bombus lucorum;05/04/2006;Mieres;Mieres;Asturias;España;;;;;Jesús Pallo;Iñaki Pallo;;;6;1;B;HYM-6.1.B.10;;;;;
BOS-HYM-N03982;Apidae;Bombus lucorum;05/09/2003;Escobedo;;Cantabria;España;Jardín;;;;S. Álvarez;S. Álvarez;;;6;1;B;HYM-6.1.B.10;;;;;
BOS-HYM-N03983;Apidae;Bombus terrestris;26/10/2007;Cenera;Mieres;Asturias;España;;;;;I. Martínez;;;;1;3;;Caja moho 5;;;Tiene moho;Bombus sp.;
BOS-HYM-N03984;Apidae;Bombus terrestris/lucorum;15/05/2009;Paseo Parque de Invierno (Oviedo);Oviedo;Asturias;España;;;;;Clara Isabel;J. Dugnol;;;6;1;B;HYM-6.1.B.10;;;;Bombus terrestris;
BOS-HYM-N03985;Apidae;Bombus lucorum;03/09/2008;Campo de Caso;;Asturias;España;Planta;;;;Lidia Aladro Calvo;Lidia Aladro Calvo;;;6;1;B;HYM-6.1.B.10;;;;;
BOS-HYM-N03986;Apidae;Bombus sp.;16/08/1997;Liencres;Piélagos;Cantabria;España;;;;Hembra;A. Sierra;A. Sierra;;;6;1;B;HYM-6.1.B.10;;;;;
BOS-HYM-N03987;Apidae;Bombus sp.;25/07/1996;Llano;Rozas de Valdearroyo;Cantabria;España;;;;;Sara C.;Sara C.;;;6;1;B;HYM-6.1.B.10;;;;Bombus variabilis;
BOS-HYM-N03988;Apidae;Bombus lucorum;17/08/2007;Sestelo;;Lugo;España;;;;;M. Gavieiro;M. Gavieiro;;;6;1;B;HYM-6.1.B.10;;;;;
BOS-HYM-N03989;Apidae;Bombus terrestris/lucorum;20/08/2006;Cármenes;Cármenes;León;España;Prado;;;;Víctor Collar;Víctor Collar;;;6;1;B;HYM-6.1.B.10;;;;Bombus sp.;
BOS-HYM-N03990;Apidae;Bombus terrestris/lucorum;18/06/2006;La Pedrera (Mareo);Gijón;Asturias;España;;;;Hembra;Liberto Suárez;Gisela;;;6;1;B;HYM-6.1.B.10;;;;Bombus terrestris;
BOS-HYM-N03991;Apidae;Bombus terrestris/lucorum;10/11/2002;Limés;Cangas del Narcea;Asturias;España;Prado;;;;Víctor M. Martínez;Víctor M. Martínez;;;6;1;B;HYM-6.1.B.10;;;;Bombus lucorum;
BOS-HYM-N03992;Apidae;Bombus terrestris;30/10/2007;El Rodaco;Grado;Asturias;España;Sobre madroño;;;;A. de Quevedo R.;I. Rey Prieto;;;6;1;B;HYM-6.1.B.10;;;;Apidae;
BOS-HYM-N03993;Apidae;Bombus lucorum;19/01/2008;Salamir;Cudillero;Asturias;España;;;;Hembra;Andrea Arango;Andrea Arango;;;6;1;B;HYM-6.1.B.10;;;;;
BOS-HYM-N03994;Apidae;Bombus terrestris/lucorum;28/10/2007;El Rodaco;Grado;Asturias;España;Sobre madroño;;;;A. Quevedo Rojo;A. Quevedo Rojo;;;6;1;B;HYM-6.1.B.11;;;;Bombus sp.;
BOS-HYM-N03995;Apidae;Bombus terrestris/lucorum;23/10/2009;Orviz;Siero;Asturias;España;Prado;;;;J. Fdez Alv.;J. Fdez Alv.;;;6;1;B;HYM-6.1.B.11;;;;Bombus sp.;
BOS-HYM-N03996;Apidae;Bombus terrestris/lucorum;16/10/2008;Grado;Grado;Asturias;España;Jardín;;;Hembra;Alba de Quevedo R.;Cristina G. F. M.;;;6;1;B;HYM-6.1.B.11;;;;Bombus sp.;
BOS-HYM-N03997;Apidae;Bombus terrestris;12/12/2009;Paseo río Candas (Ablaña);Mieres;Asturias;España;Paseo río Candas;;;;Malena Fdez Nora;Malena Fernández;;;1;3;;Caja moho 5;;;Tiene moho;Bombus soroeensis;
BOS-HYM-N03998;Apidae;Bombus terrestris/lucorum;06/01/2010;Viella;Siero;Asturias;España;Prado;;;Hembra;Carmen Cima;Carmen Cima;;;6;1;B;HYM-6.1.B.11;;;;Bombus sp.;
BOS-HYM-N03999;Apidae;Bombus terrestris;10/12/2004;La Fresneda;Siero;Asturias;España;;;;Hembra;Íñigo Hidalgo;Íñigo Hidalgo;;;6;1;B;HYM-6.1.B.11;;;;Bombus sp.;
BOS-HYM-N04000;Apidae;Bombus terrestris/lucorum;05/11/2009;Degaña;Degaña;Asturias;España;Camino;;;;José Mª Chacón;José Mª Chacón;;;6;1;B;HYM-6.1.B.11;;;;Bombus lucorum;
BOS-HYM-N04001;Apidae;Bombus terrestris/lucorum;30/11/2009;Gijón;Gijón;Asturias;España;;;;;J. M. Chacón;J. M. Pardo;;;6;1;B;HYM-6.1.B.11;;;;Bombus terrestris;
BOS-HYM-N04002;Apidae;Bombus terrestris;28/11/2009;Salinas;Castrillón;Asturias;España;Pinar;;;;Diego Fdez;D. Fernández;;;6;1;B;HYM-6.1.B.11;;;;;
BOS-HYM-N04003;Apidae;Bombus terrestris/lucorum;09/12/2009;Parades;;Asturias;España;Prado;;;;Celia López;Celia López;;;6;1;B;HYM-6.1.B.11;;;;Bombus sp.;
BOS-HYM-N04004;Apidae;Bombus terrestris/lucorum;23/10/2009;Orviz;Siero;Asturias;España;Prado;;;;J. Fdez Alv.;Aitor Rodríguez;;;6;1;B;HYM-6.1.B.11;;;;Bombus sp.;
BOS-HYM-N04005;Apidae;Bombus terrestris/lucorum;11/04/2009;Sto. Emiliano;Mieres;Asturias;España;;;;;B. Arteaga Cab.;B. Arteaga;;;6;1;B;HYM-6.1.B.11;;;;Bombus hortorum;
BOS-HYM-N04006;Apidae;Bombus hortorum;09/10/2009;Cenera;Mieres;Asturias;España;;;;;Paula Moreno Díaz;Paula Moreno Díaz;;;6;1;B;HYM-6.1.B.11;;;;Hymenoptera;
BOS-HYM-N04007;Apidae;Bombus terrestris/lucorum;24/10/2009;Brañes;Oviedo;Asturias;España;;;;Hembra;Paula Moreno Díaz;Paula Moreno Díaz;;;6;1;B;HYM-6.1.B.11;;;;Bombus sp.;
BOS-HYM-N04008;Apidae;Bombus hortorum;12/10/2009;Castañedo;Valdés;Asturias;España;Prado;;;;Juan José Garaot;Juan José Garaot;;;1;3;;Caja moho 5;;;Tiene moho;Bombus lucorum;
BOS-HYM-N04009;Apidae;Bombus terrestris;10/07/2009;Oles;Villaviciosa;Asturias;España;Matorral;;;;Alejandro Lomba;Alejandro Lomba;;;6;1;B;HYM-6.1.B.11;;;;;
BOS-HYM-N04010;Apidae;Bombus terrestris;_/08/2009;Aboño;;Asturias;España;;;;;V. Rojas;V. Rojas;;;6;1;B;HYM-6.1.B.11;;;;Dípteros, Bombyliidae;
BOS-HYM-N04011;Apidae;Bombus hortorum;18/04/2009;Llendecastiello;Valdés;Asturias;España;;;;;B. Peralta;B. Peralta;;;6;1;B;HYM-6.1.B.11;;;;Bombus sp.;
BOS-HYM-N04012;Apidae;Bombus terrestris;06/09/2009;Purificación Tomás (Oviedo);Oviedo;Asturias;España;;;;;Alberto Villanueva;Alberto Villanueva;;;6;1;B;HYM-6.1.B.11;;;;Bombus;
BOS-HYM-N04013;Apidae;Bombus hortorum;_/10/2008;Granda;Siero;Asturias;España;;;;;Andrés González;Iria Baragaño;;;6;1;B;HYM-6.1.B.11;;;;Bombus terrestris;
BOS-HYM-N04014;Apidae;Bombus terrestris;06/11/2009;Mieres;Mieres;Asturias;España;;;;;Sandra Pérez Pérez;Sandra Pérez Pérez;;;6;1;B;HYM-6.1.B.11;;;;Bombus sp.;
BOS-HYM-N04015;Apidae;Bombus terrestris/lucorum;09/04/2009;Foz;Foz;Lugo;España;;;;;Iria Baragaño;S. San Martín;;;6;1;B;HYM-6.1.B.11;;;;Tabanus bovinus (Tabanidae);
BOS-HYM-N04016;Apidae;Bombus lucorum;06/07/2010;Lugones;Siero;Asturias;España;;;;;Pablo Fernánd.;;;;6;1;B;HYM-6.1.B.11;;;;;
BOS-HYM-N04017;Apidae;Bombus lucorum;18/11/2007;Cudeña;Infiesto;Asturias;España;Prado;;;Hembra;P. Fernández Riesgo;P. Fdez Riesgo;;;6;1;B;HYM-6.1.B.11;;;;;
BOS-HYM-N04018;Apidae;Bombus hortorum;20/07/2009;Oles;Villaviciosa;Asturias;España;Prado;;;;Alejandro Lomba;Alejandro Lomba;;;1;3;;Caja moho 5;;;Tiene moho;Bombus lucorum;
BOS-HYM-N04019;Apidae;Bombus terrestris;23/10/2008;Menorca;Menorca;Islas Baleares;España;;;;;David Rodríguez;David Rodríguez;;;6;1;B;HYM-6.1.B.11;;;;Bombus sp.;
BOS-HYM-N04020;Apidae;Bombus terrestris;30/07/2009;Taja;Teverga;Asturias;España;;;;;Nuria Álvarez Suárez;Nuria Álvarez Suárez;;;6;1;B;HYM-6.1.B.11;;;;Bombus soroeensis;
BOS-HYM-N04021;Apidae;Bombus pascuorum;22/11/2009;La Moratina;Grado;Asturias;España;;;;;Isabel Sánchez Flór;Isabel Sánchez Flórez;;;6;1;B;HYM-6.1.B.11;;;;Apis mellifera;
BOS-HYM-N04022;Apidae;Bombus hortorum;20/09/2009;Urbies;Mieres;Asturias;España;Prado;;;;Daniel Morant;Daniel Morant;;;6;1;B;HYM-6.1.B.11;;;;Bombus sp.;
BOS-HYM-N04023;Apidae;Bombus lucorum;28/05/2010;Villarcazo;;Asturias;España;Monte;;;;Ana Teresa Villar;Ana Teresa Villar;;;6;1;B;HYM-6.1.B.11;;;;;
BOS-HYM-N04024;Apidae;Bombus terrestris;12/04/2009;Naves;Llanes;Asturias;España;Surfinia;;;;A. Álvarez Junco;A. Álvarez Junco;;;6;1;B;HYM-6.1.B.11;;;;Bombus pratorum;
BOS-HYM-N04025;Apidae;Bombus hortorum;Verano 2009;Arbón ;Villayón;Asturias;España;;;;;Ana B. Anes;A. Anes;;;6;1;B;HYM-6.1.B.11;;;;Bombus terrestris;
BOS-HYM-N04026;Apidae;Bombus terrestris;09/10/2008;Bendon;Llanera;Asturias;España;;;;;Omar Menéndez;Omar Menéndez;;;6;1;B;HYM-6.1.B.11;;;;Bombus sp.;
BOS-HYM-N04027;Apidae;Bombus pascuorum;18/04/2009;Llendecastiello;Valdés;Asturias;España;;;;;B. Peralta;B. Peralta;;;6;1;B;HYM-6.1.B.11;;;;Bombus sp.;
BOS-HYM-N04028;Apidae;Bombus terrestris/lucorum;01/06/2007;Pravia;Pravia;Asturias;España;;;;;L. M. Pesquera;Ainoa Pravia;;;6;1;B;HYM-6.1.B.11;;;;Bombus sp.;
BOS-HYM-N04029;Apidae;Bombus soroeensis;_/05/2007;El Vallín (Luarca);Valdés;Asturias;España;;;;;Lidia R.;Lidia R.;;;6;1;B;HYM-6.1.B.11;;;;Bombus terrestris;
BOS-HYM-N04030;Apidae;Bombus pascuorum;_/07/2008;Granda;Siero;Asturias;España;;;;;Andrés M.;Andrés M.;;;6;1;B;HYM-6.1.B.11;;;Es posible que tenga insectos plaga;Bombus agrorum;
BOS-HYM-N04031;Apidae;Bombus pascuorum;_/04/2007;El Vallín (Luarca);Valdés;Asturias;España;;;;;Lidia Rubio;Lidia Rubio;;;6;1;B;HYM-6.1.B.11;;;;;
BOS-HYM-N04032;Apidae;Bombus lucorum;27/05/2007;Gijón;Gijón;Asturias;España;;;;;R. Navais;R. Navais;;;6;1;B;HYM-6.1.B.11;;;;;
BOS-HYM-N04033;Apidae;Bombus pratorum;07/05/2007;Proaza;Proaza;Asturias;España;Senda del Oso;;;;Ainoa Pravia;Ainoa Pravia;;;6;1;B;HYM-6.1.B.11;;;;Bombus sp.;
BOS-HYM-N04034;Apidae;Bombus lucorum;12/05/2007;Luanco;Gozón;Asturias;España;;;;;Cristina F. Secades;Cristina F. Secades;;;6;1;B;HYM-6.1.B.11;;;;Bombus terrestris;
BOS-HYM-N04035;Apidae;Bombus sp.;01/03/2008;La Isla;Colunga;Asturias;España;;;;;I. Neira Artidiello;I. Neira Artidiello;;;6;1;B;HYM-6.1.B.11;;;;;
BOS-HYM-N04036;Apidae;Bombus pascuorum/muscorum/humilis;25/05/2006;Soto de Llanera;Llanera;Asturias;España;;;;;A. Velasco;A. Velasco;;;6;1;B;HYM-6.1.B.11;;;;Bombus jonellus;
BOS-HYM-N04037;Apidae;Bombus hortorum;18/03/2005;El Campón (Salinas);Castrillón;Asturias;España;;;;;D. Martínez Rguez;Dani M. R.;;;6;1;B;HYM-6.1.B.11;;;;;
BOS-HYM-N04038;Apidae;Bombus lucorum;27/09/2002;Villademar;Cudillero;Asturias;España;;;;;Dani Mtnz Rguez;Dani M. R.;;;1;3;;Caja moho 5;;;Tiene moho;;
BOS-HYM-N04039;Apidae;Bombus hortorum;09/06/2009;Corao;Cangas de Onís;Asturias;España;Jardín;;;;Denisse Pantín Díaz;Denisse Pantín Díaz;;;6;1;B;HYM-6.1.B.11;;;;Hymenoptera;
BOS-HYM-N04040;Apidae;Bombus lucorum;20/08/2009;La Mata;Valdés;Asturias;España;Camino;;;;Miriam Fdez Auello;Miriam Fdez Auello;;;6;1;B;HYM-6.1.B.11;;;;Bombus sp.;
BOS-HYM-N04041;Apidae;Bombus pascuorum;22/07/2009;San Martín;Valdés;Asturias;España;Camino;;;;Miriam Fdez Auello;Miriam Fdez Auello;;;6;1;B;HYM-6.1.B.11;;;;Hypoderma bovis (Oestridae);
BOS-HYM-N04042;Apidae;Psithyrus campestris;25/04/2005;Pola de Lena;Lena;Asturias;España;;;;;J. C. Álvarez;J. C. Álvarez;;;6;1;B;HYM-6.1.B.11;;;;Anthophora hispanica;
BOS-HYM-N04043;Apidae;Bombus soroeensis;03/08/2009;Naranco (Oviedo);Oviedo;Asturias;España;Camino;;;Hembra;Gerardo Martín López;Gerardo M. L.;;;6;1;B;HYM-6.1.B.11;;;;;
BOS-HYM-N04044;Apidae;Psithyrus campestris;18/10/2009;Monte Naranco (Oviedo);Oviedo;Asturias;España;Jardín;;;Macho;Alba Casona Baquet;Alba Casona Baquet;;;6;1;B;HYM-6.1.B.11;;;;Apidae;
BOS-HYM-N04045;Apidae;Bombus ruderatus/hortorum;08/04/2006;Parque de invierno (Oviedo);Oviedo;Asturias;España;Parque;;;;Carmen Alonso Soto;Clara Álvarez Alonso;;;6;1;B;HYM-6.1.B.11;;;;;
BOS-HYM-N04046;Apidae;Bombus pascuorum;23/10/2009;San Miguel de Lillo;Oviedo;Asturias;España;Pradera;;;;J. Martínez;Celia López;;;6;1;B;HYM-6.1.B.11;;;;Apidae;
BOS-HYM-N04047;Apidae;Bombus terrestris/lucorum;03/07/2010;Pola de Siero;Siero;Asturias;España;;;;;Sabino Ania;Sabino Ania;;;1;3;;Caja moho 5;;;Tiene moho;Hymenoptera;
BOS-HYM-N04048;Apidae;Bombus hortorum;21/03/2010;Doñajuandi;Riosa;Asturias;España;;;;;C. Otero;C. Otero;;;6;1;B;HYM-6.1.B.11;;;;Bombus sp.;
BOS-HYM-N04049;Apidae;Bombus terrestris;29/10/2009;Raíces Nuevo;Castrillón;Asturias;España;;;;Hembra;Diego Fdez;D. Fernández;;;6;1;B;HYM-6.1.B.11;;;;Bombus;
BOS-HYM-N04050;Apidae;Bombus terrestris/lucorum;30/06/2010;Gijón;Gijón;Asturias;España;Casa;;;;L. Valledor Pereiras;L. Valledor Pereiras;;;6;1;B;HYM-6.1.B.11;;;;Bombus sp.;
BOS-HYM-N04051;Apidae;Bombus pascuorum/muscorum/humilis;20/03/2009;Perlora;Carreño;Asturias;España;;;;;Paula López;Paula López;;;6;1;B;HYM-6.1.B.11;;;;Bombus sp.;
BOS-HYM-N04052;Apidae;Bombus lucorum;15/04/2008;Parque San Francisco (Oviedo);Oviedo;Asturias;España;;;;;Álvaro Bode;A. Bode;;;6;1;B;HYM-6.1.B.11;;;;;
BOS-HYM-N04053;Apidae;Bombus pascuorum;23/04/2010;Baiña;Mieres;Asturias;España;Jardín;;;Hembra;Rubén Quiroga;Rubén Quiroga;;;6;1;B;HYM-6.1.B.11;;;;Apis mellifera;
BOS-HYM-N04054;Apidae;Bombus pascuorum/muscorum/humilis;24/06/2009;Vallobil;Parres;Asturias;España;;;;;S. San Martín;S. San Martín;;;1;3;;Caja moho 5;;;Tiene moho;Bombus sp.;
BOS-HYM-N04055;Apidae;Bombus pascuorum;27/11/2009;Ranón;Castrillón;Asturias;España;Prado;;;;Diego Fdez;D. Fernández;;;6;1;B;HYM-6.1.B.11;;;;Bombus muscorum;
BOS-HYM-N04056;Apidae;Bombus sp.;31/10/2009;Marquinez;Bernedo de Álava;Álava;España;Prado;;;;Vicente Egurcegui;Esther Ortiz;;;6;1;B;HYM-6.1.B.11;;;;;
BOS-HYM-N04057;Apidae;Bombus pascuorum;02/08/2009;Cangas del Narcea;Cangas del Narcea;Asturias;España;;;;;I. Rguez Arias;I. Rguez Arias;;;6;1;B;HYM-6.1.B.11;;;;Bombus;
BOS-HYM-N04058;Apidae;Bombus terrestris;13/10/2009;Argüero;Villaviciosa;Asturias;España;Pradera;;;;Iván Fdez;Iván Fdez;;;6;1;B;HYM-6.1.B.11;;;;Bombus sp.;
BOS-HYM-N04059;Apidae;Bombus pascuorum;20/03/2009;Casa Cima;Mieres;Asturias;España;;;;;Iria Baragaño;Iria Baragaño;;;6;1;B;HYM-6.1.B.11;;;;;
BOS-HYM-N04060;Apidae;Bombus lucorum;25/03/2008;Barres;Castropol;Asturias;España;;;;;E. Montes;E. Montes;;;6;1;B;HYM-6.1.B.11;;;;Bombus terrestris;
BOS-HYM-N04061;Apidae;Bombus lucorum;_/07/2008;Aranda;Siero;Asturias;España;;;;;Andrés A. R.;Andrés A. R.;;;6;1;B;HYM-6.1.B.11;;;;;
BOS-HYM-N04062;Apidae;Bombus lucorum;22/10/2009;Mieres;Mieres;Asturias;España;Prado;;;Hembra;Isaac Cámara;Isaac Cámara;;;6;1;B;HYM-6.1.B.11;;;;;
BOS-HYM-N04063;Apidae;Bombus soroeensis;04/11/2007;Mieres;Mieres;Asturias;España;Arbusto (flor);;;;B. Viguera;B. Viguera;;;6;1;B;HYM-6.1.B.11;;;;;
BOS-HYM-N04064;Apidae;Bombus terrestris/lucorum/soroeensis;14/06/2010;Sta. Eugenia;Villaviciosa;Asturias;España;Prado, sobre flor;;;;Omar Cots;Omar Cots;;;6;1;B;HYM-6.1.B.11;;;;Bombus lucorum;
BOS-HYM-N04065;Apidae;Bombus hortorum;_/07/2003;Granda;Siero;Asturias;España;;;;;Andrés AN;Andrés AN;;;6;1;B;HYM-6.1.B.11;;;;Bombus hyperboreus;
BOS-HYM-N04066;Apidae;Bombus pascuorum;_/05/2007;El Vallín (Luarca);Valdés;Asturias;España;;;;Hembra;Lidia Rubio;;;;6;1;B;HYM-6.1.B.11;;;;;
BOS-HYM-N04067;Apidae;Bombus lucorum;04/09/2009;Agüera;;;España;;;;;Lucía A.;;;;6;1;B;HYM-6.1.B.11;;;;Eristalix tenax (Diptera);
BOS-HYM-N04068;Apidae;Bombus terrestris;_/06/2007;Tol;Castropol;Asturias;España;;;;;Celia M.;;;;6;1;B;HYM-6.1.B.11;;;;;
BOS-HYM-N04069;Apidae;Bombus pascuorum/muscorum/humilis;08/08/2009;Turon;;;;;;;;Ángela Madera;Sara Fernández;;;6;1;B;HYM-6.1.B.11;;;;Bombus coriadarius;
BOS-HYM-N04070;Apidae;Bombus hortorum/ruderatus;16/05/2010;Oviedo;Oviedo;Asturias;España;;;;;Arcadio Martínez;A. Martínez;;;6;1;B;HYM-6.1.B.11;;;;Bombus sp.;
BOS-HYM-N04071;Apidae;Bombus terrestris/lucorum;04/11/2005;Riaño;Langreo;Asturias;España;Rosal;;;;Hugo R. Gibello;Hugo R. Gibello;;;6;1;B;HYM-6.1.B.11;;;;Bombus terrestris;
BOS-HYM-N04072;Apidae;Bombus lucorum;24/12/2006;Robledo;Somiedo;Asturias;España;Prado;;;;Raúl Boto;Raúl Boto;;;6;1;B;HYM-6.1.B.11;;;;;
BOS-HYM-N04073;Apidae;Bombus lucorum;26/10/2005;Monte;Santander;Cantabria;España;;;;;Federico Toca;Federico Toca;;;6;1;B;HYM-6.1.B.11;;;;;
BOS-HYM-N04074;Apidae;Bombus lucorum;29/04/2007;Barres;Castropol;Asturias;España;;;;;T. Sánchez;T. Sánchez;;;6;1;B;HYM-6.1.B.11;;;;Bombus;
BOS-HYM-N04075;Apidae;Bombus soroeensis;13/04/2007;El Cristo (Oviedo);Oviedo;Asturias;España;;;;;Laure Álvarez;Laure Álvarez;;;6;1;B;HYM-6.1.B.11;;;;Bombus sp.;
BOS-HYM-N04076;Apidae;Bombus lucorum;07/07/2008;Oviedo;Oviedo;Asturias;España;;;;;J. J. Ablanedo;J. J. Ablanedo;;;6;1;B;HYM-6.1.B.11;;;;Bombus terrestris;
BOS-HYM-N04077;Apidae;Bombus hortorum;10/07/2008;Oviedo;Oviedo;Asturias;España;;;;;Elisa Díaz;Elisa Díaz;;;6;1;B;HYM-6.1.B.11;;;;Bombus sp.;
BOS-HYM-N04078;Apidae;Bombus pascuorum;18/03/2005;Salinas;Castrillón;Asturias;España;;;;Hembra;Alicia Valdés;Alicia Valdés;;;6;1;B;HYM-6.1.B.11;;;;Bombus sp.;
BOS-HYM-N04079;Apidae;Bombus sp.;12/05/2007;El Rebollar-La Mata;Grado;Asturias;España;;;;;M. F. Echevarria;M. F. Echevarria;;;6;1;B;HYM-6.1.B.11;;;;;
BOS-HYM-N04080;Apidae;Bombus lucorum;19/07/2006;La Felguera;Langreo;Asturias;España;;;;;LM. Pesquera;LM. Pesquera;;;6;1;B;HYM-6.1.B.11;;;;Bombus sp.;
BOS-HYM-N04081;Apidae;Bombus pascuorum/muscorum/humilis;20/04/2005;San Miguel de Arroes;Villaviciosa;Asturias;España;;;;;A. Rubiera Freya;A. Rubiera Freya;;;6;1;B;HYM-6.1.B.11;;;;Bombus sp.;
BOS-HYM-N04082;Apidae;Bombus soroeensis;_/05/2007;Almuña (Luarca);Valdés;Asturias;España;;;;Hembra;Lidia Rubio;;;;6;1;B;HYM-6.1.B.11;;;;;
BOS-HYM-N04083;Apidae;Bombus terrestris;_/04/2007;Tol;Castropol;Asturias;España;;;;Hembra;Celia Méndez;;;;6;1;B;HYM-6.1.B.11;;;;;
BOS-HYM-N04084;Apidae;Bombus lucorum;05/11/2005;La Fresneda;Siero;Asturias;España;;;;;A. Velasco;;;;6;1;B;HYM-6.1.B.11;;;;Bombus lucanus;
BOS-HYM-N04085;Apidae;Bombus pascuorum;26/10/2005;Lada;Langreo;Asturias;España;Castañal;;;;Hugo R. Gibello;Hugo R. Gibello;;;6;1;B;HYM-6.1.B.11;;;;;
BOS-HYM-N04086;Apidae;Bombus pascuorum;12/07/2008;Deva ;Gijón;Asturias;España;;;;;J. Cuesta;;;;6;1;B;HYM-6.1.B.11;;;;;
BOS-HYM-N04087;Apidae;Bombus pascuorum/muscorum/humilis;09/10/2009;Cenera;Mieres;Asturias;España;Prado;;;Hembra;Sonia Cedrún Fdez;Sonia Cedrún Fdez;;;6;1;B;HYM-6.1.B.11;;;;Bombus;
BOS-HYM-N04088;Apidae;Bombus lapidarius;14/04/2006;Torla;Sobrarbe;Huesca;España;;;;Hembra;Pilar J. B.;Pilar J. B.;;;6;1;B;HYM-6.1.B.11;;;;;
BOS-HYM-N04089;Apidae;Bombus terrestris;07/10/2007;Oviedo;Oviedo;Asturias;España;Prado;;;Hembra;A. Mieres;A. Mieres;;;1;3;;Caja moho 5;;;Tiene moho;Bombus lucorum;
BOS-HYM-N04090;Apidae;Bombus lucorum;30/10/2010;Logrezana;Carreño;Asturias;España;;;;;María Fuentes Fdez;María Fuentes Fdez;;;6;1;B;HYM-6.1.B.12;;;;Bombus sp.;
BOS-HYM-N04091;Apidae;Bombus lucorum;04/02/2007;Peruyera;Sotrondio;Asturias;España;;;;;Jorge Vallina;;;;6;1;B;HYM-6.1.B.12;;;;Bombus;
BOS-HYM-N04092;Apidae;Bombus terrestris/lucorum;15/11/2006;Terain (Villaviciosa);;;España;Prado;;;;Felipe Valdés Pando;Felipe Valdés Pando;;;6;1;B;HYM-6.1.B.12;;;;Bombus lucorum;
BOS-HYM-N04093;Apidae;Bombus lucorum;19/12/2006;La Riera;Colunga;Asturias;España;Prado;;;;Minerva Suárez Hevia;Minerva Suárez Hevia;;;6;1;B;HYM-6.1.B.12;;;;;
BOS-HYM-N04094;Apidae;Bombus terrestris;20/10/2001;Fitoria;Oviedo;Asturias;España;;;;Hembra;M. Camporro;;;;1;3;;Caja moho 5;;;Tiene moho;;
BOS-HYM-N04095;Apidae;Bombus terrestris;_/11/2010;Prunales;Parres;Asturias;España;;;;Hembra;Sergio Souto;;;;6;1;B;HYM-6.1.B.12;;;;Bombus sp.;
BOS-HYM-N04096;Apidae;Bombus lucorum;17/03/2007;Otur (Luarca);Valdés;Asturias;España;;;;;Vanessa Oroza;Vanessa Oroza;;;6;1;B;HYM-6.1.B.12;;;;Bombus sp.;
BOS-HYM-N04097;Apidae;Bombus lucorum;14/10/2010;El Subidorio (Valle de Turón);;Asturias;España;;;;;Daniel Levy;Daniel Levy;;;6;1;B;HYM-6.1.B.12;;;;;
BOS-HYM-N04098;Apidae;Bombus lucorum;06/10/2006;Cenera;Mieres;Asturias;España;;;;;Alejandro Sánchez;;;;1;3;;Caja moho 5;;;Tiene moho;;
BOS-HYM-N04099;Apidae;Bombus lucorum;17/03/2007;Otur (Luarca);Valdés;Asturias;España;;;;;Vanessa Oroza;Vanessa Oroza;;;6;1;B;HYM-6.1.B.12;;;;Apidae;
BOS-HYM-N04100;Apidae;Bombus terrestris;20/09/2010;Pervera;Carreño;Asturias;España;;;;;Ignacio Fdez Tuya;;;;6;1;B;HYM-6.1.B.12;;;;Bombus sp.;
BOS-HYM-N04101;Apidae;Bombus pratorum;10/04/2008;Naranco (Oviedo);Oviedo;Asturias;España;;;;;Sergio Glez Pérez;Sergio Glez Pérez;;;6;1;B;HYM-6.1.B.12;;;;;
BOS-HYM-N04102;Apidae;Bombus terrestris/soroeensis;01/08/2008;Segines (Chavos);;;;;;;Hembra;Adolfo Dos Santos;Adolfo Dos Santos;;;6;1;B;HYM-6.1.B.12;;;;Bombus lucorum;
BOS-HYM-N04103;Apidae;Bombus hortorum/ruderatus;24/06/1998;Lamanjoya;Oviedo;Asturias;España;Bosquete;;;;A. Anadón;;;;6;1;B;HYM-6.1.B.12;;;Trampa Malaise;;
BOS-HYM-N04104;Apidae;Bombus hortorum;_/04/2007;Villoria;Laviana;Asturias;España;;;;;Sofía Puente;;;;6;1;B;HYM-6.1.B.12;;;;Bombus;
BOS-HYM-N04105;Apidae;Bombus lucorum;29/08/2007;Mieres;Mieres;Asturias;España;Puente;;;Hembra;Alba Prida Ortiz;Alba Prida Ortiz;;;6;1;B;HYM-6.1.B.12;;;Tiene algo en la base de las alas;;
BOS-HYM-N04106;Apidae;Bombus sp.;01/04/2008;Ares;Siero;Asturias;España;;;;;Pablo G. Vallina;P. G. Vallina;;;6;1;B;HYM-6.1.B.12;;;;Psithyrus campestris;
BOS-HYM-N04107;Apidae;Bombus lucorum;28/12/2010;Oviedo;Oviedo;Asturias;España;Carretera;;;;Laura G. Solé;Laura G. Solé;;;6;1;B;HYM-6.1.B.12;;;;Bombus terrestris;
BOS-HYM-N04108;Apidae;Bombus soroeensis;20/09/2007;Llaranes;Avilés;Asturias;España;;;;;Mercades Díaz;Luis Cabrero;;;6;1;B;HYM-6.1.B.12;;;;;
BOS-HYM-N04109;Apidae;Bombus terrestris/lucorum/soroeensis;_/10/2006;Barros;Langreo;Asturias;España;Pradera;;;Hembra;Alba Fanjul;A. Fanjul Espinar;;;6;1;B;HYM-6.1.B.12;;;;Bombus soroeensis soroeensis;
BOS-HYM-N04110;Apidae;Bombus terrestris;23/11/2006;Grado;Grado;Asturias;España;;;;;Lorena Verdasco;Lorena Verdasco;;;6;1;B;HYM-6.1.B.12;;;Comido por insectos plaga;;
BOS-HYM-N04111;Apidae;Bombus terrestris;22/10/2006;Bemiego;Quirós;Asturias;España;Prado;;;;Javier Menéndez;Javier Menéndez;;;6;1;B;HYM-6.1.B.12;;;;;
BOS-HYM-N04112;Apidae;Bombus soroeensis;21/09/2010;L'Angliru;Riosa;Asturias;España;;;;;Silvia Corral B.;Silvia Corral B.;;;6;1;B;HYM-6.1.B.12;;;;Apidae;
BOS-HYM-N04113;Apidae;Bombus lucorum;13/11/2006;San Adriano;Castrillón;Asturias;España;Prado;;;;Miguel Baigorri;Miguel Baigorri;;;6;1;B;HYM-6.1.B.12;;;;Bombus sp.;
BOS-HYM-N04114;Apidae;Bombus hortorum;04/09/2007;Ribota;Laviana;Asturias;España;;;;Hembra;Pamela García;Pamela García;;;6;1;B;HYM-6.1.B.12;;;;Bombus lucorum;
BOS-HYM-N04115;Apidae;Bombus hortorum;20/03/2008;Santalla;Ribeira de Piquín;Lugo;España;;;;;J. L. Alonso Sobrado;J. L. Alonso Sobrado;;;6;1;B;HYM-6.1.B.12;;;;Bombus;
BOS-HYM-N04116;Apidae;Bombus pascuorum/muscorum/humilis;25/11/2010;Tineo;Tineo;Asturias;España;;;;;Arturo Ávila;;;;6;1;B;HYM-6.1.B.12;;;;Eristalis tenax;
BOS-HYM-N04117;Apidae;Bombus pascuorum;29/09/2010;Ules;Oviedo;Asturias;España;Campo;;;;Helena Glez;Helena Glez;;;6;1;B;HYM-6.1.B.12;;;;Bombus;
BOS-HYM-N04118;Apidae;Bombus pascuorum;16/10/2010;Naranco (Oviedo);Oviedo;Asturias;España;Prado;;;Hembra;L. García Solé;Laura G. Solé;;;6;1;B;HYM-6.1.B.12;;;;Andrena fulva;
BOS-HYM-N04119;Apidae;Bombus pascuorum;21/09/2010;Biedes;Las Regueras;Asturias;España;;;;Hembra;Javier Díaz;Javier Díaz;;;6;1;B;HYM-6.1.B.12;;;Tiene algo pegado en una pata;Bombus terrestris;
BOS-HYM-N04120;Apidae;Bombus sp.;01/09/2007;El Juaco (La Foz);Morcín;Asturias;España;Flores;;;;Jaime Díaz;Jaime Díaz;;;6;1;B;HYM-6.1.B.12;;;;Apidae;
BOS-HYM-N04121;Apidae;Bombus sp.;13/11/2007;Zaragoza;Zaragoza;Zaragoza;España;;;;;Manuel García;Héctor Garcle;;;6;1;B;HYM-6.1.B.12;;;;;
BOS-HYM-N04122;Apidae;Apis mellifera;09/09/2007;Felguerina;Laviana;Asturias;España;;;;;Pamela García;Pamela García;;;6;1;B;HYM-6.1.B.12;;;;;
BOS-HYM-N04123;Apidae;Apis mellifera;17/03/2005;La Felguera;Langreo;Asturias;España;Jardín;;;;Óscar López;Óscar López;;;6;1;B;HYM-6.1.B.12;;;;Anthidium;
BOS-HYM-N04124;Apidae;Apis mellifera;06/10/2006;Cenera;Mieres;Asturias;España;;;;;Alejandro Sánchez;;;;6;1;B;HYM-6.1.B.12;;;;;
BOS-HYM-N04125;Apidae;Apis mellifera;25/09/2010;Sobrobio;Mieres;Asturias;España;Colmena;;;Macho;Amador García;Rocío García;;;6;1;B;HYM-6.1.B.12;;;;;
BOS-HYM-N04126;Apidae;Apis mellifera;25/09/2010;Sobrobio;Mieres;Asturias;España;Colmena;;;Macho;Amador García Abella;Rocío García;;;6;1;B;HYM-6.1.B.12;;;;;
BOS-HYM-N04127;Melittidae;Dasypoda altercator;16/10/2010;Naranco (Oviedo);Oviedo;Asturias;España;Prado;;;;L. García Solé;Laura G. Solé;;;6;1;B;HYM-6.1.B.12;;;;Apis mellifera;
BOS-HYM-N04128;Apidae;Apis mellifera;15/09/2010;Piñeres;Aller;Asturias;España;;;;;Jairo García;Jairo García;;;6;1;B;HYM-6.1.B.12;;;;Dasypoda bistipes;
BOS-HYM-N04129;Apidae;Apis mellifera;28/10/2010;Biedes;Las Regueras;Asturias;España;;;;;Javier Díaz;Javier Díaz;;;6;1;B;HYM-6.1.B.12;;;;Andrena pilipes;
BOS-HYM-N04130;Apidae;Apis mellifera;13/05/2005;Avilés;Avilés;Asturias;España;;;;;M. E. Suárez Glez;M. Toriello Suárez;;;6;1;B;HYM-6.1.B.12;;;;;
BOS-HYM-N04131;Apidae;Apis mellifera;_/08/2008;Oviedo;Oviedo;Asturias;España;;;;;Javier Fdez Fdez;;;;6;1;B;HYM-6.1.B.12;;;;;
BOS-HYM-N04132;Apidae;Apis mellifera;12/10/2010;Salas;Salas;Asturias;España;Monte;;;;María Mtnez Fdez;María Mtnz;;;6;1;B;HYM-6.1.B.12;;;;Hoplitis spinulosa;
BOS-HYM-N04133;Apidae;Apis mellifera;03/07/2007;Mieres;Mieres;Asturias;España;Estación de tren;;;;Sergio Jorge;;;;6;1;B;HYM-6.1.B.12;;;;A. pilipes;
BOS-HYM-N04134;Apidae;Apis mellifera;30/10/2007;Andarujo;Langreo;Asturias;España;Jardín;;;;Aladino Díaz;;;;6;1;B;HYM-6.1.B.12;;;;;
BOS-HYM-N04135;Apidae;Apis mellifera;24/10/2007;Cenera;Mieres;Asturias;España;;;;;Miguel A. Coto;Miguel A. Coto;;;6;1;B;HYM-6.1.B.12;;;;Ophyra leucostoma (Muscidae);
BOS-HYM-N04136;Apidae;Apis mellifera;15/04/2007;Celles;;;España;;;;;Enrique Prado;Enrique Prado;;;6;1;B;HYM-6.1.B.12;;;;Andrena pilipes;
BOS-HYM-N04137;Apidae;Apis mellifera;19/08/2007;Villar ;San Martín del Rey Aurelio;Asturias;España;Prado;;;;Úrsula G. R.;Úrsula G. R.;;;6;1;B;HYM-6.1.B.12;;;;Stelis punctulatissima;
BOS-HYM-N04138;Apidae;Apis mellifera;15/11/2007;Andarujo;Langreo;Asturias;España;;;;;Verónica Gómez;Verónica Gómez;;;6;1;B;HYM-6.1.B.12;;;;Ophyra leucostoma (Muscidae);
BOS-HYM-N04139;Apidae;Apis mellifera;11/11/2005;Cenera;Mieres;Asturias;España;Merendero;;;;Carolina Fdez Fdez;Carolina Fdez Fdez;;;6;1;B;HYM-6.1.B.12;;;;;
BOS-HYM-N04140;Apidae;Apis mellifera;05/04/2007;Las Regueras;Las Regueras;Asturias;España;;;;;Patricia Llana G.;Patricia Llana;;;6;1;B;HYM-6.1.B.12;;;;L. malachurus (Halictidae);
BOS-HYM-N04141;Apidae;Apis mellifera;06/10/2006;Cenera;Mieres;Asturias;España;Prado;;;;Alba Prida Ortiz;Alba Prida Ortiz;;;1;3;;Caja moho 5;;;Tiene moho;;
BOS-HYM-N04142;Apidae;Apis mellifera;13/11/2006;San Adriano;Castrillón;Asturias;España;Prado;;;;Miguel Baigorri;Miguel Baigorri;;;6;1;B;HYM-6.1.B.12;;;;;
BOS-HYM-N04143;Apidae;Apis mellifera;21/08/2008;El Puntal;Villaviciosa;Asturias;España;Flor bogambilla;;;;Hernán García;Hernán García;;;6;1;B;HYM-6.1.B.12;;;;;
BOS-HYM-N04144;Apidae;Apis mellifera;_/10/2010;La Braña;Piloña;Asturias;España;;;;;Sergio Souto;;;;6;1;B;HYM-6.1.B.12;;;;Vespula sp.;
BOS-HYM-N04145;Apidae;Apis mellifera;_/08/2006;Villar de Mazarife;Chozas de Abajo;León;España;;;;;Eva Ardora;;;;6;1;B;HYM-6.1.B.12;;;;;
BOS-HYM-N04146;Apidae;Apis mellifera;18/11/2006;Maraña;Maraña;León;España;Camino;;;;Javier del Blanco;;;;6;1;B;HYM-6.1.B.12;;;;;
BOS-HYM-N04147;Apidae;Apis mellifera;21/10/2006;Proaza;Proaza;Asturias;España;;;;;Alejandro Álvarez;;;;6;1;B;HYM-6.1.B.12;;;;Apidae;
BOS-HYM-N04148;Apidae;Apis mellifera;03/01/2008;Mardana;Laviana;Asturias;España;Prado;;;;Aladino Díaz;;;;6;1;B;HYM-6.1.B.12;;;;;
BOS-HYM-N04149;Apidae;Apis mellifera;_/12/2007;Mieres;Mieres;Asturias;España;;;;;C. Prendes Pérez;C. Prendes Pérez;;;6;1;B;HYM-6.1.B.12;;;;Hoplitis spinulosa;
BOS-HYM-N04150;Apidae;Apis mellifera;08/06/2007;Parque Isabel de la Católica (Gijón);Gijón;Asturias;España;;;;;Tamara Vallina;;;;6;1;B;HYM-6.1.B.12;;;;;
BOS-HYM-N04151;Apidae;Apis mellifera;_/07/2006;;;Asturias;España;;;;;Marta Fdez;Marta Fdez;;;6;1;B;HYM-6.1.B.12;;;;Andreana pilipes;
BOS-HYM-N04152;Apidae;Apis mellifera;_/10/2006;Mieres;Mieres;Asturias;España;;;;;Alicia Fdez Braña;Alicia Fdez;;;6;1;B;HYM-6.1.B.12;;;;;
BOS-HYM-N04153;Apidae;Apis mellifera;07/12/2006;Tuernes el Grande;Llanera;Asturias;España;Casa;;;;Ainhoa Noriega;;;;6;1;B;HYM-6.1.B.12;;;;Andrena pilipes;
BOS-HYM-N04154;Apidae;Apis mellifera;20/06/2007;Mieres;Mieres;Asturias;España;;;;;Ana Sampedro Fdez;;;;6;1;B;HYM-6.1.B.12;;;;;
BOS-HYM-N04155;Apidae;Apis mellifera;03/09/2007;El Berrón;Siero;Asturias;España;Flor;;;;Héctor Cabezas;;;;6;1;B;HYM-6.1.B.12;;;;Anthophora plumipes;
BOS-HYM-N04156;Apidae;Apis mellifera;11/11/2005;Cenera;Mieres;Asturias;España;Área recreativa;;;;Ariana Vegas;Ariana Vegas Mtnez;;;6;1;B;HYM-6.1.B.12;;;;;
BOS-HYM-N04157;Apidae;Apis mellifera;11/11/2005;Cenera;Mieres;Asturias;España;;;;;E. Sánchez Vena;E. Sánchez Vena;;;6;1;B;HYM-6.1.B.12;;;;;
BOS-HYM-N04158;Apidae;Apis mellifera;24/06/2006;Valliniello;Avilés;Asturias;España;Área recreativa;;;;Sara Vidal Guerra;Sara Vidal Guerra;;;6;1;B;HYM-6.1.B.12;;;;;
BOS-HYM-N04159;Apidae;Apis mellifera;30/07/2007;Espinedo;Lena;Asturias;España;Huerta;;;;Jesús Ortiz;Jesús Ortiz;;;6;1;B;HYM-6.1.B.12;;;;;
BOS-HYM-N04160;Apidae;Apis mellifera;26/10/1994;Villar (Luarca);Valdés;Asturias;España;Sobre Hedera;;;;Brezo Martínez;Brezo Mtz.;;;6;1;B;HYM-6.1.B.12;;;;;
BOS-HYM-N04161;Apidae;Apis mellifera;18/04/1987;El Entrego;San Martín del Rey Aurelio;Asturias;España;;;;;José Antonio Ferreiro Ríos;J. Antonio Ferreiro Ríos;;;6;1;B;HYM-6.1.B.12;;;;;
BOS-HYM-N04162;Apidae;Apis mellifera;29/01/1994;Oviedo;Oviedo;Asturias;España;;;;;Pedro Bella;Mª José Bañuelos;;;6;1;B;HYM-6.1.B.12;;;;;
BOS-HYM-N04163;Apidae;Apis mellifera;_/09/2007;Villarín;;;España;Flores;;;;Pablo M. P.;Pablo M. P.;;;6;1;B;HYM-6.1.B.12;;;;;
BOS-HYM-N04164;Apidae;Apis mellifera;12/10/2006;Piedras Blancas;;;;Jardín;;;;Eloy Alonso;Eloy Alonso;;;6;1;B;HYM-6.1.B.12;;;;Apidae;
BOS-HYM-N04165;Apidae;Apis mellifera;06/11/2007;Mieres;Mieres;Asturias;España;;;;;I. Rey Prieto;I. Rey Prieto;;;6;1;B;HYM-6.1.B.12;;;;;
BOS-HYM-N04166;Apidae;Apis mellifera;02/10/1997;Cabueñes ;Gijón;Asturias;España;;;;;Jaime Mier;Jaime Mier;;;6;1;B;HYM-6.1.B.12;;;;;
BOS-HYM-N04167;Apidae;Apis mellifera;30/10/1995;Villar (Luarca);Valdés;Asturias;España;;;;;Covadonga V. P.;Covadonga Vázquez;;;6;1;B;HYM-6.1.B.12;;;;;
BOS-HYM-N04168;Apidae;Apis mellifera;25/11/1994;Serín;Gijón;Asturias;España;Mañana, hierba, cópula;;;;J. J. Porta Allende;J. J. Porta Allende;;;6;1;B;HYM-6.1.B.12;;;;;
BOS-HYM-N04169;Apidae;Apis mellifera;12/07/1995;Viesques;Gijón;Asturias;España;;;;;C. Vázquez;C. Vázquez;;;6;1;B;HYM-6.1.B.12;;;;;
BOS-HYM-N04170;Apidae;Apis mellifera;11/11/2005;Cenera;Mieres;Asturias;España;;;;;Iñaki Pallo;Iñaki Pallo;;;6;1;B;HYM-6.1.B.12;;;;Tetralonia salicariae;
BOS-HYM-N04171;Apidae;Apis mellifera;26/02/2005;Sienra;San Martín del Rey Aurelio;Asturias;España;;;;;Judith Vidal Fdez;Judith Vidal Fdez;;;6;1;B;HYM-6.1.B.12;;;;;
BOS-HYM 2311;Megachilidae;Anthidium manicatum;_/08/2008;Arriondas;Parres;Asturias;España;;;;Hembra;Belén Glez;Belén Glez;Alejandro Núñez Carbajal 2021;;6;2;B;HYM-6.2.B.1;;;;Himenoptera, abeja;
BOS-HYM 2165;Apidae;Anthophora biciliata;23/07/1972;Panjón;Nigrán ;Pontevedra;España;;;;Hembra;R. Anadón;A. Núñez;;;6;2;B;HYM-6.2.B.1;;;;;
BOS-HYM 2140;Apidae;Nomada hispanica;24/03/1996;P. P. Tomás (Oviedo);Oviedo;Asturias;España;Prado;;;Hembra;L. Frechilla;L. Frechilla;A. Núñez;Piluca AF det '21;6;2;B;HYM-6.2.B.1;;;;Sphecodes fuscipennis;Nomada gransassoi
BOS-HYM 2312;Apidae;Nomada hispanica;18/04/1998;Pruvia de Arriba;Llanera;Asturias;España;;;;Hembra;Marco A. Varela;Marco A. Varela;Piluca AF det 2021;;6;2;B;HYM-6.2.B.1;;;;Nomada zonata;
BOS-HYM-N04172;Apidae;Nomada flava;16/04/1986;Mieres;Mieres;Asturias;España;;;;Hembra;Guzmán Concejo;;Alejandro Núñez Carbajal 2021;;6;2;B;HYM-6.2.B.1;;;;Himenóptero;
BOS-HYM-N04173;Apidae;Nomada sexfasciata;_/05/1986;Ribadesella;Ribadesella;Asturias;España;;;;Hembra;Gloria Garzón;Alejandro Núñez Carbajal 2021;;;6;2;B;HYM-6.2.B.1;;;;;
BOS-HYM-N04174;Megachilidae;Megachile pilidens;Año 1990;La Robla;La Robla;León;España;;;;Macho;Elena G.;E. B. G.;A. Núñez;;6;2;B;HYM-6.2.B.1;;;;Diphysis sp.;
BOS-HYM-N04175;Megachilidae;Megachile pilidens;16/08/1981;Monteferro;Nigrán ;Pontevedra;España;;;;Hembra;A. Anadón;A. Anadón;A. Núñez;;6;2;B;HYM-6.2.B.1;;;;Megachile;
BOS-HYM 2163;Apidae;Melecta italica;30/04/1978;Teboyas;Castrillón;Asturias;España;Matorral;125 m;;Hembra;;A. Núñez;;;6;2;B;HYM-6.2.B.1;;;;;
BOS-HYM-N04176;Megachilidae;Anthidium manicatum;04/08/1983;Panjón;Nigrán ;Asturias;España;Campo cerca de río;;12 h;Hembra;A. Anadón;Alejandro Núñez Carbajal 2021;;;6;2;B;HYM-6.2.B.1;;;;;
BOS-HYM-N04177;Apidae;Amegilla ochroleuca;27/03/1975;Santander;Santander;Cantabria;España;;;;Hembra;Marta de la Hoz;Anadón-Quero;A. Núñez;;6;2;B;HYM-6.2.B.1;;;;Anthophora;
BOS-HYM-N04178;Megachilidae;Megachile centuncularis;15/09/1992;Luanco;Gozón;Asturias;España;;;;Hembra;;Fernando F. Cobas;A. Núñez;;6;2;B;HYM-6.2.B.1;;;;;
BOS-HYM-N04179;Apidae;Eucera nigrilabris;08/08/1993;Somió;Gijón;Asturias;España;;;;Hembra;Guillermo G. Soto;Guillermo G. Soto;Piluca Álvarez 2021;;6;2;B;HYM-6.2.B.1;;;;Anthophora sp.;
BOS-HYM-N04180;Apidae;Eucera clypeata;11/05/1991;Lavadero (Deva);Gijón;Asturias;España;;;;Hembra;C. Viña;Cris Viña Herbón;A. Núñez;;6;2;B;HYM-6.2.B.1;;;;;
BOS-HYM-N04181;Apidae;Bombus terrestris;25/05/2011;Paredes;Siero;Asturias;España;;;;;Noelia Salgado Arias;Noelia Salgado;;;6;2;B;HYM-6.2.B.1;;;;Bombus hortorum;
BOS-HYM-N04182;Halictidae;Halictus sp.;17/09/2010;Cenera;Mieres;Asturias;España;;;;;Noelia Salgado Arias;Noelia S. A.;;;6;2;B;HYM-6.2.B.1;;;;Misaridae (Pompilidae);
BOS-HYM-N04183;Vespidae;Vespula germanica;29/09/2010;Ules;Oviedo;Asturias;España;;;;;Noelia Salgado Arias;Noelia Salgado;;;1;3;;Caja moho 5;;;Tiene moho;Vespula austriaca;
BOS-HYM-N04184;Ichneumonidae;;29/09/2010;Ules;Oviedo;Asturias;España;;;;;Noelia Salgado Arias;Noelia Salgado;;;6;2;B;HYM-6.2.B.1;;;;Netelia testaceus;
BOS-HYM-N04185;Vespidae;Polistes sp.;23/05/2009;Veriña;Gijón;Asturias;España;;;;;A. Somoano;;;;6;2;B;HYM-6.2.B.2;;;;;
BOS-HYM-N04186;Crabronidae;Cerceris sp.;16/08/2009;Luarca;Valdés;Asturias;España;Prado;;;;Omar García Pérez;Omar García Pérez;;;6;2;B;HYM-6.2.B.2;;;;Vespula;
BOS-HYM-N04187;;;17/07/1983;Vega de Espinareda;Vega de Espinareda;León;España;;;;;Miguel Pérez Medina;Miguel Pérez Medina;;;6;2;B;HYM-6.2.B.2;;;;Vespula vulgaris;
BOS-HYM-N04188;Vespidae;Polistes sp.;22/05/2009;León;León;León;España;;;;;Paula López;Paula López;;;6;2;B;HYM-6.2.B.2;;;;Polistes gallica;
BOS-HYM-N04189;;;22/10/2004;"""El Cantu"" (Cenera)";Mieres;Asturias;España;Pradera;;;;Inés Abebal;;;;6;2;B;HYM-6.2.B.2;;;Comida por insectos plaga;Vespula vulgaris;
BOS-HYM-N04190;Eumenidae;Odynerus sp.;14/04/2006;Cangas de Narcea;Cangas de Narcea;Asturias;España;;;;;C. Álvarez Alonso;C. Álvarez Alonso;;;6;2;B;HYM-6.2.B.2;;;;;
BOS-HYM-N04191;Tenthredinidae;;01/06/2007;Turbera (La Espina);;Asturias;España;;;;Macho;Ainoa Pravia;Ainoa Pravia;;;6;2;B;HYM-6.2.B.2;;;;Megalodontes klugii;
BOS-HYM-N04192;;;15/05/2007;Llanera;Llanera;Asturias;España;;;;;R. Navais;;;;6;2;B;HYM-6.2.B.2;;;;;
BOS-HYM-N04193;Megachilidae;Chelostoma florisomne;12/06/1987;Trubia;Oviedo;Asturias;España;Sobre flores;;;;L. Palacios;L. Palacios;A. Anadón;;6;2;B;HYM-6.2.B.2;;;;Halictus maculatus;Heriades maxillosa
BOS-HYM 2053;Tenthredinidae;Pontania viminalis;18/06/1981;Acebedo;Acebedo;León;España;;;;Hembra;A. Riera;A. Riera;L. O. Aguado 2013;;6;2;B;HYM-6.2.B.3;;;;Tenthredinidae;
BOS-HYM 2062;Tenthredinidae;Tenthredo vespa;03/06/1990;Salave;Tapia;Asturias;España;;;;Hembra;Damiana González Fernández;LOAM 2014;;;6;2;B;HYM-6.2.B.3;;;;;
BOS-HYM 2043;Megachilidae;Osmia leaiana;25/10/1989;Villar (Luarca);Valdés;Asturias;España;;;;Hembra;Nerea Aperribai;LOAM 2013;;;6;2;B;HYM-6.2.B.3;;;;;
BOS-HYM 2051;Andrenidae;Andrena thoracica;24/04/1994;Sueve;;Asturias;España;;;;;Ana Benito;Ana Benito;;;6;2;B;HYM-6.2.B.3;;;;;
BOS-HYM 2048;Andrenidae;Andrena agilissima;04/05/1996;Gijón;Gijón;Asturias;España;Pradera;;;Hembra;Eduardo Díaz;Eduardo Díaz;LOAM 2011;;6;2;B;HYM-6.2.B.3;;;Creo que tiene insectos plaga;Halictus laevigatus;
BOS-HYM 2017;Crabronidae;Philanthus coronatus ibericus;19/07/1978;La Castañalona;;Asturias;España;;;;Macho;M. A. Aranda;M. A. Aranda;LOAM 2016;;6;2;B;HYM-6.2.B.3;;;;Crabro (Clytochrysus) cavifrons (hembra);
BOS-HYM 2044;Andrenidae;Andrena trimmerana;22/10/1990;Portizuelo (Luarca);Valdés;Asturias;España;;;;Hembra;A. Anadón;LOAM 2005;;;6;2;B;HYM-6.2.B.3;;;;;
BOS-HYM 2007;Crabronidae;Crabro (Clytochrysus) planifrons;24/08/1978;Fuso de la Reina;;Asturias;España;;;;Hembra;M. A. Aranda;;;;6;2;B;HYM-6.2.B.3;;;;Macho;
BOS-HYM 2001;;;07/05/2005;Mieres;Mieres;Asturias;España;Prado;;;;Rubén Viota;Rubén Viota;;;1;3;;Caja moho 5;;;Tiene moho;Polistes nimpha;
BOS-HYM 2070;Ichneumonidae;;14/05/2010;Prado Facultad (Oviedo);Oviedo;Asturias;España;;;;;Benjamín Detraux;Benjamín Detraux;;;1;3;;Caja moho 5;;;Tiene moho;;
BOS-HYM 2065;Tenthredinidae;Macrophya parvula;18/07/1979;Trubia;Oviedo;Asturias;España;;;;Hembra;P. Ciscar;P. Ciscar;;;6;2;B;HYM-6.2.B.3;;;;;
BOS-HYM 2060;Tenthredinidae;Tenthredo maculata;02/05/1989;Oviedo;Oviedo;Asturias;España;;;;;Claudia Martínez;Claudia Martínez;;;6;2;B;HYM-6.2.B.3;;;;;
BOS-HYM 2061;Tenthredinidae;Macrophya annulata;07/05/1989;Ponferrada;Ponferrada;León;España;;;;Macho;Claudia Martínez;Claudia Martínez;;;6;2;B;HYM-6.2.B.3;;;V. similis spinola;Tenthredinidae;
BOS-HYM 2022;Megachilidae;Lithurgus cornutus fuscipennis;15/08/1980;Panjón;Nigrán ;Pontevedra;España;;;;Hembra;A. Anadón;A. Anadón;LOAM 2004;;6;2;B;HYM-6.2.B.3;;;;Megachile;
BOS-HYM 2045;Megachilidae;Osmia leaiana;23/04/1991;Parque de invierno (Oviedo);Oviedo;Asturias;España;;;;Macho;Mª Rosario Ruiz;Mª Rosario Ruiz;LOAM 2013;;6;2;B;HYM-6.2.B.3;;;;Andrena sp.;
BOS-HYM 2035;Halictidae;Lasioglossum albipes;21/08/1996;Pancar;Llanes;Asturias;España;;;;Hembra;J. A. García Fuertes;J. A. García Fuertes;LOAM 2014;;6;2;B;HYM-6.2.B.3;;;;Epheolus variegatus;
BOS-HYM 2027;Apidae;Ceratina chalcites;15/05/1986;Careses (Pola de Siero);Siero;Asturias;España;Sobre flores;;;Macho;M. A.;LOAM 2014;;;6;2;B;HYM-6.2.B.3;;;;;
BOS-HYM 2015;Crabronidae;Philanthus coronatus ibericus;30/10/1995;Villar (Luarca);Valdés;Asturias;España;;;;Hembra;Covadonga Vázquez;Covadonga Vázquez;LOAM 2016;;6;2;B;HYM-6.2.B.3;;;;Nysson maculatus;
BOS-HYM 2030;Megachilidae;Lithurgus chrysurus;10/07/1988;Hoyos del Tozo;;Burgos;España;;;;Hembra;J. L. Benito;J. L. Benito;A. Núñez;;6;2;B;HYM-6.2.B.3;;;;Megachile centuncularis;
BOS-HYM 2016;Eumenidae;Eumenes papilarius;20/05/1980;Trubia;Oviedo;Asturias;España;Jardín;;;Hembra;P. Ciscar;P. Ciscar;L. Castro 2004;;6;2;B;HYM-6.2.B.3;;;;Nysson spinosus;
BOS-HYM 2031;Megachilidae;Anthidium laeviventris;23/08/1981;Laukariz;Mungia;Vizcaya;España;Matorral;;10:30 h;;M. I. Saloña;;LOAM 2016;;6;2;B;HYM-6.2.B.3;;;;Apoidea;
BOS-HYM 2069;Tenthredinidae;Macrophya carinthiaca;26/05/1980;Oviedo;Oviedo;Asturias;España;;;;Macho;Rosa Torres;P. Ciscar;;;6;2;B;HYM-6.2.B.3;;;T. Koehlevi (hembra);;
BOS-HYM 2066;Tenthredinidae;Macrophya annulata;01/04/1980;Trubia;Oviedo;Asturias;España;Huerta;;;Hembra;P. Ciscar;P. Ciscar;V. Similis Spino.;;6;2;B;HYM-6.2.B.3;;;;Macrophya carinthiaca (macho);
BOS-HYM 2057;Tenthredinidae;Tenthredo mesomelas;15/06/1988;Molina;Oviedo;Asturias;España;;;;Macho;Ana Mª Glez Antuña;Ana Mª G. Antuña;LOAM 2016;;6;2;B;HYM-6.2.B.3;;;;Macrophya annulata;
BOS-HYM 2071;Tenthredinidae;Tenthredo mesomelas;_/06/2007;La Espina;;;;;;;Macho;Celia Méndez;Celia Méndez;LOAM 2016;;6;2;B;HYM-6.2.B.3;;;;Rhogogaster viridis;
BOS-HYM 2026;Halictidae;Halictus scabiosae;07/05/1989;Ponferrada;Ponferrada;León;España;;;;Hembra;Claudia Martínez;;LOAM 2014;;6;2;B;HYM-6.2.B.3;;;;Nomada? Colletes?;
BOS-HYM 2028;Apidae;Nomada succincta;18/05/1986;Careses;Siero;Asturias;España;Sobre flores de rábano;;;Hembra;Alfredo Glez;Alfredo Glez;LOAM 2005;;6;2;B;HYM-6.2.B.3;;;;Nomada sexfasciata;
BOS-HYM 2021;Megachilidae;Megachile willughbiella;12/08/1993;S. Miguel del Valle;S. Miguel del Valle;Zamora;España;;;;Macho;C. Iturmendi;C. Pavón Iturmendi;A. Núñez;;6;2;B;HYM-6.2.B.3;;;;Megachile ericetorum (hembra);
BOS-HYM 2002;Vespidae;Dolichovespula sp.;17/04/1997;Colunga;Colunga;Asturias;España;;;;;P. Ramas;P. Ramas;;;6;2;B;HYM-6.2.B.3;;;;Vespula vulgaris;
BOS-HYM 2039;Apidae;Eucera eucnemidea;04/06/1994;Tiñana;Siero;Asturias;España;;;;Hembra;Epifanía del Río;Aurora Ferreras;A. Núñez;;6;2;B;HYM-6.2.B.3;;;;Dasypoda altercator;
BOS-HYM 2010;;Stizus trideos (Benbeciricus);15/07/1978;S. Juan de la Arena;;Asturias;España;;;;Macho;M. A. Aranda;M. A. Aranda;;;6;2;B;HYM-6.2.B.3;;;;;
BOS-HYM 2067;Tenthredinidae;Macrophya carinthiaca;06/04/1980;S. Pedro de Nora;Las Regueras;Asturias;España;Prado;;;Macho;P. Ciscar;P. Ciscar;;;6;2;B;HYM-6.2.B.3;;;;;
BOS-HYM 2064;Tenthredinidae;Pachyprotasis antennata;07/07/1978;Valgrande;;Asturias;España;;;;Macho;M. A. Aranda;P. Ciscar;;;6;2;B;HYM-6.2.B.3;;;;;
BOS-HYM 2059;Tenthredinidae;;08/05/1981;Laukariz;Mungia;Vizcaya;España;Prado;;13 h;;M. I. Saloña;;;;1;3;;Caja moho 5;;;Tiene moho;Tenthredinidae;
BOS-HYM 2054;Tenthredinidae;Tenthredo femula;29/05/1988;Benamariel;Villamañán;León;España;;;;Hembra;Pellitero;Pellitero;LOAM 2014;;6;2;B;HYM-6.2.B.3;;;;Argidae;
BOS-HYM 2037;Melittidae;Dasypoda vishaga;01/09/1992;Coviella;Cangas de Onís;Asturias;España;;;;Macho;R. Luis Cabo;LOAM 2014;;;6;2;B;HYM-6.2.B.3;;;;;
BOS-HYM 2033;Apidae;Melecta albifrons;_/04/1993;Peroño (Luanco);Gozón;Asturias;España;;;;Hembra;M. Echeverría;M. Echeverría;LOAM 2013;;6;2;B;HYM-6.2.B.3;;;;Melecta luctuosa;
BOS-HYM 2034;Apidae;Thyreus ramosus;18/04/1987;Toporias;Udías;Cantabria;España;;;;Hembra;B. Pérez G. Arez;B. Pérez G. Arez;LOAM 2005;;6;2;B;HYM-6.2.B.3;;;;Apoideae;
BOS-HYM 2049;Andrenidae;Andrena agilissima;09/05/1988;Poo de Llanes;Llanes;Asturias;España;;;;Hembra;Olivia Pradilles;Olivia Pradilles;LOAM 2016;;6;2;B;HYM-6.2.B.3;;;;Andrena sp.;
BOS-HYM 2025;Sphecidae;Podalonia hirsuta;13/08/1979;Belver de los Montes;Belver de los Montes;Zamora;España;;;;;Esther Fdz Menéndez;Esther Fdz Menéndez;;;1;3;;Caja moho 5;;;Tiene moho;Ichneumonidae;Podalonia sp.
BOS-HYM 2023;Vespidae;Vespa crabro;12/07/1996;Santillán (Amieva);Cangas de Onís;Asturias;España;;;;Hembra;M. Gutiérrez;M. Gutiérrez;;;6;2;B;HYM-6.2.B.3;;;;;
BOS-HYM 2008;Crabronidae;Stizus trideos (Bembecinae);15/07/1978;S. Juan de la Arena;;Asturias;España;;;;Hembra;M. A. Aranda;M. A. Aranda;;;6;2;B;HYM-6.2.B.3;;;;;
BOS-HYM 2020;Crabronidae;Crabro cribrarius;23/10/1989;Villar (Luarca);Valdés;Asturias;España;;;;;A. F. Diego Alvarado;A. F. Diego Alvarado;;;6;2;B;HYM-6.2.B.3;;;;;
BOS-HYM 2073;;;04/05/1983;Oviedo;Oviedo;Asturias;España;En un seto;;;;A. Anadón;;;;;;;Caja moho 5;;;Tiene moho;;
BOS-HYM 2074;Tenthredinidae;Tenthredo ferruginea var. Laticisecta;27/07/1978;Valgrande;;Asturias;España;;;;Hembra;M. A. Aranda;P. Ciscar;;;;;;Caja moho 5;;;Tiene moho;;
BOS-HYM 2063;Tenthredinidae;Rhogogaster aucupariae;13/03/1977;Trubia;Oviedo;Asturias;España;Matorral;;;Hembra;P. Ciscar;P. Ciscar;;;6;2;B;HYM-6.2.B.3;;;;;
BOS-HYM 2072;Tenthredinidae;Tenthredo (Cephaledo) meridiana;18/03/1987;La Ería;Oviedo;Asturias;España;;;;Hembra;J. L. Benito;J. L. Benito;LOAM 2014;;;;;Caja moho 5;;;Tiene moho;Himenópteros;
BOS-HYM 2041;Colletidae;Colletes bederae;23/10/1996;Luarca;Valdés;Asturias;España;;;;Hembra;M. Barona;M. Barona;LOAM 2014;A. Núñez;;;;Caja moho 5;;;Tiene moho;Colletes sp.;Colletes sp.
BOS-HYM 2032;Apidae;Epeolus fallax;24/10/1995;Soto de Llanera;Llanera;Asturias;España;;;;Hembra;Sergio Álvarez R.;Sergio Álvarez R.;A. Núñez;;6;2;B;HYM-6.2.B.3;;;;Epeolus variegatus;
BOS-HYM 2018;Crabronidae;Crabro korbi;_/05/1975;Corias;Pravia;Asturias;España;;;;Macho;Miguel Ángel;M. A. Aranda;LOAM 2015;;6;2;B;HYM-6.2.B.3;;;;;
BOS-HYM 2014;Crabronidae;Philanthus coronatus ibericus;10/10/1994;El Orrín (Infiesto);Piloña;Asturias;España;;;;Macho;A. Azcoitia;A. Azcoitia;LOAM 2016;;6;2;B;HYM-6.2.B.3;;;;Crabro sp.;
BOS-HYM 2019;Crabronidae;Ectennius lapidarius;04/07/1997;Gijón;Gijón;Asturias;España;;;;;M. Busto;M. Busto;LOAM 2011;;6;2;B;HYM-6.2.B.3;;;;Polistes gallicus;
BOS-HYM 2042;;;01/06/2007;Pravia;Pravia;Asturias;España;;;;;R. Navais;;;;;;;Caja moho 5;;;Tiene moho;;
BOS-HYM 2004;Vespidae;Dolichovespula sp.;14/08/2005;Trubia;Oviedo;Asturias;España;Prado;;;;Inma C. García G.;Inma C. García G.;;;6;2;B;HYM-6.2.B.3;;;;Vespula vulgaris;
BOS-HYM 2058;Tenthredinidae;Tenthredo (Cephaledo) meridiana;04/05/1983;Oviedo;Oviedo;Asturias;España;En un seto;;17 h;Hembra;A. Anadón;LOAM 2014;;;6;2;B;HYM-6.2.B.3;;;;;
BOS-HYM 2040;Melittidae;Dasypoda altercator;24/04/1993;Mareo;Gijón;Asturias;España;;;;;Ángeles Mtez;Ángeles Mtez;;;6;2;B;HYM-6.2.B.3;;;;;
BOS-HYM 2029;Megachilidae;Coelioxys aurolimbata;28/07/1988;Castrillo del Val;Castrillo del Val;Burgos;España;;;;Hembra;J. L. Benito;J. L. Benito;LOAM 2004;;6;2;B;HYM-6.2.B.3;;;;Coelioxys inermis;
BOS-HYM 2006;Vespidae;Dolichovespula sylvestris;09/07/1985;P. Deportes (Avilés);Avilés;Asturias;España;;;;Hembra;A. Anadón;LOAM 2012;;;6;2;B;HYM-6.2.B.3;;;;;
BOS-HYM 2003;Vespidae;Vespula germanica;05/07/2005;Mieres;Mieres;Asturias;España;;;;Hembra;Víctor García;V. M. García;LOAM 2014;;6;2;B;HYM-6.2.B.3;;;;Stelis punctulatisama;
BOS-HYM 2024;Vespidae;Vespa crabro;25/10/2004;Mieres;Mieres;Asturias;España;Casa;;;Hembra;Noemí Torrado;Noemí Torrado;;;6;2;B;HYM-6.2.B.3;;;Creo que tiene insectos plaga;;
BOS-HYM 2075;Tenthredinidae;Tenthredopsis pallida?;30/05/1981;Trubia;Oviedo;Asturias;España;Jardín, sobre hojas de hortensia;;;Macho;P. Ciscar;P. Ciscar;;;6;2;B;HYM-6.2.B.3;;;;;
BOS-HYM 2068;Tenthredinidae;Pachyprotasis simulans;07/06/1979;Trubia;Oviedo;Asturias;España;Huerta;;;Macho;P. Ciscar;P. Ciscar;;;6;2;B;HYM-6.2.B.3;;;;;
BOS-HYM 2055;Tenthredinidae;Calirhoa cerasi;09/05/1988;Las Barreras;;Asturias;España;;;;;Olivia Pradilles;Olivia Pradilles;;;6;2;B;HYM-6.2.B.3;;;;;
BOS-HYM 2056;Tenthredinidae;Tenthredo olivacea var. Negrovittata;07/05/1981;Trubia;Oviedo;Asturias;España;Matorral;;;Hembra;P. Ciscar;P. Ciscar;;;6;2;B;HYM-6.2.B.3;;;;;
BOS-HYM 2036;Apidae;Bombus hortorum hortorum X asturiensis;24/10/2004;Bimón;Las Eozas de Valdearroyo;Cantabria;España;Pradera;;;Hembra;Enol García;Enol García;L. Castro 2012;;6;2;B;HYM-6.2.B.3;;;;Psithyrus vestalis;
BOS-HYM 2050;Andrenidae;Andrena gallica assimilis;10/03/1991;Oviedo;Oviedo;Asturias;España;;;;Hembra;F. Javier Ansorena;F. Javier Ansorena;LOAM 2004;A. Núñez;6;2;B;HYM-6.2.B.3;;;;Andrena sp.;Andrena nitida limata
BOS-HYM 2038;Melittidae;Dasypoda visnaga;28/08/1983;Monte El Viejo;;Palencia;España;;;;Hembra;Mª José García;Mª José García;LOAM 2011;;6;2;B;HYM-6.2.B.3;;;;Dasypoda plumipes;
BOS-HYM 2013;Eumenidae;Euodynerus posticus;13/08/1978;Simancas;Simancas;Valladolid;España;;;;Macho;M. A. Aranda;M. A. Aranda;LOAM 2021;;6;2;B;HYM-6.2.B.3;;;;Crabro (dindenius) (hembra);
BOS-HYM 2052;Chrysidae;Chrysis ignita;28/05/1996;Fuentesanta;Nava;Asturias;España;;;;Hembra;Fco. Carlón;Fco. Carlón;;;6;2;B;HYM-6.2.B.3;;;;Chrysis fulgida;
BOS-HYM 2047;Andrenidae;Andrena sp.;02/06/1983;Lolloto;;;;Sobre rosal;;13:30 h;;Mª Cruz Roza Manzano;Javier Roza Manzano;LOAM 2011;;6;2;B;HYM-6.2.B.3;;;;Apoideos;
BOS-HYM 2012;Crabronidae;Crabro (tridenius);13/08/1978;Simancas;Simancas;Valladolid;España;;;;Hembra;M. A. Aranda;M. A. Aranda;;;6;2;B;HYM-6.2.B.3;;;;;
BOS-HYM 2046;Halictidae;Lasioglossum nigripes;17/05/1998;Castiello;Villaviciosa;Asturias;España;;;;Hembra;Nieves Rodríguez;Nieves Rguez;A. Núñez;;6;2;B;HYM-6.2.B.3;;;;Colletes sp.;
BOS-HYM 2011;Crabronidae;Stizus trideuns;15/07/1978;S. Juan de la Arena;;;;;;;Macho;M. A. Aranda;M. A. Aranda;;;6;2;B;HYM-6.2.B.3;;;;;
BOS-HYM 2009;Crabronidae;Stizus trideuns;15/07/1978;S. Juan de la Arena;;Asturias;España;;;;Macho;M. A. Aranda;M. A. Aranda;;;6;2;B;HYM-6.2.B.3;;;;;
BOS-HYM 2005;;;06/07/1997;Rodilles;Villaviciosa;Asturias;España;;;;;Javier Antuña;;;;6;2;B;HYM-6.2.B.3;;;;;
BOS-HYM-N04194;Sphecidae;Sceliphron destillatorium;_/08/1997;Dos Hermanas;Dos Hermanas;Sevilla;España;;;;;L. Veiga Díaz;L. Veiga Díaz;;;6;2;B;HYM-6.2.B.4;;;;;
BOS-HYM-N04195;Sphecidae;Sceliphron destillatorium;Verano 1997;Valencia de Don Juan;Valencia de Don Juan;León;España;;;;;Carlos Repiso;Carlos Repiso;;;6;2;B;HYM-6.2.B.4;;;;;
BOS-HYM-N04196;Sphecidae;Sceliphron destillatorium;11/09/1997;Cáceres;Cáceres;Cáceres;España;;;;;Nieves Rdez;Nieves Rdez García;;;6;2;B;HYM-6.2.B.4;;;;;
BOS-HYM-N04197;Sphecidae;;24/06/2006;Burgos;Burgos;Burgos;España;;;;;Lua Mª Cano;Lua Mª Cano;;;6;2;B;HYM-6.2.B.4;;;;;
BOS-HYM-N04198;Sphecidae;Ammophila hirsuta;_/07/1996;Somiéu;Somiedo;Asturias;España;;;;;Marcos Miñarro;Marcos Miñarro;;;6;2;B;HYM-6.2.B.4;;;;;
BOS-HYM-N04199;Sphecidae;Ammophila hirsuta;_/10/1995;Villar (Luarca);Valdés;Asturias;España;;;;;J. L. Ortiz Suárez;J. L. Ortiz Suárez;;;6;2;B;HYM-6.2.B.4;;;;Ammophila sabulosa;
BOS-HYM-N04200;Sphecidae;Ammophila hirsuta;14/05/1997;Polaciones;Polaciones;Cantabria;España;;;;;Juan Gómez;J. Gómez Navedo;;;6;2;B;HYM-6.2.B.4;;;;;
BOS-HYM-N04201;Sphecidae;Ammophila hirsuta;23/08/1998;Valle de Aran;;Lérida;España;;;;;José E. Cespedes;José E. Cespedes;;;6;2;B;HYM-6.2.B.4;;;;Ammophila sabulosa;
BOS-HYM-N04202;Sphecidae;Ammophila hirsuta;13/08/1982;La Alberca;La Alberca;Salamanca;España;Sobre flores;;;;H. Caballero;H. Caballero;;;1;3;;Caja moho 5;;;Tiene moho;;
BOS-HYM-N04203;Sphecidae;Ammophila hirsuta;_/08/1996;Silio;Molledo;Cantabria;España;Monte bajo;;;;Román Gómez;;;;6;2;B;HYM-6.2.B.4;;;;;
BOS-HYM-N04204;Sphecidae;Ammophila hirsuta;03/05/1997;Barrio de la Puente;Murias de Paredes;León;España;;;;;B. Gómez Malgor;B. Gómez Malgor;;;6;2;B;HYM-6.2.B.4;;;;;
BOS-HYM-N04205;Sphecidae;Ammophila hirsuta;15/07/1996;Liencres;Piélagos;Cantabria;España;;;;;J. C. Arronte;J. C. Arronte;;;6;2;B;HYM-6.2.B.4;;;;;
BOS-HYM-N04206;Sphecidae;Ammophila sabulosa;_/08/1996;Silio;Molledo;Cantabria;España;Monte bajo;;;;Román Gómez;;;;6;2;B;HYM-6.2.B.4;;;;;
BOS-HYM-N04207;Sphecidae;Ammophila sabulosa;20/06/2009;La Toba;Avilés;Asturias;España;;60 m;;;Carlos J. Fco;Carlos J. Fco;;;6;2;B;HYM-6.2.B.4;;;;;
BOS-HYM-N04208;Sphecidae;Ammophila sabulosa;06/06/1983;Mieres;Mieres;Asturias;España;;;;;Generosa Álvarez;Generosa Álvarez;;;1;3;;Caja moho 5;;;Tiene moho;;
BOS-HYM-N04209;Sphecidae;Sphex sp.;_/05/1998;La Corolla;Gijón;Asturias;España;;;;;J. L. L. Castaño;J. L. L. Castaño;;;6;2;B;HYM-6.2.B.4;;;;Ammophila sabulosae;
BOS-HYM-N04210;Sphecidae;Sphex maxillosus;29/07/1997;Xivares;Carreño;Asturias;España;;;;;Noe Álvarez;Noe Álvarez;;;6;2;B;HYM-6.2.B.4;;;;;
BOS-HYM-N04211;Pompilidae;Priocnemis exaltatus;07/05/1997;Los Felechos;Mieres;Asturias;España;;;;;María Lamelas;María Lamelas;;;6;2;B;HYM-6.2.B.4;;;;;
BOS-HYM-N04212;Pompilidae;Anoplius viaticus;14/08/1995;Posada de Llanera;Llanera;Asturias;España;;;;;Juan M. Mateos;Juan M. Mateos;;;6;2;B;HYM-6.2.B.4;;;;;
BOS-HYM-N04213;Sphecidae;Ammophila sabulosa;10/05/1997;El Fito (Sueve);;Asturias;España;;;;;M. Gutiérrez;M. Gutiérrez;;;6;2;B;HYM-6.2.B.4;;;;;
BOS-HYM-N04214;Ichneumonidae;Amblyteles;28/07/1998;Santander;Santander;Santander;España;;;;;Verónica González Baquero;Verónica González Baquero;;;6;2;B;HYM-6.2.B.4;;;;;
BOS-HYM-N04215;Ichneumonidae;Amblyjoppa proteus;_/11/1995;Luarca;Valdés;Asturias;España;;;;Hembra;M. A. García Pieda;M. A. García Pieda;;;6;2;B;HYM-6.2.B.4;;;;Ichneumonidae;
BOS-HYM-N04216;Ichneumonidae;Amblyjoppa proteus;03/07/1995;Zuazo de Cuartango;Cuartango;Álava;España;;;;;R. Ocharan;M. Magdalena;;;6;2;B;HYM-6.2.B.4;;;;Ichneumonidae;
BOS-HYM-N04217;Ichneumonidae;Amblyjoppa proteus;29/08/1998;Teverga;Teverga;Asturias;España;;;;;Rebeca Coca;Verónica González Baquero;;;6;2;B;HYM-6.2.B.4;;;;;
BOS-HYM-N04218;Ichneumonidae;Ichneumoninae;21/10/1995;Molleda;;;España;;;;;Sonia Cabo;Sonia Cabo;;;6;2;B;HYM-6.2.B.4;;;;;
BOS-HYM-N04219;Ichneumonidae;Cryptus sp.;22/10/1996;Villar (Luarca);Valdés;Asturias;España;;;;;E. Hilla Merchán;E. Hilla Merchán;;;6;2;B;HYM-6.2.B.4;;;;;
BOS-HYM-N04220;Ichneumonidae;Ichneumon sp.;25/10/1997;Recta de Peñaflor;Grado;Asturias;España;;;;;Miguel López;Miguel López;;;6;2;B;HYM-6.2.B.4;;;;;
BOS-HYM-N04221;Ichneumonidae;Cryptus sp.;29/07/1996;Dungenes;Kent;;Reino Unido;;;;;Felipe Glez;Felipe Glez;;;6;2;B;HYM-6.2.B.4;;;;;
BOS-HYM-N04222;Ichneumonidae;;06/07/1995;Molleda;;;España;;;;;Sonia Cabo;Sonia Cabo;;;6;2;B;HYM-6.2.B.4;;;;Ammophila hirsuta;
BOS-HYM-N04223;Ichneumonidae;;_/11/1995;Luarca;Valdés;Asturias;España;;;;;M. A. García Pieda;M. A. García Pieda;;;6;2;B;HYM-6.2.B.4;;;;;
BOS-HYM-N04224;Ichneumonidae;Lissonota setosa;_/06/1997;Las Regueras;Las Regueras;Asturias;España;;;;Hembra;B. Gómez Malgor;B. Gómez Malgor;;;6;2;B;HYM-6.2.B.4;;;;;
BOS-HYM-N04225;Ichneumonidae;;01/08/1997;Caldones;Gijón;Asturias;España;;;;;P. A. Álvarez Valdés;P. A. Álvarez Valdés;;;6;2;B;HYM-6.2.B.4;;;;Lissonota setosa;
BOS-HYM-N04226;Pompilidae;;12/10/1996;Porceyo;Gijón;Asturias;España;;;;;Ana Mª Camín Vallés;Ana Mª Camín Vallés;;;6;2;B;HYM-6.2.B.4;;;;Ichneumonidae;
BOS-HYM-N04227;Pompilidae;;26/10/2007;Cenera;Mieres;Asturias;España;;;;;A. Mier;A. Mier;;;6;2;B;HYM-6.2.B.4;;;;Phemphedon lugubris (Sphecidae);
BOS-HYM-N04228;Ichneumonidae;Amblyteles armatorius;09/08/1998;Santander;Santander;Cantabria;España;;;;;Verónica González Baquero;Verónica González Baquero;;;6;2;B;HYM-6.2.B.4;;;;Ichneumon sp.;
BOS-HYM-N04229;Ichneumonidae;Ichneumon sp.;_/07/2007;La Atalaya;Cudillero;Asturias;España;;;;;Mercedes Ondina;Aida Heras Rz;;;6;2;B;HYM-6.2.B.4;;;;Amblyteles sp.?;
BOS-HYM-N04230;Ichneumonidae;Ephialtes manifestator;12/10/2005;Pañeda Nueva;Siero;Asturias;España;Madera muerta;;;;Héctor Cabezas;Héctor Cabezas;;;1;3;;Caja moho 5;;;Tiene moho;Rhyssa persuasoria;
BOS-HYM-N04231;Ichneumonidae;Ephialtes manifestator;21/10/1996;Luarca;Valdés;Asturias;España;;;;;Andrés Pérez;Andrés Pérez;;;6;2;B;HYM-6.2.B.4;;;;Rhyssa persuasoria;
BOS-HYM-N04232;Ichneumonidae;Anomaloninae;23/10/1996;Luarca;Valdés;Asturias;España;;;;;Gerardo Merino;Gerardo Merino;;;6;2;B;HYM-6.2.B.4;;;;Ammophila sabulosa;
BOS-HYM-N04233;Ichneumonidae;Anomaloninae;_/11/1995;Luarca;Valdés;Asturias;España;;;;;M. A. García Pieda;M. A. García Pieda;;;6;2;B;HYM-6.2.B.4;;;;Ichneumonidae;
BOS-HYM-N04234;Ichneumonidae;Anomaloninae;22/10/1996;Luarca;Valdés;Asturias;España;;;;;Ana E. Rguez Gtrez;Ana E. Rguez Gtrez;;;6;2;B;HYM-6.2.B.4;;;;Ophion luteus;
BOS-HYM-N04235;Ichneumonidae;Anomaloninae;Verano 1996;La Penilla;Cayón;Cantabria;España;;;;;H. Glez Schez;H. Glez Schez;;;6;2;B;HYM-6.2.B.4;;;;Ammophila sabulosa;
BOS-HYM-N04236;Ichneumonidae;Anomaloninae;22/10/1996;Luarca;Valdés;Asturias;España;;;;;M. Gutiérrez;M. Gutiérrez;;;6;2;B;HYM-6.2.B.4;;;;Ophion luteus;
BOS-HYM-N04237;Ichneumonidae;Anomaloninae;_/05/1996;Luarca;Valdés;Asturias;España;;;;;J. L. L. Castaño;J. L. L. Castaño;;;;;;Caja moho 5;;;Tiene moho;Netelia testaceus;
BOS-HYM-N04238;Ichneumonidae;Anomaloninae;22/10/1996;Luarca;Valdés;Asturias;España;;;;;Felipe Glez;Felipe Glez;;;6;2;B;HYM-6.2.B.4;;;;Ophion luteus;
BOS-HYM-N04239;Ichneumonidae;Anomaloninae;25/07/1996;Vargas;Puente Viesgo;Cantabria;España;;;;;Sara C. V.;Sara C. V.;;;6;2;B;HYM-6.2.B.4;;;;Ophion luteus;
BOS-HYM-N04240;Ichneumonidae;Anomaloninae;_/10/1995;Villar (Luarca);Valdés;Asturias;España;;;;;I. L. Ortiz Suárez;I. L. Ortiz Suárez;;;6;2;B;HYM-6.2.B.4;;;;Ophion luteus;
BOS-HYM-N04241;Ichneumonidae;Anomaloninae;22/10/1996;Villar (Luarca);Valdés;Asturias;España;;;;;E. Hilla Merchán;E. Hilla Merchán;;;6;2;B;HYM-6.2.B.4;;;;Ophion luteus;
BOS-HYM-N04242;Ichneumonidae;Anomaloninae;_/11/1995;Villar (Luarca);Valdés;Asturias;España;;;;;David Muñoz Martínez;David Muñoz;;;6;2;B;HYM-6.2.B.4;;;;Ophion sp.;
BOS-HYM-N04243;Ichneumonidae;Netelia sp.;17/08/2005;C/ Francisco Beceña (Oviedo);Oviedo;Asturias;España;;;;Hembra;A. Torralba;J. Dugnol 15/09/2005;;;6;2;B;HYM-6.2.B.4;;;;Ichneumonidae;
BOS-HYM-N04244;Ichneumonidae;Enicospilus sp.;21/10/1995;Molledo;Molledo;Cantabria;España;;;;;Sonia Cabo;Sonia Cabo;;;6;2;B;HYM-6.2.B.4;;;;Netelia testaceus;
BOS-HYM-N04245;Ichneumonidae;;_/09/1997;Poniente-Gijón;Gijón;Asturias;España;;;;Hembra;L. Rodríguez;Mª J. Sierra;;;6;2;B;HYM-6.2.B.4;;;;Ichneumonidae;
BOS-HYM-N04246;Ichneumonidae;Ichneumon sp.;24/08/1998;Valle de Aran;;Lérida;España;;;;;José E. Cespedes;José E. Cespedes;;;6;2;B;HYM-6.2.B.4;;;;;
BOS-HYM-N04247;Ichneumonidae;;31/10/1995;Villar;Valdés;Asturias;España;Prado;;;;Joaquín Pérez;Joaquín Pérez;;;6;2;B;HYM-6.2.B.4;;;;Ichneumonidae;
BOS-HYM-N04248;Halictidae;Halictus sp.;15/03/2006;Oviedo;Oviedo;Asturias;España;;;;Hembra;J. Bueno Pardo;J. Bueno Pardo;;;6;2;B;HYM-6.2.B.4;;;;;
BOS-HYM-N04249;Crabronidae;Philanthus triangulum;_/04/1997;La Furta;Corvera;Asturias;España;;;;;Juan Gómez;J. Gómez Navedo;;;6;2;B;HYM-6.2.B.4;;;;;
BOS-HYM-N04250;Chrysidae;Chrysis ignita;11/10/1996;Grado;Grado;Asturias;España;;;;;Juan Luengo;Juan Luengo;;;6;2;B;HYM-6.2.B.4;;;;;
BOS-HYM-N04251;Chrysidae;Chrysis ignita;11/12/1995;Molleda;Molleda;Cantabria;España;;;;;Sonia Cabo;Sonia Cabo;;;6;2;B;HYM-6.2.B.4;;;;;
BOS-HYM-N04252;Chrysidae;Chrysis ignita;08/08/1998;Los Pontones (Telledo);Lena;Asturias;España;En un prado;;;Hembra;C. Fdez Martín;C. Fdez Martín;;;6;2;B;HYM-6.2.B.4;;;;;
BOS-HYM-N04253;Chrysidae;Chrysis ignita;_/08/1997;Ruedes;Gijón;Asturias;España;;;;;Susana García;Verónica González Baquero;;;6;2;B;HYM-6.2.B.4;;;;;
BOS-HYM-N04254;Ichneumonidae;Ophion luteus;04/01/2007;Bermiego;Quirós;Asturias;España;Casa;;;;Javier Menéndez;Javier Menéndez;;;6;2;B;HYM-6.2.B.5;;;;;
BOS-HYM-N04255;Ichneumonidae;Ophion luteus;20/01/2008;Novellana;Cudillero;Asturias;España;;;;;Ángela López;Andrea Arango;;;6;2;B;HYM-6.2.B.5;;;;;
BOS-HYM-N04256;Ichneumonidae;Ophion luteus;18/11/2007;La Teserona;Mieres;Asturias;España;;;;;Miguel A. Coto;Miguel A. Coto;;;6;2;B;HYM-6.2.B.5;;;;Netelia testaceus;
BOS-HYM-N04257;Ichneumonidae;Ophion luteus;22/04/2006;Burgos;Burgos;Burgos;España;;;;;Luz Mª Cano;Luz Mª Cano;;;6;2;B;HYM-6.2.B.5;;;;;
BOS-HYM-N04258;Ichneumonidae;;21/11/2007;Mieres;Mieres;Asturias;España;Camino río;;;;I. Rey Prieto;I. Rey Prieto;;;6;2;B;HYM-6.2.B.5;;;;Ichneumonidae;
BOS-HYM-N04259;Ichneumonidae;Amblyjoppa proteus;26/10/2007;Cenera;Mieres;Asturias;España;;;;;Andrea AM.;Andrea Arango;;;6;2;B;HYM-6.2.B.5;;;;Rhyssa persuasoria;
BOS-HYM-N04260;Ichneumonidae;Anomaloninae;09/11/2006;Naranco (Oviedo);Oviedo;Asturias;España;;;;;Laura Glez Sánchez;Laura Glez Sánchez;;;6;2;B;HYM-6.2.B.5;;;;Ichneumon suspiciosus;
BOS-HYM-N04261;Ichneumonidae;Anomaloninae;26/10/2007;Cenera;Mieres;Asturias;España;;;;;J. Aladro;J. Aladro;;;;;;Caja moho 5;;;Creo que tiene moho bajo una ala;Ophion luteus;
BOS-HYM-N04262;Ichneumonidae;Anomaloninae;07/06/2006;Cangas del Narcea;Cangas del Narcea;Asturias;España;Al lado del río;;;;Laura Blanco Aonlle;Laura Blanco Aonlle;;;6;2;B;HYM-6.2.B.5;;;;Ichneumon sp.;
BOS-HYM-N04263;Ichneumonidae;Ophion luteus;Verano 2008;Granda;;Asturias;España;Techo;;;;V. I. Álvarez;;;;6;2;B;HYM-6.2.B.5;;;;;
BOS-HYM-N04264;Ichneumonidae;Ichneumon suspiciosus;11/11/2006;Tineo;Tineo;Asturias;España;;;;;Enol Orviz;Enol Orviz;;;6;2;B;HYM-6.2.B.5;;;;Ichneumonidae;
BOS-HYM-N04265;Ichneumonidae;Amblyteles armatorius;04/05/2005;Valliniello;Avilés;Asturias;España;;;;;M. Piñeiro García;M. Toriello Suárez;;;6;2;B;HYM-6.2.B.5;;;;Mellinus arvensis (Sphecidae);
BOS-HYM-N04266;Tenthredinidae;;17/06/2006;Villamanín;Villamanín;León;España;Pradera;;;;Gonzalo Fdez Porras;;;;6;2;B;HYM-6.2.B.5;;;;Ichneumonidae;
BOS-HYM-N04267;Tenthredinidae;;_/06/2007;Oviedo;Oviedo;Asturias;España;;;;;Alba Santos;;;;6;2;B;HYM-6.2.B.5;;;;;
BOS-HYM-N04268;Ichneumonidae;Amblyjoppa proteus;04/11/2006;La Riera;Colunga;Asturias;España;Prado;;;;Minerva Suárez Hevia;;;;6;2;B;HYM-6.2.B.5;;;;;
BOS-HYM-N04269;Ichneumonidae;;01/12/2007;Rozaes (S. Julián);;Asturias;España;;;;;Cristina Mendive;Héctor Gar. Cle.;;;6;2;B;HYM-6.2.B.5;;;;Ichneumonidae;
BOS-HYM-N04270;Cephidae;;16/05/2006;Espinaredo;;;España;;;;;B. Warg;R. López Lozano;;;6;2;B;HYM-6.2.B.5;;;;Orussus abietinus (Orussidae);
BOS-HYM-N04271;Sphecidae;Sceliphron destillatorium;05/07/2002;Coca;Coca;Segovia;España;Pared de un camino;;;;Lara Hermosa;S. Álvarez;;;6;2;B;HYM-6.2.B.5;;;;;
BOS-HYM-N04272;Sphecidae;Sceliphron spirifex;_/07/2008;Sierra de Gata;;Cáceres;España;;;;;A. Zapico;A. Zapico;;;6;2;B;HYM-6.2.B.5;;;;;
BOS-HYM-N04273;Ichneumonidae;Amblyteles armatorius;_/05/2006;Mieres;Mieres;Asturias;España;;;;;N. M. Arias Martínez;N. M. Arias Martínez;;;6;2;B;HYM-6.2.B.5;;;;;
BOS-HYM-N04274;Vespidae;;_/10/2006;Sotrondio;San Martín del Rey Aurelio;Asturias;España;;;;;Alicia Fdez Braña;Alicia Fdez ;;;6;2;B;HYM-6.2.B.5;;;;;
BOS-HYM-N04275;Chrysidae;Chrysis ignita;_/07/2006;Carañes;Villaviciosa;Asturias;España;;;;Hembra;Cristina Amez;Cristina Amez;;;6;2;B;HYM-6.2.B.5;;;;Diptera;
BOS-HYM-N04276;Andrenidae;Andrena sp.;26/07/2006;Balmori;Llanes;Asturias;España;Prado;;;;E. Sánchez Vena;E. Sánchez Vena;;;6;2;B;HYM-6.2.B.5;;;;Crossocerus palmipes (Sphecidae);
BOS-HYM-N04277;Formicidae;Formica polyctena;12/06/2004;Tarna;;;España;Prado;;;Hembra (reina);E. García;E. García;;;6;2;B;HYM-6.2.B.5;;;;Formica rufa;
BOS-HYM-N04278;Formicidae;Formica pratensis;20/02/2007;Somiedo;San Martín del Rey Aurelio;Asturias;España;Camino;;;Hembra (obrera);Sara Fernández;Sara Fernández;;;6;2;B;HYM-6.2.B.5;;;;Formicidae;
BOS-HYM-N04279;Formicidae;Formica rufa;02/05/2007;Quirós;Quirós;Asturias;España;Prado;;;Hembra (obrera);Jesús Mª Osorio;Jesús Mª Osorio;;;6;2;B;HYM-6.2.B.5;;;;Formicidae (Hormiga);
BOS-HYM-N04280;Formicidae;Formica pratensis;09/10/2006;Salamir;Cudillero;Asturias;España;;;;Hembra (obrera);Soniu Menéndez Glez;;;;6;2;B;HYM-6.2.B.5;;;;Messor barbara;
BOS-HYM-N04281;Formicidae;Formica pratensis;26/08/2006;Sanzo;Pesoz;Asturias;España;Huerta;;;Hembra (obrera);Laura Roncaño Fdez;Laura Roncaño Fdez;;;6;2;B;HYM-6.2.B.5;;;;Formica rufa;
BOS-HYM-N04282;Formicidae;Formica pratensis;28/08/2008;Rodiezmo;Rodiezmo;León;España;;;;Hembra (obrera);A. Cortés;A. Cortés;;;6;2;B;HYM-6.2.B.5;;;;Formica rufa;
BOS-HYM-N04283;Formicidae;Formica rufibarbis?;16/05/2006;Valde clla;;;España;;;;Hembra (obrera);J. M. Cerra;J. M. Cerra;;;6;2;B;HYM-6.2.B.5;;;;Planipennia;
BOS-HYM-N04284;Formicidae;Camponotus cruentatus;12/04/2008;Cáceres;Cáceres;Cáceres;España;Encinar;;;Hembra (obrera);David Cuelo Fueyo;David Cuelo Fueyo;;;6;2;B;HYM-6.2.B.5;;;;Formicidae;
BOS-HYM-N04285;Formicidae;Camponotus aethiops;08/12/2005;Zamora;Zamora;Zamora;España;;;;Hembra (obrera);Iñaki Pallo;Iñaki Pallo;;;6;2;B;HYM-6.2.B.5;;;;Camponotus vagus;
BOS-HYM-N04286;Formicidae;Lasius niger;03/02/2005;La Fresneda;Siero;Asturias;España;En un tronco;;;Hembra (reina);Lucía Fdez;Lucía Fernández;;;6;2;B;HYM-6.2.B.5;;;;;
BOS-HYM-N04287;Formicidae;Lasius grandis;_/10/2006;Barros;Langreo;Asturias;España;Pradera;;;Hembra (obrera);Alba Fanjul;A. Fanjul Espinar;;;6;2;B;HYM-6.2.B.5;;;;Camponotus vagus;
BOS-HYM-N04288;Formicidae;Messor barbarus;22/05/2005;Valladolid;Valladolid;Valladolid;España;;;;Hembra (obrera);Ignacio Fernández;I. Fernández;;;6;2;B;HYM-6.2.B.5;;;;Messor barbara;
BOS-HYM-N04289;Formicidae;Messor barbarus;_/03/2008;Sierra de Gata;;Cáceres;España;;;;Hembra (reina);A. Zapico;A. Zapico;;;6;2;B;HYM-6.2.B.5;;;;Formicidae;
BOS-HYM-N04290;Formicidae;Tetramorium caespitum;26/10/2007;Cenera;Mieres;Asturias;España;;;;Hembra (reina);M. Pérez Glez;M. Pérez Glez;;;6;2;B;HYM-6.2.B.5;;;;Formicidae;
BOS-HYM-N04291;Formicidae;Myrmica rubra;06/09/2008;Gijón;Gijón;Asturias;España;;;;Hembra (obrera);Antonio Soler;Antonio Soler;;;6;2;B;HYM-6.2.B.5;;;;;
BOS-HYM-N04292;Formicidae;Myrmica scabrinodis;_/10/2006;Barros;Langreo;Asturias;España;;;;Hembra (obrera);Alba Fanjul;A. Fanjul Espinar;;;6;2;B;HYM-6.2.B.5;;;;Formica rufa;
BOS-HYM-N04293;Ichneumonidae;Ichneumon sp.;27/10/1994;Villar;;;España;;;;;M. Gómez;Puri Pérez;;;6;2;B;HYM-6.2.B.6;;;;;
BOS-HYM-N04294;Ichneumonidae;Ichneumon sp.;28/04/1995;Luarca;Valdés;Asturias;España;;;;;Clara Glez Muñoz;Clara Glez Muñoz;;;6;2;B;HYM-6.2.B.6;;;;Ichneumonidae;
BOS-HYM-N04295;Ichneumonidae;Ichneumon sp.;28/10/1994;Villar (Luarca);Valdés;Asturias;España;Muro, sol;;;;J. J. Porta Allende;J. J. Porta Allende;;;6;2;B;HYM-6.2.B.6;;;;;
BOS-HYM-N04296;Ichneumonidae;Ichneumon sarcitorius;26/10/1994;Villar (Luarca);Valdés;Asturias;España;En flor de hiedra;;;;Pablo Valdés G.;P. Valdés García;;;6;2;B;HYM-6.2.B.6;;;;Pterocormus sarcitorius;
BOS-HYM-N04297;Ichneumonidae;Amblyjoppa proteus;25/10/1994;Ablanedo (Luarca);Valdés;Asturias;España;;;;Hembra;A. Azcaitia;A. Azcaitia;;;6;2;B;HYM-6.2.B.6;;;;Ichneumon sp.;
BOS-HYM-N04298;Ichneumonidae;;27/10/1994;Villar (Luarca);Valdés;Asturias;España;;;;;J. M. Iglesias;J. M. Iglesias;;;6;2;B;HYM-6.2.B.6;;;;;
BOS-HYM-N04299;Ichneumonidae;Ichneumon sp.;28/10/1994;Luarca;Valdés;Asturias;España;;;;;Clara Glez Muñoz;Clara Glez Muñoz;;;6;2;B;HYM-6.2.B.6;;;;;
BOS-HYM-N04300;Ichneumonidae;Ichneumon sp.;26/10/1993;Luarca;Valdés;Asturias;España;;;;;A. Quirós;A. Quirós;;;6;2;B;HYM-6.2.B.6;;;;;
BOS-HYM-N04301;Ichneumonidae;Ichneumoninae;25/10/1994;El Figal (Luarca);Valdés;Asturias;España;;;;;Brezo Mtz;Brezo Mtz;;;6;2;B;HYM-6.2.B.6;;;;;
BOS-HYM-N04302;Ichneumonidae;Pterocormus computatorius;25/10/1994;El Figal (Luarca);Valdés;Asturias;España;En hoja de hiedra con plares;;;Hembra;P. Valdés García;P. Valdés García;;;6;2;B;HYM-6.2.B.6;;;;;
BOS-HYM-N04303;Ichneumonidae;Amblyjoppa proteus;01/11/1995;Villar (Luarca);Valdés;Asturias;España;;;;;Belén Sainz S.;Belén Sainz S.;;;6;2;B;HYM-6.2.B.6;;;;;
BOS-HYM-N04304;Ichneumonidae;;31/10/1995;Luarca;Valdés;Asturias;España;;;;;Alejandro Varas;Alejandro Varas;;;6;2;B;HYM-6.2.B.6;;;;Ichneumonido sp.;
BOS-HYM-N04305;Ichneumonidae;Megaplectes sp.;30/10/1995;Luarca;Valdés;Asturias;España;Prado;;;;Eduardo Díaz;Eduardo Díaz;;;6;2;B;HYM-6.2.B.6;;;;;
BOS-HYM-N04306;Ichneumonidae;Ichneumoninae;25/10/1994;El Figal (Luarca);Luarca;Asturias;España;;;;;Brezo Mtz;Brezo Mtz;;;6;2;B;HYM-6.2.B.6;;;;;
BOS-HYM-N04307;Ichneumonidae;Ichneumon sp.;03/06/1994;Candás;Carreño;Asturias;España;;;;;Isabel Glez;Isabel Glez;;;6;2;B;HYM-6.2.B.6;;;;;
BOS-HYM-N04308;Ichneumonidae;Ichneumoninae;12/08/1994;El Villar de Arnedo;El Villar de Arnedo;La Rioja;España;;;;;Mª José Bañuelos;Mª José Bañuelos;;;6;2;B;HYM-6.2.B.6;;;;;
BOS-HYM-N04309;Ichneumonidae;Amblyteles homocereus;26/10/1994;Villar (Luarca);Valdés;Asturias;España;En flor de hiedra, sol;;;Macho;Pablo Valdés;P. Valdés García;;;6;2;B;HYM-6.2.B.6;;;;;
BOS-HYM-N04310;Ichneumonidae;;01/11/1995;;Valdés;Asturias;España;;;;;Fco. Carlón;Fco. Carlón;;;6;2;B;HYM-6.2.B.6;;;;Methocha ichneumonides;
BOS-HYM-N04311;Ichneumonidae;;03/11/1995;Luarca;Valdés;Asturias;España;;;;;Andrés Fdez;Andrés Fdez;;;6;2;B;HYM-6.2.B.6;;;;Ichneumonidae;
BOS-HYM-N04312;Ichneumonidae;Ichneumonion;24/08/1994;Fuente la Salud (Hevia);Siero;Asturias;España;;;;;J. C. Fdez Rguez;J. C. Fdez Rguez;;;6;2;B;HYM-6.2.B.6;;;;;
BOS-HYM-N04313;Ichneumonidae;Ichneumon sp.;28/10/1994;Villar (Luarca);Valdés;Asturias;España;;;;;J. J. Porta Allende;J. J. Porta Allende;;;6;2;B;HYM-6.2.B.6;;;;;
BOS-HYM-N04314;Ichneumonidae;Anomaloninae;25/10/1994;Villar (Luarca);Valdés;Asturias;España;En hiedra florida (piscina);;;;P. Valdés García;P. Valdés García;;;6;2;B;HYM-6.2.B.6;;;;Ophion?;
BOS-HYM-N04315;Ichneumonidae;Netelia sp.;25/08/1994;Logroño;Logroño;La Rioja;España;;;;;Mª José Bañuelos;Mª José Bañuelos;;;6;2;B;HYM-6.2.B.6;;;;Ophion luteus;
BOS-HYM-N04316;Ichneumonidae;Enicospilus sp.;05/08/1994;Deva ;Gijón;Asturias;España;Prado, sol;;;;J. J. Porta Allende;J. J. Porta Allende;;;6;2;B;HYM-6.2.B.6;;;;Ophion sp.;
BOS-HYM-N04317;Ichneumonidae;Netelia sp.;26/10/1994;Villar (Luarca);Valdés;Asturias;España;En flor de hiedra, sol;;;;Pablo Valdés;P. Valdés;;;6;2;B;HYM-6.2.B.6;;;;Ophioninos, Netelia?;
BOS-HYM-N04318;Ichneumonidae;Netelia sp.;16/10/1994;El Berrón;Siero;Asturias;España;;;;;J. C. Fdez Rguez;J. C. Fdez Rguez;;;6;2;B;HYM-6.2.B.6;;;;Ophion;
BOS-HYM-N04319;Ichneumonidae;Anomaloninae;26/10/1994;Luarca;Valdés;Asturias;España;;;;;Clara Glez Muñoz;Clara Glez Muñoz;;;6;2;B;HYM-6.2.B.6;;;;Ophion sp.;
BOS-HYM-N04320;Ichneumonidae;Netelia sp.;30/10/1995;Oviedo;Oviedo;Asturias;España;;;;;Santiago Fdez;Belén Sáinz S.;;;6;2;B;HYM-6.2.B.6;;;;Ichneumonidae;
BOS-HYM-N04321;Ichneumonidae;Netelia sp.;23/05/1997;Rodiles;;;España;;;;;J. Antuña;J. Antuña;;;6;2;B;HYM-6.2.B.6;;;;Ophion luteus;
BOS-HYM-N04322;Ichneumonidae;Anomaloninae;01/11/1995;Luarca;Valdés;Asturias;España;;;;;Alejandro Varas;Alejandro Varas;;;6;2;B;HYM-6.2.B.6;;;;Netelia testaceus;
BOS-HYM-N04323;Ichneumonidae;Ophion luteus;_/05/1996;Pola de Laviana;Laviana;Asturias;España;;;;;Begoña Sastre;Begoña Sastre;;;6;2;B;HYM-6.2.B.6;;;;;
BOS-HYM-N04324;Ichneumonidae;Rhyssa sp.;02/06/1994;Avilés;Avilés;Asturias;España;;;;Hembra;A. Quirós;A. Quirós;;;6;2;B;HYM-6.2.B.6;;;;;
BOS-HYM-N04325;Ichneumonidae;Lissonota setosa;_/08/1996;La Rúa ;Valdeorras;Orense;España;;;;;Olga Sáez;Olga Sáez;;;6;2;B;HYM-6.2.B.6;;;;;
BOS-HYM-N04326;Ichneumonidae;Ichneumon sp.;15/08/1994;Luanco;Gozón;Asturias;España;;;;;M. D. Artime García;M. D. Artime García;;;6;2;B;HYM-6.2.B.6;;;;;
BOS-HYM-N04327;Ichneumonidae;Lissonota setosa/Ephialtes manifestator;03/09/1996;Felechosa;;;España;;;;;Andrés Fdz;Andrés Fdz;;;6;2;B;HYM-6.2.B.6;;;;Rhysa persuasoria;
BOS-HYM-N04328;Ichneumonidae;Pimpla instigator;30/10/1998;Sta. Eulalia ;Oscos;Asturias;España;;;;;Lucía Elguezabal;Lucía Elguezabal;;;6;2;B;HYM-6.2.B.6;;;;;
BOS-HYM-N04329;Ichneumonidae;Exephones sp.;30/10/1995;Luarca;Valdés;Asturias;España;Prado;;;;Eduardo Díaz;Eduardo Díaz;;;1;3;;Caja moho 5;;;Tiene moho;;
BOS-HYM-N04330;Ichneumonidae;Ichneumon sp.;04/10/1995;Zona del Teleno;Astorga;León;España;En el suelo;;;;J. A. Vigil Lagranda;J. A. Vigil Lagranda;;;6;2;B;HYM-6.2.B.6;;;;;
BOS-HYM-N04331;Ichneumonidae;Theronia;25/09/1995;La Manjoya;Oviedo;Asturias;España;;;;;Carmen Alonso;J. L. Glez Vecino;;;1;3;;Caja moho 5;;;Tiene moho;;
BOS-HYM-N04332;Ichneumonidae;Pimpla;05/08/1995;La Manjoya;Oviedo;Asturias;España;;;;;Carmen Alonso;J. L. Glez Vecino;;;6;2;B;HYM-6.2.B.6;;;;;
BOS-HYM-N04333;Ichneumonidae;Evania punctata;08/08/1995;Las Palmas;;;España;Sobre una buganvilla;;;;J. L. Glez Vecino;J. L. Glez Vecino;;;6;2;B;HYM-6.2.B.6;;;;;
BOS-HYM-N04334;Ichneumonidae;Pyramidophorus sp.;_/10/1994;Somió;Gijón;Asturias;España;;;;;Brezo Mtz;Brezo Mtz;;;6;2;B;HYM-6.2.B.6;;;;;
BOS-HYM-N04335;Ichneumonidae;;21/10/1995;Serín;Gijón;Asturias;España;;;;;B. Sáinz S.;Belén Sánz S.;;;6;2;B;HYM-6.2.B.6;;;;;
BOS-HYM-N04336;Pompilidae;;05/06/1997;Rodiles;Villaviciosa;Asturias;España;;;;Hembra;J. Antuña;;;;6;2;B;HYM-6.2.B.6;;;;;
BOS-HYM-N04337;Ichneumonidae;Ichneumon sp.;01/11/1995;Valdés;Valdés;Asturias;España;;;;;Fco. Carlón;Fco. Carlón;;;6;2;B;HYM-6.2.B.6;;;;;
BOS-HYM-N04338;Ichneumonidae;Pterocormus erythraceus;25/10/1994;La Figal (Luarca);Valdés;Asturias;España;En avellano;;;Macho;Pablo Valdés;P. Valdés García;;;6;2;B;HYM-6.2.B.6;;;;;
BOS-HYM-N04339;Ichneumonidae;Cryptinae;25/10/1994;Ablanedo (Luarca);Valdés;Asturias;España;Sobre hiedra;;;;Brezo Mtz;Brezo Mtz;;;6;2;B;HYM-6.2.B.6;;;;;
BOS-HYM-N04340;Ichneumonidae;Cryptinae;25/10/1994;La Figal (Luarca);Valdés;Asturias;España;En avellano;;;Macho;P. Valdés García;P. Valdés García;;;6;2;B;HYM-6.2.B.6;;;;;
BOS-HYM-N04341;Ichneumonidae;Cryptinae;25/10/1994;Figal (Luarca);Valdés;Asturias;España;;;;;Brezo Mtz;Brezo Mtz;;;6;2;B;HYM-6.2.B.6;;;;;
BOS-HYM-N04342;Ichneumonidae;;26/10/1994;Figal (Luarca);Valdés;Asturias;España;;;;;Brezo Mtz;Brezo Mtz;;;6;2;B;HYM-6.2.B.6;;;;Cta choris sp. (Cynipedos);
BOS-HYM-N04343;Pompilidae;;Año 1991;La Robla;La Robla;León;España;;;;Hembra;E. G. V.;E. B. G.;;;6;2;B;HYM-6.2.B.6;;;;Ichneumoninae;Sphecidae
BOS-HYM-N04344;Torymidae;Torymus nigricornis;_/10/1989;Villar (Luarca);Valdés;Asturias;España;;;;;A. Anadón;;;;6;2;B;HYM-6.2.B.6;;;;Chalcididae;
BOS-HYM-N04345;Apidae;Bombus lucorum;20/04/1993;Villamayor;Piloña;Asturias;España;;;;;Conchita Gálvez;Conchita Gálvez;;;6;2;B;HYM-6.2.B.7;;;;;
BOS-HYM-N04346;Apidae;Bombus terrestris/lucorum;27/03/1982;Lugones;Siero;Asturias;España;;;;Hembra;Rafael Sánchez M.;;;;1;3;;Caja moho 5;;;Tiene moho;;
BOS-HYM-N04347;Apidae;Bombus terrestris;07/04/1988;Rodiles;;;España;En prado;;;;Ester Orviz;Nerea Urizar;;;6;2;B;HYM-6.2.B.7;;;;;
BOS-HYM-N04348;Apidae;Bombus terrestris;30/01/1988;Carril bici Naranco (Oviedo);Oviedo;Asturias;España;Carril bici;;;;Juan Carlos Ruiz;Juan Carlos Ruiz;;;1;3;;Caja moho 5;;;Tiene moho;Bombus lucorum;
BOS-HYM-N04349;Apidae;Bombus terrestris;17/07/1986;Elgóibar;Elgóibar;Guipúzcoa;España;;;;;M. Arriola;Eva Aguirre;;;1;3;;Caja moho 5;;;Tiene moho;;
BOS-HYM-N04350;Apidae;Bombus terrestris/lucorum;_/04/1982;Santander (cercanías);Santander;Cantabria;España;;;;;;;;;6;2;B;HYM-6.2.B.7;;;;Himenópteros;
BOS-HYM-N04351;Apidae;Bombus hortorum;_/08/2008;Oviedo;Oviedo;Asturias;España;;;;;Javier Fdez Fdez;;;;6;2;B;HYM-6.2.B.7;;;;;
BOS-HYM-N04352;Apidae;Bombus terrestris;03/04/1993;Contrueces;Gijón;Asturias;España;;;;Hembra;Ángeles Mtez;Ángeles Mtez;;;6;2;B;HYM-6.2.B.7;;;;;
BOS-HYM-N04353;Apidae;Bombus terrestris;11/11/1992;Oviedo (facultad);Oviedo;Asturias;España;;;;;Antonio Fernández;Antonio Fernández;;;6;2;B;HYM-6.2.B.7;;;;;
BOS-HYM-N04354;Apidae;Bombus terrestris/lucorum;08/11/1992;Tineo;Tineo;Asturias;España;;;;;César García;Elvira García;;;6;2;B;HYM-6.2.B.7;;;;Bombus lucorum;
BOS-HYM-N04355;Apidae;Bombus terrestris;20/03/1981;Mieres;Mieres;Asturias;España;Huerta;;;;A. Abril;A. Abril;;;6;2;B;HYM-6.2.B.7;;;;;
BOS-HYM-N04356;Apidae;Bombus terrestris;27/02/1982;Oviñana;Oviñana;Asturias;España;;;;;J. A. Cabal;;;;1;3;;Caja moho 5;;;Tiene moho;Himenópteros;
BOS-HYM-N04357;Apidae;Bombus lucorum;07/05/1982;La Isla;Colunga;Asturias;España;Prado con flores;;11 h;;Mª José Álvarez;;;;1;3;;Caja moho 5;;;Tiene moho;;
BOS-HYM-N04358;Apidae;Bombus lucorum;01/05/1981;La Isla;;Asturias;España;;;;;Margarita Ojea;Margarita Ojea;;;1;3;;Caja moho 5;;;Tiene moho;;
BOS-HYM-N04359;Apidae;Bombus terrestris;02/06/1981;Luena;Luena;Cantabria;España;;;;;P. Fernández;P. Fernández;;;1;3;;Caja moho 5;;;Tiene moho;;
BOS-HYM-N04360;Apidae;Bombus terrestris;15/07/1992;Piedras Blancas;Castrillón;Asturias;España;;;;;Paqui Morán;;;;6;2;B;HYM-6.2.B.7;;;;;
BOS-HYM-N04361;Apidae;Bombus terrestris;06/08/1992;Lebeña;Cillorigo de Liébana;Cantabria;España;;;;;Ángela Fdez;Ángel Serdio;;;1;3;;Caja moho 5;;;Tiene moho;;
BOS-HYM-N04362;Apidae;Bombus soroeensis;24/04/1993;Mares;Gijón;Asturias;España;;;;Hembra;Ángeles Mtez;Ángeles Mtez;;;6;2;B;HYM-6.2.B.7;;;;;
BOS-HYM-N04363;Apidae;Bombus terrestris/lucorum;_/07/1993;Piedras Blancas;;;España;;;;;Juan José Castro;;;;1;3;;Caja moho 5;;;Tiene moho;Bombus terrestris;
BOS-HYM-N04364;Apidae;Bombus lucorum;15/08/1993;Arnao;Castrillón;Asturias;España;;;;;Ricardo R. Fdez;;;;1;3;;Caja moho 5;;;Tiene moho;Bombus terrestris;
BOS-HYM-N04365;Apidae;Bombus lucorum;25/05/1993;Oviedo;Oviedo;Asturias;España;;;;;M. Antoñanzas;M. Antoñanzas;;;1;3;;Caja moho 5;;;Tiene moho;Bombus terrestris;
BOS-HYM-N04366;Apidae;Bombus lucorum;03/06/1992;Pruvia (Soto de Llanera);Llanera;Asturias;España;;;;;P. Uría Tejero;Pilar Uría Tejero;;;1;3;;Caja moho 5;;;Tiene moho;Bombus terrestris;
BOS-HYM-N04367;Apidae;Bombus lucorum;12/05/1990;Rodiles;;;España;Borde carretera;;;Hembra;Fernando Cardesín;Fernando Cardesín;;;6;2;B;HYM-6.2.B.7;;;Recién muerto;;
BOS-HYM-N04368;Apidae;Bombus terrestris;10/11/1992;Rasines;Rasines;Cantabria;España;;;;;A. Bonachea;A. Bonachea;;;6;2;B;HYM-6.2.B.7;;;;;
BOS-HYM-N04369;Apidae;Bombus terrestris;01/12/1992;Santander;Santander;Cantabria;España;;;;Hembra;Magdalena Sanz;M. Sanz;;;6;2;B;HYM-6.2.B.7;;;;;
BOS-HYM-N04370;Apidae;Bombus terrestris;01/10/1991;Santander;Santander;Cantabria;España;;;;Hembra;Ana I. García;Ana I. García;;;1;3;;Caja moho 5;;;Tiene moho;;
BOS-HYM-N04371;Apidae;Bombus terrestris/lucorum;31/05/1992;Pajares;Lena;Asturias;España;;;;;A. Fdez Ojanguren;A. Fdez Ojanguren;;;6;2;B;HYM-6.2.B.7;;;;Bombus terrestris;
BOS-HYM-N04372;Apidae;Bombus lucorum;06/05/1990;Garandilla;;León;España;;;;;M. J. Suárez;M. J. Suárez;;;6;2;B;HYM-6.2.B.7;;;;Bombus terrestris;
BOS-HYM-N04373;Apidae;Bombus soroeensis;15/08/1988;Bañugues;Gozón;Asturias;España;;;;;L. Lozano;L. Lozano;;;6;2;B;HYM-6.2.B.7;;;;Bombus terrestris;
BOS-HYM-N04374;Apidae;Bombus soroeensis;14/06/1992;Avilés;Avilés;Asturias;España;;;;;Sara R. Fdez Fdez;Sara R. Fdez Fdez;;;6;2;B;HYM-6.2.B.7;;;;Bombus terrestris;
BOS-HYM-N04375;Apidae;Bombus terrestris/lucorum/soroeensis;03/05/1982;Molleda;Corvera;Asturias;España;Madera;;;;Francisco García;;;;1;3;;Caja moho 5;;;Tiene moho;Himenópteros;
BOS-HYM-N04376;Apidae;Bombus terrestris/soroeensis;06/11/1992;Riaño;Langreo;Asturias;España;;;;;Mar Varela;Mar Varela;;;6;2;B;HYM-6.2.B.7;;;;Bombus terrestris;
BOS-HYM-N04377;Apidae;Bombus terrestris/lucorum;10/03/1992;Pillarno;Castrillón;Asturias;España;;;;;R. Julia Rguez;R. Julia Rguez;;;6;2;B;HYM-6.2.B.7;;;;Bombus terrestris;
BOS-HYM-N04378;Apidae;Bombus terrestris/lucorum/soroeensis;05/05/1983;La Isla;;Asturias;España;Prado siega sobre flor;0 m;16 h;;A. Fonseca;A. Fonseca;;;1;3;;Caja moho 5;;;Tiene moho;Bombus terrestris;
BOS-HYM-N04379;Apidae;Bombus terrestris/lucorum;28/08/1989;San Sebastián;San Sebastián;Guipúzcoa;España;;;;;I. Garai;I. Garai;;;1;3;;Caja moho 5;;;Tiene moho;Bombus terrestris;
BOS-HYM-N04380;Apidae;Bombus terrestris/lucorum/soroeensis;28/05/1990;Salave;Tapia;Asturias;España;;;;;Damiana González Fernández;Carlos J. Fco;;;6;2;B;HYM-6.2.B.7;;;;Bombus lucorum;
BOS-HYM-N04381;Apidae;Bombus terrestris/lucorum/soroeensis;23/05/1982;Vallinas;Mieres;Asturias;España;;;;Hembra;E. Sierra;;;;1;3;;Caja moho 5;;;Tiene moho;;
BOS-HYM-N04382;Apidae;Bombus terrestris/lucorum/soroeensis;_/05/1982;La Manjoya;Oviedo;Asturias;España;;;;;Adela Martínez;;;;1;3;;Caja moho 5;;;Tiene moho;;
BOS-HYM-N04383;Apidae;Bombus terrestris/lucorum;16/08/1980;Oviedo;Oviedo;Asturias;España;;;;Hembra;A. Bode;A. Bode;;;1;3;;Caja moho 5;;;Tiene moho;;
BOS-HYM-N04384;Apidae;Bombus terrestris/lucorum/soroeensis;05/05/1982;Trasona;Corvera;Asturias;España;;;;;A. Villarón;;;;6;2;B;HYM-6.2.B.7;;;;Bombus terrestris;
BOS-HYM-N04385;Apidae;Bombus terrestris/lucorum/soroeensis;23/06/1990;Naranco (Oviedo);Oviedo;Asturias;España;;;;;M. José Saiz;M. José Saiz;;;6;2;B;HYM-6.2.B.7;;;;Bombus hortorum;
BOS-HYM-N04386;Apidae;Bombus terrestris/lucorum/soroeensis;23/05/1990;Salave;Tapia;Asturias;España;;;;;Damiana González Fernández;Damiana González Fernández;;;6;2;B;HYM-6.2.B.7;;;;Bombus terrestris;
BOS-HYM-N04387;Apidae;Bombus terrestris/lucorum/soroeensis;10/06/1990;Oviedo;Oviedo;Asturias;España;;;;;J. Riera;J. Riera;;;1;3;;Caja moho 5;;;Tiene moho;Bombus lucorum;
BOS-HYM-N04388;Apidae;Bombus terrestris/lucorum/soroeensis;19/06/1982;Naranco (Oviedo);Oviedo;Asturias;España;;;14 h;;D. Fuente;;;;1;3;;Caja moho 5;;;Tiene moho;Bombus agrorum;
BOS-HYM-N04389;Apidae;Bombus terrestris/lucorum;12/08/1992;Pola de Lena;Lena;Asturias;España;;;;;Julia Argüelles;Julia Argüelles;;;6;2;B;HYM-6.2.B.7;;;;Bombus terrestris;
BOS-HYM-N04390;Apidae;Bombus terrestris/lucorum;25/08/1982;Lorenzana;Cuadros;León;España;;;;Hembra;M. C. Gutiérrez;;;;1;3;;Caja moho 5;;;Tiene moho;Bombus terrestris;
BOS-HYM-N04391;Apidae;Bombus terrestris/lucorum;26/07/1981;Perlora;Carreño;Asturias;España;;;;;Gracia Fdez;Gracia Fdez;;;1;3;;Caja moho 5;;;Tiene moho;Himenópteros;
BOS-HYM-N04392;Apidae;Bombus terrestris/lucorum;24/10/_;Luarca;Valdés;Asturias;España;;;;;Elena;;;;1;3;;Caja moho 5;;;Tiene moho;;
BOS-HYM-N04393;Apidae;Bombus terrestris/lucorum/soroeensis;13/07/1989;S. Pedro (Soto de Luiña);Cudillero;Asturias;España;;;;;Nieves Egocheaga;N. Egocheaga;;;6;2;B;HYM-6.2.B.7;;;;Bombus terrestris;
BOS-HYM-N04394;Apidae;Bombus lucorum;27/07/1992;Vitoria;Vitoria;Álava;España;;;;Hembra;J. Zalama Tena;Juan Zalama;;;1;3;;Caja moho 5;;;Tiene moho;;
BOS-HYM-N04395;Apidae;Bombus lucorum;08/11/1992;El Cordal (Moreda);;Asturias;España;;;;Hembra;Mª Julia Glez Santos;Mª Julia Glez;;;1;3;;Caja moho 5;;;Tiene moho;;
BOS-HYM-N04396;Apidae;Bombus terrestris/lucorum/soroeensis;04/05/1982;La Isla;;Asturias;España;;;;Hembra;J. Lobera;J. Lobera;;;1;3;;Caja moho 5;;;Tiene moho;Bombus terrestris;
BOS-HYM-N04397;Apidae;Bombus terrestris/lucorum/soroeensis;13/05/1990;Lastres;Colunga;Asturias;España;Prado;;;;Ramón Garrido;Ramón Garrido;;;6;2;B;HYM-6.2.B.7;;;;Bombus terrestris;
BOS-HYM-N04398;Apidae;Bombus lucorum/soroeensis;20/08/1993;Chalana;Laviana;Asturias;España;;;;Hembra;Antonio Fernández;Antonio Fernández;;;6;2;B;HYM-6.2.B.7;;;;Bombus terrestris;
BOS-HYM-N04399;Apidae;Bombus terrestris/lucorum/soroeensis;14/07/1992;Vitoria;Vitoria;Álava;España;;;;Macho;Juan Zalama;Juan Zalama;;;1;3;;Caja moho 5;;;Tiene moho;Bombus terrestris;
BOS-HYM-N04400;Apidae;Bombus terrestris/lucorum;10/07/1993;Bedoya;Liébana;Cantabria;España;;;;;Ángela F. Roiz;Ángela F. Roiz;;;1;3;;Caja moho 5;;;Tiene moho;Bombus terrestris;
BOS-HYM-N04401;Apidae;Psithyrus campestris/rupestris;04/11/2006;La Nisal;Cangas del Narcea;Asturias;España;Prado;;;;Daniel Rodríguez Fdez;Daniel Rodríguez Fdez;;;6;2;B;HYM-6.2.B.7;;;;Psithyrus campestris;
BOS-HYM-N04402;Apidae;Bombus terrestris/lucorum;07/07/1992;Isla;;Cantabria;España;;;;;Marta Pérez Lastra;A. Pérez Lastra;;;6;2;B;HYM-6.2.B.7;;;;Bombus terrestris;
BOS-HYM-N04403;Apidae;Bombus terrestris/lucorum;20/04/1992;Otur (Luarca);Valdés;Asturias;España;;;;Hembra;Ángeles Fdez I.;;;;6;2;B;HYM-6.2.B.7;;;;Bombus terrestris;
BOS-HYM-N04404;Apidae;Bombus terrestris;15/08/1989;;;Cantabria;España;;;;;Clemen. Arrozam;;;;1;3;;Caja moho 5;;;Tiene moho;;
BOS-HYM-N04405;Apidae;Bombus lucorum;_/08/1991;Luanco;Gozón;Asturias;España;;;;;J. Aurelio Delgado;;;;1;3;;Caja moho 5;;;Tiene moho;Bombus terrestris;
BOS-HYM-N04406;Apidae;Bombus terrestris/lucorum;17/05/1993;Contrueces;Gijón;Asturias;España;;;;;Sonia Glez;Sonia Glez;;;1;3;;Caja moho 5;;;Tiene moho;Bombus terrestris;
BOS-HYM-N04407;Apidae;Bombus terrestris;15/09/1992;Castiello;Gijón;Asturias;España;;;;Hembra;A. Remacha;A. Remacha;;;1;3;;Caja moho 5;;;Tiene moho;;
BOS-HYM-N04408;Apidae;Bombus lucorum;14/10/2007;Talarén;Navia;Asturias;España;;;;;M. Pérez Glez;M. Pérez Glez;;;6;2;B;HYM-6.2.B.7;;;;;
BOS-HYM-N04409;Apidae;Bombus lucorum;_/11/2007;El Rodaco;Grado;Asturias;España;;;;;C. Prendes Pérez;C. Prendes Pérez;;;6;2;B;HYM-6.2.B.7;;;;;
BOS-HYM-N04410;Apidae;Bombus terrestris/lucorum;28/04/1990;Tornón;Villaviciosa;Asturias;España;Sobre una flor;;;;Carlos Felgueres;C. Felgueres;;;6;2;B;HYM-6.2.B.7;;;;Bombus terrestris;
BOS-HYM-N04411;Apidae;Bombus lucorum;12/08/1990;Germonde;Valdés;Asturias;España;;;;;J. Ramón Glez Glez;;;;6;2;B;HYM-6.2.B.7;;;;;
BOS-HYM-N04412;Apidae;Bombus terrestris/soroeensis;21/10/2007;Campomanes;Lena;Asturias;España;Casa;;;Hembra;Soraya Glez;Soraya Glez;;;6;2;B;HYM-6.2.B.7;;;;;
BOS-HYM-N04413;Apidae;Bombus terrestris;10/01/2008;Villar;;;España;Prado;;;;Ana Mª Rubio D.;Úrsula G. R.;;;6;2;B;HYM-6.2.B.7;;;;;
BOS-HYM-N04414;Apidae;Bombus lucorum;Verano 2007;Gijón;Gijón;Asturias;España;;;;;Carlos Gutiérrez;Carlos Gutiérrez;;;6;2;B;HYM-6.2.B.7;;;;;
BOS-HYM-N04415;Apidae;Bombus sp.;05/05/2007;Celles;;;España;;;;;J. Javier del Blanco;Enrique Prado;;;6;2;B;HYM-6.2.B.7;;;;Bombus cullumanus;
BOS-HYM-N04416;Apidae;Bombus terrestris/lucorum;03/05/1982;Campos del Cristo (Oviedo);Oviedo;Asturias;España;;;;;Jesús Mª Burgués;Jesús Mª Burgués;;;6;2;B;HYM-6.2.B.7;;;Tiene insectos parásitos;Bombus terrestris;
BOS-HYM-N04417;Apidae;Bombus terrestris/lucorum/soroeensis;29/04/2007;Tineo;Tineo;Asturias;España;Pinar;;;Hembra;Sergio Jorge;;;;6;2;B;HYM-6.2.B.7;;;;Bombus lucorum;
BOS-HYM-N04418;Apidae;Bombus terrestris;_/08/2007;Pravia;Pravia;Asturias;España;Flores;;;;Pablo M. P. ;Pablo M. P. ;;;6;2;B;HYM-6.2.B.7;;;Tiene moho;;
BOS-HYM-N04419;Apidae;Bombus lucorum;_/11/2007;Talarén;Navia;Asturias;España;;;;;Marta Fdez González;Melodi Boosoño;;;6;2;B;HYM-6.2.B.7;;;;Bombus terrestris;
BOS-HYM-N04420;Apidae;Bombus terrestris/lucorum;04/11/2006;La Nisal;Cangas del Narcea;Asturias;España;Prado;;;Hembra;Daniel Rodríguez Fdez;Daniel Rodríguez Fdez;;;6;2;B;HYM-6.2.B.7;;;;Bombus lucorum;
BOS-HYM-N04421;Apidae;Bombus lucorum;14/10/2006;Sta. Eulalia de Nembro (Luanco);Gozón;Asturias;España;Prado;;;Hembra;J. Javier del Blanco;J. Javier del Blanco;;;6;2;B;HYM-6.2.B.7;;;;;
BOS-HYM-N04422;Apidae;Bombus pascuorum/muscorum/humilis;13/08/1993;Somió;Gijón;Asturias;España;;;;;Guillermo G. Soto;Guillermo G. Soto;;;6;2;B;HYM-6.2.B.8;;;;Bombus variabilis;
BOS-HYM-N04423;Apidae;Bombus pascuorum/muscorum/humilis;31/07/1992;El Castro;Castrillón;Asturias;España;;;;;Paqui Morán;;;;1;3;;Caja moho 5;;;Tiene moho;Bombus variabilis;
BOS-HYM-N04424;Apidae;Bombus pascuorum;_/05/1993;Riaño;Langreo;Asturias;España;;;;;Mar Varela;Mar Varela;;;1;3;;Caja moho 5;;;Tiene moho;Bombus agrorum;
BOS-HYM-N04425;Apidae;Bombus pascuorum;26/07/1992;Casa del Puerto;Tineo;Asturias;España;;;;Hembra;Mª Elvira García;Elvira García;;;1;3;;Caja moho 5;;;Tiene moho;Bombus agrorum;
BOS-HYM-N04426;Apidae;Bombus muscorum/humilis;13/03/1993;Pedroveya (Las Caldas);;Asturias;España;Zona herbácea;;15 h;;A. Fdez García;A. Fdez García;;;6;2;B;HYM-6.2.B.8;;;;Bombus variabilis;
BOS-HYM-N04427;Apidae;Bombus pascuorum;23/07/1988;Cordal del Peón;;Asturias;España;;;;Hembra;Carmen de Miguel;Carmen de Miguel;;;6;2;B;HYM-6.2.B.8;;;;Bombus cognatus;
BOS-HYM-N04428;Apidae;Bombus pascuorum/humilis;Verano 1988;Charca de Latores;Oviedo;Asturias;España;Charca de Latores;;;;F. Graña;;;;6;2;B;HYM-6.2.B.8;;;;Bombus variabilis;
BOS-HYM-N04429;Apidae;Bombus pascuorum;23/10/1990;Avin;Onís;Asturias;España;;;;;María Herrero;María Herrero;;;6;2;B;HYM-6.2.B.8;;;;;
BOS-HYM-N04430;Apidae;Bombus pascuorum/muscorum/humilis;30/06/1988;Olloniego;Oviedo;Asturias;España;;;;;Paulino Bárcena;Paulino Bárcena;;;1;3;;Caja moho 6;;;Tiene moho;Bombus pascuorum;
BOS-HYM-N04431;Apidae;Bombus pascuorum/muscorum/humilis;12/07/1989;Oviedo;Oviedo;Asturias;España;;;;;S. Pascual;S. Pascual;;;1;3;;Caja moho 6;;;Tiene moho;Bombus variabilis;
BOS-HYM-N04432;Apidae;Bombus pascuorum/muscorum/humilis;01/06/1992;La Magdalena;Avilés;Asturias;España;En un mato con flores;;;;Elvira López Ugarte;Elvira García;;;6;2;B;HYM-6.2.B.8;;;;Bombus cognatus;
BOS-HYM-N04433;Apidae;Bombus pascuorum;21/10/1991;Avín;Onís;Asturias;España;;;;Hembra;A. Fdez Ojanguren;A. Fdez Ojanguren;;;6;2;B;HYM-6.2.B.8;;;;;
BOS-HYM-N04434;Apidae;Bombus pascuorum;29/05/1982;Campa de Torres;Gijón;Asturias;España;Flores;;;Hembra;Ana Suárez Díaz;;;;6;2;B;HYM-6.2.B.8;;;;;
BOS-HYM-N04435;Apidae;Bombus pascuorum;10/05/1992;Campos del Cristo (Oviedo);Oviedo;Asturias;España;;;;;Jesús Mª Burgués;Jesús Mª Burgués;;;6;2;B;HYM-6.2.B.8;;;;;
BOS-HYM-N04436;Apidae;Bombus pascuorum/muscorum/humilis;19/09/1991;Agones;Pravia;Asturias;España;;;;;Antero Mdz C. J.;Antero Mdz C. J.;;;6;2;B;HYM-6.2.B.8;;;;Bombus agrorum;
BOS-HYM-N04437;Apidae;Bombus pascuorum/muscorum/humilis;01/05/1993;Oviedo;Oviedo;Asturias;España;;;;;Alberto Luengo;Julia Argüelles;;;6;2;B;HYM-6.2.B.8;;;;Bombus cognatus;
BOS-HYM-N04438;Apidae;Bombus pascuorum/muscorum/humilis;10/08/1988;Bañugues;Gozón;Asturias;España;;;;Hembra;L. Lozano;L. Lozano;;;6;2;B;HYM-6.2.B.8;;;;Bombus variabilis;
BOS-HYM-N04439;Apidae;Bombus pascuorum/muscorum/humilis;02/09/1992;Coviella;Cangas de Onís;Asturias;España;;;;;Luis Cabo;Luis Cabo;;;6;2;B;HYM-6.2.B.8;;;;Bombus variabilis;
BOS-HYM-N04440;Apidae;Bombus pascuorum;03/06/1982;Santonia;Candás;Asturias;España;;;;;Sheila Prieto;P. Menénd.;;;1;3;;Caja moho 6;;;Tiene moho;Bombus;
BOS-HYM-N04441;Apidae;Bombus pascuorum;15/09/1981;Fadura;Getxo;Vizcaya;España;Matorral;;19 h;;Margarita Ojea;Margarita Ojea;;;1;3;;Caja moho 6;;;Tiene moho;Bombus agrorum;
BOS-HYM-N04442;Apidae;Bombus pascuorum/muscorum/humilis;14/07/1990;Pola de Gordón;Pola de Gordón;León;España;;;;;Gonzalo Rguez;M. J. Rguez Palacio;;;6;2;B;HYM-6.2.B.8;;;;Bombus pratorum;
BOS-HYM-N04443;Apidae;Bombus pascuorum;04/04/1993;Rasines;Rasines;Cantabria;España;;;;;A. Bonachea;A. Bonachea Hdez;;;6;2;B;HYM-6.2.B.8;;;;Bombus protorum;
BOS-HYM-N04444;Apidae;Bombus pascuorum;11/09/1992;Luanco;Gozón;Asturias;España;;;;;Fernando F. Cobas;Fernando F. Cobas;;;6;2;B;HYM-6.2.B.8;;;;Andrena fulva;
BOS-HYM-N04445;Apidae;Bombus pascuorum;12/08/1992;Santurio;Gijón;Asturias;España;;;;;Adelino Álvarez;;;;1;3;;Caja moho 6;;;Tiene moho, sobre todo la etiqueta;;
BOS-HYM-N04446;Apidae;Bombus pascuorum/muscorum/humilis;24/05/1992;Teboyas;Castrillón;Asturias;España;;;;Hembra;Sara R. Fdez Fdez;Sara R. Fdez Fdez;;;6;2;B;HYM-6.2.B.8;;;;Bombus pascuorum;
BOS-HYM-N04447;Apidae;Bombus pascuorum;24/09/1989;Friera;;Asturias;España;;;;;Gonzalo Rdguez;Gonzalo Rdguez;;;6;2;B;HYM-6.2.B.8;;;;Bombus sp.;
BOS-HYM-N04448;Apidae;Bombus pascuorum;23/10/1991;Avín;Onís;Asturias;España;;;;Hembra;David Álvarez Fdez;David Álvarez Fdez;;;6;2;B;HYM-6.2.B.8;;;;;
BOS-HYM-N04449;Apidae;Bombus pascuorum;29/05/1993;Reguerines;La Felguera;Asturias;España;;;;;Pilar Iglesias;;;;6;2;B;HYM-6.2.B.8;;;;Bombus variabilis;
BOS-HYM-N04450;Apidae;Bombus pascuorum;_/03/1993;Bocines;Gozón;Asturias;España;;;;;M. Echeverría;M. Echeverría;;;6;2;B;HYM-6.2.B.8;;;;;
BOS-HYM-N04451;Apidae;Bombus pascuorum;05/05/1990;Oviedo;Oviedo;Asturias;España;;;;;J. Garai;J. Garai;;;6;2;B;HYM-6.2.B.8;;;;Bombus variabilis;
BOS-HYM-N04452;Apidae;Bombus pascuorum/muscorum/humilis;15/09/1992;Luanco;Gozón;Asturias;España;;;;;Fernando F. Cobas;;;;6;2;B;HYM-6.2.B.8;;;;Bombylius major;
BOS-HYM-N04453;Apidae;Bombus pascuorum;23/10/1989;Villar (Luarca);Valdés;Asturias;España;;;;;Diego Alvarado;Diego Alvarado;;;6;2;B;HYM-6.2.B.8;;;;Bombus sp.;
BOS-HYM-N04454;Apidae;Bombus pascuorum/muscorum/humilis;25/07/1988;Paladín;Valdesamario;León;España;;;;;Ana Fe;Eva Aguirre;;;6;2;B;HYM-6.2.B.8;;;;Bombus variabilis;
BOS-HYM-N04455;Apidae;Bombus pascuorum;_/05/1986;Alles;Peñamellera Alta;Asturias;España;;;;;J. Gil Vaquero;M. A. Díaz Díaz;;;6;2;B;HYM-6.2.B.8;;;;Bombus agrorum;
BOS-HYM-N04456;Apidae;Bombus pascuorum/muscorum/humilis;17/03/1995;El Orrin;Piloña;Asturias;España;;;;;A. Azcoitia;A. Azcoitia;;;6;2;B;HYM-6.2.B.8;;;;Bomus cognatus;
BOS-HYM-N04457;Apidae;Bombus pascuorum;30/06/1992;Margen alta del Tera (Sanabria);;Zamora;España;En vuelo entre sauces y retama;;;;Susana Barquero;Prys-Sones, Corbet;;;6;2;B;HYM-6.2.B.8;;;;Bombus muscorum;
BOS-HYM-N04458;Apidae;Bombus pascuorum/muscorum/humilis;04/08/1994;Lago Ñora;Siero;Asturias;España;;;;;J. C. Fernández;Puri Pérez;;;6;2;B;HYM-6.2.B.8;;;;Bombus cognatus;
BOS-HYM-N04459;Apidae;Bombus pascuorum/muscorum/humilis;03/01/2008;Mardana;Laviana;Asturias;España;Prado;;;Hembra;Aladino Díaz;;;;1;3;;Caja moho 6;;;Tiene moho;Bombus sp.;
BOS-HYM-N04460;Apidae;Bombus pascuorum;02/11/2007;Andarujo;;;España;;;;;Verónica Gómez;Verónica Gómez;;;6;2;B;HYM-6.2.B.8;;;;Apis mellifera;
BOS-HYM-N04461;Apidae;Bombus pascuorum/muscorum/humilis;11/11/2007;Andarujo;;;España;;;;;Verónica Gómez;Verónica Gómez;;;1;3;;Caja moho 6;;;Tiene moho;Andrena fulva;
BOS-HYM-N04462;Apidae;Bombus pascuorum/muscorum/humilis;15/01/2008;Salamio;Cudillero;Asturias;España;;;;;Andrea Arango;Andrea Arango;;;6;2;B;HYM-6.2.B.8;;;;Andrena arnuta;
BOS-HYM-N04463;Apidae;Bombus pascuorum/muscorum/humilis;_/07/2007;Sotrondio;San Martín del Rey Aurelio;Asturias;España;;;;;Lucía Ania;Lucía Ania;;;6;2;B;HYM-6.2.B.8;;;;;
BOS-HYM-N04464;Apidae;Bombus pascuorum;30/10/2007;El Andarujo;Langreo;Asturias;España;Jardín;;;;Aladino Díaz;;;;6;2;B;HYM-6.2.B.8;;;;Bombus sp.;
BOS-HYM-N04465;Apidae;Bombus pascuorum;_/08/2007;Pravia;Pravia;Asturias;España;Flores;;;;Pablo M. P.;Pablo M. P.;;;1;3;;Caja moho 6;;;Tiene moho;Hymenoptera;
BOS-HYM-N04466;Apidae;Bombus pascuorum/muscorum/humilis;07/05/2005;Puente de Cornellana;Salas;Asturias;España;;;;;M. Toriello Suárez;M. Toriello Suárez;;;6;2;B;HYM-6.2.B.8;;;;Bombus sp.;
BOS-HYM-N04467;Apidae;Bombus pascuorum;27/0?/2005;La Peña;San Martín del Rey Aurelio;Asturias;España;;;;;Judith Vidal Fdez;Judith Vidal Fdez;;;6;2;B;HYM-6.2.B.8;;;;;
BOS-HYM-N04468;Apidae;Bombus pascuorum/muscorum/humilis;10/08/2006;Cármenes;Cármenes;León;España;Prado;;;;Víctor Collar;Víctor Collar;;;6;2;B;HYM-6.2.B.8;;;;Bombylius discolor;
BOS-HYM-N04469;Apidae;Bombus pascuorum/muscorum/humilis;22/10/2005;Cancienes;Corvera;Asturias;España;Camino;;;;Laura Rancaño Fdez;Laura Rancaño Fdez;;;6;2;B;HYM-6.2.B.8;;;;Apis mellifera;
BOS-HYM-N04470;Apidae;Bombus mesomelas;24/02/2006;Cenera;;Asturias;España;;;;;Laura García;Laura García;;;6;2;B;HYM-6.2.B.8;;;;Psithyrus barbutellus;
BOS-HYM-N04471;Apidae;Bombus pascuorum;25/08/2008;Mieres;Mieres;Asturias;España;;;;Hembra;Ana Pérez;Ana Pérez;;;1;3;;Caja moho 6;;;Tiene moho;Bombus terrestris;
BOS-HYM-N04472;Apidae;Bombus distinguendus;18/10/2007;Mieres;Mieres;Asturias;España;;;;;Ana Pérez;Ana Pérez;;;1;3;;Caja moho 6;;;Tiene moho;Bombus terrestris;
BOS-HYM-N04473;Apidae;Bombus pascuorum;22/04/2006;S. Miguel de Cornezuelo;;Burgos;España;;;;;Luz Mª Cano;Luz Mª Cano;;;6;2;B;HYM-6.2.B.8;;;;Bombus sp.;
BOS-HYM-N04474;Apidae;Bombus pascuorum/muscorum/humilis;17/05/2008;Llodares;Castrillón;Asturias;España;Trébol;;;Hembra;Aida Heras Rguez;Aida Heras Rguez;;;6;2;B;HYM-6.2.B.8;;;;Bombus sp.;
BOS-HYM-N04475;Apidae;Bombus terrestris/lucorum;07/05/2005;Logrezana;Carreño;Asturias;España;;;;;Noel López;Noel López;;;6;2;B;HYM-6.2.B.9;;;;Bombus soroeensis soroeensis;
BOS-HYM-N04476;Apidae;Bombus terrestris/lucorum;05/03/2006;La Pereda;Mieres;Asturias;España;Huerta;;;Hembra;Isaac M. B.;Isaac M. B.;;;6;2;B;HYM-6.2.B.9;;;;Bombus sp.;
BOS-HYM-N04477;Apidae;Bombus terrestris/lucorum;02/04/2006;Luanco;Gozón;Asturias;España;Prado;;;;Covadonga Iglesias L.;Covadonga Iglesias L.;;;6;2;B;HYM-6.2.B.9;;;;Bombus terrestris;
BOS-HYM-N04478;Apidae;Bombus lucorum;11/06/2006;Luanco;Gozón;Asturias;España;Prado;;;Hembra;Covadonga Iglesias L.;Covadonga Iglesias L.;;;6;2;B;HYM-6.2.B.9;;;;;
BOS-HYM-N04479;Apidae;Bombus terrestris;_/11/1995;Luarca;Valdés;Asturias;España;;;;;M. A. García Pieda;M. A. García Pieda;;;6;2;B;HYM-6.2.B.9;;;;;
BOS-HYM-N04480;Apidae;Bombus terrestris;31/10/1995;Villar;Valdés;Asturias;España;;;;;Joaquín Pérez;Joaquín Pérez;;;6;2;B;HYM-6.2.B.9;;;;;
BOS-HYM-N04481;Apidae;Bombus terrestris;03/04/2006;Salamir;Cudillero;Asturias;España;Prado;;;;Daniel García Estrada;Daniel García Estrada;;;6;2;B;HYM-6.2.B.9;;;;Bombus sp.;
BOS-HYM-N04482;Apidae;Bombus terrestris/lucorum;17/05/2006;Sevares;Piloña;Asturias;España;Prado;;;;Mª Ana Escotet;Mª Ana Escotet;;;6;2;B;HYM-6.2.B.9;;;;Bombus lucorum;
BOS-HYM-N04483;Apidae;Bombus terrestris;21/05/2006;Cartavio;Coaña;Asturias;España;Jardín;;;;Gabino Braña;Gabino Braña;;;6;2;B;HYM-6.2.B.9;;;;Bombus hortorum;
BOS-HYM-N04484;Apidae;Bombus terrestris;28/11/2005;Avilés;Avilés;Asturias;España;Casa;;;Hembra;Esther Martínez;Esther Puertas;;;6;2;B;HYM-6.2.B.9;;;;Bombus hortorum;
BOS-HYM-N04485;Apidae;Bombus pratorum;12/11/2005;Lozana;Piloña;Asturias;España;Planta;;;;Sara Peri Valle;Sara Peri Valle;;;6;2;B;HYM-6.2.B.9;;;;Bombus;
BOS-HYM-N04486;Apidae;Bombus terrestris;11/11/2005;Cenera;Mieres;Asturias;España;;;;Hembra;Maximino Manuel Vicente Rodríguez;Maximino Manuel Vicente Rodríguez;;;6;2;B;HYM-6.2.B.9;;;;Bombus;
BOS-HYM-N04487;Apidae;Bombus terrestris;09/04/2006;Pola de Laviana;Laviana;Asturias;España;Sobre Tamarix;;;;P. Buelga;María Buelga;;;6;2;B;HYM-6.2.B.9;;;;;
BOS-HYM-N04488;Apidae;Bombus terrestris/lucorum;17/11/2005;Mieres;Mieres;Asturias;España;Parque;;;;Estefanía García;;;;6;2;B;HYM-6.2.B.9;;;;Bombus terrestris;
BOS-HYM-N04489;Apidae;Anthophora sp.;21/05/2006;Rengos;Cangas del Narcea;Asturias;España;Pueblo;;;;Rubén Hidalgo;Rubén Hidalgo;;;6;2;B;HYM-6.2.B.9;;;;Psithyrus campestris;
BOS-HYM-N04490;Apidae;Bombus terrestris/lucorum;12/11/2005;Avilés;Avilés;Asturias;España;Prado;;;;Tamara A. G. Antós Garrote;Tamara A. G.;;;6;2;B;HYM-6.2.B.9;;;;Bombus lucorum;
BOS-HYM-N04491;Apidae;Bombus sp.;_/07/1995;La Collada;;Asturias;España;;;;;M. A. García Pieda;M. A. García Pieda;;;1;3;;Caja moho 6;;;Tiene moho;Anthophora sp.;
BOS-HYM-N04492;Apidae;Bombus pascuorum;06/04/2006;Pola de Lena;Lena;Asturias;España;Jardín;;;;Ana Fdez;Ana Fdez;;;6;2;B;HYM-6.2.B.9;;;;Bombus agrorum;
BOS-HYM-N04493;Apidae;Bombus pascuorum;30/07/1991;La Atalaya;Cudillero;Asturias;España;;;;Hembra;Pedro García-Rovés;;;;6;2;B;HYM-6.2.B.9;;;;;
BOS-HYM-N04494;Apidae;Bombus pascuorum;11/11/2005;Cenera;Mieres;Asturias;España;Área recreativa;;;;Ariana Vegas Mtnez;Ariana Vegas;;;1;3;;Caja moho 6;;;Tiene moho;Bombus sp.;
BOS-HYM-N04495;Apidae;Anthophora sp.;02/04/2006;Luanco;Gozón;Asturias;España;Prado;;;;Covadonga Iglesias L.;Covadonga Iglesias L.;;;6;2;B;HYM-6.2.B.9;;;;Psithyrus campestris;
BOS-HYM-N04496;Apidae;Osmia sp.;21/07/1996;La Virgen del Camino;Valverde de la Virgen;León;España;;;;;M. Gutiérrez;M. Gutiérrez;;;6;2;B;HYM-6.2.B.9;;;;Apidae;
BOS-HYM-N04497;Apidae;Apis mellifera;08/07/1996;Quintes;Gijón;Asturias;España;;;;;J. M. Cano Arias;J. M. Cano Arias;;;6;2;B;HYM-6.2.B.10;;;;;
BOS-HYM-N04498;Apidae;Apis mellifera;12/09/1980;Llanera;Llanera;Asturias;España;;;;;Ana Quero;;;;6;2;B;HYM-6.2.B.10;;;;;
BOS-HYM-N04499;Apidae;Apis mellifera;09/11/2002;Viescas;Salas;Asturias;España;;;;;Hilda Lamar;Hilda Lamar;;;6;2;B;HYM-6.2.B.10;;;;Lisioglessum calceatum;
BOS-HYM-N04500;Apidae;Andrena sp.;15/01/2004;Castañedo;Cangas del Narcea;Asturias;España;Prado;;;;Jorge Suárez;Jorge Suárez;;;6;2;B;HYM-6.2.B.10;;;;Osmia rufa;
BOS-HYM-N04501;Apidae;Apis mellifera;05/05/1998;El Cristo (Oviedo);Oviedo;Asturias;España;;;;;R. Olalla;R. Olalla;;;6;2;B;HYM-6.2.B.10;;;;;
BOS-HYM-N04502;Apidae;Apis mellifera;04/10/1997;Los Maizales;Gijón;Asturias;España;;;;;Mª José Sierra;Mª José Sierra;;;6;2;B;HYM-6.2.B.10;;;;;
BOS-HYM-N04503;Apidae;Apis mellifera;25/05/1997;Torazo;Villaviciosa;Asturias;España;;;;;Yolanda Corripio;D. de Martino;;;6;2;B;HYM-6.2.B.10;;;;;
BOS-HYM-N04504;Apidae;Apis mellifera;23/07/1997;Susacasa (Nembro);Gozón;Asturias;España;;;;;Rocío Rosa García;Rocío Rosa García;;;6;2;B;HYM-6.2.B.10;;;;;
BOS-HYM-N04505;Apidae;Anthophora sp.;06/04/1998;Lledías;Llanes;Asturias;España;;;;;Mª José Llera;Marco A. Varela;;;6;2;B;HYM-6.2.B.10;;;;Andrena labialis;
BOS-HYM-N04506;Apidae;Apis mellifera;07/08/2004;Valliniello;Avilés;Asturias;España;Prado;;;;Manuel Hdez;Manuel Hdez;;;6;2;B;HYM-6.2.B.10;;;;;
BOS-HYM-N04507;Apidae;Apis mellifera;25/10/2002;"Área recreativa ""El Cantu""";Mieres;Asturias;España;Área recreativa;;;;Elena Vidal García;Elena Vidal García;;;6;2;B;HYM-6.2.B.10;;;;;
BOS-HYM-N04508;Apidae;Apis mellifera;24/10/2003;Cenera;Mieres;Asturias;España;Prado;;;;A. Anadón;;;;6;2;B;HYM-6.2.B.10;;;;;
BOS-HYM-N04509;Apidae;Apis mellifera;11/10/2003;Oviedo;Oviedo;Asturias;España;Flor;;;;Zaida Fdez López;Zaida Fdez López;;;6;2;B;HYM-6.2.B.10;;;;;
BOS-HYM-N04510;Apidae;Apis mellifera;20/11/2002;Limés;Cangas del Narcea;Asturias;España;Prado;;;;Víctor Ml. Martínez;Víctor Ml. Martínez;;;6;2;B;HYM-6.2.B.10;;;;;
BOS-HYM-N04511;Apidae;Colletes sp.;10/05/1996;Granda;Gijón;Asturias;España;;;;Hembra;C. A. Pola;C. A. Pola;;;6;2;B;HYM-6.2.B.10;;;;Apis mellifera;
BOS-HYM-N04512;Apidae;Apis mellifera;07/05/1998;Latores;Oviedo;Asturias;España;;;;;Miguel López;Miguel López;;;6;2;B;HYM-6.2.B.10;;;;;
BOS-HYM-N04513;Apidae;Apis mellifera;22/10/1996;Luarca;Valdés;Asturias;España;;;;;M. T. Vázquez;M. T. Vázquez;;;6;2;B;HYM-6.2.B.10;;;;;
BOS-HYM-N04514;Apidae;Apis mellifera;07/04/1997;Grado;Grado;Asturias;España;;;;Macho;Alicia Polledo;Juan Luengo;;;6;2;B;HYM-6.2.B.10;;;;;
BOS-HYM-N04515;Apidae;Apis mellifera;03/11/2003;Pte los Fierros;Lena;Asturias;España;Prado;;;;Marcos Revilla;Marcos Revilla;;;6;2;B;HYM-6.2.B.10;;;;;
BOS-HYM-N04516;Apidae;Apis mellifera;01/06/2004;Baiña;Mieres;Asturias;España;Panal;;;;Ignacio Ocio;Ignacio Ocio;;;6;2;B;HYM-6.2.B.10;;;;;
BOS-HYM-N04517;Apidae;Apis mellifera;03/10/2003;Fonciello;Siero;Asturias;España;;;;;M. Loredo Prado;M. Loredo Prado;;;6;2;B;HYM-6.2.B.10;;;;;
BOS-HYM-N04518;Apidae;Apis mellifera;08/12/2002;Lieres;Siero;Asturias;España;Sótano;;;;Astor Toraño Caicoya;Graciela Rosal Palacio;;;6;2;B;HYM-6.2.B.10;;;;Hoplitis spinulosa;
BOS-HYM-N04519;Apidae;Apis mellifera;26/07/1997;Porceyo;Gijón;Asturias;España;;;;;Ana Camín Vallín;Ana Camín Vallín;;;1;3;;Caja moho 6;;;Tiene moho;Apis melifica;
BOS-HYM-N04520;Apidae;Apis mellifera;15/07/1997;Ques (Infiesto);Piloña;Asturias;España;;;;;C. Fdez Cernuda Díaz;L. Veiga Díaz;;;6;2;B;HYM-6.2.B.10;;;;;
BOS-HYM-N04521;Apidae;Apis mellifera;17/07/1997;Somió;Gijón;Asturias;España;;;;;Vanesa A. Faes;Vanesa A. Faes;;;6;2;B;HYM-6.2.B.10;;;;;
BOS-HYM-N04522;Apidae;Apis mellifera;_/09/1997;Avilés;Avilés;Asturias;España;;;;Macho;Consuelo Fdez;Patricia Mdez;;;6;2;B;HYM-6.2.B.10;;;;;
BOS-HYM-N04523;Apidae;Apis mellifera;04/12/2003;Castañedo;Cangas del Narcea;Asturias;España;;;;;Jorge Suárez;Jorge Suárez;;;1;3;;Caja moho 6;;;Tiene moho;;
BOS-HYM-N04524;Apidae;Apis mellifera;25/08/2003;Ujo;Mieres;Asturias;España;Pradera;;;;Ángela Alonso;Ángela Alonso;;;6;2;B;HYM-6.2.B.10;;;;Andrena pilipes;
BOS-HYM-N04525;Apidae;Apis mellifera;25/10/2002;Cenera;Mieres;Asturias;España;Prado;;;;Graciela Rosal Palacio;Graciela Rosal Palacio;;;6;2;B;HYM-6.2.B.10;;;;Andrena hattorfiana;
BOS-HYM-N04526;Apidae;Apis mellifera;21/12/2003;Castañera;Sariego;Asturias;España;;;;;Lorena Cubillas;Lorena Cubillas;;;6;2;B;HYM-6.2.B.10;;;;;
BOS-HYM-N04527;Apidae;Apis mellifera;22/10/1996;Luarca;Valdés;Asturias;España;;;;;Carmen Gutiérrez;Carmen Gutiérrez;;;6;2;B;HYM-6.2.B.10;;;;;
BOS-HYM-N04528;Apidae;Apis mellifera;03/03/1997;Mieres;Mieres;Asturias;España;;;;;María Lamelas;María Lamelas;;;6;2;B;HYM-6.2.B.10;;;;;
BOS-HYM-N04529;Apidae;Apis mellifera;18/04/1998;Pruvia de Arriba;Llanera;Asturias;España;;;;;Marco A. Varela;Marco A. Varela;;;6;2;B;HYM-6.2.B.10;;;;Apis mellifica;
BOS-HYM-N04530;Apidae;Andrena sp.;_/05/1996;La Isla;;;España;;;;;José A. Isla;José A. Isla;;;6;2;B;HYM-6.2.B.10;;;;;
BOS-HYM-N04531;Apidae;Apis mellifera;25/10/2002;Cenera;Mieres;Asturias;España;Pradera;;;;Daniel Glez;Daniel González;;;6;2;B;HYM-6.2.B.10;;;;Apis sp.;
BOS-HYM-N04532;Apidae;Apis mellifera;15/12/2002;Oviedo;Oviedo;Asturias;España;;;;;María Gayol;María Gayol V.;;;6;2;B;HYM-6.2.B.10;;;;;
BOS-HYM-N04533;Apidae;Apis mellifera;25/10/2002;Mieres;Mieres;Asturias;España;;;;;Ana Fdez Ordiz;Ana Fdez Ordiz;;;6;2;B;HYM-6.2.B.10;;;;Andrena pilipes;
BOS-HYM-N04534;Apidae;Apis mellifera;25/10/2002;Cenera;Mieres;Asturias;España;Pradera;;;;Astor Toraño;Astor Toraño;;;6;2;B;HYM-6.2.B.10;;;;;
BOS-HYM-N04535;Apidae;Apis mellifera;03/11/2005;La Fresneda;Siero;Asturias;España;Lugar cerrado;;;;Lucía Fdez;Lucía Fernández;;;6;2;B;HYM-6.2.B.10;;;;;
BOS-HYM-N04536;Apidae;Apis mellifera;22/07/1996;Vargas;Puente Viesgo;Cantabria;España;;;;;Sara C. V.;Sara C. V.;;;6;2;B;HYM-6.2.B.10;;;;;
BOS-HYM-N04537;Apidae;Apis mellifera;_/04/1997;Cangas del Narcea;Cangas del Narcea;Asturias;España;;;;;María P. Mora;María P. Mora;;;6;2;B;HYM-6.2.B.10;;;;;
BOS-HYM-N04538;Apidae;Apis mellifera;Verano 1996;La Cueva;Castañeda;Cantabria;España;;;;;H. Glez Schez;H. Glez Schez;;;6;2;B;HYM-6.2.B.10;;;;Apis mellifica;
BOS-HYM-N04539;Apidae;Apis mellifera;13/03/1996;Las Xanas;;Asturias;España;;;;;Isabel Mojardin;Isabel Mojardin;;;6;2;B;HYM-6.2.B.10;;;;;
BOS-HYM-N04540;Apidae;Apis mellifera;29/12/2003;La Faidosa;Mieres;Asturias;España;;;;;Lorena Fuentes;Lorena Fuentes;;;6;2;B;HYM-6.2.B.10;;;;Apidae;
BOS-HYM-N04541;Apidae;Apis mellifera;08/04/2004;Sieres (Borines);Piloña;Asturias;España;;;;;Lucía Huerta;Lucía Huerta;;;6;2;B;HYM-6.2.B.10;;;;Calliphora vomitaria;
BOS-HYM-N04542;Apidae;Apis mellifera;07/12/2002;Illano;Illano;Asturias;España;Prado;;;;Carlos López;Ángela Sánchez;;;6;2;B;HYM-6.2.B.10;;;;;
BOS-HYM-N04543;Apidae;Apis mellifera;23/10/2002;Oviedo;Oviedo;Asturias;España;Sobre flores;;;;Carlos López López;Carlos López López;;;6;2;B;HYM-6.2.B.10;;;;Adrenidae;
BOS-HYM-N04544;Apidae;Apis mellifera;_/09/1996;Granda;;Asturias;España;;;;;Arturo Madera;Arturo Madera;;;6;2;B;HYM-6.2.B.10;;;;Apis mellifica;
BOS-HYM-N04545;Apidae;Apis mellifera;_/05/1998;Cabueñes ;Gijón;Asturias;España;;;;;J. L. L. Castaño;J. L. L. Castaño;;;6;2;B;HYM-6.2.B.10;;;;;
BOS-HYM-N04546;Apidae;Apis mellifera;_/07/1997;Liencres;Piélagos;Cantabria;España;;;;;Juan Gómez;J. Gómez Navedo;;;6;2;B;HYM-6.2.B.10;;;;;
BOS-HYM-N04547;Apidae;Apis mellifera;_/05/1996;La Isla;;;España;;;;;José A. Isla;José A. Isla;;;6;2;B;HYM-6.2.B.10;;;;;
BOS-HYM-N04548;Apidae;Apis mellifera;17/10/2003;La Collada;Morcín;Asturias;España;;;;;V. Fdez Campos;V. Fdez Campos;;;6;2;B;HYM-6.2.B.10;;;;;
BOS-HYM-N04549;Apidae;Apis mellifera;25/10/2002;Cenera;Mieres;Asturias;España;;;;;Yohana López;Yohana López;;;6;2;B;HYM-6.2.B.10;;;;Tenthredinidae;
BOS-HYM-N04550;Apidae;Apis mellifera;22/10/2002;Cenera;Mieres;Asturias;España;;;;;Elena Álvarez Noriega;Elena Álvarez Noriega;;;6;2;B;HYM-6.2.B.10;;;;Apis mellifica;
BOS-HYM-N04551;Apidae;Apis mellifera;20/03/2009;Mieres;Mieres;Asturias;España;;;;;Pablo Fdez García;Pablo Fdez García;;;6;2;B;HYM-6.2.B.10;;;;Megachilidae;
BOS-HYM-N04552;Apidae;Apis mellifera;13/10/1996;Pura Tomás (Oviedo);Oviedo;Asturias;España;;;;;Presen Ordiérez;Silvia Vega O.;;;6;2;B;HYM-6.2.B.10;;;;Apis mellitica;
BOS-HYM-N04553;Apidae;Apis mellifera;;Villanueva de Villaescusa;Villaescusa;Cantabria;España;;;;;Mª Jesús Gonzalo;Marta Pascual;;;6;2;B;HYM-6.2.B.10;;;;Apis mellifica;
BOS-HYM-N04554;Apidae;Apis mellifera;06/05/1996;Pancar;Llanes;Asturias;España;;;;;J. A. García Fuertes;J. A. García Fuertes;;;6;2;B;HYM-6.2.B.10;;;;;
BOS-HYM-N04555;Apidae;Apis mellifera;21/09/1996;Santiago de Cartes;Cartes;Cantabria;España;;;;;Gerardo Merino;;;;1;3;;Caja moho 6;;;Creo que tiene moho;;
BOS-HYM-N04556;Apidae;Apis mellifera;27/10/2002;Infiesto;Piloña;Asturias;España;En una terraza;;;;María Lobo;María Lobo;;;6;2;B;HYM-6.2.B.10;;;;Apis sp.;
BOS-HYM-N04557;Apidae;Apis mellifera;_/10/1995;Villar (Luarca);Valdés;Asturias;España;;;;;J. L. Ortiz Suárez;J. L. Ortiz Suárez;;;6;2;B;HYM-6.2.B.10;;;;;
BOS-HYM-N04558;Apidae;Apis mellifera;25/10/2002;Cenera;Mieres;Asturias;España;Prado;;;;Rocío Díaz Álvarez;Rocío Díaz Álvarez;;;6;2;B;HYM-6.2.B.10;;;;Apis sp.;
BOS-HYM-N04559;Apidae;Apis mellifera;25/10/2002;Valle de Cenera;Mieres;Asturias;España;;;;;Gabriela Fdez-Mata;G. Fdez-Mata;;;6;2;B;HYM-6.2.B.10;;;;;
BOS-HYM-N04560;Apidae;Apis mellifera;24/01/2003;Blimea;San Martín del Rey Aurelio;Asturias;España;Prado;;;;Elisa García Alegre;Elisa García Alegre;;;6;2;B;HYM-6.2.B.10;;;;Megalodontes klugii;
BOS-HYM-N04561;Apidae;Apis mellifera;09/05/1997;La Peral;Illas;Asturias;España;;;;;C. Rguez del Valle;C. Rguez del Valle;;;6;2;B;HYM-6.2.B.10;;;;Apis mellifica;
BOS-HYM-N04562;Apidae;Apis mellifera;22/10/1996;Luarca;Valdés;Asturias;España;;;;;Felipe Glez;Felipe Glez;;;6;2;B;HYM-6.2.B.10;;;;Apis mellifica;
BOS-HYM-N04563;Apidae;Apis mellifera;17/11/1995;Posada de Llanera;Llanera;Asturias;España;;;;;Juan M. Mateos;Juan M. Mateos;;;1;3;;Caja moho 6;;;Tiene moho;;
BOS-HYM-N04564;Apidae;Apis mellifera;25/10/2002;Cenera;Mieres;Asturias;España;Área recreativa;;;;A. Mtnez Díaz;A. Mtnez Díaz;;;6;2;B;HYM-6.2.B.10;;;;;
BOS-HYM-N04565;Apidae;Apis mellifera;_/05/1996;Latores;Oviedo;Asturias;España;;;;;David Muñoz Martínez;David Muñoz;;;6;2;B;HYM-6.2.B.10;;;;;
BOS-HYM-N04566;Apidae;Apis mellifera;04/10/1997;Maizales;Gijón;Asturias;España;;;;;Laura R. G.;Laura R. G.;;;6;2;B;HYM-6.2.B.10;;;;Apis mellifica;
BOS-HYM-N04567;Apidae;Apis mellifera;07/05/1998;Luarca;Valdés;Asturias;España;;;;;Mario Busto;Mario Busto;;;6;2;B;HYM-6.2.B.10;;;;;
BOS-HYM-N04568;Apidae;Apis mellifera;10/06/1996;Avilés;Avilés;Asturias;España;;;;;S. Álvarez Estrada;S. Álvarez Estrada;;;6;2;B;HYM-6.2.B.10;;;;;
BOS-HYM-N04569;Apidae;Apis mellifera;23/10/1996;Luarca;Valdés;Asturias;España;;;;;M. Barona;M. Barona;;;6;2;B;HYM-6.2.B.10;;;;Apis mellifica;
BOS-HYM-N04570;Apidae;Apis mellifera;04/08/1995;Las Lavias;;Cantabria;España;;;;;Ana Quero;R. Ordiales;;;6;2;B;HYM-6.2.B.10;;;;;
BOS-HYM-N04571;Apidae;Apis mellifera;16/07/1995;Porceyo;Gijón;Asturias;España;;;;;Fernando Fdez. Alv.;Fernando Fdez. Alv.;;;6;2;B;HYM-6.2.B.10;;;;Apis mellifica;
BOS-HYM-N04572;Apidae;Apis mellifera;28/08/1998;Caldones;Gijón;Asturias;España;;;;;P. A. Álvarez;P. A. Álvarez;;;6;2;B;HYM-6.2.B.10;;;;;
BOS-HYM-N04573;Apidae;Apis mellifera;17/05/1998;Castiello;Villaviciosa;Asturias;España;;;;;Nieves Rdgz;Nieves Rdgz García;;;6;2;B;HYM-6.2.B.10;;;;;
BOS-HYM-N04574;Apidae;Apis mellifera;14/06/1997;Fresnedo;Quirós;Asturias;España;;;;;Vitor X. Melero;Vitor X. Melero;;;6;2;B;HYM-6.2.B.10;;;;;
BOS-HYM-N04575;Apidae;Apis mellifera;21/11/2005;Mieres;Mieres;Asturias;España;Prado;;;;Covadonga Iglesias L.;Covadonga Iglesias L.;;;6;2;B;HYM-6.2.B.10;;;;;
BOS-HYM-N04576;Apidae;Melecta luctousa;14/06/1996;Cuyences;Oviedo;Asturias;España;;;;;M. Cabal;S. Domínguez;;;6;2;B;HYM-6.2.B.10;;;;;
BOS-HYM-N04577;Apidae;Andrena sp.;_/05/2006;Mieres;Mieres;Asturias;España;Calle;;;;Carmen Viesca;Carmen Viesca;;;6;2;B;HYM-6.2.B.10;;;;Chalicadona parietina;
BOS-HYM-N04578;Apidae;Andrena sp.;22/10/1996;Luarca;Valdés;Asturias;España;;;;;M. T. Vázquez;M. T. Vázquez;;;6;2;B;HYM-6.2.B.10;;;;;
BOS-HYM-N04579;Pompilidae;;27/09/2010;El Franco;El Franco;Asturias;España;;;;;E. Vizcaya;E. Vizcaya;;;6;2;B;HYM-6.2.B.11;;;;Scatopse notata (Simuliidae);
BOS-HYM-N04580;Ichneumonidae;Lissonota setosa;29/10/2010;Peon;Villaviciosa;Asturias;España;;;;;Silvia Corra B.;Silvia Corra B.;;;6;2;B;HYM-6.2.B.11;;;;;
BOS-HYM-N04581;Ichneumonidae;Lissonota setosa;20/09/2010;Salas;Salas;Asturias;España;Monte;;;;María Mtnez Fdez;María Mtnez Fdez;;;6;2;B;HYM-6.2.B.11;;;;;
BOS-HYM-N04582;Ichneumonidae;;13/10/2010;Logrezana;Carreño;Asturias;España;;;;;María Fuentes;María Fuentes;;;6;2;B;HYM-6.2.B.11;;;;Diptera;
BOS-HYM-N04583;Ichneumonidae;Netelia testaceus;20/11/2010;Belmonte;;;España;;;;;Noelia Salgado;G. Solé;;;1;3;;Caja moho 6 ;;;Tiene moho;;
BOS-HYM-N04584;Tenthredinidae;;27/04/2010;El Franco;El Franco;Asturias;España;;;;;P. Vizcaya;E. Vizcaya;;;6;2;B;HYM-6.2.B.11;;;;Philanthus triangulum;
BOS-HYM-N04585;Tenthredinidae;;30/09/2010;Vallamonte;Tineo;Asturias;España;;;;;Sonia Menéndez Ibias;Sonia Menéndez Ibias;;;6;2;B;HYM-6.2.B.11;;;;;
BOS-HYM-N04586;Formicidae;Formica rufa;23/10/2010;Tracastro;Cangas del Narcea;Asturias;España;;;;;Diego Martínez Flórez;Silvia Corral B.;;;6;2;B;HYM-6.2.B.11;;;;Myrmica rubra;
BOS-HYM-N04587;Formicidae;Messor capitaus;25/09/2010;Aleas;;Guadalajara;España;Campo;;;;Helena Glez;Helena Glez;;;6;2;B;HYM-6.2.B.11;;;;Messor barbarus;
BOS-HYM-N04588;Formicidae;Formica sp.;25/11/2010;Tineo;Tineo;Asturias;España;;;;;Arturo Ávila;;;;6;2;B;HYM-6.2.B.11;;;;Camponotus lateralis;
BOS-HYM-N04589;Formicidae;Camponotus cruentatus;01/11/2010;Madrid;Madrid;Madrid;España;Camino;;;;Helena González;Eva G. Revilla;;;6;2;B;HYM-6.2.B.11;;;;Camponotus lateralis;
BOS-HYM-N04590;Formicidae;Lasius niger;17/09/2010;Cenera;Mieres;Asturias;España;;;;;Silvia Corral B.;Silvia Corral B.;;;6;2;B;HYM-6.2.B.11;;;;;
BOS-HYM-N04591;Formicidae;Formica rufa;17/09/2010;Cenera;Mieres;Asturias;España;;;;;Diego Fdez Gcía;Diego Fdez Gcía;;;6;2;B;HYM-6.2.B.11;;;;;
BOS-HYM-N04592;Formicidae;Formica pratensis/lugubris;_/10/2010;Prunales;Parres;Asturias;España;;;;;Sergio Souto;;;;6;2;B;HYM-6.2.B.11;;;;Lasius sp.;
BOS-HYM-N04593;Vespidae;Vespa velutina;_/08/2020;Panjón;Nigrán ;Pontevedra;España;;;;;A. Anadón;;;;6;4;A;Caja mezcla 1;;;;;
BOS-HYM-N04594;Vespidae;Vespa velutina;_/08/2020;Panjón;Nigrán ;Pontevedra;España;;;;;A. Anadón;;;;6;4;A;Caja mezcla 1;;;;;
BOS-HYM-N04595;;;_/08/2019;Panjón;Nigrán ;Pontevedra;España;;;;;A. Anadón;;;;6;4;A;Caja mezcla 1;;;;;
BOS-HYM-N04596;Vespidae;Vespa crabro;_/11/2021;Oviedo P. I. nv ventana;;Asturias;España;;;;;Araceli Anadón;;;;6;4;A;Caja mezcla 1;;;;;
BOS-HYM-N04597;Apidae;Bombus hortorum;19/08/2004;Cazo;Ponga;Asturias;España;;;;Macho;D. Outomuro;D. Outomuro;;;6;4;B;HYM-6.4.B.1;;;;Bombus sp.;
BOS-HYM-N04598;Apidae;Bombus terrestris;07/10/2010;Candas;Carreño;Asturias;España;;;;;María Fuentes;Eladio Méndez;;;6;4;B;HYM-6.4.B.1;;;;;
BOS-HYM-N04599;Apidae;Bombus terrestris;18/06/2011;Somió;Gijón;Asturias;España;;;;;Álvaro Palacio;Álvaro Palacio;;;6;4;B;HYM-6.4.B.1;;;;;
BOS-HYM-N04600;Apidae;Bombus pascuorum;16/08/2004;Cazo;Ponga;Asturias;España;;;;Macho;D. Outomuro;D. Outomuro;;;6;4;B;HYM-6.4.B.1;;;;Bombus sp.;
BOS-HYM-N04601;Andrenidae;Andrena hattorfiana;18/06/2011;Somió;Gijón;Asturias;España;;;;;Álvaro Palacio;Álvaro Palacio;;;6;4;B;HYM-6.4.B.1;;;;;
BOS-HYM-N04602;Apidae;Apis mellifera;11/03/2011;Cangas de Narcea;Cangas del Narcea;Asturias;España;Casa;;;;Lucas Fdez;Lucas Fdez;;;6;4;B;HYM-6.4.B.1;;;;Calliphora vomitoria;
BOS-HYM-N04603;Apidae;Apis mellifera;14/08/2004;Cazo;Ponga;Asturias;España;;;;;D. Outomuro;D. Outomuro;;;6;4;B;HYM-6.4.B.1;;;;;
BOS-HYM-N04604;Apidae;Apis mellifera;15/06/2011;Cangas del Narcea;Cangas del Narcea;Asturias;España;;;;Macho;Higinio Acevedo Lago;Higinio Acevedo Lago;;;6;4;B;HYM-6.4.B.1;;;;;
BOS-HYM-N04605;Andrenidae;Andrena sp.;_/02/2011;Nava;Nava;Asturias;España;;;;;Aroa Faz;;;;6;4;B;HYM-6.4.B.1;;;;Paravespula vulgaris;
BOS-HYM-N04606;Apidae;Apis mellifera;15/06/2011;Cangas del Narcea;Cangas del Narcea;Asturias;España;;;;Macho;Higinio Acevedo Lago;Higinio Acevedo Lago;;;6;4;B;HYM-6.4.B.1;;;;;
BOS-HYM-N04607;Apidae;Bombus terrestris;20/04/2011;Cangas del Narcea;Cangas del Narcea;Asturias;España;Campo;;;;Lucas Fdez;Lucas Fdez;;;6;4;B;HYM-6.4.B.1;;;;Bombus;
BOS-HYM-N04608;Apidae;Apis mellifera;22/03/2009;El Fondón (San Justo9;Salas;Asturias;España;;;;;Emilio de Vicente;Reyes de Vicente;;;6;4;B;HYM-6.4.B.1;;;;;
BOS-HYM-N04609;Apidae;Apis mellifera;02/11/2010;Carraspientes;Mieres;Asturias;España;;;;;Eladio Méndez;Eladio Méndez;;;6;4;B;HYM-6.4.B.1;;;;;
BOS-HYM-N04610;Apidae;Apis mellifera;20/06/2011;Cangas del Narcea;Cangas del Narcea;Asturias;España;;;;;Higinio Acevedo Lago;Higinio Acevedo Lago;;;6;4;B;HYM-6.4.B.1;;;;;
BOS-HYM-N04611;Apidae;Apis mellifera;18/09/2010;Castropol;Castropol;Asturias;España;Prado;;;;Margarita Lpz;Margarita Lpz;;;6;4;B;HYM-6.4.B.1;;;;;
BOS-HYM-N04612;Formicidae;Lasius alienus;22/08/2004;Carretera La Huera-Vivoli;Ponga;Asturias;España;;;;Hembra (reina);D. Outomuro;D. Outomuro;;;6;4;B;HYM-6.4.B.1;;;Tiene insectos plaga (muda y huevos/larvas);Formicidae;
BOS-HYM-N04613;Formicidae;Lasius niger;31/07/2004;Cazo;Ponga;Asturias;España;;;;Hembra (reina);D. Outomuro;D. Outomuro;;;6;4;B;HYM-6.4.B.1;;;;Formicidae;
BOS-HYM-N04614;Formicidae;Lasius niger;18/06/2011;Somió;Gijón;Asturias;España;;;;Hembra (reina);Álvaro Palacio;Álvaro Palacio;;;6;4;B;HYM-6.4.B.1;;;Tiene cosas blancas que podrían ser huevos;Formica rufa;
BOS-HYM-N04615;Formicidae;Messor barbarus;12/09/2012;Villanueva de la Serena;;Cáceres;España;;;;Hembra (obrera major);Luis Miguel Rodríguez;L. M. Rodríguez Sedano;;;6;4;B;HYM-6.4.B.1;;;;;
BOS-HYM-N04616;Formicidae;Camponotus sp.;17/08/2011;Parque Metropolitano (Zapopan);Zapopan;Jalisco;México;;;;Hembra (obrera);Rodríguez Sedano Lorbo;;;;6;4;B;HYM-6.4.B.1;;;;Myrmecocystus sp.;
BOS-HYM-N04617;Formicidae;Myrmica scabrinodis;11/09/2012;Parque de invierno (Oviedo);Oviedo;Asturias;España;;;;Hembra (obrera);;Rodríguez Sedano L. M.;;;6;4;B;HYM-6.4.B.1;;;Cubierta de huevos de insectos plaga;Myrmica sp.;
BOS-HYM-N04618;Formicidae;Formica cunicularia;_/10/2010;Cenera;Mieres;Asturias;España;;;;Hembra (obrera);C. Aroa Fdz;;;;6;4;B;HYM-6.4.B.1;;;;Lasius niger;
BOS-HYM-N04619;Formicidae;Messor barbarus;17/09/2012;Villanueva de la Serena;;Cáceres;España;;;;Hembra (obrera);Luis Miguel Rodríguez;L. M. Rodríguez Sedano;;;6;4;B;HYM-6.4.B.1;;;;;
BOS-HYM-N04620;Formicidae;Temnothorax sp.;01/05/2011;Castro de Ayones (Luarca);Valdés;Asturias;España;Camino;;;Hembra (reina);Yolanda Peláez;Yolanda Peláez;;;6;4;B;HYM-6.4.B.1;;;;Formicidae;
BOS-HYM-N04621;Formicidae;Pheidole pallidula;16/08/2012;Frías;Frías;Burgos;España;Castillo;;;Hembra (obrera);Luis Miguel Rodríguez;Luis Miguel Rodríguez Sedano;;;6;4;B;HYM-6.4.B.1;;;;;
BOS-HYM-N04622;Formicidae;Lasius grandis;22/08/2012;Parque de invierno (San Lázaro, Oviedo);Oviedo;Asturias;España;;;;Hembra (obrera);Luis Miguel Rodríguez;L. M. Rodríguez Sedano;;;6;4;B;HYM-6.4.B.1;;;;Lasius sp.;
BOS-HYM-N04623;Ichneumonidae;Gasteruption jaculator;22/10/2004;"""El Canto"" (Cenera)";Mieres;Asturias;España;Pradera;;;;Ines Acebal;;;;6;4;B;HYM-6.4.B.1;;;;;
BOS-HYM-N04624;;;10/06/2011;Somió;Gijón;Asturias;España;;;;;Álvaro Palacio;Álvaro Palacio;;;6;4;B;HYM-6.4.B.1;;;;Chelostoma campanularum;
BOS-HYM-N04625;Ichneumonidae;;14/08/2004;Cazo;Ponga;Asturias;España;;;;;D. Outomuro;;;;6;4;B;HYM-6.4.B.1;;;Comido por insectos plaga;;
BOS-HYM-N04626;Ichneumonidae;;26/07/2004;Ambingue-El Sedo;Ponga;Asturias;España;;;;;D. Outomuro;;;;6;4;B;HYM-6.4.B.1;;;Tiene un escarabajo (Derméstido?) adulto (insectos plaga);;
BOS-HYM-N04627;Ichneumonidae;;17/09/2010;Cenera;Mieres;Asturias;España;Área recreativa;;;;C. Aroa Fdz;;;;6;4;B;HYM-6.4.B.1;;;;Baetis sp. (Ephemeroptera);
BOS-HYM-N04628;Vespidae;Polistes dominula;03/07/2011;Viana de Cega;Viana de Cega;Valladolid;España;Jardín;;;;A. Acuña;;;;6;4;B;Caja mezcla 2;;;;Vespula vulgaris;
BOS-HYM-N04629;Tenthredinidae;Macrophya rustica;22/07/1994;Nubledo;Corvera;Asturias;España;;;;;R. Ocharan;R. Ocharan;;;7;2;B;Caja mezcla 3;;;Tiene moho;;
BOS-HYM-N04630;Ichneumonidae;Gasteruption diversupes;12/07/1995;Zuazo de Cuartango;Cuartango;Álava;España;;;;;R. Ocharan;R. Ocharan;;;7;4;B;HYM-7.4.B.1;;;;;
BOS-HYM-N04631;Ichneumonidae;Netelia sp.;_/07/1995;Zuazo de Cuartango;Cuartango;Álava;España;;;;;R. Ocharan;R. Ocharan;;;7;4;B;HYM-7.4.B.1;;;;Ophion?;
BOS-HYM-N04632;Ichneumonidae;Amblyjoppa proteus;01/04/1995;Lindes;Quirós;Asturias;España;;;;;R. Ocharan;R. Ocharan;;;7;4;B;HYM-7.4.B.1;;;;;
BOS-HYM-N04633;Ichneumonidae;;01/04/1995;Lindes;Quirós;Asturias;España;;;;;R. Ocharan;R. Ocharan;;;7;4;B;HYM-7.4.B.1;;;;;
BOS-HYM-N04634;Ichneumonidae;;01/06/1995;La Vecilla;La Vecilla;León;España;;;;;;R. Ocharan;;;7;4;B;HYM-7.4.B.1;;;;;
BOS-HYM-N04635;Apidae;Xylocopa violacea;06/07/1995;Zuazo de Cuartango;Cuartango;Álava;España;;;;;R. Ocharan;R. Ocharan;;;7;4;B;HYM-7.4.B.1;;;Tiene moho;;
BOS-HYM-N04636;Chrysidae;Chrysis ignita;_/07/1994;Zuazo de Cuartango;Cuartango;Álava;España;;;;Hembra;R. Ocharan;R. Ocharan;;;7;4;B;HYM-7.4.B.1;;;;;
BOS-HYM-N04637;Scoliidae;Scolia tetrapunctata;01/08/1994;Poza la Corrotunde;;Álava;España;;;;;R. Ocharan;R. Ocharan;;;7;4;B;HYM-7.4.B.1;;;;;
BOS-HYM-N04638;Eumenidae;Odynerus sp.;01/11/1995;Villar (Luarca);Valdés;Asturias;España;;;;;R. Ocharan;R. Ocharan;;;7;4;B;HYM-7.4.B.1;;;;;
BOS-HYM-N04639;Vespidae;Vespula rufa?;11/08/1994;Jocano;Cuartango;Álava;España;;;;;R. Ocharan;R. Ocharan;;;7;4;B;HYM-7.4.B.1;;;;;
BOS-HYM-N04640;Sphecidae;Sphex maxillosus;17/07/1994;Zuazo de Cuartango;Cuartango;Álava;España;;;;;R. Ocharan;R. Ocharan;;;7;4;B;HYM-7.4.B.1;;;;;
BOS-HYM-N04641;Megachilidae;Dioxys tridentata;04/07/1995;Arriano;Cuartango;Álava;España;;;;;R. Ocharan;R. Ocharan;;;7;4;B;HYM-7.4.B.1;;;;;
BOS-HYM-N04642;Tenthredinidae;Tenthredo sp.;_/10/1996;Luarca;Valdés;Asturias;España;;;;;Yvonne Valles;Yvonne Valles;;;6;4;D;Caja cristal 1;;;;;
BOS-HYM-N04643;Ichneumonidae;Anomaloninae;01/11/1995;Villar;Valdés;Asturias;España;;;;;R. Ordiales;R. Ordiales;;;6;4;D;Caja cristal 1;;;;Ophion sp.;
BOS-HYM-N04644;Vespidae;Vespula germanica;25/10/1994;Ablanedo (Luarca);Valdés;Asturias;España;En Hedera;;;;Brezo Martínez;Brezo Mtz;;;6;4;D;Caja cristal 1;;;Tiene ácaros. Tiene moho;;
BOS-HYM-N04645;Formicidae;Messor barbarus;Verano 1997;Valencia de Don Juan;Valencia de Don Juan;León;España;;;;Hembra (obrera major);Carlos Repiso;J. Malvabor Castro;;;6;4;D;Caja cristal 1;;;;Messor barbara;
BOS-HYM-N04646;Apidae;Apis mellifera;27/10/1994;Villar (Luarca);Valdés;Asturias;España;;;;;Marian G.;Puri Pérez;;;6;4;D;Caja cristal 1;;;;;
BOS-HYM-N04647;Apidae;;04/09/1994;Monte la Parte;Siero;Asturias;España;;;;;J. C. Fdez Rguez;J. C. Fdez Rguez;;;6;4;D;Caja cristal 1;;;;Bombus terrestris;
BOS-HYM-N04648;Tenthredinidae;;_/08/1985;Arriondas;Parres;Asturias;España;;;;;José ? López;Buenaventura Fdez;;;6;4;D;Caja cristal 2;;;;;
BOS-HYM-N04649;Ichneumonidae;;30/04/1982;Oviedo;Oviedo;Asturias;España;Ciudad;;;;I. Pomar;I. Pomar;;;6;4;D;Caja cristal 2;;;;Himenóptero;
BOS-HYM-N04650;Vespidae;Polistes dominula;05/05/1986;Gijón;Gijón;Asturias;España;Doméstico;10 m;;;Ricardo García;;;;6;4;D;Caja cristal 2;;;;;
BOS-HYM-N04651;Apidae;Bombus terrestris;24/03/1981;Mieres;Mieres;Asturias;España;Prado;;;;A. Abril;M. F. Velasco;;;6;4;D;Caja cristal 2;;;;;
BOS-HYM-N04652;Apidae;Apis mellifera;30/05/1983;Cancienes;Corvera;Asturias;España;Monte bajo;200 m;;;Alberto Vega;;;;6;4;D;Caja cristal 2;;;Tiene moho;;
BOS-HYM-N04653;Tenthredinidae;Allantus scrophulariae;02/05/1997;Salamir;Cudillero;Asturias;España;;;;;C. Rodríguez del Valle;I. Gutiérrez Martínez;;;6;4;D;Caja cristal 3;;;;;
BOS-HYM-N04654;Himenópteros;;16/04/1983;Gijón;;;;;;;Hembra;Miguel Fanjul;;;;6;4;D;Caja cristal 3;;;;;
BOS-HYM-N04655;Vespidae;Polistes dominula;26/10/1994;Villar (Luarca);Valdés;Asturias;España;En flor de hiedra;;;;P. Valdés García;Pablo Valdés G.;;;6;4;D;Caja cristal 3;;;;Polistes gallicus;
BOS-HYM-N04656;Formicidae;Formica pratensis;_/07/2001;Campomanes;Lena;Asturias;España;;;;;Carlos Repiso;J. M. Álvarez Castro;;;6;4;D;Caja cristal 3;;;;;
BOS-HYM-N04657;Apidae;Apis mellifera;14/05/1996;Porceyo;Gijón;Asturias;España;;;;;Mª Teresa Mieres Valdés;Mª Teresa Mieres Valdés;;;6;4;D;Caja cristal 3;;;;;
BOS-HYM-N04658;Apidae;Bombus terrestris;13/10/1994;Tragamón (Gijón);Gijón;Asturias;España;Sebe;;Mediodía;;M. J. L. B.;M. J. L. B.;;;6;4;D;Caja cristal 3;;;;;
BOS-HYM-N04659;Tenthredinidae;;_/05/1983;Oviedo;Oviedo;Asturias;España;;;;;Mª Rosario Blanco;;;;6;4;D;Caja cristal 4;;;Tiene moho;Himenóptero;
BOS-HYM-N04660;Ichneumonidae;Lissonota sp.;04/11/1992;Leitariegos;;;España;;;;;M. Manzaneque;M. Manzaneque;;;6;4;D;Caja cristal 4;;;;;
BOS-HYM-N04661;Formicidae;Messor barbarus;Verano 1997;Valencia de Don Juan;Valencia de Don Juan;León;España;;;;;Carlos Repiso;Carlos Repiso;;;6;4;D;Caja cristal 4;;;;Messor barbara;
BOS-HYM-N04662;Apidae;Bombus terrestris;07/03/1975;Posada;Llanera;Asturias;España;;;;Hembra;Mª Jesús Fdez Suárez;;;;6;4;D;Caja cristal 4;;Tiene ácaros y puede que moho;Tiene una pata rota;;
BOS-HYM-N04663;Apidae;Apis mellifera;09/05/1986;Oviedo;Oviedo;Asturias;España;Charca;;;;Antonio Galán;Antonio Galán;;;6;4;D;Caja cristal 5;;;;Himenóptero;
BOS-HYM-N04664;Apidae;Bombus terrestris;18/04/1976;Las Presillas;Puente Viesgo;Cantabria;España;;;;Hembra;L. Ceballos;;;;6;4;D;Caja cristal 5;;;;;
BOS-HYM-N04665;Vespidae;Polistes dominula;10/04/1982;Valladolid;Valladolid;Valladolid;España;;;;;Pilar García M.;;;;6;4;D;Caja cristal 5;;;;;
BOS-HYM-N04666;Ichneumonidae;Ichneumon suspiciosus;23/05/1982;Vallinas;Mieres;Asturias;España;;;;;E. Sierra;E. Sierra;;;6;4;D;Caja cristal 5;;;;;
BOS-HYM-N04667;Tenthredinidae;;06/06/1983;Pozadas de Bazuelo;Mieres;Asturias;España;;;;;Mª Luisa Fdez;Esther Suárez;;;6;4;D;Caja cristal 5;;;;Himenópteros;
BOS-HYM-N04668;Tenthredinidae;;21/08/1983;Raíces;Castrillón;Asturias;España;;;;;Dolores Sors Fernández;;;;6;4;D;Caja cristal 6;;;Tiene moho;;
BOS-HYM-N04669;Ichneumonidae;;21/05/1988;León;León;León;España;;;;Hembra;Pellitero;Pellitero;;;6;4;D;Caja cristal 6;;;;Ichneumonidae;
BOS-HYM-N04670;Vespidae;Polistes dominula;02/05/1982;León;León;León;España;;;;Hembra;I. Villar;Ch. Farpon;;;6;4;D;Caja cristal 6;;;;Polistes gallicus;
BOS-HYM-N04671;Apidae;Bombus hortorum;12/04/1975;Las Caldas;Oviedo;Asturias;España;;;;;J. A. Fdez Coronado;;;;6;4;D;Caja cristal 6;;;;;
BOS-HYM-N04672;Apidae;Apis mellifera;18/05/1986;Manzaneda (Olloniego);Oviedo;Asturias;España;;;;;L. Bárcena Rdgz;;;;6;4;D;Caja cristal 6;;;;;
BOS-HYM-N04673;Tenthredinidae;;14/05/1982;Avilés;Avilés;Asturias;España;Rosal;;;;D. Lanzas;;;;6;4;D;Caja cristal 7;;;;;
BOS-HYM-N04674;Ichneumonidae;;_/06/1993;Sanabria;;Zamora;España;Robledal ribera del Tera;;;Hembra;S. Barquero;;;;6;4;D;Caja cristal 7;;;Tiene moho;;
BOS-HYM-N04675;Vespidae;Polistes dominula;02/06/1980;Llantrales;Grado;Asturias;España;Huerta;;;Hembra;P. Ciscar;A. Quero y Ch. Farpon;;;6;4;D;Caja cristal 7;;;;Polistes gallicus;
BOS-HYM-N04676;Apidae;Apis mellifera;20/04/1982;CAU (Oviedo);Oviedo;Asturias;España;;;;;V.M.S.;;;;6;4;D;Caja cristal 7;;;Tiene moho;Himenóptero;
BOS-HYM-N04677;Apidae;Bombus terrestris/soroeensis;_/05/1978;Somió;Gijón;Asturias;España;Prado;;;Hembra;Luis E. Pérez;;;;6;4;D;Caja cristal 7;;;;;
BOS-HYM-N04678;Tenthredinidae;Tenthredo sp.;17/04/1998;Buenavista;Oviedo;Asturias;España;;;;;Mª José Llera;Mª José Llera;;;6;4;D;Caja cristal 8;;;;;
BOS-HYM-N04679;Ichneumonidae;Anomaloninae;02/05/1997;Salamir;Cudillero;Asturias;España;;;;;J. Gutiérrez Martínez;J. Gutiérrez Martínez;;;6;4;D;Caja cristal 8;;;;Ophion sp.;
BOS-HYM-N04680;Vespidae;Vespula germanica;27/10/1994;Villar (Luarca);Valdés;Asturias;España;;;;;Marián G.;Puri Pérez;;;6;4;D;Caja cristal 8;;;;;
BOS-HYM-N04681;Formicidae;Formica sanguinea;07/07/1995;Lago de Sanabria;;Zamora;España;;;;;R. Ordiales;R. Ordiales;;;6;4;D;Caja cristal 8;;;;Formica rufa;
BOS-HYM-N04682;Apidae;Apis mellifera;25/05/1994;Gijón;Gijón;Asturias;España;;;;;Raquel Díaz;Clara Glez Muñoz;;;6;4;D;Caja cristal 8;;;;;
BOS-HYM-N04683;Apidae;Bombus terrestris/lucorum;09/10/1994;Luanco;Gozón;Asturias;España;;;;Hembra;M. D. Artime García;M. D. Artime García;;;6;4;D;Caja cristal 8;;;;Bombus terrestris;
BOS-HYM-N04684;Tenthredinidae;Macrophya rustica;02/05/1989;Oviedo;Oviedo;Asturias;España;;;;;Jorge González;Jorge González;;;6;4;D;Caja cristal 9;;;;;
BOS-HYM-N04685;Ichneumonidae;;13/06/1985;Cubillas R.;;León;España;;;;;L. Casado;L. Casado;;;6;4;D;Caja cristal 9;;;;Himenópteros;
BOS-HYM-N04686;Vespidae;Polistes dominula;15/08/1978;Simancas;Simancas;Valladolid;España;;;;Hembra;M. A. Aranda;M. A. Aranda;;;6;4;D;Caja cristal 9;;;;Polistes gallicus;
BOS-HYM-N04687;Apidae;Bombus hortorum;11/05/1983;Sta. Mª Lillo;Oviedo;Asturias;España;Sobre Urtica dioica;;;;L. Yáñez Cao;L. Yáñez Cao;;;6;4;D;Caja cristal 9;;;;Himenóptero;
BOS-HYM-N04688;Apidae;Apis mellifera;07/04/1983;Llanes;Llanes;Asturias;España;Prado;;;;Gregorio Valiente;;;;6;4;D;Caja cristal 9;;;Tiene moho;Himenópteros;
BOS-HYM-N04689;Formicidae;Formica rufa;05/07/2011;Trascastro;Cangas del Narcea;Asturias;España;Camino;;;;Diego Martínez;Diego Martínez;;;6;1;B;HYM-1.B.5;;;;;
BOS-HYM-N04690;Vespidae;Polistes dominula;09/10/2010;Trascastro;Cangas del Narcea;Asturias;España;Casa;;;Macho;Diego Martínez;Diego Martínez;;;6;1;B;HYM-1.B.5;;;;Vespula sp Polistes;
BOS-HYM-N04691;Apidae;Bombus hortorum;07/07/2011;Trascastro;Cangas del Narcea;Asturias;España;Prado;;;;Diego Martínez;Diego Martínez;;;6;1;B;HYM-1.B.5;;;;Apidae;
BOS-HYM-N04692;Formicidae;Camponotus pilicornis;02/09/2010;Puerto de St. María;Puerto de St. María;Cádiz;España;;;;;Ramón Barrial;Ramón Barrial;;;6;1;B;HYM-1.B.5;;;;Formica rufa;
BOS-HYM-N04693;Apidae;Apis mellifera;12/04/2011;Vetusta (Oviedo);Oviedo;Asturias;España;;;;;Pablo Díaz;Pablo Díaz;;;6;1;B;HYM-1.B.5;;;;Andrena pilipes;
BOS-HYM-N04694;Vespidae;Dolichovespula sylvestris;13/06/1983;Bañugues;Gozón;Asturias;España;;;;;A. Barahona;A. Barahona;;;6;1;D;Caja cristal 10;;;Esta caja tiene insectos plaga;Vespula sylvestris;
BOS-HYM-N04695;Vespidae;Vespa crabro;08/05/1990;Oviedo;Oviedo;Asturias;España;;;;;Clemen. Arrozam;;;;6;1;D;Caja cristal 10;;;Esta caja tiene insectos plaga;;
BOS-HYM-N04696;Chrysidae;Chrysis ignita;03/04/1990;Oviedo;Oviedo;Asturias;España;;;;;Jon Bereciartua;Jon Bereciartua;;;6;1;D;Caja cristal 10;;;Esta caja tiene insectos plaga;;
BOS-HYM-N04697;Apidae;Bombus terrestris;25/01/1990;Oviedo;Oviedo;Asturias;España;;;;;Jon Bereciartua;Jon Bereciartua;;;6;1;D;Caja cristal 10;;;Esta caja tiene insectos plaga;;
BOS-HYM-N04698;Ichneumonidae;Ophion luteus;04/10/1989;Grado;Grado;Asturias;España;;;;;Clemen. Arrozam;;;;6;1;D;Caja cristal 10;;;Esta caja tiene insectos plaga;;
BOS-HYM-N04699;Apidae;Apis mellifera;06/07/1987;Boñar;Boñar;León;España;Prado;;;;M. Arbesú;M. Arbesú;;;6;1;D;Caja cristal 10;;;Esta caja tiene insectos plaga;;
BOS-HYM-N04700;Tenthredinidae;;10/07/1985;Avilés;Avilés;Asturias;España;;;;;M. Acevedo;;;;6;4;D;Caja cristal 11;;;;;
BOS-HYM-N04701;Ichneumonidae;;11/07/1992;Loviella;Cangas de Onís;Asturias;España;;;;;R. Luis Cabo;R. Luis Cabo;;;6;4;D;Caja cristal 11;;;;Ophion sp.;
BOS-HYM-N04702;Vespidae;Polistes dominula;26/05/1983;Urdiales del Páramo;Urdiales del Páramo;León;España;Debajo tejas;;;Hembra;Fdo Berton;Charo Farpon;;;6;4;D;Caja cristal 11;;;;Polistes gallicus;
BOS-HYM-N04703;Apidae;Apis mellifera;26/04/1981;Oviedo;Oviedo;Asturias;España;;;;;Asunción García Peláez;;;;6;4;D;Caja cristal 11;;;Tiene moho;;
BOS-HYM-N04704;Apidae;Bombus terrestris;15/05/1979;Sama;;Asturias;España;Prado;;;;M. Labrato;;;;6;4;D;Caja cristal 11;;;Tiene moho;;
BOS-HYM-N04705;Tenthredinidae;Tenthredo scrophulariae;20/05/1989;Deva;Gijón;Asturias;España;;;;;Fdo Álvarez;Fdo Álvarez;;;6;4;D;Caja cristal 12;;;;;
BOS-HYM-N04706;Ichneumonidae;;_/05/1993;Oviedo;Oviedo;Asturias;España;;;;;Juan José Castro;;;;6;4;D;Caja cristal 12;;;Tiene moho;Rhyssa persuasoria;
BOS-HYM-N04707;Vespidae;Polistes gallicus;07/05/1981;Prto Piedrafita;;;España;;;;Hembra;M. Rodríguez R.;M. Rodríguez R.;;;6;4;D;Caja cristal 12;;;;;
BOS-HYM-N04708;Apidae;Apis mellifera;23/1982;S. Antolín;Llanes;Asturias;España;Orilla río Bedon;;;;;L. Carrera;;;6;4;D;Caja cristal 12;;;;Apócritos;
BOS-HYM-N04709;Apidae;Bombus soroeensis;28/05/1979;C. Masaveu (Oviedo);Oviedo;Asturias;España;;;;;E. cervantes;;;;6;4;D;Caja cristal 12;;;;;
BOS-HYM-N04710;Tenthredinidae;Tenthredo maculata;01/05/1989;Oviedo;Oviedo;Asturias;España;;;;;Antonio Palacios;Antonio Palacios;;;6;4;D;Caja cristal 13;;;;;
BOS-HYM-N04711;Ichneumonidae;;01/05/1982;Boñar;Boñar;León;España;;1200 m;17 h;;Gama Arribas;;;;6;4;D;Caja cristal 13;;;Puede que tenga insectos plaga;Himenópteros;
BOS-HYM-N04712;Apidae;Bombus terrestris/soroeensis;_/04/1976;Oviedo;Oviedo;Asturias;España;Sobre flor;;;;Cristina Gutiérrez;;;;6;4;D;Caja cristal 13;;;;;
BOS-HYM-N04713;Vespidae;Polistes dominula;05/05/1983;Samalea;Piloña;Asturias;España;Ladera de montaña;250 m;;;M. Álvarez Romo;;;;6;4;D;Caja cristal 13;;;Tiene moho;;
BOS-HYM-N04714;Apidae;Apis mellifera;07/07/1988;Naranco (Oviedo);Oviedo;Asturias;España;;;;;Gemma E. P.;Gemma E. P.;;;6;4;D;Caja cristal 13;;;;;
BOS-HYM-N04715;Apidae;Apis mellifera;24/03/1996;P. P. Tomás (Oviedo);Oviedo;Asturias;España;Prado;;;;L. Frechilla;L. Frechilla;;;6;4;B;BOS-DIP-6.4.B.1;;;;;
BOS-HYM-N04716;Apidae;Apis mellifera;02/11/1995;Luarca;Valdés;Asturias;España;Sobre flor;;;;J. L. Glez Vecino;J. L. Glez Vecino;;;6;4;B;BOS-DIP-6.4.B.1;;;;;
BOS-HYM-N04717;Ichneumonidae;;16/09/2008;Lenera;Mieres;Asturias;España;;;;;Omar García;;;;6;4;B;Caja mezcla 5;;;;;
BOS-HYM-N04718;Apidae;Bombus terrestris;15/09/2010;Villamañán;Villamañán;León;España;;;;;Teresa Cortina;Teresa Cortina;;;6;4;C;Caja mezcla 7;;;;;
BOS-HYM-N04719;Vespidae;Polistes gallicus;01/09/2010;Valencia D. Juan;Valencia de Don Juan;León;España;;;;;J. J. Cortina González;Teresa Cortina;;;6;4;C;Caja mezcla 7;;;;;
BOS-HYM-N04720;Ichneumonidae;Anomaloninae;19/09/2010;Naranco (Oviedo);Oviedo;Asturias;España;;;;;Luis García;Luis García;;;6;4;B;Caja mezcla 11;;;;Ophion luteus;
BOS-HYM-N04721;Vespidae;Vespula germanica;19/09/2010;Naranco (Oviedo);Oviedo;Asturias;España;;;;;Luis García;Luis García;;;6;4;B;Caja mezcla 11;;;;Vespula vulgaris;
