"Genus","Subgenus","Species","Subspecies","Country","Province","Locality","Latitude","Longitude","Coordinate.precision","Year","Month","Day","Start.date","End.date","Collector","Determined.by","Female","Male","Worker","Not.specified","Reference.doi","Flowers.visited","Local_ID","Authors.to.give.credit","Any.other.additional.data","Notes.and.queries"
"Andrena","Trachandrena","haemorrhoa",NA,"España","Burgos","Villalonquéjar",NA,NA,NA,NA,NA,NA,NA,NA,"F. de la Torre","P. Álvarez",1,0,"ex. Col. F. de la Torre",0,NA,NA,NA,"Piluca Alvarez Fidalgo and MNCN",NA,NA
"Hylaeus","Prosopis","confusus",NA,"España","Asturias","Campomanes",NA,NA,NA,NA,NA,NA,NA,NA,"F. Fresno","P. Álvarez",1,0,"ex. Colección F. Fresno",0,NA,NA,NA,"Piluca Alvarez Fidalgo and MNCN",NA,NA
"Andrena","Plastandrena","pilipes",NA,"España","Asturias","Armada",NA,NA,NA,NA,NA,NA,NA,NA,"F. Fresno","P. Álvarez",1,0,"",0,NA,NA,NA,"Piluca Alvarez Fidalgo and MNCN",NA,NA
"Osmia","Helicosmia","aurulenta",NA,"España","Asturias","Pola de Lena",NA,NA,NA,NA,NA,NA,NA,NA,"F. Fresno","P. Álvarez",1,0,"ex. Colección F. Fresno",0,NA,NA,NA,"Piluca Alvarez Fidalgo and MNCN",NA,NA
"Osmia","Helicosmia","aurulenta",NA,"España","Asturias","Pola de Lena",NA,NA,NA,NA,NA,NA,NA,NA,"F. Fresno","P. Álvarez",0,1,"ex. Colección F. Fresno",0,NA,NA,NA,"Piluca Alvarez Fidalgo and MNCN",NA,NA
"Osmia","Helicosmia","aurulenta",NA,"España","Asturias","Pola de Lena",NA,NA,NA,NA,NA,NA,NA,NA,"F. Fresno","P. Álvarez",0,1,"ex. Colección F. Fresno",0,NA,NA,NA,"Piluca Alvarez Fidalgo and MNCN",NA,NA
"Osmia","Helicosmia","aurulenta",NA,"España","Asturias","Pola de Lena",NA,NA,NA,NA,NA,NA,NA,NA,"F. Fresno","P. Álvarez",0,1,"ex. Colección F. Fresno",0,NA,NA,NA,"Piluca Alvarez Fidalgo and MNCN",NA,NA
"Osmia","Helicosmia","aurulenta",NA,"España","Asturias","Pola de Lena",NA,NA,NA,NA,NA,NA,NA,NA,"F. Fresno","P. Álvarez",0,1,"ex. Colección F. Fresno",0,NA,NA,NA,"Piluca Alvarez Fidalgo and MNCN",NA,NA
"Osmia","Helicosmia","aurulenta",NA,"España","Asturias","Vega del Rey",NA,NA,NA,NA,NA,NA,NA,NA,"F. Fresno","P. Álvarez",0,1,"ex. Colección F. Fresno",0,NA,NA,NA,"Piluca Alvarez Fidalgo and MNCN",NA,NA
"Osmia","Helicosmia","aurulenta",NA,"España","Asturias","Vega del Rey",NA,NA,NA,NA,NA,NA,NA,NA,"F. Fresno","P. Álvarez",0,1,"ex. Colección F. Fresno",0,NA,NA,NA,"Piluca Alvarez Fidalgo and MNCN",NA,NA
"Osmia","Helicosmia","aurulenta",NA,"España","Asturias","Vega del Rey",NA,NA,NA,NA,NA,NA,NA,NA,"F. Fresno","P. Álvarez",0,1,"ex. Colección F. Fresno",0,NA,NA,NA,"Piluca Alvarez Fidalgo and MNCN",NA,NA
"Osmia","Hoplosmia","spinulosa",NA,"España","Asturias","Vega del Rey",NA,NA,NA,NA,NA,NA,NA,NA,"F. Fresno","P. Álvarez",1,0,"ex. Colección F. Fresno",0,NA,NA,NA,"Piluca Alvarez Fidalgo and MNCN",NA,NA
"Osmia","Hoplosmia","spinulosa",NA,"España","Asturias","Vega del Rey",NA,NA,NA,NA,NA,NA,NA,NA,"F. Fresno","P. Álvarez",0,1,"ex. Colección F. Fresno",0,NA,NA,NA,"Piluca Alvarez Fidalgo and MNCN",NA,NA
"Osmia","Hoplosmia","spinulosa",NA,"España","Asturias","Vega del Rey",NA,NA,NA,NA,NA,NA,NA,NA,"F. Fresno","P. Álvarez",0,1,"ex. Colección F. Fresno",0,NA,NA,NA,"Piluca Alvarez Fidalgo and MNCN",NA,NA
"Osmia","Hoplosmia","spinulosa",NA,"España","Asturias","Vega del Rey",NA,NA,NA,NA,NA,NA,NA,NA,"F. Fresno","P. Álvarez",0,1,"ex. Colección F. Fresno",0,NA,NA,NA,"Piluca Alvarez Fidalgo and MNCN",NA,NA
"Osmia","Hoplosmia","spinulosa",NA,"España","Asturias","Vega del Rey",NA,NA,NA,NA,NA,NA,NA,NA,"F. Fresno","P. Álvarez",0,1,"ex. Colección F. Fresno",0,NA,NA,NA,"Piluca Alvarez Fidalgo and MNCN",NA,NA
"Osmia","Hoplosmia","spinulosa",NA,"España","Asturias","Pola de Lena",NA,NA,NA,NA,NA,NA,NA,NA,"F. Fresno","P. Álvarez",0,1,"ex. Colección F. Fresno",0,NA,NA,NA,"Piluca Alvarez Fidalgo and MNCN",NA,NA
"Osmia","Hoplosmia","spinulosa",NA,"España","Asturias","Pola de Lena",NA,NA,NA,NA,NA,NA,NA,NA,"F. Fresno","P. Álvarez",0,1,"ex. Colección F. Fresno",0,NA,NA,NA,"Piluca Alvarez Fidalgo and MNCN",NA,NA
"Osmia","Hoplosmia","spinulosa",NA,"España","Asturias","Pola de Lena",NA,NA,NA,NA,NA,NA,NA,NA,"F. Fresno","P. Álvarez",1,0,"ex. Colección F. Fresno",0,NA,NA,NA,"Piluca Alvarez Fidalgo and MNCN",NA,NA
"Osmia","Hoplosmia","spinulosa",NA,"España","Asturias","Pola de Lena",NA,NA,NA,NA,NA,NA,NA,NA,"F. Fresno","P. Álvarez",0,1,"ex. Colección F. Fresno",0,NA,NA,NA,"Piluca Alvarez Fidalgo and MNCN",NA,NA
"Osmia","Hoplosmia","spinulosa",NA,"España","Asturias","Pola de Lena",NA,NA,NA,NA,NA,NA,NA,NA,"F. Fresno","P. Álvarez",0,1,"ex. Colección F. Fresno",0,NA,NA,NA,"Piluca Alvarez Fidalgo and MNCN",NA,NA
"Osmia","Hoplosmia","spinulosa",NA,"España","Asturias","Pola de Lena",NA,NA,NA,NA,NA,NA,NA,NA,"F. Fresno","P. Álvarez",0,1,"ex. Colección F. Fresno",0,NA,NA,NA,"Piluca Alvarez Fidalgo and MNCN",NA,NA
"Osmia","Hoplosmia","spinulosa",NA,"España","Asturias","Pola de Lena",NA,NA,NA,NA,NA,NA,NA,NA,"F. Fresno","P. Álvarez",0,1,"ex. Colección F. Fresno",0,NA,NA,NA,"Piluca Alvarez Fidalgo and MNCN",NA,NA
"Osmia","Hoplosmia","spinulosa",NA,"España","Asturias","Pola de Lena",NA,NA,NA,NA,NA,NA,NA,NA,"F. Fresno","P. Álvarez",1,0,"ex. Colección F. Fresno",0,NA,NA,NA,"Piluca Alvarez Fidalgo and MNCN",NA,NA
"Osmia","Hoplosmia","spinulosa",NA,"España","Asturias","Pola de Lena",NA,NA,NA,NA,NA,NA,NA,NA,"F. Fresno","P. Álvarez",0,1,"ex. Colección F. Fresno",0,NA,NA,NA,"Piluca Alvarez Fidalgo and MNCN",NA,NA
"Osmia","Pyrosmia","submicans",NA,"España","Asturias","Pola de Lena",NA,NA,NA,NA,NA,NA,NA,NA,"F. Fresno","P. Álvarez",0,1,"ex. Colección F. Fresno",0,NA,NA,NA,"Piluca Alvarez Fidalgo and MNCN",NA,NA
"Osmia","Osmia","bicornis",NA,"España","Asturias","Pola de Lena",NA,NA,NA,NA,NA,NA,NA,NA,"F. Fresno","P. Álvarez",1,0,"ex. Colección F. Fresno",0,NA,NA,NA,"Piluca Alvarez Fidalgo and MNCN",NA,NA
"Heriades","Heriades","crenulata",NA,"España","Segovia","Hontalbilla",NA,NA,NA,NA,NA,NA,NA,NA,"F. Fresno","P. Álvarez",0,1,"ex. Colección F. Fresno",0,NA,NA,NA,"Piluca Alvarez Fidalgo and MNCN",NA,NA
"Heriades","Heriades","crenulata",NA,"España","Soria","Espejón",NA,NA,NA,NA,NA,NA,NA,NA,"F. Fresno","P. Álvarez",1,0,"ex. Colección F. Fresno",0,NA,NA,NA,"Piluca Alvarez Fidalgo and MNCN",NA,NA
"Osmia","Helicosmia","caerulescens",NA,"España","Asturias","Pola de Lena",NA,NA,NA,NA,NA,NA,NA,NA,"F. Fresno","P. Álvarez",1,0,"ex. Colección F. Fresno",0,NA,NA,NA,"Piluca Alvarez Fidalgo and MNCN",NA,NA
"Osmia","Helicosmia","caerulescens",NA,"España","Asturias","Pola de Lena",NA,NA,NA,NA,NA,NA,NA,NA,"F. Fresno","P. Álvarez",1,0,"ex. Colección F. Fresno",0,NA,NA,NA,"Piluca Alvarez Fidalgo and MNCN",NA,NA
"Osmia","Helicosmia","caerulescens",NA,"España","Asturias","Pola de Lena",NA,NA,NA,NA,NA,NA,NA,NA,"F. Fresno","P. Álvarez",1,0,"ex. Colección F. Fresno",0,NA,NA,NA,"Piluca Alvarez Fidalgo and MNCN",NA,NA
"Osmia","Helicosmia","caerulescens",NA,"España","Asturias","Pola de Lena",NA,NA,NA,NA,NA,NA,NA,NA,"F. Fresno","P. Álvarez",1,0,"ex. Colección F. Fresno",0,NA,NA,NA,"Piluca Alvarez Fidalgo and MNCN",NA,NA
"Lasioglossum","Lasioglossum","bimaculatum",NA,"España","Asturias","Maramuñiz",NA,NA,NA,NA,NA,NA,NA,NA,"F. Fresno","P. [Piluca] Álvarez",0,1,"ex. Colección F. Fresno",0,NA,NA,NA,"Piluca Alvarez Fidalgo and MNCN",NA,NA
"Lasioglossum","Lasioglossum","bimaculatum",NA,"España","Asturias","Pola de Lena",NA,NA,NA,NA,NA,NA,NA,NA,"F. Fresno","P. [Piluca] Álvarez",1,0,"ex. Colección F. Fresno",0,NA,NA,NA,"Piluca Alvarez Fidalgo and MNCN",NA,NA
"Lasioglossum","Lasioglossum","bimaculatum",NA,"España","Asturias","Caravia",NA,NA,NA,NA,NA,NA,NA,NA,"F. Fresno","P. [Piluca] Álvarez",0,1,"ex. Colección F. Fresno",0,NA,NA,NA,"Piluca Alvarez Fidalgo and MNCN",NA,NA
"Andrena","Graecandrena","verticalis",NA,"España","Burgos","Fuentespina",NA,NA,NA,NA,NA,NA,NA,NA,"F. Fresno","P. Álvarez",0,1,"ex. Colección F. Fresno",0,NA,NA,NA,"Piluca Alvarez Fidalgo and MNCN",NA,NA
"Andrena","Graecandrena","verticalis",NA,"España","Madrid","Madrid, Villaverde",NA,NA,NA,NA,NA,NA,NA,NA,"Dusmet","P. Álvarez",0,1,"Colección Dusmet",0,NA,NA,NA,"Piluca Alvarez Fidalgo and MNCN",NA,NA
"Lasioglossum","Leuchalictus","zonulus",NA,"España","Asturias","Zureda",NA,NA,NA,NA,NA,NA,NA,NA,"F. Fresno","P. Álvarez",1,0,"ex. Colección F. Fresno",0,NA,NA,NA,"Piluca Alvarez Fidalgo and MNCN",NA,NA
"Lasioglossum","Leuchalictus","zonulus",NA,"España","Asturias","La Isla",NA,NA,NA,NA,NA,NA,NA,NA,"F. Fresno","P. Álvarez",0,1,"ex. Colección F. Fresno",0,NA,NA,NA,"Piluca Alvarez Fidalgo and MNCN",NA,NA
"Lasioglossum","Sphecodogastra","malachurum",NA,"España","Asturias","Colunga",NA,NA,NA,NA,NA,NA,NA,NA,"F. Fresno","P. Álvarez",0,1,"ex. Colección F. Fresno",0,NA,NA,NA,"Piluca Alvarez Fidalgo and MNCN",NA,NA
"Lasioglossum","Sphecodogastra","malachurum",NA,"España","Asturias","Colunga",NA,NA,NA,NA,NA,NA,NA,NA,"F. Fresno","P. Álvarez",0,1,"ex. Colección F. Fresno",0,NA,NA,NA,"Piluca Alvarez Fidalgo and MNCN",NA,NA
"Lasioglossum","Sphecodogastra","malachurum",NA,"España","Asturias","Colunga",NA,NA,NA,NA,NA,NA,NA,NA,"F. Fresno","P. Álvarez",0,1,"ex. Colección F. Fresno",0,NA,NA,NA,"Piluca Alvarez Fidalgo and MNCN",NA,NA
"Lasioglossum","Sphecodogastra","malachurum",NA,"España","Asturias","La Isla",NA,NA,NA,NA,NA,NA,NA,NA,"F. Fresno","P. Álvarez",0,1,"ex. Colección F. Fresno",0,NA,NA,NA,"Piluca Alvarez Fidalgo and MNCN",NA,NA
"Lasioglossum","Sphecodogastra","malachurum",NA,"España","Asturias","La Isla",NA,NA,NA,NA,NA,NA,NA,NA,"F. Fresno","P. Álvarez",0,1,"ex. Colección F. Fresno",0,NA,NA,NA,"Piluca Alvarez Fidalgo and MNCN",NA,NA
"Lasioglossum","Sphecodogastra","malachurum",NA,"España","Asturias","Vega del Rey",NA,NA,NA,NA,NA,NA,NA,NA,"F. Fresno","P. Álvarez",1,0,"ex. Colección F. Fresno",0,NA,NA,NA,"Piluca Alvarez Fidalgo and MNCN",NA,NA
"Lasioglossum","Sphecodogastra","malachurum",NA,"España","Asturias","Pola de Lena",NA,NA,NA,NA,NA,NA,NA,NA,"F. Fresno","P. Álvarez",0,1,"ex. Colección F. Fresno",0,NA,NA,NA,"Piluca Alvarez Fidalgo and MNCN",NA,NA
"Lasioglossum","Sphecodogastra","malachurum",NA,"España","Asturias","Vega del Rey",NA,NA,NA,NA,NA,NA,NA,NA,"F. Fresno","P. Álvarez",0,1,"ex. Colección F. Fresno",0,NA,NA,NA,"Piluca Alvarez Fidalgo and MNCN",NA,NA
"Lasioglossum","Sphecodogastra","malachurum",NA,"España","Asturias","Vega del Rey",NA,NA,NA,NA,NA,NA,NA,NA,"F. Fresno","P. Álvarez",0,1,"ex. Colección F. Fresno",0,NA,NA,NA,"Piluca Alvarez Fidalgo and MNCN",NA,NA
"Lasioglossum","Sphecodogastra","malachurum",NA,"España","Asturias","Soto de Agues",NA,NA,NA,NA,NA,NA,NA,NA,"F. Fresno","P. Álvarez",0,1,"ex. Colección F. Fresno",0,NA,NA,NA,"Piluca Alvarez Fidalgo and MNCN",NA,NA
"Lasioglossum","Sphecodogastra","malachurum",NA,"España","Asturias","Zureda",NA,NA,NA,NA,NA,NA,NA,NA,"F. Fresno","P. Álvarez",0,1,"ex. Colección F. Fresno",0,NA,NA,NA,"Piluca Alvarez Fidalgo and MNCN",NA,NA
"Lasioglossum","Sphecodogastra","pauxillum",NA,"España","Asturias","Colunga",NA,NA,NA,NA,NA,NA,NA,NA,"F. Fresno","P. [Piluca] Álvarez",1,0,"ex. Colección F. Fresno",0,NA,NA,NA,"Piluca Alvarez Fidalgo and MNCN",NA,NA
"Lasioglossum","Sphecodogastra","pauxillum",NA,"España","Asturias","La Isla",NA,NA,NA,NA,NA,NA,NA,NA,"F. Fresno","P. [Piluca] Álvarez",1,0,"ex. Colección F. Fresno",0,NA,NA,NA,"Piluca Alvarez Fidalgo and MNCN",NA,NA
"Lasioglossum","Sphecodogastra","pauxillum",NA,"España","Asturias","La Isla",NA,NA,NA,NA,NA,NA,NA,NA,"F. Fresno","P. [Piluca] Álvarez",1,0,"ex. Colección F. Fresno",0,NA,NA,NA,"Piluca Alvarez Fidalgo and MNCN",NA,NA
"Lasioglossum","Sphecodogastra","pauxillum",NA,"España","Asturias","Pola de Lena",NA,NA,NA,NA,NA,NA,NA,NA,"F. Fresno","P. [Piluca] Álvarez",1,0,"ex. Colección F. Fresno",0,NA,NA,NA,"Piluca Alvarez Fidalgo and MNCN",NA,NA
"Lasioglossum","Sphecodogastra","pauxillum",NA,"España","Asturias","Pola de Lena",NA,NA,NA,NA,NA,NA,NA,NA,"F. Fresno","P. [Piluca] Álvarez",1,0,"ex. Colección F. Fresno",0,NA,NA,NA,"Piluca Alvarez Fidalgo and MNCN",NA,NA
"Lasioglossum","Sphecodogastra","pauxillum",NA,"España","Asturias","Pola de Lena",NA,NA,NA,NA,NA,NA,NA,NA,"F. Fresno","P. [Piluca] Álvarez",1,0,"ex. Colección F. Fresno",0,NA,NA,NA,"Piluca Alvarez Fidalgo and MNCN",NA,NA
"Lasioglossum","Sphecodogastra","pauxillum",NA,"España","Asturias","Pola de Lena",NA,NA,NA,NA,NA,NA,NA,NA,"F. Fresno","P. [Piluca] Álvarez",1,0,"ex. Colección F. Fresno",0,NA,NA,NA,"Piluca Alvarez Fidalgo and MNCN",NA,NA
"Lasioglossum","Sphecodogastra","pauxillum",NA,"España","Asturias","Piedraceda",NA,NA,NA,NA,NA,NA,NA,NA,"F. Fresno","P. [Piluca] Álvarez",1,0,"ex. Colección F. Fresno",0,NA,NA,NA,"Piluca Alvarez Fidalgo and MNCN",NA,NA
"Lasioglossum","Sphecodogastra","pauxillum",NA,"España","Asturias","Soto de Agues",NA,NA,NA,NA,NA,NA,NA,NA,"F. Fresno","P. [Piluca] Álvarez",1,0,"ex. Colección F. Fresno",0,NA,NA,NA,"Piluca Alvarez Fidalgo and MNCN",NA,NA
"Lasioglossum","Sphecodogastra","pauxillum",NA,"España","Asturias","Valle La Peral",NA,NA,NA,NA,NA,NA,NA,NA,"F. Fresno","P. [Piluca] Álvarez",1,0,"ex. Colección F. Fresno",0,NA,NA,NA,"Piluca Alvarez Fidalgo and MNCN",NA,NA
"Lasioglossum","Sphecodogastra","pauxillum",NA,"España","Asturias","Valle La Peral",NA,NA,NA,NA,NA,NA,NA,NA,"F. Fresno","P. [Piluca] Álvarez",1,0,"ex. Colección F. Fresno",0,NA,NA,NA,"Piluca Alvarez Fidalgo and MNCN",NA,NA
"Lasioglossum","Sphecodogastra","pauxillum",NA,"España","Asturias","Valle La Peral",NA,NA,NA,NA,NA,NA,NA,NA,"F. Fresno","P. [Piluca] Álvarez",1,0,"ex. Colección F. Fresno",0,NA,NA,NA,"Piluca Alvarez Fidalgo and MNCN",NA,NA
"Lasioglossum","Sphecodogastra","pauxillum",NA,"España","Asturias","Vega del Rey",NA,NA,NA,NA,NA,NA,NA,NA,"F. Fresno","P. [Piluca] Álvarez",1,0,"ex. Colección F. Fresno",0,NA,NA,NA,"Piluca Alvarez Fidalgo and MNCN",NA,NA
"Lasioglossum","Sphecodogastra","pauxillum",NA,"España","Asturias","Zureda",NA,NA,NA,NA,NA,NA,NA,NA,"F. Fresno","P. [Piluca] Álvarez",1,0,"ex. Colección F. Fresno",0,NA,NA,NA,"Piluca Alvarez Fidalgo and MNCN",NA,NA
"Lasioglossum","Pyghalictus","politum",NA,"España","Asturias","Piedraceda",NA,NA,NA,NA,NA,NA,NA,NA,"F. Fresno","P. Álvarez",1,0,"ex. Colección F. Fresno",0,NA,NA,NA,"Piluca Alvarez Fidalgo and MNCN",NA,NA
"Lasioglossum","Pyghalictus","politum",NA,"España","Asturias","Pola de Lena",NA,NA,NA,NA,NA,NA,NA,NA,"F. Fresno","P. Álvarez",1,0,"ex. Colección F. Fresno",0,NA,NA,NA,"Piluca Alvarez Fidalgo and MNCN",NA,NA
"Lasioglossum","Pyghalictus","politum",NA,"España","Asturias","Pola de Lena",NA,NA,NA,NA,NA,NA,NA,NA,"F. Fresno","P. Álvarez",1,0,"ex. Colección F. Fresno",0,NA,NA,NA,"Piluca Alvarez Fidalgo and MNCN",NA,NA
"Lasioglossum","Pyghalictus","politum",NA,"España","Asturias","Pola de Lena",NA,NA,NA,NA,NA,NA,NA,NA,"F. Fresno","P. Álvarez",1,0,"ex. Colección F. Fresno",0,NA,NA,NA,"Piluca Alvarez Fidalgo and MNCN",NA,NA
"Lasioglossum","Pyghalictus","politum",NA,"España","Asturias","Pola de Lena",NA,NA,NA,NA,NA,NA,NA,NA,"F. Fresno","P. Álvarez",1,0,"ex. Colección F. Fresno",0,NA,NA,NA,"Piluca Alvarez Fidalgo and MNCN",NA,NA
"Lasioglossum","Pyghalictus","politum",NA,"España","Asturias","Pola de Lena",NA,NA,NA,NA,NA,NA,NA,NA,"F. Fresno","P. Álvarez",1,0,"ex. Colección F. Fresno",0,NA,NA,NA,"Piluca Alvarez Fidalgo and MNCN",NA,NA
"Lasioglossum","Pyghalictus","politum",NA,"España","Asturias","Pola de Lena",NA,NA,NA,NA,NA,NA,NA,NA,"F. Fresno","P. Álvarez",1,0,"ex. Colección F. Fresno",0,NA,NA,NA,"Piluca Alvarez Fidalgo and MNCN",NA,NA
"Lasioglossum","Pyghalictus","politum",NA,"España","Asturias","Pola de Lena",NA,NA,NA,NA,NA,NA,NA,NA,"F. Fresno","P. Álvarez",1,0,"ex. Colección F. Fresno",0,NA,NA,NA,"Piluca Alvarez Fidalgo and MNCN",NA,NA
"Lasioglossum","Pyghalictus","politum",NA,"España","Asturias","Pola de Lena",NA,NA,NA,NA,NA,NA,NA,NA,"F. Fresno","P. Álvarez",1,0,"ex. Colección F. Fresno",0,NA,NA,NA,"Piluca Alvarez Fidalgo and MNCN",NA,NA
"Lasioglossum","Pyghalictus","politum",NA,"España","Asturias","Vega del Rey",NA,NA,NA,NA,NA,NA,NA,NA,"F. Fresno","P. Álvarez",1,0,"ex. Colección F. Fresno",0,NA,NA,NA,"Piluca Alvarez Fidalgo and MNCN",NA,NA
"Lasioglossum","Hemihalictus","minutissimum",NA,"España","Asturias","Valle La Peral",NA,NA,NA,NA,NA,NA,NA,NA,"F. Fresno","P. Álvarez",1,0,"ex. Colección F. Fresno",0,NA,NA,NA,"Piluca Alvarez Fidalgo and MNCN",NA,NA
"Lasioglossum","Hemihalictus","minutissimum",NA,"España","Asturias","La Isla",NA,NA,NA,NA,NA,NA,NA,NA,"F. Fresno","P. Álvarez",1,0,"ex. Colección F. Fresno",0,NA,NA,NA,"Piluca Alvarez Fidalgo and MNCN",NA,NA
"Lasioglossum","Hemihalictus","minutissimum",NA,"España","Segovia","Lastras de Cuellar",NA,NA,NA,NA,NA,NA,NA,NA,"F. Fresno","P. Álvarez",1,0,"ex. Colección F. Fresno",0,NA,NA,NA,"Piluca Alvarez Fidalgo and MNCN",NA,NA
"Lasioglossum","Sphecodogastra","interruptum",NA,"España","Asturias","Pola de lena",NA,NA,NA,NA,NA,NA,NA,NA,"F. Fresno","P. Álvarez",1,0,"ex. Colección F. Fresno",0,NA,NA,NA,"Piluca Alvarez Fidalgo and MNCN",NA,NA
"Lasioglossum","Sphecodogastra","interruptum",NA,"España","Asturias","Pola de lena",NA,NA,NA,NA,NA,NA,NA,NA,"F. Fresno","P. Álvarez",1,0,"ex. Colección F. Fresno",0,NA,NA,NA,"Piluca Alvarez Fidalgo and MNCN",NA,NA
"Lasioglossum","Sphecodogastra","interruptum",NA,"España","Asturias","Pola de lena",NA,NA,NA,NA,NA,NA,NA,NA,"F. Fresno","P. Álvarez",0,1,"ex. Colección F. Fresno",0,NA,NA,NA,"Piluca Alvarez Fidalgo and MNCN",NA,NA
"Lasioglossum","Sphecodogastra","interruptum",NA,"España","Asturias","Pola de lena",NA,NA,NA,NA,NA,NA,NA,NA,"F. Fresno","P. Álvarez",1,0,"ex. Colección F. Fresno",0,NA,NA,NA,"Piluca Alvarez Fidalgo and MNCN",NA,NA
"Lasioglossum","Sphecodogastra","interruptum",NA,"España","Asturias","Pola de lena",NA,NA,NA,NA,NA,NA,NA,NA,"F. Fresno","P. Álvarez",1,0,"ex. Colección F. Fresno",0,NA,NA,NA,"Piluca Alvarez Fidalgo and MNCN",NA,NA
"Lasioglossum","Sphecodogastra","interruptum",NA,"España","Asturias","Pola de lena",NA,NA,NA,NA,NA,NA,NA,NA,"F. Fresno","P. Álvarez",1,0,"ex. Colección F. Fresno",0,NA,NA,NA,"Piluca Alvarez Fidalgo and MNCN",NA,NA
"Seladonia","Pachyceble","tumulorum",NA,"España","Asturias","Valle La Peral",NA,NA,NA,NA,NA,NA,NA,NA,"F. Fresno","P. Álvarez",1,0,"ex. Colección F. Fresno",0,NA,NA,NA,"Piluca Alvarez Fidalgo and MNCN",NA,NA
"Seladonia","Pachyceble","tumulorum",NA,"España","Asturias","Piedraceda",NA,NA,NA,NA,NA,NA,NA,NA,"F. Fresno","P. Álvarez",1,0,"ex. Colección F. Fresno",0,NA,NA,NA,"Piluca Alvarez Fidalgo and MNCN",NA,NA
"Seladonia","Pachyceble","tumulorum",NA,"España","Asturias","Piedraceda",NA,NA,NA,NA,NA,NA,NA,NA,"F. Fresno","P. Álvarez",1,0,"ex. Colección F. Fresno",0,NA,NA,NA,"Piluca Alvarez Fidalgo and MNCN",NA,NA
"Seladonia","Pachyceble","tumulorum",NA,"España","Asturias","Valle La Peral",NA,NA,NA,NA,NA,NA,NA,NA,"F. Fresno","P. Álvarez",1,0,"ex. Colección F. Fresno",0,NA,NA,NA,"Piluca Alvarez Fidalgo and MNCN",NA,NA
"Seladonia","Pachyceble","tumulorum",NA,"España","Asturias","Valle La Peral",NA,NA,NA,NA,NA,NA,NA,NA,"F. Fresno","P. Álvarez",1,0,"ex. Colección F. Fresno",0,NA,NA,NA,"Piluca Alvarez Fidalgo and MNCN",NA,NA
"Seladonia","Pachyceble","tumulorum",NA,"España","Asturias","Pola de Lena",NA,NA,NA,NA,NA,NA,NA,NA,"F. Fresno","P. Álvarez",1,0,"ex. Colección F. Fresno",0,NA,NA,NA,"Piluca Alvarez Fidalgo and MNCN",NA,NA
"Seladonia","Pachyceble","tumulorum",NA,"España","Asturias","Pola de Lena",NA,NA,NA,NA,NA,NA,NA,NA,"F. Fresno","P. Álvarez",1,0,"ex. Colección F. Fresno",0,NA,NA,NA,"Piluca Alvarez Fidalgo and MNCN",NA,NA
"Seladonia","Pachyceble","tumulorum",NA,"España","Asturias","Pola de Lena",NA,NA,NA,NA,NA,NA,NA,NA,"F. Fresno","P. Álvarez",1,0,"ex. Colección F. Fresno",0,NA,NA,NA,"Piluca Alvarez Fidalgo and MNCN",NA,NA
"Seladonia","Pachyceble","tumulorum",NA,"España","Asturias","Pola de Lena",NA,NA,NA,NA,NA,NA,NA,NA,"F. Fresno","P. Álvarez",1,0,"ex. Colección F. Fresno",0,NA,NA,NA,"Piluca Alvarez Fidalgo and MNCN",NA,NA
"Seladonia","Pachyceble","tumulorum",NA,"España","Asturias","Pola de Lena",NA,NA,NA,NA,NA,NA,NA,NA,"F. Fresno","P. Álvarez",1,0,"ex. Colección F. Fresno",0,NA,NA,NA,"Piluca Alvarez Fidalgo and MNCN",NA,NA
"Lasioglossum","Lasioglossum","costulatum",NA,"España","Asturias","Tuiza",NA,NA,NA,NA,NA,NA,NA,NA,"F. Fresno","P. Álvarez",0,1,"ex. Colección F. Fresno",0,NA,NA,NA,"Piluca Alvarez Fidalgo and MNCN",NA,NA
"Seladonia","Seladonia","subaurata",NA,"España","Asturias","Piedraceda",NA,NA,NA,NA,NA,NA,NA,NA,"F. Fresno","P. Álvarez",1,0,"ex. Colección F. Fresno",0,NA,NA,NA,"Piluca Alvarez Fidalgo and MNCN",NA,NA
"Seladonia","Seladonia","subaurata",NA,"España","Asturias","Pola de Lena",NA,NA,NA,NA,NA,NA,NA,NA,"F. Fresno","P. Álvarez",0,1,"ex. Colección F. Fresno",0,NA,NA,NA,"Piluca Alvarez Fidalgo and MNCN",NA,NA
"Seladonia","Seladonia","subaurata",NA,"España","Asturias","Pola de Lena",NA,NA,NA,NA,NA,NA,NA,NA,"F. Fresno","P. Álvarez",0,1,"ex. Colección F. Fresno",0,NA,NA,NA,"Piluca Alvarez Fidalgo and MNCN",NA,NA
"Seladonia","Seladonia","subaurata",NA,"España","Asturias","Pola de Lena",NA,NA,NA,NA,NA,NA,NA,NA,"F. Fresno","P. Álvarez",0,1,"ex. Colección F. Fresno",0,NA,NA,NA,"Piluca Alvarez Fidalgo and MNCN",NA,NA
"Seladonia","Seladonia","subaurata",NA,"España","Asturias","Pola de Lena",NA,NA,NA,NA,NA,NA,NA,NA,"F. Fresno","P. Álvarez",0,1,"ex. Colección F. Fresno",0,NA,NA,NA,"Piluca Alvarez Fidalgo and MNCN",NA,NA
"Seladonia","Seladonia","subaurata",NA,"España","Asturias","Pola de Lena",NA,NA,NA,NA,NA,NA,NA,NA,"F. Fresno","P. Álvarez",1,0,"ex. Colección F. Fresno",0,NA,NA,NA,"Piluca Alvarez Fidalgo and MNCN",NA,NA
"Seladonia","Seladonia","subaurata",NA,"España","Asturias","Valle La Peral",NA,NA,NA,NA,NA,NA,NA,NA,"F. Fresno","P. Álvarez",1,0,"ex. Colección F. Fresno",0,NA,NA,NA,"Piluca Alvarez Fidalgo and MNCN",NA,NA
"Lasioglossum","Leuchalictus","leucozonium",NA,"España","Asturias","Pimiango",NA,NA,NA,NA,NA,NA,NA,NA,"F. Fresno","P. Álvarez",0,1,"ex. Colección F. Fresno",0,NA,NA,NA,"Piluca Alvarez Fidalgo and MNCN",NA,NA
"Lasioglossum","Leuchalictus","leucozonium",NA,"España","Asturias","Cabo Peñas",NA,NA,NA,NA,NA,NA,NA,NA,"F. Fresno","P. Álvarez",0,1,"ex. Colección F. Fresno",0,NA,NA,NA,"Piluca Alvarez Fidalgo and MNCN",NA,NA
"Lasioglossum","Leuchalictus","leucozonium",NA,"España","Asturias","La Isla",NA,NA,NA,NA,NA,NA,NA,NA,"F. Fresno","P. Álvarez",1,0,"ex. Colección F. Fresno",0,NA,NA,NA,"Piluca Alvarez Fidalgo and MNCN",NA,NA
"Lasioglossum","Leuchalictus","leucozonium",NA,"España","Asturias","La Isla",NA,NA,NA,NA,NA,NA,NA,NA,"F. Fresno","P. Álvarez",1,0,"ex. Colección F. Fresno",0,NA,NA,NA,"Piluca Alvarez Fidalgo and MNCN",NA,NA
"Lasioglossum","Leuchalictus","leucozonium",NA,"España","Asturias","Pola de Lena",NA,NA,NA,NA,NA,NA,NA,NA,"F. Fresno","P. Álvarez",1,0,"ex. Colección F. Fresno",0,NA,NA,NA,"Piluca Alvarez Fidalgo and MNCN",NA,NA
"Lasioglossum","Hemihalictus","villosulum",NA,"España","Asturias","La Isla",NA,NA,NA,NA,NA,NA,NA,NA,"F. Fresno","P. Álvarez",1,0,"ex. Colección F. Fresno",0,NA,NA,NA,"Piluca Alvarez Fidalgo and MNCN",NA,NA
"Lasioglossum","Hemihalictus","villosulum",NA,"España","Asturias","Colunga",NA,NA,NA,NA,NA,NA,NA,NA,"F. Fresno","P. Álvarez",1,0,"ex. Colección F. Fresno",0,NA,NA,NA,"Piluca Alvarez Fidalgo and MNCN",NA,NA
"Lasioglossum","Hemihalictus","villosulum",NA,"España","Asturias","Pola de Lena",NA,NA,NA,NA,NA,NA,NA,NA,"F. Fresno","P. Álvarez",1,0,"ex. Colección F. Fresno",0,NA,NA,NA,"Piluca Alvarez Fidalgo and MNCN",NA,NA
"Lasioglossum","Hemihalictus","villosulum",NA,"España","Asturias","Pola de Lena",NA,NA,NA,NA,NA,NA,NA,NA,"F. Fresno","P. Álvarez",1,0,"ex. Colección F. Fresno",0,NA,NA,NA,"Piluca Alvarez Fidalgo and MNCN",NA,NA
"Lasioglossum","Hemihalictus","villosulum",NA,"España","Asturias","Soto de Agues",NA,NA,NA,NA,NA,NA,NA,NA,"F. Fresno","P. Álvarez",1,0,"ex. Colección F. Fresno",0,NA,NA,NA,"Piluca Alvarez Fidalgo and MNCN",NA,NA
"Lasioglossum","Lasioglossum","pallens",NA,"España","Asturias","Pola de lena",NA,NA,NA,NA,NA,NA,NA,NA,"F. Fresno","P. Álvarez",1,0,"ex. Colección F. Fresno",0,NA,NA,NA,"Piluca Alvarez Fidalgo and MNCN",NA,NA
"Lasioglossum","Sphecodogastra","mediterraneum",NA,"España","Asturias","Pola de Lena",NA,NA,NA,NA,NA,NA,NA,NA,"F. Fresno","P. Álvarez",1,0,"ex. Colección F. Fresno",0,NA,NA,NA,"Piluca Alvarez Fidalgo and MNCN",NA,NA
"Hylaeus","Spatulariella","hyalinatus",NA,"España","Asturias","Bao",NA,NA,NA,NA,NA,NA,NA,NA,"G. Pueyo y T. Fresno","P. Álvarez",1,0,"",0,NA,NA,NA,"Piluca Alvarez Fidalgo and MNCN",NA,NA
"Hylaeus","Spatulariella","hyalinatus",NA,"España","Asturias","Bao",NA,NA,NA,NA,NA,NA,NA,NA,"G. Pueyo y T. Fresno","P. Álvarez",1,0,"",0,NA,NA,NA,"Piluca Alvarez Fidalgo and MNCN",NA,NA
"Hylaeus","Spatulariella","hyalinatus",NA,"España","León","Puerto de Pinos, S. Emiliano",NA,NA,NA,NA,NA,NA,NA,NA,"F. Fresno","P. Álvarez",1,0,"",0,NA,NA,NA,"Piluca Alvarez Fidalgo and MNCN",NA,NA
"Hylaeus","Spatulariella","hyalinatus",NA,"España","León","Puerto de Pinos, S. Emiliano",NA,NA,NA,NA,NA,NA,NA,NA,"F. Fresno","P. Álvarez",1,0,"",0,NA,NA,NA,"Piluca Alvarez Fidalgo and MNCN",NA,NA
"Hylaeus","Hylaeus","communis",NA,"España","Asturias","Valle La Peral",NA,NA,NA,NA,NA,NA,NA,NA,"F. Fresno","P. Álvarez",1,0,"",0,NA,NA,NA,"Piluca Alvarez Fidalgo and MNCN",NA,NA
"Hylaeus","Dentigera","imparilis",NA,"España","Málaga","Mijas Costa",NA,NA,NA,NA,NA,NA,NA,NA,"F. Fresno","P. Álvarez",1,0,"",0,NA,NA,NA,"Piluca Alvarez Fidalgo and MNCN",NA,NA
"Hylaeus","Spatulariella","hyalinatus",NA,"España","León","Cubillas de Arbás",NA,NA,NA,NA,NA,NA,NA,NA,"E.F. Vidal & A.R. Fandiño","P. Álvarez",1,0,"",0,NA,NA,NA,"Piluca Alvarez Fidalgo and MNCN",NA,NA
"Hylaeus","Spatulariella","hyalinatus",NA,"España","León","Cubillas de Arbás",NA,NA,NA,NA,NA,NA,NA,NA,"E.F. Vidal & A.R. Fandiño","P. Álvarez",1,0,"",0,NA,NA,NA,"Piluca Alvarez Fidalgo and MNCN",NA,NA
"Sphecodes","","gibbus",NA,"España","Asturias","Vega del Rey",NA,NA,NA,NA,NA,NA,NA,NA,"F. Fresno","P. Álvarez",0,1,"",0,NA,NA,NA,"Piluca Alvarez Fidalgo and MNCN",NA,NA
"Sphecodes","","gibbus",NA,"España","Asturias","Vega del Rey",NA,NA,NA,NA,NA,NA,NA,NA,"F. Fresno","P. Álvarez",0,1,"",0,NA,NA,NA,"Piluca Alvarez Fidalgo and MNCN",NA,NA
"Sphecodes","","puncticeps",NA,"España","Asturias","Columbiello",NA,NA,NA,NA,NA,NA,NA,NA,"F. Fresno","P. Álvarez",1,0,"",0,NA,NA,NA,"Piluca Alvarez Fidalgo and MNCN",NA,NA
"Sphecodes","","gibbus",NA,"España","Asturias","Carrandi",NA,NA,NA,NA,NA,NA,NA,NA,"F. Fresno","P. Álvarez",1,0,"",0,NA,NA,NA,"Piluca Alvarez Fidalgo and MNCN",NA,NA
"Ceratina","Dalyatina","parvula",NA,"España","Málaga","Mijas Costa",NA,NA,NA,NA,NA,NA,NA,NA,"F. Fresno","P. [Piluca] Álvarez",1,0,"",0,NA,NA,NA,"Piluca Alvarez Fidalgo and MNCN",NA,NA
"Ceratina","Euceratina","dallatorreana",NA,"España","Málaga","Mijas Costa",NA,NA,NA,NA,NA,NA,NA,NA,"F. Fresno","P. [Piluca] Álvarez",1,0,"",0,NA,NA,NA,"Piluca Alvarez Fidalgo and MNCN",NA,NA
"Ceratina","Euceratina","dentiventris",NA,"España","Málaga","Mijas Costa",NA,NA,NA,NA,NA,NA,NA,NA,"F. Fresno","P. [Piluca] Álvarez",1,0,"",0,NA,NA,NA,"Piluca Alvarez Fidalgo and MNCN",NA,NA
"Osmia","Hoplosmia","spinulosa",NA,"España","Asturias","Columbiello",NA,NA,NA,NA,NA,NA,NA,NA,"F. Fresno","P. Álvarez",0,1,"",0,NA,NA,NA,"Piluca Alvarez Fidalgo and MNCN",NA,NA
"Osmia","Helicosmia","caerulescens",NA,"España","Asturias","Columbiello",NA,NA,NA,NA,NA,NA,NA,NA,"F. Fresno","P. Álvarez",1,0,"",0,NA,NA,NA,"Piluca Alvarez Fidalgo and MNCN",NA,NA
"Panurgus","Panurgus","calcaratus",NA,"España","Asturias","Bao",NA,NA,NA,NA,NA,NA,NA,NA,"G. Pueyo y T. Fresno","P. Álvarez",0,1,"",0,NA,NA,NA,"Piluca Alvarez Fidalgo and MNCN",NA,NA
"Panurgus","Panurgus","calcaratus",NA,"España","Asturias","Bao",NA,NA,NA,NA,NA,NA,NA,NA,"G. Pueyo y T. Fresno","P. Álvarez",1,0,"",0,NA,NA,NA,"Piluca Alvarez Fidalgo and MNCN",NA,NA
"Panurgus","Panurgus","calcaratus",NA,"España","Asturias","Bao",NA,NA,NA,NA,NA,NA,NA,NA,"G. Pueyo y T. Fresno","P. Álvarez",1,0,"",0,NA,NA,NA,"Piluca Alvarez Fidalgo and MNCN",NA,NA
"Panurgus","Panurgus","calcaratus",NA,"España","Asturias","Bao",NA,NA,NA,NA,NA,NA,NA,NA,"G. Pueyo y T. Fresno","P. Álvarez",1,0,"",0,NA,NA,NA,"Piluca Alvarez Fidalgo and MNCN",NA,NA
"Panurgus","Panurgus","dentipes",NA,"España","Teruel","Calomadre",NA,NA,NA,NA,NA,NA,NA,NA,"M. Toribio","P. Álvarez",1,0,"",0,NA,NA,NA,"Piluca Alvarez Fidalgo and MNCN",NA,NA
"Panurgus","Panurgus","dentipes",NA,"España","Teruel","Calomadre",NA,NA,NA,NA,NA,NA,NA,NA,"M. Toribio","P. Álvarez",1,0,"",0,NA,NA,NA,"Piluca Alvarez Fidalgo and MNCN",NA,NA
"Panurgus","Panurgus","dentipes",NA,"España","Teruel","Calomadre",NA,NA,NA,NA,NA,NA,NA,NA,"M. Toribio","P. Álvarez",1,0,"",0,NA,NA,NA,"Piluca Alvarez Fidalgo and MNCN",NA,NA
"Seladonia","Pachyceble","tumulorum",NA,"España","Asturias","Valle La Peral",NA,NA,NA,NA,NA,NA,NA,NA,"F. Fresno","P. Álvarez",1,0,"",0,NA,NA,NA,"Piluca Alvarez Fidalgo and MNCN",NA,NA
"Seladonia","Pachyceble","tumulorum",NA,"España","Asturias","Valle La Peral",NA,NA,NA,NA,NA,NA,NA,NA,"F. Fresno","P. Álvarez",1,0,"",0,NA,NA,NA,"Piluca Alvarez Fidalgo and MNCN",NA,NA
"Seladonia","Pachyceble","tumulorum",NA,"España","Asturias","Valle La Peral",NA,NA,NA,NA,NA,NA,NA,NA,"F. Fresno","P. Álvarez",1,0,"",0,NA,NA,NA,"Piluca Alvarez Fidalgo and MNCN",NA,NA
"Seladonia","Pachyceble","tumulorum",NA,"España","Asturias","Bao",NA,NA,NA,NA,NA,NA,NA,NA,"G. Pueyo y T. Fresno","P. Álvarez",1,0,"",0,NA,NA,NA,"Piluca Alvarez Fidalgo and MNCN",NA,NA
"Lasioglossum","Sphecodogastra","algericolellum",NA,"España","Asturias","Bao",NA,NA,NA,NA,NA,NA,NA,NA,"G. Pueyo y T. Fresno","P. Álvarez",1,0,"",0,NA,NA,NA,"Piluca Alvarez Fidalgo and MNCN",NA,NA
"Lasioglossum","Sphecodogastra","pauxillum",NA,"España","Asturias","Bao",NA,NA,NA,NA,NA,NA,NA,NA,"G. Pueyo y T. Fresno","P. Álvarez",1,0,"",0,NA,NA,NA,"Piluca Alvarez Fidalgo and MNCN",NA,NA
"Lasioglossum","Dialictus","morio",NA,"España","Asturias","Armada",NA,NA,NA,NA,NA,NA,NA,NA,"F. Fresno","P. Álvarez",0,1,"",0,NA,NA,NA,"Piluca Alvarez Fidalgo and MNCN",NA,NA
"Eucera","Hetereucera","elongatula",NA,"España","Málaga","Mijas Costa",NA,NA,NA,NA,NA,NA,NA,NA,"F. Fresno","P. Álvarez",1,0,"",0,NA,NA,NA,"Piluca Alvarez Fidalgo and MNCN",NA,NA
"Hylaeus","Prosopis","purpurissatus",NA,"España","Madrid","Navacerrada",NA,NA,NA,NA,NA,NA,NA,NA,"Nieves & Rey","P. Álvarez",1,0,"",0,NA,NA,NA,"Piluca Alvarez Fidalgo and MNCN",NA,NA
"Hylaeus","Prosopis","purpurissatus",NA,"España","Madrid","Navacerrada",NA,NA,NA,NA,NA,NA,NA,NA,"Nieves & Rey","P. Álvarez",0,1,"",0,NA,NA,NA,"Piluca Alvarez Fidalgo and MNCN",NA,NA
"Hylaeus","Prosopis","purpurissatus",NA,"España","Madrid","Navacerrada",NA,NA,NA,NA,NA,NA,NA,NA,"Nieves & Rey","P. Álvarez",0,1,"",0,NA,NA,NA,"Piluca Alvarez Fidalgo and MNCN",NA,NA
"Hylaeus","Prosopis","purpurissatus",NA,"España","Madrid","Madrid, El Pardo",NA,NA,NA,NA,NA,NA,NA,NA,"Junco","P. Álvarez",1,0,"",0,NA,NA,NA,"Piluca Alvarez Fidalgo and MNCN",NA,NA
"Hylaeus","Prosopis","purpurissatus",NA,"España","Madrid","Madrid, El Pardo",NA,NA,NA,NA,NA,NA,NA,NA,"Junco","P. Álvarez",1,0,"",0,NA,NA,NA,"Piluca Alvarez Fidalgo and MNCN",NA,NA
"Hylaeus","Prosopis","purpurissatus",NA,"España","Valencia","Godelleta",NA,NA,NA,NA,NA,NA,NA,NA,"sin datos","P. Álvarez",1,0,"",0,NA,NA,NA,"Piluca Alvarez Fidalgo and MNCN",NA,NA
"Melitturga","Petrusianna","caudata",NA,"España","Murcia","Murcia",NA,NA,NA,NA,NA,NA,NA,NA,"Andreu","P. Álvarez [Piluca Álvarez Fidalgo]",0,1,"",0,NA,NA,NA,"Piluca Alvarez Fidalgo and MNCN",NA,NA
"Ceratina","Euceratina","nigrolabiata",NA,"España","Madrid","Rivas-Vaciamadrid",NA,NA,NA,NA,NA,NA,NA,NA,"J.I. López-Colón","P. Álvarez",1,0,"",0,NA,NA,NA,"Piluca Alvarez Fidalgo and MNCN",NA,NA
"Lasioglossum","Lasioglossum","xanthopus",NA,"España","Madrid","Madrid, Villaverde",NA,NA,NA,NA,NA,NA,NA,NA,"Arias","P. [Piluca] Álvarez",1,0,"",0,NA,NA,NA,"Piluca Alvarez Fidalgo and MNCN",NA,NA
"Dasypoda","Microdasypoda","crassicornis",NA,"España","Madrid","Madrid, El Pardo",NA,NA,NA,NA,NA,NA,NA,NA,"L. Hinojosa","P. Álvarez",1,0,"",0,NA,NA,NA,"Piluca Alvarez Fidalgo and MNCN",NA,NA
"Dasypoda","Microdasypoda","crassicornis",NA,"España","Madrid","Madrid, El Pardo",NA,NA,NA,NA,NA,NA,NA,NA,"L. Hinojosa","P. Álvarez",1,0,"",0,NA,NA,NA,"Piluca Alvarez Fidalgo and MNCN",NA,NA
"Melitta","Melitta","leporina",NA,"España","Guipúzcoa","Irún",NA,NA,NA,NA,NA,NA,NA,NA,"sin datos","P. [Piluca] Álvarez",0,1,"Colección Cabrera",0,NA,NA,NA,"Piluca Alvarez Fidalgo and MNCN",NA,NA
"Dasypoda","Heterodasypoda","morotei",NA,"España","Madrid","Navacerrada",NA,NA,NA,NA,NA,NA,NA,NA,"sin datos","P. [Piluca] Álvarez",1,0,"",0,NA,NA,NA,"Piluca Alvarez Fidalgo and MNCN",NA,NA
"Dasypoda","Heterodasypoda","morotei",NA,"España","Soria","San Leonardo de Yágüe",NA,NA,NA,NA,NA,NA,NA,NA,"Carmen Rey","P. [Piluca] Álvarez",0,1,"ex. Col. C. Rey",0,NA,NA,NA,"Piluca Alvarez Fidalgo and MNCN",NA,NA
"Andrena","Suandrena","cyanomicans",NA,"España","Barcelona","Barcelona, Pedralbes",NA,NA,NA,NA,NA,NA,NA,NA,"sin datos","P. [Piluca] Álvarez",1,0,"",0,NA,NA,NA,"Piluca Alvarez Fidalgo and MNCN",NA,NA
"Andrena","Suandrena","cyanomicans",NA,"España","Barcelona","Barcelona, Pedralbes",NA,NA,NA,NA,NA,NA,NA,NA,"sin datos","P. [Piluca] Álvarez",1,0,"",0,NA,NA,NA,"Piluca Alvarez Fidalgo and MNCN",NA,NA
"Andrena","Suandrena","cyanomicans",NA,"España","Barcelona","Barcelona, Pedralbes",NA,NA,NA,NA,NA,NA,NA,NA,"sin datos","P. [Piluca] Álvarez",0,1,"",0,NA,NA,NA,"Piluca Alvarez Fidalgo and MNCN",NA,NA
"Andrena","Suandrena","cyanomicans",NA,"España","Barcelona","Barcelona, Pedralbes",NA,NA,NA,NA,NA,NA,NA,NA,"sin datos","P. [Piluca] Álvarez",0,1,"",0,NA,NA,NA,"Piluca Alvarez Fidalgo and MNCN",NA,NA
"Andrena","Plastandrena","agilissima",NA,"España","Madrid","Rivas-Vaciamadrid",NA,NA,NA,NA,NA,NA,NA,NA,"Dusmet","P. Álvarez",1,0,"",0,NA,NA,NA,"Piluca Alvarez Fidalgo and MNCN",NA,NA
"Hylaeus","Hylaeus","communis",NA,"España","Asturias","La Isla",NA,NA,NA,NA,NA,NA,NA,NA,"F. Fresno","P. Álvarez",0,1,"ex. Colección F. Fresno",0,NA,NA,NA,"Piluca Alvarez Fidalgo and MNCN",NA,NA
"Hylaeus","Hylaeus","communis",NA,"España","Asturias","Proaza",NA,NA,NA,NA,NA,NA,NA,NA,"F. Fresno","P. Álvarez",0,1,"ex. Colección F. Fresno",0,NA,NA,NA,"Piluca Alvarez Fidalgo and MNCN",NA,NA
"Hylaeus","Hylaeus","communis",NA,"España","Asturias","Zureda",NA,NA,NA,NA,NA,NA,NA,NA,"F. Fresno","P. Álvarez",0,1,"ex. Colección F. Fresno",0,NA,NA,NA,"Piluca Alvarez Fidalgo and MNCN",NA,NA
"Hylaeus","Hylaeus","communis",NA,"España","Asturias","Zureda",NA,NA,NA,NA,NA,NA,NA,NA,"F. Fresno","P. Álvarez",1,0,"ex. Colección F. Fresno",0,NA,NA,NA,"Piluca Alvarez Fidalgo and MNCN",NA,NA
"Hylaeus","Hylaeus","communis",NA,"España","Asturias","Zureda",NA,NA,NA,NA,NA,NA,NA,NA,"F. Fresno","P. Álvarez",1,0,"ex. Colección F. Fresno",0,NA,NA,NA,"Piluca Alvarez Fidalgo and MNCN",NA,NA
"Hylaeus","Hylaeus","communis",NA,"España","Asturias","Pola de Lena",NA,NA,NA,NA,NA,NA,NA,NA,"F. Fresno","P. Álvarez",0,1,"ex. Colección F. Fresno",0,NA,NA,NA,"Piluca Alvarez Fidalgo and MNCN",NA,NA
"Hylaeus","Hylaeus","communis",NA,"España","Asturias","Pola de Lena",NA,NA,NA,NA,NA,NA,NA,NA,"F. Fresno","P. Álvarez",1,0,"ex. Colección F. Fresno",0,NA,NA,NA,"Piluca Alvarez Fidalgo and MNCN",NA,NA
"Hylaeus","Hylaeus","communis",NA,"España","Asturias","Pola de Lena",NA,NA,NA,NA,NA,NA,NA,NA,"F. Fresno","P. Álvarez",1,0,"ex. Colección F. Fresno",0,NA,NA,NA,"Piluca Alvarez Fidalgo and MNCN",NA,NA
"Hylaeus","Hylaeus","communis",NA,"España","Asturias","Pola de Lena",NA,NA,NA,NA,NA,NA,NA,NA,"F. Fresno","P. Álvarez",1,0,"ex. Colección F. Fresno",0,NA,NA,NA,"Piluca Alvarez Fidalgo and MNCN",NA,NA
"Hylaeus","Hylaeus","communis",NA,"España","Asturias","Pola de Lena",NA,NA,NA,NA,NA,NA,NA,NA,"F. Fresno","P. Álvarez",1,0,"ex. Colección F. Fresno",0,NA,NA,NA,"Piluca Alvarez Fidalgo and MNCN",NA,NA
"Hylaeus","Hylaeus","communis",NA,"España","Asturias","Vega del Rey",NA,NA,NA,NA,NA,NA,NA,NA,"F. Fresno","P. Álvarez",1,0,"ex. Colección F. Fresno",0,NA,NA,NA,"Piluca Alvarez Fidalgo and MNCN",NA,NA
"Hylaeus","Hylaeus","communis",NA,"España","Asturias","Vega del Rey",NA,NA,NA,NA,NA,NA,NA,NA,"F. Fresno","P. Álvarez",1,0,"ex. Colección F. Fresno",0,NA,NA,NA,"Piluca Alvarez Fidalgo and MNCN",NA,NA
"Hylaeus","Hylaeus","communis",NA,"España","Asturias","Vega del Rey",NA,NA,NA,NA,NA,NA,NA,NA,"F. Fresno","P. Álvarez",1,0,"ex. Colección F. Fresno",0,NA,NA,NA,"Piluca Alvarez Fidalgo and MNCN",NA,NA
"Hylaeus","Hylaeus","communis",NA,"España","Asturias","Embalse de Valdemurio",NA,NA,NA,NA,NA,NA,NA,NA,"F. Fresno","P. Álvarez",1,0,"ex. Colección F. Fresno",0,NA,NA,NA,"Piluca Alvarez Fidalgo and MNCN",NA,NA
"Hylaeus","Spatulariella","hyalinatus",NA,"España","Asturias","Valle La Peral",NA,NA,NA,NA,NA,NA,NA,NA,"F. Fresno","P. Álvarez",1,0,"ex. Colección F. Fresno",0,NA,NA,NA,"Piluca Alvarez Fidalgo and MNCN",NA,NA
"Hylaeus","Spatulariella","hyalinatus",NA,"España","Asturias","Valle La Peral",NA,NA,NA,NA,NA,NA,NA,NA,"F. Fresno","P. Álvarez",1,0,"ex. Colección F. Fresno",0,NA,NA,NA,"Piluca Alvarez Fidalgo and MNCN",NA,NA
"Hylaeus","Paraprosopis","clypearis",NA,"España","Asturias","Colunga",NA,NA,NA,NA,NA,NA,NA,NA,"F. Fresno","P. Álvarez",1,0,"ex. Colección F. Fresno",0,NA,NA,NA,"Piluca Alvarez Fidalgo and MNCN",NA,NA
"Hylaeus","Paraprosopis","clypearis",NA,"España","Asturias","San Pedro de la Ribera",NA,NA,NA,NA,NA,NA,NA,NA,"F. Fresno","P. Álvarez",1,0,"ex. Colección F. Fresno",0,NA,NA,NA,"Piluca Alvarez Fidalgo and MNCN",NA,NA
"Hylaeus","Paraprosopis","clypearis",NA,"España","Asturias","San Pedro de la Ribera",NA,NA,NA,NA,NA,NA,NA,NA,"F. Fresno","P. Álvarez",0,1,"ex. Colección F. Fresno",0,NA,NA,NA,"Piluca Alvarez Fidalgo and MNCN",NA,NA
"Hylaeus","Paraprosopis","clypearis",NA,"España","Asturias","La Isla",NA,NA,NA,NA,NA,NA,NA,NA,"F. Fresno","P. Álvarez",0,1,"ex. Colección F. Fresno",0,NA,NA,NA,"Piluca Alvarez Fidalgo and MNCN",NA,NA
"Hylaeus","Dentigera","brevicornis",NA,"España","Asturias","Colunga",NA,NA,NA,NA,NA,NA,NA,NA,"F. Fresno","P. Álvarez",0,1,"ex. Colección F. Fresno",0,NA,NA,NA,"Piluca Alvarez Fidalgo and MNCN",NA,NA
"Hylaeus","Dentigera","brevicornis",NA,"España","Asturias","La Isla",NA,NA,NA,NA,NA,NA,NA,NA,"F. Fresno","P. Álvarez",0,1,"ex. Colección F. Fresno",0,NA,NA,NA,"Piluca Alvarez Fidalgo and MNCN",NA,NA
"Hylaeus","Dentigera","brevicornis",NA,"España","Asturias","Pola de Lena",NA,NA,NA,NA,NA,NA,NA,NA,"F. Fresno","P. Álvarez",1,0,"ex. Colección F. Fresno",0,NA,NA,NA,"Piluca Alvarez Fidalgo and MNCN",NA,NA
"Hylaeus","Dentigera","brevicornis",NA,"España","Asturias","Vega del Rey",NA,NA,NA,NA,NA,NA,NA,NA,"F. Fresno","P. Álvarez",1,0,"ex. Colección F. Fresno",0,NA,NA,NA,"Piluca Alvarez Fidalgo and MNCN",NA,NA
"Hylaeus","Dentigera","brevicornis",NA,"España","Asturias","Pimiango",NA,NA,NA,NA,NA,NA,NA,NA,"F. Fresno","P. Álvarez",1,0,"ex. Colección F. Fresno",0,NA,NA,NA,"Piluca Alvarez Fidalgo and MNCN",NA,NA
"Hylaeus","Dentigera","brevicornis",NA,"España","Asturias","Zureda",NA,NA,NA,NA,NA,NA,NA,NA,"F. Fresno","P. Álvarez",1,0,"ex. Colección F. Fresno",0,NA,NA,NA,"Piluca Alvarez Fidalgo and MNCN",NA,NA
"Hylaeus","Dentigera","brevicornis",NA,"España","Asturias","Zureda",NA,NA,NA,NA,NA,NA,NA,NA,"F. Fresno","P. Álvarez",1,0,"ex. Colección F. Fresno",0,NA,NA,NA,"Piluca Alvarez Fidalgo and MNCN",NA,NA
"Andrena","Plastandrena","agilissima",NA,"España","Madrid","Buitrago del Lozoya",NA,NA,NA,NA,NA,NA,NA,NA,"F. Fresno","P. Álvarez",1,0,"ex. Colección F. Fresno",0,NA,NA,NA,"Piluca Alvarez Fidalgo and MNCN",NA,NA
"Andrena","Plastandrena","agilissima",NA,"España","Madrid","Buitrago del Lozoya",NA,NA,NA,NA,NA,NA,NA,NA,"F. Fresno","P. Álvarez",1,0,"ex. Colección F. Fresno",0,NA,NA,NA,"Piluca Alvarez Fidalgo and MNCN",NA,NA
"Andrena","Plastandrena","agilissima",NA,"España","Madrid","Buitrago del Lozoya",NA,NA,NA,NA,NA,NA,NA,NA,"F. Fresno","P. Álvarez",1,0,"ex. Colección F. Fresno",0,NA,NA,NA,"Piluca Alvarez Fidalgo and MNCN",NA,NA
"Andrena","Chlorandrena","humilis",NA,"España","Madrid","Madrid, Villaverde",NA,NA,NA,NA,NA,NA,NA,NA,"Dusmet","P. Álvarez",0,1,"Colección Dusmet",0,NA,NA,NA,"Piluca Alvarez Fidalgo and MNCN",NA,NA
"Panurginus","","albopilosus",NA,"España","Madrid","Madrid, El Pardo",NA,NA,NA,NA,NA,NA,NA,NA,"Dusmet","P. Álvarez",0,1,"",0,NA,NA,NA,"Piluca Alvarez Fidalgo and MNCN",NA,NA
"Panurginus","","albopilosus",NA,"España","Madrid","Rivas-Vaciamadrid",NA,NA,NA,NA,NA,NA,NA,NA,"Dusmet","P. Álvarez",0,1,"Colección Dusmet",0,NA,NA,NA,"Piluca Alvarez Fidalgo and MNCN",NA,NA
"Andrena","Graecandrena","verticalis",NA,"España","Valladolid","Cabezón de Pisuerga",NA,NA,NA,NA,NA,NA,NA,NA,"F. Fresno","P. Álvarez",1,0,"ex. Colección F. Fresno",0,NA,NA,NA,"Piluca Alvarez Fidalgo and MNCN",NA,NA
"Lasioglossum","Lasioglossum","pallens",NA,"España","Madrid","Aldea del Fresno",NA,NA,NA,NA,NA,NA,NA,NA,"Dusmet","P. Álvarez",1,0,"Colección Dusmet",0,NA,NA,NA,"Piluca Alvarez Fidalgo and MNCN",NA,NA
"Lasioglossum","Sphecodogastra","calceatum",NA,"España","Asturias","Zureda",NA,NA,NA,NA,NA,NA,NA,NA,"F. Fresno","P. Álvarez",0,1,"ex. Colección F. Fresno",0,NA,NA,NA,"Piluca Alvarez Fidalgo and MNCN",NA,NA
"Lasioglossum","Sphecodogastra","calceatum",NA,"España","Asturias","Soto de Agues",NA,NA,NA,NA,NA,NA,NA,NA,"F. Fresno","P. Álvarez",0,1,"ex. Colección F. Fresno",0,NA,NA,NA,"Piluca Alvarez Fidalgo and MNCN",NA,NA
"Lasioglossum","Sphecodogastra","albipes",NA,"España","Asturias","Colunga",NA,NA,NA,NA,NA,NA,NA,NA,"F. Fresno","P. Álvarez",0,1,"ex. Colección F. Fresno",0,NA,NA,NA,"Piluca Alvarez Fidalgo and MNCN",NA,NA
"Lasioglossum","Sphecodogastra","albipes",NA,"España","Asturias","Pimiango",NA,NA,NA,NA,NA,NA,NA,NA,"F. Fresno","P. Álvarez",0,1,"ex. Colección F. Fresno",0,NA,NA,NA,"Piluca Alvarez Fidalgo and MNCN",NA,NA
"Lasioglossum","Sphecodogastra","albipes",NA,"España","Asturias","Pimiango",NA,NA,NA,NA,NA,NA,NA,NA,"F. Fresno","P. Álvarez",1,0,"ex. Colección F. Fresno",0,NA,NA,NA,"Piluca Alvarez Fidalgo and MNCN",NA,NA
"Lasioglossum","Sphecodogastra","albipes",NA,"España","Asturias","La isla",NA,NA,NA,NA,NA,NA,NA,NA,"F. Fresno","P. Álvarez",1,0,"ex. Colección F. Fresno",0,NA,NA,NA,"Piluca Alvarez Fidalgo and MNCN",NA,NA
"Lasioglossum","Sphecodogastra","albipes",NA,"España","Asturias","La isla",NA,NA,NA,NA,NA,NA,NA,NA,"F. Fresno","P. Álvarez",0,1,"ex. Colección F. Fresno",0,NA,NA,NA,"Piluca Alvarez Fidalgo and MNCN",NA,NA
"Lasioglossum","Sphecodogastra","albipes",NA,"España","Asturias","La isla",NA,NA,NA,NA,NA,NA,NA,NA,"F. Fresno","P. Álvarez",0,1,"ex. Colección F. Fresno",0,NA,NA,NA,"Piluca Alvarez Fidalgo and MNCN",NA,NA
"Lasioglossum","Sphecodogastra","albipes",NA,"España","Asturias","Valle La Peral",NA,NA,NA,NA,NA,NA,NA,NA,"F. Fresno","P. Álvarez",0,1,"ex. Colección F. Fresno",0,NA,NA,NA,"Piluca Alvarez Fidalgo and MNCN",NA,NA
"Lasioglossum","Sphecodogastra","albipes",NA,"España","Asturias","Pola de Lena",NA,NA,NA,NA,NA,NA,NA,NA,"F. Fresno","P. Álvarez",0,1,"ex. Colección F. Fresno",0,NA,NA,NA,"Piluca Alvarez Fidalgo and MNCN",NA,NA
"Lasioglossum","Sphecodogastra","albipes",NA,"España","Asturias","Pola de Lena",NA,NA,NA,NA,NA,NA,NA,NA,"F. Fresno","P. Álvarez",0,1,"ex. Colección F. Fresno",0,NA,NA,NA,"Piluca Alvarez Fidalgo and MNCN",NA,NA
"Lasioglossum","Sphecodogastra","albipes",NA,"España","Asturias","Zureda",NA,NA,NA,NA,NA,NA,NA,NA,"F. Fresno","P. Álvarez",0,1,"ex. Colección F. Fresno",0,NA,NA,NA,"Piluca Alvarez Fidalgo and MNCN",NA,NA
"Lasioglossum","Hemihalictus","pauperatum",NA,"España","Asturias","Vega del Rey",NA,NA,NA,NA,NA,NA,NA,NA,"F. Fresno","P. Álvarez",1,0,"ex. Colección F. Fresno",0,NA,NA,NA,"Piluca Alvarez Fidalgo and MNCN",NA,NA
"Lasioglossum","Hemihalictus","pauperatum",NA,"España","Asturias","Vega del Rey",NA,NA,NA,NA,NA,NA,NA,NA,"F. Fresno","P. Álvarez",1,0,"ex. Colección F. Fresno",0,NA,NA,NA,"Piluca Alvarez Fidalgo and MNCN",NA,NA
"Lasioglossum","Hemihalictus","pauperatum",NA,"España","Asturias","Soto de Agues",NA,NA,NA,NA,NA,NA,NA,NA,"F. Fresno","P. Álvarez",1,0,"ex. Colección F. Fresno",0,NA,NA,NA,"Piluca Alvarez Fidalgo and MNCN",NA,NA
"Lasioglossum","Hemihalictus","pauperatum",NA,"España","Asturias","Soto de Agues",NA,NA,NA,NA,NA,NA,NA,NA,"F. Fresno","P. Álvarez",1,0,"ex. Colección F. Fresno",0,NA,NA,NA,"Piluca Alvarez Fidalgo and MNCN",NA,NA
"Lasioglossum","Hemihalictus","pauperatum",NA,"España","Asturias","Campo de Caso",NA,NA,NA,NA,NA,NA,NA,NA,"F. Fresno","P. Álvarez",1,0,"ex. Colección F. Fresno",0,NA,NA,NA,"Piluca Alvarez Fidalgo and MNCN",NA,NA
"Lasioglossum","Hemihalictus","pauperatum",NA,"España","Salamanca","Aldealengua",NA,NA,NA,NA,NA,NA,NA,NA,"Gayubo y Fresno","P. [Piluca] Álvarez",1,0,"ex. Colección F. Fresno",0,NA,NA,NA,"Piluca Alvarez Fidalgo and MNCN",NA,NA
"Halictus","Tytthalictus","maculatus",NA,"España","Asturias","Pola de Lena",NA,NA,NA,NA,NA,NA,NA,NA,"F. Fresno","P. Álvarez",0,1,"ex. Colección F. Fresno",0,NA,NA,NA,"Piluca Alvarez Fidalgo and MNCN",NA,NA
"Halictus","Tytthalictus","maculatus",NA,"España","Asturias","Pola de Lena",NA,NA,NA,NA,NA,NA,NA,NA,"F. Fresno","P. Álvarez",1,0,"ex. Colección F. Fresno",0,NA,NA,NA,"Piluca Alvarez Fidalgo and MNCN",NA,NA
"Halictus","Tytthalictus","maculatus",NA,"España","Asturias","Pola de Lena",NA,NA,NA,NA,NA,NA,NA,NA,"F. Fresno","P. Álvarez",0,1,"ex. Colección F. Fresno",0,NA,NA,NA,"Piluca Alvarez Fidalgo and MNCN",NA,NA
"Halictus","Tytthalictus","maculatus",NA,"España","Asturias","Valle la Peral",NA,NA,NA,NA,NA,NA,NA,NA,"F. Fresno","P. Álvarez",1,0,"ex. Colección F. Fresno",0,NA,NA,NA,"Piluca Alvarez Fidalgo and MNCN",NA,NA
"Andrena","Melandrena","flavipes",NA,"España","Asturias","Pola de Lena",NA,NA,NA,NA,NA,NA,NA,NA,"F. Fresno","P. Álvarez",1,0,"ex. Colección F. Fresno",0,NA,NA,NA,"Piluca Alvarez Fidalgo and MNCN",NA,NA
"Panurgus","Panurgus","calcaratus",NA,"España","Asturias","Vega del Ciego",NA,NA,NA,NA,NA,NA,NA,NA,"F. Fresno","P. [Piluca] Álvarez",0,1,"",0,NA,NA,NA,"Piluca Alvarez Fidalgo and MNCN",NA,NA
"Andrena","Trachandrena","haemorrhoa",NA,"España","León","Villarrodrigo de Ordás",NA,NA,NA,NA,NA,NA,NA,NA,"Miguel Moya","P. Álvarez",1,0,"",0,NA,NA,NA,"Piluca Alvarez Fidalgo and MNCN",NA,NA
"Ceratina","Ceratina","cucurbitina",NA,"España","León","Villarrodrigo de Ordás",NA,NA,NA,NA,NA,NA,NA,NA,"Miguel Moya","P. Álvarez",0,1,"",0,NA,NA,NA,"Piluca Alvarez Fidalgo and MNCN",NA,NA
"Ceratina","Euceratina","dentiventris",NA,"España","León","Villarrodrigo de Ordás",NA,NA,NA,NA,NA,NA,NA,NA,"Miguel Moya","P. Álvarez",1,0,"",0,NA,NA,NA,"Piluca Alvarez Fidalgo and MNCN",NA,NA
"Ceratina","Euceratina","dentiventris",NA,"España","León","Villarrodrigo de Ordás",NA,NA,NA,NA,NA,NA,NA,NA,"Miguel Moya","P. Álvarez",0,1,"",0,NA,NA,NA,"Piluca Alvarez Fidalgo and MNCN",NA,NA
"Hylaeus","Prosopis","variegatus",NA,"España","Asturias","Pola de Lena",NA,NA,NA,NA,NA,NA,NA,NA,"F. Fresno","P. Álvarez",1,0,"",0,NA,NA,NA,"Piluca Alvarez Fidalgo and MNCN",NA,NA
"Hylaeus","Prosopis","variegatus",NA,"España","Asturias","Pola de Lena",NA,NA,NA,NA,NA,NA,NA,NA,"F. Fresno","P. Álvarez",1,0,"",0,NA,NA,NA,"Piluca Alvarez Fidalgo and MNCN",NA,NA
"Hylaeus","Prosopis","variegatus",NA,"España","León","Villarrodrigo de Ordás",NA,NA,NA,NA,NA,NA,NA,NA,"Miguel Moya","P. Álvarez",1,0,"",0,NA,NA,NA,"Piluca Alvarez Fidalgo and MNCN",NA,NA
"Hylaeus","Prosopis","variegatus",NA,"España","León","Villarrodrigo de Ordás",NA,NA,NA,NA,NA,NA,NA,NA,"Miguel Moya","P. Álvarez",1,0,"",0,NA,NA,NA,"Piluca Alvarez Fidalgo and MNCN",NA,NA
"Halictus","Hexataenites","scabiosae",NA,"España","Asturias","Columbiello",NA,NA,NA,NA,NA,NA,NA,NA,"F. Fresno","P. Álvarez",1,0,"",0,NA,NA,NA,"Piluca Alvarez Fidalgo and MNCN",NA,NA
"Halictus","Hexataenites","scabiosae",NA,"España","Asturias","Oviedo, Parque del Oeste",NA,NA,NA,NA,NA,NA,NA,NA,"F. Fresno","P. Álvarez",0,1,"",0,NA,NA,NA,"Piluca Alvarez Fidalgo and MNCN",NA,NA
"Halictus","Hexataenites","scabiosae",NA,"España","Asturias","Pola de Lena",NA,NA,NA,NA,NA,NA,NA,NA,"F. Fresno","P. Álvarez",0,1,"",0,NA,NA,NA,"Piluca Alvarez Fidalgo and MNCN",NA,NA
"Halictus","Hexataenites","scabiosae",NA,"España","Asturias","La Carrera",NA,NA,NA,NA,NA,NA,NA,NA,"F. Fresno","P. Álvarez",0,1,"",0,NA,NA,NA,"Piluca Alvarez Fidalgo and MNCN",NA,NA
"Halictus","Hexataenites","scabiosae",NA,"España","Asturias","El Cogollo",NA,NA,NA,NA,NA,NA,NA,NA,"F. Fresno","P. Álvarez",1,0,"",0,NA,NA,NA,"Piluca Alvarez Fidalgo and MNCN",NA,NA
"Halictus","Halictus","quadricinctus",NA,"España","Asturias","Columbiello",NA,NA,NA,NA,NA,NA,NA,NA,"F. Fresno","P. Álvarez",1,0,"",0,NA,NA,NA,"Piluca Alvarez Fidalgo and MNCN",NA,NA
"Lasioglossum","Lasioglossum","zonulus",NA,"España","Asturias","El Cogollo",NA,NA,NA,NA,NA,NA,NA,NA,"F. Fresno","P. Álvarez",0,1,"",0,NA,NA,NA,"Piluca Alvarez Fidalgo and MNCN",NA,NA
"Lasioglossum","Sphecodogastra","malachurum",NA,"España","Asturias","La Isla",NA,NA,NA,NA,NA,NA,NA,NA,"F. Fresno","P. Álvarez",0,1,"",0,NA,NA,NA,"Piluca Alvarez Fidalgo and MNCN",NA,NA
"Lasioglossum","Sphecodogastra","malachurum",NA,"España","Asturias","Pola de Lena",NA,NA,NA,NA,NA,NA,NA,NA,"F. Fresno","P. Álvarez",1,0,"",0,NA,NA,NA,"Piluca Alvarez Fidalgo and MNCN",NA,NA
"Lasioglossum","Sphecodogastra","malachurum",NA,"España","Asturias","Pola de Lena",NA,NA,NA,NA,NA,NA,NA,NA,"F. Fresno","P. Álvarez",1,0,"",0,NA,NA,NA,"Piluca Alvarez Fidalgo and MNCN",NA,NA
"Lasioglossum","Sphecodogastra","malachurum",NA,"España","Asturias","Pola de Lena",NA,NA,NA,NA,NA,NA,NA,NA,"F. Fresno","P. Álvarez",1,0,"",0,NA,NA,NA,"Piluca Alvarez Fidalgo and MNCN",NA,NA
"Lasioglossum","Sphecodogastra","malachurum",NA,"España","Asturias","Pola de Lena",NA,NA,NA,NA,NA,NA,NA,NA,"F. Fresno","P. Álvarez",0,1,"",0,NA,NA,NA,"Piluca Alvarez Fidalgo and MNCN",NA,NA
"Lasioglossum","Biennilaeus","marginatum",NA,"España","León","Villarrodrigo de Ordás",NA,NA,NA,NA,NA,NA,NA,NA,"Miguel Moya","P. Álvarez",1,0,"",0,NA,NA,NA,"Piluca Alvarez Fidalgo and MNCN",NA,NA
"Seladonia","Pachyceble","tumulorum",NA,"España","Asturias","Pola de Lena",NA,NA,NA,NA,NA,NA,NA,NA,"F. Fresno","P. Álvarez",1,0,"",0,NA,NA,NA,"Piluca Alvarez Fidalgo and MNCN",NA,NA
"Seladonia","Pachyceble","tumulorum",NA,"España","Asturias","Pola de Lena",NA,NA,NA,NA,NA,NA,NA,NA,"F. Fresno","P. Álvarez",1,0,"",0,NA,NA,NA,"Piluca Alvarez Fidalgo and MNCN",NA,NA
"Seladonia","Pachyceble","tumulorum",NA,"España","Asturias","Pola de Lena",NA,NA,NA,NA,NA,NA,NA,NA,"F. Fresno","P. Álvarez",1,0,"",0,NA,NA,NA,"Piluca Alvarez Fidalgo and MNCN",NA,NA
"Lasioglossum","Sphecodogastra","albipes",NA,"España","Asturias","La Isla",NA,NA,NA,NA,NA,NA,NA,NA,"F. Fresno","P. Álvarez",0,1,"",0,NA,NA,NA,"Piluca Alvarez Fidalgo and MNCN",NA,NA
"Lasioglossum","Sphecodogastra","albipes",NA,"España","Asturias","Pola de Lena",NA,NA,NA,NA,NA,NA,NA,NA,"F. Fresno","P. Álvarez",0,1,"",0,NA,NA,NA,"Piluca Alvarez Fidalgo and MNCN",NA,NA
"Lasioglossum","Sphecodogastra","albipes",NA,"España","Asturias","Pola de Lena",NA,NA,NA,NA,NA,NA,NA,NA,"F. Fresno","P. Álvarez",0,1,"",0,NA,NA,NA,"Piluca Alvarez Fidalgo and MNCN",NA,NA
"Seladonia","Seladonia","subaurata",NA,"España","Asturias","Vega del Ciego",NA,NA,NA,NA,NA,NA,NA,NA,"F. Fresno","P. Álvarez",1,0,"",0,NA,NA,NA,"Piluca Alvarez Fidalgo and MNCN",NA,NA
"Seladonia","Seladonia","subaurata",NA,"España","Asturias","Vega del Ciego",NA,NA,NA,NA,NA,NA,NA,NA,"F. Fresno","P. Álvarez",1,0,"",0,NA,NA,NA,"Piluca Alvarez Fidalgo and MNCN",NA,NA
"Seladonia","Seladonia","subaurata",NA,"España","Asturias","Pola de Lena",NA,NA,NA,NA,NA,NA,NA,NA,"F. Fresno","P. Álvarez",1,0,"",0,NA,NA,NA,"Piluca Alvarez Fidalgo and MNCN",NA,NA
"Seladonia","Seladonia","subaurata",NA,"España","León","Villarrodrigo de Ordás",NA,NA,NA,NA,NA,NA,NA,NA,"Miguel Moya","P. Álvarez",1,0,"",0,NA,NA,NA,"Piluca Alvarez Fidalgo and MNCN",NA,NA
"Seladonia","Seladonia","subaurata",NA,"España","León","Villarrodrigo de Ordás",NA,NA,NA,NA,NA,NA,NA,NA,"Miguel Moya","P. Álvarez",1,0,"",0,NA,NA,NA,"Piluca Alvarez Fidalgo and MNCN",NA,NA
"Lasioglossum","Hemihalictus","villosulum",NA,"España","Asturias","Columbiello",NA,NA,NA,NA,NA,NA,NA,NA,"F. Fresno","P. Álvarez",0,1,"",0,NA,NA,NA,"Piluca Alvarez Fidalgo and MNCN",NA,NA
"Anthidium","Anthidium","septemspinosum",NA,"España","Asturias","Pola de Lena",NA,NA,NA,NA,NA,NA,NA,NA,"F. Fresno","P. Álvarez",0,1,"",0,NA,NA,NA,"Piluca Alvarez Fidalgo and MNCN",NA,NA
"Osmia","Hoplosmia","spinulosa",NA,"España","Asturias","Vega del Ciego",NA,NA,NA,NA,NA,NA,NA,NA,"F. Fresno","P. Álvarez",0,1,"",0,NA,NA,NA,"Piluca Alvarez Fidalgo and MNCN",NA,NA
"Chelostoma","Chelostoma","florisomne",NA,"España","León","Villarrodrigo de Ordás",NA,NA,NA,NA,NA,NA,NA,NA,"Miguel Moya","P. Álvarez",0,1,"",0,NA,NA,NA,"Piluca Alvarez Fidalgo and MNCN",NA,NA
"Chelostoma","Chelostoma","florisomne",NA,"España","León","Villarrodrigo de Ordás",NA,NA,NA,NA,NA,NA,NA,NA,"Miguel Moya","P. Álvarez",0,1,"",0,NA,NA,NA,"Piluca Alvarez Fidalgo and MNCN",NA,NA
"Dioxys","","cinctus",NA,"España","Madrid","Rivas-Vaciamadrid",NA,NA,NA,NA,NA,NA,NA,NA,"G. Mercet","P. Álvarez",1,0,"Colección Gª Mercet",0,NA,NA,NA,"Piluca Alvarez Fidalgo and MNCN",NA,NA
"Dioxys","","cinctus",NA,"España","Córdoba","Córdoba",NA,NA,NA,NA,NA,NA,NA,NA,"Dusmet","P. Álvarez",1,0,"Colección Dusmet",0,NA,NA,NA,"Piluca Alvarez Fidalgo and MNCN",NA,NA
"Dioxys","","cinctus",NA,"España","Islas Baleares","España",NA,NA,NA,NA,NA,NA,NA,NA,"Vidal y Lopez","P. Álvarez",0,1,"Colección Dusmet",0,NA,NA,NA,"Piluca Alvarez Fidalgo and MNCN",NA,NA
"Dioxys","","cinctus",NA,"España","Madrid","Madrid",NA,NA,NA,NA,NA,NA,NA,NA,"G. Mercet","P. Álvarez",1,0,"",0,NA,NA,NA,"Piluca Alvarez Fidalgo and MNCN",NA,NA
"Icteranthidium","","ferrugineum",NA,"España","Madrid","Titulcia",NA,NA,NA,NA,NA,NA,NA,NA,"F. Fresno","P. Álvarez",1,0,"ex. Colección F. Fresno",0,NA,NA,NA,"Piluca Alvarez Fidalgo and MNCN",NA,NA
"Icteranthidium","","ferrugineum",NA,"España","Madrid","Titulcia",NA,NA,NA,NA,NA,NA,NA,NA,"F. Fresno","P. Álvarez",1,0,"ex. Colección F. Fresno",0,NA,NA,NA,"Piluca Alvarez Fidalgo and MNCN",NA,NA
"Icteranthidium","","ferrugineum",NA,"España","Alicante","Salinas",NA,NA,NA,NA,NA,NA,NA,NA,"F. Fresno","P. Álvarez",0,1,"ex. Colección F. Fresno",0,NA,NA,NA,"Piluca Alvarez Fidalgo and MNCN",NA,NA
"Icteranthidium","","ferrugineum",NA,"España","Madrid","Aldea del Fresno",NA,NA,NA,NA,NA,NA,NA,NA,"F. Fresno","P. Álvarez",0,1,"ex. Colección F. Fresno",0,NA,NA,NA,"Piluca Alvarez Fidalgo and MNCN",NA,NA
"Icteranthidium","","ferrugineum",NA,"España","Madrid","Aldea del Fresno",NA,NA,NA,NA,NA,NA,NA,NA,"F. Fresno","P. Álvarez",1,0,"ex. Colección F. Fresno",0,NA,NA,NA,"Piluca Alvarez Fidalgo and MNCN",NA,NA
"Icteranthidium","","ferrugineum",NA,"España","Málaga","Fuengirola",NA,NA,NA,NA,NA,NA,NA,NA,"F. Fresno","P. Álvarez",0,1,"ex. Colección F. Fresno",0,NA,NA,NA,"Piluca Alvarez Fidalgo and MNCN",NA,NA
"Icteranthidium","","ferrugineum",NA,"España","Málaga","Fuengirola",NA,NA,NA,NA,NA,NA,NA,NA,"F. Fresno","P. Álvarez",1,0,"ex. Colección F. Fresno",0,NA,NA,NA,"Piluca Alvarez Fidalgo and MNCN",NA,NA
"Icteranthidium","","ferrugineum",NA,"España","Málaga","Fuengirola",NA,NA,NA,NA,NA,NA,NA,NA,"F. Fresno","P. Álvarez",1,0,"ex. Colección F. Fresno",0,NA,NA,NA,"Piluca Alvarez Fidalgo and MNCN",NA,NA
"Icteranthidium","","ferrugineum",NA,"España","Málaga","Fuengirola",NA,NA,NA,NA,NA,NA,NA,NA,"F. Fresno","P. Álvarez",1,0,"ex. Colección F. Fresno",0,NA,NA,NA,"Piluca Alvarez Fidalgo and MNCN",NA,NA
"Icteranthidium","","ferrugineum",NA,"España","Málaga","Fuengirola",NA,NA,NA,NA,NA,NA,NA,NA,"F. Fresno","P. Álvarez",1,0,"ex. Colección F. Fresno",0,NA,NA,NA,"Piluca Alvarez Fidalgo and MNCN",NA,NA
"Icteranthidium","","ferrugineum",NA,"España","Málaga","Fuengirola",NA,NA,NA,NA,NA,NA,NA,NA,"F. Fresno","P. Álvarez",1,0,"ex. Colección F. Fresno",0,NA,NA,NA,"Piluca Alvarez Fidalgo and MNCN",NA,NA
"Icteranthidium","","ferrugineum",NA,"España","Madrid","Valderacete",NA,NA,NA,NA,NA,NA,NA,NA,"F. Fresno","P. Álvarez",1,0,"ex. Colección F. Fresno",0,NA,NA,NA,"Piluca Alvarez Fidalgo and MNCN",NA,NA
"Icteranthidium","","ferrugineum",NA,"España","Madrid","Tielmes",NA,NA,NA,NA,NA,NA,NA,NA,"F. Fresno","P. Álvarez",1,0,"ex. Colección F. Fresno",0,NA,NA,NA,"Piluca Alvarez Fidalgo and MNCN",NA,NA
"Icteranthidium","","ferrugineum",NA,"España","Alicante","Ibi",NA,NA,NA,NA,NA,NA,NA,NA,"F. Fresno","P. Álvarez",1,0,"ex. Colección F. Fresno",0,NA,NA,NA,"Piluca Alvarez Fidalgo and MNCN",NA,NA
"Andrena","Biareolina","lagopus",NA,"España","Barcelona","Barcelona",NA,NA,NA,NA,NA,NA,NA,NA,"sin datos","P. Álvarez",0,1,"",0,NA,NA,NA,"Piluca Alvarez Fidalgo and MNCN",NA,NA
"Andrena","Biareolina","lagopus",NA,"España","Barcelona","Barcelona",NA,NA,NA,NA,NA,NA,NA,NA,"sin datos","P. Álvarez",0,1,"",0,NA,NA,NA,"Piluca Alvarez Fidalgo and MNCN",NA,NA
"Andrena","Biareolina","lagopus",NA,"España","Barcelona","Barcelona",NA,NA,NA,NA,NA,NA,NA,NA,"sin datos","P. Álvarez",0,1,"",0,NA,NA,NA,"Piluca Alvarez Fidalgo and MNCN",NA,NA
"Dasypoda","Dasypoda","dusmeti",NA,"España","Madrid","Aranjuez",NA,NA,NA,NA,NA,NA,NA,NA,"sin datos [Cabrera?]","P. Álvarez",0,1,"Colección Cabrera",0,NA,NA,NA,"Piluca Alvarez Fidalgo and MNCN",NA,NA
"Lasioglossum","Dialictus","morio",NA,"España","Asturias","Soto de Agues",NA,NA,NA,NA,NA,NA,NA,NA,"F. Fresno","P. Álvarez",1,0,"ex. Colección F. Fresno",0,NA,NA,NA,"Piluca Alvarez Fidalgo and MNCN",NA,NA
"Lasioglossum","Dialictus","morio",NA,"España","Asturias","Soto de Agues",NA,NA,NA,NA,NA,NA,NA,NA,"F. Fresno","P. Álvarez",0,1,"ex. Colección F. Fresno",0,NA,NA,NA,"Piluca Alvarez Fidalgo and MNCN",NA,NA
"Lasioglossum","Dialictus","morio",NA,"España","Asturias","Telledo",NA,NA,NA,NA,NA,NA,NA,NA,"F. Fresno","P. Álvarez",0,1,"ex. Colección F. Fresno",0,NA,NA,NA,"Piluca Alvarez Fidalgo and MNCN",NA,NA
"Lasioglossum","Dialictus","morio",NA,"España","Asturias","Maramuñiz",NA,NA,NA,NA,NA,NA,NA,NA,"F. Fresno","P. Álvarez",0,1,"ex. Colección F. Fresno",0,NA,NA,NA,"Piluca Alvarez Fidalgo and MNCN",NA,NA
"Lasioglossum","Dialictus","morio",NA,"España","Asturias","Colunga",NA,NA,NA,NA,NA,NA,NA,NA,"F. Fresno","P. Álvarez",1,0,"ex. Colección F. Fresno",0,NA,NA,NA,"Piluca Alvarez Fidalgo and MNCN",NA,NA
"Lasioglossum","Dialictus","morio",NA,"España","Asturias","Colunga",NA,NA,NA,NA,NA,NA,NA,NA,"F. Fresno","P. Álvarez",1,0,"ex. Colección F. Fresno",0,NA,NA,NA,"Piluca Alvarez Fidalgo and MNCN",NA,NA
"Lasioglossum","Dialictus","morio",NA,"España","Asturias","Colunga",NA,NA,NA,NA,NA,NA,NA,NA,"F. Fresno","P. Álvarez",0,1,"ex. Colección F. Fresno",0,NA,NA,NA,"Piluca Alvarez Fidalgo and MNCN",NA,NA
"Lasioglossum","Dialictus","morio",NA,"España","Asturias","Colunga",NA,NA,NA,NA,NA,NA,NA,NA,"F. Fresno","P. Álvarez",0,1,"ex. Colección F. Fresno",0,NA,NA,NA,"Piluca Alvarez Fidalgo and MNCN",NA,NA
"Lasioglossum","Dialictus","morio",NA,"España","Asturias","Colunga",NA,NA,NA,NA,NA,NA,NA,NA,"F. Fresno","P. Álvarez",0,1,"ex. Colección F. Fresno",0,NA,NA,NA,"Piluca Alvarez Fidalgo and MNCN",NA,NA
"Lasioglossum","Dialictus","morio",NA,"España","Asturias","La Isla",NA,NA,NA,NA,NA,NA,NA,NA,"F. Fresno","P. Álvarez",0,1,"ex. Colección F. Fresno",0,NA,NA,NA,"Piluca Alvarez Fidalgo and MNCN",NA,NA
"Lasioglossum","Dialictus","morio",NA,"España","Asturias","La Isla",NA,NA,NA,NA,NA,NA,NA,NA,"F. Fresno","P. Álvarez",0,1,"ex. Colección F. Fresno",0,NA,NA,NA,"Piluca Alvarez Fidalgo and MNCN",NA,NA
"Lasioglossum","Dialictus","morio",NA,"España","Asturias","La Isla",NA,NA,NA,NA,NA,NA,NA,NA,"F. Fresno","P. Álvarez",0,1,"ex. Colección F. Fresno",0,NA,NA,NA,"Piluca Alvarez Fidalgo and MNCN",NA,NA
"Lasioglossum","Dialictus","morio",NA,"España","Asturias","La Isla",NA,NA,NA,NA,NA,NA,NA,NA,"F. Fresno","P. Álvarez",1,0,"ex. Colección F. Fresno",0,NA,NA,NA,"Piluca Alvarez Fidalgo and MNCN",NA,NA
"Lasioglossum","Dialictus","morio",NA,"España","Asturias","La Isla",NA,NA,NA,NA,NA,NA,NA,NA,"F. Fresno","P. Álvarez",0,1,"ex. Colección F. Fresno",0,NA,NA,NA,"Piluca Alvarez Fidalgo and MNCN",NA,NA
"Lasioglossum","Dialictus","morio",NA,"España","Asturias","La Isla",NA,NA,NA,NA,NA,NA,NA,NA,"F. Fresno","P. Álvarez",1,0,"ex. Colección F. Fresno",0,NA,NA,NA,"Piluca Alvarez Fidalgo and MNCN",NA,NA
"Lasioglossum","Dialictus","morio",NA,"España","Asturias","Pola de Lena",NA,NA,NA,NA,NA,NA,NA,NA,"F. Fresno","P. Álvarez",0,1,"ex. Colección F. Fresno",0,NA,NA,NA,"Piluca Alvarez Fidalgo and MNCN",NA,NA
"Lasioglossum","Dialictus","morio",NA,"España","Asturias","Pola de Lena",NA,NA,NA,NA,NA,NA,NA,NA,"F. Fresno","P. Álvarez",0,1,"ex. Colección F. Fresno",0,NA,NA,NA,"Piluca Alvarez Fidalgo and MNCN",NA,NA
"Lasioglossum","Dialictus","morio",NA,"España","Asturias","Pola de Lena",NA,NA,NA,NA,NA,NA,NA,NA,"F. Fresno","P. Álvarez",0,1,"ex. Colección F. Fresno",0,NA,NA,NA,"Piluca Alvarez Fidalgo and MNCN",NA,NA
"Lasioglossum","Dialictus","morio",NA,"España","Asturias","Pola de Lena",NA,NA,NA,NA,NA,NA,NA,NA,"F. Fresno","P. Álvarez",1,0,"ex. Colección F. Fresno",0,NA,NA,NA,"Piluca Alvarez Fidalgo and MNCN",NA,NA
"Lasioglossum","Dialictus","morio",NA,"España","Asturias","Pola de Lena",NA,NA,NA,NA,NA,NA,NA,NA,"F. Fresno","P. Álvarez",1,0,"ex. Colección F. Fresno",0,NA,NA,NA,"Piluca Alvarez Fidalgo and MNCN",NA,NA
"Lasioglossum","Dialictus","morio",NA,"España","Asturias","Pola de Lena",NA,NA,NA,NA,NA,NA,NA,NA,"F. Fresno","P. Álvarez",1,0,"ex. Colección F. Fresno",0,NA,NA,NA,"Piluca Alvarez Fidalgo and MNCN",NA,NA
"Lasioglossum","Dialictus","morio",NA,"España","Asturias","Pola de Lena",NA,NA,NA,NA,NA,NA,NA,NA,"F. Fresno","P. Álvarez",1,0,"ex. Colección F. Fresno",0,NA,NA,NA,"Piluca Alvarez Fidalgo and MNCN",NA,NA
"Lasioglossum","Dialictus","morio",NA,"España","Asturias","Pola de Lena",NA,NA,NA,NA,NA,NA,NA,NA,"F. Fresno","P. Álvarez",1,0,"ex. Colección F. Fresno",0,NA,NA,NA,"Piluca Alvarez Fidalgo and MNCN",NA,NA
"Lasioglossum","Dialictus","morio",NA,"España","Asturias","Pola de Lena",NA,NA,NA,NA,NA,NA,NA,NA,"F. Fresno","P. Álvarez",1,0,"ex. Colección F. Fresno",0,NA,NA,NA,"Piluca Alvarez Fidalgo and MNCN",NA,NA
"Lasioglossum","Dialictus","morio",NA,"España","Asturias","Pola de Lena",NA,NA,NA,NA,NA,NA,NA,NA,"F. Fresno","P. Álvarez",1,0,"ex. Colección F. Fresno",0,NA,NA,NA,"Piluca Alvarez Fidalgo and MNCN",NA,NA
"Lasioglossum","Dialictus","morio",NA,"España","Asturias","Campo de Caso",NA,NA,NA,NA,NA,NA,NA,NA,"F. Fresno","P. Álvarez",1,0,"ex. Colección F. Fresno",0,NA,NA,NA,"Piluca Alvarez Fidalgo and MNCN",NA,NA
"Ceratina","Ceratina","cucurbitina",NA,"España","Córdoba","Córdoba",NA,NA,NA,NA,NA,NA,NA,NA,"Andréu","P. Álvarez",0,1,"",0,NA,NA,NA,"Piluca Alvarez Fidalgo and MNCN",NA,NA
"Dasypoda","Microdasypoda","crassicornis",NA,"España","Madrid","Tres Cantos",NA,NA,NA,NA,NA,NA,NA,NA,"F. Fresno","P. Álvarez",1,0,"",0,NA,NA,NA,"Piluca Alvarez Fidalgo and MNCN",NA,NA
"Andrena","Chlorandrena","cinerea",NA,"España","Madrid","Tres Cantos",NA,NA,NA,NA,NA,NA,NA,NA,"F. Fresno","P. Álvarez",0,1,"",0,NA,NA,NA,"Piluca Alvarez Fidalgo and MNCN",NA,NA
"Andrena","Chlorandrena","rhenana",NA,"España","Madrid","Tres Cantos",NA,NA,NA,NA,NA,NA,NA,NA,"F. Fresno","P. Álvarez",1,0,"",0,NA,NA,NA,"Piluca Alvarez Fidalgo and MNCN",NA,NA
"Eucera","Eucera","elongatula",NA,"España","Madrid","Tres Cantos",NA,NA,NA,NA,NA,NA,NA,NA,"F. Fresno","P. Álvarez",0,1,"",0,NA,NA,NA,"Piluca Alvarez Fidalgo and MNCN",NA,NA
"Dufourea","Dufourea","trautmanni",NA,"España","Madrid","Tres Cantos",NA,NA,NA,NA,NA,NA,NA,NA,"F. Fresno","P. Álvarez",0,1,"",0,NA,NA,NA,"Piluca Alvarez Fidalgo and MNCN",NA,NA
"Lasioglossum","Biennilaeus","marginatum",NA,"España","Madrid","Tres Cantos",NA,NA,NA,NA,NA,NA,NA,NA,"F. Fresno","P. Álvarez",1,0,"",0,NA,NA,NA,"Piluca Alvarez Fidalgo and MNCN",NA,NA
"Lasioglossum","Biennilaeus","marginatum",NA,"España","Madrid","Tres Cantos",NA,NA,NA,NA,NA,NA,NA,NA,"F. Fresno","P. Álvarez",1,0,"",0,NA,NA,NA,"Piluca Alvarez Fidalgo and MNCN",NA,NA
"Lasioglossum","Biennilaeus","marginatum",NA,"España","Madrid","Tres Cantos",NA,NA,NA,NA,NA,NA,NA,NA,"F. Fresno","P. Álvarez",1,0,"",0,NA,NA,NA,"Piluca Alvarez Fidalgo and MNCN",NA,NA
"Lasioglossum","Sphecodogastra","algericolellum",NA,"España","Madrid","Tres Cantos",NA,NA,NA,NA,NA,NA,NA,NA,"F. Fresno","P. Álvarez",1,0,"",0,NA,NA,NA,"Piluca Alvarez Fidalgo and MNCN",NA,NA
"Hoplitis","Anthocopa","albiscopa",NA,"España","Madrid","Tres Cantos",NA,NA,NA,NA,NA,NA,NA,NA,"F. Fresno","P. Álvarez",1,0,"",0,NA,NA,NA,"Piluca Alvarez Fidalgo and MNCN",NA,NA
"Hoplitis","Anthocopa","albiscopa",NA,"España","Madrid","Tres Cantos",NA,NA,NA,NA,NA,NA,NA,NA,"F. Fresno","P. Álvarez",1,0,"",0,NA,NA,NA,"Piluca Alvarez Fidalgo and MNCN",NA,NA
"Hoplitis","Anthocopa","albiscopa",NA,"España","Madrid","Tres Cantos",NA,NA,NA,NA,NA,NA,NA,NA,"F. Fresno","P. Álvarez",1,0,"",0,NA,NA,NA,"Piluca Alvarez Fidalgo and MNCN",NA,NA
"Panurgus","Panurgus","calcaratus",NA,"España","Asturias","Pola de Lena",NA,NA,NA,NA,NA,NA,NA,NA,"F. Fresno","P. Álvarez",1,0,"ex. Colección F. Fresno",0,NA,NA,NA,"Piluca Alvarez Fidalgo and MNCN",NA,NA
"Panurgus","Panurgus","calcaratus",NA,"España","Asturias","Pola de Lena",NA,NA,NA,NA,NA,NA,NA,NA,"F. Fresno","P. Álvarez",1,0,"ex. Colección F. Fresno",0,NA,NA,NA,"Piluca Alvarez Fidalgo and MNCN",NA,NA
"Panurgus","Panurgus","calcaratus",NA,"España","Asturias","Pola de Lena",NA,NA,NA,NA,NA,NA,NA,NA,"F. Fresno","P. Álvarez",1,0,"ex. Colección F. Fresno",0,NA,NA,NA,"Piluca Alvarez Fidalgo and MNCN",NA,NA
"Panurgus","Panurgus","calcaratus",NA,"España","Asturias","Valle La Peral",NA,NA,NA,NA,NA,NA,NA,NA,"F. Fresno","P. Álvarez",1,0,"ex. Colección F. Fresno",0,NA,NA,NA,"Piluca Alvarez Fidalgo and MNCN",NA,NA
"Panurgus","Panurgus","calcaratus",NA,"España","Asturias","Campo de Caso",NA,NA,NA,NA,NA,NA,NA,NA,"F. Fresno","P. Álvarez",0,1,"ex. Colección F. Fresno",0,NA,NA,NA,"Piluca Alvarez Fidalgo and MNCN",NA,NA
"Lasioglossum","Hemihalictus","villosulum",NA,"España","Asturias","Vega del Rey",NA,NA,NA,NA,NA,NA,NA,NA,"F. Fresno","P. Álvarez",0,1,"ex. Colección F. Fresno",0,NA,NA,NA,"Piluca Alvarez Fidalgo and MNCN",NA,NA
"Lasioglossum","Hemihalictus","pauperatum",NA,"España","Asturias","Pola de Lena",NA,NA,NA,NA,NA,NA,NA,NA,"F. Fresno","P. Álvarez",0,1,"ex. Colección F. Fresno",0,NA,NA,NA,"Piluca Alvarez Fidalgo and MNCN",NA,NA
"Lasioglossum","Hemihalictus","pauperatum",NA,"España","Asturias","Vega del Rey",NA,NA,NA,NA,NA,NA,NA,NA,"F. Fresno","P. Álvarez",0,1,"ex. Colección F. Fresno",0,NA,NA,NA,"Piluca Alvarez Fidalgo and MNCN",NA,NA
"Lasioglossum","Dialictus","morio",NA,"España","Asturias","Pola de Lena",NA,NA,NA,NA,NA,NA,NA,NA,"F. Fresno","P. Álvarez",0,1,"ex. Colección F. Fresno",0,NA,NA,NA,"Piluca Alvarez Fidalgo and MNCN",NA,NA
"Lasioglossum","Dialictus","morio",NA,"España","Asturias","Pola de Lena",NA,NA,NA,NA,NA,NA,NA,NA,"F. Fresno","P. Álvarez",0,1,"ex. Colección F. Fresno",0,NA,NA,NA,"Piluca Alvarez Fidalgo and MNCN",NA,NA
"Lasioglossum","Dialictus","morio",NA,"España","Asturias","La Isla",NA,NA,NA,NA,NA,NA,NA,NA,"F. Fresno","P. Álvarez",0,1,"ex. Colección F. Fresno",0,NA,NA,NA,"Piluca Alvarez Fidalgo and MNCN",NA,NA
"Lasioglossum","Lasioglossum","sexnotatum",NA,"España","Asturias","Pola de Lena",NA,NA,NA,NA,NA,NA,NA,NA,"F. Fresno","P. Álvarez",0,1,"ex. Colección F. Fresno",0,NA,NA,NA,"Piluca Alvarez Fidalgo and MNCN",NA,NA
"Lasioglossum","Lasioglossum","sexnotatum",NA,"España","Asturias","Pola de Lena",NA,NA,NA,NA,NA,NA,NA,NA,"F. Fresno","P. Álvarez",1,0,"ex. Colección F. Fresno",0,NA,NA,NA,"Piluca Alvarez Fidalgo and MNCN",NA,NA
"Lasioglossum","Lasioglossum","sexnotatum",NA,"España","Asturias","La Isla",NA,NA,NA,NA,NA,NA,NA,NA,"F. Fresno","P. Álvarez",0,1,"ex. Colección F. Fresno",0,NA,NA,NA,"Piluca Alvarez Fidalgo and MNCN",NA,NA
"Seladonia","Pachyceble","tumulorum",NA,"España","Asturias","La isla",NA,NA,NA,NA,NA,NA,NA,NA,"F. Fresno","P. Álvarez",1,0,"ex. Colección F. Fresno",0,NA,NA,NA,"Piluca Alvarez Fidalgo and MNCN",NA,NA
"Seladonia","Seladonia","subaurata",NA,"España","León","Sena de Luna",NA,NA,NA,NA,NA,NA,NA,NA,"F. Fresno","P. Álvarez",0,1,"ex. Colección F. Fresno",0,NA,NA,NA,"Piluca Alvarez Fidalgo and MNCN",NA,NA
"Halictus","Tytthalictus","maculatus",NA,"España","León","Sena de Luna",NA,NA,NA,NA,NA,NA,NA,NA,"F. Fresno","P. Álvarez",0,1,"ex. Colección F. Fresno",0,NA,NA,NA,"Piluca Alvarez Fidalgo and MNCN",NA,NA
"Halictus","Tytthalictus","maculatus",NA,"España","León","Sena de Luna",NA,NA,NA,NA,NA,NA,NA,NA,"F. Fresno","P. Álvarez",0,1,"ex. Colección F. Fresno",0,NA,NA,NA,"Piluca Alvarez Fidalgo and MNCN",NA,NA
"Halictus","Monilapis","crenicornis",NA,"España","Segovia","Maderuelo",NA,NA,NA,NA,NA,NA,NA,NA,"F. Fresno","P. Álvarez",0,1,"ex. Colección F. Fresno",0,NA,NA,NA,"Piluca Alvarez Fidalgo and MNCN",NA,NA
"Halictus","Monilapis","crenicornis",NA,"España","Segovia","Maderuelo",NA,NA,NA,NA,NA,NA,NA,NA,"F. Fresno","P. Álvarez",0,1,"ex. Colección F. Fresno",0,NA,NA,NA,"Piluca Alvarez Fidalgo and MNCN",NA,NA
"Halictus","Protohalictus","rubicundus",NA,"España","León","Rodiezmo de la Tercia",NA,NA,NA,NA,NA,NA,NA,NA,"F. Fresno","P. Álvarez",0,1,"ex. Colección F. Fresno",0,NA,NA,NA,"Piluca Alvarez Fidalgo and MNCN",NA,NA
"Halictus","Protohalictus","rubicundus",NA,"España","León","Villasecino",NA,NA,NA,NA,NA,NA,NA,NA,"F. Fresno","P. Álvarez",0,1,"ex. Colección F. Fresno",0,NA,NA,NA,"Piluca Alvarez Fidalgo and MNCN",NA,NA
"Lasioglossum","Hemihalictus","minutissimum",NA,"España","León","Sena de Luna",NA,NA,NA,NA,NA,NA,NA,NA,"F. Fresno","P. Álvarez",1,0,"ex. Colección F. Fresno",0,NA,NA,NA,"Piluca Alvarez Fidalgo and MNCN",NA,NA
"Lasioglossum","Hemihalictus","brevicorne",NA,"España","Asturias","Vega del Rey",NA,NA,NA,NA,NA,NA,NA,NA,"F. Fresno","P. Álvarez",1,0,"ex. Colección F. Fresno",0,NA,NA,NA,"Piluca Alvarez Fidalgo and MNCN",NA,NA
"Lasioglossum","Hemihalictus","minutissimum",NA,"España","Zamora","Barcial del Barco",NA,NA,NA,NA,NA,NA,NA,NA,"F. Fresno","P. Álvarez",0,1,"ex. Colección F. Fresno",0,NA,NA,NA,"Piluca Alvarez Fidalgo and MNCN",NA,NA
"Lasioglossum","Pyghalictus","politum",NA,"España","Zamora","Barcial del Barco",NA,NA,NA,NA,NA,NA,NA,NA,"F. Fresno","P. Álvarez",1,0,"ex. Colección F. Fresno",0,NA,NA,NA,"Piluca Alvarez Fidalgo and MNCN",NA,NA
"Lasioglossum","Sphecodogastra","malachurum",NA,"España","Asturias","La Isla",NA,NA,NA,NA,NA,NA,NA,NA,"F. Fresno","P. Álvarez",1,0,"ex. Colección F. Fresno",0,NA,NA,NA,"Piluca Alvarez Fidalgo and MNCN",NA,NA
"Andrena","Melandrena","flavipes",NA,"España","Guadalajara","Romanones",NA,NA,NA,NA,NA,NA,NA,NA,"F. Fresno","P. Álvarez",0,1,"",0,NA,NA,NA,"Piluca Alvarez Fidalgo and MNCN",NA,NA
"Andrena","Melandrena","flavipes",NA,"España","Guadalajara","Romanones",NA,NA,NA,NA,NA,NA,NA,NA,"F. Fresno","P. Álvarez",0,1,"",0,NA,NA,NA,"Piluca Alvarez Fidalgo and MNCN",NA,NA
"Andrena","Melandrena","flavipes",NA,"España","Guadalajara","Romanones",NA,NA,NA,NA,NA,NA,NA,NA,"F. Fresno","P. Álvarez",0,1,"",0,NA,NA,NA,"Piluca Alvarez Fidalgo and MNCN",NA,NA
"Andrena","Melandrena","flavipes",NA,"España","Guadalajara","Romanones",NA,NA,NA,NA,NA,NA,NA,NA,"F. Fresno","P. Álvarez",0,1,"",0,NA,NA,NA,"Piluca Alvarez Fidalgo and MNCN",NA,NA
"Panurgus","Panurgus","calcaratus",NA,"España","Asturias","Columbiello",NA,NA,NA,NA,NA,NA,NA,NA,"F. Fresno","P. Álvarez",1,0,"",0,NA,NA,NA,"Piluca Alvarez Fidalgo and MNCN",NA,NA
"Panurgus","Panurgus","calcaratus",NA,"España","Asturias","Columbiello",NA,NA,NA,NA,NA,NA,NA,NA,"F. Fresno","P. Álvarez",0,1,"",0,NA,NA,NA,"Piluca Alvarez Fidalgo and MNCN",NA,NA
"Stelis","Stelis","odontopyga",NA,"España","Asturias","Vega del Rey",NA,NA,NA,NA,NA,NA,NA,NA,"F. Fresno","P. Álvarez",0,1,"",0,NA,NA,NA,"Piluca Alvarez Fidalgo and MNCN",NA,NA
"Stelis","Stelis","odontopyga",NA,"España","Asturias","Vega del Rey",NA,NA,NA,NA,NA,NA,NA,NA,"F. Fresno","P. Álvarez",0,1,"",0,NA,NA,NA,"Piluca Alvarez Fidalgo and MNCN",NA,NA
"Stelis","Stelis","odontopyga",NA,"España","Asturias","Vega del Rey",NA,NA,NA,NA,NA,NA,NA,NA,"F. Fresno","P. Álvarez",0,1,"",0,NA,NA,NA,"Piluca Alvarez Fidalgo and MNCN",NA,NA
"Chelostoma","Foveosmia","campanularum",NA,"España","Asturias","Columbiello",NA,NA,NA,NA,NA,NA,NA,NA,"F. Fresno","P. Álvarez",1,0,"",0,NA,NA,NA,"Piluca Alvarez Fidalgo and MNCN",NA,NA
"Halictus","Monilapis","crenicornis",NA,"España","Asturias","Vega del Rey",NA,NA,NA,NA,NA,NA,NA,NA,"F. Fresno","P. Álvarez",0,1,"",0,NA,NA,NA,"Piluca Alvarez Fidalgo and MNCN",NA,NA
"Seladonia","Pachyceble","tumulorum",NA,"España","Asturias","Columbiello",NA,NA,NA,NA,NA,NA,NA,NA,"F. Fresno","P. Álvarez",1,0,"",0,NA,NA,NA,"Piluca Alvarez Fidalgo and MNCN",NA,NA
"Sphecodes","","gibbus",NA,"España","Asturias","Vega del Rey",NA,NA,NA,NA,NA,NA,NA,NA,"F. Fresno","P. Álvarez",0,1,"061/ING/2019",0,NA,NA,NA,"Piluca Alvarez Fidalgo and MNCN",NA,NA
"Halictus","Monilapis","simplex",NA,"España","Barcelona","Centellas",NA,NA,NA,NA,NA,NA,NA,NA,"Max de Xaxars","P. Álvarez",0,1,"",0,NA,NA,NA,"Piluca Alvarez Fidalgo and MNCN",NA,NA
"Andrena","Chlorandrena","cinerea",NA,"España","Guadalajara","Romanones",NA,NA,NA,NA,NA,NA,NA,NA,"F. Fresno","P. Álvarez",1,0,"",0,NA,NA,NA,"Piluca Alvarez Fidalgo and MNCN",NA,NA
"Ceratina","Euceratina","dallatorreana",NA,"España","Guadalajara","Romanones",NA,NA,NA,NA,NA,NA,NA,NA,"F. Fresno","P. Álvarez",1,0,"",0,NA,NA,NA,"Piluca Alvarez Fidalgo and MNCN",NA,NA
"Ceratina","Euceratina","dallatorreana",NA,"España","Guadalajara","Romanones",NA,NA,NA,NA,NA,NA,NA,NA,"F. Fresno","P. Álvarez",1,0,"",0,NA,NA,NA,"Piluca Alvarez Fidalgo and MNCN",NA,NA
"Ceratina","Euceratina","dallatorreana",NA,"España","Guadalajara","Romanones",NA,NA,NA,NA,NA,NA,NA,NA,"F. Fresno","P. Álvarez",1,0,"",0,NA,NA,NA,"Piluca Alvarez Fidalgo and MNCN",NA,NA
"Lasioglossum","Lasioglossum","sexnotatum",NA,"España","Guadalajara","Romanones",NA,NA,NA,NA,NA,NA,NA,NA,"F. Fresno","Piluca Álvarez",1,0,"",0,NA,NA,NA,"Piluca Alvarez Fidalgo and MNCN",NA,NA
"Lasioglossum","Lasioglossum","sexnotatum",NA,"España","Guadalajara","Romanones",NA,NA,NA,NA,NA,NA,NA,NA,"F. Fresno","Piluca Álvarez",1,0,"",0,NA,NA,NA,"Piluca Alvarez Fidalgo and MNCN",NA,NA
"Hylaeus","Spatulariella","hyalinatus",NA,"España","Asturias","Columbiello",NA,NA,NA,NA,NA,NA,NA,NA,"F. Fresno","P. Álvarez",1,0,"",0,NA,NA,NA,"Piluca Alvarez Fidalgo and MNCN",NA,NA
"Hylaeus","Spatulariella","hyalinatus",NA,"España","Asturias","Columbiello",NA,NA,NA,NA,NA,NA,NA,NA,"F. Fresno","P. Álvarez",1,0,"",0,NA,NA,NA,"Piluca Alvarez Fidalgo and MNCN",NA,NA
"Hylaeus","Spatulariella","hyalinatus",NA,"España","Asturias","Vega del Rey",NA,NA,NA,NA,NA,NA,NA,NA,"F. Fresno","P. Álvarez",0,1,"",0,NA,NA,NA,"Piluca Alvarez Fidalgo and MNCN",NA,NA
"Hylaeus","Spatulariella","hyalinatus",NA,"España","Asturias","Vega del Rey",NA,NA,NA,NA,NA,NA,NA,NA,"F. Fresno","P. Álvarez",0,1,"",0,NA,NA,NA,"Piluca Alvarez Fidalgo and MNCN",NA,NA
"Hylaeus","Spatulariella","hyalinatus",NA,"España","Asturias","Vega del Rey",NA,NA,NA,NA,NA,NA,NA,NA,"F. Fresno","P. Álvarez",0,1,"",0,NA,NA,NA,"Piluca Alvarez Fidalgo and MNCN",NA,NA
"Hylaeus","Paraprosopis","pictipes",NA,"España","Asturias","Columbiello",NA,NA,NA,NA,NA,NA,NA,NA,"F. Fresno","P. Álvarez",1,0,"",0,NA,NA,NA,"Piluca Alvarez Fidalgo and MNCN",NA,NA
"Hylaeus","Paraprosopis","pictipes",NA,"España","Asturias","Columbiello",NA,NA,NA,NA,NA,NA,NA,NA,"F. Fresno","P. Álvarez",1,0,"",0,NA,NA,NA,"Piluca Alvarez Fidalgo and MNCN",NA,NA
"Hylaeus","Paraprosopis","pictipes",NA,"España","Asturias","Columbiello",NA,NA,NA,NA,NA,NA,NA,NA,"F. Fresno","P. Álvarez",1,0,"",0,NA,NA,NA,"Piluca Alvarez Fidalgo and MNCN",NA,NA
"Hylaeus","Hylaeus","communis",NA,"España","Asturias","Columbiello",NA,NA,NA,NA,NA,NA,NA,NA,"F. Fresno","P. Álvarez",1,0,"",0,NA,NA,NA,"Piluca Alvarez Fidalgo and MNCN",NA,NA
"Hylaeus","Hylaeus","communis",NA,"España","Asturias","Columbiello",NA,NA,NA,NA,NA,NA,NA,NA,"F. Fresno","P. Álvarez",0,1,"",0,NA,NA,NA,"Piluca Alvarez Fidalgo and MNCN",NA,NA
"Hylaeus","Hylaeus","communis",NA,"España","Asturias","Columbiello",NA,NA,NA,NA,NA,NA,NA,NA,"F. Fresno","P. Álvarez",0,1,"",0,NA,NA,NA,"Piluca Alvarez Fidalgo and MNCN",NA,NA
"Hylaeus","Dentigera","brevicornis",NA,"España","Asturias","Vega del Rey",NA,NA,NA,NA,NA,NA,NA,NA,"F. Fresno","P. Álvarez",1,0,"",0,NA,NA,NA,"Piluca Alvarez Fidalgo and MNCN",NA,NA
"Hylaeus","Dentigera","brevicornis",NA,"España","Asturias","Vega del Rey",NA,NA,NA,NA,NA,NA,NA,NA,"F. Fresno","P. Álvarez",1,0,"",0,NA,NA,NA,"Piluca Alvarez Fidalgo and MNCN",NA,NA
"Hylaeus","Paraprosopis","pictipes",NA,"España","Asturias","Columbiello",NA,NA,NA,NA,NA,NA,NA,NA,"F. Fresno","P. Álvarez",0,1,"",0,NA,NA,NA,"Piluca Alvarez Fidalgo and MNCN",NA,NA
"Hylaeus","Spatulariella","hyalinatus",NA,"España","León","Sena de Luna",NA,NA,NA,NA,NA,NA,NA,NA,"F. Fresno","P. Álvarez",1,0,"ex. Colección F. Fresno",0,NA,NA,NA,"Piluca Alvarez Fidalgo and MNCN",NA,NA
"Hylaeus","Spatulariella","hyalinatus",NA,"España","León","Sena de Luna",NA,NA,NA,NA,NA,NA,NA,NA,"F. Fresno","P. Álvarez",1,0,"ex. Colección F. Fresno",0,NA,NA,NA,"Piluca Alvarez Fidalgo and MNCN",NA,NA
"Hylaeus","Prosopis","communis",NA,"España","León","Sena de Luna",NA,NA,NA,NA,NA,NA,NA,NA,"F. Fresno","P. Álvarez",1,0,"ex. Colección F. Fresno",0,NA,NA,NA,"Piluca Alvarez Fidalgo and MNCN",NA,NA
"Lasioglossum","Hemihalictus","minutissimum",NA,"España","Guadalajara","Romanones",NA,NA,NA,NA,NA,NA,NA,NA,"F. Fresno","P. Álvarez",1,0,"ex. Colección F. Fresno",0,NA,NA,NA,"Piluca Alvarez Fidalgo and MNCN",NA,NA
"Lasioglossum","Hemihalictus","pauperatum",NA,"España","Guadalajara","Romanones",NA,NA,NA,NA,NA,NA,NA,NA,"F. Fresno","P. Álvarez",1,0,"",0,NA,NA,NA,"Piluca Alvarez Fidalgo and MNCN",NA,NA
"Ceratina","Ceratina","cucurbitina",NA,"España","Granada","Alhama de Granada",NA,NA,NA,NA,NA,NA,NA,NA,"J. Dusmet","P. Álvarez",1,0,"Colección Dusmet",0,NA,NA,NA,"Piluca Alvarez Fidalgo and MNCN",NA,NA
"Andrena","Melandrena","morio",NA,"España","Guadalajara","Romanones",NA,NA,NA,NA,NA,NA,NA,NA,"F. Fresno","P. Álvarez",1,0,"",0,NA,NA,NA,"Piluca Alvarez Fidalgo and MNCN",NA,NA
"Andrena","Simandrena","vetula",NA,"España","Guadalajara","Romanones",NA,NA,NA,NA,NA,NA,NA,NA,"F. Fresno","P. Álvarez",1,0,"",0,NA,NA,NA,"Piluca Alvarez Fidalgo and MNCN",NA,NA
"Megachile","Xanthosarus","willughbiella",NA,"España","Madrid","Tres Cantos",NA,NA,NA,NA,NA,NA,NA,NA,"F. Fresno","P. Álvarez",0,1,"",0,NA,NA,NA,"Piluca Alvarez Fidalgo and MNCN",NA,NA
"Lasioglossum","Sphecodogastra","interruptum",NA,"España","Asturias","Peñaflor",NA,NA,NA,NA,NA,NA,NA,NA,"F. Fresno","P. Álvarez",1,0,"",0,NA,NA,NA,"Piluca Alvarez Fidalgo and MNCN",NA,NA
"Lasioglossum","Sphecodogastra","interruptum",NA,"España","Burgos","Cornejo",NA,NA,NA,NA,NA,NA,NA,NA,"F. Fresno","P. Álvarez",1,0,"",0,NA,NA,NA,"Piluca Alvarez Fidalgo and MNCN",NA,NA
"Hylaeus","Spatulariella","punctatus",NA,"España","Madrid","Tres Cantos",NA,NA,NA,NA,NA,NA,NA,NA,"F. Fresno","P. Álvarez",0,1,"",0,NA,NA,NA,"Piluca Alvarez Fidalgo and MNCN",NA,NA
"Hylaeus","Prosopis","pictus",NA,"España","Guadalajara","Romanones",NA,NA,NA,NA,NA,NA,NA,NA,"F. Fresno","P. Álvarez",0,1,"",0,NA,NA,NA,"Piluca Alvarez Fidalgo and MNCN",NA,NA
"Panurgus","Panurgus","calcaratus",NA,"España","Asturias","Soto de Agues",NA,NA,NA,NA,NA,NA,NA,NA,"F. Fresno","P. Álvarez",1,0,"",0,NA,NA,NA,"Piluca Alvarez Fidalgo and MNCN",NA,NA
"Hylaeus","Spatulariella","hyalinatus",NA,"España","Asturias","Vega del Rey",NA,NA,NA,NA,NA,NA,NA,NA,"F. Fresno","P. Álvarez",1,0,"",0,NA,NA,NA,"Piluca Alvarez Fidalgo and MNCN",NA,NA
"Hylaeus","Spatulariella","hyalinatus",NA,"España","Asturias","Pola de Lena",NA,NA,NA,NA,NA,NA,NA,NA,"F. Fresno","P. Álvarez",0,1,"",0,NA,NA,NA,"Piluca Alvarez Fidalgo and MNCN",NA,NA
"Hylaeus","Spatulariella","hyalinatus",NA,"España","Asturias","Pola de Lena",NA,NA,NA,NA,NA,NA,NA,NA,"F. Fresno","P. Álvarez",0,1,"",0,NA,NA,NA,"Piluca Alvarez Fidalgo and MNCN",NA,NA
"Andrena","Simandrena","propinqua",NA,"España","Asturias","Pola de Lena",NA,NA,NA,NA,NA,NA,NA,NA,"F. Fresno","P. Álvarez",1,0,"",0,NA,NA,NA,"Piluca Alvarez Fidalgo and MNCN",NA,NA
"Melitta","Melitta","leporina",NA,"España","Asturias","Pola de Lena",NA,NA,NA,NA,NA,NA,NA,NA,"F. Fresno","P. Álvarez",1,0,"",0,NA,NA,NA,"Piluca Alvarez Fidalgo and MNCN",NA,NA
"Stelis","Stelis","odontopyga",NA,"España","Asturias","Vega del Rey",NA,NA,NA,NA,NA,NA,NA,NA,"F. Fresno","P. Álvarez",1,0,"",0,NA,NA,NA,"Piluca Alvarez Fidalgo and MNCN",NA,NA
"Osmia","Hoplosmia","spinulosa",NA,"España","Asturias","Vega del Rey",NA,NA,NA,NA,NA,NA,NA,NA,"F. Fresno","P. Álvarez",0,1,"",0,NA,NA,NA,"Piluca Alvarez Fidalgo and MNCN",NA,NA
"Osmia","Hoplosmia","spinulosa",NA,"España","Asturias","Vega del Rey",NA,NA,NA,NA,NA,NA,NA,NA,"F. Fresno","P. Álvarez",1,0,"",0,NA,NA,NA,"Piluca Alvarez Fidalgo and MNCN",NA,NA
"Osmia","Hoplosmia","spinulosa",NA,"España","Asturias","Pola de Lena",NA,NA,NA,NA,NA,NA,NA,NA,"F. Fresno","P. Álvarez",1,0,"",0,NA,NA,NA,"Piluca Alvarez Fidalgo and MNCN",NA,NA
"Lasioglossum","Leuchalictus","leucozonium",NA,"España","Asturias","Vega del Rey",NA,NA,NA,NA,NA,NA,NA,NA,"F. Fresno","P. Álvarez",1,0,"",0,NA,NA,NA,"Piluca Alvarez Fidalgo and MNCN",NA,NA
"Lasioglossum","Leuchalictus","leucozonium",NA,"España","Asturias","Vega del Rey",NA,NA,NA,NA,NA,NA,NA,NA,"F. Fresno","P. Álvarez",0,1,"",0,NA,NA,NA,"Piluca Alvarez Fidalgo and MNCN",NA,NA
"Lasioglossum","Leuchalictus","leucozonium",NA,"España","Asturias","Pola de Lena",NA,NA,NA,NA,NA,NA,NA,NA,"F. Fresno","P. Álvarez",0,1,"",0,NA,NA,NA,"Piluca Alvarez Fidalgo and MNCN",NA,NA
"Lasioglossum","Hemihalictus","pauperatum",NA,"España","Asturias","Pola de Lena",NA,NA,NA,NA,NA,NA,NA,NA,"F. Fresno","P. Álvarez",0,1,"",0,NA,NA,NA,"Piluca Alvarez Fidalgo and MNCN",NA,NA
"Halictus","Monilapis","crenicornis",NA,"España","Asturias","Vega del Rey",NA,NA,NA,NA,NA,NA,NA,NA,"F. Fresno","P. Álvarez",0,1,"",0,NA,NA,NA,"Piluca Alvarez Fidalgo and MNCN",NA,NA
"Halictus","Monilapis","crenicornis",NA,"España","Asturias","Vega del Rey",NA,NA,NA,NA,NA,NA,NA,NA,"F. Fresno","P. Álvarez",0,1,"",0,NA,NA,NA,"Piluca Alvarez Fidalgo and MNCN",NA,NA
"Lasioglossum","Hemihalictus","villosulum",NA,"España","Asturias","Vega del Rey",NA,NA,NA,NA,NA,NA,NA,NA,"F. Fresno","P. Álvarez",0,1,"",0,NA,NA,NA,"Piluca Alvarez Fidalgo and MNCN",NA,NA
"Lasioglossum","Hemihalictus","pauperatum",NA,"España","Asturias","Vega del Rey",NA,NA,NA,NA,NA,NA,NA,NA,"F. Fresno","P. Álvarez",0,1,"",0,NA,NA,NA,"Piluca Alvarez Fidalgo and MNCN",NA,NA
"Seladonia","Pachyceble","tumulorum",NA,"España","Asturias","Soto de Agues",NA,NA,NA,NA,NA,NA,NA,NA,"F. Fresno","P. Álvarez",1,0,"",0,NA,NA,NA,"Piluca Alvarez Fidalgo and MNCN",NA,NA
"Lasioglossum","Hemihalictus","villosulum",NA,"España","Asturias","Vega del Rey",NA,NA,NA,NA,NA,NA,NA,NA,"F. Fresno","P. Álvarez",1,0,"",0,NA,NA,NA,"Piluca Alvarez Fidalgo and MNCN",NA,NA
"Sphecodes","","puncticeps",NA,"España","Asturias","Pola de Lena",NA,NA,NA,NA,NA,NA,NA,NA,"F. Fresno","P. Álvarez",1,0,"",0,NA,NA,NA,"Piluca Alvarez Fidalgo and MNCN",NA,NA
"Sphecodes","","puncticeps",NA,"España","Asturias","Pola de Lena",NA,NA,NA,NA,NA,NA,NA,NA,"F. Fresno","P. Álvarez",1,0,"",0,NA,NA,NA,"Piluca Alvarez Fidalgo and MNCN",NA,NA
"Sphecodes","","monilicornis",NA,"España","Asturias","Los Alfilorios",NA,NA,NA,NA,NA,NA,NA,NA,"F. Fresno","P. Álvarez",0,1,"",0,NA,NA,NA,"Piluca Alvarez Fidalgo and MNCN",NA,NA
"Sphecodes","","monilicornis",NA,"España","Asturias","Los Alfilorios",NA,NA,NA,NA,NA,NA,NA,NA,"F. Fresno","P. Álvarez",0,1,"",0,NA,NA,NA,"Piluca Alvarez Fidalgo and MNCN",NA,NA
"Andrena","Micrandrena","minutula",NA,"España","Asturias","Pola de Lena",NA,NA,NA,NA,NA,NA,NA,NA,"F. Fresno","P. Álvarez",1,0,"",0,NA,NA,NA,"Piluca Alvarez Fidalgo and MNCN",NA,NA
"Andrena","Micrandrena","minutula",NA,"España","Asturias","Pola de Lena",NA,NA,NA,NA,NA,NA,NA,NA,"F. Fresno","P. Álvarez",1,0,"",0,NA,NA,NA,"Piluca Alvarez Fidalgo and MNCN",NA,NA
"Andrena","Micrandrena","minutula",NA,"España","Asturias","Vega del Rey",NA,NA,NA,NA,NA,NA,NA,NA,"F. Fresno","P. Álvarez",1,0,"",0,NA,NA,NA,"Piluca Alvarez Fidalgo and MNCN",NA,NA
"Lasioglossum","Sphecodogastra","calceatum",NA,"España","Asturias","Pola de Lena",NA,NA,NA,NA,NA,NA,NA,NA,"F. Fresno","P. Álvarez",0,1,"",0,NA,NA,NA,"Piluca Alvarez Fidalgo and MNCN",NA,NA
"Dasypoda","Megadasypoda","visnaga",NA,"España","Madrid","Loeches",NA,NA,NA,NA,NA,NA,NA,NA,"V. Llorente","P. Álvarez",0,1,"",0,NA,NA,NA,"Piluca Alvarez Fidalgo and MNCN",NA,NA
"Andrena","Biareolina","lagopus",NA,"España","Asturias","Rodiles",NA,NA,NA,NA,NA,NA,NA,NA,"F. Fresno","P. Álvarez",1,0,"",0,NA,NA,NA,"Piluca Alvarez Fidalgo and MNCN",NA,NA
"Andrena","Plastandrena","pilipes",NA,"España","Asturias","Rodiles",NA,NA,NA,NA,NA,NA,NA,NA,"F. Fresno","P. Álvarez",1,0,"",0,NA,NA,NA,"Piluca Alvarez Fidalgo and MNCN",NA,NA
"Andrena","Plastandrena","agilissima",NA,"España","Asturias","Rodiles",NA,NA,NA,NA,NA,NA,NA,NA,"F. Fresno","P. Álvarez",1,0,"",0,NA,NA,NA,"Piluca Alvarez Fidalgo and MNCN",NA,NA
"Andrena","Plastandrena","agilissima",NA,"España","Asturias","Rodiles",NA,NA,NA,NA,NA,NA,NA,NA,"F. Fresno","P. Álvarez",1,0,"",0,NA,NA,NA,"Piluca Alvarez Fidalgo and MNCN",NA,NA
"Andrena","Plastandrena","agilissima",NA,"España","Asturias","Rodiles",NA,NA,NA,NA,NA,NA,NA,NA,"F. Fresno","P. Álvarez",1,0,"",0,NA,NA,NA,"Piluca Alvarez Fidalgo and MNCN",NA,NA
"Andrena","Plastandrena","bimaculata",NA,"España","Madrid","San Lorenzo de El Escorial",NA,NA,NA,NA,NA,NA,NA,NA,"Dusmet","P. Álvarez",1,0,"Colección Dusmet",0,NA,NA,NA,"Piluca Alvarez Fidalgo and MNCN",NA,NA
"Andrena","Plastandrena","bimaculata",NA,"España","Madrid","San Lorenzo de El Escorial",NA,NA,NA,NA,NA,NA,NA,NA,"Dusmet","P. Álvarez",1,0,"Colección Dusmet",0,NA,NA,NA,"Piluca Alvarez Fidalgo and MNCN",NA,NA
"Andrena","Plastandrena","bimaculata",NA,"España","Madrid","San Lorenzo de El Escorial",NA,NA,NA,NA,NA,NA,NA,NA,"Dusmet","P. Álvarez",1,0,"Colección Dusmet",0,NA,NA,NA,"Piluca Alvarez Fidalgo and MNCN",NA,NA
"Andrena","Plastandrena","bimaculata",NA,"España","Madrid","San Lorenzo de El Escorial",NA,NA,NA,NA,NA,NA,NA,NA,"Dusmet","P. Álvarez",1,0,"Colección Dusmet",0,NA,NA,NA,"Piluca Alvarez Fidalgo and MNCN",NA,NA
"Andrena","Plastandrena","bimaculata",NA,"España","Madrid","San Lorenzo de El Escorial",NA,NA,NA,NA,NA,NA,NA,NA,"Dusmet","P. Álvarez",1,0,"Colección Dusmet",0,NA,NA,NA,"Piluca Alvarez Fidalgo and MNCN",NA,NA
"Andrena","Plastandrena","bimaculata",NA,"España","Madrid","San Lorenzo de El Escorial",NA,NA,NA,NA,NA,NA,NA,NA,"Dusmet","P. Álvarez",1,0,"Colección Dusmet",0,NA,NA,NA,"Piluca Alvarez Fidalgo and MNCN",NA,NA
"Andrena","Plastandrena","bimaculata",NA,"España","Madrid","San Lorenzo de El Escorial",NA,NA,NA,NA,NA,NA,NA,NA,"Dusmet","P. Álvarez",1,0,"Colección Dusmet",0,NA,NA,NA,"Piluca Alvarez Fidalgo and MNCN",NA,NA
"Andrena","Plastandrena","bimaculata",NA,"España","Madrid","San Lorenzo de El Escorial",NA,NA,NA,NA,NA,NA,NA,NA,"Dusmet","P. Álvarez",1,0,"Colección Dusmet",0,NA,NA,NA,"Piluca Alvarez Fidalgo and MNCN",NA,NA
"Andrena","Plastandrena","bimaculata",NA,"España","Madrid","San Lorenzo de El Escorial",NA,NA,NA,NA,NA,NA,NA,NA,"Dusmet","P. Álvarez",1,0,"Colección Dusmet",0,NA,NA,NA,"Piluca Alvarez Fidalgo and MNCN",NA,NA
"Andrena","Plastandrena","bimaculata",NA,"España","Madrid","San Lorenzo de El Escorial",NA,NA,NA,NA,NA,NA,NA,NA,"Dusmet","P. Álvarez",1,0,"Colección Dusmet",0,NA,NA,NA,"Piluca Alvarez Fidalgo and MNCN",NA,NA
"Andrena","Plastandrena","bimaculata",NA,"España","Madrid","San Lorenzo de El Escorial",NA,NA,NA,NA,NA,NA,NA,NA,"Dusmet","P. Álvarez",1,0,"Colección Dusmet",0,NA,NA,NA,"Piluca Alvarez Fidalgo and MNCN",NA,NA
"Andrena","Plastandrena","bimaculata",NA,"España","Madrid","San Lorenzo de El Escorial",NA,NA,NA,NA,NA,NA,NA,NA,"Dusmet","P. Álvarez",1,0,"Colección Dusmet",0,NA,NA,NA,"Piluca Alvarez Fidalgo and MNCN",NA,NA
"Andrena","Plastandrena","bimaculata",NA,"España","Madrid","San Lorenzo de El Escorial",NA,NA,NA,NA,NA,NA,NA,NA,"Dusmet","P. Álvarez",0,1,"Colección Dusmet",0,NA,NA,NA,"Piluca Alvarez Fidalgo and MNCN",NA,NA
"Andrena","Plastandrena","bimaculata",NA,"España","Madrid","San Lorenzo de El Escorial",NA,NA,NA,NA,NA,NA,NA,NA,"Dusmet","P. Álvarez",1,0,"Colección Dusmet",0,NA,NA,NA,"Piluca Alvarez Fidalgo and MNCN",NA,NA
"Andrena","Plastandrena","bimaculata",NA,"España","Madrid","San Lorenzo de El Escorial",NA,NA,NA,NA,NA,NA,NA,NA,"J. Dusmet","P. Álvarez",0,1,"Colección Dusmet",0,NA,NA,NA,"Piluca Alvarez Fidalgo and MNCN",NA,NA
"Andrena","Plastandrena","bimaculata",NA,"España","Madrid","San Lorenzo de El Escorial",NA,NA,NA,NA,NA,NA,NA,NA,"J. Dusmet","P. Álvarez",1,0,"Colección Dusmet",0,NA,NA,NA,"Piluca Alvarez Fidalgo and MNCN",NA,NA
"Andrena","Plastandrena","bimaculata",NA,"España","Madrid","San Lorenzo de El Escorial",NA,NA,NA,NA,NA,NA,NA,NA,"J. Dusmet","P. Álvarez",1,0,"Colección Dusmet",0,NA,NA,NA,"Piluca Alvarez Fidalgo and MNCN",NA,NA
"Andrena","Plastandrena","bimaculata",NA,"España","Madrid","Madrid",NA,NA,NA,NA,NA,NA,NA,NA,"sin datos","P. Álvarez",0,1,"",0,NA,NA,NA,"Piluca Alvarez Fidalgo and MNCN",NA,NA
"Andrena","Plastandrena","bimaculata",NA,"España","Madrid","Cercedilla",NA,NA,NA,NA,NA,NA,NA,NA,"J. Hernández","P. Álvarez",0,1,"",0,NA,NA,NA,"Piluca Alvarez Fidalgo and MNCN",NA,NA
"Andrena","Plastandrena","bimaculata",NA,"España","Madrid","Somosierra",NA,NA,NA,NA,NA,NA,NA,NA,"Ceballos","P. Álvarez",1,0,"Colección Dusmet",0,NA,NA,NA,"Piluca Alvarez Fidalgo and MNCN",NA,NA
"Andrena","Plastandrena","bimaculata",NA,"España","Madrid","Somosierra",NA,NA,NA,NA,NA,NA,NA,NA,"Dusmet","P. Álvarez",1,0,"Colección Dusmet",0,NA,NA,NA,"Piluca Alvarez Fidalgo and MNCN",NA,NA
"Andrena","Plastandrena","bimaculata",NA,"España","Madrid","Madrid, El Pardo",NA,NA,NA,NA,NA,NA,NA,NA,"Dusmet","P. Álvarez",1,0,"Colección Dusmet",0,NA,NA,NA,"Piluca Alvarez Fidalgo and MNCN",NA,NA
"Andrena","Plastandrena","bimaculata",NA,"España","Palencia","Palencia",NA,NA,NA,NA,NA,NA,NA,NA,"Dusmet","P. Álvarez",1,0,"Colección Dusmet",0,NA,NA,NA,"Piluca Alvarez Fidalgo and MNCN",NA,NA
"Andrena","Plastandrena","bimaculata",NA,"España","Cáceres","Baños",NA,NA,NA,NA,NA,NA,NA,NA,"Dusmet","P. Álvarez",1,0,"Colección Dusmet",0,NA,NA,NA,"Piluca Alvarez Fidalgo and MNCN",NA,NA
"Andrena","Plastandrena","bimaculata",NA,"España","Orense","Orense",NA,NA,NA,NA,NA,NA,NA,NA,"Dusmet","P. Álvarez",1,0,"Colección Dusmet",0,NA,NA,NA,"Piluca Alvarez Fidalgo and MNCN",NA,NA
"Andrena","Plastandrena","bimaculata",NA,"España","Barcelona","Barcelona",NA,NA,NA,NA,NA,NA,NA,NA,"sin datos","P. Álvarez",1,0,"",0,NA,NA,NA,"Piluca Alvarez Fidalgo and MNCN",NA,NA
"Andrena","Plastandrena","bimaculata",NA,"España","Madrid","Rivas-Vaciamadrid",NA,NA,NA,NA,NA,NA,NA,NA,"Dusmet","P. Álvarez",0,1,"Colección Dusmet",0,NA,NA,NA,"Piluca Alvarez Fidalgo and MNCN",NA,NA
"Panurginus","","albopilosus",NA,"España","Madrid","Tres Cantos",NA,NA,NA,NA,NA,NA,NA,NA,"F. Fresno","P. Álvarez",0,1,"",0,NA,NA,NA,"Piluca Alvarez Fidalgo and MNCN",NA,NA
"Panurginus","","albopilosus",NA,"España","Madrid","Tres Cantos",NA,NA,NA,NA,NA,NA,NA,NA,"F. Fresno","P. Álvarez",0,1,"",0,NA,NA,NA,"Piluca Alvarez Fidalgo and MNCN",NA,NA
"Panurginus","","albopilosus",NA,"España","Madrid","Tres Cantos",NA,NA,NA,NA,NA,NA,NA,NA,"F. Fresno","P. Álvarez",0,1,"",0,NA,NA,NA,"Piluca Alvarez Fidalgo and MNCN",NA,NA
"Sphecodes","","monilicornis",NA,"España","Madrid","Villanueva de la Cañada",NA,NA,NA,NA,NA,NA,NA,NA,"Mario Álamo","P. Álvarez",1,0,"",0,NA,NA,NA,"Piluca Alvarez Fidalgo and MNCN",NA,NA
"Osmia","Helicosmia","leaiana",NA,"España","Asturias","Pola de Lena",NA,NA,NA,NA,NA,NA,NA,NA,"F. Fresno","P. Álvarez",1,0,"ex. Colección F. Fresno",0,NA,NA,NA,"Piluca Alvarez Fidalgo and MNCN",NA,NA
"Osmia","Helicosmia","leaiana",NA,"España","Asturias","Pola de Lena",NA,NA,NA,NA,NA,NA,NA,NA,"F. Fresno","P. Álvarez",1,0,"ex. Colección F. Fresno",0,NA,NA,NA,"Piluca Alvarez Fidalgo and MNCN",NA,NA
"Osmia","Helicosmia","leaiana",NA,"España","Asturias","Pola de Lena",NA,NA,NA,NA,NA,NA,NA,NA,"F. Fresno","P. Álvarez",1,0,"ex. Colección F. Fresno",0,NA,NA,NA,"Piluca Alvarez Fidalgo and MNCN",NA,NA
"Osmia","Helicosmia","leaiana",NA,"España","Asturias","Pola de Lena",NA,NA,NA,NA,NA,NA,NA,NA,"F. Fresno","P. Álvarez",0,1,"ex. Colección F. Fresno",0,NA,NA,NA,"Piluca Alvarez Fidalgo and MNCN",NA,NA
"Osmia","Helicosmia","leaiana",NA,"España","Asturias","Pola de Lena",NA,NA,NA,NA,NA,NA,NA,NA,"F. Fresno","P. Álvarez",0,1,"ex. Colección F. Fresno",0,NA,NA,NA,"Piluca Alvarez Fidalgo and MNCN",NA,NA
"Osmia","Helicosmia","niveata",NA,"España","Madrid","Pola de Lena",NA,NA,NA,NA,NA,NA,NA,NA,"F. Fresno","P. Álvarez",0,1,"ex. Colección F. Fresno",0,NA,NA,NA,"Piluca Alvarez Fidalgo and MNCN",NA,NA
"Panurgus","Pachycephalopanurgus","canescens",NA,"España","Zamora","Barcial del Barco",NA,NA,NA,NA,NA,NA,NA,NA,"F. Fresno","P. Álvarez",0,1,"ex. Colección F. Fresno",0,NA,NA,NA,"Piluca Alvarez Fidalgo and MNCN",NA,NA
"Panurgus","Pachycephalopanurgus","canescens",NA,"España","Zamora","Barcial del Barco",NA,NA,NA,NA,NA,NA,NA,NA,"F. Fresno","P. Álvarez",0,1,"ex. Colección F. Fresno",0,NA,NA,NA,"Piluca Alvarez Fidalgo and MNCN",NA,NA
"Panurgus","Pachycephalopanurgus","canescens",NA,"España","Zamora","Barcial del Barco",NA,NA,NA,NA,NA,NA,NA,NA,"F. Fresno","P. Álvarez",0,1,"ex. Colección F. Fresno",0,NA,NA,NA,"Piluca Alvarez Fidalgo and MNCN",NA,NA
"Panurgus","Pachycephalopanurgus","canescens",NA,"España","Zamora","Barcial del Barco",NA,NA,NA,NA,NA,NA,NA,NA,"F. Fresno","P. Álvarez",1,0,"ex. Colección F. Fresno",0,NA,NA,NA,"Piluca Alvarez Fidalgo and MNCN",NA,NA
"Panurgus","Pachycephalopanurgus","canescens",NA,"España","Madrid","Tres Cantos",NA,NA,NA,NA,NA,NA,NA,NA,"F. Fresno","P. Álvarez",1,0,"ex. Colección F. Fresno",0,NA,NA,NA,"Piluca Alvarez Fidalgo and MNCN",NA,NA
"Panurgus","Pachycephalopanurgus","canescens",NA,"España","Madrid","Tres Cantos",NA,NA,NA,NA,NA,NA,NA,NA,"F. Fresno","P. Álvarez",0,1,"ex. Colección F. Fresno",0,NA,NA,NA,"Piluca Alvarez Fidalgo and MNCN",NA,NA
"Panurgus","Pachycephalopanurgus","canescens",NA,"España","Burgos","Milagros",NA,NA,NA,NA,NA,NA,NA,NA,"F. Fresno","P. Álvarez",0,1,"ex. Colección F. Fresno",0,NA,NA,NA,"Piluca Alvarez Fidalgo and MNCN",NA,NA
"Panurgus","Pachycephalopanurgus","canescens",NA,"España","Segovia","Cerezo de Abajo",NA,NA,NA,NA,NA,NA,NA,NA,"F. Fresno","P. Álvarez",0,1,"ex. Colección F. Fresno",0,NA,NA,NA,"Piluca Alvarez Fidalgo and MNCN",NA,NA
"Panurgus","Pachycephalopanurgus","canescens",NA,"España","Salamanca","Cilloruelo",NA,NA,NA,NA,NA,NA,NA,NA,"F. Fresno","P. Álvarez",0,1,"ex. Colección F. Fresno",0,NA,NA,NA,"Piluca Alvarez Fidalgo and MNCN",NA,NA
"Panurgus","Pachycephalopanurgus","canescens",NA,"España","Salamanca","Cilloruelo",NA,NA,NA,NA,NA,NA,NA,NA,"F. Fresno","P. Álvarez",1,0,"ex. Colección F. Fresno",0,NA,NA,NA,"Piluca Alvarez Fidalgo and MNCN",NA,NA
"Panurgus","Pachycephalopanurgus","canescens",NA,"España","Segovia","Ribota",NA,NA,NA,NA,NA,NA,NA,NA,"F. Fresno","P. Álvarez",1,0,"ex. Colección F. Fresno",0,NA,NA,NA,"Piluca Alvarez Fidalgo and MNCN",NA,NA
"Panurgus","Pachycephalopanurgus","canescens",NA,"España","Segovia","Ribota",NA,NA,NA,NA,NA,NA,NA,NA,"F. Fresno","P. Álvarez",1,0,"ex. Colección F. Fresno",0,NA,NA,NA,"Piluca Alvarez Fidalgo and MNCN",NA,NA
"Panurgus","Pachycephalopanurgus","canescens",NA,"España","Madrid","Valderacete",NA,NA,NA,NA,NA,NA,NA,NA,"F. Fresno","P. Álvarez",1,0,"ex. Colección F. Fresno",0,NA,NA,NA,"Piluca Alvarez Fidalgo and MNCN",NA,NA
"Panurgus","Pachycephalopanurgus","canescens",NA,"España","Madrid","Valderacete",NA,NA,NA,NA,NA,NA,NA,NA,"F. Fresno","P. Álvarez",1,0,"ex. Colección F. Fresno",0,NA,NA,NA,"Piluca Alvarez Fidalgo and MNCN",NA,NA
"Panurgus","Pachycephalopanurgus","canescens",NA,"España","Ávila","Arévalo",NA,NA,NA,NA,NA,NA,NA,NA,"Gayubo et al. leg","P. Álvarez",1,0,"ex. Colección F. Fresno",0,NA,NA,NA,"Piluca Alvarez Fidalgo and MNCN",NA,NA
"Melitta","Melitta","leporina",NA,"España","Asturias","La Franca",NA,NA,NA,NA,NA,NA,NA,NA,"F. Fresno","P. Álvarez",1,0,"ex. Colección F. Fresno",0,NA,NA,NA,"Piluca Alvarez Fidalgo and MNCN",NA,NA
"Melitta","Melitta","leporina",NA,"España","Asturias","Pola de Lena",NA,NA,NA,NA,NA,NA,NA,NA,"F. Fresno","P. Álvarez",0,1,"ex. Colección F. Fresno",0,NA,NA,NA,"Piluca Alvarez Fidalgo and MNCN",NA,NA
"Megachile","Megachile","centuncularis",NA,"España","Asturias","Pola de Lena",NA,NA,NA,NA,NA,NA,NA,NA,"F. Fresno","P. Álvarez",1,0,"ex. Colección F. Fresno",0,NA,NA,NA,"Piluca Alvarez Fidalgo and MNCN",NA,NA
"Megachile","Megachile","centuncularis",NA,"España","Asturias","Pola de Lena",NA,NA,NA,NA,NA,NA,NA,NA,"F. Fresno","P. Álvarez",1,0,"ex. Colección F. Fresno",0,NA,NA,NA,"Piluca Alvarez Fidalgo and MNCN",NA,NA
"Megachile","Megachile","centuncularis",NA,"España","Asturias","Colunga",NA,NA,NA,NA,NA,NA,NA,NA,"F. Fresno","P. Álvarez",1,0,"ex. Colección F. Fresno",0,NA,NA,NA,"Piluca Alvarez Fidalgo and MNCN",NA,NA
"Megachile","Megachile","centuncularis",NA,"España","Asturias","Venta del Pobre",NA,NA,NA,NA,NA,NA,NA,NA,"F. Fresno","P. Álvarez",1,0,"ex. Colección F. Fresno",0,NA,NA,NA,"Piluca Alvarez Fidalgo and MNCN",NA,NA
"Lithurgus","Lithurgus","chrysurus",NA,"España","Segovia","Maderuelo",NA,NA,NA,NA,NA,NA,NA,NA,"F. Fresno","P. Álvarez",0,1,"ex. Colección F. Fresno",0,NA,NA,NA,"Piluca Alvarez Fidalgo and MNCN",NA,NA
"Lithurgus","Lithurgus","chrysurus",NA,"España","Zamora","Barcial del Barco",NA,NA,NA,NA,NA,NA,NA,NA,"F. Fresno","P. Álvarez",1,0,"ex. Colección F. Fresno",0,NA,NA,NA,"Piluca Alvarez Fidalgo and MNCN",NA,NA
"Lithurgus","Lithurgus","chrysurus",NA,"España","Ávila","Arévalo",NA,NA,NA,NA,NA,NA,NA,NA,"F. Fresno","P. Álvarez",1,0,"ex. Colección F. Fresno",0,NA,NA,NA,"Piluca Alvarez Fidalgo and MNCN",NA,NA
"Sphecodes","","gibbus",NA,"España","Asturias","Vega del Rey",NA,NA,NA,NA,NA,NA,NA,NA,"F. Fresno","P. Álvarez",0,1,"",0,NA,NA,NA,"Piluca Alvarez Fidalgo and MNCN",NA,NA
"Sphecodes","","gibbus",NA,"España","Asturias","Vega del Rey",NA,NA,NA,NA,NA,NA,NA,NA,"F. Fresno","P. Álvarez",0,1,"",0,NA,NA,NA,"Piluca Alvarez Fidalgo and MNCN",NA,NA
"Sphecodes","","gibbus",NA,"España","Asturias","Vega del Rey",NA,NA,NA,NA,NA,NA,NA,NA,"F. Fresno","P. Álvarez",0,1,"",0,NA,NA,NA,"Piluca Alvarez Fidalgo and MNCN",NA,NA
"Sphecodes","","gibbus",NA,"España","Asturias","Vega del Rey",NA,NA,NA,NA,NA,NA,NA,NA,"F. Fresno","P. Álvarez",0,1,"",0,NA,NA,NA,"Piluca Alvarez Fidalgo and MNCN",NA,NA
"Dasypoda","Dasypoda","hirtipes",NA,"España","Asturias","La Isla",NA,NA,NA,NA,NA,NA,NA,NA,"F. Fresno","P. Álvarez",0,1,"",0,NA,NA,NA,"Piluca Alvarez Fidalgo and MNCN",NA,NA
"Sphecodes","","puncticeps",NA,"España","Asturias","Vega del Rey",NA,NA,NA,NA,NA,NA,NA,NA,"F. Fresno","P. Álvarez",0,1,"",0,NA,NA,NA,"Piluca Alvarez Fidalgo and MNCN",NA,NA
"Megachile","Xanthosarus","willughbiella",NA,"España","Asturias","Vega del Rey",NA,NA,NA,NA,NA,NA,NA,NA,"F. Fresno","P. Álvarez",0,1,"",0,NA,NA,NA,"Piluca Alvarez Fidalgo and MNCN",NA,NA
"Ceratina","Ceratina","cucurbitina",NA,"España","Asturias","Vega del Rey",NA,NA,NA,NA,NA,NA,NA,NA,"F. Fresno","P. Álvarez",1,0,"",0,NA,NA,NA,"Piluca Alvarez Fidalgo and MNCN",NA,NA
"Ceratina","Ceratina","cucurbitina",NA,"España","Asturias","Vega del Rey",NA,NA,NA,NA,NA,NA,NA,NA,"F. Fresno","P. Álvarez",1,0,"",0,NA,NA,NA,"Piluca Alvarez Fidalgo and MNCN",NA,NA
"Ceratina","Ceratina","cucurbitina",NA,"España","Asturias","Vega del Rey",NA,NA,NA,NA,NA,NA,NA,NA,"F. Fresno","P. Álvarez",1,0,"",0,NA,NA,NA,"Piluca Alvarez Fidalgo and MNCN",NA,NA
"Ceratina","Ceratina","cucurbitina",NA,"España","Asturias","Vega del Rey",NA,NA,NA,NA,NA,NA,NA,NA,"F. Fresno","P. Álvarez",1,0,"",0,NA,NA,NA,"Piluca Alvarez Fidalgo and MNCN",NA,NA
"Panurgus","Panurgus","calcaratus",NA,"España","León","Villarrodrigo de Ordás",NA,NA,NA,NA,NA,NA,NA,NA,"F. Fresno","P. Álvarez",1,0,"",0,NA,NA,NA,"Piluca Alvarez Fidalgo and MNCN",NA,NA
"Panurgus","Panurgus","calcaratus",NA,"España","León","Villarrodrigo de Ordás",NA,NA,NA,NA,NA,NA,NA,NA,"F. Fresno","P. Álvarez",1,0,"",0,NA,NA,NA,"Piluca Alvarez Fidalgo and MNCN",NA,NA
"Lasioglossum","Biennilaeus","marginatum",NA,"España","León","Villarrodrigo de Ordás",NA,NA,NA,NA,NA,NA,NA,NA,"Miguel Moya","P. Álvarez",0,1,"",0,NA,NA,NA,"Piluca Alvarez Fidalgo and MNCN",NA,NA
"Halictus","Tytthalictus","maculatus",NA,"España","Asturias","Vega del Rey",NA,NA,NA,NA,NA,NA,NA,NA,"F. Fresno","P. Álvarez",1,0,"",0,NA,NA,NA,"Piluca Alvarez Fidalgo and MNCN",NA,NA
"Halictus","Tytthalictus","maculatus",NA,"España","Asturias","Vega del Rey",NA,NA,NA,NA,NA,NA,NA,NA,"F. Fresno","P. Álvarez",1,0,"",0,NA,NA,NA,"Piluca Alvarez Fidalgo and MNCN",NA,NA
"Halictus","Tytthalictus","maculatus",NA,"España","Asturias","Vega del Rey",NA,NA,NA,NA,NA,NA,NA,NA,"F. Fresno","P. Álvarez",1,0,"",0,NA,NA,NA,"Piluca Alvarez Fidalgo and MNCN",NA,NA
"Halictus","Tytthalictus","maculatus",NA,"España","Asturias","Vega del Rey",NA,NA,NA,NA,NA,NA,NA,NA,"F. Fresno","P. Álvarez",0,1,"",0,NA,NA,NA,"Piluca Alvarez Fidalgo and MNCN",NA,NA
"Halictus","Tytthalictus","maculatus",NA,"España","Asturias","Vega del Rey",NA,NA,NA,NA,NA,NA,NA,NA,"F. Fresno","P. Álvarez",0,1,"",0,NA,NA,NA,"Piluca Alvarez Fidalgo and MNCN",NA,NA
"Halictus","Tytthalictus","maculatus",NA,"España","Asturias","Vega del Rey",NA,NA,NA,NA,NA,NA,NA,NA,"F. Fresno","P. Álvarez",0,1,"",0,NA,NA,NA,"Piluca Alvarez Fidalgo and MNCN",NA,NA
"Halictus","Tytthalictus","maculatus",NA,"España","Asturias","La Plaza",NA,NA,NA,NA,NA,NA,NA,NA,"F. Fresno","P. Álvarez",0,1,"",0,NA,NA,NA,"Piluca Alvarez Fidalgo and MNCN",NA,NA
"Panurgus","Panurgus","calcaratus",NA,"España","Asturias","Vega del Rey",NA,NA,NA,NA,NA,NA,NA,NA,"F. Fresno","P. Álvarez",1,0,"",0,NA,NA,NA,"Piluca Alvarez Fidalgo and MNCN",NA,NA
"Panurgus","Panurgus","calcaratus",NA,"España","Asturias","Vega del Rey",NA,NA,NA,NA,NA,NA,NA,NA,"F. Fresno","P. Álvarez",1,0,"",0,NA,NA,NA,"Piluca Alvarez Fidalgo and MNCN",NA,NA
"Lasioglossum","Leuchalictus","leucozonium",NA,"España","Asturias","Vega del Rey",NA,NA,NA,NA,NA,NA,NA,NA,"F. Fresno","P. Álvarez",0,1,"",0,NA,NA,NA,"Piluca Alvarez Fidalgo and MNCN",NA,NA
"Lasioglossum","Leuchalictus","leucozonium",NA,"España","Asturias","Vega del Rey",NA,NA,NA,NA,NA,NA,NA,NA,"F. Fresno","P. Álvarez",0,1,"",0,NA,NA,NA,"Piluca Alvarez Fidalgo and MNCN",NA,NA
"Lasioglossum","Leuchalictus","leucozonium",NA,"España","Asturias","Vega del Rey",NA,NA,NA,NA,NA,NA,NA,NA,"F. Fresno","P. Álvarez",1,0,"",0,NA,NA,NA,"Piluca Alvarez Fidalgo and MNCN",NA,NA
"Lasioglossum","Leuchalictus","leucozonium",NA,"España","Asturias","Vega del Rey",NA,NA,NA,NA,NA,NA,NA,NA,"F. Fresno","P. Álvarez",1,0,"",0,NA,NA,NA,"Piluca Alvarez Fidalgo and MNCN",NA,NA
"Lasioglossum","Leuchalictus","leucozonium",NA,"España","Asturias","Vega del Rey",NA,NA,NA,NA,NA,NA,NA,NA,"F. Fresno","P. Álvarez",1,0,"",0,NA,NA,NA,"Piluca Alvarez Fidalgo and MNCN",NA,NA
"Lasioglossum","Sphecodogastra","pauxillum",NA,"España","Asturias","Vega del Rey",NA,NA,NA,NA,NA,NA,NA,NA,"F. Fresno","P. Álvarez",1,0,"",0,NA,NA,NA,"Piluca Alvarez Fidalgo and MNCN",NA,NA
"Lasioglossum","Sphecodogastra","pauxillum",NA,"España","Asturias","Vega del Rey",NA,NA,NA,NA,NA,NA,NA,NA,"F. Fresno","P. Álvarez",1,0,"",0,NA,NA,NA,"Piluca Alvarez Fidalgo and MNCN",NA,NA
"Lasioglossum","Sphecodogastra","pauxillum",NA,"España","Asturias","Vega del Rey",NA,NA,NA,NA,NA,NA,NA,NA,"F. Fresno","P. Álvarez",1,0,"",0,NA,NA,NA,"Piluca Alvarez Fidalgo and MNCN",NA,NA
"Lasioglossum","Sphecodogastra","pauxillum",NA,"España","Asturias","Vega del Rey",NA,NA,NA,NA,NA,NA,NA,NA,"F. Fresno","P. Álvarez",1,0,"",0,NA,NA,NA,"Piluca Alvarez Fidalgo and MNCN",NA,NA
"Lasioglossum","Sphecodogastra","pauxillum",NA,"España","Asturias","Vega del Rey",NA,NA,NA,NA,NA,NA,NA,NA,"F. Fresno","P. Álvarez",1,0,"",0,NA,NA,NA,"Piluca Alvarez Fidalgo and MNCN",NA,NA
"Osmia","Helicosmia","caerulescens",NA,"España","Asturias","Vega del Rey",NA,NA,NA,NA,NA,NA,NA,NA,"F. Fresno","P. Álvarez",0,1,"",0,NA,NA,NA,"Piluca Alvarez Fidalgo and MNCN",NA,NA
"Megachile","Megachile","centuncularis",NA,"España","Asturias","Vega del Rey",NA,NA,NA,NA,NA,NA,NA,NA,"F. Fresno","P. Álvarez",0,1,"",0,NA,NA,NA,"Piluca Alvarez Fidalgo and MNCN",NA,NA
"Hoplitis","Anthocopa","albiscopa",NA,"España","Madrid","Tres Cantos",NA,NA,NA,NA,NA,NA,NA,NA,"F. Fresno","P. Álvarez",1,0,"",0,NA,NA,NA,"Piluca Alvarez Fidalgo and MNCN",NA,NA
"Seladonia","Seladonia","subaurata",NA,"España","Asturias","La Plaza",NA,NA,NA,NA,NA,NA,NA,NA,"F. Fresno","P. Álvarez",0,1,"",0,NA,NA,NA,"Piluca Alvarez Fidalgo and MNCN",NA,NA
"Seladonia","Seladonia","subaurata",NA,"España","Asturias","La Plaza",NA,NA,NA,NA,NA,NA,NA,NA,"F. Fresno","P. Álvarez",0,1,"",0,NA,NA,NA,"Piluca Alvarez Fidalgo and MNCN",NA,NA
"Seladonia","Seladonia","subaurata",NA,"España","Asturias","La Isla",NA,NA,NA,NA,NA,NA,NA,NA,"F. Fresno","P. Álvarez",0,1,"",0,NA,NA,NA,"Piluca Alvarez Fidalgo and MNCN",NA,NA
"Seladonia","Pachyceble","tumulorum",NA,"España","Asturias","Vega del Rey",NA,NA,NA,NA,NA,NA,NA,NA,"F. Fresno","P. Álvarez",1,0,"",0,NA,NA,NA,"Piluca Alvarez Fidalgo and MNCN",NA,NA
"Hoplitis","Alcidamea","leucomelana",NA,"España","Asturias","Vega del Rey",NA,NA,NA,NA,NA,NA,NA,NA,"F. Fresno","P. Álvarez",1,0,"",0,NA,NA,NA,"Piluca Alvarez Fidalgo and MNCN",NA,NA
"Hoplitis","Alcidamea","leucomelana",NA,"España","Asturias","Vega del Rey",NA,NA,NA,NA,NA,NA,NA,NA,"F. Fresno","P. Álvarez",1,0,"",0,NA,NA,NA,"Piluca Alvarez Fidalgo and MNCN",NA,NA
"Megachile","Megachile","centuncularis",NA,"España","Asturias","Pola de Lena",NA,NA,NA,NA,NA,NA,NA,NA,"F. Fresno","P. Álvarez",0,1,"ex. Colección F. Fresno",0,NA,NA,NA,"Piluca Alvarez Fidalgo and MNCN",NA,NA
"Megachile","Megachile","centuncularis",NA,"España","Asturias","Pola de Lena",NA,NA,NA,NA,NA,NA,NA,NA,"F. Fresno","P. Álvarez",0,1,"ex. Colección F. Fresno",0,NA,NA,NA,"Piluca Alvarez Fidalgo and MNCN",NA,NA
"Megachile","Megachile","centuncularis",NA,"España","Asturias","Colunga",NA,NA,NA,NA,NA,NA,NA,NA,"F. Fresno","P. Álvarez",0,1,"ex. Colección F. Fresno",0,NA,NA,NA,"Piluca Alvarez Fidalgo and MNCN",NA,NA
"Megachile","Megachile","centuncularis",NA,"España","Asturias","Colunga",NA,NA,NA,NA,NA,NA,NA,NA,"F. Fresno","P. Álvarez",0,1,"ex. Colección F. Fresno",0,NA,NA,NA,"Piluca Alvarez Fidalgo and MNCN",NA,NA
"Megachile","Megachile","centuncularis",NA,"España","Asturias","Colunga",NA,NA,NA,NA,NA,NA,NA,NA,"F. Fresno","P. Álvarez",0,1,"ex. Colección F. Fresno",0,NA,NA,NA,"Piluca Alvarez Fidalgo and MNCN",NA,NA
"Megachile","Megachile","centuncularis",NA,"España","Asturias","La Isla",NA,NA,NA,NA,NA,NA,NA,NA,"F. Fresno","P. Álvarez",0,1,"ex. Colección F. Fresno",0,NA,NA,NA,"Piluca Alvarez Fidalgo and MNCN",NA,NA
"Megachile","Megachile","centuncularis",NA,"España","Asturias","La Isla",NA,NA,NA,NA,NA,NA,NA,NA,"F. Fresno","P. Álvarez",0,1,"ex. Colección F. Fresno",0,NA,NA,NA,"Piluca Alvarez Fidalgo and MNCN",NA,NA
"Megachile","Megachile","centuncularis",NA,"España","Asturias","La Isla",NA,NA,NA,NA,NA,NA,NA,NA,"F. Fresno","P. Álvarez",0,1,"ex. Colección F. Fresno",0,NA,NA,NA,"Piluca Alvarez Fidalgo and MNCN",NA,NA
"Megachile","Eutricharaea","leachella",NA,"España","Asturias","La Franca",NA,NA,NA,NA,NA,NA,NA,NA,"F. Fresno","P. Álvarez",0,1,"ex. Colección F. Fresno",0,NA,NA,NA,"Piluca Alvarez Fidalgo and MNCN",NA,NA
"Megachile","Eutricharaea","leachella",NA,"España","Asturias","La Franca",NA,NA,NA,NA,NA,NA,NA,NA,"F. Fresno","P. Álvarez",0,1,"ex. Colección F. Fresno",0,NA,NA,NA,"Piluca Alvarez Fidalgo and MNCN",NA,NA
"Megachile","Eutricharaea","leachella",NA,"España","Asturias","La Franca",NA,NA,NA,NA,NA,NA,NA,NA,"F. Fresno","P. Álvarez",0,1,"ex. Colección F. Fresno",0,NA,NA,NA,"Piluca Alvarez Fidalgo and MNCN",NA,NA
"Megachile","Eutricharaea","leachella",NA,"España","Asturias","La Franca",NA,NA,NA,NA,NA,NA,NA,NA,"F. Fresno","P. Álvarez",1,0,"ex. Colección F. Fresno",0,NA,NA,NA,"Piluca Alvarez Fidalgo and MNCN",NA,NA
"Megachile","Eutricharaea","leachella",NA,"España","Asturias","La Franca",NA,NA,NA,NA,NA,NA,NA,NA,"F. Fresno","P. Álvarez",1,0,"ex. Colección F. Fresno",0,NA,NA,NA,"Piluca Alvarez Fidalgo and MNCN",NA,NA
"Megachile","Eutricharaea","leachella",NA,"España","Asturias","La Franca",NA,NA,NA,NA,NA,NA,NA,NA,"F. Fresno","P. Álvarez",1,0,"ex. Colección F. Fresno",0,NA,NA,NA,"Piluca Alvarez Fidalgo and MNCN",NA,NA
"Megachile","Eutricharaea","leachella",NA,"España","Asturias","La Franca",NA,NA,NA,NA,NA,NA,NA,NA,"F. Fresno","P. Álvarez",1,0,"ex. Colección F. Fresno",0,NA,NA,NA,"Piluca Alvarez Fidalgo and MNCN",NA,NA
"Osmia","Osmia","tricornis",NA,"España","Ávila","Muñopepe",NA,NA,NA,NA,NA,NA,NA,NA,"M. Hitado","P. Álvarez",1,0,"",0,NA,NA,NA,"Piluca Alvarez Fidalgo and MNCN",NA,NA
"Stelis","Stelis","odontopyga",NA,"España","Asturias","Vega del Rey",NA,NA,NA,NA,NA,NA,NA,NA,"F. Fresno","P. Álvarez",1,0,"",0,NA,NA,NA,"Piluca Alvarez Fidalgo and MNCN",NA,NA
"Stelis","Stelis","odontopyga",NA,"España","Asturias","Vega del Rey",NA,NA,NA,NA,NA,NA,NA,NA,"F. Fresno","P. Álvarez",0,1,"",0,NA,NA,NA,"Piluca Alvarez Fidalgo and MNCN",NA,NA
"Lasioglossum","Sphecodogastra","malachurum",NA,"España","Asturias","Vega del Rey",NA,NA,NA,NA,NA,NA,NA,NA,"F. Fresno","P. Álvarez",0,1,"",0,NA,NA,NA,"Piluca Alvarez Fidalgo and MNCN",NA,NA
"Lasioglossum","Sphecodogastra","malachurum",NA,"España","Asturias","Vega del Rey",NA,NA,NA,NA,NA,NA,NA,NA,"F. Fresno","P. Álvarez",0,1,"",0,NA,NA,NA,"Piluca Alvarez Fidalgo and MNCN",NA,NA
"Lasioglossum","Hemihalictus","minutissimum",NA,"España","Madrid","Madrid, VIllaverde",NA,NA,NA,NA,NA,NA,NA,NA,"sin datos","P. Álvarez",1,0,"Colección Cabrera",0,NA,NA,NA,"Piluca Alvarez Fidalgo and MNCN",NA,NA
"Lasioglossum","Hemihalictus","minutissimum",NA,"España","Madrid","Madrid, VIllaverde",NA,NA,NA,NA,NA,NA,NA,NA,"sin datos","P. Álvarez",1,0,"Colección Cabrera",0,NA,NA,NA,"Piluca Alvarez Fidalgo and MNCN",NA,NA
"Chelostoma","Foveosmia","campanularum",NA,"España","Zamora","Barcial del Barco",NA,NA,NA,NA,NA,NA,NA,NA,"F. Fresno","P. Álvarez",0,1,"ex. Colección F. Fresno",0,NA,NA,NA,"Piluca Alvarez Fidalgo and MNCN",NA,NA
"Chelostoma","Foveosmia","campanularum",NA,"España","Asturias","Piedraceda",NA,NA,NA,NA,NA,NA,NA,NA,"F. Fresno","P. Álvarez",0,1,"ex. Colección F. Fresno",0,NA,NA,NA,"Piluca Alvarez Fidalgo and MNCN",NA,NA
"Chelostoma","Foveosmia","campanularum",NA,"España","Asturias","Valle La Peral",NA,NA,NA,NA,NA,NA,NA,NA,"F. Fresno","P. Álvarez",0,1,"ex. Colección F. Fresno",0,NA,NA,NA,"Piluca Alvarez Fidalgo and MNCN",NA,NA
"Chelostoma","Foveosmia","campanularum",NA,"España","Asturias","Valle La Peral",NA,NA,NA,NA,NA,NA,NA,NA,"F. Fresno","P. Álvarez",1,0,"ex. Colección F. Fresno",0,NA,NA,NA,"Piluca Alvarez Fidalgo and MNCN",NA,NA
"Chelostoma","Foveosmia","campanularum",NA,"España","Asturias","Valle La Peral",NA,NA,NA,NA,NA,NA,NA,NA,"F. Fresno","P. Álvarez",1,0,"ex. Colección F. Fresno",0,NA,NA,NA,"Piluca Alvarez Fidalgo and MNCN",NA,NA
"Chelostoma","Foveosmia","campanularum",NA,"España","Asturias","Soto de Agues",NA,NA,NA,NA,NA,NA,NA,NA,"F. Fresno","P. Álvarez",1,0,"ex. Colección F. Fresno",0,NA,NA,NA,"Piluca Alvarez Fidalgo and MNCN",NA,NA
"Dioxys","","cinctus",NA,"España","León","Siero de la Reina",NA,NA,NA,NA,NA,NA,NA,NA,"F. Fresno","P. Álvarez",0,1,"ex. Colección F. Fresno",0,NA,NA,NA,"Piluca Alvarez Fidalgo and MNCN",NA,NA
"Anthidium","Anthidium","punctatum",NA,"España","León","Rodiezmo de la Tercia",NA,NA,NA,NA,NA,NA,NA,NA,"F. Fresno","P. Álvarez",0,1,"ex. Colección F. Fresno",0,NA,NA,NA,"Piluca Alvarez Fidalgo and MNCN",NA,NA
"Andrena","Micrandrena","minutula",NA,"España","Asturias","Pola de Lena",NA,NA,NA,NA,NA,NA,NA,NA,"F. Fresno","P. Álvarez",1,0,"ex. Colección F. Fresno",0,NA,NA,NA,"Piluca Alvarez Fidalgo and MNCN",NA,NA
"Andrena","Micrandrena","minutula",NA,"España","Asturias","Pola de Lena",NA,NA,NA,NA,NA,NA,NA,NA,"F. Fresno","P. Álvarez",1,0,"ex. Colección F. Fresno",0,NA,NA,NA,"Piluca Alvarez Fidalgo and MNCN",NA,NA
"Andrena","Micrandrena","minutula",NA,"España","Asturias","Pola de Lena",NA,NA,NA,NA,NA,NA,NA,NA,"F. Fresno","P. Álvarez",1,0,"ex. Colección F. Fresno",0,NA,NA,NA,"Piluca Alvarez Fidalgo and MNCN",NA,NA
"Andrena","Micrandrena","minutula",NA,"España","Asturias","Telledo",NA,NA,NA,NA,NA,NA,NA,NA,"F. Fresno","P. Álvarez",1,0,"ex. Colección F. Fresno",0,NA,NA,NA,"Piluca Alvarez Fidalgo and MNCN",NA,NA
"Andrena","Micrandrena","minutula",NA,"España","Asturias","Zureda",NA,NA,NA,NA,NA,NA,NA,NA,"F. Fresno","P. Álvarez",1,0,"ex. Colección F. Fresno",0,NA,NA,NA,"Piluca Alvarez Fidalgo and MNCN",NA,NA
"Andrena","Melandrena","morio",NA,"España","Madrid","Madrid, Casa de Campo",NA,NA,NA,NA,NA,NA,NA,NA,"A. Compte","P. Álvarez",1,0,"",0,NA,NA,NA,"Piluca Alvarez Fidalgo and MNCN",NA,NA
"Hylaeus","Paraprosopis","pictipes",NA,"España","Asturias","Vega del Rey",NA,NA,NA,NA,NA,NA,NA,NA,"F. Fresno","P. Álvarez",1,0,"",0,NA,NA,NA,"Piluca Alvarez Fidalgo and MNCN",NA,NA
"Hylaeus","Paraprosopis","pictipes",NA,"España","Asturias","Vega del Rey",NA,NA,NA,NA,NA,NA,NA,NA,"F. Fresno","P. Álvarez",1,0,"",0,NA,NA,NA,"Piluca Alvarez Fidalgo and MNCN",NA,NA
"Lasioglossum","Sphecodogastra","mediterraneum",NA,"España","Asturias","Vega del Rey",NA,NA,NA,NA,NA,NA,NA,NA,"F. Fresno","P. Álvarez",1,0,"",0,NA,NA,NA,"Piluca Alvarez Fidalgo and MNCN",NA,NA
"Lasioglossum","Sphecodogastra","mediterraneum",NA,"España","Asturias","Vega del Rey",NA,NA,NA,NA,NA,NA,NA,NA,"F. Fresno","P. Álvarez",1,0,"",0,NA,NA,NA,"Piluca Alvarez Fidalgo and MNCN",NA,NA
"Lasioglossum","Sphecodogastra","mediterraneum",NA,"España","Asturias","Vega del Rey",NA,NA,NA,NA,NA,NA,NA,NA,"F. Fresno","P. Álvarez",0,1,"",0,NA,NA,NA,"Piluca Alvarez Fidalgo and MNCN",NA,NA
"Hylaeus","Abrupta","cornutus",NA,"España","Burgos","Castrovido",NA,NA,NA,NA,NA,NA,NA,NA,"C. Rey","P. Álvarez",0,1,"",0,NA,NA,NA,"Piluca Alvarez Fidalgo and MNCN",NA,NA
"Hylaeus","Abrupta","cornutus",NA,"España","Madrid","Madrid, El Pardo",NA,NA,NA,NA,NA,NA,NA,NA,"I. Izquierdo","P. Álvarez",0,1,"",0,NA,NA,NA,"Piluca Alvarez Fidalgo and MNCN",NA,NA
"Hylaeus","Abrupta","cornutus",NA,"España","Madrid","Gargantilla del Lozoya",NA,NA,NA,NA,NA,NA,NA,NA,"E. Mingo","P. Álvarez",1,0,"",0,NA,NA,NA,"Piluca Alvarez Fidalgo and MNCN",NA,NA
"Hylaeus","Abrupta","cornutus",NA,"España","Madrid","Montejo de la Sierra",NA,NA,NA,NA,NA,NA,NA,NA,"E. Mingo","P. Álvarez",1,0,"",0,NA,NA,NA,"Piluca Alvarez Fidalgo and MNCN",NA,NA
"Hylaeus","Abrupta","cornutus",NA,"España","Madrid","Soto del Real",NA,NA,NA,NA,NA,NA,NA,NA,"V. Llorente","P. Álvarez",1,0,"",0,NA,NA,NA,"Piluca Alvarez Fidalgo and MNCN",NA,NA
"Hylaeus","Abrupta","cornutus",NA,"España","Madrid","Miraflores de la Sierra",NA,NA,NA,NA,NA,NA,NA,NA,"V. Llorente","P. Álvarez",1,0,"",0,NA,NA,NA,"Piluca Alvarez Fidalgo and MNCN",NA,NA
"Hylaeus","Abrupta","cornutus",NA,"España","Madrid","San Lorenzo de El Escorial",NA,NA,NA,NA,NA,NA,NA,NA,"C. Rey","P. Álvarez",1,0,"",0,NA,NA,NA,"Piluca Alvarez Fidalgo and MNCN",NA,NA
"Hylaeus","Abrupta","cornutus",NA,"España","Madrid","Aranjuez",NA,NA,NA,NA,NA,NA,NA,NA,"sin datos","P. Álvarez",1,0,"",0,NA,NA,NA,"Piluca Alvarez Fidalgo and MNCN",NA,NA
"Hylaeus","Abrupta","cornutus",NA,"España","Madrid","Rivas-Vaciamadrid",NA,NA,NA,NA,NA,NA,NA,NA,"J.I. López-Colón","P. Álvarez",1,0,"",0,NA,NA,NA,"Piluca Alvarez Fidalgo and MNCN",NA,NA
"Hylaeus","Abrupta","cornutus",NA,"España","Madrid","Rivas-Vaciamadrid",NA,NA,NA,NA,NA,NA,NA,NA,"J.I. López-Colón","P. Álvarez",1,0,"",0,NA,NA,NA,"Piluca Alvarez Fidalgo and MNCN",NA,NA
"Hylaeus","Abrupta","cornutus",NA,"España","Madrid","Rivas-Vaciamadrid",NA,NA,NA,NA,NA,NA,NA,NA,"Dusmet","P. Álvarez",1,0,"Colección Dusmet",0,NA,NA,NA,"Piluca Alvarez Fidalgo and MNCN",NA,NA
"Hylaeus","Prosopis","variegatus",NA,"España","Madrid","Madrid",NA,NA,NA,NA,NA,NA,NA,NA,"A. Sanz","P. Álvarez",1,0,"Colección Cabrera",0,NA,NA,NA,"Piluca Alvarez Fidalgo and MNCN",NA,NA
"Hylaeus","Prosopis","variegatus",NA,"España","Madrid","Madrid",NA,NA,NA,NA,NA,NA,NA,NA,"sin datos","P. Álvarez",1,0,"Colección Cabrera",0,NA,NA,NA,"Piluca Alvarez Fidalgo and MNCN",NA,NA
"Hylaeus","Prosopis","variegatus",NA,"España","Madrid","Madrid",NA,NA,NA,NA,NA,NA,NA,NA,"Dusmet","P. Álvarez",0,1,"Colección Dusmet",0,NA,NA,NA,"Piluca Alvarez Fidalgo and MNCN",NA,NA
"Hylaeus","Prosopis","variegatus",NA,"España","Madrid","Madrid",NA,NA,NA,NA,NA,NA,NA,NA,"Dusmet","P. Álvarez",0,1,"Colección Dusmet",0,NA,NA,NA,"Piluca Alvarez Fidalgo and MNCN",NA,NA
"Hylaeus","Prosopis","variegatus",NA,"España","Madrid","Madrid",NA,NA,NA,NA,NA,NA,NA,NA,"Dusmet","P. Álvarez",1,0,"Colección Dusmet",0,NA,NA,NA,"Piluca Alvarez Fidalgo and MNCN",NA,NA
"Hylaeus","Prosopis","variegatus",NA,"España","Madrid","Madrid",NA,NA,NA,NA,NA,NA,NA,NA,"Dusmet","P. Álvarez",1,0,"Colección Dusmet",0,NA,NA,NA,"Piluca Alvarez Fidalgo and MNCN",NA,NA
"Hylaeus","Prosopis","variegatus",NA,"España","Madrid","Madrid",NA,NA,NA,NA,NA,NA,NA,NA,"Dusmet","P. Álvarez",1,0,"Colección Dusmet",0,NA,NA,NA,"Piluca Alvarez Fidalgo and MNCN",NA,NA
"Hylaeus","Prosopis","variegatus",NA,"España","Madrid","San Fernando de Henares",NA,NA,NA,NA,NA,NA,NA,NA,"Dusmet","P. Álvarez",1,0,"Colección Dusmet",0,NA,NA,NA,"Piluca Alvarez Fidalgo and MNCN",NA,NA
"Hylaeus","Prosopis","variegatus",NA,"España","Madrid","Galapagar",NA,NA,NA,NA,NA,NA,NA,NA,"Dusmet","P. Álvarez",0,1,"Colección Dusmet",0,NA,NA,NA,"Piluca Alvarez Fidalgo and MNCN",NA,NA
"Hylaeus","Prosopis","variegatus",NA,"España","Madrid","Madrid, Ciudad Universitaria",NA,NA,NA,NA,NA,NA,NA,NA,"Junco","P. Álvarez",0,1,"",0,NA,NA,NA,"Piluca Alvarez Fidalgo and MNCN",NA,NA
"Hylaeus","Prosopis","variegatus",NA,"España","Madrid","Madrid, Ciudad Universitaria",NA,NA,NA,NA,NA,NA,NA,NA,"Junco","P. Álvarez",0,1,"",0,NA,NA,NA,"Piluca Alvarez Fidalgo and MNCN",NA,NA
"Hylaeus","Prosopis","variegatus",NA,"España","Madrid","Madrid, El Pardo",NA,NA,NA,NA,NA,NA,NA,NA,"Dusmet","P. Álvarez",0,1,"Colección Dusmet",0,NA,NA,NA,"Piluca Alvarez Fidalgo and MNCN",NA,NA
"Hylaeus","Prosopis","variegatus",NA,"España","Madrid","Madrid, El Pardo",NA,NA,NA,NA,NA,NA,NA,NA,"Dusmet","P. Álvarez",0,1,"Colección Dusmet",0,NA,NA,NA,"Piluca Alvarez Fidalgo and MNCN",NA,NA
"Hylaeus","Prosopis","variegatus",NA,"España","Madrid","Madrid, El Pardo",NA,NA,NA,NA,NA,NA,NA,NA,"Dusmet","P. Álvarez",0,1,"Colección Dusmet",0,NA,NA,NA,"Piluca Alvarez Fidalgo and MNCN",NA,NA
"Hylaeus","Prosopis","variegatus",NA,"España","Madrid","Madrid, El Pardo",NA,NA,NA,NA,NA,NA,NA,NA,"Dusmet","P. Álvarez",0,1,"Colección Dusmet",0,NA,NA,NA,"Piluca Alvarez Fidalgo and MNCN",NA,NA
"Hylaeus","Prosopis","variegatus",NA,"España","Madrid","Madrid, El Pardo",NA,NA,NA,NA,NA,NA,NA,NA,"Dusmet","P. Álvarez",1,0,"Colección Dusmet",0,NA,NA,NA,"Piluca Alvarez Fidalgo and MNCN",NA,NA
"Hylaeus","Prosopis","variegatus",NA,"España","Madrid","Madrid, El Pardo",NA,NA,NA,NA,NA,NA,NA,NA,"Bolivar","P. Álvarez",1,0,"",0,NA,NA,NA,"Piluca Alvarez Fidalgo and MNCN",NA,NA
"Hylaeus","Prosopis","variegatus",NA,"España","Madrid","Madrid",NA,NA,NA,NA,NA,NA,NA,NA,"sin datos","P. Álvarez",1,0,"Colección Cabrera",0,NA,NA,NA,"Piluca Alvarez Fidalgo and MNCN",NA,NA
"Hylaeus","Prosopis","variegatus",NA,"España","Madrid","Madrid",NA,NA,NA,NA,NA,NA,NA,NA,"sin datos","P. Álvarez",1,0,"Colección Cabrera",0,NA,NA,NA,"Piluca Alvarez Fidalgo and MNCN",NA,NA
"Hylaeus","Prosopis","variegatus",NA,"España","Madrid","Madrid",NA,NA,NA,NA,NA,NA,NA,NA,"sin datos","P. Álvarez",1,0,"Colección Cabrera",0,NA,NA,NA,"Piluca Alvarez Fidalgo and MNCN",NA,NA
"Hylaeus","Prosopis","variegatus",NA,"España","Madrid","Madrid, El Pardo",NA,NA,NA,NA,NA,NA,NA,NA,"sin datos","P. Álvarez",1,0,"Colección Cabrera",0,NA,NA,NA,"Piluca Alvarez Fidalgo and MNCN",NA,NA
"Hylaeus","Prosopis","variegatus",NA,"España","Madrid","Madrid, El Pardo",NA,NA,NA,NA,NA,NA,NA,NA,"Junco","P. Álvarez",1,0,"",0,NA,NA,NA,"Piluca Alvarez Fidalgo and MNCN",NA,NA
"Hylaeus","Prosopis","variegatus",NA,"España","Madrid","Madrid, El Pardo",NA,NA,NA,NA,NA,NA,NA,NA,"Junco","P. Álvarez",1,0,"",0,NA,NA,NA,"Piluca Alvarez Fidalgo and MNCN",NA,NA
"Hylaeus","Prosopis","variegatus",NA,"España","Madrid","San Fernando de Henares",NA,NA,NA,NA,NA,NA,NA,NA,"G. Mercet","P. Álvarez",0,1,"",0,NA,NA,NA,"Piluca Alvarez Fidalgo and MNCN",NA,NA
"Hylaeus","Prosopis","variegatus",NA,"España","Madrid","Aranjuez",NA,NA,NA,NA,NA,NA,NA,NA,"Dusmet","P. Álvarez",1,0,"Colección Dusmet",0,NA,NA,NA,"Piluca Alvarez Fidalgo and MNCN",NA,NA
"Hylaeus","Prosopis","variegatus",NA,"España","Madrid","Aranjuez",NA,NA,NA,NA,NA,NA,NA,NA,"Dusmet","P. Álvarez",1,0,"Colección Dusmet",0,NA,NA,NA,"Piluca Alvarez Fidalgo and MNCN",NA,NA
"Hylaeus","Prosopis","variegatus",NA,"España","Madrid","Rivas-Vaciamadrid",NA,NA,NA,NA,NA,NA,NA,NA,"Dusmet","P. Álvarez",1,0,"Colección Dusmet",0,NA,NA,NA,"Piluca Alvarez Fidalgo and MNCN",NA,NA
"Hylaeus","Prosopis","variegatus",NA,"España","Madrid","Rivas-Vaciamadrid",NA,NA,NA,NA,NA,NA,NA,NA,"Dusmet","P. Álvarez",1,0,"Colección Dusmet",0,NA,NA,NA,"Piluca Alvarez Fidalgo and MNCN",NA,NA
"Hylaeus","Prosopis","variegatus",NA,"España","Madrid","Arganda",NA,NA,NA,NA,NA,NA,NA,NA,"Dusmet","P. Álvarez",1,0,"Colección Dusmet",0,NA,NA,NA,"Piluca Alvarez Fidalgo and MNCN",NA,NA
"Hylaeus","Prosopis","variegatus",NA,"España","Madrid","Rivas-Vaciamadrid",NA,NA,NA,NA,NA,NA,NA,NA,"Dusmet","P. Álvarez",1,0,"Colección Dusmet",0,NA,NA,NA,"Piluca Alvarez Fidalgo and MNCN",NA,NA
"Hylaeus","Prosopis","variegatus",NA,"España","Madrid","Rivas-Vaciamadrid",NA,NA,NA,NA,NA,NA,NA,NA,"Dusmet","P. Álvarez",1,0,"Colección Dusmet",0,NA,NA,NA,"Piluca Alvarez Fidalgo and MNCN",NA,NA
"Hylaeus","Prosopis","variegatus",NA,"España","Madrid","Rivas-Vaciamadrid",NA,NA,NA,NA,NA,NA,NA,NA,"Dusmet","P. Álvarez",1,0,"Colección Dusmet",0,NA,NA,NA,"Piluca Alvarez Fidalgo and MNCN",NA,NA
"Hylaeus","Prosopis","variegatus",NA,"España","Madrid","Rivas-Vaciamadrid",NA,NA,NA,NA,NA,NA,NA,NA,"sin datos","P. Álvarez",0,1,"Colección Cabrera",0,NA,NA,NA,"Piluca Alvarez Fidalgo and MNCN",NA,NA
"Hylaeus","Prosopis","variegatus",NA,"España","Madrid","Rivas-Vaciamadrid",NA,NA,NA,NA,NA,NA,NA,NA,"sin datos","P. Álvarez",0,1,"Colección Cabrera",0,NA,NA,NA,"Piluca Alvarez Fidalgo and MNCN",NA,NA
"Hylaeus","Prosopis","variegatus",NA,"España","Madrid","Rivas-Vaciamadrid",NA,NA,NA,NA,NA,NA,NA,NA,"sin datos","P. Álvarez",0,1,"Colección Cabrera",0,NA,NA,NA,"Piluca Alvarez Fidalgo and MNCN",NA,NA
"Hylaeus","Prosopis","variegatus",NA,"España","Madrid","Rivas-Vaciamadrid",NA,NA,NA,NA,NA,NA,NA,NA,"sin datos","P. Álvarez",0,1,"Colección Cabrera",0,NA,NA,NA,"Piluca Alvarez Fidalgo and MNCN",NA,NA
"Hylaeus","Prosopis","variegatus",NA,"España","Madrid","Rivas-Vaciamadrid",NA,NA,NA,NA,NA,NA,NA,NA,"Dusmet","P. Álvarez",1,0,"Colección Dusmet",0,NA,NA,NA,"Piluca Alvarez Fidalgo and MNCN",NA,NA
"Hylaeus","Prosopis","variegatus",NA,"España","Madrid","Hontoria del Pinar",NA,NA,NA,NA,NA,NA,NA,NA,"C. Rey","P. Álvarez",0,1,"ex. Col. C. Rey",0,NA,NA,NA,"Piluca Alvarez Fidalgo and MNCN",NA,NA
"Hylaeus","Prosopis","variegatus",NA,"España","Madrid","Hontoria del Pinar",NA,NA,NA,NA,NA,NA,NA,NA,"C. Rey","P. Álvarez",0,1,"ex. Col. C. Rey",0,NA,NA,NA,"Piluca Alvarez Fidalgo and MNCN",NA,NA
"Hylaeus","Prosopis","variegatus",NA,"España","Madrid","Hontoria del Pinar",NA,NA,NA,NA,NA,NA,NA,NA,"C. Rey","P. Álvarez",0,1,"ex. Col. C. Rey",0,NA,NA,NA,"Piluca Alvarez Fidalgo and MNCN",NA,NA
"Hylaeus","Prosopis","variegatus",NA,"España","Ávila","Navas del Marqués",NA,NA,NA,NA,NA,NA,NA,NA,"C. Rey","P. Álvarez",0,1,"ex. Col. C. Rey",0,NA,NA,NA,"Piluca Alvarez Fidalgo and MNCN",NA,NA
"Hylaeus","Prosopis","variegatus",NA,"España","Madrid","Soto del Real",NA,NA,NA,NA,NA,NA,NA,NA,"C. Rey","P. Álvarez",0,1,"ex. Col. C. Rey",0,NA,NA,NA,"Piluca Alvarez Fidalgo and MNCN",NA,NA
"Hylaeus","Prosopis","variegatus",NA,"España","Madrid","San Lorenzo de El Escorial",NA,NA,NA,NA,NA,NA,NA,NA,"Carmen Rey","P. Álvarez",0,1,"ex. Col. C. Rey",0,NA,NA,NA,"Piluca Alvarez Fidalgo and MNCN",NA,NA
"Hylaeus","Prosopis","variegatus",NA,"España","Madrid","San Lorenzo de El Escorial",NA,NA,NA,NA,NA,NA,NA,NA,"Carmen Rey","P. Álvarez",1,0,"ex. Col. C. Rey",0,NA,NA,NA,"Piluca Alvarez Fidalgo and MNCN",NA,NA
"Hylaeus","Prosopis","variegatus",NA,"España","Madrid","San Lorenzo de El Escorial",NA,NA,NA,NA,NA,NA,NA,NA,"Carmen Rey","P. Álvarez",1,0,"ex. Col. C. Rey",0,NA,NA,NA,"Piluca Alvarez Fidalgo and MNCN",NA,NA
"Hylaeus","Prosopis","variegatus",NA,"España","Madrid","San Lorenzo de El Escorial",NA,NA,NA,NA,NA,NA,NA,NA,"C. Rey","P. Álvarez",1,0,"ex. Col. C. Rey",0,NA,NA,NA,"Piluca Alvarez Fidalgo and MNCN",NA,NA
"Hylaeus","Prosopis","variegatus",NA,"España","Madrid","San Lorenzo de El Escorial",NA,NA,NA,NA,NA,NA,NA,NA,"C. Rey","P. Álvarez",1,0,"ex. Col. C. Rey",0,NA,NA,NA,"Piluca Alvarez Fidalgo and MNCN",NA,NA
"Hylaeus","Prosopis","variegatus",NA,"España","Madrid","San Lorenzo de El Escorial",NA,NA,NA,NA,NA,NA,NA,NA,"C. Rey","P. Álvarez",0,1,"ex. Col. C. Rey",0,NA,NA,NA,"Piluca Alvarez Fidalgo and MNCN",NA,NA
"Hylaeus","Prosopis","variegatus",NA,"España","Madrid","San Lorenzo de El Escorial",NA,NA,NA,NA,NA,NA,NA,NA,"C. Rey","P. Álvarez",0,1,"ex. Col. C. Rey",0,NA,NA,NA,"Piluca Alvarez Fidalgo and MNCN",NA,NA
"Hylaeus","Prosopis","variegatus",NA,"España","Madrid","San Lorenzo de El Escorial",NA,NA,NA,NA,NA,NA,NA,NA,"C. Rey","P. Álvarez",0,1,"",0,NA,NA,NA,"Piluca Alvarez Fidalgo and MNCN",NA,NA
"Hylaeus","Prosopis","variegatus",NA,"España","Madrid","San Lorenzo de El Escorial",NA,NA,NA,NA,NA,NA,NA,NA,"C. Rey","P. Álvarez",0,1,"",0,NA,NA,NA,"Piluca Alvarez Fidalgo and MNCN",NA,NA
"Hylaeus","Prosopis","variegatus",NA,"España","Madrid","San Lorenzo de El Escorial",NA,NA,NA,NA,NA,NA,NA,NA,"Dusmet","P. Álvarez",0,1,"Colección Dusmet",0,NA,NA,NA,"Piluca Alvarez Fidalgo and MNCN",NA,NA
"Hylaeus","Prosopis","variegatus",NA,"España","Madrid","San Lorenzo de El Escorial",NA,NA,NA,NA,NA,NA,NA,NA,"Dusmet","P. Álvarez",0,1,"Colección Dusmet",0,NA,NA,NA,"Piluca Alvarez Fidalgo and MNCN",NA,NA
"Hylaeus","Prosopis","variegatus",NA,"España","Madrid","San Lorenzo de El Escorial",NA,NA,NA,NA,NA,NA,NA,NA,"Dusmet","P. Álvarez",0,1,"Colección Dusmet",0,NA,NA,NA,"Piluca Alvarez Fidalgo and MNCN",NA,NA
"Hylaeus","Prosopis","variegatus",NA,"España","Madrid","San Lorenzo de El Escorial",NA,NA,NA,NA,NA,NA,NA,NA,"Dusmet","P. Álvarez",0,1,"Colección Dusmet",0,NA,NA,NA,"Piluca Alvarez Fidalgo and MNCN",NA,NA
"Hylaeus","Prosopis","variegatus",NA,"España","Madrid","San Lorenzo de El Escorial",NA,NA,NA,NA,NA,NA,NA,NA,"Dusmet","P. Álvarez",0,1,"Colección Dusmet",0,NA,NA,NA,"Piluca Alvarez Fidalgo and MNCN",NA,NA
"Hylaeus","Prosopis","variegatus",NA,"España","Madrid","San Lorenzo de El Escorial",NA,NA,NA,NA,NA,NA,NA,NA,"Dusmet","P. Álvarez",1,0,"Colección Dusmet",0,NA,NA,NA,"Piluca Alvarez Fidalgo and MNCN",NA,NA
"Hylaeus","Prosopis","variegatus",NA,"España","Madrid","San Lorenzo de El Escorial",NA,NA,NA,NA,NA,NA,NA,NA,"Dusmet","P. Álvarez",1,0,"Colección Dusmet",0,NA,NA,NA,"Piluca Alvarez Fidalgo and MNCN",NA,NA
"Hylaeus","Prosopis","variegatus",NA,"España","Madrid","San Lorenzo de El Escorial",NA,NA,NA,NA,NA,NA,NA,NA,"Dusmet","P. Álvarez",1,0,"Colección Dusmet",0,NA,NA,NA,"Piluca Alvarez Fidalgo and MNCN",NA,NA
"Hylaeus","Prosopis","variegatus",NA,"España","Madrid","San Lorenzo de El Escorial",NA,NA,NA,NA,NA,NA,NA,NA,"Dusmet","P. Álvarez",0,1,"Colección Dusmet",0,NA,NA,NA,"Piluca Alvarez Fidalgo and MNCN",NA,NA
"Hylaeus","Prosopis","variegatus",NA,"España","Madrid","Canencia",NA,NA,NA,NA,NA,NA,NA,NA,"E. Mingo","P. Álvarez",0,1,"",0,NA,NA,NA,"Piluca Alvarez Fidalgo and MNCN",NA,NA
"Hylaeus","Prosopis","variegatus",NA,"España","Pontevedra","Pontevedra",NA,NA,NA,NA,NA,NA,NA,NA,"Dusmet","P. Álvarez",0,1,"Colección Dusmet",0,NA,NA,NA,"Piluca Alvarez Fidalgo and MNCN",NA,NA
"Hylaeus","Prosopis","variegatus",NA,"España","Pontevedra","Pontevedra",NA,NA,NA,NA,NA,NA,NA,NA,"Dusmet","P. Álvarez",1,0,"Colección Dusmet",0,NA,NA,NA,"Piluca Alvarez Fidalgo and MNCN",NA,NA
"Hylaeus","Prosopis","variegatus",NA,"España","Pontevedra","Pontevedra",NA,NA,NA,NA,NA,NA,NA,NA,"Dusmet","P. Álvarez",1,0,"Colección Dusmet",0,NA,NA,NA,"Piluca Alvarez Fidalgo and MNCN",NA,NA
"Hylaeus","Prosopis","variegatus",NA,"España","Pontevedra","Bayona",NA,NA,NA,NA,NA,NA,NA,NA,"Dusmet","P. Álvarez",1,0,"Colección Dusmet",0,NA,NA,NA,"Piluca Alvarez Fidalgo and MNCN",NA,NA
"Hylaeus","Prosopis","variegatus",NA,"España","Pontevedra","Bayona",NA,NA,NA,NA,NA,NA,NA,NA,"Dusmet","P. Álvarez",1,0,"Colección Dusmet",0,NA,NA,NA,"Piluca Alvarez Fidalgo and MNCN",NA,NA
"Hylaeus","Prosopis","variegatus",NA,"España","Pontevedra","Bayona",NA,NA,NA,NA,NA,NA,NA,NA,"Dusmet","P. Álvarez",1,0,"Colección Dusmet",0,NA,NA,NA,"Piluca Alvarez Fidalgo and MNCN",NA,NA
"Hylaeus","Prosopis","variegatus",NA,"España","Guipúzcoa","Ormáiztegui",NA,NA,NA,NA,NA,NA,NA,NA,"Dusmet","P. Álvarez",1,0,"Colección Dusmet",0,NA,NA,NA,"Piluca Alvarez Fidalgo and MNCN",NA,NA
"Hylaeus","Prosopis","variegatus",NA,"España","Guipúzcoa","Ormáiztegui",NA,NA,NA,NA,NA,NA,NA,NA,"Dusmet","P. Álvarez",1,0,"Colección Dusmet",0,NA,NA,NA,"Piluca Alvarez Fidalgo and MNCN",NA,NA
"Hylaeus","Prosopis","variegatus",NA,"España","Vizcaya","Zaldívar",NA,NA,NA,NA,NA,NA,NA,NA,"Dusmet","P. Álvarez",0,1,"Colección Dusmet",0,NA,NA,NA,"Piluca Alvarez Fidalgo and MNCN",NA,NA
"Hylaeus","Prosopis","variegatus",NA,"España","Cantabria","Torrelavega",NA,NA,NA,NA,NA,NA,NA,NA,"Dusmet","P. Álvarez",1,0,"Colección Dusmet",0,NA,NA,NA,"Piluca Alvarez Fidalgo and MNCN",NA,NA
"Hylaeus","Prosopis","variegatus",NA,"España","Cantabria","Torrelavega",NA,NA,NA,NA,NA,NA,NA,NA,"Dusmet","P. Álvarez",1,0,"Colección Dusmet",0,NA,NA,NA,"Piluca Alvarez Fidalgo and MNCN",NA,NA
"Hylaeus","Prosopis","variegatus",NA,"España","Cantabria","Tama",NA,NA,NA,NA,NA,NA,NA,NA,"C. Rey","P. Álvarez",1,0,"",0,NA,NA,NA,"Piluca Alvarez Fidalgo and MNCN",NA,NA
"Hylaeus","Prosopis","variegatus",NA,"España","Cantabria","Tama",NA,NA,NA,NA,NA,NA,NA,NA,"C. Rey","P. Álvarez",1,0,"",0,NA,NA,NA,"Piluca Alvarez Fidalgo and MNCN",NA,NA
"Hylaeus","Prosopis","variegatus",NA,"España","Madrid","Rivas-Vaciamadrid",NA,NA,NA,NA,NA,NA,NA,NA,"J.I. López-Colón","P. Álvarez",1,0,"",0,NA,NA,NA,"Piluca Alvarez Fidalgo and MNCN",NA,NA
"Hylaeus","Prosopis","variegatus",NA,"España","Madrid","Rivas-Vaciamadrid",NA,NA,NA,NA,NA,NA,NA,NA,"J.I. López-Colón","P. Álvarez",0,1,"",0,NA,NA,NA,"Piluca Alvarez Fidalgo and MNCN",NA,NA
"Hylaeus","Prosopis","variegatus",NA,"España","Madrid","Navalafuente",NA,NA,NA,NA,NA,NA,NA,NA,"E. Plaza","P. Álvarez",0,1,"",0,NA,NA,NA,"Piluca Alvarez Fidalgo and MNCN",NA,NA
"Hylaeus","Prosopis","variegatus",NA,"España","Madrid","Madrid, El Pardo",NA,NA,NA,NA,NA,NA,NA,NA,"L. Hinojosa","P. Álvarez",0,1,"",0,NA,NA,NA,"Piluca Alvarez Fidalgo and MNCN",NA,NA
"Hylaeus","Prosopis","variegatus",NA,"España","Madrid","Madrid, El Pardo",NA,NA,NA,NA,NA,NA,NA,NA,"I. Izquierdo","P. Álvarez",0,1,"",0,NA,NA,NA,"Piluca Alvarez Fidalgo and MNCN",NA,NA
"Hylaeus","Prosopis","variegatus",NA,"España","Madrid","Madrid, El Pardo",NA,NA,NA,NA,NA,NA,NA,NA,"I. Izquierdo","P. Álvarez",0,1,"",0,NA,NA,NA,"Piluca Alvarez Fidalgo and MNCN",NA,NA
"Hylaeus","Prosopis","variegatus",NA,"España","Madrid","Madrid, El Pardo",NA,NA,NA,NA,NA,NA,NA,NA,"sin datos","P. Álvarez",1,0,"",0,NA,NA,NA,"Piluca Alvarez Fidalgo and MNCN",NA,NA
"Hylaeus","Prosopis","variegatus",NA,"España","Madrid","Torrelodones",NA,NA,NA,NA,NA,NA,NA,NA,"sin datos","P. Álvarez",1,0,"",0,NA,NA,NA,"Piluca Alvarez Fidalgo and MNCN",NA,NA
"Hylaeus","Prosopis","variegatus",NA,"España","Madrid","Torrelaguna",NA,NA,NA,NA,NA,NA,NA,NA,"E. Mingo","P. Álvarez",1,0,"",0,NA,NA,NA,"Piluca Alvarez Fidalgo and MNCN",NA,NA
"Hylaeus","Prosopis","variegatus",NA,"España","Madrid","Torrelaguna",NA,NA,NA,NA,NA,NA,NA,NA,"E. Plaza","P. Álvarez",1,0,"",0,NA,NA,NA,"Piluca Alvarez Fidalgo and MNCN",NA,NA
"Hylaeus","Prosopis","variegatus",NA,"España","Madrid","Soto del Real",NA,NA,NA,NA,NA,NA,NA,NA,"[V. Llorente]","P. Álvarez",1,0,"",0,NA,NA,NA,"Piluca Alvarez Fidalgo and MNCN",NA,NA
"Hylaeus","Prosopis","variegatus",NA,"España","Madrid","Soto del Real",NA,NA,NA,NA,NA,NA,NA,NA,"V. Llorente","P. Álvarez",0,1,"",0,NA,NA,NA,"Piluca Alvarez Fidalgo and MNCN",NA,NA
"Hylaeus","Prosopis","variegatus",NA,"España","Zamora","Granucillo",NA,NA,NA,NA,NA,NA,NA,NA,"P. Bahillo","P. Álvarez",0,1,"",0,NA,NA,NA,"Piluca Alvarez Fidalgo and MNCN",NA,NA
"Hylaeus","Prosopis","variegatus",NA,"España","Madrid","Prádena del Rincón",NA,NA,NA,NA,NA,NA,NA,NA,"V. Llorente","P. Álvarez",0,1,"",0,NA,NA,NA,"Piluca Alvarez Fidalgo and MNCN",NA,NA
"Hylaeus","Prosopis","variegatus",NA,"España","Madrid","Prádena del Rincón",NA,NA,NA,NA,NA,NA,NA,NA,"V. Llorente","P. Álvarez",1,0,"",0,NA,NA,NA,"Piluca Alvarez Fidalgo and MNCN",NA,NA
"Hylaeus","Prosopis","variegatus",NA,"España","Madrid","Prádena del Rincón",NA,NA,NA,NA,NA,NA,NA,NA,"V. Llorente","P. Álvarez",1,0,"",0,NA,NA,NA,"Piluca Alvarez Fidalgo and MNCN",NA,NA
"Hylaeus","Prosopis","variegatus",NA,"España","Madrid","Miraflores de la Sierra",NA,NA,NA,NA,NA,NA,NA,NA,"E. Mingo","P. Álvarez",1,0,"",0,NA,NA,NA,"Piluca Alvarez Fidalgo and MNCN",NA,NA
"Hylaeus","Prosopis","variegatus",NA,"España","Madrid","Miraflores de la Sierra",NA,NA,NA,NA,NA,NA,NA,NA,"E. Mingo","P. Álvarez",1,0,"",0,NA,NA,NA,"Piluca Alvarez Fidalgo and MNCN",NA,NA
"Hylaeus","Prosopis","variegatus",NA,"España","Córdoba","Espiel",NA,NA,NA,NA,NA,NA,NA,NA,"A. Seyrig","P. Álvarez",1,0,"Colección Dusmet",0,NA,NA,NA,"Piluca Alvarez Fidalgo and MNCN",NA,NA
"Hylaeus","Prosopis","variegatus",NA,"España","Córdoba","Espiel",NA,NA,NA,NA,NA,NA,NA,NA,"A. Seyrig","P. Álvarez",1,0,"Colección Dusmet",0,NA,NA,NA,"Piluca Alvarez Fidalgo and MNCN",NA,NA
"Hylaeus","Prosopis","variegatus",NA,"España","Barcelona","Centellas",NA,NA,NA,NA,NA,NA,NA,NA,"Más de Xaxars","P. Álvarez",1,0,"",0,NA,NA,NA,"Piluca Alvarez Fidalgo and MNCN",NA,NA
"Hylaeus","Prosopis","variegatus",NA,"España","Madrid","Somosierra",NA,NA,NA,NA,NA,NA,NA,NA,"Ceballos","P. Álvarez",1,0,"Colección Dusmet",0,NA,NA,NA,"Piluca Alvarez Fidalgo and MNCN",NA,NA
"Hylaeus","Prosopis","variegatus",NA,"España","Ávila","Monbeltran",NA,NA,NA,NA,NA,NA,NA,NA,"Mercet","P. Álvarez",1,0,"Colección Gª Mercet",0,NA,NA,NA,"Piluca Alvarez Fidalgo and MNCN",NA,NA
"Hylaeus","Prosopis","variegatus",NA,"España","Madrid","Madrid, El Pardo",NA,NA,NA,NA,NA,NA,NA,NA,"Nieves & Rey","P. Álvarez",0,1,"",0,NA,NA,NA,"Piluca Alvarez Fidalgo and MNCN",NA,NA
"Hylaeus","Prosopis","variegatus",NA,"España","Madrid","Navacerrada",NA,NA,NA,NA,NA,NA,NA,NA,"Esteban","P. Álvarez",0,1,"",0,NA,NA,NA,"Piluca Alvarez Fidalgo and MNCN",NA,NA
"Hylaeus","Prosopis","variegatus",NA,"España","Salamanca","Salamanca",NA,NA,NA,NA,NA,NA,NA,NA,"Dusmet","P. Álvarez",0,1,"Colección Dusmet",0,NA,NA,NA,"Piluca Alvarez Fidalgo and MNCN",NA,NA
"Hylaeus","Prosopis","variegatus",NA,"España","Huesca","Jaca",NA,NA,NA,NA,NA,NA,NA,NA,"Dusmet","P. Álvarez",0,1,"Colección Dusmet",0,NA,NA,NA,"Piluca Alvarez Fidalgo and MNCN",NA,NA
"Hylaeus","Prosopis","variegatus",NA,"España","Tarragona","Tarragona",NA,NA,NA,NA,NA,NA,NA,NA,"J. M. Dusmet","P. Álvarez",0,1,"Colección Dusmet",0,NA,NA,NA,"Piluca Alvarez Fidalgo and MNCN",NA,NA
"Hylaeus","Prosopis","variegatus",NA,"España","Vizcaya","Orduña",NA,NA,NA,NA,NA,NA,NA,NA,"Dusmet","P. Álvarez",1,0,"Colección Dusmet",0,NA,NA,NA,"Piluca Alvarez Fidalgo and MNCN",NA,NA
"Hylaeus","Prosopis","variegatus",NA,"España","Cuenca","Belinchón",NA,NA,NA,NA,NA,NA,NA,NA,"J. M. Dusmet","P. Álvarez",1,0,"Colección Dusmet",0,NA,NA,NA,"Piluca Alvarez Fidalgo and MNCN",NA,NA
"Hylaeus","Prosopis","variegatus",NA,"España","Madrid","Cercedilla",NA,NA,NA,NA,NA,NA,NA,NA,"Mercet","P. Álvarez",1,0,"Colección Cabrera",0,NA,NA,NA,"Piluca Alvarez Fidalgo and MNCN",NA,NA
"Hylaeus","Prosopis","variegatus",NA,"España","Valladolid","Valladolid",NA,NA,NA,NA,NA,NA,NA,NA,"sin datos","P. Álvarez",0,1,"",0,NA,NA,NA,"Piluca Alvarez Fidalgo and MNCN",NA,NA
"Hylaeus","Prosopis","variegatus",NA,"España","Valladolid","Valladolid",NA,NA,NA,NA,NA,NA,NA,NA,"sin datos","P. Álvarez",1,0,"",0,NA,NA,NA,"Piluca Alvarez Fidalgo and MNCN",NA,NA
"Hylaeus","Prosopis","variegatus",NA,"España","Valladolid","Valladolid",NA,NA,NA,NA,NA,NA,NA,NA,"sin datos","P. Álvarez",1,0,"",0,NA,NA,NA,"Piluca Alvarez Fidalgo and MNCN",NA,NA
"Hylaeus","Prosopis","variegatus",NA,"España","Madrid","Madrid, El Pardo",NA,NA,NA,NA,NA,NA,NA,NA,"Dusmet","P. Álvarez",1,0,"Colección Dusmet",0,NA,NA,NA,"Piluca Alvarez Fidalgo and MNCN",NA,NA
"Hylaeus","Prosopis","variegatus",NA,"España","Madrid","Rivas-Vaciamadrid",NA,NA,NA,NA,NA,NA,NA,NA,"Dusmet","P. Álvarez",1,0,"Colección Dusmet",0,NA,NA,NA,"Piluca Alvarez Fidalgo and MNCN",NA,NA
"Hylaeus","Prosopis","variegatus",NA,"España","Madrid","Madrid",NA,NA,NA,NA,NA,NA,NA,NA,"Dusmet","P. Álvarez",1,0,"Colección Dusmet",0,NA,NA,NA,"Piluca Alvarez Fidalgo and MNCN",NA,NA
"Hylaeus","Prosopis","variegatus",NA,"España","Zaragoza","Tiermas",NA,NA,NA,NA,NA,NA,NA,NA,"Dusmet","P. Álvarez",1,0,"Colección Dusmet",0,NA,NA,NA,"Piluca Alvarez Fidalgo and MNCN",NA,NA
"Hylaeus","Prosopis","variegatus",NA,"España","Zaragoza","Tiermas",NA,NA,NA,NA,NA,NA,NA,NA,"Dusmet","P. Álvarez",1,0,"Colección Dusmet",0,NA,NA,NA,"Piluca Alvarez Fidalgo and MNCN",NA,NA
"Hylaeus","Prosopis","variegatus",NA,"España","Zaragoza","Tiermas",NA,NA,NA,NA,NA,NA,NA,NA,"Dusmet","P. Álvarez",0,1,"Colección Dusmet",0,NA,NA,NA,"Piluca Alvarez Fidalgo and MNCN",NA,NA
"Hylaeus","Prosopis","variegatus",NA,"España","Zaragoza","Tiermas",NA,NA,NA,NA,NA,NA,NA,NA,"Dusmet","P. Álvarez",0,1,"Colección Dusmet",0,NA,NA,NA,"Piluca Alvarez Fidalgo and MNCN",NA,NA
"Hylaeus","Prosopis","variegatus",NA,"España","Zaragoza","Tiermas",NA,NA,NA,NA,NA,NA,NA,NA,"Dusmet","P. Álvarez",0,1,"Colección Dusmet",0,NA,NA,NA,"Piluca Alvarez Fidalgo and MNCN",NA,NA
"Hylaeus","Prosopis","variegatus",NA,"España","Zaragoza","Ambel",NA,NA,NA,NA,NA,NA,NA,NA,"Dusmet","P. Álvarez",0,1,"Colección Dusmet",0,NA,NA,NA,"Piluca Alvarez Fidalgo and MNCN",NA,NA
"Hylaeus","Prosopis","variegatus",NA,"España","Zaragoza","Ambel",NA,NA,NA,NA,NA,NA,NA,NA,"Dusmet","P. Álvarez",0,1,"Colección Dusmet",0,NA,NA,NA,"Piluca Alvarez Fidalgo and MNCN",NA,NA
"Hylaeus","Prosopis","variegatus",NA,"España","Zaragoza","Tiermas",NA,NA,NA,NA,NA,NA,NA,NA,"sin datos","P. Álvarez",0,1,"Colección Cabrera",0,NA,NA,NA,"Piluca Alvarez Fidalgo and MNCN",NA,NA
"Hylaeus","Prosopis","variegatus",NA,"España","Zaragoza","Tiermas",NA,NA,NA,NA,NA,NA,NA,NA,"sin datos","P. Álvarez",1,0,"Colección Cabrera",0,NA,NA,NA,"Piluca Alvarez Fidalgo and MNCN",NA,NA
"Hylaeus","Prosopis","variegatus",NA,"España","Madrid","Rivas-Vaciamadrid",NA,NA,NA,NA,NA,NA,NA,NA,"Dusmet","P. Álvarez",1,0,"Colección Dusmet",0,NA,NA,NA,"Piluca Alvarez Fidalgo and MNCN",NA,NA
"Hylaeus","Prosopis","variegatus",NA,"España","Madrid","Rivas-Vaciamadrid",NA,NA,NA,NA,NA,NA,NA,NA,"Dusmet","P. Álvarez",0,1,"Colección Dusmet",0,NA,NA,NA,"Piluca Alvarez Fidalgo and MNCN",NA,NA
"Hylaeus","Prosopis","variegatus",NA,"España","Madrid","Rivas-Vaciamadrid",NA,NA,NA,NA,NA,NA,NA,NA,"Dusmet","P. Álvarez",0,1,"Colección Dusmet",0,NA,NA,NA,"Piluca Alvarez Fidalgo and MNCN",NA,NA
"Hylaeus","Prosopis","variegatus",NA,"España","Madrid","Rivas-Vaciamadrid",NA,NA,NA,NA,NA,NA,NA,NA,"Dusmet","P. Álvarez",0,1,"Colección Dusmet",0,NA,NA,NA,"Piluca Alvarez Fidalgo and MNCN",NA,NA
"Hylaeus","Prosopis","variegatus",NA,"España","Madrid","Rivas-Vaciamadrid",NA,NA,NA,NA,NA,NA,NA,NA,"Dusmet","P. Álvarez",0,1,"Colección Dusmet",0,NA,NA,NA,"Piluca Alvarez Fidalgo and MNCN",NA,NA
"Hylaeus","Prosopis","variegatus",NA,"España","Madrid","Rivas-Vaciamadrid",NA,NA,NA,NA,NA,NA,NA,NA,"Dusmet","P. Álvarez",0,1,"",0,NA,NA,NA,"Piluca Alvarez Fidalgo and MNCN",NA,NA
"Hylaeus","Prosopis","variegatus",NA,"España","Madrid","Arganda",NA,NA,NA,NA,NA,NA,NA,NA,"Dusmet","P. Álvarez",0,1,"Colección Dusmet",0,NA,NA,NA,"Piluca Alvarez Fidalgo and MNCN",NA,NA
"Hylaeus","Prosopis","variegatus",NA,"España","Madrid","Arganda",NA,NA,NA,NA,NA,NA,NA,NA,"Dusmet","P. Álvarez",1,0,"Colección Dusmet",0,NA,NA,NA,"Piluca Alvarez Fidalgo and MNCN",NA,NA
"Hylaeus","Prosopis","variegatus",NA,"España","Madrid","Rivas-Vaciamadrid",NA,NA,NA,NA,NA,NA,NA,NA,"Dusmet","P. Álvarez",1,0,"Colección Dusmet",0,NA,NA,NA,"Piluca Alvarez Fidalgo and MNCN",NA,NA
"Hylaeus","Prosopis","variegatus",NA,"España","Madrid","Rivas-Vaciamadrid",NA,NA,NA,NA,NA,NA,NA,NA,"Dusmet","P. Álvarez",1,0,"Colección Dusmet",0,NA,NA,NA,"Piluca Alvarez Fidalgo and MNCN",NA,NA
"Hylaeus","Prosopis","variegatus",NA,"España","Madrid","Rivas-Vaciamadrid",NA,NA,NA,NA,NA,NA,NA,NA,"Dusmet","P. Álvarez",1,0,"Colección Dusmet",0,NA,NA,NA,"Piluca Alvarez Fidalgo and MNCN",NA,NA
"Hylaeus","Prosopis","variegatus",NA,"España","Madrid","Rivas-Vaciamadrid",NA,NA,NA,NA,NA,NA,NA,NA,"Dusmet","P. Álvarez",1,0,"Colección Dusmet",0,NA,NA,NA,"Piluca Alvarez Fidalgo and MNCN",NA,NA
"Hylaeus","Prosopis","variegatus",NA,"España","Madrid","Rivas-Vaciamadrid",NA,NA,NA,NA,NA,NA,NA,NA,"Dusmet","P. Álvarez",1,0,"Colección Dusmet",0,NA,NA,NA,"Piluca Alvarez Fidalgo and MNCN",NA,NA
"Hylaeus","Prosopis","variegatus",NA,"España","Madrid","Rivas-Vaciamadrid",NA,NA,NA,NA,NA,NA,NA,NA,"sin datos","P. Álvarez",1,0,"Colección Cabrera",0,NA,NA,NA,"Piluca Alvarez Fidalgo and MNCN",NA,NA
"Hylaeus","Prosopis","variegatus",NA,"España","Madrid","Rivas-Vaciamadrid",NA,NA,NA,NA,NA,NA,NA,NA,"sin datos","P. Álvarez",1,0,"Colección Cabrera",0,NA,NA,NA,"Piluca Alvarez Fidalgo and MNCN",NA,NA
"Hylaeus","Prosopis","variegatus",NA,"España","Madrid","Aranjuez",NA,NA,NA,NA,NA,NA,NA,NA,"[Mercet]","P. Álvarez",1,0,"Colección Gª Mercet",0,NA,NA,NA,"Piluca Alvarez Fidalgo and MNCN",NA,NA
"Hylaeus","Prosopis","variegatus",NA,"España","Madrid","Aranjuez",NA,NA,NA,NA,NA,NA,NA,NA,"Mercet","P. Álvarez",1,0,"Colección Cabrera",0,NA,NA,NA,"Piluca Alvarez Fidalgo and MNCN",NA,NA
"Hylaeus","Prosopis","variegatus",NA,"España","Madrid","Madrid",NA,NA,NA,NA,NA,NA,NA,NA,"Dusmet","P. Álvarez",1,0,"Colección Dusmet",0,NA,NA,NA,"Piluca Alvarez Fidalgo and MNCN",NA,NA
"Hylaeus","Prosopis","variegatus",NA,"España","Madrid","Colmenar",NA,NA,NA,NA,NA,NA,NA,NA,"Dusmet","P. Álvarez",1,0,"Colección Dusmet",0,NA,NA,NA,"Piluca Alvarez Fidalgo and MNCN",NA,NA
"Hylaeus","Prosopis","variegatus",NA,"España","Madrid","Galapagar",NA,NA,NA,NA,NA,NA,NA,NA,"Dusmet","P. Álvarez",1,0,"Colección Dusmet",0,NA,NA,NA,"Piluca Alvarez Fidalgo and MNCN",NA,NA
"Hylaeus","Prosopis","variegatus",NA,"España","Madrid","Galapagar",NA,NA,NA,NA,NA,NA,NA,NA,"Dusmet","P. Álvarez",1,0,"Colección Dusmet",0,NA,NA,NA,"Piluca Alvarez Fidalgo and MNCN",NA,NA
"Hylaeus","Prosopis","variegatus",NA,"España","Madrid","Galapagar",NA,NA,NA,NA,NA,NA,NA,NA,"Dusmet","P. Álvarez",0,1,"Colección Dusmet",0,NA,NA,NA,"Piluca Alvarez Fidalgo and MNCN",NA,NA
"Hylaeus","Prosopis","variegatus",NA,"España","Madrid","San Lorenzo de El Escorial",NA,NA,NA,NA,NA,NA,NA,NA,"J. Dusmet","P. Álvarez",1,0,"Colección Dusmet",0,NA,NA,NA,"Piluca Alvarez Fidalgo and MNCN",NA,NA
"Hylaeus","Prosopis","variegatus",NA,"España","Madrid","San Lorenzo de El Escorial",NA,NA,NA,NA,NA,NA,NA,NA,"J. Dusmet","P. Álvarez",1,0,"Colección Dusmet",0,NA,NA,NA,"Piluca Alvarez Fidalgo and MNCN",NA,NA
"Hylaeus","Prosopis","variegatus",NA,"España","Madrid","San Lorenzo de El Escorial",NA,NA,NA,NA,NA,NA,NA,NA,"J. Dusmet","P. Álvarez",0,1,"Colección Dusmet",0,NA,NA,NA,"Piluca Alvarez Fidalgo and MNCN",NA,NA
"Hylaeus","Prosopis","variegatus",NA,"España","Madrid","San Lorenzo de El Escorial",NA,NA,NA,NA,NA,NA,NA,NA,"J. Dusmet","P. Álvarez",0,1,"Colección Dusmet",0,NA,NA,NA,"Piluca Alvarez Fidalgo and MNCN",NA,NA
"Hylaeus","Prosopis","variegatus",NA,"España","Madrid","San Lorenzo de El Escorial",NA,NA,NA,NA,NA,NA,NA,NA,"G. Mercet","P. Álvarez",0,1,"Colección Gª Mercet",0,NA,NA,NA,"Piluca Alvarez Fidalgo and MNCN",NA,NA
"Hylaeus","Prosopis","variegatus",NA,"España","Madrid","San Lorenzo de El Escorial",NA,NA,NA,NA,NA,NA,NA,NA,"G. Mercet","P. Álvarez",0,1,"Colección Gª Mercet",0,NA,NA,NA,"Piluca Alvarez Fidalgo and MNCN",NA,NA
"Hylaeus","Prosopis","variegatus",NA,"España","Madrid","Madrid, El Pardo",NA,NA,NA,NA,NA,NA,NA,NA,"sin datos","P. Álvarez",0,1,"Colección Cabrera",0,NA,NA,NA,"Piluca Alvarez Fidalgo and MNCN",NA,NA
"Hylaeus","Prosopis","variegatus",NA,"España","Madrid","Madrid, El Pardo",NA,NA,NA,NA,NA,NA,NA,NA,"Dusmet","P. Álvarez",0,1,"Colección Dusmet",0,NA,NA,NA,"Piluca Alvarez Fidalgo and MNCN",NA,NA
"Hylaeus","Prosopis","variegatus",NA,"España","Salamanca","Salamanca",NA,NA,NA,NA,NA,NA,NA,NA,"Dusmet","P. Álvarez",0,1,"Colección Dusmet",0,NA,NA,NA,"Piluca Alvarez Fidalgo and MNCN",NA,NA
"Hylaeus","Prosopis","variegatus",NA,"España","Salamanca","Salamanca",NA,NA,NA,NA,NA,NA,NA,NA,"Dusmet","P. Álvarez",0,1,"Colección Dusmet",0,NA,NA,NA,"Piluca Alvarez Fidalgo and MNCN",NA,NA
"Hylaeus","Prosopis","variegatus",NA,"España","Alicante","Orihuela",NA,NA,NA,NA,NA,NA,NA,NA,"Andréu","P. Álvarez",0,1,"Colección Dusmet",0,NA,NA,NA,"Piluca Alvarez Fidalgo and MNCN",NA,NA
"Hylaeus","Prosopis","variegatus",NA,"España","Albacete","Nerpio",NA,NA,NA,NA,NA,NA,NA,NA,"Andreu","P. Álvarez",0,1,"",0,NA,NA,NA,"Piluca Alvarez Fidalgo and MNCN",NA,NA
"Hylaeus","Prosopis","variegatus",NA,"España","Albacete","Nerpio",NA,NA,NA,NA,NA,NA,NA,NA,"Andreu","P. Álvarez",0,1,"",0,NA,NA,NA,"Piluca Alvarez Fidalgo and MNCN",NA,NA
"Hylaeus","Prosopis","variegatus",NA,"España","Murcia","Murcia",NA,NA,NA,NA,NA,NA,NA,NA,"Andreu","P. Álvarez",0,1,"",0,NA,NA,NA,"Piluca Alvarez Fidalgo and MNCN",NA,NA
"Hylaeus","Prosopis","variegatus",NA,"España","Murcia","Abanilla",NA,NA,NA,NA,NA,NA,NA,NA,"Andreu","P. Álvarez",1,0,"",0,NA,NA,NA,"Piluca Alvarez Fidalgo and MNCN",NA,NA
"Hylaeus","Prosopis","variegatus",NA,"España","Guipuzcoa","Ormáiztegui",NA,NA,NA,NA,NA,NA,NA,NA,"Dusmet","P. Álvarez",1,0,"Colección Dusmet",0,NA,NA,NA,"Piluca Alvarez Fidalgo and MNCN",NA,NA
"Heriades","Heriades","crenulata",NA,"España","Madrid","Rivas-Vaciamadrid",NA,NA,NA,NA,NA,NA,NA,NA,"sin datos","P. Álvarez",1,0,"Colección Cabrera",0,NA,NA,NA,"Piluca Alvarez Fidalgo and MNCN",NA,NA
"Heriades","Heriades","crenulata",NA,"España","Madrid","Rivas-Vaciamadrid",NA,NA,NA,NA,NA,NA,NA,NA,"sin datos","P. Álvarez",1,0,"Colección Cabrera",0,NA,NA,NA,"Piluca Alvarez Fidalgo and MNCN",NA,NA
"Heriades","Heriades","rubicola",NA,"España","Granada","Lanjarón",NA,NA,NA,NA,NA,NA,NA,NA,"sin datos","P. Álvarez",1,0,"",0,NA,NA,NA,"Piluca Alvarez Fidalgo and MNCN",NA,NA
"Andrena","Graecandrena","verticalis",NA,"España","Madrid","Aranjuez",NA,NA,NA,NA,NA,NA,NA,NA,"G. Mercet","P. Álvarez",0,1,"Colección Cabrera",0,NA,NA,NA,"Piluca Alvarez Fidalgo and MNCN",NA,NA
"Hylaeus","Prosopis","coriaceus",NA,"España","Madrid","Madrid, El Pardo",NA,NA,NA,NA,NA,NA,NA,NA,"I. Izquierdo","P. Álvarez",0,1,"",0,NA,NA,NA,"Piluca Alvarez Fidalgo and MNCN",NA,NA
"Hylaeus","Prosopis","coriaceus",NA,"España","Madrid","Madrid, El Pardo",NA,NA,NA,NA,NA,NA,NA,NA,"I. Izquierdo","P. Álvarez",0,1,"",0,NA,NA,NA,"Piluca Alvarez Fidalgo and MNCN",NA,NA
"Hylaeus","Prosopis","coriaceus",NA,"España","Madrid","Madrid, El Pardo",NA,NA,NA,NA,NA,NA,NA,NA,"L. Hinojosa","P. Álvarez",0,1,"",0,NA,NA,NA,"Piluca Alvarez Fidalgo and MNCN",NA,NA
"Hylaeus","Prosopis","coriaceus",NA,"España","Madrid","Madrid, El Pardo",NA,NA,NA,NA,NA,NA,NA,NA,"I. Izquierdo","P. Álvarez",0,1,"",0,NA,NA,NA,"Piluca Alvarez Fidalgo and MNCN",NA,NA
"Hylaeus","Prosopis","coriaceus",NA,"España","Madrid","Montejo de la Sierra",NA,NA,NA,NA,NA,NA,NA,NA,"V. Llorente","P. Álvarez",1,0,"",0,NA,NA,NA,"Piluca Alvarez Fidalgo and MNCN",NA,NA
"Hylaeus","Prosopis","coriaceus",NA,"España","Madrid","Los Molinos",NA,NA,NA,NA,NA,NA,NA,NA,"C. Vargas","P. Álvarez",1,0,"",0,NA,NA,NA,"Piluca Alvarez Fidalgo and MNCN",NA,NA
"Hylaeus","Prosopis","coriaceus",NA,"España","Madrid","Prádena del Rincón",NA,NA,NA,NA,NA,NA,NA,NA,"V. Llorente","P. Álvarez",1,0,"",0,NA,NA,NA,"Piluca Alvarez Fidalgo and MNCN",NA,NA
"Hylaeus","Prosopis","coriaceus",NA,"España","Madrid","Madrid",NA,NA,NA,NA,NA,NA,NA,NA,"G. Mercet","P. Álvarez",0,1,"Colección Gª Mercet",0,NA,NA,NA,"Piluca Alvarez Fidalgo and MNCN",NA,NA
"Hylaeus","Prosopis","coriaceus",NA,"España","Madrid","Hoyo",NA,NA,NA,NA,NA,NA,NA,NA,"Dusmet","P. Álvarez",0,1,"Colección Dusmet",0,NA,NA,NA,"Piluca Alvarez Fidalgo and MNCN",NA,NA
"Hylaeus","Prosopis","coriaceus",NA,"España","Madrid","Rivas-Vaciamadrid",NA,NA,NA,NA,NA,NA,NA,NA,"J.I. López-Colón","P. Álvarez",0,1,"Colección Gª Mercet",0,NA,NA,NA,"Piluca Alvarez Fidalgo and MNCN",NA,NA
"Hylaeus","Dentigera","pilosulus",NA,"España","Granada","Alhama de Granada",NA,NA,NA,NA,NA,NA,NA,NA,"J. Dusmet","P. Álvarez",1,0,"Colección Dusmet",0,NA,NA,NA,"Piluca Alvarez Fidalgo and MNCN",NA,NA
"Hylaeus","Hylaeus","nigritus",NA,"España","Madrid","Cercedilla",NA,NA,NA,NA,NA,NA,NA,NA,"Mercet","P. Álvarez",0,1,"Colección Gª Mercet",0,NA,NA,NA,"Piluca Alvarez Fidalgo and MNCN",NA,NA
"Anthidium","Anthidium","manicatum",NA,"España","Asturias","Vega del Rey",NA,NA,NA,NA,NA,NA,NA,NA,"F. Fresno","P. Álvarez",1,0,"",0,NA,NA,NA,"Piluca Alvarez Fidalgo and MNCN",NA,NA
"Anthidium","Anthidium","manicatum",NA,"España","Asturias","Vega del Rey",NA,NA,NA,NA,NA,NA,NA,NA,"F. Fresno","P. Álvarez",0,1,"",0,NA,NA,NA,"Piluca Alvarez Fidalgo and MNCN",NA,NA
"Megachile","Megachile","versicolor",NA,"España","Asturias","Vega del Rey",NA,NA,NA,NA,NA,NA,NA,NA,"F. Fresno","P. Álvarez",0,1,"",0,NA,NA,NA,"Piluca Alvarez Fidalgo and MNCN",NA,NA
"Hylaeus","Dentigera","imparilis",NA,"España","Asturias","Vega del Rey",NA,NA,NA,NA,NA,NA,NA,NA,"F. Fresno","P. Álvarez",0,1,"",0,NA,NA,NA,"Piluca Alvarez Fidalgo and MNCN",NA,NA
"Hylaeus","Dentigera","imparilis",NA,"España","Asturias","Vega del Rey",NA,NA,NA,NA,NA,NA,NA,NA,"F. Fresno","P. Álvarez",0,1,"",0,NA,NA,NA,"Piluca Alvarez Fidalgo and MNCN",NA,NA
"Hylaeus","Dentigera","imparilis",NA,"España","Asturias","Vega del Rey",NA,NA,NA,NA,NA,NA,NA,NA,"F. Fresno","P. Álvarez",0,1,"",0,NA,NA,NA,"Piluca Alvarez Fidalgo and MNCN",NA,NA
"Hylaeus","Dentigera","imparilis",NA,"España","Asturias","Vega del Rey",NA,NA,NA,NA,NA,NA,NA,NA,"F. Fresno","P. Álvarez",0,1,"",0,NA,NA,NA,"Piluca Alvarez Fidalgo and MNCN",NA,NA
"Hylaeus","Paraprosopis","clypearis",NA,"España","Madrid","San Lorenzo de El Escorial",NA,NA,NA,NA,NA,NA,NA,NA,"Dusmet","P. Álvarez",0,1,"Colección Dusmet",0,NA,NA,NA,"Piluca Alvarez Fidalgo and MNCN",NA,NA
"Megachile","Xanthosarus","lagopoda",NA,"España","Madrid","Buitrago del Lozoya",NA,NA,NA,NA,NA,NA,NA,NA,"F. Fresno","P. Álvarez",0,1,"ex. Colección F. Fresno",0,NA,NA,NA,"Piluca Alvarez Fidalgo and MNCN",NA,NA
"Megachile","Xanthosarus","lagopoda",NA,"España","Madrid","Buitrago del Lozoya",NA,NA,NA,NA,NA,NA,NA,NA,"F. Fresno","P. Álvarez",0,1,"ex. Colección F. Fresno",0,NA,NA,NA,"Piluca Alvarez Fidalgo and MNCN",NA,NA
"Rhodanthidium","Rhodanthidium","sticticum",NA,"España","Murcia","Santomera",NA,NA,NA,NA,NA,NA,NA,NA,"F. Fresno","P. Álvarez",0,1,"ex. Colección F. Fresno",0,NA,NA,NA,"Piluca Alvarez Fidalgo and MNCN",NA,NA
"Rhodanthidium","Rhodanthidium","sticticum",NA,"España","Málaga","Mijas",NA,NA,NA,NA,NA,NA,NA,NA,"F. Fresno","P. Álvarez",0,1,"ex. Colección F. Fresno",0,NA,NA,NA,"Piluca Alvarez Fidalgo and MNCN",NA,NA
"Rhodanthidium","Rhodanthidium","sticticum",NA,"España","Málaga","Mijas",NA,NA,NA,NA,NA,NA,NA,NA,"F. Fresno","P. Álvarez",1,0,"ex. Colección F. Fresno",0,NA,NA,NA,"Piluca Alvarez Fidalgo and MNCN",NA,NA
"Rhodanthidium","Rhodanthidium","sticticum",NA,"España","Málaga","Mijas",NA,NA,NA,NA,NA,NA,NA,NA,"F. Fresno","P. Álvarez",1,0,"ex. Colección F. Fresno",0,NA,NA,NA,"Piluca Alvarez Fidalgo and MNCN",NA,NA
"Rhodanthidium","Rhodanthidium","sticticum",NA,"España","Málaga","Igualeja",NA,NA,NA,NA,NA,NA,NA,NA,"F. Fresno","P. Álvarez",1,0,"ex. Colección F. Fresno",0,NA,NA,NA,"Piluca Alvarez Fidalgo and MNCN",NA,NA
"Rhodanthidium","Rhodanthidium","sticticum",NA,"España","Málaga","Igualeja",NA,NA,NA,NA,NA,NA,NA,NA,"F. Fresno","P. Álvarez",0,1,"ex. Colección F. Fresno",0,NA,NA,NA,"Piluca Alvarez Fidalgo and MNCN",NA,NA
"Rhodanthidium","Rhodanthidium","sticticum",NA,"España","Málaga","Igualeja",NA,NA,NA,NA,NA,NA,NA,NA,"F. Fresno","P. Álvarez",0,1,"ex. Colección F. Fresno",0,NA,NA,NA,"Piluca Alvarez Fidalgo and MNCN",NA,NA
"Rhodanthidium","Rhodanthidium","sticticum",NA,"España","Alicante","Muchamiel",NA,NA,NA,NA,NA,NA,NA,NA,"F. Fresno","P. Álvarez",0,1,"ex. Colección F. Fresno",0,NA,NA,NA,"Piluca Alvarez Fidalgo and MNCN",NA,NA
"Rhodanthidium","Rhodanthidium","sticticum",NA,"España","Alicante","Alcoy",NA,NA,NA,NA,NA,NA,NA,NA,"F. Fresno","P. Álvarez",0,1,"ex. Colección F. Fresno",0,NA,NA,NA,"Piluca Alvarez Fidalgo and MNCN",NA,NA
"Rhodanthidium","Rhodanthidium","sticticum",NA,"España","Alicante","Alicante, Campoamor",NA,NA,NA,NA,NA,NA,NA,NA,"F. Fresno","P. Álvarez",0,1,"ex. Colección F. Fresno",0,NA,NA,NA,"Piluca Alvarez Fidalgo and MNCN",NA,NA
"Rhodanthidium","Rhodanthidium","sticticum",NA,"España","Alicante","Alicante, El Bacarot",NA,NA,NA,NA,NA,NA,NA,NA,"F. Fresno","P. Álvarez",0,1,"ex. Colección F. Fresno",0,NA,NA,NA,"Piluca Alvarez Fidalgo and MNCN",NA,NA
"Rhodanthidium","Rhodanthidium","sticticum",NA,"España","Alicante","Alicante, El Bacarot",NA,NA,NA,NA,NA,NA,NA,NA,"F. Fresno","P. Álvarez",0,1,"ex. Colección F. Fresno",0,NA,NA,NA,"Piluca Alvarez Fidalgo and MNCN",NA,NA
"Rhodanthidium","Rhodanthidium","sticticum",NA,"España","Alicante","Alicante, El Bacarot",NA,NA,NA,NA,NA,NA,NA,NA,"F. Fresno","P. Álvarez",0,1,"ex. Colección F. Fresno",0,NA,NA,NA,"Piluca Alvarez Fidalgo and MNCN",NA,NA
"Rhodanthidium","Rhodanthidium","sticticum",NA,"España","Alicante","Gorga",NA,NA,NA,NA,NA,NA,NA,NA,"F. Fresno","P. Álvarez",0,1,"ex. Colección F. Fresno",0,NA,NA,NA,"Piluca Alvarez Fidalgo and MNCN",NA,NA
"Rhodanthidium","Rhodanthidium","sticticum",NA,"España","Alicante","Gorga",NA,NA,NA,NA,NA,NA,NA,NA,"F. Fresno","P. Álvarez",1,0,"ex. Colección F. Fresno",0,NA,NA,NA,"Piluca Alvarez Fidalgo and MNCN",NA,NA
"Heriades","Heriades","truncorum",NA,"España","Segovia","Aldealengua de Santa María",NA,NA,NA,NA,NA,NA,NA,NA,"F. Fresno","P. Álvarez",1,0,"ex. Colección F. Fresno",0,NA,NA,NA,"Piluca Alvarez Fidalgo and MNCN",NA,NA
"Heriades","Heriades","rubicola",NA,"España","Madrid","Titulcia",NA,NA,NA,NA,NA,NA,NA,NA,"F. Fresno","P. Álvarez",1,0,"ex. Colección F. Fresno",0,NA,NA,NA,"Piluca Alvarez Fidalgo and MNCN",NA,NA
"Heriades","Heriades","rubicola",NA,"España","Madrid","Campo Real",NA,NA,NA,NA,NA,NA,NA,NA,"F. Fresno","P. Álvarez",1,0,"ex. Colección F. Fresno",0,NA,NA,NA,"Piluca Alvarez Fidalgo and MNCN",NA,NA
"Andrena","Graecandrena","verticalis",NA,"España","Madrid","Villarejo de Salvanés",NA,NA,NA,NA,NA,NA,NA,NA,"F. Fresno","P. Álvarez",1,0,"ex. Colección F. Fresno",0,NA,NA,NA,"Piluca Alvarez Fidalgo and MNCN",NA,NA
"Andrena","Graecandrena","verticalis",NA,"España","Madrid","Villarejo de Salvanés",NA,NA,NA,NA,NA,NA,NA,NA,"F. Fresno","P. Álvarez",0,1,"ex. Colección F. Fresno",0,NA,NA,NA,"Piluca Alvarez Fidalgo and MNCN",NA,NA
"Andrena","Graecandrena","verticalis",NA,"España","Madrid","Villarejo de Salvanés",NA,NA,NA,NA,NA,NA,NA,NA,"F. Fresno","P. Álvarez",0,1,"ex. Colección F. Fresno",0,NA,NA,NA,"Piluca Alvarez Fidalgo and MNCN",NA,NA
"Andrena","Graecandrena","verticalis",NA,"España","Madrid","Valderacete",NA,NA,NA,NA,NA,NA,NA,NA,"F. Fresno","P. Álvarez",0,1,"ex. Colección F. Fresno",0,NA,NA,NA,"Piluca Alvarez Fidalgo and MNCN",NA,NA
"Andrena","Graecandrena","verticalis",NA,"España","Madrid","Valderacete",NA,NA,NA,NA,NA,NA,NA,NA,"F. Fresno","P. Álvarez",0,1,"ex. Colección F. Fresno",0,NA,NA,NA,"Piluca Alvarez Fidalgo and MNCN",NA,NA
"Andrena","Graecandrena","verticalis",NA,"España","Madrid","Titulcia",NA,NA,NA,NA,NA,NA,NA,NA,"F. Fresno","P. Álvarez",0,1,"ex. Colección F. Fresno",0,NA,NA,NA,"Piluca Alvarez Fidalgo and MNCN",NA,NA
"Hylaeus","Prosopis","pictus",NA,"España","Madrid","Madrid",NA,NA,NA,NA,NA,NA,NA,NA,"G. Giménez","P. Álvarez",0,1,"",0,NA,NA,NA,"Piluca Alvarez Fidalgo and MNCN",NA,NA
"Heriades","Heriades","crenulata",NA,"España","Madrid","Madrid",NA,NA,NA,NA,NA,NA,NA,NA,"G. Mercet","P. Álvarez",0,1,"Colección Gª Mercet",0,NA,NA,NA,"Piluca Alvarez Fidalgo and MNCN",NA,NA
"Heriades","Heriades","crenulata",NA,"España","Madrid","Tres Cantos, Soto de Vieñuelas",NA,NA,NA,NA,NA,NA,NA,NA,"Llorente","P. Álvarez",0,1,"",0,NA,NA,NA,"Piluca Alvarez Fidalgo and MNCN",NA,NA
"Heriades","Heriades","crenulata",NA,"España","Madrid","San Lorenzo de El Escorial, Monte Abantos",NA,NA,NA,NA,NA,NA,NA,NA,"C. Rey","P. Álvarez",0,1,"ex. Col. C. Rey",0,NA,NA,NA,"Piluca Alvarez Fidalgo and MNCN",NA,NA
"Heriades","Heriades","crenulata",NA,"España","Madrid","San Lorenzo de El Escorial, Fuente Teja",NA,NA,NA,NA,NA,NA,NA,NA,"sin datos","P. Álvarez",1,0,"",0,NA,NA,NA,"Piluca Alvarez Fidalgo and MNCN",NA,NA
"Heriades","Heriades","crenulata",NA,"España","Madrid","Madrid, El Pardo",NA,NA,NA,NA,NA,NA,NA,NA,"F. Fresno","P. Álvarez",1,0,"ex. Colección F. Fresno",0,NA,NA,NA,"Piluca Alvarez Fidalgo and MNCN",NA,NA
"Heriades","Heriades","crenulata",NA,"España","Soria","Espejón",NA,NA,NA,NA,NA,NA,NA,NA,"F. Fresno","P. Álvarez",1,0,"ex. Colección F. Fresno",0,NA,NA,NA,"Piluca Alvarez Fidalgo and MNCN",NA,NA
"Heriades","Heriades","crenulata",NA,"España","Ávila","Arévalo",NA,NA,NA,NA,NA,NA,NA,NA,"F. Fresno","P. Álvarez",1,0,"ex. Colección F. Fresno",0,NA,NA,NA,"Piluca Alvarez Fidalgo and MNCN",NA,NA
"Heriades","Heriades","crenulata",NA,"España","Ávila","Arévalo",NA,NA,NA,NA,NA,NA,NA,NA,"F. Fresno","P. Álvarez",0,1,"ex. Colección F. Fresno",0,NA,NA,NA,"Piluca Alvarez Fidalgo and MNCN",NA,NA
"Heriades","Heriades","crenulata",NA,"España","Segovia","Lastras de Cuéllar",NA,NA,NA,NA,NA,NA,NA,NA,"F. Fresno","P. Álvarez",0,1,"ex. Colección F. Fresno",0,NA,NA,NA,"Piluca Alvarez Fidalgo and MNCN",NA,NA
"Heriades","Heriades","crenulata",NA,"España","Zaragoza","Zaragoza",NA,NA,NA,NA,NA,NA,NA,NA,"sin datos","P. Álvarez",1,0,"",0,NA,NA,NA,"Piluca Alvarez Fidalgo and MNCN",NA,NA
"Heriades","Heriades","crenulata",NA,"España","Huesca","Boltaña",NA,NA,NA,NA,NA,NA,NA,NA,"[Navás]","P. Álvarez",0,1,"Colección Dusmet",0,NA,NA,NA,"Piluca Alvarez Fidalgo and MNCN",NA,NA
"Heriades","Heriades","crenulata",NA,"España","Huesca","Barbastro",NA,NA,NA,NA,NA,NA,NA,NA,"Dusmet","P. Álvarez",0,1,"Colección Dusmet",0,NA,NA,NA,"Piluca Alvarez Fidalgo and MNCN",NA,NA
"Heriades","Heriades","crenulata",NA,"España","Granada","Puebla de Don Fadrique",NA,NA,NA,NA,NA,NA,NA,NA,"Andreu","P. Álvarez",0,1,"",0,NA,NA,NA,"Piluca Alvarez Fidalgo and MNCN",NA,NA
"Heriades","Heriades","crenulata",NA,"España","Segovia","Coca",NA,NA,NA,NA,NA,NA,NA,NA,"C. Vargas","P. Álvarez",0,1,"",0,NA,NA,NA,"Piluca Alvarez Fidalgo and MNCN",NA,NA
"Heriades","Heriades","crenulata",NA,"España","Segovia","San Rafael",NA,NA,NA,NA,NA,NA,NA,NA,"Mercet","P. Álvarez",0,1,"Colección Gª Mercet",0,NA,NA,NA,"Piluca Alvarez Fidalgo and MNCN",NA,NA
"Heriades","Heriades","crenulata",NA,"España","Segovia","San Rafael",NA,NA,NA,NA,NA,NA,NA,NA,"sin datos","P. Álvarez",0,1,"",0,NA,NA,NA,"Piluca Alvarez Fidalgo and MNCN",NA,NA
"Heriades","Heriades","crenulata",NA,"España","Almería","Vera",NA,NA,NA,NA,NA,NA,NA,NA,"Dusmet","P. Álvarez",1,0,"Colección Dusmet",0,NA,NA,NA,"Piluca Alvarez Fidalgo and MNCN",NA,NA
"Heriades","Heriades","crenulata",NA,"España","Alicante","Albatera",NA,NA,NA,NA,NA,NA,NA,NA,"sin datos","P. Álvarez",1,0,"Colección Cabrera",0,NA,NA,NA,"Piluca Alvarez Fidalgo and MNCN",NA,NA
"Heriades","Heriades","crenulata",NA,"España","Alicante","Pinoso",NA,NA,NA,NA,NA,NA,NA,NA,"[Andreu]","P. Álvarez",1,0,"",0,NA,NA,NA,"Piluca Alvarez Fidalgo and MNCN",NA,NA
"Heriades","Heriades","crenulata",NA,"España","Alicante","Orihuela",NA,NA,NA,NA,NA,NA,NA,NA,"sin datos","P. Álvarez",0,1,"",0,NA,NA,NA,"Piluca Alvarez Fidalgo and MNCN",NA,NA
"Heriades","Heriades","crenulata",NA,"España","Alicante","Orihuela",NA,NA,NA,NA,NA,NA,NA,NA,"Andréu","P. Álvarez",0,1,"Colección Dusmet",0,NA,NA,NA,"Piluca Alvarez Fidalgo and MNCN",NA,NA
"Heriades","Heriades","crenulata",NA,"España","Alicante","Los Montesinos",NA,NA,NA,NA,NA,NA,NA,NA,"Andréu","P. Álvarez",0,1,"",0,NA,NA,NA,"Piluca Alvarez Fidalgo and MNCN",NA,NA
"Heriades","Heriades","crenulata",NA,"España","Córdoba","Córdoba",NA,NA,NA,NA,NA,NA,NA,NA,"Andréu","P. Álvarez",1,0,"",0,NA,NA,NA,"Piluca Alvarez Fidalgo and MNCN",NA,NA
"Heriades","Heriades","crenulata",NA,"España","Albacete","Nerpio",NA,NA,NA,NA,NA,NA,NA,NA,"Andréu","P. Álvarez",0,1,"",0,NA,NA,NA,"Piluca Alvarez Fidalgo and MNCN",NA,NA
"Heriades","Heriades","crenulata",NA,"España","Cáceres","Hervás",NA,NA,NA,NA,NA,NA,NA,NA,"Dusmet","P. Álvarez",0,1,"",0,NA,NA,NA,"Piluca Alvarez Fidalgo and MNCN",NA,NA
"Heriades","Heriades","crenulata",NA,"España","Cáceres","Torquemada",NA,NA,NA,NA,NA,NA,NA,NA,"Gil Collado","P. Álvarez",0,1,"",0,NA,NA,NA,"Piluca Alvarez Fidalgo and MNCN",NA,NA
"Heriades","Heriades","crenulata",NA,"España","Murcia","Fortuna",NA,NA,NA,NA,NA,NA,NA,NA,"J. Dusmet","P. Álvarez",0,1,"Colección Dusmet",0,NA,NA,NA,"Piluca Alvarez Fidalgo and MNCN",NA,NA
"Heriades","Heriades","crenulata",NA,"España","Murcia","Archena",NA,NA,NA,NA,NA,NA,NA,NA,"J. Dusmet","P. Álvarez",0,1,"Colección Dusmet",0,NA,NA,NA,"Piluca Alvarez Fidalgo and MNCN",NA,NA
"Heriades","Heriades","crenulata",NA,"España","Tarragona","Poblet",NA,NA,NA,NA,NA,NA,NA,NA,"Dusmet","P. Álvarez",0,1,"Colección Dusmet",0,NA,NA,NA,"Piluca Alvarez Fidalgo and MNCN",NA,NA
"Heriades","Heriades","crenulata",NA,"España","Barcelona","Barcelona",NA,NA,NA,NA,NA,NA,NA,NA,"Antiga","P. Álvarez",0,1,"",0,NA,NA,NA,"Piluca Alvarez Fidalgo and MNCN",NA,NA
"Heriades","Heriades","crenulata",NA,"España","Barcelona","Barcelona",NA,NA,NA,NA,NA,NA,NA,NA,"sin colector","P. Álvarez",0,1,"",0,NA,NA,NA,"Piluca Alvarez Fidalgo and MNCN",NA,NA
"Heriades","Heriades","crenulata",NA,"España","Barcelona","Barcelona",NA,NA,NA,NA,NA,NA,NA,NA,"sin datos","P. Álvarez",1,0,"",0,NA,NA,NA,"Piluca Alvarez Fidalgo and MNCN",NA,NA
"Heriades","Heriades","crenulata",NA,"España","Barcelona","Barcelona",NA,NA,NA,NA,NA,NA,NA,NA,"sin datos","P. Álvarez",1,0,"",0,NA,NA,NA,"Piluca Alvarez Fidalgo and MNCN",NA,NA
"Heriades","Heriades","crenulata",NA,"España","Castellón","Castellón",NA,NA,NA,NA,NA,NA,NA,NA,"Dóls","P. Álvarez",1,0,"",0,NA,NA,NA,"Piluca Alvarez Fidalgo and MNCN",NA,NA
"Anthidium","Anthidium","florentinum",NA,"España","Madrid","Tres Cantos",NA,NA,NA,NA,NA,NA,NA,NA,"F. Fresno","P. Álvarez",1,0,"ex. Colección F. Fresno",0,NA,NA,NA,"Piluca Alvarez Fidalgo and MNCN",NA,NA
"Anthidium","Anthidium","florentinum",NA,"España","Madrid","Tres Cantos",NA,NA,NA,NA,NA,NA,NA,NA,"F. Fresno","P. Álvarez",1,0,"ex. Colección F. Fresno",0,NA,NA,NA,"Piluca Alvarez Fidalgo and MNCN",NA,NA
"Anthidium","Anthidium","florentinum",NA,"España","Madrid","Tres Cantos",NA,NA,NA,NA,NA,NA,NA,NA,"F. Fresno","P. Álvarez",1,0,"ex. Colección F. Fresno",0,NA,NA,NA,"Piluca Alvarez Fidalgo and MNCN",NA,NA
"Anthidium","Anthidium","florentinum",NA,"España","Madrid","Tres Cantos",NA,NA,NA,NA,NA,NA,NA,NA,"F. Fresno","P. Álvarez",1,0,"ex. Colección F. Fresno",0,NA,NA,NA,"Piluca Alvarez Fidalgo and MNCN",NA,NA
"Anthidium","Anthidium","florentinum",NA,"España","Madrid","Buitrago del Lozoya",NA,NA,NA,NA,NA,NA,NA,NA,"F. Fresno","P. Álvarez",0,1,"ex. Colección F. Fresno",0,NA,NA,NA,"Piluca Alvarez Fidalgo and MNCN",NA,NA
"Anthidium","Anthidium","florentinum",NA,"España","Madrid","Buitrago del Lozoya",NA,NA,NA,NA,NA,NA,NA,NA,"F. Fresno","P. Álvarez",1,0,"ex. Colección F. Fresno",0,NA,NA,NA,"Piluca Alvarez Fidalgo and MNCN",NA,NA
"Anthidium","Anthidium","florentinum",NA,"España","Madrid","Madrid, El Pardo",NA,NA,NA,NA,NA,NA,NA,NA,"F. Fresno","P. Álvarez",1,0,"ex. Colección F. Fresno",0,NA,NA,NA,"Piluca Alvarez Fidalgo and MNCN",NA,NA
"Anthidium","Anthidium","florentinum",NA,"España","Alicante","Alcoy",NA,NA,NA,NA,NA,NA,NA,NA,"F. Fresno","P. Álvarez",1,0,"ex. Colección F. Fresno",0,NA,NA,NA,"Piluca Alvarez Fidalgo and MNCN",NA,NA
"Anthidium","Anthidium","florentinum",NA,"España","Toledo","El Carpio de Tajo",NA,NA,NA,NA,NA,NA,NA,NA,"F. Fresno","P. Álvarez",1,0,"ex. Colección F. Fresno",0,NA,NA,NA,"Piluca Alvarez Fidalgo and MNCN",NA,NA
"Anthidium","Anthidium","florentinum",NA,"España","Málaga","Fuengirola",NA,NA,NA,NA,NA,NA,NA,NA,"F. Fresno","P. Álvarez",1,0,"ex. Colección F. Fresno",0,NA,NA,NA,"Piluca Alvarez Fidalgo and MNCN",NA,NA
"Anthidium","Anthidium","manicatum",NA,"España","Málaga","Estepona",NA,NA,NA,NA,NA,NA,NA,NA,"F. Fresno","P. Álvarez",1,0,"",0,NA,NA,NA,"Piluca Alvarez Fidalgo and MNCN",NA,NA
"Anthidium","Anthidium","manicatum",NA,"España","Málaga","Benalmádena",NA,NA,NA,NA,NA,NA,NA,NA,"F. Fresno","P. Álvarez",1,0,"",0,NA,NA,NA,"Piluca Alvarez Fidalgo and MNCN",NA,NA
"Anthidium","Anthidium","manicatum",NA,"España","Málaga","Fuengirola",NA,NA,NA,NA,NA,NA,NA,NA,"F. Fresno","P. Álvarez",1,0,"",0,NA,NA,NA,"Piluca Alvarez Fidalgo and MNCN",NA,NA
"Anthidium","Anthidium","manicatum",NA,"España","Málaga","Fuengirola",NA,NA,NA,NA,NA,NA,NA,NA,"F. Fresno","P. Álvarez",1,0,"",0,NA,NA,NA,"Piluca Alvarez Fidalgo and MNCN",NA,NA
"Anthidium","Anthidium","manicatum",NA,"España","Málaga","Fuengirola",NA,NA,NA,NA,NA,NA,NA,NA,"F. Fresno","P. Álvarez",0,1,"",0,NA,NA,NA,"Piluca Alvarez Fidalgo and MNCN",NA,NA
"Anthidium","Anthidium","manicatum",NA,"España","Alicante","Gorga",NA,NA,NA,NA,NA,NA,NA,NA,"F. Fresno","P. Álvarez",0,1,"",0,NA,NA,NA,"Piluca Alvarez Fidalgo and MNCN",NA,NA
"Anthidium","Anthidium","manicatum",NA,"España","Alicante","Buitrago del Lozoya",NA,NA,NA,NA,NA,NA,NA,NA,"F. Fresno","P. Álvarez",1,0,"",0,NA,NA,NA,"Piluca Alvarez Fidalgo and MNCN",NA,NA
"Anthidiellum","Anthidiellum","strigatum",NA,"España","Madrid","Madrid, El Pardo",NA,NA,NA,NA,NA,NA,NA,NA,"F. Fresno","P. Álvarez",0,1,"ex. Colección F. Fresno",0,NA,NA,NA,"Piluca Alvarez Fidalgo and MNCN",NA,NA
"Anthidiellum","Anthidiellum","strigatum",NA,"España","Madrid","Madrid, El Pardo",NA,NA,NA,NA,NA,NA,NA,NA,"F. Fresno","P. Álvarez",0,1,"ex. Colección F. Fresno",0,NA,NA,NA,"Piluca Alvarez Fidalgo and MNCN",NA,NA
"Anthidiellum","Anthidiellum","strigatum",NA,"España","Madrid","Tres Cantos",NA,NA,NA,NA,NA,NA,NA,NA,"F. Fresno","P. Álvarez",0,1,"ex. Colección F. Fresno",0,NA,NA,NA,"Piluca Alvarez Fidalgo and MNCN",NA,NA
"Anthidiellum","Anthidiellum","strigatum",NA,"España","Madrid","Tres Cantos",NA,NA,NA,NA,NA,NA,NA,NA,"F. Fresno","P. Álvarez",1,0,"ex. Colección F. Fresno",0,NA,NA,NA,"Piluca Alvarez Fidalgo and MNCN",NA,NA
"Anthidiellum","Anthidiellum","strigatum",NA,"España","Madrid","Aranjuez",NA,NA,NA,NA,NA,NA,NA,NA,"F. Fresno","P. Álvarez",1,0,"ex. Colección F. Fresno",0,NA,NA,NA,"Piluca Alvarez Fidalgo and MNCN",NA,NA
"Anthidiellum","Anthidiellum","strigatum",NA,"España","Alicante","Alcoy",NA,NA,NA,NA,NA,NA,NA,NA,"F. Fresno","P. Álvarez",0,1,"ex. Colección F. Fresno",0,NA,NA,NA,"Piluca Alvarez Fidalgo and MNCN",NA,NA
"Icteranthidium","","grohmanni",NA,"España","Madrid","Madrid, El Pardo",NA,NA,NA,NA,NA,NA,NA,NA,"F. Fresno","P. Álvarez",1,0,"ex. Colección F. Fresno",0,NA,NA,NA,"Piluca Alvarez Fidalgo and MNCN",NA,NA
"Icteranthidium","","grohmanni",NA,"España","Madrid","Madrid, El Pardo",NA,NA,NA,NA,NA,NA,NA,NA,"F. Fresno","P. Álvarez",1,0,"ex. Colección F. Fresno",0,NA,NA,NA,"Piluca Alvarez Fidalgo and MNCN",NA,NA
"Icteranthidium","","grohmanni",NA,"España","Madrid","Tres Cantos",NA,NA,NA,NA,NA,NA,NA,NA,"F. Fresno","P. Álvarez",0,1,"ex. Colección F. Fresno",0,NA,NA,NA,"Piluca Alvarez Fidalgo and MNCN",NA,NA
"Icteranthidium","","grohmanni",NA,"España","Madrid","Tres Cantos",NA,NA,NA,NA,NA,NA,NA,NA,"F. Fresno","P. Álvarez",0,1,"ex. Colección F. Fresno",0,NA,NA,NA,"Piluca Alvarez Fidalgo and MNCN",NA,NA
"Icteranthidium","","grohmanni",NA,"España","Madrid","Tres Cantos",NA,NA,NA,NA,NA,NA,NA,NA,"F. Fresno","P. Álvarez",1,0,"ex. Colección F. Fresno",0,NA,NA,NA,"Piluca Alvarez Fidalgo and MNCN",NA,NA
"Icteranthidium","","grohmanni",NA,"España","Madrid","Tres Cantos",NA,NA,NA,NA,NA,NA,NA,NA,"F. Fresno","P. Álvarez",1,0,"ex. Colección F. Fresno",0,NA,NA,NA,"Piluca Alvarez Fidalgo and MNCN",NA,NA
"Icteranthidium","","grohmanni",NA,"España","Alicante","Ibi",NA,NA,NA,NA,NA,NA,NA,NA,"F. Fresno","P. Álvarez",1,0,"ex. Colección F. Fresno",0,NA,NA,NA,"Piluca Alvarez Fidalgo and MNCN",NA,NA
"Trachusa","Paraanthidium","interrupta",NA,"España","Madrid","Cerceda",NA,NA,NA,NA,NA,NA,NA,NA,"F. Fresno","P. Álvarez",0,1,"ex. Colección F. Fresno",0,NA,NA,NA,"Piluca Alvarez Fidalgo and MNCN",NA,NA
"Trachusa","Paraanthidium","interrupta",NA,"España","Madrid","Buitrago del Lozoya",NA,NA,NA,NA,NA,NA,NA,NA,"F. Fresno","P. Álvarez",0,1,"ex. Colección F. Fresno",0,NA,NA,NA,"Piluca Alvarez Fidalgo and MNCN",NA,NA
"Trachusa","Paraanthidium","interrupta",NA,"España","Alicante","Villena",NA,NA,NA,NA,NA,NA,NA,NA,"F. Fresno","P. Álvarez",0,1,"ex. Colección F. Fresno",0,NA,NA,NA,"Piluca Alvarez Fidalgo and MNCN",NA,NA
"Pseudoanthidium","Royanthidium","reticulatum",NA,"España","Madrid","Madrid, El Pardo",NA,NA,NA,NA,NA,NA,NA,NA,"F. Fresno","P. Álvarez",1,0,"ex. Colección F. Fresno",0,NA,NA,NA,"Piluca Alvarez Fidalgo and MNCN",NA,NA
"Pseudoanthidium","Royanthidium","reticulatum",NA,"España","Soria","Espejón",NA,NA,NA,NA,NA,NA,NA,NA,"F. Fresno","P. Álvarez",1,0,"ex. Colección F. Fresno",0,NA,NA,NA,"Piluca Alvarez Fidalgo and MNCN",NA,NA
"Heriades","Heriades","rubicola",NA,"España","Madrid","Madrid",NA,NA,NA,NA,NA,NA,NA,NA,"G. Mercet","P. Álvarez",0,1,"Colección Gª Mercet",0,NA,NA,NA,"Piluca Alvarez Fidalgo and MNCN",NA,NA
"Heriades","Heriades","rubicola",NA,"España","Madrid","Madrid",NA,NA,NA,NA,NA,NA,NA,NA,"G. Mercet","P. Álvarez",0,1,"Colección Gª Mercet",0,NA,NA,NA,"Piluca Alvarez Fidalgo and MNCN",NA,NA
"Heriades","Heriades","rubicola",NA,"España","Madrid","Galapagar",NA,NA,NA,NA,NA,NA,NA,NA,"Dusmet","P. Álvarez",0,1,"Colección Dusmet",0,NA,NA,NA,"Piluca Alvarez Fidalgo and MNCN",NA,NA
"Heriades","Heriades","rubicola",NA,"España","Madrid","San Agustín de Guadalix",NA,NA,NA,NA,NA,NA,NA,NA,"F. Fresno","P. Álvarez",0,1,"ex. Colección F. Fresno",0,NA,NA,NA,"Piluca Alvarez Fidalgo and MNCN",NA,NA
"Heriades","Heriades","rubicola",NA,"España","Madrid","Cercedilla",NA,NA,NA,NA,NA,NA,NA,NA,"F. Fresno","P. Álvarez",0,1,"ex. Colección F. Fresno",0,NA,NA,NA,"Piluca Alvarez Fidalgo and MNCN",NA,NA
"Heriades","Heriades","rubicola",NA,"España","Madrid","Tres Cantos",NA,NA,NA,NA,NA,NA,NA,NA,"F. Fresno","P. Álvarez",0,1,"ex. Colección F. Fresno",0,NA,NA,NA,"Piluca Alvarez Fidalgo and MNCN",NA,NA
"Heriades","Heriades","rubicola",NA,"España","Madrid","Tres Cantos",NA,NA,NA,NA,NA,NA,NA,NA,"F. Fresno","P. Álvarez",0,1,"ex. Colección F. Fresno",0,NA,NA,NA,"Piluca Alvarez Fidalgo and MNCN",NA,NA
"Heriades","Heriades","rubicola",NA,"España","Madrid","Madrid, El Pardo",NA,NA,NA,NA,NA,NA,NA,NA,"F. Fresno","P. Álvarez",1,0,"ex. Colección F. Fresno",0,NA,NA,NA,"Piluca Alvarez Fidalgo and MNCN",NA,NA
"Heriades","Heriades","rubicola",NA,"España","Madrid","Madrid, El Pardo",NA,NA,NA,NA,NA,NA,NA,NA,"sin datos","P. Álvarez",1,0,"Colección Cabrera",0,NA,NA,NA,"Piluca Alvarez Fidalgo and MNCN",NA,NA
"Heriades","Heriades","rubicola",NA,"España","Madrid","Madrid, El Pardo",NA,NA,NA,NA,NA,NA,NA,NA,"sin datos","P. Álvarez",1,0,"Colección Cabrera",0,NA,NA,NA,"Piluca Alvarez Fidalgo and MNCN",NA,NA
"Heriades","Heriades","rubicola",NA,"España","Madrid","Madrid, El Pardo",NA,NA,NA,NA,NA,NA,NA,NA,"Dusmet","P. Álvarez",0,1,"Colección Dusmet",0,NA,NA,NA,"Piluca Alvarez Fidalgo and MNCN",NA,NA
"Heriades","Heriades","rubicola",NA,"España","Madrid","Madrid, El Pardo",NA,NA,NA,NA,NA,NA,NA,NA,"Dusmet","P. Álvarez",0,1,"Colección Dusmet",0,NA,NA,NA,"Piluca Alvarez Fidalgo and MNCN",NA,NA
"Heriades","Heriades","rubicola",NA,"España","Madrid","Madrid, El Pardo",NA,NA,NA,NA,NA,NA,NA,NA,"Dusmet","P. Álvarez",0,1,"Colección Dusmet",0,NA,NA,NA,"Piluca Alvarez Fidalgo and MNCN",NA,NA
"Heriades","Heriades","rubicola",NA,"España","Madrid","Villaverde",NA,NA,NA,NA,NA,NA,NA,NA,"sin datos","P. Álvarez",0,1,"Colección Cabrera",0,NA,NA,NA,"Piluca Alvarez Fidalgo and MNCN",NA,NA
"Heriades","Heriades","rubicola",NA,"España","Madrid","Aldea del Fresno",NA,NA,NA,NA,NA,NA,NA,NA,"Dusmet","P. Álvarez",0,1,"Colección Dusmet",0,NA,NA,NA,"Piluca Alvarez Fidalgo and MNCN",NA,NA
"Heriades","Heriades","rubicola",NA,"España","Madrid","Aldea del Fresno",NA,NA,NA,NA,NA,NA,NA,NA,"Dusmet","P. Álvarez",0,1,"Colección Dusmet",0,NA,NA,NA,"Piluca Alvarez Fidalgo and MNCN",NA,NA
"Heriades","Heriades","rubicola",NA,"España","Madrid","Aldea del Fresno",NA,NA,NA,NA,NA,NA,NA,NA,"Dusmet","P. Álvarez",0,1,"Colección Dusmet",0,NA,NA,NA,"Piluca Alvarez Fidalgo and MNCN",NA,NA
"Heriades","Heriades","rubicola",NA,"España","Madrid","Aldea del Fresno",NA,NA,NA,NA,NA,NA,NA,NA,"Dusmet","P. Álvarez",0,1,"Colección Dusmet",0,NA,NA,NA,"Piluca Alvarez Fidalgo and MNCN",NA,NA
"Heriades","Heriades","rubicola",NA,"España","Madrid","San Lorenzo de El Escorial",NA,NA,NA,NA,NA,NA,NA,NA,"C. Rey","P. Álvarez",0,1,"ex. Col. C. Rey",0,NA,NA,NA,"Piluca Alvarez Fidalgo and MNCN",NA,NA
"Heriades","Heriades","rubicola",NA,"España","Cáceres","Torquemada",NA,NA,NA,NA,NA,NA,NA,NA,"J. Gil","P. Álvarez",0,1,"Colección Gª Mercet",0,NA,NA,NA,"Piluca Alvarez Fidalgo and MNCN",NA,NA
"Heriades","Heriades","rubicola",NA,"España","Málaga","Bobadilla, Estación",NA,NA,NA,NA,NA,NA,NA,NA,"F. Fresno","P. Álvarez",0,1,"ex. Colección F. Fresno",0,NA,NA,NA,"Piluca Alvarez Fidalgo and MNCN",NA,NA
"Heriades","Heriades","rubicola",NA,"España","Málaga","Fuengirola",NA,NA,NA,NA,NA,NA,NA,NA,"F. Fresno","P. Álvarez",0,1,"ex. Colección F. Fresno",0,NA,NA,NA,"Piluca Alvarez Fidalgo and MNCN",NA,NA
"Heriades","Heriades","rubicola",NA,"España","Málaga","Fuengirola",NA,NA,NA,NA,NA,NA,NA,NA,"F. Fresno","P. Álvarez",0,1,"ex. Colección F. Fresno",0,NA,NA,NA,"Piluca Alvarez Fidalgo and MNCN",NA,NA
"Heriades","Heriades","rubicola",NA,"España","Málaga","Mijas Costa",NA,NA,NA,NA,NA,NA,NA,NA,"F. Fresno","P. Álvarez",0,1,"ex. Colección F. Fresno",0,NA,NA,NA,"Piluca Alvarez Fidalgo and MNCN",NA,NA
"Heriades","Heriades","rubicola",NA,"España","Córdoba","Córdoba",NA,NA,NA,NA,NA,NA,NA,NA,"Andréu","P. Álvarez",1,0,"",0,NA,NA,NA,"Piluca Alvarez Fidalgo and MNCN",NA,NA
"Heriades","Heriades","rubicola",NA,"España","Murcia","Murcia",NA,NA,NA,NA,NA,NA,NA,NA,"G. Menor","P. Álvarez",1,0,"",0,NA,NA,NA,"Piluca Alvarez Fidalgo and MNCN",NA,NA
"Heriades","Heriades","rubicola",NA,"España","Murcia","Murcia",NA,NA,NA,NA,NA,NA,NA,NA,"G. Menor","P. Álvarez",1,0,"",0,NA,NA,NA,"Piluca Alvarez Fidalgo and MNCN",NA,NA
"Heriades","Heriades","rubicola",NA,"España","Murcia","Murcia",NA,NA,NA,NA,NA,NA,NA,NA,"G. Menor","P. Álvarez",1,0,"",0,NA,NA,NA,"Piluca Alvarez Fidalgo and MNCN",NA,NA
"Heriades","Heriades","rubicola",NA,"España","Murcia","Pliego",NA,NA,NA,NA,NA,NA,NA,NA,"F. Fresno","P. Álvarez",1,0,"ex. Colección F. Fresno",0,NA,NA,NA,"Piluca Alvarez Fidalgo and MNCN",NA,NA
"Heriades","Heriades","rubicola",NA,"España","Murcia","Lorca",NA,NA,NA,NA,NA,NA,NA,NA,"F. Fresno","P. Álvarez",0,1,"ex. Colección F. Fresno",0,NA,NA,NA,"Piluca Alvarez Fidalgo and MNCN",NA,NA
"Heriades","Heriades","rubicola",NA,"España","Murcia","Murcia",NA,NA,NA,NA,NA,NA,NA,NA,"Andréu","P. Álvarez",0,1,"",0,NA,NA,NA,"Piluca Alvarez Fidalgo and MNCN",NA,NA
"Heriades","Heriades","rubicola",NA,"España","Murcia","Archena",NA,NA,NA,NA,NA,NA,NA,NA,"J. Dusmet","P. Álvarez",0,1,"Colección Dusmet",0,NA,NA,NA,"Piluca Alvarez Fidalgo and MNCN",NA,NA
"Heriades","Heriades","rubicola",NA,"España","Valencia","Picasent, Valencia",NA,NA,NA,NA,NA,NA,NA,NA,"Giner Marí","P. Álvarez",0,1,"Colección Dusmet",0,NA,NA,NA,"Piluca Alvarez Fidalgo and MNCN",NA,NA
"Heriades","Heriades","rubicola",NA,"España","Valencia","Godelleta",NA,NA,NA,NA,NA,NA,NA,NA,"Col: F.Z. Cervera","P. Álvarez",0,1,"",0,NA,NA,NA,"Piluca Alvarez Fidalgo and MNCN",NA,NA
"Heriades","Heriades","rubicola",NA,"España","Valencia","Godelleta",NA,NA,NA,NA,NA,NA,NA,NA,"Col: F.Z. Cervera","P. Álvarez",1,0,"",0,NA,NA,NA,"Piluca Alvarez Fidalgo and MNCN",NA,NA
"Heriades","Heriades","rubicola",NA,"España","Alicante","Orihuela",NA,NA,NA,NA,NA,NA,NA,NA,"sin datos","P. Álvarez",1,0,"",0,NA,NA,NA,"Piluca Alvarez Fidalgo and MNCN",NA,NA
"Heriades","Heriades","rubicola",NA,"España","Guadalajara","Fontanar",NA,NA,NA,NA,NA,NA,NA,NA,"Dusmet","P. Álvarez",1,0,"Colección Dusmet",0,NA,NA,NA,"Piluca Alvarez Fidalgo and MNCN",NA,NA
"Heriades","Heriades","rubicola",NA,"España","Zaragoza","Calatayud",NA,NA,NA,NA,NA,NA,NA,NA,"Dusmet","P. Álvarez",1,0,"Colección Dusmet",0,NA,NA,NA,"Piluca Alvarez Fidalgo and MNCN",NA,NA
"Heriades","Heriades","rubicola",NA,"España","Barcelona","Centellas",NA,NA,NA,NA,NA,NA,NA,NA,"Más de Xaxars","P. Álvarez",1,0,"",0,NA,NA,NA,"Piluca Alvarez Fidalgo and MNCN",NA,NA
"Heriades","Heriades","rubicola",NA,"España","Barcelona","Cataluña",NA,NA,NA,NA,NA,NA,NA,NA,"Más de Xaxars","P. Álvarez",1,0,"",0,NA,NA,NA,"Piluca Alvarez Fidalgo and MNCN",NA,NA
"Heriades","Heriades","rubicola",NA,"España","Barcelona","Cataluña",NA,NA,NA,NA,NA,NA,NA,NA,"Más de Xaxars","P. Álvarez",1,0,"Colección Cabrera",0,NA,NA,NA,"Piluca Alvarez Fidalgo and MNCN",NA,NA
"Heriades","Heriades","rubicola",NA,"España","Tarragona","Tarragona",NA,NA,NA,NA,NA,NA,NA,NA,"J. M. Dusmet","P. Álvarez",1,0,"Colección Dusmet",0,NA,NA,NA,"Piluca Alvarez Fidalgo and MNCN",NA,NA
"Heriades","Heriades","rubicola",NA,"España","Tarragona","Tarragona",NA,NA,NA,NA,NA,NA,NA,NA,"J. M. Dusmet","P. Álvarez",1,0,"Colección Dusmet",0,NA,NA,NA,"Piluca Alvarez Fidalgo and MNCN",NA,NA
"Heriades","Heriades","rubicola",NA,"España","Tarragona","Tarragona",NA,NA,NA,NA,NA,NA,NA,NA,"J. M. Dusmet","P. Álvarez",0,1,"Colección Dusmet",0,NA,NA,NA,"Piluca Alvarez Fidalgo and MNCN",NA,NA
"Heriades","Heriades","rubicola",NA,"España","Islas Baleares","Palma de Mallorca",NA,NA,NA,NA,NA,NA,NA,NA,"E. B. Poulton","P. Álvarez",1,0,"",0,NA,NA,NA,"Piluca Alvarez Fidalgo and MNCN",NA,NA
"Heriades","Heriades","rubicola",NA,"España","Barcelona","Gavá",NA,NA,NA,NA,NA,NA,NA,NA,"Antiga","P. Álvarez",1,0,"",0,NA,NA,NA,"Piluca Alvarez Fidalgo and MNCN",NA,NA
"Heriades","Heriades","rubicola",NA,"España","Barcelona","Gavá",NA,NA,NA,NA,NA,NA,NA,NA,"Antiga","P. Álvarez",0,1,"",0,NA,NA,NA,"Piluca Alvarez Fidalgo and MNCN",NA,NA
"Heriades","Heriades","rubicola",NA,"España","Barcelona","Barcelona",NA,NA,NA,NA,NA,NA,NA,NA,"sin datos","P. Álvarez",0,1,"",0,NA,NA,NA,"Piluca Alvarez Fidalgo and MNCN",NA,NA
"Heriades","Heriades","rubicola",NA,"España","Barcelona","Barcelona",NA,NA,NA,NA,NA,NA,NA,NA,"sin datos","P. Álvarez",0,1,"",0,NA,NA,NA,"Piluca Alvarez Fidalgo and MNCN",NA,NA
"Heriades","Heriades","rubicola",NA,"España","Barcelona","Barcelona",NA,NA,NA,NA,NA,NA,NA,NA,"sin datos","P. Álvarez",1,0,"",0,NA,NA,NA,"Piluca Alvarez Fidalgo and MNCN",NA,NA
"Heriades","Heriades","rubicola",NA,"España","Barcelona","Barcelona",NA,NA,NA,NA,NA,NA,NA,NA,"sin datos","P. Álvarez",1,0,"",0,NA,NA,NA,"Piluca Alvarez Fidalgo and MNCN",NA,NA
"Heriades","Heriades","rubicola",NA,"España","Barcelona","Barcelona",NA,NA,NA,NA,NA,NA,NA,NA,"sin datos","P. Álvarez",1,0,"",0,NA,NA,NA,"Piluca Alvarez Fidalgo and MNCN",NA,NA
"Heriades","Heriades","truncorum",NA,"España","Segovia","Aldealengua de Santa María",NA,NA,NA,NA,NA,NA,NA,NA,"F. Fresno","P. Álvarez",0,1,"ex. Colección F. Fresno",0,NA,NA,NA,"Piluca Alvarez Fidalgo and MNCN",NA,NA
"Heriades","Heriades","truncorum",NA,"España","Segovia","Aldealengua de Santa María",NA,NA,NA,NA,NA,NA,NA,NA,"F. Fresno","P. Álvarez",0,1,"ex. Colección F. Fresno",0,NA,NA,NA,"Piluca Alvarez Fidalgo and MNCN",NA,NA
"Heriades","Heriades","truncorum",NA,"España","León","Villarrodrigo de Ordás",NA,NA,NA,NA,NA,NA,NA,NA,"M. Moya","P. Álvarez",0,1,"ex. Colección F. Fresno",0,NA,NA,NA,"Piluca Alvarez Fidalgo and MNCN",NA,NA
"Heriades","Heriades","truncorum",NA,"España","León","Rodiezmo de la Tercia",NA,NA,NA,NA,NA,NA,NA,NA,"F. Fresno","P. Álvarez",1,0,"ex. Colección F. Fresno",0,NA,NA,NA,"Piluca Alvarez Fidalgo and MNCN",NA,NA
"Heriades","Heriades","truncorum",NA,"España","Segovia","Maderuelo",NA,NA,NA,NA,NA,NA,NA,NA,"F. Fresno","P. Álvarez",1,0,"ex. Colección F. Fresno",0,NA,NA,NA,"Piluca Alvarez Fidalgo and MNCN",NA,NA
"Heriades","Heriades","truncorum",NA,"España","Segovia","Hontalbilla",NA,NA,NA,NA,NA,NA,NA,NA,"F. Fresno","P. Álvarez",1,0,"ex. Colección F. Fresno",0,NA,NA,NA,"Piluca Alvarez Fidalgo and MNCN",NA,NA
"Heriades","Heriades","truncorum",NA,"España","Madrid","El Pardo",NA,NA,NA,NA,NA,NA,NA,NA,"F. Fresno","P. Álvarez",1,0,"ex. Colección F. Fresno",0,NA,NA,NA,"Piluca Alvarez Fidalgo and MNCN",NA,NA
"Heriades","Heriades","truncorum",NA,"España","Madrid","San Lorenzo de El Escorial",NA,NA,NA,NA,NA,NA,NA,NA,"C. Rey","P. Álvarez",0,1,"ex. Col. C. Rey",0,NA,NA,NA,"Piluca Alvarez Fidalgo and MNCN",NA,NA
"Heriades","Heriades","truncorum",NA,"España","Madrid","San Lorenzo de El Escorial",NA,NA,NA,NA,NA,NA,NA,NA,"G. Mercet","P. Álvarez",0,1,"Colección Cabrera",0,NA,NA,NA,"Piluca Alvarez Fidalgo and MNCN",NA,NA
"Heriades","Heriades","truncorum",NA,"España","Madrid","San Lorenzo de El Escorial",NA,NA,NA,NA,NA,NA,NA,NA,"Dusmet","P. Álvarez",1,0,"Colección Dusmet",0,NA,NA,NA,"Piluca Alvarez Fidalgo and MNCN",NA,NA
"Heriades","Heriades","truncorum",NA,"España","Madrid","San Lorenzo de El Escorial",NA,NA,NA,NA,NA,NA,NA,NA,"Dusmet","P. Álvarez",1,0,"Colección Dusmet",0,NA,NA,NA,"Piluca Alvarez Fidalgo and MNCN",NA,NA
"Heriades","Heriades","truncorum",NA,"España","Madrid","San Lorenzo de El Escorial",NA,NA,NA,NA,NA,NA,NA,NA,"Dusmet","P. Álvarez",1,0,"Colección Dusmet",0,NA,NA,NA,"Piluca Alvarez Fidalgo and MNCN",NA,NA
"Heriades","Heriades","truncorum",NA,"España","Madrid","Collado Villalba",NA,NA,NA,NA,NA,NA,NA,NA,"Dusmet","P. Álvarez",1,0,"Colección Dusmet",0,NA,NA,NA,"Piluca Alvarez Fidalgo and MNCN",NA,NA
"Heriades","Heriades","truncorum",NA,"España","Madrid","Navacerrada",NA,NA,NA,NA,NA,NA,NA,NA,"sin datos","P. Álvarez",1,0,"",0,NA,NA,NA,"Piluca Alvarez Fidalgo and MNCN",NA,NA
"Heriades","Heriades","truncorum",NA,"España","Madrid","Navacerrada",NA,NA,NA,NA,NA,NA,NA,NA,"E. Mingo","P. Álvarez",1,0,"",0,NA,NA,NA,"Piluca Alvarez Fidalgo and MNCN",NA,NA
"Heriades","Heriades","truncorum",NA,"España","Madrid","Navacerrada",NA,NA,NA,NA,NA,NA,NA,NA,"E. Mingo","P. Álvarez",0,1,"",0,NA,NA,NA,"Piluca Alvarez Fidalgo and MNCN",NA,NA
"Heriades","Heriades","truncorum",NA,"España","Madrid","Madrid",NA,NA,NA,NA,NA,NA,NA,NA,"Exp. del Museo","P. Álvarez",0,1,"",0,NA,NA,NA,"Piluca Alvarez Fidalgo and MNCN",NA,NA
"Heriades","Heriades","truncorum",NA,"España","Madrid","Madrid, El Pardo",NA,NA,NA,NA,NA,NA,NA,NA,"sin datos","P. Álvarez",1,0,"Colección Cabrera",0,NA,NA,NA,"Piluca Alvarez Fidalgo and MNCN",NA,NA
"Heriades","Heriades","truncorum",NA,"España","Madrid","Madrid, El Pardo",NA,NA,NA,NA,NA,NA,NA,NA,"Dusmet","P. Álvarez",0,1,"Colección Dusmet",0,NA,NA,NA,"Piluca Alvarez Fidalgo and MNCN",NA,NA
"Heriades","Heriades","truncorum",NA,"España","Madrid","Madrid, El Pardo",NA,NA,NA,NA,NA,NA,NA,NA,"I. Izquierdo","P. Álvarez",0,1,"",0,NA,NA,NA,"Piluca Alvarez Fidalgo and MNCN",NA,NA
"Heriades","Heriades","truncorum",NA,"España","Pontevedra","Pontevedra",NA,NA,NA,NA,NA,NA,NA,NA,"Dusmet","P. Álvarez",0,1,"Colección Dusmet",0,NA,NA,NA,"Piluca Alvarez Fidalgo and MNCN",NA,NA
"Heriades","Heriades","truncorum",NA,"España","Pontevedra","Pontevedra",NA,NA,NA,NA,NA,NA,NA,NA,"Dusmet","P. Álvarez",0,1,"Colección Dusmet",0,NA,NA,NA,"Piluca Alvarez Fidalgo and MNCN",NA,NA
"Heriades","Heriades","truncorum",NA,"España","Pontevedra","Pontevedra",NA,NA,NA,NA,NA,NA,NA,NA,"Dusmet","P. Álvarez",1,0,"Colección Dusmet",0,NA,NA,NA,"Piluca Alvarez Fidalgo and MNCN",NA,NA
"Heriades","Heriades","truncorum",NA,"España","Pontevedra","Bayona",NA,NA,NA,NA,NA,NA,NA,NA,"Dusmet","P. Álvarez",1,0,"Colección Dusmet",0,NA,NA,NA,"Piluca Alvarez Fidalgo and MNCN",NA,NA
"Heriades","Heriades","truncorum",NA,"España","Pontevedra","Bayona",NA,NA,NA,NA,NA,NA,NA,NA,"Dusmet","P. Álvarez",1,0,"Colección Dusmet",0,NA,NA,NA,"Piluca Alvarez Fidalgo and MNCN",NA,NA
"Heriades","Heriades","truncorum",NA,"España","Vizcaya","Zaldívar",NA,NA,NA,NA,NA,NA,NA,NA,"Dusmet","P. Álvarez",1,0,"Colección Dusmet",0,NA,NA,NA,"Piluca Alvarez Fidalgo and MNCN",NA,NA
"Heriades","Heriades","truncorum",NA,"España","Teruel","Albarracín",NA,NA,NA,NA,NA,NA,NA,NA,"Dusmet","P. Álvarez",1,0,"Colección Dusmet",0,NA,NA,NA,"Piluca Alvarez Fidalgo and MNCN",NA,NA
"Heriades","Heriades","truncorum",NA,"España","Zaragoza","Sobradiel",NA,NA,NA,NA,NA,NA,NA,NA,"[Navás]","P. Álvarez",1,0,"",0,NA,NA,NA,"Piluca Alvarez Fidalgo and MNCN",NA,NA
"Heriades","Heriades","truncorum",NA,"España","Zaragoza","Zaragoza",NA,NA,NA,NA,NA,NA,NA,NA,"R.P.L. Navás","P. Álvarez",0,1,"",0,NA,NA,NA,"Piluca Alvarez Fidalgo and MNCN",NA,NA
"Heriades","Heriades","truncorum",NA,"España","Zaragoza","Zaragoza",NA,NA,NA,NA,NA,NA,NA,NA,"[Navás]","P. Álvarez",0,1,"",0,NA,NA,NA,"Piluca Alvarez Fidalgo and MNCN",NA,NA
"Heriades","Heriades","truncorum",NA,"España","Zaragoza","Zaragoza",NA,NA,NA,NA,NA,NA,NA,NA,"[Navás]","P. Álvarez",1,0,"",0,NA,NA,NA,"Piluca Alvarez Fidalgo and MNCN",NA,NA
"Heriades","Heriades","truncorum",NA,"España","Granada","Granada",NA,NA,NA,NA,NA,NA,NA,NA,"Mercet","P. Álvarez",1,0,"Colección Gª Mercet",0,NA,NA,NA,"Piluca Alvarez Fidalgo and MNCN",NA,NA
"Heriades","Heriades","truncorum",NA,"España","Toledo","La Guardia",NA,NA,NA,NA,NA,NA,NA,NA,"R.P.L. Navás","P. Álvarez",1,0,"",0,NA,NA,NA,"Piluca Alvarez Fidalgo and MNCN",NA,NA
"Heriades","Heriades","truncorum",NA,"España","Soria","Borobia",NA,NA,NA,NA,NA,NA,NA,NA,"Andreu","P. Álvarez",0,1,"Colección Dusmet",0,NA,NA,NA,"Piluca Alvarez Fidalgo and MNCN",NA,NA
"Heriades","Heriades","truncorum",NA,"España","Albacete","Nerpio",NA,NA,NA,NA,NA,NA,NA,NA,"Andreu","P. Álvarez",0,1,"",0,NA,NA,NA,"Piluca Alvarez Fidalgo and MNCN",NA,NA
"Heriades","Heriades","truncorum",NA,"España","Albacete","Nerpio",NA,NA,NA,NA,NA,NA,NA,NA,"Andreu","P. Álvarez",0,1,"",0,NA,NA,NA,"Piluca Alvarez Fidalgo and MNCN",NA,NA
"Heriades","Heriades","truncorum",NA,"España","Albacete","Nerpio",NA,NA,NA,NA,NA,NA,NA,NA,"Andreu","P. Álvarez",0,1,"",0,NA,NA,NA,"Piluca Alvarez Fidalgo and MNCN",NA,NA
"Heriades","Heriades","truncorum",NA,"España","Lérida","Lérida",NA,NA,NA,NA,NA,NA,NA,NA,"sin datos","P. Álvarez",0,1,"Colección Dusmet",0,NA,NA,NA,"Piluca Alvarez Fidalgo and MNCN",NA,NA
"Heriades","Heriades","truncorum",NA,"España","Barcelona","Barcelona, Pedralbes",NA,NA,NA,NA,NA,NA,NA,NA,"sin datos","P. Álvarez",1,0,"",0,NA,NA,NA,"Piluca Alvarez Fidalgo and MNCN",NA,NA
"Heriades","Heriades","truncorum",NA,"España","Barcelona","Centellas",NA,NA,NA,NA,NA,NA,NA,NA,"Más de Xaxars","P. Álvarez",1,0,"",0,NA,NA,NA,"Piluca Alvarez Fidalgo and MNCN",NA,NA
"Heriades","Heriades","truncorum",NA,"España","Barcelona","Centellas",NA,NA,NA,NA,NA,NA,NA,NA,"Más de Xaxars","P. Álvarez",1,0,"Colección Cabrera",0,NA,NA,NA,"Piluca Alvarez Fidalgo and MNCN",NA,NA
"Heriades","Heriades","truncorum",NA,"España","Barcelona","Barcelona",NA,NA,NA,NA,NA,NA,NA,NA,"Arnau","P. Álvarez",1,0,"",0,NA,NA,NA,"Piluca Alvarez Fidalgo and MNCN",NA,NA
"Heriades","Heriades","truncorum",NA,"España","Segovia","La Granja",NA,NA,NA,NA,NA,NA,NA,NA,"E.B. Poulton","P. Álvarez",0,1,"",0,NA,NA,NA,"Piluca Alvarez Fidalgo and MNCN",NA,NA
"Heriades","Heriades","truncorum",NA,"España","Segovia","Segovia",NA,NA,NA,NA,NA,NA,NA,NA,"E.B. Poulton","P. Álvarez",0,1,"",0,NA,NA,NA,"Piluca Alvarez Fidalgo and MNCN",NA,NA
"Heriades","Heriades","truncorum",NA,"España","Segovia","Segovia",NA,NA,NA,NA,NA,NA,NA,NA,"E.B. Poulton","P. Álvarez",0,1,"",0,NA,NA,NA,"Piluca Alvarez Fidalgo and MNCN",NA,NA
"Icteranthidium","","laterale",NA,"España","Madrid","Madrid, El Pardo",NA,NA,NA,NA,NA,NA,NA,NA,"F. Fresno","P. Álvarez",0,1,"ex. Colección F. Fresno",0,NA,NA,NA,"Piluca Alvarez Fidalgo and MNCN",NA,NA
"Icteranthidium","","laterale",NA,"España","Madrid","Madrid, El Pardo",NA,NA,NA,NA,NA,NA,NA,NA,"F. Fresno","P. Álvarez",1,0,"ex. Colección F. Fresno",0,NA,NA,NA,"Piluca Alvarez Fidalgo and MNCN",NA,NA
"Icteranthidium","","laterale",NA,"España","Madrid","Madrid, Cuatro Vientos",NA,NA,NA,NA,NA,NA,NA,NA,"F. Fresno","P. Álvarez",1,0,"ex. Colección F. Fresno",0,NA,NA,NA,"Piluca Alvarez Fidalgo and MNCN",NA,NA
"Anthidium","Proanthidium","oblongatum",NA,"España","Barcelona","Centellas",NA,NA,NA,NA,NA,NA,NA,NA,"F. Fresno","P. Álvarez",0,1,"ex. Colección F. Fresno",0,NA,NA,NA,"Piluca Alvarez Fidalgo and MNCN",NA,NA
"Anthidium","Proanthidium","oblongatum",NA,"España","Madrid","Buitrago del Lozoya",NA,NA,NA,NA,NA,NA,NA,NA,"F. Fresno","P. Álvarez",0,1,"ex. Colección F. Fresno",0,NA,NA,NA,"Piluca Alvarez Fidalgo and MNCN",NA,NA
"Anthidium","Proanthidium","oblongatum",NA,"España","Madrid","Buitrago del Lozoya",NA,NA,NA,NA,NA,NA,NA,NA,"F. Fresno","P. Álvarez",1,0,"ex. Colección F. Fresno",0,NA,NA,NA,"Piluca Alvarez Fidalgo and MNCN",NA,NA
"Anthidium","Proanthidium","oblongatum",NA,"España","Madrid","Buitrago del Lozoya",NA,NA,NA,NA,NA,NA,NA,NA,"F. Fresno","P. Álvarez",1,0,"ex. Colección F. Fresno",0,NA,NA,NA,"Piluca Alvarez Fidalgo and MNCN",NA,NA
"Anthidium","Proanthidium","oblongatum",NA,"España","Madrid","Buitrago del Lozoya",NA,NA,NA,NA,NA,NA,NA,NA,"F. Fresno","P. Álvarez",1,0,"ex. Colección F. Fresno",0,NA,NA,NA,"Piluca Alvarez Fidalgo and MNCN",NA,NA
"Anthidium","Proanthidium","oblongatum",NA,"España","Madrid","Tres Cantos",NA,NA,NA,NA,NA,NA,NA,NA,"F. Fresno","P. Álvarez",1,0,"ex. Colección F. Fresno",0,NA,NA,NA,"Piluca Alvarez Fidalgo and MNCN",NA,NA
"Anthidium","Proanthidium","oblongatum",NA,"España","León","Sena de Luna",NA,NA,NA,NA,NA,NA,NA,NA,"F. Fresno","P. Álvarez",1,0,"ex. Colección F. Fresno",0,NA,NA,NA,"Piluca Alvarez Fidalgo and MNCN",NA,NA
"Anthidium","Proanthidium","oblongatum",NA,"España","León","Rabanal de Luna",NA,NA,NA,NA,NA,NA,NA,NA,"F. Fresno","P. Álvarez",1,0,"ex. Colección F. Fresno",0,NA,NA,NA,"Piluca Alvarez Fidalgo and MNCN",NA,NA
"Anthidium","Proanthidium","oblongatum",NA,"España","Asturias","Venta del Pobre",NA,NA,NA,NA,NA,NA,NA,NA,"F. Fresno","P. Álvarez",1,0,"ex. Colección F. Fresno",0,NA,NA,NA,"Piluca Alvarez Fidalgo and MNCN",NA,NA
"Anthidium","Anthidium","cingulatum",NA,"España","Alicante","Alcoy",NA,NA,NA,NA,NA,NA,NA,NA,"F. Fresno","P. Álvarez",1,0,"ex. Colección F. Fresno",0,NA,NA,NA,"Piluca Alvarez Fidalgo and MNCN",NA,NA
"Anthidium","Anthidium","diadema",NA,"España","Madrid","Tres Cantos",NA,NA,NA,NA,NA,NA,NA,NA,"F. Fresno","P. Álvarez",1,0,"ex. Colección F. Fresno",0,NA,NA,NA,"Piluca Alvarez Fidalgo and MNCN",NA,NA
"Rhodanthidium","Rhodanthidium","septemdentatum",NA,"España","Alicante","Alcoy",NA,NA,NA,NA,NA,NA,NA,NA,"F. Fresno","P. Álvarez",1,0,"ex. Colección F. Fresno",0,NA,NA,NA,"Piluca Alvarez Fidalgo and MNCN",NA,NA
"Pseudoanthidium","Royanthidium","melanurum",NA,"España","León","Rabanal de Luna",NA,NA,NA,NA,NA,NA,NA,NA,"F. Fresno","P. Álvarez",0,1,"ex. Colección F. Fresno",0,NA,NA,NA,"Piluca Alvarez Fidalgo and MNCN",NA,NA
"Anthidium","Anthidium","loti",NA,"España","Madrid","Madrid, El Pardo",NA,NA,NA,NA,NA,NA,NA,NA,"F. Fresno","P. Álvarez",1,0,"ex. Colección F. Fresno",0,NA,NA,NA,"Piluca Alvarez Fidalgo and MNCN",NA,NA
"Pseudoanthidium","Pseudoanthidium","scapulare",NA,"España","Madrid","Tres Cantos",NA,NA,NA,NA,NA,NA,NA,NA,"F. Fresno","P. Álvarez",0,1,"ex. Colección F. Fresno",0,NA,NA,NA,"Piluca Alvarez Fidalgo and MNCN",NA,NA
"Pseudoanthidium","Pseudoanthidium","scapulare",NA,"España","Madrid","Tres Cantos",NA,NA,NA,NA,NA,NA,NA,NA,"F. Fresno","P. Álvarez",0,1,"ex. Colección F. Fresno",0,NA,NA,NA,"Piluca Alvarez Fidalgo and MNCN",NA,NA
