"Genus","Subgenus","Species","Subspecies","Country","Province","Locality","Latitude","Longitude","Coordinate.precision","Year","Month","Day","Start.date","End.date","Collector","Determined.by","Female","Male","Worker","Not.specified","Reference.doi","Flowers.visited","Local_ID","Authors.to.give.credit","Any.other.additional.data","Notes.and.queries"
"Andrena","Truncandrena","espanola",NA,"España","Madrid","Rivas-Vaciamadrid",NA,NA,NA,1926,5,25,NA,NA,"Dusmet","P. Álvarez [Piluca Álvarez Fidalgo]",1,0,"Colección Dusmet",0,"MNCN",NA,NA,"Warncke, 1967",NA,NA
"Andrena","Truncandrena","espanola",NA,"España","Madrid","Alcalá de Henares",NA,NA,NA,1933,5,4,NA,NA,"Dusmet","P. Álvarez [Piluca Álvarez Fidalgo]",0,1,"Colección Dusmet",0,"MNCN",NA,NA,"Warncke, 1967",NA,NA
"Colletes","","abeillei",NA,"España","Madrid","Galapagar",NA,NA,NA,1932,6,18,NA,NA,"Dusmet","P. Álvarez [Piluca Álvarez Fidalgo]",0,1,"Colección Dusmet",0,"MNCN",NA,NA,"Pérez, 1903",NA,NA
"Colletes","","abeillei",NA,"España","Madrid","Galapagar",NA,NA,NA,1932,6,18,NA,NA,"Dusmet","P. Álvarez [Piluca Álvarez Fidalgo]",0,1,"Colección Dusmet",0,"MNCN",NA,NA,"Pérez, 1903",NA,NA
"Colletes","","abeillei",NA,"España","Madrid","Galapagar",NA,NA,NA,1932,6,18,NA,NA,"Dusmet","P. Álvarez [Piluca Álvarez Fidalgo]",0,1,"Colección Dusmet",0,"MNCN",NA,NA,"Pérez, 1903",NA,NA
"Colletes","","abeillei",NA,"España","Madrid","Galapagar",NA,NA,NA,1932,6,18,NA,NA,"Dusmet","P. Álvarez [Piluca Álvarez Fidalgo]",0,1,"Colección Dusmet",0,"MNCN",NA,NA,"Pérez, 1903",NA,NA
"Colletes","","abeillei",NA,"España","Madrid","Galapagar",NA,NA,NA,1932,6,18,NA,NA,"Dusmet","P. Álvarez [Piluca Álvarez Fidalgo]",0,1,"Colección Dusmet",0,"MNCN",NA,NA,"Pérez, 1903",NA,NA
"Colletes","","abeillei",NA,"España","Madrid","Galapagar",NA,NA,NA,1932,6,18,NA,NA,"Dusmet","P. Álvarez [Piluca Álvarez Fidalgo]",0,1,"Colección Dusmet",0,"MNCN",NA,NA,"Pérez, 1903",NA,NA
"Colletes","","abeillei",NA,"España","Madrid","Galapagar",NA,NA,NA,1932,6,18,NA,NA,"Dusmet","P. Álvarez [Piluca Álvarez Fidalgo]",0,1,"Colección Dusmet",0,"MNCN",NA,NA,"Pérez, 1903",NA,NA
"Colletes","","abeillei",NA,"España","Madrid","Galapagar",NA,NA,NA,1932,6,18,NA,NA,"Dusmet","P. Álvarez [Piluca Álvarez Fidalgo]",0,1,"Colección Dusmet",0,"MNCN",NA,NA,"Pérez, 1903",NA,NA
"Colletes","","abeillei",NA,"España","Madrid","Galapagar",NA,NA,NA,1932,6,18,NA,NA,"Dusmet","P. Álvarez [Piluca Álvarez Fidalgo]",0,1,"Colección Dusmet",0,"MNCN",NA,NA,"Pérez, 1903",NA,NA
"Colletes","","abeillei",NA,"España","Madrid","Galapagar",NA,NA,NA,1932,6,18,NA,NA,"Dusmet","P. Álvarez [Piluca Álvarez Fidalgo]",0,1,"Colección Dusmet",0,"MNCN",NA,NA,"Pérez, 1903",NA,NA
"Colletes","","abeillei",NA,"España","Madrid","Galapagar",NA,NA,NA,1932,6,18,NA,NA,"Dusmet","P. Álvarez [Piluca Álvarez Fidalgo]",0,1,"Colección Dusmet",0,"MNCN",NA,NA,"Pérez, 1903",NA,NA
"Colletes","","abeillei",NA,"España","Madrid","Galapagar",NA,NA,NA,1932,6,18,NA,NA,"Dusmet","P. Álvarez [Piluca Álvarez Fidalgo]",0,1,"Colección Dusmet",0,"MNCN",NA,NA,"Pérez, 1903",NA,NA
"Colletes","","abeillei",NA,"España","Madrid","Galapagar",NA,NA,NA,1932,6,18,NA,NA,"Dusmet","P. Álvarez [Piluca Álvarez Fidalgo]",0,1,"Colección Dusmet",0,"MNCN",NA,NA,"Pérez, 1903",NA,NA
"Colletes","","abeillei",NA,"España","Madrid","Galapagar",NA,NA,NA,1932,6,18,NA,NA,"Dusmet","P. Álvarez [Piluca Álvarez Fidalgo]",0,1,"Colección Dusmet",0,"MNCN",NA,NA,"Pérez, 1903",NA,NA
"Colletes","","abeillei",NA,"España","Madrid","Galapagar",NA,NA,NA,1932,6,18,NA,NA,"Dusmet","P. Álvarez [Piluca Álvarez Fidalgo]",0,1,"Colección Dusmet",0,"MNCN",NA,NA,"Pérez, 1903",NA,NA
"Colletes","","abeillei",NA,"España","Madrid","Galapagar",NA,NA,NA,1932,6,18,NA,NA,"Dusmet","P. Álvarez [Piluca Álvarez Fidalgo]",0,1,"Colección Dusmet",0,"MNCN",NA,NA,"Pérez, 1903",NA,NA
"Colletes","","abeillei",NA,"España","Madrid","Galapagar",NA,NA,NA,1932,6,18,NA,NA,"Dusmet","P. Álvarez [Piluca Álvarez Fidalgo]",1,0,"Colección Dusmet",0,"MNCN",NA,NA,"Pérez, 1903",NA,NA
"Colletes","","abeillei",NA,"España","Madrid","Galapagar",NA,NA,NA,1932,6,18,NA,NA,"Dusmet","P. Álvarez [Piluca Álvarez Fidalgo]",1,0,"Colección Dusmet",0,"MNCN",NA,NA,"Pérez, 1903",NA,NA
"Andrena","Truncandrena","espanola",NA,"España","Madrid","Madrid",NA,NA,NA,1935,5,18,NA,NA,"Dusmet","P. Álvarez [Piluca Álvarez Fidalgo]",1,0,"Colección Dusmet",0,"MNCN",NA,NA,"Warncke, 1967",NA,NA
"Andrena","Chlorandrena","abrupta",NA,"España","Madrid","San Lorenzo de El Escorial",NA,NA,NA,1935,6,8,NA,NA,"J. Dusmet","P. Álvarez [Piluca Álvarez Fidalgo]",1,0,"Colección Dusmet",0,"MNCN",NA,NA,"Warncke, 1967",NA,NA
"Andrena","Chlorandrena","elata",NA,"España","Madrid","San Lorenzo de El Escorial",NA,NA,NA,1932,6,1,NA,NA,"J. Dusmet","P. Álvarez [Piluca Álvarez Fidalgo]",0,1,"Colección Dusmet",0,"MNCN",NA,NA,"Warncke, 1975",NA,NA
"Andrena","Chlorandrena","elata",NA,"España","Madrid","Rivas-Vaciamadrid",NA,NA,NA,1927,3,31,NA,NA,"J. Dusmet","P. Álvarez [Piluca Álvarez Fidalgo]",0,1,"Colección Dusmet",0,"MNCN",NA,NA,"Warncke, 1975",NA,NA
"Andrena","Simandrena","combinata",NA,"España","Madrid","Rivas-Vaciamadrid",NA,NA,NA,1927,5,21,NA,NA,"Dusmet","P. Álvarez [Piluca Álvarez Fidalgo]",1,0,"Colección Dusmet",0,"MNCN",NA,NA,"(Christ, 1791)",NA,NA
"Andrena","Simandrena","combinata",NA,"España","Madrid","San Lorenzo de El Escorial",NA,NA,NA,1936,5,14,NA,NA,"J. Dusmet","P. Álvarez [Piluca Álvarez Fidalgo]",0,1,"Colección Dusmet",0,"MNCN",NA,NA,"(Christ, 1791)",NA,NA
"Andrena","Truncandrena","medeninensis",NA,"España","Madrid","Villaverde",NA,NA,NA,1908,3,-31,NA,NA,"Dusmet","P. Álvarez [Piluca Álvarez Fidalgo]",1,0,"Colección Dusmet",0,"MNCN",NA,NA,"Pérez, 1895",NA,NA
"Colletes","","abeillei",NA,"España","Madrid","Galapagar",NA,NA,NA,1932,6,18,NA,NA,"Dusmet","P. Álvarez [Piluca Álvarez Fidalgo]",1,0,"Colección Dusmet",0,"MNCN",NA,NA,"Pérez, 1903",NA,NA
"Colletes","","abeillei",NA,"España","Madrid","Galapagar",NA,NA,NA,1932,6,18,NA,NA,"Dusmet","P. Álvarez [Piluca Álvarez Fidalgo]",1,0,"Colección Dusmet",0,"MNCN",NA,NA,"Pérez, 1903",NA,NA
"Colletes","","abeillei",NA,"España","Madrid","San Lorenzo de El Escorial",NA,NA,NA,1984,7,1,NA,NA,"C. Rey","P. Álvarez [Piluca Álvarez Fidalgo]",1,0,"ex. Col. C. Rey",0,"MNCN",NA,NA,"Pérez, 1903",NA,NA
"Colletes","","abeillei",NA,"España","Madrid","San Lorenzo de El Escorial",NA,NA,NA,1984,7,1,NA,NA,"C. Rey","P. Álvarez [Piluca Álvarez Fidalgo]",1,0,"",0,"MNCN",NA,NA,"Pérez, 1903",NA,NA
"Colletes","","abeillei",NA,"España","Madrid","San Lorenzo de El Escorial",NA,NA,NA,1901,NA,NA,NA,NA,"J. Dusmet","P. Álvarez [Piluca Álvarez Fidalgo]",0,1,"Coll. Dusmet",0,"MNCN",NA,NA,"Pérez, 1903",NA,NA
"Colletes","","abeillei",NA,"España","Madrid","San Lorenzo de El Escorial",NA,NA,NA,1923,6,30,NA,NA,"Dusmet","P. Álvarez [Piluca Álvarez Fidalgo]",0,1,"",0,"MNCN",NA,NA,"Pérez, 1903",NA,NA
"Colletes","","abeillei",NA,"España","Madrid","San Lorenzo de El Escorial",NA,NA,NA,1923,6,30,NA,NA,"Dusmet","P. Álvarez [Piluca Álvarez Fidalgo]",0,1,"Coll. Dusmet",0,"MNCN",NA,NA,"Pérez, 1903",NA,NA
"Colletes","","abeillei",NA,"España","Madrid","San Lorenzo de El Escorial",NA,NA,NA,1923,6,30,NA,NA,"Dusmet","P. Álvarez [Piluca Álvarez Fidalgo]",0,1,"Coll. Dusmet",0,"MNCN",NA,NA,"Pérez, 1903",NA,NA
"Colletes","","abeillei",NA,"España","Madrid","San Lorenzo de El Escorial",NA,NA,NA,1923,6,30,NA,NA,"Dusmet","P. Álvarez [Piluca Álvarez Fidalgo]",0,1,"Coll. Dusmet",0,"MNCN",NA,NA,"Pérez, 1903",NA,NA
"Colletes","","abeillei",NA,"España","Madrid","San Lorenzo de El Escorial",NA,NA,NA,1923,6,30,NA,NA,"Dusmet","P. Álvarez [Piluca Álvarez Fidalgo]",0,1,"Coll. Dusmet",0,"MNCN",NA,NA,"Pérez, 1903",NA,NA
"Colletes","","abeillei",NA,"España","Madrid","San Lorenzo de El Escorial",NA,NA,NA,1923,6,30,NA,NA,"Dusmet","P. Álvarez [Piluca Álvarez Fidalgo]",0,1,"Coll. Dusmet",0,"MNCN",NA,NA,"Pérez, 1903",NA,NA
"Colletes","","abeillei",NA,"España","Madrid","San Lorenzo de El Escorial",NA,NA,NA,1923,6,30,NA,NA,"Dusmet","P. Álvarez [Piluca Álvarez Fidalgo]",1,0,"Coll. Dusmet",0,"MNCN",NA,NA,"Pérez, 1903",NA,NA
"Colletes","","abeillei",NA,"España","Madrid","San Lorenzo de El Escorial",NA,NA,NA,1923,6,30,NA,NA,"Dusmet","P. Álvarez [Piluca Álvarez Fidalgo]",1,0,"Coll. Dusmet",0,"MNCN",NA,NA,"Pérez, 1903",NA,NA
"Colletes","","abeillei",NA,"España","Madrid","San Lorenzo de El Escorial",NA,NA,NA,1923,6,30,NA,NA,"Dusmet","P. Álvarez [Piluca Álvarez Fidalgo]",1,0,"Coll. Dusmet",0,"MNCN",NA,NA,"Pérez, 1903",NA,NA
"Colletes","","abeillei",NA,"España","Madrid","San Lorenzo de El Escorial",NA,NA,NA,1923,6,30,NA,NA,"Dusmet","P. Álvarez [Piluca Álvarez Fidalgo]",1,0,"Coll. Dusmet",0,"MNCN",NA,NA,"Pérez, 1903",NA,NA
"Colletes","","abeillei",NA,"España","Madrid","San Lorenzo de El Escorial",NA,NA,NA,1923,6,30,NA,NA,"Dusmet","P. Álvarez [Piluca Álvarez Fidalgo]",1,0,"Coll. Dusmet",0,"MNCN",NA,NA,"Pérez, 1903",NA,NA
"Colletes","","abeillei",NA,"España","Madrid","San Lorenzo de El Escorial",NA,NA,NA,1923,6,30,NA,NA,"Dusmet","P. Álvarez [Piluca Álvarez Fidalgo]",1,0,"Coll. Dusmet",0,"MNCN",NA,NA,"Pérez, 1903",NA,NA
"Colletes","","abeillei",NA,"España","Madrid","San Lorenzo de El Escorial",NA,NA,NA,1923,6,30,NA,NA,"Dusmet","P. Álvarez [Piluca Álvarez Fidalgo]",1,0,"Coll. Dusmet",0,"MNCN",NA,NA,"Pérez, 1903",NA,NA
"Colletes","","abeillei",NA,"España","Madrid","San Lorenzo de El Escorial",NA,NA,NA,1923,6,30,NA,NA,"Dusmet","P. Álvarez [Piluca Álvarez Fidalgo]",1,0,"Coll. Dusmet",0,"MNCN",NA,NA,"Pérez, 1903",NA,NA
"Colletes","","abeillei",NA,"España","Madrid","San Lorenzo de El Escorial",NA,NA,NA,1923,6,30,NA,NA,"Dusmet","P. Álvarez [Piluca Álvarez Fidalgo]",1,0,"Coll. Dusmet",0,"MNCN",NA,NA,"Pérez, 1903",NA,NA
"Colletes","","abeillei",NA,"España","Madrid","San Lorenzo de El Escorial",NA,NA,NA,1923,6,30,NA,NA,"Dusmet","P. Álvarez [Piluca Álvarez Fidalgo]",1,0,"Coll. Dusmet",0,"MNCN",NA,NA,"Pérez, 1903",NA,NA
"Colletes","","abeillei",NA,"España","Madrid","San Lorenzo de El Escorial",NA,NA,NA,1923,6,30,NA,NA,"Dusmet","P. Álvarez [Piluca Álvarez Fidalgo]",1,0,"Coll. Dusmet",0,"MNCN",NA,NA,"Pérez, 1903",NA,NA
"Colletes","","abeillei",NA,"España","Madrid","San Lorenzo de El Escorial",NA,NA,NA,1943,6,15,NA,NA,"J. Dusmet","P. Álvarez [Piluca Álvarez Fidalgo]",1,0,"",0,"MNCN",NA,NA,"Pérez, 1903",NA,NA
"Colletes","","abeillei",NA,"España","Madrid","San Lorenzo de El Escorial",NA,NA,NA,1943,6,15,NA,NA,"J. Dusmet","P. Álvarez [Piluca Álvarez Fidalgo]",1,0,"",0,"MNCN",NA,NA,"Pérez, 1903",NA,NA
"Colletes","","abeillei",NA,"España","Madrid","San Lorenzo de El Escorial",NA,NA,NA,1943,6,15,NA,NA,"J. Dusmet","P. Álvarez [Piluca Álvarez Fidalgo]",1,0,"",0,"MNCN",NA,NA,"Pérez, 1903",NA,NA
"Colletes","","abeillei",NA,"España","Madrid","San Lorenzo de El Escorial",NA,NA,NA,1943,6,15,NA,NA,"J. Dusmet","P. Álvarez [Piluca Álvarez Fidalgo]",1,0,"",0,"MNCN",NA,NA,"Pérez, 1903",NA,NA
"Colletes","","abeillei",NA,"España","Madrid","San Lorenzo de El Escorial",NA,NA,NA,1943,6,15,NA,NA,"J. Dusmet","P. Álvarez [Piluca Álvarez Fidalgo]",1,0,"",0,"MNCN",NA,NA,"Pérez, 1903",NA,NA
"Colletes","","abeillei",NA,"España","Madrid","San Lorenzo de El Escorial",NA,NA,NA,1943,6,15,NA,NA,"J. Dusmet","P. Álvarez [Piluca Álvarez Fidalgo]",0,1,"",0,"MNCN",NA,NA,"Pérez, 1903",NA,NA
"Colletes","","abeillei",NA,"España","Madrid","San Lorenzo de El Escorial",NA,NA,NA,1904,6,26,NA,NA,"Mercet","P. Álvarez [Piluca Álvarez Fidalgo]",0,1,"",0,"MNCN",NA,NA,"Pérez, 1903",NA,NA
"Colletes","","abeillei",NA,"España","Madrid","San Lorenzo de El Escorial",NA,NA,NA,1904,6,26,NA,NA,"Mercet","P. Álvarez [Piluca Álvarez Fidalgo]",1,0,"",0,"MNCN",NA,NA,"Pérez, 1903",NA,NA
"Colletes","","abeillei",NA,"España","Madrid","San Lorenzo de El Escorial",NA,NA,NA,1901,NA,NA,NA,NA,"Mercet","P. Álvarez [Piluca Álvarez Fidalgo]",1,0,"Colección Gª Mercet",0,"MNCN",NA,NA,"Pérez, 1903",NA,NA
"Colletes","","abeillei",NA,"España","Madrid","San Lorenzo de El Escorial",NA,NA,NA,1901,NA,NA,NA,NA,"Mercet","P. Álvarez [Piluca Álvarez Fidalgo]",0,1,"",0,"MNCN",NA,NA,"Pérez, 1903",NA,NA
"Colletes","","abeillei",NA,"España","Madrid","San Lorenzo de El Escorial",NA,NA,NA,1901,NA,NA,NA,NA,"Mercet","P. Álvarez [Piluca Álvarez Fidalgo]",0,1,"Colección Gª Mercet",0,"MNCN",NA,NA,"Pérez, 1903",NA,NA
"Colletes","","abeillei",NA,"España","Madrid","San Lorenzo de El Escorial",NA,NA,NA,1901,NA,NA,NA,NA,"Mercet","P. Álvarez [Piluca Álvarez Fidalgo]",0,0,"Colección Gª Mercet",1,"MNCN",NA,NA,"Pérez, 1903",NA,NA
"Colletes","","abeillei",NA,"España","Madrid","San Lorenzo de El Escorial",NA,NA,NA,1901,NA,NA,NA,NA,"Mercet","P. Álvarez [Piluca Álvarez Fidalgo]",0,1,"",0,"MNCN",NA,NA,"Pérez, 1903",NA,NA
"Colletes","","abeillei",NA,"España","Madrid","San Lorenzo de El Escorial",NA,NA,NA,1912,6,16,NA,NA,"Dusmet","P. Álvarez [Piluca Álvarez Fidalgo]",0,1,"Coll. Dusmet",0,"MNCN",NA,NA,"Pérez, 1903",NA,NA
"Colletes","","abeillei",NA,"España","Madrid","San Lorenzo de El Escorial",NA,NA,NA,1933,6,14,NA,NA,"J. Dusmet","P. Álvarez [Piluca Álvarez Fidalgo]",0,1,"Colección Dusmet",0,"MNCN",NA,NA,"Pérez, 1903",NA,NA
"Colletes","","abeillei",NA,"España","Madrid","San Lorenzo de El Escorial",NA,NA,NA,1933,6,14,NA,NA,"J. Dusmet","P. Álvarez [Piluca Álvarez Fidalgo]",0,1,"Colección Dusmet",0,"MNCN",NA,NA,"Pérez, 1903",NA,NA
"Colletes","","abeillei",NA,"España","Madrid","San Lorenzo de El Escorial",NA,NA,NA,1935,9,8,NA,NA,"J. Dusmet","P. Álvarez [Piluca Álvarez Fidalgo]",0,1,"Colección Dusmet",0,"MNCN",NA,NA,"Pérez, 1903",NA,NA
"Colletes","","abeillei",NA,"España","Madrid","Galapagar",NA,NA,NA,1930,7,11,NA,NA,"Dusmet","P. Álvarez [Piluca Álvarez Fidalgo]",0,1,"Colección Dusmet",0,"MNCN",NA,NA,"Pérez, 1903",NA,NA
"Colletes","","abeillei",NA,"España","Madrid","Galapagar",NA,NA,NA,1932,6,18,NA,NA,"Dusmet","P. Álvarez [Piluca Álvarez Fidalgo]",0,1,"Colección Dusmet",0,"MNCN",NA,NA,"Pérez, 1903",NA,NA
"Colletes","","abeillei",NA,"España","Madrid","Galapagar",NA,NA,NA,1932,6,18,NA,NA,"Dusmet","P. Álvarez [Piluca Álvarez Fidalgo]",0,1,"Colección Dusmet",0,"MNCN",NA,NA,"Pérez, 1903",NA,NA
"Colletes","","abeillei",NA,"España","Madrid","Galapagar",NA,NA,NA,1932,6,18,NA,NA,"Dusmet","P. Álvarez [Piluca Álvarez Fidalgo]",0,1,"Colección Dusmet",0,"MNCN",NA,NA,"Pérez, 1903",NA,NA
"Colletes","","abeillei",NA,"España","Madrid","Galapagar",NA,NA,NA,1932,6,18,NA,NA,"Dusmet","P. Álvarez [Piluca Álvarez Fidalgo]",0,1,"Colección Dusmet",0,"MNCN",NA,NA,"Pérez, 1903",NA,NA
"Colletes","","abeillei",NA,"España","Madrid","Galapagar",NA,NA,NA,1932,6,18,NA,NA,"Dusmet","P. Álvarez [Piluca Álvarez Fidalgo]",0,1,"Colección Dusmet",0,"MNCN",NA,NA,"Pérez, 1903",NA,NA
"Colletes","","abeillei",NA,"España","Madrid","Galapagar",NA,NA,NA,1932,6,18,NA,NA,"Dusmet","P. Álvarez [Piluca Álvarez Fidalgo]",0,1,"Colección Dusmet",0,"MNCN",NA,NA,"Pérez, 1903",NA,NA
"Colletes","","abeillei",NA,"España","Madrid","Galapagar",NA,NA,NA,1932,6,18,NA,NA,"Dusmet","P. Álvarez [Piluca Álvarez Fidalgo]",0,1,"Colección Dusmet",0,"MNCN",NA,NA,"Pérez, 1903",NA,NA
"Colletes","","abeillei",NA,"España","Madrid","Galapagar",NA,NA,NA,1932,6,18,NA,NA,"Dusmet","P. Álvarez [Piluca Álvarez Fidalgo]",0,1,"Colección Dusmet",0,"MNCN",NA,NA,"Pérez, 1903",NA,NA
"Colletes","","abeillei",NA,"España","Madrid","Galapagar",NA,NA,NA,1932,6,18,NA,NA,"Dusmet","P. Álvarez [Piluca Álvarez Fidalgo]",0,1,"Colección Dusmet",0,"MNCN",NA,NA,"Pérez, 1903",NA,NA
"Colletes","","abeillei",NA,"España","Madrid","Galapagar",NA,NA,NA,1932,6,18,NA,NA,"Dusmet","P. Álvarez [Piluca Álvarez Fidalgo]",1,0,"Colección Dusmet",0,"MNCN",NA,NA,"Pérez, 1903",NA,NA
"Colletes","","abeillei",NA,"España","Madrid","Pozuelo de Alarcón",NA,NA,NA,1961,NA,NA,NA,NA,"R. Ruano","P. Álvarez [Piluca Álvarez Fidalgo]",0,1,"",0,"MNCN",NA,NA,"Pérez, 1903",NA,NA
"Colletes","","abeillei",NA,"España","Madrid","Pozuelo de Alarcón",NA,NA,NA,1961,NA,NA,NA,NA,"R. Ruano","P. Álvarez [Piluca Álvarez Fidalgo]",0,1,"",0,"MNCN",NA,NA,"Pérez, 1903",NA,NA
"Colletes","","abeillei",NA,"España","Madrid","Pozuelo de Alarcón",NA,NA,NA,1961,NA,NA,NA,NA,"R. Ruano","P. Álvarez [Piluca Álvarez Fidalgo]",0,1,"",0,"MNCN",NA,NA,"Pérez, 1903",NA,NA
"Colletes","","abeillei",NA,"España","Madrid","Pozuelo de Alarcón",NA,NA,NA,1961,NA,NA,NA,NA,"R. Ruano","P. Álvarez [Piluca Álvarez Fidalgo]",0,1,"",0,"MNCN",NA,NA,"Pérez, 1903",NA,NA
"Colletes","","abeillei",NA,"España","Madrid","Pozuelo de Alarcón",NA,NA,NA,1961,NA,NA,NA,NA,"R. Ruano","P. Álvarez [Piluca Álvarez Fidalgo]",0,1,"",0,"MNCN",NA,NA,"Pérez, 1903",NA,NA
"Colletes","","abeillei",NA,"España","Madrid","Pozuelo de Alarcón",NA,NA,NA,1961,NA,NA,NA,NA,"R. Ruano","P. Álvarez [Piluca Álvarez Fidalgo]",0,1,"",0,"MNCN",NA,NA,"Pérez, 1903",NA,NA
"Colletes","","abeillei",NA,"España","Madrid","Pozuelo de Alarcón",NA,NA,NA,1961,NA,NA,NA,NA,"R. Ruano","P. Álvarez [Piluca Álvarez Fidalgo]",0,1,"",0,"MNCN",NA,NA,"Pérez, 1903",NA,NA
"Colletes","","abeillei",NA,"España","Madrid","Pozuelo de Alarcón",NA,NA,NA,1961,NA,NA,NA,NA,"R. Ruano","P. Álvarez [Piluca Álvarez Fidalgo]",0,1,"",0,"MNCN",NA,NA,"Pérez, 1903",NA,NA
"Colletes","","abeillei",NA,"España","Madrid","Pozuelo de Alarcón",NA,NA,NA,1958,6,18,NA,NA,"R. Ruano","P. Álvarez [Piluca Álvarez Fidalgo]",0,1,"",0,"MNCN",NA,NA,"Pérez, 1903",NA,NA
"Colletes","","abeillei",NA,"España","Madrid","Pozuelo de Alarcón",NA,NA,NA,1961,NA,NA,NA,NA,"R. Ruano","P. Álvarez [Piluca Álvarez Fidalgo]",0,1,"",0,"MNCN",NA,NA,"Pérez, 1903",NA,NA
"Colletes","","abeillei",NA,"España","Madrid","Pozuelo de Alarcón",NA,NA,NA,1961,NA,NA,NA,NA,"R. Ruano","P. Álvarez [Piluca Álvarez Fidalgo]",0,1,"",0,"MNCN",NA,NA,"Pérez, 1903",NA,NA
"Colletes","","abeillei",NA,"España","Madrid","Pozuelo de Alarcón",NA,NA,NA,1961,NA,NA,NA,NA,"R. Ruano","P. Álvarez [Piluca Álvarez Fidalgo]",0,1,"",0,"MNCN",NA,NA,"Pérez, 1903",NA,NA
"Colletes","","abeillei",NA,"España","Madrid","Pozuelo de Alarcón",NA,NA,NA,1961,NA,NA,NA,NA,"R. Ruano","P. Álvarez [Piluca Álvarez Fidalgo]",0,1,"",0,"MNCN",NA,NA,"Pérez, 1903",NA,NA
"Colletes","","abeillei",NA,"España","Madrid","Pozuelo de Alarcón",NA,NA,NA,1961,NA,NA,NA,NA,"R. Ruano","P. Álvarez [Piluca Álvarez Fidalgo]",0,1,"",0,"MNCN",NA,NA,"Pérez, 1903",NA,NA
"Colletes","","abeillei",NA,"España","Madrid","Pozuelo de Alarcón",NA,NA,NA,1961,NA,NA,NA,NA,"R. Ruano","P. Álvarez [Piluca Álvarez Fidalgo]",0,1,"",0,"MNCN",NA,NA,"Pérez, 1903",NA,NA
"Colletes","","abeillei",NA,"España","Madrid","Pozuelo de Alarcón",NA,NA,NA,1961,NA,NA,NA,NA,"R. Ruano","P. Álvarez [Piluca Álvarez Fidalgo]",0,1,"",0,"MNCN",NA,NA,"Pérez, 1903",NA,NA
"Colletes","","abeillei",NA,"España","Madrid","Los Molinos",NA,NA,NA,1902,NA,NA,NA,NA,"Mercet","P. Álvarez [Piluca Álvarez Fidalgo]",0,1,"",0,"MNCN",NA,NA,"Pérez, 1903",NA,NA
"Colletes","","abeillei",NA,"España","Madrid","Los Molinos",NA,NA,NA,1902,NA,NA,NA,NA,"G. Mercet","P. Álvarez [Piluca Álvarez Fidalgo]",0,1,"Colección Gª Mercet",0,"MNCN",NA,NA,"Pérez, 1903",NA,NA
"Colletes","","abeillei",NA,"España","Madrid","Los Molinos",NA,NA,NA,1902,NA,NA,NA,NA,"G. Mercet","P. Álvarez [Piluca Álvarez Fidalgo]",0,1,"",0,"MNCN",NA,NA,"Pérez, 1903",NA,NA
"Colletes","","abeillei",NA,"España","Madrid","Los Molinos",NA,NA,NA,1902,NA,NA,NA,NA,"G. Mercet","P. Álvarez [Piluca Álvarez Fidalgo]",0,1,"",0,"MNCN",NA,NA,"Pérez, 1903",NA,NA
"Colletes","","abeillei",NA,"España","Madrid","Los Molinos",NA,NA,NA,1902,NA,NA,NA,NA,"G. Mercet","P. Álvarez [Piluca Álvarez Fidalgo]",0,1,"",0,"MNCN",NA,NA,"Pérez, 1903",NA,NA
"Colletes","","abeillei",NA,"España","Madrid","Los Molinos",NA,NA,NA,1902,NA,NA,NA,NA,"G. Mercet","P. Álvarez [Piluca Álvarez Fidalgo]",1,0,"Col. R. G. Mercet",0,"MNCN",NA,NA,"Pérez, 1903",NA,NA
"Colletes","","abeillei",NA,"España","Madrid","Los Molinos",NA,NA,NA,1902,NA,NA,NA,NA,"G. Mercet","P. Álvarez [Piluca Álvarez Fidalgo]",1,0,"",0,"MNCN",NA,NA,"Pérez, 1903",NA,NA
"Colletes","","abeillei",NA,"España","","",NA,NA,NA,1931,7,10,NA,NA,"Dusmet","P. Álvarez [Piluca Álvarez Fidalgo]",1,0,"Colección Dusmet",0,"MNCN",NA,NA,"Pérez, 1903",NA,NA
"Colletes","","abeillei",NA,"España","","",NA,NA,NA,1931,7,10,NA,NA,"Dusmet","P. Álvarez [Piluca Álvarez Fidalgo]",1,0,"Colección Dusmet",0,"MNCN",NA,NA,"Pérez, 1903",NA,NA
"Colletes","","abeillei",NA,"España","","",NA,NA,NA,1931,7,10,NA,NA,"Dusmet","P. Álvarez [Piluca Álvarez Fidalgo]",1,0,"Colección Dusmet",0,"MNCN",NA,NA,"Pérez, 1903",NA,NA
"Colletes","","abeillei",NA,"España","","",NA,NA,NA,1931,7,10,NA,NA,"Dusmet","P. Álvarez [Piluca Álvarez Fidalgo]",1,0,"Colección Dusmet",0,"MNCN",NA,NA,"Pérez, 1903",NA,NA
"Colletes","","abeillei",NA,"España","","",NA,NA,NA,1931,7,10,NA,NA,"Dusmet","P. Álvarez [Piluca Álvarez Fidalgo]",1,0,"Colección Dusmet",0,"MNCN",NA,NA,"Pérez, 1903",NA,NA
"Colletes","","abeillei",NA,"España","","",NA,NA,NA,1931,7,10,NA,NA,"Dusmet","P. Álvarez [Piluca Álvarez Fidalgo]",1,0,"Colección Dusmet",0,"MNCN",NA,NA,"Pérez, 1903",NA,NA
"Colletes","","abeillei",NA,"España","","",NA,NA,NA,1931,7,10,NA,NA,"Dusmet","P. Álvarez [Piluca Álvarez Fidalgo]",1,0,"Colección Dusmet",0,"MNCN",NA,NA,"Pérez, 1903",NA,NA
"Colletes","","abeillei",NA,"España","","",NA,NA,NA,1931,7,10,NA,NA,"Dusmet","P. Álvarez [Piluca Álvarez Fidalgo]",1,0,"Colección Dusmet",0,"MNCN",NA,NA,"Pérez, 1903",NA,NA
"Colletes","","abeillei",NA,"España","","",NA,NA,NA,1931,7,10,NA,NA,"Dusmet","P. Álvarez [Piluca Álvarez Fidalgo]",1,0,"Colección Dusmet",0,"MNCN",NA,NA,"Pérez, 1903",NA,NA
"Colletes","","abeillei",NA,"España","","",NA,NA,NA,1931,7,10,NA,NA,"Dusmet","P. Álvarez [Piluca Álvarez Fidalgo]",1,0,"Colección Dusmet",0,"MNCN",NA,NA,"Pérez, 1903",NA,NA
"Colletes","","abeillei",NA,"España","Barcelona","Pedralbes",NA,NA,NA,1894,10,NA,NA,NA,"sin datos","P. Álvarez [Piluca Álvarez Fidalgo]",1,0,"",0,"MNCN",NA,NA,"Pérez, 1903",NA,NA
"Colletes","","abeillei",NA,"España","Barcelona","Pedralbes",NA,NA,NA,1894,10,NA,NA,NA,"sin datos","P. Álvarez [Piluca Álvarez Fidalgo]",1,0,"",0,"MNCN",NA,NA,"Pérez, 1903",NA,NA
"Colletes","","abeillei",NA,"España","","",NA,NA,NA,1931,7,10,NA,NA,"Dusmet","P. Álvarez [Piluca Álvarez Fidalgo]",1,0,"Colección Dusmet",0,"MNCN",NA,NA,"Pérez, 1903",NA,NA
"Colletes","","abeillei",NA,"España","","",NA,NA,NA,1931,7,10,NA,NA,"Dusmet","P. Álvarez [Piluca Álvarez Fidalgo]",1,0,"Colección Dusmet",0,"MNCN",NA,NA,"Pérez, 1903",NA,NA
"Colletes","","abeillei",NA,"España","","",NA,NA,NA,1931,7,10,NA,NA,"Dusmet","P. Álvarez [Piluca Álvarez Fidalgo]",0,1,"Colección Dusmet",0,"MNCN",NA,NA,"Pérez, 1903",NA,NA
"Colletes","","abeillei",NA,"España","Madrid","Móstoles",NA,NA,NA,1930,5,NA,NA,NA,"J. Dusmet","P. Álvarez [Piluca Álvarez Fidalgo]",0,1,"Colección Dusmet",0,"MNCN",NA,NA,"Pérez, 1903",NA,NA
"Colletes","","abeillei",NA,"España","Madrid","Móstoles",NA,NA,NA,1930,5,NA,NA,NA,"J. Dusmet","P. Álvarez [Piluca Álvarez Fidalgo]",0,1,"Colección Dusmet",0,"MNCN",NA,NA,"Pérez, 1903",NA,NA
"Colletes","","abeillei",NA,"España","Madrid","Aldea del Fresno",NA,NA,NA,1906,6,26,NA,NA,"Dusmet","P. Álvarez [Piluca Álvarez Fidalgo]",0,1,"Colección Dusmet",0,"MNCN",NA,NA,"Pérez, 1903",NA,NA
"Colletes","","abeillei",NA,"España","Madrid","Villaviciosa de Odón",NA,NA,NA,1909,6,29,NA,NA,"Dusmet","P. Álvarez [Piluca Álvarez Fidalgo]",0,1,"Coll. Dusmet",0,"MNCN",NA,NA,"Pérez, 1903",NA,NA
"Colletes","","abeillei",NA,"España","Madrid","Villaviciosa de Odón",NA,NA,NA,1909,6,29,NA,NA,"Dusmet","P. Álvarez [Piluca Álvarez Fidalgo]",0,1,"Coll. Dusmet",0,"MNCN",NA,NA,"Pérez, 1903",NA,NA
"Colletes","","abeillei",NA,"España","Madrid","Villaviciosa de Odón",NA,NA,NA,1909,6,29,NA,NA,"Dusmet","P. Álvarez [Piluca Álvarez Fidalgo]",0,1,"Coll. Dusmet",0,"MNCN",NA,NA,"Pérez, 1903",NA,NA
"Colletes","","abeillei",NA,"España","Madrid","Paracuellos de Jarama",NA,NA,NA,1925,6,2,NA,NA,"J. Dusmet","P. Álvarez [Piluca Álvarez Fidalgo]",0,1,"Coll. Dusmet",0,"MNCN",NA,NA,"Pérez, 1903",NA,NA
"Colletes","","abeillei",NA,"España","Madrid","Paracuellos de Jarama",NA,NA,NA,1925,6,2,NA,NA,"J. Dusmet","P. Álvarez [Piluca Álvarez Fidalgo]",0,1,"Coll. Dusmet",0,"MNCN",NA,NA,"Pérez, 1903",NA,NA
"Colletes","","abeillei",NA,"España","Madrid","Paracuellos de Jarama",NA,NA,NA,1925,6,2,NA,NA,"J. Dusmet","P. Álvarez [Piluca Álvarez Fidalgo]",0,1,"Coll. Dusmet",0,"MNCN",NA,NA,"Pérez, 1903",NA,NA
"Colletes","","abeillei",NA,"España","Madrid","Paracuellos de Jarama",NA,NA,NA,1925,6,2,NA,NA,"J. Dusmet","P. Álvarez [Piluca Álvarez Fidalgo]",0,1,"Coll. Dusmet",0,"MNCN",NA,NA,"Pérez, 1903",NA,NA
"Colletes","","abeillei",NA,"España","Madrid","Rivas-Vaciamadrid",NA,NA,NA,1931,6,3,NA,NA,"Dusmet","P. Álvarez [Piluca Álvarez Fidalgo]",0,1,"Colección Dusmet",0,"MNCN",NA,NA,"Pérez, 1903",NA,NA
"Colletes","","abeillei",NA,"España","Madrid","La Poveda",NA,NA,NA,1902,7,3,NA,NA,"Dusmet","P. Álvarez [Piluca Álvarez Fidalgo]",1,0,"Colección Dusmet",0,"MNCN",NA,NA,"Pérez, 1903",NA,NA
"Colletes","","abeillei",NA,"España","Madrid","La Poveda",NA,NA,NA,1902,7,3,NA,NA,"Dusmet","P. Álvarez [Piluca Álvarez Fidalgo]",1,0,"Colección Dusmet",0,"MNCN",NA,NA,"Pérez, 1903",NA,NA
"Colletes","","abeillei",NA,"España","Madrid","Madrid",NA,NA,NA,1949,5,5,NA,NA,"J.L. Saavedra","P. Álvarez [Piluca Álvarez Fidalgo]",1,0,"",0,"MNCN",NA,NA,"Pérez, 1903",NA,NA
"Colletes","","abeillei",NA,"España","Madrid","Madrid",NA,NA,NA,1956,6,11,NA,NA,"J. Templado","P. Álvarez [Piluca Álvarez Fidalgo]",1,0,"",0,"MNCN",NA,NA,"Pérez, 1903",NA,NA
"Colletes","","abeillei",NA,"España","Madrid","Madrid",NA,NA,NA,1956,6,11,NA,NA,"J. Templado","P. Álvarez [Piluca Álvarez Fidalgo]",0,1,"",0,"MNCN",NA,NA,"Pérez, 1903",NA,NA
"Colletes","","abeillei",NA,"España","Madrid","Madrid",NA,NA,NA,1978,6,NA,NA,NA,"P. Montenegro","P. Álvarez [Piluca Álvarez Fidalgo]",0,1,"",0,"MNCN",NA,NA,"Pérez, 1903",NA,NA
"Colletes","","abeillei",NA,"España","Madrid","San Fernando de Henares",NA,NA,NA,1905,5,28,NA,NA,"Dusmet","P. Álvarez [Piluca Álvarez Fidalgo]",0,1,"Coll. Dusmet",0,"MNCN",NA,NA,"Pérez, 1903",NA,NA
"Colletes","","abeillei",NA,"España","Madrid","El Pardo",NA,NA,NA,1910,6,26,NA,NA,"Dusmet","P. Álvarez [Piluca Álvarez Fidalgo]",1,0,"Coll. Dusmet",0,"MNCN",NA,NA,"Pérez, 1903",NA,NA
"Colletes","","abeillei",NA,"España","Madrid","El Pardo",NA,NA,NA,1910,6,26,NA,NA,"Dusmet","P. Álvarez [Piluca Álvarez Fidalgo]",1,0,"Colección Dusmet",0,"MNCN",NA,NA,"Pérez, 1903",NA,NA
"Colletes","","abeillei",NA,"España","Madrid","El Pardo",NA,NA,NA,1910,6,26,NA,NA,"Dusmet","P. Álvarez [Piluca Álvarez Fidalgo]",0,1,"Coll. Dusmet",0,"MNCN",NA,NA,"Pérez, 1903",NA,NA
"Colletes","","abeillei",NA,"España","Madrid","El Pardo",NA,NA,NA,1910,6,26,NA,NA,"Dusmet","P. Álvarez [Piluca Álvarez Fidalgo]",0,1,"Coll. Dusmet",0,"MNCN",NA,NA,"Pérez, 1903",NA,NA
"Colletes","","abeillei",NA,"España","Madrid","El Pardo",NA,NA,NA,1910,6,26,NA,NA,"Dusmet","P. Álvarez [Piluca Álvarez Fidalgo]",0,1,"Coll. Dusmet",0,"MNCN",NA,NA,"Pérez, 1903",NA,NA
"Colletes","","abeillei",NA,"España","Madrid","El Pardo",NA,NA,NA,1910,6,26,NA,NA,"Dusmet","P. Álvarez [Piluca Álvarez Fidalgo]",0,1,"Coll. Dusmet",0,"MNCN",NA,NA,"Pérez, 1903",NA,NA
"Colletes","","abeillei",NA,"España","Madrid","El Pardo",NA,NA,NA,1910,6,26,NA,NA,"Dusmet","P. Álvarez [Piluca Álvarez Fidalgo]",0,1,"Coll. Dusmet",0,"MNCN",NA,NA,"Pérez, 1903",NA,NA
"Colletes","","abeillei",NA,"España","Madrid","El Pardo",NA,NA,NA,1910,6,26,NA,NA,"Dusmet","P. Álvarez [Piluca Álvarez Fidalgo]",0,1,"Coll. Dusmet",0,"MNCN",NA,NA,"Pérez, 1903",NA,NA
"Colletes","","abeillei",NA,"España","Madrid","El Pardo",NA,NA,NA,1910,6,26,NA,NA,"Dusmet","P. Álvarez [Piluca Álvarez Fidalgo]",0,1,"Coll. Dusmet",0,"MNCN",NA,NA,"Pérez, 1903",NA,NA
"Colletes","","abeillei",NA,"España","Madrid","El Pardo",NA,NA,NA,1910,6,26,NA,NA,"Dusmet","P. Álvarez [Piluca Álvarez Fidalgo]",0,1,"Coll. Dusmet",0,"MNCN",NA,NA,"Pérez, 1903",NA,NA
"Colletes","","abeillei",NA,"España","Madrid","El Pardo",NA,NA,NA,1910,6,26,NA,NA,"Dusmet","P. Álvarez [Piluca Álvarez Fidalgo]",0,1,"Colección Dusmet",0,"MNCN",NA,NA,"Pérez, 1903",NA,NA
"Colletes","","abeillei",NA,"España","","",NA,NA,NA,1931,7,10,NA,NA,"Dusmet","P. Álvarez [Piluca Álvarez Fidalgo]",1,0,"Colección Dusmet",0,"MNCN",NA,NA,"Pérez, 1903",NA,NA
"Colletes","","abeillei",NA,"España","Madrid","Madrid",NA,NA,NA,1912,6,16,NA,NA,"Mercet","P. Álvarez [Piluca Álvarez Fidalgo]",0,1,"Col. R. G. Mercet",0,"MNCN",NA,NA,"Pérez, 1903",NA,NA
"Colletes","","abeillei",NA,"España","Madrid","Madrid",NA,NA,NA,1900,NA,NA,NA,NA,"G. Mercet","P. Álvarez [Piluca Álvarez Fidalgo]",0,1,"Col. R. G. Mercet",0,"MNCN",NA,NA,"Pérez, 1903",NA,NA
"Colletes","","abeillei",NA,"España","Madrid","Madrid",NA,NA,NA,1900,NA,NA,NA,NA,"Mercet","P. Álvarez [Piluca Álvarez Fidalgo]",0,1,"",0,"MNCN",NA,NA,"Pérez, 1903",NA,NA
"Colletes","","abeillei",NA,"España","Madrid","Madrid",NA,NA,NA,1900,NA,NA,NA,NA,"Mercet","P. Álvarez [Piluca Álvarez Fidalgo]",0,1,"",0,"MNCN",NA,NA,"Pérez, 1903",NA,NA
"Colletes","","abeillei",NA,"España","Madrid","Madrid",NA,NA,NA,1900,NA,NA,NA,NA,"Mercet","P. Álvarez [Piluca Álvarez Fidalgo]",0,1,"",0,"MNCN",NA,NA,"Pérez, 1903",NA,NA
"Colletes","","abeillei",NA,"España","Madrid","Madrid",NA,NA,NA,1900,NA,NA,NA,NA,"Mercet","P. Álvarez [Piluca Álvarez Fidalgo]",0,1,"",0,"MNCN",NA,NA,"Pérez, 1903",NA,NA
"Colletes","","abeillei",NA,"España","Córdoba","Fuente Obejuna",NA,NA,NA,1927,6,12,NA,NA,"A. Seyrig","P. Álvarez [Piluca Álvarez Fidalgo]",0,1,"Coll. Dusmet",0,"MNCN",NA,NA,"Pérez, 1903",NA,NA
"Colletes","","abeillei",NA,"España","Córdoba","Espiel",NA,NA,NA,1927,5,26,NA,NA,"A. Seyrig","P. Álvarez [Piluca Álvarez Fidalgo]",0,1,"Coll. Dusmet",0,"MNCN",NA,NA,"Pérez, 1903",NA,NA
"Colletes","","abeillei",NA,"España","Córdoba","Espiel",NA,NA,NA,1927,5,26,NA,NA,"A. Seyrig","P. Álvarez [Piluca Álvarez Fidalgo]",0,1,"Coll. Dusmet",0,"MNCN",NA,NA,"Pérez, 1903",NA,NA
"Colletes","","abeillei",NA,"España","Madrid","El Pardo",NA,NA,NA,1910,6,26,NA,NA,"Dusmet","P. Álvarez [Piluca Álvarez Fidalgo]",0,1,"Colección Dusmet",0,"MNCN",NA,NA,"Pérez, 1903",NA,NA
"Colletes","","abeillei",NA,"España","Madrid","El Pardo",NA,NA,NA,1910,6,26,NA,NA,"Dusmet","P. Álvarez [Piluca Álvarez Fidalgo]",0,1,"Colección Dusmet",0,"MNCN",NA,NA,"Pérez, 1903",NA,NA
"Colletes","","abeillei",NA,"España","Madrid","El Pardo",NA,NA,NA,1911,7,9,NA,NA,"Dusmet","P. Álvarez [Piluca Álvarez Fidalgo]",0,1,"Coll. Dusmet",0,"MNCN",NA,NA,"Pérez, 1903",NA,NA
"Colletes","","abeillei",NA,"España","Madrid","El Pardo",NA,NA,NA,1911,9,24,NA,NA,"Dusmet","P. Álvarez [Piluca Álvarez Fidalgo]",0,1,"Coll. Dusmet",0,"MNCN",NA,NA,"Pérez, 1903",NA,NA
"Colletes","","abeillei",NA,"España","Madrid","El Pardo",NA,NA,NA,1911,9,24,NA,NA,"Dusmet","P. Álvarez [Piluca Álvarez Fidalgo]",0,1,"Coll. Dusmet",0,"MNCN",NA,NA,"Pérez, 1903",NA,NA
"Colletes","","abeillei",NA,"España","Madrid","El Pardo",NA,NA,NA,1914,9,14,NA,NA,"Dusmet","P. Álvarez [Piluca Álvarez Fidalgo]",0,1,"Coll. Dusmet",0,"MNCN",NA,NA,"Pérez, 1903",NA,NA
"Colletes","","abeillei",NA,"España","Madrid","El Pardo",NA,NA,NA,1903,NA,NA,NA,NA,"Arias","P. Álvarez [Piluca Álvarez Fidalgo]",0,1,"",0,"MNCN",NA,NA,"Pérez, 1903",NA,NA
"Colletes","","abeillei",NA,"España","Madrid","El Pardo",NA,NA,NA,1936,6,24,NA,NA,"Dusmet","P. Álvarez [Piluca Álvarez Fidalgo]",0,1,"Colección Dusmet",0,"MNCN",NA,NA,"Pérez, 1903",NA,NA
"Colletes","","abeillei",NA,"España","Madrid","El Pardo",NA,NA,NA,1936,6,24,NA,NA,"Dusmet","P. Álvarez [Piluca Álvarez Fidalgo]",0,1,"Colección Dusmet",0,"MNCN",NA,NA,"Pérez, 1903",NA,NA
"Colletes","","abeillei",NA,"España","Madrid","El Pardo",NA,NA,NA,1936,6,24,NA,NA,"Dusmet","P. Álvarez [Piluca Álvarez Fidalgo]",0,1,"Colección Dusmet",0,"MNCN",NA,NA,"Pérez, 1903",NA,NA
"Colletes","","abeillei",NA,"España","Madrid","El Pardo",NA,NA,NA,1936,6,24,NA,NA,"Dusmet","P. Álvarez [Piluca Álvarez Fidalgo]",0,1,"Colección Dusmet",0,"MNCN",NA,NA,"Pérez, 1903",NA,NA
"Colletes","","abeillei",NA,"España","Madrid","El Pardo",NA,NA,NA,1936,6,24,NA,NA,"Dusmet","P. Álvarez [Piluca Álvarez Fidalgo]",0,1,"Colección Dusmet",0,"MNCN",NA,NA,"Pérez, 1903",NA,NA
"Colletes","","abeillei",NA,"España","Madrid","El Pardo",NA,NA,NA,1936,6,24,NA,NA,"Dusmet","P. Álvarez [Piluca Álvarez Fidalgo]",0,1,"Colección Dusmet",0,"MNCN",NA,NA,"Pérez, 1903",NA,NA
"Colletes","","abeillei",NA,"España","Madrid","El Pardo",NA,NA,NA,1936,6,24,NA,NA,"Dusmet","P. Álvarez [Piluca Álvarez Fidalgo]",0,1,"Colección Dusmet",0,"MNCN",NA,NA,"Pérez, 1903",NA,NA
"Colletes","","abeillei",NA,"España","Madrid","El Pardo",NA,NA,NA,1936,6,24,NA,NA,"Dusmet","P. Álvarez [Piluca Álvarez Fidalgo]",0,1,"Colección Dusmet",0,"MNCN",NA,NA,"Pérez, 1903",NA,NA
"Colletes","","abeillei",NA,"España","Madrid","El Pardo",NA,NA,NA,1936,6,24,NA,NA,"Dusmet","P. Álvarez [Piluca Álvarez Fidalgo]",0,1,"Colección Dusmet",0,"MNCN",NA,NA,"Pérez, 1903",NA,NA
"Colletes","","abeillei",NA,"España","Madrid","El Pardo",NA,NA,NA,1936,6,24,NA,NA,"Dusmet","P. Álvarez [Piluca Álvarez Fidalgo]",0,1,"Colección Dusmet",0,"MNCN",NA,NA,"Pérez, 1903",NA,NA
"Colletes","","abeillei",NA,"España","Madrid","El Pardo",NA,NA,NA,1936,6,24,NA,NA,"Dusmet","P. Álvarez [Piluca Álvarez Fidalgo]",0,1,"Colección Dusmet",0,"MNCN",NA,NA,"Pérez, 1903",NA,NA
"Colletes","","abeillei",NA,"España","Madrid","El Pardo",NA,NA,NA,1936,6,24,NA,NA,"Dusmet","P. Álvarez [Piluca Álvarez Fidalgo]",0,1,"Colección Dusmet",0,"MNCN",NA,NA,"Pérez, 1903",NA,NA
"Colletes","","abeillei",NA,"España","Madrid","El Pardo",NA,NA,NA,1936,6,24,NA,NA,"Dusmet","P. Álvarez [Piluca Álvarez Fidalgo]",0,1,"Colección Dusmet",0,"MNCN",NA,NA,"Pérez, 1903",NA,NA
"Colletes","","abeillei",NA,"España","Madrid","El Pardo",NA,NA,NA,1936,6,24,NA,NA,"Dusmet","P. Álvarez [Piluca Álvarez Fidalgo]",0,1,"Colección Dusmet",0,"MNCN",NA,NA,"Pérez, 1903",NA,NA
"Colletes","","abeillei",NA,"España","Madrid","El Pardo",NA,NA,NA,1936,6,24,NA,NA,"Dusmet","P. Álvarez [Piluca Álvarez Fidalgo]",0,1,"Colección Dusmet",0,"MNCN",NA,NA,"Pérez, 1903",NA,NA
"Colletes","","abeillei",NA,"España","Madrid","El Pardo",NA,NA,NA,1936,6,24,NA,NA,"Dusmet","P. Álvarez [Piluca Álvarez Fidalgo]",0,1,"Colección Dusmet",0,"MNCN",NA,NA,"Pérez, 1903",NA,NA
"Colletes","","abeillei",NA,"España","Madrid","El Pardo",NA,NA,NA,1936,6,24,NA,NA,"Dusmet","P. Álvarez [Piluca Álvarez Fidalgo]",1,0,"Colección Dusmet",0,"MNCN",NA,NA,"Pérez, 1903",NA,NA
"Colletes","","abeillei",NA,"España","Madrid","El Pardo",NA,NA,NA,1979,6,7,NA,NA,"Susana Torres","P. Álvarez [Piluca Álvarez Fidalgo]",0,1,"",0,"MNCN",NA,NA,"Pérez, 1903",NA,NA
"Colletes","","abeillei",NA,"España","","",NA,NA,NA,1911,9,18,NA,NA,"Dusmet","P. Álvarez [Piluca Álvarez Fidalgo]",0,1,"Coll. Dusmet",0,"MNCN",NA,NA,"Pérez, 1903",NA,NA
"Colletes","","abeillei",NA,"España","","",NA,NA,NA,1911,9,18,NA,NA,"Dusmet","P. Álvarez [Piluca Álvarez Fidalgo]",0,1,"Coll. Dusmet",0,"MNCN",NA,NA,"Pérez, 1903",NA,NA
"Colletes","","abeillei",NA,"España","","",NA,NA,NA,1911,9,18,NA,NA,"Dusmet","P. Álvarez [Piluca Álvarez Fidalgo]",0,1,"Coll. Dusmet",0,"MNCN",NA,NA,"Pérez, 1903",NA,NA
"Colletes","","abeillei",NA,"España","","",NA,NA,NA,1911,9,18,NA,NA,"Dusmet","P. Álvarez [Piluca Álvarez Fidalgo]",0,1,"Coll. Dusmet",0,"MNCN",NA,NA,"Pérez, 1903",NA,NA
"Colletes","","abeillei",NA,"España","","",NA,NA,NA,1911,9,18,NA,NA,"Dusmet","P. Álvarez [Piluca Álvarez Fidalgo]",0,1,"Coll. Dusmet",0,"MNCN",NA,NA,"Pérez, 1903",NA,NA
"Colletes","","abeillei",NA,"España","","",NA,NA,NA,1911,9,18,NA,NA,"Dusmet","P. Álvarez [Piluca Álvarez Fidalgo]",0,1,"Coll. Dusmet",0,"MNCN",NA,NA,"Pérez, 1903",NA,NA
"Colletes","","abeillei",NA,"España","","",NA,NA,NA,1911,9,18,NA,NA,"Dusmet","P. Álvarez [Piluca Álvarez Fidalgo]",0,1,"Coll. Dusmet",0,"MNCN",NA,NA,"Pérez, 1903",NA,NA
"Colletes","","abeillei",NA,"España","","",NA,NA,NA,1911,9,18,NA,NA,"Dusmet","P. Álvarez [Piluca Álvarez Fidalgo]",0,1,"Coll. Dusmet",0,"MNCN",NA,NA,"Pérez, 1903",NA,NA
"Colletes","","abeillei",NA,"España","","",NA,NA,NA,1911,9,18,NA,NA,"Dusmet","P. Álvarez [Piluca Álvarez Fidalgo]",0,1,"Coll. Dusmet",0,"MNCN",NA,NA,"Pérez, 1903",NA,NA
"Colletes","","abeillei",NA,"España","","",NA,NA,NA,1911,9,18,NA,NA,"Dusmet","P. Álvarez [Piluca Álvarez Fidalgo]",1,0,"Coll. Dusmet",0,"MNCN",NA,NA,"Pérez, 1903",NA,NA
"Colletes","","abeillei",NA,"España","","",NA,NA,NA,1924,6,21,NA,NA,"Dusmet","P. Álvarez [Piluca Álvarez Fidalgo]",0,1,"Coll. Dusmet",0,"MNCN",NA,NA,"Pérez, 1903",NA,NA
"Colletes","","abeillei",NA,"España","","",NA,NA,NA,1925,6,15,NA,NA,"Dusmet","P. Álvarez [Piluca Álvarez Fidalgo]",0,1,"Coll. Dusmet",0,"MNCN",NA,NA,"Pérez, 1903",NA,NA
"Colletes","","abeillei",NA,"España","","",NA,NA,NA,1925,6,15,NA,NA,"Dusmet","P. Álvarez [Piluca Álvarez Fidalgo]",0,1,"Coll. Dusmet",0,"MNCN",NA,NA,"Pérez, 1903",NA,NA
"Colletes","","abeillei",NA,"España","","",NA,NA,NA,1925,6,15,NA,NA,"Dusmet","P. Álvarez [Piluca Álvarez Fidalgo]",1,0,"Coll. Dusmet",0,"MNCN",NA,NA,"Pérez, 1903",NA,NA
"Colletes","","abeillei",NA,"España","","",NA,NA,NA,1925,6,15,NA,NA,"Dusmet","P. Álvarez [Piluca Álvarez Fidalgo]",1,0,"Coll. Dusmet",0,"MNCN",NA,NA,"Pérez, 1903",NA,NA
"Colletes","","abeillei",NA,"España","","",NA,NA,NA,1925,6,15,NA,NA,"Dusmet","P. Álvarez [Piluca Álvarez Fidalgo]",1,0,"Coll. Dusmet",0,"MNCN",NA,NA,"Pérez, 1903",NA,NA
"Colletes","","abeillei",NA,"España","","",NA,NA,NA,1925,6,15,NA,NA,"Dusmet","P. Álvarez [Piluca Álvarez Fidalgo]",1,0,"Coll. Dusmet",0,"MNCN",NA,NA,"Pérez, 1903",NA,NA
"Colletes","","abeillei",NA,"España","","",NA,NA,NA,1925,6,15,NA,NA,"Dusmet","P. Álvarez [Piluca Álvarez Fidalgo]",1,0,"Coll. Dusmet",0,"MNCN",NA,NA,"Pérez, 1903",NA,NA
"Colletes","","abeillei",NA,"España","","",NA,NA,NA,1925,6,15,NA,NA,"Dusmet","P. Álvarez [Piluca Álvarez Fidalgo]",1,0,"Coll. Dusmet",0,"MNCN",NA,NA,"Pérez, 1903",NA,NA
"Colletes","","abeillei",NA,"España","","",NA,NA,NA,1925,6,22,NA,NA,"Dusmet","P. Álvarez [Piluca Álvarez Fidalgo]",1,0,"Coll. Dusmet",0,"MNCN",NA,NA,"Pérez, 1903",NA,NA
"Colletes","","abeillei",NA,"España","","",NA,NA,NA,1931,7,10,NA,NA,"Dusmet","P. Álvarez [Piluca Álvarez Fidalgo]",1,0,"Colección Dusmet",0,"MNCN",NA,NA,"Pérez, 1903",NA,NA
"Colletes","","abeillei",NA,"España","","",NA,NA,NA,1931,7,10,NA,NA,"Dusmet","P. Álvarez [Piluca Álvarez Fidalgo]",1,0,"Colección Dusmet",0,"MNCN",NA,NA,"Pérez, 1903",NA,NA
"Colletes","","abeillei",NA,"España","","",NA,NA,NA,1931,7,10,NA,NA,"Dusmet","P. Álvarez [Piluca Álvarez Fidalgo]",1,0,"Colección Dusmet",0,"MNCN",NA,NA,"Pérez, 1903",NA,NA
"Colletes","","abeillei",NA,"España","","",NA,NA,NA,1931,7,10,NA,NA,"Dusmet","P. Álvarez [Piluca Álvarez Fidalgo]",1,0,"Colección Dusmet",0,"MNCN",NA,NA,"Pérez, 1903",NA,NA
"Colletes","","abeillei",NA,"España","","",NA,NA,NA,1931,7,10,NA,NA,"Dusmet","P. Álvarez [Piluca Álvarez Fidalgo]",1,0,"Colección Dusmet",0,"MNCN",NA,NA,"Pérez, 1903",NA,NA
"Colletes","","abeillei",NA,"España","Córdoba","Espiel",NA,NA,NA,1927,5,26,NA,NA,"A. Seyrig","P. Álvarez [Piluca Álvarez Fidalgo]",0,1,"Coll. Dusmet",0,"MNCN",NA,NA,"Pérez, 1903",NA,NA
"Colletes","","abeillei",NA,"España","Córdoba","El Soldado",NA,NA,NA,1927,6,22,NA,NA,"A. Seyrig","P. Álvarez [Piluca Álvarez Fidalgo]",0,1,"Coll. Dusmet",0,"MNCN",NA,NA,"Pérez, 1903",NA,NA
"Colletes","","abeillei",NA,"España","Córdoba","El Soldado",NA,NA,NA,1927,6,22,NA,NA,"A. Seyrig","P. Álvarez [Piluca Álvarez Fidalgo]",0,1,"Coll. Dusmet",0,"MNCN",NA,NA,"Pérez, 1903",NA,NA
"Colletes","","abeillei",NA,"España","Córdoba","El Soldado",NA,NA,NA,1927,6,22,NA,NA,"A. Seyrig","P. Álvarez [Piluca Álvarez Fidalgo]",0,1,"Coll. Dusmet",0,"MNCN",NA,NA,"Pérez, 1903",NA,NA
"Colletes","","abeillei",NA,"España","Córdoba","El Soldado",NA,NA,NA,1927,6,22,NA,NA,"A. Seyrig","P. Álvarez [Piluca Álvarez Fidalgo]",0,1,"Coll. Dusmet",0,"MNCN",NA,NA,"Pérez, 1903",NA,NA
"Colletes","","abeillei",NA,"España","Córdoba","El Soldado",NA,NA,NA,1927,5,18,NA,NA,"A. Seyrig","P. Álvarez [Piluca Álvarez Fidalgo]",0,1,"Coll. Dusmet",0,"MNCN",NA,NA,"Pérez, 1903",NA,NA
"Colletes","","abeillei",NA,"España","Córdoba","El Soldado",NA,NA,NA,1926,NA,NA,NA,NA,"Seyrig","P. Álvarez [Piluca Álvarez Fidalgo]",1,0,"Colección Dusmet",0,"MNCN",NA,NA,"Pérez, 1903",NA,NA
"Colletes","","abeillei",NA,"España","Alicante","Orihuela",NA,NA,NA,1926,5,8,NA,NA,"Andréu","P. Álvarez [Piluca Álvarez Fidalgo]",1,0,"Coll. Dusmet",0,"MNCN",NA,NA,"Pérez, 1903",NA,NA
"Colletes","","abeillei",NA,"España","Alicante","Orihuela",NA,NA,NA,1926,5,8,NA,NA,"Andréu","P. Álvarez [Piluca Álvarez Fidalgo]",0,1,"Coll. Dusmet",0,"MNCN",NA,NA,"Pérez, 1903",NA,NA
"Colletes","","abeillei",NA,"España","Toledo","Toledo",NA,NA,NA,1906,6,10,NA,NA,"Dusmet","P. Álvarez [Piluca Álvarez Fidalgo]",0,1,"Colección Dusmet",0,"MNCN",NA,NA,"Pérez, 1903",NA,NA
"Colletes","","abeillei",NA,"España","Valencia","Valencia",NA,NA,NA,1910,NA,NA,NA,NA,"G. Mercet","P. Álvarez [Piluca Álvarez Fidalgo]",1,0,"Col. R. G. Mercet",0,"MNCN",NA,NA,"Pérez, 1903",NA,NA
"Colletes","","abeillei",NA,"España","Valencia","Valencia",NA,NA,NA,1910,NA,NA,NA,NA,"G. Mercet","P. Álvarez [Piluca Álvarez Fidalgo]",1,0,"Col. R. G. Mercet",0,"MNCN",NA,NA,"Pérez, 1903",NA,NA
"Colletes","","abeillei",NA,"España","Valencia","Valencia",NA,NA,NA,1905,NA,NA,NA,NA,"Moroder","P. Álvarez [Piluca Álvarez Fidalgo]",1,0,"",0,"MNCN",NA,NA,"Pérez, 1903",NA,NA
"Colletes","","abeillei",NA,"España","Valencia","Valencia",NA,NA,NA,1905,NA,NA,NA,NA,"Moroder","P. Álvarez [Piluca Álvarez Fidalgo]",0,1,"",0,"MNCN",NA,NA,"Pérez, 1903",NA,NA
"Colletes","","abeillei",NA,"España","Jaén","Despeñaperros",NA,NA,NA,1909,6,NA,NA,NA,"Exp. del Museo","P. Álvarez [Piluca Álvarez Fidalgo]",0,1,"",0,"MNCN",NA,NA,"Pérez, 1903",NA,NA
"Colletes","","abeillei",NA,"España","Barcelona","",NA,NA,NA,1930,9,18,NA,NA,"Villarrubia","P. Álvarez [Piluca Álvarez Fidalgo]",0,1,"Colección Dusmet",0,"MNCN",NA,NA,"Pérez, 1903",NA,NA
"Colletes","","abeillei",NA,"España","Barcelona","",NA,NA,NA,1930,9,18,NA,NA,"Villarrubia","P. Álvarez [Piluca Álvarez Fidalgo]",1,0,"Colección Dusmet",0,"MNCN",NA,NA,"Pérez, 1903",NA,NA
"Colletes","","abeillei",NA,"España","Cáceres","Baños de Montemayor",NA,NA,NA,1907,6,NA,NA,NA,"Dusmet","P. Álvarez [Piluca Álvarez Fidalgo]",1,0,"Colección Dusmet",0,"MNCN",NA,NA,"Pérez, 1903",NA,NA
"Colletes","","abeillei",NA,"España","Murcia","Archena",NA,NA,NA,1928,5,NA,NA,NA,"J. Dusmet","P. Álvarez [Piluca Álvarez Fidalgo]",0,1,"Colección Dusmet",0,"MNCN",NA,NA,"Pérez, 1903",NA,NA
"Colletes","","abeillei",NA,"España","Islas Baleares","Manacor",NA,NA,NA,1890,5,NA,NA,NA,"sin datos","P. Álvarez [Piluca Álvarez Fidalgo]",1,0,"A. Compte",0,"MNCN",NA,NA,"Pérez, 1903",NA,NA
"Colletes","","abeillei",NA,"España","Valencia","Godelleta",NA,NA,NA,1925,9,9,NA,NA,"Cervera","P. Álvarez [Piluca Álvarez Fidalgo]",1,0,"Colección Dusmet",0,"MNCN",NA,NA,"Pérez, 1903",NA,NA
"Colletes","","abeillei",NA,"España","Ávila","Parador de Gredos",NA,NA,NA,1965,10,21,NA,NA,"A. Compte","P. Álvarez [Piluca Álvarez Fidalgo]",1,0,"",0,"MNCN",NA,NA,"Pérez, 1903",NA,NA
"Colletes","","abeillei",NA,"España","Tarragona","Bañeras",NA,NA,NA,1914,6,19,NA,NA,"Andréu","P. Álvarez [Piluca Álvarez Fidalgo]",0,1,"Colección Dusmet",0,"MNCN",NA,NA,"Pérez, 1903",NA,NA
"Colletes","","abeillei",NA,"España","Ciudad Real","Pozuelo de Calatrava",NA,NA,NA,1895,NA,NA,NA,NA,"La Fuente","P. Álvarez [Piluca Álvarez Fidalgo]",0,1,"Colección Dusmet",0,"MNCN",NA,NA,"Pérez, 1903",NA,NA
"Colletes","","abeillei",NA,"España","","Alberche",NA,NA,NA,1908,NA,NA,NA,NA,"Mercet","P. Álvarez [Piluca Álvarez Fidalgo]",0,1,"",0,"MNCN",NA,NA,"Pérez, 1903",NA,NA
"Colletes","","abeillei",NA,"España","Barcelona","Pedralbes",NA,NA,NA,1894,5,20,NA,NA,"sin datos","P. Álvarez [Piluca Álvarez Fidalgo]",1,0,"",0,"MNCN",NA,NA,"Pérez, 1903",NA,NA
"Colletes","","abeillei",NA,"España","Barcelona","Pedralbes",NA,NA,NA,1894,5,18,NA,NA,"sin datos","P. Álvarez [Piluca Álvarez Fidalgo]",0,1,"",0,"MNCN",NA,NA,"Pérez, 1903",NA,NA
"Colletes","","abeillei",NA,"España","Madrid","Madrid",NA,NA,NA,1900,NA,NA,NA,NA,"G. Mercet","P. Álvarez [Piluca Álvarez Fidalgo]",0,1,"",0,"MNCN",NA,NA,"Pérez, 1903",NA,NA
"Colletes","","abeillei",NA,"España","Madrid","Madrid",NA,NA,NA,1900,NA,NA,NA,NA,"G. Mercet","P. Álvarez [Piluca Álvarez Fidalgo]",1,0,"",0,"MNCN",NA,NA,"Pérez, 1903",NA,NA
"Colletes","","abeillei",NA,"España","Madrid","Madrid",NA,NA,NA,1900,NA,NA,NA,NA,"[Escalera]","P. Álvarez [Piluca Álvarez Fidalgo]",1,0,"",0,"MNCN",NA,NA,"Pérez, 1903",NA,NA
"Colletes","","abeillei",NA,"España","Madrid","Madrid",NA,NA,NA,1900,NA,NA,NA,NA,"[Escalera]","P. Álvarez [Piluca Álvarez Fidalgo]",1,0,"",0,"MNCN",NA,NA,"Pérez, 1903",NA,NA
"Colletes","","abeillei",NA,"España","Madrid","Madrid",NA,NA,NA,1900,NA,NA,NA,NA,"[Escalera]","P. Álvarez [Piluca Álvarez Fidalgo]",1,0,"",0,"MNCN",NA,NA,"Pérez, 1903",NA,NA
"Colletes","","abeillei",NA,"España","Madrid","Madrid",NA,NA,NA,1900,NA,NA,NA,NA,"[Escalera]","P. Álvarez [Piluca Álvarez Fidalgo]",1,0,"",0,"MNCN",NA,NA,"Pérez, 1903",NA,NA
"Colletes","","abeillei",NA,"España","Madrid","Madrid",NA,NA,NA,1900,NA,NA,NA,NA,"[Escalera]","P. Álvarez [Piluca Álvarez Fidalgo]",0,1,"",0,"MNCN",NA,NA,"Pérez, 1903",NA,NA
"Colletes","","abeillei",NA,"España","Madrid","Madrid",NA,NA,NA,1900,NA,NA,NA,NA,"[Escalera]","P. Álvarez [Piluca Álvarez Fidalgo]",0,1,"",0,"MNCN",NA,NA,"Pérez, 1903",NA,NA
"Colletes","","abeillei",NA,"España","Madrid","Madrid",NA,NA,NA,1900,NA,NA,NA,NA,"[Escalera]","P. Álvarez [Piluca Álvarez Fidalgo]",0,1,"",0,"MNCN",NA,NA,"Pérez, 1903",NA,NA
"Colletes","","abeillei",NA,"España","Madrid","Madrid",NA,NA,NA,1900,NA,NA,NA,NA,"[Escalera]","P. Álvarez [Piluca Álvarez Fidalgo]",0,1,"",0,"MNCN",NA,NA,"Pérez, 1903",NA,NA
"Colletes","","abeillei",NA,"España","Madrid","Madrid",NA,NA,NA,1900,NA,NA,NA,NA,"[Escalera]","P. Álvarez [Piluca Álvarez Fidalgo]",0,1,"",0,"MNCN",NA,NA,"Pérez, 1903",NA,NA
"Colletes","","abeillei",NA,"España","Madrid","Madrid",NA,NA,NA,1900,NA,NA,NA,NA,"[Escalera]","P. Álvarez [Piluca Álvarez Fidalgo]",0,1,"",0,"MNCN",NA,NA,"Pérez, 1903",NA,NA
"Colletes","","abeillei",NA,"España","Madrid","Madrid",NA,NA,NA,1900,NA,NA,NA,NA,"[Escalera]","P. Álvarez [Piluca Álvarez Fidalgo]",0,1,"",0,"MNCN",NA,NA,"Pérez, 1903",NA,NA
"Colletes","","abeillei",NA,"España","Madrid","Madrid",NA,NA,NA,1900,NA,NA,NA,NA,"[Escalera]","P. Álvarez [Piluca Álvarez Fidalgo]",0,1,"",0,"MNCN",NA,NA,"Pérez, 1903",NA,NA
"Colletes","","abeillei",NA,"España","Madrid","Madrid",NA,NA,NA,1900,NA,NA,NA,NA,"[Escalera]","P. Álvarez [Piluca Álvarez Fidalgo]",0,1,"",0,"MNCN",NA,NA,"Pérez, 1903",NA,NA
"Colletes","","abeillei",NA,"España","Madrid","Madrid",NA,NA,NA,1900,NA,NA,NA,NA,"[Escalera]","P. Álvarez [Piluca Álvarez Fidalgo]",0,1,"",0,"MNCN",NA,NA,"Pérez, 1903",NA,NA
"Colletes","","abeillei",NA,"España","Madrid","Madrid",NA,NA,NA,1900,NA,NA,NA,NA,"[Escalera]","P. Álvarez [Piluca Álvarez Fidalgo]",0,1,"",0,"MNCN",NA,NA,"Pérez, 1903",NA,NA
"Colletes","","abeillei",NA,"España","Toledo","Escalona",NA,NA,NA,1980,6,5,NA,NA,"I. Marcos G.","P. Álvarez [Piluca Álvarez Fidalgo]",1,0,"",0,"MNCN",NA,NA,"Pérez, 1903",NA,NA
"Colletes","","abeillei",NA,"España","Madrid","Torrelodones",NA,NA,NA,1962,9,20,NA,NA,"sin datos","P. Álvarez [Piluca Álvarez Fidalgo]",1,0,"",0,"MNCN",NA,NA,"Pérez, 1903",NA,NA
"Colletes","","abeillei",NA,"España","Madrid","Torrelodones",NA,NA,NA,1962,9,20,NA,NA,"sin datos","P. Álvarez [Piluca Álvarez Fidalgo]",0,1,"",0,"MNCN",NA,NA,"Pérez, 1903",NA,NA
"Colletes","","abeillei",NA,"España","Madrid","Madrid",NA,NA,NA,1900,NA,NA,NA,NA,"[Escalera]","P. Álvarez [Piluca Álvarez Fidalgo]",0,1,"",0,"MNCN",NA,NA,"Pérez, 1903",NA,NA
"Colletes","","abeillei",NA,"España","Madrid","Madrid",NA,NA,NA,1900,NA,NA,NA,NA,"[Escalera]","P. Álvarez [Piluca Álvarez Fidalgo]",0,1,"",0,"MNCN",NA,NA,"Pérez, 1903",NA,NA
"Colletes","","abeillei",NA,"España","Madrid","San Fernando de Henares",NA,NA,NA,1900,NA,NA,NA,NA,"[Escalera]","P. Álvarez [Piluca Álvarez Fidalgo]",0,1,"",0,"MNCN",NA,NA,"Pérez, 1903",NA,NA
"Colletes","","abeillei",NA,"España","Madrid","San Fernando de Henares",NA,NA,NA,1900,NA,NA,NA,NA,"[Escalera]","P. Álvarez [Piluca Álvarez Fidalgo]",0,1,"",0,"MNCN",NA,NA,"Pérez, 1903",NA,NA
"Colletes","","abeillei",NA,"España","Madrid","Madrid",NA,NA,NA,1900,NA,NA,NA,NA,"[Escalera]","P. Álvarez [Piluca Álvarez Fidalgo]",1,0,"",0,"MNCN",NA,NA,"Pérez, 1903",NA,NA
"Colletes","","abeillei",NA,"España","Madrid","Torrelodones",NA,NA,NA,1962,9,20,NA,NA,"sin datos","P. Álvarez [Piluca Álvarez Fidalgo]",0,1,"",0,"MNCN",NA,NA,"Pérez, 1903",NA,NA
"Colletes","","abeillei",NA,"España","Madrid","Torrelodones",NA,NA,NA,1962,9,2,NA,NA,"Junco","P. Álvarez [Piluca Álvarez Fidalgo]",0,1,"",0,"MNCN",NA,NA,"Pérez, 1903",NA,NA
"Colletes","","abeillei",NA,"España","Madrid","Miraflores de la Sierra",NA,NA,NA,1986,6,18,NA,NA,"E. Mingo","P. Álvarez [Piluca Álvarez Fidalgo]",0,1,"",0,"MNCN",NA,NA,"Pérez, 1903",NA,NA
"Colletes","","abeillei",NA,"España","Madrid","La Quinta del Pardo",NA,NA,NA,1977,7,6,NA,NA,"V. Llorente","P. Álvarez [Piluca Álvarez Fidalgo]",0,1,"",0,"MNCN",NA,NA,"Pérez, 1903",NA,NA
"Colletes","","abeillei",NA,"España","Madrid","Peña Real, Colmenar Viejo",NA,NA,NA,1984,9,16,NA,NA,"V. Llorente","P. Álvarez [Piluca Álvarez Fidalgo]",0,1,"",0,"MNCN",NA,NA,"Pérez, 1903",NA,NA
"Colletes","","abeillei",NA,"España","Madrid","Madrid",NA,NA,NA,1906,6,16,NA,NA,"sin datos","P. Álvarez [Piluca Álvarez Fidalgo]",0,1,"Colección Cabrera",0,"MNCN",NA,NA,"Pérez, 1903",NA,NA
"Colletes","","abeillei",NA,"España","Madrid","Madrid",NA,NA,NA,1906,6,16,NA,NA,"sin datos","P. Álvarez [Piluca Álvarez Fidalgo]",0,1,"Colección Cabrera",0,"MNCN",NA,NA,"Pérez, 1903",NA,NA
"Colletes","","abeillei",NA,"España","Madrid","Madrid",NA,NA,NA,1906,6,16,NA,NA,"sin datos","P. Álvarez [Piluca Álvarez Fidalgo]",0,1,"Colección Cabrera",0,"MNCN",NA,NA,"Pérez, 1903",NA,NA
"Colletes","","abeillei",NA,"España","Cádiz","La Piedad, Puerto de Santa María",NA,NA,NA,1937,5,9,NA,NA,"Junco","P. Álvarez [Piluca Álvarez Fidalgo]",0,1,"",0,"MNCN",NA,NA,"Pérez, 1903",NA,NA
"Colletes","","abeillei",NA,"España","Cádiz","La Piedad, Puerto de Santa María",NA,NA,NA,1937,5,9,NA,NA,"Junco","P. Álvarez [Piluca Álvarez Fidalgo]",0,1,"",0,"MNCN",NA,NA,"Pérez, 1903",NA,NA
"Colletes","","abeillei",NA,"España","Cádiz","La Piedad, Puerto de Santa María",NA,NA,NA,1937,5,9,NA,NA,"Junco","P. Álvarez [Piluca Álvarez Fidalgo]",0,1,"",0,"MNCN",NA,NA,"Pérez, 1903",NA,NA
"Colletes","","abeillei",NA,"España","Cádiz","La Piedad, Puerto de Santa María",NA,NA,NA,1937,5,9,NA,NA,"Junco","P. Álvarez [Piluca Álvarez Fidalgo]",0,1,"",0,"MNCN",NA,NA,"Pérez, 1903",NA,NA
"Colletes","","abeillei",NA,"España","Cádiz","La Piedad, Puerto de Santa María",NA,NA,NA,1937,5,9,NA,NA,"Junco","P. Álvarez [Piluca Álvarez Fidalgo]",0,1,"",0,"MNCN",NA,NA,"Pérez, 1903",NA,NA
"Colletes","","abeillei",NA,"España","Cádiz","La Piedad, Puerto de Santa María",NA,NA,NA,1937,5,9,NA,NA,"Junco","P. Álvarez [Piluca Álvarez Fidalgo]",0,1,"",0,"MNCN",NA,NA,"Pérez, 1903",NA,NA
"Colletes","","abeillei",NA,"España","Cádiz","La Piedad, Puerto de Santa María",NA,NA,NA,1937,5,9,NA,NA,"Junco","P. Álvarez [Piluca Álvarez Fidalgo]",0,1,"",0,"MNCN",NA,NA,"Pérez, 1903",NA,NA
"Colletes","","abeillei",NA,"España","Cádiz","La Piedad, Puerto de Santa María",NA,NA,NA,1937,5,9,NA,NA,"Junco","P. Álvarez [Piluca Álvarez Fidalgo]",0,1,"",0,"MNCN",NA,NA,"Pérez, 1903",NA,NA
"Colletes","","abeillei",NA,"España","Cádiz","La Piedad, Puerto de Santa María",NA,NA,NA,1937,5,9,NA,NA,"Junco","P. Álvarez [Piluca Álvarez Fidalgo]",0,1,"",0,"MNCN",NA,NA,"Pérez, 1903",NA,NA
"Colletes","","abeillei",NA,"España","Cádiz","La Piedad, Puerto de Santa María",NA,NA,NA,1937,6,13,NA,NA,"Junco","P. Álvarez [Piluca Álvarez Fidalgo]",0,1,"",0,"MNCN",NA,NA,"Pérez, 1903",NA,NA
"Colletes","","abeillei",NA,"España","Cádiz","La Piedad, Puerto de Santa María",NA,NA,NA,1937,5,9,NA,NA,"Junco","P. Álvarez [Piluca Álvarez Fidalgo]",0,1,"",0,"MNCN",NA,NA,"Pérez, 1903",NA,NA
"Colletes","","abeillei",NA,"España","Cádiz","La Piedad, Puerto de Santa María",NA,NA,NA,1937,5,9,NA,NA,"Junco","P. Álvarez [Piluca Álvarez Fidalgo]",0,1,"",0,"MNCN",NA,NA,"Pérez, 1903",NA,NA
"Colletes","","abeillei",NA,"España","Cádiz","La Piedad, Puerto de Santa María",NA,NA,NA,1937,5,9,NA,NA,"Junco","P. Álvarez [Piluca Álvarez Fidalgo]",0,1,"",0,"MNCN",NA,NA,"Pérez, 1903",NA,NA
"Colletes","","abeillei",NA,"España","Cádiz","La Piedad, Puerto de Santa María",NA,NA,NA,1937,6,13,NA,NA,"Junco","P. Álvarez [Piluca Álvarez Fidalgo]",0,1,"",0,"MNCN",NA,NA,"Pérez, 1903",NA,NA
"Colletes","","abeillei",NA,"España","Cádiz","La Piedad, Puerto de Santa María",NA,NA,NA,1937,6,13,NA,NA,"Junco","P. Álvarez [Piluca Álvarez Fidalgo]",0,1,"",0,"MNCN",NA,NA,"Pérez, 1903",NA,NA
"Colletes","","abeillei",NA,"España","Madrid","San Lorenzo de El Escorial",NA,NA,NA,1935,9,8,NA,NA,"J. Dusmet","P. Álvarez [Piluca Álvarez Fidalgo]",0,1,"Colección Dusmet",0,"MNCN",NA,NA,"Pérez, 1903",NA,NA
"Colletes","","abeillei",NA,"España","Madrid","San Lorenzo de El Escorial",NA,NA,NA,1935,9,8,NA,NA,"J. Dusmet","P. Álvarez [Piluca Álvarez Fidalgo]",0,1,"Colección Dusmet",0,"MNCN",NA,NA,"Pérez, 1903",NA,NA
"Colletes","","abeillei",NA,"España","Madrid","El Pardo",NA,NA,NA,1936,6,24,NA,NA,"Dusmet","P. Álvarez [Piluca Álvarez Fidalgo]",0,1,"Colección Dusmet",0,"MNCN",NA,NA,"Pérez, 1903",NA,NA
"Colletes","","abeillei",NA,"España","Madrid","Madrid",NA,NA,NA,1880,NA,NA,NA,NA,"Chicote","P. Álvarez [Piluca Álvarez Fidalgo]",0,1,"",0,"MNCN",NA,NA,"Pérez, 1903",NA,NA
"Colletes","","albomaculatus",NA,"España","Madrid","Casa de Campo, Madrid",NA,NA,NA,1956,6,11,NA,NA,"J. Alvarez","P. Álvarez [Piluca Álvarez Fidalgo]",1,0,"",0,"MNCN",NA,NA,"(Lucas, 1849)",NA,NA
"Colletes","","albomaculatus",NA,"España","Madrid","Casa de Campo, Madrid",NA,NA,NA,1956,6,11,NA,NA,"J. Alvarez","P. Álvarez [Piluca Álvarez Fidalgo]",1,0,"",0,"MNCN",NA,NA,"(Lucas, 1849)",NA,NA
"Colletes","","albomaculatus",NA,"España","Madrid","Casa de Campo, Madrid",NA,NA,NA,1956,6,11,NA,NA,"J. Alvarez","P. Álvarez [Piluca Álvarez Fidalgo]",1,0,"",0,"MNCN",NA,NA,"(Lucas, 1849)",NA,NA
"Colletes","","albomaculatus",NA,"España","Madrid","Casa de Campo, Madrid",NA,NA,NA,1956,6,11,NA,NA,"J. Templado","P. Álvarez [Piluca Álvarez Fidalgo]",1,0,"",0,"MNCN",NA,NA,"(Lucas, 1849)",NA,NA
"Colletes","","albomaculatus",NA,"España","Madrid","Casa de Campo, Madrid",NA,NA,NA,1956,6,11,NA,NA,"J. Templado","P. Álvarez [Piluca Álvarez Fidalgo]",1,0,"",0,"MNCN",NA,NA,"(Lucas, 1849)",NA,NA
"Colletes","","albomaculatus",NA,"España","Madrid","Casa de Campo, Madrid",NA,NA,NA,1956,6,11,NA,NA,"S.V. Peris","P. Álvarez [Piluca Álvarez Fidalgo]",1,0,"",0,"MNCN",NA,NA,"(Lucas, 1849)",NA,NA
"Colletes","","albomaculatus",NA,"España","Madrid","Casa de Campo, Madrid",NA,NA,NA,1956,6,11,NA,NA,"S.V. Peris","P. Álvarez [Piluca Álvarez Fidalgo]",1,0,"",0,"MNCN",NA,NA,"(Lucas, 1849)",NA,NA
"Colletes","","albomaculatus",NA,"España","Madrid","Casa de Campo, Madrid",NA,NA,NA,1956,6,11,NA,NA,"S.V. Peris","P. Álvarez [Piluca Álvarez Fidalgo]",0,1,"",0,"MNCN",NA,NA,"(Lucas, 1849)",NA,NA
"Colletes","","albomaculatus",NA,"España","Islas Baleares","Manacor",NA,NA,NA,1890,5,NA,NA,NA,"sin datos","P. Álvarez [Piluca Álvarez Fidalgo]",0,1,"A. Compte",0,"MNCN",NA,NA,"(Lucas, 1849)",NA,NA
"Colletes","","albomaculatus",NA,"España","Islas Baleares","Manacor",NA,NA,NA,1890,5,NA,NA,NA,"sin datos","P. Álvarez [Piluca Álvarez Fidalgo]",0,1,"A. Compte",0,"MNCN",NA,NA,"(Lucas, 1849)",NA,NA
"Colletes","","albomaculatus",NA,"España","Granada","Alhama de Granada",NA,NA,NA,1942,6,NA,NA,NA,"J. Dusmet","P. Álvarez [Piluca Álvarez Fidalgo]",1,0,"",0,"MNCN",NA,NA,"(Lucas, 1849)",NA,NA
"Colletes","","albomaculatus",NA,"España","Cáceres","Baños de Montemayor",NA,NA,NA,1943,5,NA,NA,NA,"J. Dusmet","P. Álvarez [Piluca Álvarez Fidalgo]",0,1,"Colección Dusmet",0,"MNCN",NA,NA,"(Lucas, 1849)",NA,NA
"Colletes","","albomaculatus",NA,"España","","",NA,NA,NA,1911,7,23,NA,NA,"Dusmet","P. Álvarez [Piluca Álvarez Fidalgo]",0,1,"Coll. Dusmet",0,"MNCN",NA,NA,"(Lucas, 1849)",NA,NA
"Colletes","","albomaculatus",NA,"España","","",NA,NA,NA,1911,7,23,NA,NA,"Dusmet","P. Álvarez [Piluca Álvarez Fidalgo]",1,0,"Coll. Dusmet",0,"MNCN",NA,NA,"(Lucas, 1849)",NA,NA
"Colletes","","albomaculatus",NA,"España","","",NA,NA,NA,1911,7,23,NA,NA,"Dusmet","P. Álvarez [Piluca Álvarez Fidalgo]",1,0,"Coll. Dusmet",0,"MNCN",NA,NA,"(Lucas, 1849)",NA,NA
"Colletes","","albomaculatus",NA,"España","","",NA,NA,NA,1911,7,23,NA,NA,"Dusmet","P. Álvarez [Piluca Álvarez Fidalgo]",1,0,"Coll. Dusmet",0,"MNCN",NA,NA,"(Lucas, 1849)",NA,NA
"Colletes","","albomaculatus",NA,"España","","",NA,NA,NA,1911,7,23,NA,NA,"Dusmet","P. Álvarez [Piluca Álvarez Fidalgo]",1,0,"Coll. Dusmet",0,"MNCN",NA,NA,"(Lucas, 1849)",NA,NA
"Colletes","","albomaculatus",NA,"España","","",NA,NA,NA,1911,7,23,NA,NA,"Dusmet","P. Álvarez [Piluca Álvarez Fidalgo]",1,0,"Coll. Dusmet",0,"MNCN",NA,NA,"(Lucas, 1849)",NA,NA
"Colletes","","albomaculatus",NA,"España","","",NA,NA,NA,1911,7,23,NA,NA,"Dusmet","P. Álvarez [Piluca Álvarez Fidalgo]",1,0,"Coll. Dusmet",0,"MNCN",NA,NA,"(Lucas, 1849)",NA,NA
"Colletes","","albomaculatus",NA,"España","","",NA,NA,NA,1913,6,6,NA,NA,"Dusmet","P. Álvarez [Piluca Álvarez Fidalgo]",1,0,"Coll. Dusmet",0,"MNCN",NA,NA,"(Lucas, 1849)",NA,NA
"Colletes","","albomaculatus",NA,"España","","",NA,NA,NA,1916,6,25,NA,NA,"Dusmet","P. Álvarez [Piluca Álvarez Fidalgo]",1,0,"Coll. Dusmet",0,"MNCN",NA,NA,"(Lucas, 1849)",NA,NA
"Colletes","","albomaculatus",NA,"España","","",NA,NA,NA,1925,6,15,NA,NA,"Dusmet","P. Álvarez [Piluca Álvarez Fidalgo]",1,0,"Coll. Dusmet",0,"MNCN",NA,NA,"(Lucas, 1849)",NA,NA
"Colletes","","albomaculatus",NA,"España","","",NA,NA,NA,1927,6,21,NA,NA,"Dusmet","P. Álvarez [Piluca Álvarez Fidalgo]",1,0,"Coll. Dusmet",0,"MNCN",NA,NA,"(Lucas, 1849)",NA,NA
"Colletes","","albomaculatus",NA,"España","","",NA,NA,NA,1927,6,21,NA,NA,"Dusmet","P. Álvarez [Piluca Álvarez Fidalgo]",1,0,"Coll. Dusmet",0,"MNCN",NA,NA,"(Lucas, 1849)",NA,NA
"Colletes","","albomaculatus",NA,"España","","",NA,NA,NA,1932,6,23,NA,NA,"Dusmet","P. Álvarez [Piluca Álvarez Fidalgo]",1,0,"Colección Dusmet",0,"MNCN",NA,NA,"(Lucas, 1849)",NA,NA
"Colletes","","albomaculatus",NA,"España","","",NA,NA,NA,1932,6,23,NA,NA,"Dusmet","P. Álvarez [Piluca Álvarez Fidalgo]",1,0,"Colección Dusmet",0,"MNCN",NA,NA,"(Lucas, 1849)",NA,NA
"Colletes","","albomaculatus",NA,"España","","",NA,NA,NA,1932,6,23,NA,NA,"Dusmet","P. Álvarez [Piluca Álvarez Fidalgo]",1,0,"Colección Dusmet",0,"MNCN",NA,NA,"(Lucas, 1849)",NA,NA
"Colletes","","albomaculatus",NA,"España","","",NA,NA,NA,1932,6,23,NA,NA,"Dusmet","P. Álvarez [Piluca Álvarez Fidalgo]",1,0,"Colección Dusmet",0,"MNCN",NA,NA,"(Lucas, 1849)",NA,NA
"Colletes","","albomaculatus",NA,"España","Madrid","Madrid",NA,NA,NA,1900,NA,NA,NA,NA,"Mercet","P. Álvarez [Piluca Álvarez Fidalgo]",0,1,"",0,"MNCN",NA,NA,"(Lucas, 1849)",NA,NA
"Colletes","","albomaculatus",NA,"España","Madrid","Madrid",NA,NA,NA,1900,NA,NA,NA,NA,"Mercet","P. Álvarez [Piluca Álvarez Fidalgo]",0,1,"",0,"MNCN",NA,NA,"(Lucas, 1849)",NA,NA
"Colletes","","albomaculatus",NA,"España","Madrid","Madrid",NA,NA,NA,1900,NA,NA,NA,NA,"G. Mercet","P. Álvarez [Piluca Álvarez Fidalgo]",0,1,"",0,"MNCN",NA,NA,"(Lucas, 1849)",NA,NA
"Colletes","","albomaculatus",NA,"España","Madrid","Madrid",NA,NA,NA,1900,NA,NA,NA,NA,"G. Mercet","P. Álvarez [Piluca Álvarez Fidalgo]",1,0,"",0,"MNCN",NA,NA,"(Lucas, 1849)",NA,NA
"Colletes","","albomaculatus",NA,"España","Madrid","Madrid",NA,NA,NA,1900,NA,NA,NA,NA,"G. Mercet","P. Álvarez [Piluca Álvarez Fidalgo]",1,0,"",0,"MNCN",NA,NA,"(Lucas, 1849)",NA,NA
"Colletes","","albomaculatus",NA,"España","Madrid","Madrid",NA,NA,NA,1902,6,13,NA,NA,"Dusmet","P. Álvarez [Piluca Álvarez Fidalgo]",1,0,"Colección Dusmet",0,"MNCN",NA,NA,"(Lucas, 1849)",NA,NA
"Colletes","","albomaculatus",NA,"España","Madrid","Madrid",NA,NA,NA,1936,6,8,NA,NA,"Dusmet","P. Álvarez [Piluca Álvarez Fidalgo]",1,0,"Colección Dusmet",0,"MNCN",NA,NA,"(Lucas, 1849)",NA,NA
"Colletes","","albomaculatus",NA,"España","Madrid","Villaviciosa de Odón",NA,NA,NA,1933,5,17,NA,NA,"Dusmet","P. Álvarez [Piluca Álvarez Fidalgo]",1,0,"Colección Dusmet",0,"MNCN",NA,NA,"(Lucas, 1849)",NA,NA
"Colletes","","albomaculatus",NA,"España","Madrid","San Lorenzo de El Escorial",NA,NA,NA,1941,7,4,NA,NA,"J. Dusmet","P. Álvarez [Piluca Álvarez Fidalgo]",1,0,"Colección Dusmet",0,"MNCN",NA,NA,"(Lucas, 1849)",NA,NA
"Colletes","","albomaculatus",NA,"España","Madrid","San Lorenzo de El Escorial",NA,NA,NA,1941,7,4,NA,NA,"J. Dusmet","P. Álvarez [Piluca Álvarez Fidalgo]",1,0,"Colección Dusmet",0,"MNCN",NA,NA,"(Lucas, 1849)",NA,NA
"Colletes","","albomaculatus",NA,"España","Madrid","Paracuellos de Jarama",NA,NA,NA,1925,6,2,NA,NA,"J. Dusmet","P. Álvarez [Piluca Álvarez Fidalgo]",1,0,"",0,"MNCN",NA,NA,"(Lucas, 1849)",NA,NA
"Colletes","","albomaculatus",NA,"España","Madrid","Aranjuez",NA,NA,NA,1916,6,1,NA,NA,"Dusmet","P. Álvarez [Piluca Álvarez Fidalgo]",1,0,"Colección Dusmet",0,"MNCN",NA,NA,"(Lucas, 1849)",NA,NA
"Colletes","","albomaculatus",NA,"España","Madrid","Rivas-Vaciamadrid",NA,NA,NA,1927,5,21,NA,NA,"Dusmet","P. Álvarez [Piluca Álvarez Fidalgo]",1,0,"Coll. Dusmet",0,"MNCN",NA,NA,"(Lucas, 1849)",NA,NA
"Colletes","","albomaculatus",NA,"España","Madrid","Rivas-Vaciamadrid",NA,NA,NA,1914,6,16,NA,NA,"Dusmet","P. Álvarez [Piluca Álvarez Fidalgo]",1,0,"Coll. Dusmet",0,"MNCN",NA,NA,"(Lucas, 1849)",NA,NA
"Colletes","","albomaculatus",NA,"España","Madrid","Villaviciosa de Odón",NA,NA,NA,1912,5,23,NA,NA,"Dusmet","P. Álvarez [Piluca Álvarez Fidalgo]",1,0,"Coll. Dusmet",0,"MNCN",NA,NA,"(Lucas, 1849)",NA,NA
"Colletes","","albomaculatus",NA,"España","Madrid","Rivas-Vaciamadrid",NA,NA,NA,1900,6,10,NA,NA,"Dusmet","P. Álvarez [Piluca Álvarez Fidalgo]",0,1,"Colección Dusmet",0,"MNCN",NA,NA,"(Lucas, 1849)",NA,NA
"Colletes","","albomaculatus",NA,"España","Madrid","San Lorenzo de El Escorial",NA,NA,NA,1914,6,8,NA,NA,"Dusmet","P. Álvarez [Piluca Álvarez Fidalgo]",0,1,"Colección Dusmet",0,"MNCN",NA,NA,"(Lucas, 1849)",NA,NA
"Colletes","","albomaculatus",NA,"España","Madrid","Los Molinos",NA,NA,NA,1902,NA,NA,NA,NA,"G. Mercet","P. Álvarez [Piluca Álvarez Fidalgo]",0,1,"",0,"MNCN",NA,NA,"(Lucas, 1849)",NA,NA
"Colletes","","albomaculatus",NA,"España","Salamanca","Salamanca",NA,NA,NA,1943,5,NA,NA,NA,"J. Dusmet","P. Álvarez [Piluca Álvarez Fidalgo]",0,1,"Colección Dusmet",0,"MNCN",NA,NA,"(Lucas, 1849)",NA,NA
"Colletes","","albomaculatus",NA,"España","Granada","Hotel Sierra Nevada",NA,NA,NA,1935,7,11,NA,NA,"Dusmet","P. Álvarez [Piluca Álvarez Fidalgo]",1,0,"Colección Dusmet",0,"MNCN",NA,NA,"(Lucas, 1849)",NA,NA
"Colletes","","albomaculatus",NA,"España","Granada","Sierra Nevada",NA,NA,NA,1926,6,NA,NA,NA,"Dusmet","P. Álvarez [Piluca Álvarez Fidalgo]",1,0,"Colección Dusmet",0,"MNCN",NA,NA,"(Lucas, 1849)",NA,NA
"Colletes","","albomaculatus",NA,"España","Granada","Sierra Nevada",NA,NA,NA,1926,6,NA,NA,NA,"Dusmet","P. Álvarez [Piluca Álvarez Fidalgo]",0,1,"Colección Dusmet",0,"MNCN",NA,NA,"(Lucas, 1849)",NA,NA
"Colletes","","albomaculatus",NA,"España","Islas Baleares","Inca",NA,NA,NA,1908,5,NA,NA,NA,"Lozano","P. Álvarez [Piluca Álvarez Fidalgo]",0,1,"",0,"MNCN",NA,NA,"(Lucas, 1849)",NA,NA
"Colletes","","albomaculatus",NA,"España","Zamora","Peleas de Arriba",NA,NA,NA,1930,6,17,NA,NA,"Dusmet","P. Álvarez [Piluca Álvarez Fidalgo]",1,0,"Colección Dusmet",0,"MNCN",NA,NA,"(Lucas, 1849)",NA,NA
"Colletes","","albomaculatus",NA,"España","Islas Baleares","Manacor",NA,NA,NA,1890,5,NA,NA,NA,"sin datos","P. Álvarez [Piluca Álvarez Fidalgo]",1,0,"A. Compte",0,"MNCN",NA,NA,"(Lucas, 1849)",NA,NA
"Colletes","","albomaculatus",NA,"España","Madrid","Rivas-Vaciamadrid",NA,NA,NA,1900,NA,NA,NA,NA,"Mercet","P. Álvarez [Piluca Álvarez Fidalgo]",0,1,"",0,"MNCN",NA,NA,"(Lucas, 1849)",NA,NA
"Colletes","","albomaculatus",NA,"España","Madrid","San Lorenzo de El Escorial",NA,NA,NA,1901,NA,NA,NA,NA,"Mercet","P. Álvarez [Piluca Álvarez Fidalgo]",0,1,"",0,"MNCN",NA,NA,"(Lucas, 1849)",NA,NA
"Colletes","","albomaculatus",NA,"España","Madrid","Prádena del Rincón",NA,NA,NA,1980,6,10,NA,NA,"E. Mingo","P. Álvarez [Piluca Álvarez Fidalgo]",1,0,"",0,"MNCN",NA,NA,"(Lucas, 1849)",NA,NA
"Colletes","","albomaculatus",NA,"España","Madrid","Madrid",NA,NA,NA,1906,6,16,NA,NA,"sin datos","P. Álvarez [Piluca Álvarez Fidalgo]",1,0,"Colección Cabrera",0,"MNCN",NA,NA,"(Lucas, 1849)",NA,NA
"Colletes","","albomaculatus",NA,"España","Madrid","Aranjuez",NA,NA,NA,1902,6,4,NA,NA,"sin datos","P. Álvarez [Piluca Álvarez Fidalgo]",1,0,"Colección Gª Mercet",0,"MNCN",NA,NA,"(Lucas, 1849)",NA,NA
"Colletes","","albomaculatus",NA,"España","Madrid","Madrid",NA,NA,NA,1904,6,12,NA,NA,"G. Mercet","P. Álvarez [Piluca Álvarez Fidalgo]",1,0,"Colección Gª Mercet",0,"MNCN",NA,NA,"(Lucas, 1849)",NA,NA
"Colletes","","albomaculatus",NA,"España","Madrid","Madrid",NA,NA,NA,1900,NA,NA,NA,NA,"[Escalera]","P. Álvarez [Piluca Álvarez Fidalgo]",1,0,"",0,"MNCN",NA,NA,"(Lucas, 1849)",NA,NA
"Colletes","","albomaculatus",NA,"España","Madrid","Madrid",NA,NA,NA,1900,NA,NA,NA,NA,"[Escalera]","P. Álvarez [Piluca Álvarez Fidalgo]",1,0,"",0,"MNCN",NA,NA,"(Lucas, 1849)",NA,NA
"Colletes","","albomaculatus",NA,"España","Madrid","Madrid",NA,NA,NA,1900,NA,NA,NA,NA,"[Escalera]","P. Álvarez [Piluca Álvarez Fidalgo]",1,0,"",0,"MNCN",NA,NA,"(Lucas, 1849)",NA,NA
"Colletes","","albomaculatus",NA,"España","Madrid","Madrid",NA,NA,NA,1900,NA,NA,NA,NA,"[Escalera]","P. Álvarez [Piluca Álvarez Fidalgo]",1,0,"",0,"MNCN",NA,NA,"(Lucas, 1849)",NA,NA
"Colletes","","albomaculatus",NA,"España","Madrid","Madrid",NA,NA,NA,1900,NA,NA,NA,NA,"[Escalera]","P. Álvarez [Piluca Álvarez Fidalgo]",1,0,"",0,"MNCN",NA,NA,"(Lucas, 1849)",NA,NA
"Colletes","","albomaculatus",NA,"España","Madrid","Madrid",NA,NA,NA,1900,NA,NA,NA,NA,"[Escalera]","P. Álvarez [Piluca Álvarez Fidalgo]",1,0,"",0,"MNCN",NA,NA,"(Lucas, 1849)",NA,NA
"Colletes","","albomaculatus",NA,"España","Salamanca","Salamanca",NA,NA,NA,1943,5,NA,NA,NA,"J. Dusmet","P. Álvarez [Piluca Álvarez Fidalgo]",0,1,"Colección Dusmet",0,"MNCN",NA,NA,"(Lucas, 1849)",NA,NA
"Colletes","","albomaculatus",NA,"España","Madrid","San Lorenzo de El Escorial",NA,NA,NA,1933,6,14,NA,NA,"J. Dusmet","P. Álvarez [Piluca Álvarez Fidalgo]",0,1,"Colección Dusmet",0,"MNCN",NA,NA,"(Lucas, 1849)",NA,NA
"Colletes","","albomaculatus",NA,"España","Madrid","San Lorenzo de El Escorial",NA,NA,NA,1936,7,9,NA,NA,"J. Dusmet","P. Álvarez [Piluca Álvarez Fidalgo]",1,0,"Colección Dusmet",0,"MNCN",NA,NA,"(Lucas, 1849)",NA,NA
"Colletes","","albomaculatus",NA,"España","","Sierra de Guadarrama",NA,NA,NA,1931,7,10,NA,NA,"Dusmet","P. Álvarez [Piluca Álvarez Fidalgo]",1,0,"Colección Dusmet",0,"MNCN",NA,NA,"(Lucas, 1849)",NA,NA
"Colletes","","merceti",NA,"España","Alicante","Alicante",NA,NA,NA,1906,7,NA,NA,NA,"J. Sanz","P. Álvarez [Piluca Álvarez Fidalgo]",0,1,"",0,"MNCN",NA,NA,"Noskiewicz, 1936",NA,NA
"Colletes","","merceti",NA,"España","Alicante","Alicante",NA,NA,NA,1906,8,25,NA,NA,"G. Mercet","P. Álvarez [Piluca Álvarez Fidalgo]",0,1,"",0,"MNCN",NA,NA,"Noskiewicz, 1936",NA,NA
"Colletes","","merceti",NA,"España","Alicante","Alicante",NA,NA,NA,1906,7,22,NA,NA,"J. Sanz","P. Álvarez [Piluca Álvarez Fidalgo]",0,1,"",0,"MNCN",NA,NA,"Noskiewicz, 1936",NA,NA
"Colletes","","merceti",NA,"España","Alicante","Alicante",NA,NA,NA,1906,7,22,NA,NA,"J. Sanz","P. Álvarez [Piluca Álvarez Fidalgo]",0,1,"",0,"MNCN",NA,NA,"Noskiewicz, 1936",NA,NA
"Colletes","","merceti",NA,"España","Alicante","Elche",NA,NA,NA,1912,8,27,NA,NA,"sin datos","P. Álvarez [Piluca Álvarez Fidalgo]",0,1,"",0,"MNCN",NA,NA,"Noskiewicz, 1936",NA,NA
"Colletes","","merceti",NA,"España","Alicante","Elche",NA,NA,NA,1912,8,27,NA,NA,"sin datos","P. Álvarez [Piluca Álvarez Fidalgo]",1,0,"",0,"MNCN",NA,NA,"Noskiewicz, 1936",NA,NA
"Colletes","","merceti",NA,"España","Alicante","Orihuela",NA,NA,NA,1912,8,27,NA,NA,"sin datos","P. Álvarez [Piluca Álvarez Fidalgo]",1,0,"",0,"MNCN",NA,NA,"Noskiewicz, 1936",NA,NA
"Colletes","","merceti",NA,"España","Alicante","Orihuela",NA,NA,NA,1912,8,27,NA,NA,"sin datos","P. Álvarez [Piluca Álvarez Fidalgo]",1,0,"",0,"MNCN",NA,NA,"Noskiewicz, 1936",NA,NA
"Colletes","","merceti",NA,"España","Alicante","Orihuela",NA,NA,NA,1912,8,27,NA,NA,"sin datos","P. Álvarez [Piluca Álvarez Fidalgo]",1,0,"",0,"MNCN",NA,NA,"Noskiewicz, 1936",NA,NA
"Colletes","","merceti",NA,"España","Alicante","Orihuela",NA,NA,NA,1912,8,27,NA,NA,"sin datos","P. Álvarez [Piluca Álvarez Fidalgo]",1,0,"",0,"MNCN",NA,NA,"Noskiewicz, 1936",NA,NA
"Colletes","","merceti",NA,"España","Alicante","Orihuela",NA,NA,NA,1912,8,27,NA,NA,"sin datos","P. Álvarez [Piluca Álvarez Fidalgo]",1,0,"",0,"MNCN",NA,NA,"Noskiewicz, 1936",NA,NA
"Colletes","","merceti",NA,"España","Alicante","Alicante",NA,NA,NA,1911,9,8,NA,NA,"Mercet","P. Álvarez [Piluca Álvarez Fidalgo]",1,0,"",0,"MNCN",NA,NA,"Noskiewicz, 1936",NA,NA
"Colletes","","merceti",NA,"España","Alicante","Alicante",NA,NA,NA,1911,9,8,NA,NA,"Mercet","P. Álvarez [Piluca Álvarez Fidalgo]",1,0,"Col. R. G. Mercet",0,"MNCN",NA,NA,"Noskiewicz, 1936",NA,NA
"Colletes","","merceti",NA,"España","Alicante","Alicante",NA,NA,NA,1911,9,8,NA,NA,"Mercet","P. Álvarez [Piluca Álvarez Fidalgo]",0,1,"Col. R. G. Mercet",0,"MNCN",NA,NA,"Noskiewicz, 1936",NA,NA
"Colletes","","merceti",NA,"España","Alicante","Alicante",NA,NA,NA,1906,7,NA,NA,NA,"J. Sanz","P. Álvarez [Piluca Álvarez Fidalgo]",0,1,"",0,"MNCN",NA,NA,"Noskiewicz, 1936",NA,NA
"Colletes","","merceti",NA,"España","Alicante","Orihuela",NA,NA,NA,1912,8,27,NA,NA,"sin datos","P. Álvarez [Piluca Álvarez Fidalgo]",0,1,"",0,"MNCN",NA,NA,"Noskiewicz, 1936",NA,NA
"Colletes","","merceti",NA,"España","Alicante","Orihuela",NA,NA,NA,1912,8,27,NA,NA,"sin datos","P. Álvarez [Piluca Álvarez Fidalgo]",0,1,"",0,"MNCN",NA,NA,"Noskiewicz, 1936",NA,NA
"Colletes","","merceti",NA,"España","Alicante","Orihuela",NA,NA,NA,1912,8,27,NA,NA,"sin datos","P. Álvarez [Piluca Álvarez Fidalgo]",0,1,"",0,"MNCN",NA,NA,"Noskiewicz, 1936",NA,NA
"Colletes","","merceti",NA,"España","Alicante","Orihuela",NA,NA,NA,1912,8,27,NA,NA,"sin datos","P. Álvarez [Piluca Álvarez Fidalgo]",0,1,"",0,"MNCN",NA,NA,"Noskiewicz, 1936",NA,NA
"Colletes","","marginatus",NA,"España","Barcelona","La Garriga",NA,NA,NA,1895,6,NA,NA,NA,"sin datos","P. Álvarez [Piluca Álvarez Fidalgo]",1,0,"",0,"MNCN",NA,NA,"Smith, 1846",NA,NA
"Colletes","","marginatus",NA,"España","Guipúzcoa","Ormáiztegui",NA,NA,NA,1900,8,NA,NA,NA,"Dusmet","P. Álvarez [Piluca Álvarez Fidalgo]",1,0,"Colección Dusmet",0,"MNCN",NA,NA,"Smith, 1846",NA,NA
"Colletes","","marginatus",NA,"España","Guipúzcoa","Ormáiztegui",NA,NA,NA,1900,8,NA,NA,NA,"Dusmet","P. Álvarez [Piluca Álvarez Fidalgo]",1,0,"Colección Dusmet",0,"MNCN",NA,NA,"Smith, 1846",NA,NA
"Colletes","","marginatus",NA,"España","Guipúzcoa","Ormáiztegui",NA,NA,NA,1900,8,NA,NA,NA,"Dusmet","P. Álvarez [Piluca Álvarez Fidalgo]",0,1,"Colección Dusmet",0,"MNCN",NA,NA,"Smith, 1846",NA,NA
"Colletes","","marginatus",NA,"España","Pontevedra","Mondariz",NA,NA,NA,1910,8,10,NA,NA,"Dusmet","P. Álvarez [Piluca Álvarez Fidalgo]",0,1,"Colección Dusmet",0,"MNCN",NA,NA,"Smith, 1846",NA,NA
"Colletes","","maidli",NA,"España","Lérida","Sierra del Cadí",NA,NA,NA,1906,8,NA,NA,NA,"Arias","P. Álvarez [Piluca Álvarez Fidalgo]",0,1,"",0,"MNCN",NA,NA,"Noskiewicz, 1936",NA,NA
"Colletes","","maidli",NA,"España","Valencia","Valencia",NA,NA,NA,1905,NA,NA,NA,NA,"Moroder","P. Álvarez [Piluca Álvarez Fidalgo]",1,0,"",0,"MNCN",NA,NA,"Noskiewicz, 1936",NA,NA
"Colletes","","maidli",NA,"España","Valencia","Alberique",NA,NA,NA,1940,9,NA,NA,NA,"Peris Torres","P. Álvarez [Piluca Álvarez Fidalgo]",1,0,"",0,"MNCN",NA,NA,"Noskiewicz, 1936",NA,NA
"Colletes","","hylaeiformis",NA,"España","Zaragoza","Ambel",NA,NA,NA,1935,7,20,NA,NA,"Dusmet","P. Álvarez [Piluca Álvarez Fidalgo]",1,0,"Colección Dusmet",0,"MNCN",NA,NA,"Eversmann, 1852",NA,NA
"Colletes","","hylaeiformis",NA,"España","León","Astorga",NA,NA,NA,1940,8,2,NA,NA,"Dusmet","P. Álvarez [Piluca Álvarez Fidalgo]",1,0,"Colección Dusmet",0,"MNCN",NA,NA,"Eversmann, 1852",NA,NA
"Colletes","","hylaeiformis",NA,"España","Zamora","Zamora",NA,NA,NA,1940,7,31,NA,NA,"Dusmet","P. Álvarez [Piluca Álvarez Fidalgo]",1,0,"Colección Dusmet",0,"MNCN",NA,NA,"Eversmann, 1852",NA,NA
"Colletes","","hylaeiformis",NA,"España","Zamora","Zamora",NA,NA,NA,1940,7,31,NA,NA,"Dusmet","P. Álvarez [Piluca Álvarez Fidalgo]",1,0,"Colección Dusmet",0,"MNCN",NA,NA,"Eversmann, 1852",NA,NA
"Colletes","","hylaeiformis",NA,"España","Zamora","Zamora",NA,NA,NA,1940,7,31,NA,NA,"Dusmet","P. Álvarez [Piluca Álvarez Fidalgo]",1,0,"Colección Dusmet",0,"MNCN",NA,NA,"Eversmann, 1852",NA,NA
"Colletes","","hylaeiformis",NA,"España","Zaragoza","Tiermas",NA,NA,NA,1932,8,NA,NA,NA,"Dusmet","P. Álvarez [Piluca Álvarez Fidalgo]",1,0,"Colección Dusmet",0,"MNCN",NA,NA,"Eversmann, 1852",NA,NA
"Colletes","","nigricans",NA,"España","Madrid","San Lorenzo de El Escorial",NA,NA,NA,1941,7,4,NA,NA,"J. Dusmet","P. Álvarez [Piluca Álvarez Fidalgo]",1,0,"Colección Dusmet",0,"MNCN",NA,NA,"Gistel, 1857",NA,NA
"Colletes","","nigricans",NA,"España","Madrid","San Lorenzo de El Escorial",NA,NA,NA,1941,7,4,NA,NA,"J. Dusmet","P. Álvarez [Piluca Álvarez Fidalgo]",1,0,"Colección Dusmet",0,"MNCN",NA,NA,"Gistel, 1857",NA,NA
"Colletes","","nigricans",NA,"España","Madrid","San Lorenzo de El Escorial",NA,NA,NA,1941,7,4,NA,NA,"J. Dusmet","P. Álvarez [Piluca Álvarez Fidalgo]",1,0,"Colección Dusmet",0,"MNCN",NA,NA,"Gistel, 1857",NA,NA
"Colletes","","nigricans",NA,"España","Madrid","San Lorenzo de El Escorial",NA,NA,NA,1941,7,4,NA,NA,"J. Dusmet","P. Álvarez [Piluca Álvarez Fidalgo]",1,0,"Colección Dusmet",0,"MNCN",NA,NA,"Gistel, 1857",NA,NA
"Colletes","","nigricans",NA,"España","Madrid","San Lorenzo de El Escorial",NA,NA,NA,1941,7,4,NA,NA,"J. Dusmet","P. Álvarez [Piluca Álvarez Fidalgo]",1,0,"Colección Dusmet",0,"MNCN",NA,NA,"Gistel, 1857",NA,NA
"Colletes","","nigricans",NA,"España","Madrid","San Lorenzo de El Escorial",NA,NA,NA,1941,7,4,NA,NA,"J. Dusmet","P. Álvarez [Piluca Álvarez Fidalgo]",1,0,"Colección Dusmet",0,"MNCN",NA,NA,"Gistel, 1857",NA,NA
"Colletes","","nigricans",NA,"España","Madrid","San Lorenzo de El Escorial",NA,NA,NA,1941,7,4,NA,NA,"J. Dusmet","P. Álvarez [Piluca Álvarez Fidalgo]",1,0,"Colección Dusmet",0,"MNCN",NA,NA,"Gistel, 1857",NA,NA
"Colletes","","nigricans",NA,"España","Madrid","San Lorenzo de El Escorial",NA,NA,NA,1941,7,4,NA,NA,"J. Dusmet","P. Álvarez [Piluca Álvarez Fidalgo]",1,0,"Colección Dusmet",0,"MNCN",NA,NA,"Gistel, 1857",NA,NA
"Colletes","","nigricans",NA,"España","Madrid","San Lorenzo de El Escorial",NA,NA,NA,1941,7,4,NA,NA,"J. Dusmet","P. Álvarez [Piluca Álvarez Fidalgo]",1,0,"Colección Dusmet",0,"MNCN",NA,NA,"Gistel, 1857",NA,NA
"Colletes","","nigricans",NA,"España","","Sierra de Guadarrama",NA,NA,NA,1936,7,4,NA,NA,"Dusmet","P. Álvarez [Piluca Álvarez Fidalgo]",1,0,"Colección Dusmet",0,"MNCN",NA,NA,"Gistel, 1857",NA,NA
"Colletes","","nigricans",NA,"España","Barcelona","Balenyá",NA,NA,NA,1930,7,2,NA,NA,"Vilarrubia","P. Álvarez [Piluca Álvarez Fidalgo]",1,0,"Colección Dusmet",0,"MNCN",NA,NA,"Gistel, 1857",NA,NA
"Colletes","","nigricans",NA,"España","Barcelona","Balenyá",NA,NA,NA,1930,8,22,NA,NA,"Vilarrubia","P. Álvarez [Piluca Álvarez Fidalgo]",1,0,"Colección Dusmet",0,"MNCN",NA,NA,"Gistel, 1857",NA,NA
"Colletes","","nigricans",NA,"España","Alicante","Albatera",NA,NA,NA,1912,8,29,NA,NA,"sin datos","P. Álvarez [Piluca Álvarez Fidalgo]",1,0,"Colección Cabrera",0,"MNCN",NA,NA,"Gistel, 1857",NA,NA
"Colletes","","nigricans",NA,"España","Madrid","El Pardo",NA,NA,NA,1936,6,24,NA,NA,"Dusmet","P. Álvarez [Piluca Álvarez Fidalgo]",1,0,"Colección Dusmet",0,"MNCN",NA,NA,"Gistel, 1857",NA,NA
"Colletes","","nigricans",NA,"España","Madrid","El Pardo",NA,NA,NA,1936,6,24,NA,NA,"Dusmet","P. Álvarez [Piluca Álvarez Fidalgo]",1,0,"Colección Dusmet",0,"MNCN",NA,NA,"Gistel, 1857",NA,NA
"Colletes","","nigricans",NA,"España","Madrid","Rivas-Vaciamadrid",NA,NA,NA,1933,5,27,NA,NA,"Dusmet","P. Álvarez [Piluca Álvarez Fidalgo]",1,0,"Colección Dusmet",0,"MNCN",NA,NA,"Gistel, 1857",NA,NA
"Colletes","","nigricans",NA,"España","Madrid","Rivas-Vaciamadrid",NA,NA,NA,1933,5,27,NA,NA,"Dusmet","P. Álvarez [Piluca Álvarez Fidalgo]",1,0,"Colección Dusmet",0,"MNCN",NA,NA,"Gistel, 1857",NA,NA
"Colletes","","nigricans",NA,"España","Madrid","Rivas-Vaciamadrid",NA,NA,NA,1933,5,27,NA,NA,"Dusmet","P. Álvarez [Piluca Álvarez Fidalgo]",1,0,"Colección Dusmet",0,"MNCN",NA,NA,"Gistel, 1857",NA,NA
"Colletes","","nigricans",NA,"España","Madrid","Rivas-Vaciamadrid",NA,NA,NA,1933,5,27,NA,NA,"Dusmet","P. Álvarez [Piluca Álvarez Fidalgo]",1,0,"Colección Dusmet",0,"MNCN",NA,NA,"Gistel, 1857",NA,NA
"Colletes","","nigricans",NA,"España","Madrid","Rivas-Vaciamadrid",NA,NA,NA,1932,6,9,NA,NA,"Dusmet","P. Álvarez [Piluca Álvarez Fidalgo]",0,1,"Colección Dusmet",0,"MNCN",NA,NA,"Gistel, 1857",NA,NA
"Colletes","","nigricans",NA,"España","Madrid","Rivas-Vaciamadrid",NA,NA,NA,1931,6,3,NA,NA,"Dusmet","P. Álvarez [Piluca Álvarez Fidalgo]",0,1,"Colección Dusmet",0,"MNCN",NA,NA,"Gistel, 1857",NA,NA
"Colletes","","nigricans",NA,"España","Madrid","Rivas-Vaciamadrid",NA,NA,NA,1931,6,3,NA,NA,"Dusmet","P. Álvarez [Piluca Álvarez Fidalgo]",0,1,"Colección Dusmet",0,"MNCN",NA,NA,"Gistel, 1857",NA,NA
"Colletes","","nigricans",NA,"España","Madrid","Rivas-Vaciamadrid",NA,NA,NA,1934,6,7,NA,NA,"Dusmet","P. Álvarez [Piluca Álvarez Fidalgo]",0,1,"Colección Dusmet",0,"MNCN",NA,NA,"Gistel, 1857",NA,NA
"Colletes","","nigricans",NA,"España","","Sierra de Guadarrama",NA,NA,NA,1932,6,23,NA,NA,"Dusmet","P. Álvarez [Piluca Álvarez Fidalgo]",0,1,"Colección Dusmet",0,"MNCN",NA,NA,"Gistel, 1857",NA,NA
"Colletes","","nigricans",NA,"España","Alicante","Bigastro",NA,NA,NA,1936,5,3,NA,NA,"Andréu","P. Álvarez [Piluca Álvarez Fidalgo]",0,1,"Colección Dusmet",0,"MNCN",NA,NA,"Gistel, 1857",NA,NA
"Colletes","","nigricans",NA,"España","Alicante","Bigastro",NA,NA,NA,1936,5,3,NA,NA,"Andréu","P. Álvarez [Piluca Álvarez Fidalgo]",0,1,"Colección Dusmet",0,"MNCN",NA,NA,"Gistel, 1857",NA,NA
"Colletes","","nigricans",NA,"España","Madrid","San Lorenzo de El Escorial",NA,NA,NA,1933,6,14,NA,NA,"J. Dusmet","P. Álvarez [Piluca Álvarez Fidalgo]",0,1,"Colección Dusmet",0,"MNCN",NA,NA,"Gistel, 1857",NA,NA
"Colletes","","nigricans",NA,"España","Madrid","San Lorenzo de El Escorial",NA,NA,NA,1933,6,14,NA,NA,"J. Dusmet","P. Álvarez [Piluca Álvarez Fidalgo]",0,1,"Colección Dusmet",0,"MNCN",NA,NA,"Gistel, 1857",NA,NA
"Colletes","","nigricans",NA,"España","Madrid","San Lorenzo de El Escorial",NA,NA,NA,1941,6,24,NA,NA,"J. Dusmet","P. Álvarez [Piluca Álvarez Fidalgo]",0,1,"Colección Dusmet",0,"MNCN",NA,NA,"Gistel, 1857",NA,NA
"Colletes","","nigricans",NA,"España","Alicante","Orihuela",NA,NA,NA,1936,6,NA,NA,NA,"Andréu","P. Álvarez [Piluca Álvarez Fidalgo]",0,1,"Colección Dusmet",0,"MNCN",NA,NA,"Gistel, 1857",NA,NA
"Colletes","","nigricans",NA,"España","Murcia","Murcia",NA,NA,NA,1941,5,2,NA,NA,"Andréu","P. Álvarez [Piluca Álvarez Fidalgo]",0,1,"Colección Dusmet",0,"MNCN",NA,NA,"Gistel, 1857",NA,NA
"Colletes","","nigricans",NA,"España","Valencia","Torrente",NA,NA,NA,1932,8,27,NA,NA,"Giner Marí","P. Álvarez [Piluca Álvarez Fidalgo]",0,1,"Colección Dusmet",0,"MNCN",NA,NA,"Gistel, 1857",NA,NA
"Colletes","","nigricans",NA,"España","La Rioja","Calahorra",NA,NA,NA,1931,5,27,NA,NA,"M. Miranda","P. Álvarez [Piluca Álvarez Fidalgo]",0,1,"Colección Dusmet",0,"MNCN",NA,NA,"Gistel, 1857",NA,NA
"Colletes","","nigricans",NA,"España","La Rioja","Calahorra",NA,NA,NA,1931,6,3,NA,NA,"M. Miranda","P. Álvarez [Piluca Álvarez Fidalgo]",0,1,"Colección Dusmet",0,"MNCN",NA,NA,"Gistel, 1857",NA,NA
"Colletes","","nigricans",NA,"España","Islas Baleares","Pla",NA,NA,NA,1931,9,7,NA,NA,"Giner","P. Álvarez [Piluca Álvarez Fidalgo]",0,1,"Colección Dusmet",0,"MNCN",NA,NA,"Gistel, 1857",NA,NA
"Colletes","","ligatus",NA,"España","Murcia","Murcia",NA,NA,NA,1949,6,29,NA,NA,"Andreu","P. Álvarez [Piluca Álvarez Fidalgo]",1,0,"",0,"MNCN",NA,NA,"Erichson, 1835",NA,NA
"Colletes","","ligatus",NA,"España","Alicante","Campoamor",NA,NA,NA,1935,6,27,NA,NA,"Andréu","P. Álvarez [Piluca Álvarez Fidalgo]",0,1,"",0,"MNCN",NA,NA,"Erichson, 1835",NA,NA
"Nomiapis","","bispinosa",NA,"España","Madrid","Madrid",NA,NA,NA,1900,NA,NA,NA,NA,"G. Mercet","P. Álvarez [Piluca Álvarez Fidalgo]",0,1,"Colección Gª Mercet",0,"MNCN",NA,NA,"(Brullé, 1832)",NA,NA
"Nomiapis","","bispinosa",NA,"España","Madrid","Madrid",NA,NA,NA,1900,NA,NA,NA,NA,"G. Mercet","P. Álvarez [Piluca Álvarez Fidalgo]",0,1,"Colección Gª Mercet",0,"MNCN",NA,NA,"(Brullé, 1832)",NA,NA
"Nomiapis","","bispinosa",NA,"España","Madrid","Madrid",NA,NA,NA,1900,NA,NA,NA,NA,"G. Mercet","P. Álvarez [Piluca Álvarez Fidalgo]",0,1,"Colección Gª Mercet",0,"MNCN",NA,NA,"(Brullé, 1832)",NA,NA
"Nomiapis","","bispinosa",NA,"España","Madrid","Madrid",NA,NA,NA,1900,NA,NA,NA,NA,"G. Mercet","P. Álvarez [Piluca Álvarez Fidalgo]",0,1,"Colección Gª Mercet",0,"MNCN",NA,NA,"(Brullé, 1832)",NA,NA
"Nomiapis","","bispinosa",NA,"España","Madrid","Madrid",NA,NA,NA,1900,NA,NA,NA,NA,"G. Mercet","P. Álvarez [Piluca Álvarez Fidalgo]",0,1,"Colección Gª Mercet",0,"MNCN",NA,NA,"(Brullé, 1832)",NA,NA
"Nomiapis","","bispinosa",NA,"España","Madrid","Madrid",NA,NA,NA,1900,NA,NA,NA,NA,"G. Mercet","P. Álvarez [Piluca Álvarez Fidalgo]",0,1,"Colección Gª Mercet",0,"MNCN",NA,NA,"(Brullé, 1832)",NA,NA
"Nomiapis","","bispinosa",NA,"España","Madrid","Madrid",NA,NA,NA,1900,NA,NA,NA,NA,"G. Mercet","P. Álvarez [Piluca Álvarez Fidalgo]",0,1,"Colección Gª Mercet",0,"MNCN",NA,NA,"(Brullé, 1832)",NA,NA
"Nomiapis","","bispinosa",NA,"España","Madrid","Madrid",NA,NA,NA,1900,NA,NA,NA,NA,"G. Mercet","P. Álvarez [Piluca Álvarez Fidalgo]",0,1,"Colección Gª Mercet",0,"MNCN",NA,NA,"(Brullé, 1832)",NA,NA
"Nomiapis","","bispinosa",NA,"España","Madrid","Madrid",NA,NA,NA,1900,NA,NA,NA,NA,"G. Mercet","P. Álvarez [Piluca Álvarez Fidalgo]",0,1,"Colección Gª Mercet",0,"MNCN",NA,NA,"(Brullé, 1832)",NA,NA
"Colletes","","hylaeiformis",NA,"España","Zaragoza","Tiermas",NA,NA,NA,1932,8,NA,NA,NA,"Dusmet","P. Álvarez [Piluca Álvarez Fidalgo]",1,0,"Colección Dusmet",0,"MNCN",NA,NA,"Eversmann, 1852",NA,NA
"Colletes","","hylaeiformis",NA,"España","Madrid","Rivas-Vaciamadrid",NA,NA,NA,1931,7,25,NA,NA,"Dusmet","P. Álvarez [Piluca Álvarez Fidalgo]",1,0,"Colección Dusmet",0,"MNCN",NA,NA,"Eversmann, 1852",NA,NA
"Colletes","","hylaeiformis",NA,"España","Madrid","Rivas-Vaciamadrid",NA,NA,NA,1931,7,25,NA,NA,"Dusmet","P. Álvarez [Piluca Álvarez Fidalgo]",1,0,"Colección Dusmet",0,"MNCN",NA,NA,"Eversmann, 1852",NA,NA
"Colletes","","hylaeiformis",NA,"España","Madrid","Rivas-Vaciamadrid",NA,NA,NA,1931,7,25,NA,NA,"Dusmet","P. Álvarez [Piluca Álvarez Fidalgo]",1,0,"Colección Dusmet",0,"MNCN",NA,NA,"Eversmann, 1852",NA,NA
"Colletes","","hylaeiformis",NA,"España","Madrid","Rivas-Vaciamadrid",NA,NA,NA,1931,7,25,NA,NA,"Dusmet","P. Álvarez [Piluca Álvarez Fidalgo]",1,0,"Colección Dusmet",0,"MNCN",NA,NA,"Eversmann, 1852",NA,NA
"Colletes","","hylaeiformis",NA,"España","Madrid","Rivas-Vaciamadrid",NA,NA,NA,1931,7,25,NA,NA,"Dusmet","P. Álvarez [Piluca Álvarez Fidalgo]",1,0,"Colección Dusmet",0,"MNCN",NA,NA,"Eversmann, 1852",NA,NA
"Colletes","","hylaeiformis",NA,"España","Madrid","Rivas-Vaciamadrid",NA,NA,NA,1931,7,25,NA,NA,"Dusmet","P. Álvarez [Piluca Álvarez Fidalgo]",1,0,"Colección Dusmet",0,"MNCN",NA,NA,"Eversmann, 1852",NA,NA
"Colletes","","hylaeiformis",NA,"España","Madrid","Rivas-Vaciamadrid",NA,NA,NA,1931,7,25,NA,NA,"Dusmet","P. Álvarez [Piluca Álvarez Fidalgo]",1,0,"Colección Dusmet",0,"MNCN",NA,NA,"Eversmann, 1852",NA,NA
"Colletes","","hylaeiformis",NA,"España","Madrid","Rivas-Vaciamadrid",NA,NA,NA,1931,7,25,NA,NA,"Dusmet","P. Álvarez [Piluca Álvarez Fidalgo]",1,0,"Colección Dusmet",0,"MNCN",NA,NA,"Eversmann, 1852",NA,NA
"Colletes","","hylaeiformis",NA,"España","Madrid","Rivas-Vaciamadrid",NA,NA,NA,1931,7,25,NA,NA,"Dusmet","P. Álvarez [Piluca Álvarez Fidalgo]",1,0,"Colección Dusmet",0,"MNCN",NA,NA,"Eversmann, 1852",NA,NA
"Colletes","","hylaeiformis",NA,"España","Madrid","Rivas-Vaciamadrid",NA,NA,NA,1931,7,25,NA,NA,"Dusmet","P. Álvarez [Piluca Álvarez Fidalgo]",1,0,"Colección Dusmet",0,"MNCN",NA,NA,"Eversmann, 1852",NA,NA
"Colletes","","hylaeiformis",NA,"España","Salamanca","Salamanca",NA,NA,NA,1940,7,29,NA,NA,"Dusmet","P. Álvarez [Piluca Álvarez Fidalgo]",1,0,"Colección Dusmet",0,"MNCN",NA,NA,"Eversmann, 1852",NA,NA
"Colletes","","hylaeiformis",NA,"España","Madrid","San Lorenzo de El Escorial",NA,NA,NA,1935,9,8,NA,NA,"J. Dusmet","P. Álvarez [Piluca Álvarez Fidalgo]",1,0,"Colección Dusmet",0,"MNCN",NA,NA,"Eversmann, 1852",NA,NA
"Colletes","","hylaeiformis",NA,"España","Burgos","Cantabrana",NA,NA,NA,1941,7,NA,NA,NA,"M. Parra","P. Álvarez [Piluca Álvarez Fidalgo]",1,0,"Colección Dusmet",0,"MNCN",NA,NA,"Eversmann, 1852",NA,NA
"Colletes","","hylaeiformis",NA,"España","La Rioja","Calahorra",NA,NA,NA,1941,9,4,NA,NA,"M. Miranda","P. Álvarez [Piluca Álvarez Fidalgo]",1,0,"Colección Dusmet",0,"MNCN",NA,NA,"Eversmann, 1852",NA,NA
"Colletes","","hylaeiformis",NA,"España","Madrid","San Lorenzo de El Escorial",NA,NA,NA,1901,NA,NA,NA,NA,"Mercet","P. Álvarez [Piluca Álvarez Fidalgo]",1,0,"",0,"MNCN",NA,NA,"Eversmann, 1852",NA,NA
"Colletes","","hylaeiformis",NA,"España","Madrid","San Lorenzo de El Escorial",NA,NA,NA,1903,8,27,NA,NA,"J. Sanz","P. Álvarez [Piluca Álvarez Fidalgo]",1,0,"",0,"MNCN",NA,NA,"Eversmann, 1852",NA,NA
"Colletes","","hylaeiformis",NA,"España","Burgos","Villafría",NA,NA,NA,1930,8,30,NA,NA,"Dusmet","P. Álvarez [Piluca Álvarez Fidalgo]",1,0,"Colección Dusmet",0,"MNCN",NA,NA,"Eversmann, 1852",NA,NA
"Colletes","","hylaeiformis",NA,"España","Madrid","Cercedilla",NA,NA,NA,1918,NA,NA,NA,NA,"C. Bolivar","P. Álvarez [Piluca Álvarez Fidalgo]",0,1,"",0,"MNCN",NA,NA,"Eversmann, 1852",NA,NA
"Colletes","","hylaeiformis",NA,"España","Madrid","Cercedilla",NA,NA,NA,1918,NA,NA,NA,NA,"C. Bolivar","P. Álvarez [Piluca Álvarez Fidalgo]",0,1,"",0,"MNCN",NA,NA,"Eversmann, 1852",NA,NA
"Colletes","","hylaeiformis",NA,"España","Madrid","Cercedilla",NA,NA,NA,1918,NA,NA,NA,NA,"C. Bolivar","P. Álvarez [Piluca Álvarez Fidalgo]",0,1,"",0,"MNCN",NA,NA,"Eversmann, 1852",NA,NA
"Colletes","","hylaeiformis",NA,"España","Madrid","Cercedilla",NA,NA,NA,1918,NA,NA,NA,NA,"C. Bolivar","P. Álvarez [Piluca Álvarez Fidalgo]",0,1,"",0,"MNCN",NA,NA,"Eversmann, 1852",NA,NA
"Colletes","","hylaeiformis",NA,"España","Madrid","Cercedilla",NA,NA,NA,1918,NA,NA,NA,NA,"C. Bolivar","P. Álvarez [Piluca Álvarez Fidalgo]",0,1,"",0,"MNCN",NA,NA,"Eversmann, 1852",NA,NA
"Colletes","","hylaeiformis",NA,"España","Madrid","Cercedilla",NA,NA,NA,1918,NA,NA,NA,NA,"C. Bolivar","P. Álvarez [Piluca Álvarez Fidalgo]",0,1,"",0,"MNCN",NA,NA,"Eversmann, 1852",NA,NA
"Colletes","","hylaeiformis",NA,"España","Madrid","Cercedilla",NA,NA,NA,1918,NA,NA,NA,NA,"C. Bolivar","P. Álvarez [Piluca Álvarez Fidalgo]",0,1,"",0,"MNCN",NA,NA,"Eversmann, 1852",NA,NA
"Colletes","","hylaeiformis",NA,"España","Madrid","Cercedilla",NA,NA,NA,1918,NA,NA,NA,NA,"C. Bolivar","P. Álvarez [Piluca Álvarez Fidalgo]",0,1,"",0,"MNCN",NA,NA,"Eversmann, 1852",NA,NA
"Colletes","","hylaeiformis",NA,"España","","Sierra de Guadarrama",NA,NA,NA,1912,8,6,NA,NA,"Dusmet","P. Álvarez [Piluca Álvarez Fidalgo]",0,1,"Coll. Dusmet",0,"MNCN",NA,NA,"Eversmann, 1852",NA,NA
"Colletes","","hylaeiformis",NA,"España","","Sierra de Guadarrama",NA,NA,NA,1914,8,26,NA,NA,"Dusmet","P. Álvarez [Piluca Álvarez Fidalgo]",0,1,"Colección Dusmet",0,"MNCN",NA,NA,"Eversmann, 1852",NA,NA
"Colletes","","hylaeiformis",NA,"España","","Sierra de Guadarrama",NA,NA,NA,1914,8,26,NA,NA,"Dusmet","P. Álvarez [Piluca Álvarez Fidalgo]",0,1,"Coll. Dusmet",0,"MNCN",NA,NA,"Eversmann, 1852",NA,NA
"Colletes","","hylaeiformis",NA,"España","","Sierra de Guadarrama",NA,NA,NA,1913,7,27,NA,NA,"Dusmet","P. Álvarez [Piluca Álvarez Fidalgo]",0,1,"Coll. Dusmet",0,"MNCN",NA,NA,"Eversmann, 1852",NA,NA
"Colletes","","hylaeiformis",NA,"España","","Sierra de Guadarrama",NA,NA,NA,1913,7,27,NA,NA,"Dusmet","P. Álvarez [Piluca Álvarez Fidalgo]",0,1,"Coll. Dusmet",0,"MNCN",NA,NA,"Eversmann, 1852",NA,NA
"Colletes","","hylaeiformis",NA,"España","","Sierra de Guadarrama",NA,NA,NA,1913,7,27,NA,NA,"Dusmet","P. Álvarez [Piluca Álvarez Fidalgo]",1,0,"Coll. Dusmet",0,"MNCN",NA,NA,"Eversmann, 1852",NA,NA
"Colletes","","hylaeiformis",NA,"España","","Sierra de Guadarrama",NA,NA,NA,1917,9,2,NA,NA,"Dusmet","P. Álvarez [Piluca Álvarez Fidalgo]",1,0,"Colección Dusmet",0,"MNCN",NA,NA,"Eversmann, 1852",NA,NA
"Colletes","","hylaeiformis",NA,"España","","Sierra de Guadarrama",NA,NA,NA,1917,9,2,NA,NA,"Dusmet","P. Álvarez [Piluca Álvarez Fidalgo]",1,0,"Colección Dusmet",0,"MNCN",NA,NA,"Eversmann, 1852",NA,NA
"Colletes","","hylaeiformis",NA,"España","","Sierra de Guadarrama",NA,NA,NA,1912,8,18,NA,NA,"Dusmet","P. Álvarez [Piluca Álvarez Fidalgo]",1,0,"Colección Dusmet",0,"MNCN",NA,NA,"Eversmann, 1852",NA,NA
"Colletes","","hylaeiformis",NA,"España","","Sierra de Guadarrama",NA,NA,NA,1912,8,18,NA,NA,"Dusmet","P. Álvarez [Piluca Álvarez Fidalgo]",0,1,"Coll. Dusmet",0,"MNCN",NA,NA,"Eversmann, 1852",NA,NA
"Colletes","","hylaeiformis",NA,"España","Madrid","Rivas-Vaciamadrid",NA,NA,NA,1912,7,30,NA,NA,"Dusmet","P. Álvarez [Piluca Álvarez Fidalgo]",0,1,"Coll. Dusmet",0,"MNCN",NA,NA,"Eversmann, 1852",NA,NA
"Colletes","","hylaeiformis",NA,"España","Madrid","Rivas-Vaciamadrid",NA,NA,NA,1912,7,30,NA,NA,"Dusmet","P. Álvarez [Piluca Álvarez Fidalgo]",1,0,"Coll. Dusmet",0,"MNCN",NA,NA,"Eversmann, 1852",NA,NA
"Colletes","","hylaeiformis",NA,"España","Madrid","Rivas-Vaciamadrid",NA,NA,NA,1912,7,30,NA,NA,"Dusmet","P. Álvarez [Piluca Álvarez Fidalgo]",1,0,"Coll. Dusmet",0,"MNCN",NA,NA,"Eversmann, 1852",NA,NA
"Colletes","","hylaeiformis",NA,"España","Madrid","Rivas-Vaciamadrid",NA,NA,NA,1912,7,30,NA,NA,"Dusmet","P. Álvarez [Piluca Álvarez Fidalgo]",1,0,"Colección Dusmet",0,"MNCN",NA,NA,"Eversmann, 1852",NA,NA
"Colletes","","hylaeiformis",NA,"España","Madrid","Rivas-Vaciamadrid",NA,NA,NA,1909,8,1,NA,NA,"G. Mercet","P. Álvarez [Piluca Álvarez Fidalgo]",1,0,"",0,"MNCN",NA,NA,"Eversmann, 1852",NA,NA
"Colletes","","hylaeiformis",NA,"España","Madrid","Rivas-Vaciamadrid",NA,NA,NA,1911,7,31,NA,NA,"Dusmet","P. Álvarez [Piluca Álvarez Fidalgo]",0,1,"Colección Dusmet",0,"MNCN",NA,NA,"Eversmann, 1852",NA,NA
"Colletes","","hylaeiformis",NA,"España","Madrid","Rivas-Vaciamadrid",NA,NA,NA,1912,7,30,NA,NA,"Dusmet","P. Álvarez [Piluca Álvarez Fidalgo]",0,1,"Coll. Dusmet",0,"MNCN",NA,NA,"Eversmann, 1852",NA,NA
"Colletes","","hylaeiformis",NA,"España","Madrid","Rivas-Vaciamadrid",NA,NA,NA,1912,7,30,NA,NA,"Dusmet","P. Álvarez [Piluca Álvarez Fidalgo]",0,1,"Coll. Dusmet",0,"MNCN",NA,NA,"Eversmann, 1852",NA,NA
"Colletes","","hylaeiformis",NA,"España","Madrid","San Lorenzo de El Escorial",NA,NA,NA,1901,NA,NA,NA,NA,"Mercet","P. Álvarez [Piluca Álvarez Fidalgo]",1,0,"",0,"MNCN",NA,NA,"Eversmann, 1852",NA,NA
"Colletes","","hylaeiformis",NA,"España","Madrid","Madrid",NA,NA,NA,1900,NA,NA,NA,NA,"Mercet","P. Álvarez [Piluca Álvarez Fidalgo]",1,0,"",0,"MNCN",NA,NA,"Eversmann, 1852",NA,NA
"Colletes","","hylaeiformis",NA,"España","Madrid","Villaviciosa de Odón",NA,NA,NA,1920,7,20,NA,NA,"Dusmet","P. Álvarez [Piluca Álvarez Fidalgo]",1,0,"Colección Dusmet",0,"MNCN",NA,NA,"Eversmann, 1852",NA,NA
"Colletes","","hylaeiformis",NA,"España","Madrid","San Lorenzo de El Escorial",NA,NA,NA,1901,NA,NA,NA,NA,"Mercet","P. Álvarez [Piluca Álvarez Fidalgo]",1,0,"",0,"MNCN",NA,NA,"Eversmann, 1852",NA,NA
"Colletes","","hylaeiformis",NA,"España","Madrid","San Lorenzo de El Escorial",NA,NA,NA,1901,NA,NA,NA,NA,"Mercet","P. Álvarez [Piluca Álvarez Fidalgo]",1,0,"Col. R. G. Mercet",0,"MNCN",NA,NA,"Eversmann, 1852",NA,NA
"Colletes","","hylaeiformis",NA,"España","Madrid","San Lorenzo de El Escorial",NA,NA,NA,1901,NA,NA,NA,NA,"Mercet","P. Álvarez [Piluca Álvarez Fidalgo]",1,0,"",0,"MNCN",NA,NA,"Eversmann, 1852",NA,NA
"Colletes","","hylaeiformis",NA,"España","Madrid","San Lorenzo de El Escorial",NA,NA,NA,1901,NA,NA,NA,NA,"Mercet","P. Álvarez [Piluca Álvarez Fidalgo]",1,0,"",0,"MNCN",NA,NA,"Eversmann, 1852",NA,NA
"Colletes","","hylaeiformis",NA,"España","Alicante","Monóvar",NA,NA,NA,1905,NA,NA,NA,NA,"Andreu","P. Álvarez [Piluca Álvarez Fidalgo]",1,0,"Coll. Dusmet",0,"MNCN",NA,NA,"Eversmann, 1852",NA,NA
"Colletes","","hylaeiformis",NA,"España","Albacete","Molinicos de la Sierra",NA,NA,NA,1909,NA,NA,NA,NA,"exp. del Museo","P. Álvarez [Piluca Álvarez Fidalgo]",1,0,"",0,"MNCN",NA,NA,"Eversmann, 1852",NA,NA
"Colletes","","hylaeiformis",NA,"España","Ávila","Ávila",NA,NA,NA,1906,8,NA,NA,NA,"Sanz","P. Álvarez [Piluca Álvarez Fidalgo]",1,0,"",0,"MNCN",NA,NA,"Eversmann, 1852",NA,NA
"Colletes","","hylaeiformis",NA,"España","Madrid","Madrid",NA,NA,NA,1900,NA,NA,NA,NA,"G. Mercet","P. Álvarez [Piluca Álvarez Fidalgo]",1,0,"",0,"MNCN",NA,NA,"Eversmann, 1852",NA,NA
"Colletes","","hylaeiformis",NA,"España","Madrid","Madrid",NA,NA,NA,1900,8,3,NA,NA,"Dusmet","P. Álvarez [Piluca Álvarez Fidalgo]",0,1,"Colección Dusmet",0,"MNCN",NA,NA,"Eversmann, 1852",NA,NA
"Colletes","","hylaeiformis",NA,"España","Burgos","Hontoria del Pinar",NA,NA,NA,1983,8,21,NA,NA,"C. Rey","P. Álvarez [Piluca Álvarez Fidalgo]",0,1,"ex. Col. C. Rey",0,"MNCN",NA,NA,"Eversmann, 1852",NA,NA
"Colletes","","hylaeiformis",NA,"España","Guadalajara","Zorita de los Canes",NA,NA,NA,1983,7,28,NA,NA,"C. Rey","P. Álvarez [Piluca Álvarez Fidalgo]",1,0,"ex. Col. C. Rey",0,"MNCN",NA,NA,"Eversmann, 1852",NA,NA
"Colletes","","hylaeiformis",NA,"España","Guadalajara","Zorita de los Canes",NA,NA,NA,1983,7,28,NA,NA,"C. Rey","P. Álvarez [Piluca Álvarez Fidalgo]",1,0,"ex. Col. C. Rey",0,"MNCN",NA,NA,"Eversmann, 1852",NA,NA
"Colletes","","hylaeiformis",NA,"España","Madrid","San Lorenzo de El Escorial",NA,NA,NA,1983,7,24,NA,NA,"C. Rey","P. Álvarez [Piluca Álvarez Fidalgo]",0,1,"ex. Col. C. Rey",0,"MNCN",NA,NA,"Eversmann, 1852",NA,NA
"Colletes","","hylaeiformis",NA,"España","Barcelona","Centelles",NA,NA,NA,1912,NA,NA,NA,NA,"Mas de Xaxars","P. Álvarez [Piluca Álvarez Fidalgo]",1,0,"",0,"MNCN",NA,NA,"Eversmann, 1852",NA,NA
"Colletes","","hylaeiformis",NA,"España","Barcelona","Centelles",NA,NA,NA,1912,NA,NA,NA,NA,"Mas de Xaxars","P. Álvarez [Piluca Álvarez Fidalgo]",1,0,"",0,"MNCN",NA,NA,"Eversmann, 1852",NA,NA
"Colletes","","hylaeiformis",NA,"España","Barcelona","Centelles",NA,NA,NA,1912,NA,NA,NA,NA,"Mas de Xaxars","P. Álvarez [Piluca Álvarez Fidalgo]",1,0,"",0,"MNCN",NA,NA,"Eversmann, 1852",NA,NA
"Colletes","","hylaeiformis",NA,"España","Barcelona","Centelles",NA,NA,NA,1912,NA,NA,NA,NA,"Mas de Xaxars","P. Álvarez [Piluca Álvarez Fidalgo]",1,0,"",0,"MNCN",NA,NA,"Eversmann, 1852",NA,NA
"Colletes","","hylaeiformis",NA,"España","Barcelona","Centelles",NA,NA,NA,1912,NA,NA,NA,NA,"Mas de Xaxars","P. Álvarez [Piluca Álvarez Fidalgo]",1,0,"",0,"MNCN",NA,NA,"Eversmann, 1852",NA,NA
"Colletes","","hylaeiformis",NA,"España","Barcelona","Centelles",NA,NA,NA,1912,NA,NA,NA,NA,"Mas de Xaxars","P. Álvarez [Piluca Álvarez Fidalgo]",1,0,"",0,"MNCN",NA,NA,"Eversmann, 1852",NA,NA
"Colletes","","hylaeiformis",NA,"España","Barcelona","Centelles",NA,NA,NA,1933,8,1,NA,NA,"Máx. de Xaxars","P. Álvarez [Piluca Álvarez Fidalgo]",1,0,"",0,"MNCN",NA,NA,"Eversmann, 1852",NA,NA
"Colletes","","hylaeiformis",NA,"España","Gerona","San Juan de las Abadesas",NA,NA,NA,1898,8,16,NA,NA,"sin datos","P. Álvarez [Piluca Álvarez Fidalgo]",1,0,"",0,"MNCN",NA,NA,"Eversmann, 1852",NA,NA
"Colletes","","hylaeiformis",NA,"España","","Roca Maura",NA,NA,NA,1919,7,NA,NA,NA,"Mas de Xaxars","P. Álvarez [Piluca Álvarez Fidalgo]",0,1,"",0,"MNCN",NA,NA,"Eversmann, 1852",NA,NA
"Colletes","","hylaeiformis",NA,"España","Albacete","El Bonillo",NA,NA,NA,1941,7,NA,NA,NA,"Andréu","P. Álvarez [Piluca Álvarez Fidalgo]",0,1,"Colección Dusmet",0,"MNCN",NA,NA,"Eversmann, 1852",NA,NA
"Colletes","","hylaeiformis",NA,"España","Alicante","Bigastro",NA,NA,NA,1935,7,20,NA,NA,"Andréu","P. Álvarez [Piluca Álvarez Fidalgo]",0,1,"",0,"MNCN",NA,NA,"Eversmann, 1852",NA,NA
"Colletes","","hylaeiformis",NA,"España","Alicante","Bigastro",NA,NA,NA,1935,7,20,NA,NA,"Andréu","P. Álvarez [Piluca Álvarez Fidalgo]",1,0,"",0,"MNCN",NA,NA,"Eversmann, 1852",NA,NA
"Colletes","","hylaeiformis",NA,"España","Alicante","Torremendo",NA,NA,NA,1935,7,NA,NA,NA,"Andréu","P. Álvarez [Piluca Álvarez Fidalgo]",1,0,"",0,"MNCN",NA,NA,"Eversmann, 1852",NA,NA
"Colletes","","hylaeiformis",NA,"España","Alicante","Torremendo",NA,NA,NA,1905,NA,NA,NA,NA,"Andréu","P. Álvarez [Piluca Álvarez Fidalgo]",1,0,"",0,"MNCN",NA,NA,"Eversmann, 1852",NA,NA
"Colletes","","hylaeiformis",NA,"España","Madrid","Ciudad Universitaria, Madrid",NA,NA,NA,1943,8,4,NA,NA,"Junco","P. Álvarez [Piluca Álvarez Fidalgo]",1,0,"",0,"MNCN",NA,NA,"Eversmann, 1852",NA,NA
"Colletes","","hylaeiformis",NA,"España","Almería","Vera",NA,NA,NA,1904,8,1,NA,NA,"Dusmet","P. Álvarez [Piluca Álvarez Fidalgo]",1,0,"Colección Dusmet",0,"MNCN",NA,NA,"Eversmann, 1852",NA,NA
"Colletes","","hylaeiformis",NA,"España","Alicante","Monóvar",NA,NA,NA,1905,NA,NA,NA,NA,"Andreu","P. Álvarez [Piluca Álvarez Fidalgo]",1,0,"Colección Dusmet",0,"MNCN",NA,NA,"Eversmann, 1852",NA,NA
"Colletes","","hylaeiformis",NA,"España","Zaragoza","Veruela",NA,NA,NA,1921,NA,NA,NA,NA,"P. [Padre] Muedra","P. Álvarez [Piluca Álvarez Fidalgo]",1,0,"Colección Dusmet",0,"MNCN",NA,NA,"Eversmann, 1852",NA,NA
"Colletes","","hylaeiformis",NA,"España","","Sierra Nevada",NA,NA,NA,1903,7,NA,NA,NA,"Escalera","P. Álvarez [Piluca Álvarez Fidalgo]",1,0,"",0,"MNCN",NA,NA,"Eversmann, 1852",NA,NA
"Colletes","","hylaeiformis",NA,"España","Guadalajara","Maranchón",NA,NA,NA,1955,7,28,NA,NA,"S.V. Peris","P. Álvarez [Piluca Álvarez Fidalgo]",0,1,"",0,"MNCN",NA,NA,"Eversmann, 1852",NA,NA
"Colletes","","hylaeiformis",NA,"España","Salamanca","Salamanca",NA,NA,NA,1940,7,29,NA,NA,"Dusmet","P. Álvarez [Piluca Álvarez Fidalgo]",1,0,"Colección Dusmet",0,"MNCN",NA,NA,"Eversmann, 1852",NA,NA
"Colletes","","hylaeiformis",NA,"España","Murcia","Caravaca de la Cruz",NA,NA,NA,1950,7,29,NA,NA,"Andreu","P. Álvarez [Piluca Álvarez Fidalgo]",1,0,"",0,"MNCN",NA,NA,"Eversmann, 1852",NA,NA
"Colletes","","hylaeiformis",NA,"España","Ávila","Navalperal de Pinares",NA,NA,NA,1904,7,NA,NA,NA,"Escalera","P. Álvarez [Piluca Álvarez Fidalgo]",1,0,"",0,"MNCN",NA,NA,"Eversmann, 1852",NA,NA
"Colletes","","hylaeiformis",NA,"España","Ávila","Navalperal de Pinares",NA,NA,NA,1904,7,NA,NA,NA,"Escalera","P. Álvarez [Piluca Álvarez Fidalgo]",0,1,"",0,"MNCN",NA,NA,"Eversmann, 1852",NA,NA
"Colletes","","hylaeiformis",NA,"España","Madrid","Rivas-Vaciamadrid",NA,NA,NA,1906,7,19,NA,NA,"sin datos","P. Álvarez [Piluca Álvarez Fidalgo]",0,1,"",0,"MNCN",NA,NA,"Eversmann, 1852",NA,NA
"Colletes","","hylaeiformis",NA,"España","Madrid","Rivas-Vaciamadrid",NA,NA,NA,1931,7,25,NA,NA,"Dusmet","P. Álvarez [Piluca Álvarez Fidalgo]",0,1,"Colección Dusmet",0,"MNCN",NA,NA,"Eversmann, 1852",NA,NA
"Colletes","","hylaeiformis",NA,"España","Madrid","Rivas-Vaciamadrid",NA,NA,NA,1931,7,25,NA,NA,"Dusmet","P. Álvarez [Piluca Álvarez Fidalgo]",0,1,"Colección Dusmet",0,"MNCN",NA,NA,"Eversmann, 1852",NA,NA
"Colletes","","nigricans",NA,"España","","Sierra de Guadarrama",NA,NA,NA,1931,9,1,NA,NA,"Dusmet","P. Álvarez [Piluca Álvarez Fidalgo]",1,0,"Colección Dusmet",0,"MNCN",NA,NA,"Gistel, 1857",NA,NA
"Colletes","","nigricans",NA,"España","","Sierra de Guadarrama",NA,NA,NA,1933,7,25,NA,NA,"Dusmet","P. Álvarez [Piluca Álvarez Fidalgo]",1,0,"Colección Dusmet",0,"MNCN",NA,NA,"Gistel, 1857",NA,NA
"Colletes","","nigricans",NA,"España","","Sierra de Guadarrama",NA,NA,NA,1925,6,15,NA,NA,"Dusmet","P. Álvarez [Piluca Álvarez Fidalgo]",1,0,"Colección Dusmet",0,"MNCN",NA,NA,"Gistel, 1857",NA,NA
"Colletes","","nigricans",NA,"España","","Sierra de Guadarrama",NA,NA,NA,1925,6,15,NA,NA,"Dusmet","P. Álvarez [Piluca Álvarez Fidalgo]",1,0,"Colección Dusmet",0,"MNCN",NA,NA,"Gistel, 1857",NA,NA
"Colletes","","nigricans",NA,"España","","Sierra de Guadarrama",NA,NA,NA,1925,6,15,NA,NA,"Dusmet","P. Álvarez [Piluca Álvarez Fidalgo]",1,0,"Colección Dusmet",0,"MNCN",NA,NA,"Gistel, 1857",NA,NA
"Colletes","","nigricans",NA,"España","","Sierra de Guadarrama",NA,NA,NA,1917,6,10,NA,NA,"Dusmet","P. Álvarez [Piluca Álvarez Fidalgo]",1,0,"Coll. Dusmet",0,"MNCN",NA,NA,"Gistel, 1857",NA,NA
"Colletes","","nigricans",NA,"España","","Sierra de Guadarrama",NA,NA,NA,1911,7,23,NA,NA,"Dusmet","P. Álvarez [Piluca Álvarez Fidalgo]",0,1,"Coll. Dusmet",0,"MNCN",NA,NA,"Gistel, 1857",NA,NA
"Colletes","","nigricans",NA,"España","","Sierra de Guadarrama",NA,NA,NA,1911,7,23,NA,NA,"Dusmet","P. Álvarez [Piluca Álvarez Fidalgo]",0,1,"Coll. Dusmet",0,"MNCN",NA,NA,"Gistel, 1857",NA,NA
"Colletes","","nigricans",NA,"España","","Sierra de Guadarrama",NA,NA,NA,1911,7,23,NA,NA,"Dusmet","P. Álvarez [Piluca Álvarez Fidalgo]",0,1,"Coll. Dusmet",0,"MNCN",NA,NA,"Gistel, 1857",NA,NA
"Colletes","","nigricans",NA,"España","","Sierra de Guadarrama",NA,NA,NA,1911,9,18,NA,NA,"Dusmet","P. Álvarez [Piluca Álvarez Fidalgo]",0,1,"Coll. Dusmet",0,"MNCN",NA,NA,"Gistel, 1857",NA,NA
"Colletes","","nigricans",NA,"España","Madrid","Aranjuez",NA,NA,NA,1906,7,17,NA,NA,"sin datos","P. Álvarez [Piluca Álvarez Fidalgo]",0,1,"",0,"MNCN",NA,NA,"Gistel, 1857",NA,NA
"Colletes","","nigricans",NA,"España","Barcelona","La Garriga",NA,NA,NA,1924,6,NA,NA,NA,"Farriols","P. Álvarez [Piluca Álvarez Fidalgo]",0,1,"",0,"MNCN",NA,NA,"Gistel, 1857",NA,NA
"Colletes","","nigricans",NA,"España","Barcelona","La Garriga",NA,NA,NA,1924,6,NA,NA,NA,"Farriols","P. Álvarez [Piluca Álvarez Fidalgo]",0,1,"",0,"MNCN",NA,NA,"Gistel, 1857",NA,NA
"Colletes","","nigricans",NA,"España","Barcelona","La Garriga",NA,NA,NA,1924,6,NA,NA,NA,"Farriols","P. Álvarez [Piluca Álvarez Fidalgo]",1,0,"",0,"MNCN",NA,NA,"Gistel, 1857",NA,NA
"Colletes","","nigricans",NA,"España","Barcelona","La Garriga",NA,NA,NA,1924,6,NA,NA,NA,"Farriols","P. Álvarez [Piluca Álvarez Fidalgo]",1,0,"",0,"MNCN",NA,NA,"Gistel, 1857",NA,NA
"Colletes","","nigricans",NA,"España","Barcelona","La Garriga",NA,NA,NA,1924,9,8,NA,NA,"Farriols","P. Álvarez [Piluca Álvarez Fidalgo]",1,0,"",0,"MNCN",NA,NA,"Gistel, 1857",NA,NA
"Colletes","","nigricans",NA,"España","Barcelona","La Garriga",NA,NA,NA,1924,9,8,NA,NA,"Farriols","P. Álvarez [Piluca Álvarez Fidalgo]",0,1,"",0,"MNCN",NA,NA,"Gistel, 1857",NA,NA
"Colletes","","nigricans",NA,"España","Barcelona","La Garriga",NA,NA,NA,1924,9,8,NA,NA,"Farriols","P. Álvarez [Piluca Álvarez Fidalgo]",0,1,"",0,"MNCN",NA,NA,"Gistel, 1857",NA,NA
"Colletes","","nigricans",NA,"España","Barcelona","La Garriga",NA,NA,NA,1924,9,8,NA,NA,"Farriols","P. Álvarez [Piluca Álvarez Fidalgo]",0,1,"",0,"MNCN",NA,NA,"Gistel, 1857",NA,NA
"Colletes","","nigricans",NA,"España","Barcelona","La Garriga",NA,NA,NA,1924,9,24,NA,NA,"Farriols","P. Álvarez [Piluca Álvarez Fidalgo]",0,1,"",0,"MNCN",NA,NA,"Gistel, 1857",NA,NA
"Colletes","","nigricans",NA,"España","Barcelona","La Garriga",NA,NA,NA,1924,9,24,NA,NA,"Farriols","P. Álvarez [Piluca Álvarez Fidalgo]",0,1,"",0,"MNCN",NA,NA,"Gistel, 1857",NA,NA
"Colletes","","nigricans",NA,"España","","Sierra de Guadarrama",NA,NA,NA,1911,9,18,NA,NA,"Dusmet","P. Álvarez [Piluca Álvarez Fidalgo]",0,1,"Colección Dusmet",0,"MNCN",NA,NA,"Gistel, 1857",NA,NA
"Colletes","","nigricans",NA,"España","","Sierra de Guadarrama",NA,NA,NA,1911,9,18,NA,NA,"Dusmet","P. Álvarez [Piluca Álvarez Fidalgo]",0,1,"",0,"MNCN",NA,NA,"Gistel, 1857",NA,NA
"Colletes","","nigricans",NA,"España","Murcia","Venta del Olivo",NA,NA,NA,1984,9,14,NA,NA,"C. Rey","P. Álvarez [Piluca Álvarez Fidalgo]",1,0,"ex. Col. C. Rey",0,"MNCN",NA,NA,"Gistel, 1857",NA,NA
"Colletes","","nigricans",NA,"España","Madrid","San Lorenzo de El Escorial",NA,NA,NA,1984,7,1,NA,NA,"C. Rey","P. Álvarez [Piluca Álvarez Fidalgo]",1,0,"ex. Col. C. Rey",0,"MNCN",NA,NA,"Gistel, 1857",NA,NA
"Colletes","","nigricans",NA,"España","Madrid","Madrid",NA,NA,NA,1976,6,22,NA,NA,"Carmen Rey","P. Álvarez [Piluca Álvarez Fidalgo]",0,1,"ex. Col. C. Rey",0,"MNCN",NA,NA,"Gistel, 1857",NA,NA
"Colletes","","nigricans",NA,"España","Madrid","Soto del Real",NA,NA,NA,1983,6,26,NA,NA,"C. Rey","P. Álvarez [Piluca Álvarez Fidalgo]",0,1,"ex. Col. C. Rey",0,"MNCN",NA,NA,"Gistel, 1857",NA,NA
"Colletes","","nigricans",NA,"España","Madrid","Rivas-Vaciamadrid",NA,NA,NA,1909,9,19,NA,NA,"Dusmet","P. Álvarez [Piluca Álvarez Fidalgo]",0,1,"Coll. Dusmet",0,"MNCN",NA,NA,"Gistel, 1857",NA,NA
"Colletes","","nigricans",NA,"España","Madrid","Rivas-Vaciamadrid",NA,NA,NA,1909,9,19,NA,NA,"Dusmet","P. Álvarez [Piluca Álvarez Fidalgo]",0,1,"Coll. Dusmet",0,"MNCN",NA,NA,"Gistel, 1857",NA,NA
"Colletes","","nigricans",NA,"España","Madrid","Rivas-Vaciamadrid",NA,NA,NA,1909,9,19,NA,NA,"Dusmet","P. Álvarez [Piluca Álvarez Fidalgo]",1,0,"Coll. Dusmet",0,"MNCN",NA,NA,"Gistel, 1857",NA,NA
"Colletes","","nigricans",NA,"España","Madrid","Rivas-Vaciamadrid",NA,NA,NA,1909,9,19,NA,NA,"G. Mercet","P. Álvarez [Piluca Álvarez Fidalgo]",1,0,"",0,"MNCN",NA,NA,"Gistel, 1857",NA,NA
"Colletes","","nigricans",NA,"España","Madrid","Rivas-Vaciamadrid",NA,NA,NA,1909,9,19,NA,NA,"G. Mercet","P. Álvarez [Piluca Álvarez Fidalgo]",1,0,"",0,"MNCN",NA,NA,"Gistel, 1857",NA,NA
"Colletes","","nigricans",NA,"España","Madrid","Rivas-Vaciamadrid",NA,NA,NA,1920,6,14,NA,NA,"Dusmet","P. Álvarez [Piluca Álvarez Fidalgo]",1,0,"Coll. Dusmet",0,"MNCN",NA,NA,"Gistel, 1857",NA,NA
"Colletes","","nigricans",NA,"España","Madrid","Rivas-Vaciamadrid",NA,NA,NA,1911,9,31,NA,NA,"Dusmet","P. Álvarez [Piluca Álvarez Fidalgo]",0,1,"Coll. Dusmet",0,"MNCN",NA,NA,"Gistel, 1857",NA,NA
"Colletes","","nigricans",NA,"España","Madrid","Rivas-Vaciamadrid",NA,NA,NA,1912,9,30,NA,NA,"Dusmet","P. Álvarez [Piluca Álvarez Fidalgo]",0,1,"Coll. Dusmet",0,"MNCN",NA,NA,"Gistel, 1857",NA,NA
"Colletes","","nigricans",NA,"España","Madrid","Rivas-Vaciamadrid",NA,NA,NA,1912,9,30,NA,NA,"Dusmet","P. Álvarez [Piluca Álvarez Fidalgo]",0,1,"Coll. Dusmet",0,"MNCN",NA,NA,"Gistel, 1857",NA,NA
"Colletes","","nigricans",NA,"España","Madrid","Rivas-Vaciamadrid",NA,NA,NA,1922,9,18,NA,NA,"Dusmet","P. Álvarez [Piluca Álvarez Fidalgo]",0,1,"Coll. Dusmet",0,"MNCN",NA,NA,"Gistel, 1857",NA,NA
"Colletes","","nigricans",NA,"España","Madrid","Rivas-Vaciamadrid",NA,NA,NA,1910,6,14,NA,NA,"Dusmet","P. Álvarez [Piluca Álvarez Fidalgo]",0,1,"Coll. Dusmet",0,"MNCN",NA,NA,"Gistel, 1857",NA,NA
"Colletes","","nigricans",NA,"España","Madrid","Rivas-Vaciamadrid",NA,NA,NA,1916,6,21,NA,NA,"Dusmet","P. Álvarez [Piluca Álvarez Fidalgo]",0,1,"Colección Dusmet",0,"MNCN",NA,NA,"Gistel, 1857",NA,NA
"Colletes","","nigricans",NA,"España","Madrid","Rivas-Vaciamadrid",NA,NA,NA,1916,6,18,NA,NA,"Dusmet","P. Álvarez [Piluca Álvarez Fidalgo]",1,0,"Coll. Dusmet",0,"MNCN",NA,NA,"Gistel, 1857",NA,NA
"Colletes","","nigricans",NA,"España","Madrid","Rivas-Vaciamadrid",NA,NA,NA,1909,6,24,NA,NA,"Dusmet","P. Álvarez [Piluca Álvarez Fidalgo]",1,0,"Coll. Dusmet",0,"MNCN",NA,NA,"Gistel, 1857",NA,NA
"Colletes","","nigricans",NA,"España","Madrid","Rivas-Vaciamadrid",NA,NA,NA,1900,NA,NA,NA,NA,"Dusmet","P. Álvarez [Piluca Álvarez Fidalgo]",1,0,"Colección Dusmet",0,"MNCN",NA,NA,"Gistel, 1857",NA,NA
"Colletes","","nigricans",NA,"España","Madrid","El Pardo",NA,NA,NA,1920,8,4,NA,NA,"Dusmet","P. Álvarez [Piluca Álvarez Fidalgo]",0,1,"Coll. Dusmet",0,"MNCN",NA,NA,"Gistel, 1857",NA,NA
"Colletes","","nigricans",NA,"España","Madrid","El Pardo",NA,NA,NA,1920,8,4,NA,NA,"Dusmet","P. Álvarez [Piluca Álvarez Fidalgo]",0,1,"Colección Dusmet",0,"MNCN",NA,NA,"Gistel, 1857",NA,NA
"Colletes","","nigricans",NA,"España","Madrid","El Pardo",NA,NA,NA,1909,8,10,NA,NA,"Dusmet","P. Álvarez [Piluca Álvarez Fidalgo]",0,1,"Colección Dusmet",0,"MNCN",NA,NA,"Gistel, 1857",NA,NA
"Colletes","","nigricans",NA,"España","Madrid","El Pardo",NA,NA,NA,1910,6,26,NA,NA,"Dusmet","P. Álvarez [Piluca Álvarez Fidalgo]",1,0,"Coll. Dusmet",0,"MNCN",NA,NA,"Gistel, 1857",NA,NA
"Colletes","","nigricans",NA,"España","Madrid","El Pardo",NA,NA,NA,1911,9,24,NA,NA,"Dusmet","P. Álvarez [Piluca Álvarez Fidalgo]",1,0,"Coll. Dusmet",0,"MNCN",NA,NA,"Gistel, 1857",NA,NA
"Colletes","","nigricans",NA,"España","Madrid","El Pardo",NA,NA,NA,1904,6,NA,NA,NA,"Arias","P. Álvarez [Piluca Álvarez Fidalgo]",1,0,"",0,"MNCN",NA,NA,"Gistel, 1857",NA,NA
"Colletes","","nigricans",NA,"España","Zaragoza","Tiermas",NA,NA,NA,1926,8,NA,NA,NA,"Dusmet","P. Álvarez [Piluca Álvarez Fidalgo]",1,0,"Coll. Dusmet",0,"MNCN",NA,NA,"Gistel, 1857",NA,NA
"Colletes","","nigricans",NA,"España","Zaragoza","Tiermas",NA,NA,NA,1926,8,NA,NA,NA,"Dusmet","P. Álvarez [Piluca Álvarez Fidalgo]",0,1,"Coll. Dusmet",0,"MNCN",NA,NA,"Gistel, 1857",NA,NA
"Colletes","","nigricans",NA,"España","Teruel","Oliete",NA,NA,NA,1910,8,NA,NA,NA,"Dusmet","P. Álvarez [Piluca Álvarez Fidalgo]",0,1,"Coll. Dusmet",0,"MNCN",NA,NA,"Gistel, 1857",NA,NA
"Colletes","","nigricans",NA,"España","Teruel","Oliete",NA,NA,NA,1910,8,NA,NA,NA,"Dusmet","P. Álvarez [Piluca Álvarez Fidalgo]",1,0,"Coll. Dusmet",0,"MNCN",NA,NA,"Gistel, 1857",NA,NA
"Colletes","","nigricans",NA,"España","Madrid","Villaverde",NA,NA,NA,1904,6,14,NA,NA,"Dusmet","P. Álvarez [Piluca Álvarez Fidalgo]",1,0,"Colección Dusmet",0,"MNCN",NA,NA,"Gistel, 1857",NA,NA
"Colletes","","nigricans",NA,"España","Guadalajara","Cutamilla",NA,NA,NA,1919,7,16,NA,NA,"Dusmet","P. Álvarez [Piluca Álvarez Fidalgo]",1,0,"Colección Dusmet",0,"MNCN",NA,NA,"Gistel, 1857",NA,NA
"Colletes","","nigricans",NA,"España","Zaragoza","Añón de Moncayo",NA,NA,NA,1921,8,4,NA,NA,"Dusmet","P. Álvarez [Piluca Álvarez Fidalgo]",1,0,"Colección Dusmet",0,"MNCN",NA,NA,"Gistel, 1857",NA,NA
"Colletes","","nigricans",NA,"España","Cáceres","Baños de Montemayor",NA,NA,NA,1907,6,NA,NA,NA,"Dusmet","P. Álvarez [Piluca Álvarez Fidalgo]",1,0,"Colección Dusmet",0,"MNCN",NA,NA,"Gistel, 1857",NA,NA
"Colletes","","nigricans",NA,"España","Teruel","Albarracín",NA,NA,NA,1904,7,NA,NA,NA,"Dusmet","P. Álvarez [Piluca Álvarez Fidalgo]",1,0,"Colección Dusmet",0,"MNCN",NA,NA,"Gistel, 1857",NA,NA
"Colletes","","nigricans",NA,"España","Valladolid","[Finca]Jaramiel",NA,NA,NA,1905,7,21,NA,NA,"Dusmet","P. Álvarez [Piluca Álvarez Fidalgo]",1,0,"Colección Dusmet",0,"MNCN",NA,NA,"Gistel, 1857",NA,NA
"Colletes","","nigricans",NA,"España","Ávila","Arenas de San Pedro",NA,NA,NA,1923,6,6,NA,NA,"J. Dusmet","P. Álvarez [Piluca Álvarez Fidalgo]",1,0,"Colección Dusmet",0,"MNCN",NA,NA,"Gistel, 1857",NA,NA
"Colletes","","nigricans",NA,"España","Toledo","Toledo",NA,NA,NA,1906,6,NA,NA,NA,"Arias","P. Álvarez [Piluca Álvarez Fidalgo]",1,0,"",0,"MNCN",NA,NA,"Gistel, 1857",NA,NA
"Colletes","","nigricans",NA,"España","Granada","Puebla de Don Fadrique",NA,NA,NA,1900,NA,NA,NA,NA,"Escalera","P. Álvarez [Piluca Álvarez Fidalgo]",1,0,"",0,"MNCN",NA,NA,"Gistel, 1857",NA,NA
"Colletes","","nigricans",NA,"España","Alicante","Pilar de la Horadada",NA,NA,NA,1909,8,6,NA,NA,"Andréu","P. Álvarez [Piluca Álvarez Fidalgo]",1,0,"Coll. Dusmet",0,"MNCN",NA,NA,"Gistel, 1857",NA,NA
"Colletes","","nigricans",NA,"España","Huesca","Sena",NA,NA,NA,1922,8,18,NA,NA,"Andréu","P. Álvarez [Piluca Álvarez Fidalgo]",1,0,"Colección Dusmet",0,"MNCN",NA,NA,"Gistel, 1857",NA,NA
"Colletes","","nigricans",NA,"España","Madrid","Aldea del Fresno",NA,NA,NA,1908,5,28,NA,NA,"Dusmet","P. Álvarez [Piluca Álvarez Fidalgo]",1,0,"Coll. Dusmet",0,"MNCN",NA,NA,"Gistel, 1857",NA,NA
"Colletes","","nigricans",NA,"España","Madrid","Villaviciosa de Odón",NA,NA,NA,1909,6,29,NA,NA,"Dusmet","P. Álvarez [Piluca Álvarez Fidalgo]",1,0,"Coll. Dusmet",0,"MNCN",NA,NA,"Gistel, 1857",NA,NA
"Colletes","","nigricans",NA,"España","Madrid","Villaviciosa de Odón",NA,NA,NA,1920,7,20,NA,NA,"Dusmet","P. Álvarez [Piluca Álvarez Fidalgo]",0,1,"Coll. Dusmet",0,"MNCN",NA,NA,"Gistel, 1857",NA,NA
"Colletes","","nigricans",NA,"España","Madrid","Somosierra",NA,NA,NA,1924,6,28,NA,NA,"Dusmet","P. Álvarez [Piluca Álvarez Fidalgo]",0,1,"Coll. Dusmet",0,"MNCN",NA,NA,"Gistel, 1857",NA,NA
"Colletes","","nigricans",NA,"España","Huesca","Panticosa",NA,NA,NA,1921,7,NA,NA,NA,"Dusmet","P. Álvarez [Piluca Álvarez Fidalgo]",0,1,"Coll. Dusmet",0,"MNCN",NA,NA,"Gistel, 1857",NA,NA
"Colletes","","nigricans",NA,"España","Pontevedra","Bayona",NA,NA,NA,1906,NA,NA,NA,NA,"Dusmet","P. Álvarez [Piluca Álvarez Fidalgo]",0,1,"Colección Dusmet",0,"MNCN",NA,NA,"Gistel, 1857",NA,NA
"Colletes","","nigricans",NA,"España","Huesca","Benasque",NA,NA,NA,1926,8,NA,NA,NA,"Dusmet","P. Álvarez [Piluca Álvarez Fidalgo]",0,1,"Colección Dusmet",0,"MNCN",NA,NA,"Gistel, 1857",NA,NA
"Colletes","","nigricans",NA,"España","Madrid","Alcalá de Henares",NA,NA,NA,1909,6,13,NA,NA,"Dusmet","P. Álvarez [Piluca Álvarez Fidalgo]",0,1,"Coll. Dusmet",0,"MNCN",NA,NA,"Gistel, 1857",NA,NA
"Colletes","","nigricans",NA,"España","Madrid","San Lorenzo de El Escorial",NA,NA,NA,1923,6,30,NA,NA,"Dusmet","P. Álvarez [Piluca Álvarez Fidalgo]",0,1,"Coll. Dusmet",0,"MNCN",NA,NA,"Gistel, 1857",NA,NA
"Colletes","","nigricans",NA,"España","Madrid","Madrid",NA,NA,NA,1903,NA,NA,NA,NA,"G. Schramm","P. Álvarez [Piluca Álvarez Fidalgo]",0,1,"",0,"MNCN",NA,NA,"Gistel, 1857",NA,NA
"Colletes","","nigricans",NA,"España","Madrid","Madrid",NA,NA,NA,1900,NA,NA,NA,NA,"Mercet","P. Álvarez [Piluca Álvarez Fidalgo]",0,1,"",0,"MNCN",NA,NA,"Gistel, 1857",NA,NA
"Colletes","","nigricans",NA,"España","","Alberche",NA,NA,NA,1908,NA,NA,NA,NA,"Mercet","P. Álvarez [Piluca Álvarez Fidalgo]",0,1,"",0,"MNCN",NA,NA,"Gistel, 1857",NA,NA
"Colletes","","nigricans",NA,"España","","Alberche",NA,NA,NA,1908,NA,NA,NA,NA,"Mercet","P. Álvarez [Piluca Álvarez Fidalgo]",0,1,"",0,"MNCN",NA,NA,"Gistel, 1857",NA,NA
"Colletes","","nigricans",NA,"España","Alicante","Orihuela",NA,NA,NA,1926,5,8,NA,NA,"Andréu","P. Álvarez [Piluca Álvarez Fidalgo]",0,1,"Colección Dusmet",0,"MNCN",NA,NA,"Gistel, 1857",NA,NA
"Colletes","","nigricans",NA,"España","Teruel","Albarracín",NA,NA,NA,1925,6,NA,NA,NA,"sin datos","P. Álvarez [Piluca Álvarez Fidalgo]",0,1,"",0,"MNCN",NA,NA,"Gistel, 1857",NA,NA
"Colletes","","nigricans",NA,"España","Madrid","San Lorenzo de El Escorial",NA,NA,NA,1912,6,16,NA,NA,"Dusmet","P. Álvarez [Piluca Álvarez Fidalgo]",0,1,"Coll. Dusmet",0,"MNCN",NA,NA,"Gistel, 1857",NA,NA
"Colletes","","nigricans",NA,"España","Barcelona","Montserrat",NA,NA,NA,1925,8,NA,NA,NA,"Dusmet","P. Álvarez [Piluca Álvarez Fidalgo]",0,1,"Colección Dusmet",0,"MNCN",NA,NA,"Gistel, 1857",NA,NA
"Colletes","","nigricans",NA,"España","Barcelona","Montserrat",NA,NA,NA,1925,8,NA,NA,NA,"Dusmet","P. Álvarez [Piluca Álvarez Fidalgo]",1,0,"",0,"MNCN",NA,NA,"Gistel, 1857",NA,NA
"Colletes","","nigricans",NA,"España","Barcelona","Barcelona",NA,NA,NA,1905,7,30,NA,NA,"Arias","P. Álvarez [Piluca Álvarez Fidalgo]",0,1,"",0,"MNCN",NA,NA,"Gistel, 1857",NA,NA
"Colletes","","nigricans",NA,"España","Málaga","Málaga",NA,NA,NA,1941,NA,NA,NA,NA,"Cobos","P. Álvarez [Piluca Álvarez Fidalgo]",1,0,"",0,"MNCN",NA,NA,"Gistel, 1857",NA,NA
"Colletes","","nigricans",NA,"España","Madrid","Aranjuez",NA,NA,NA,1903,NA,NA,NA,NA,"G. Mercet","P. Álvarez [Piluca Álvarez Fidalgo]",1,0,"",0,"MNCN",NA,NA,"Gistel, 1857",NA,NA
"Colletes","","nigricans",NA,"España","Madrid","Madrid",NA,NA,NA,1904,6,2,NA,NA,"G. Mercet","P. Álvarez [Piluca Álvarez Fidalgo]",1,0,"",0,"MNCN",NA,NA,"Gistel, 1857",NA,NA
"Colletes","","nigricans",NA,"España","Madrid","Aranjuez",NA,NA,NA,1906,7,17,NA,NA,"sin datos","P. Álvarez [Piluca Álvarez Fidalgo]",0,1,"",0,"MNCN",NA,NA,"Gistel, 1857",NA,NA
"Colletes","","nigricans",NA,"España","Barcelona","La Garriga",NA,NA,NA,1924,9,28,NA,NA,"Farriols","P. Álvarez [Piluca Álvarez Fidalgo]",0,1,"",0,"MNCN",NA,NA,"Gistel, 1857",NA,NA
"Colletes","","nigricans",NA,"España","Barcelona","Centelles",NA,NA,NA,1912,NA,NA,NA,NA,"Mas de Xaxars","P. Álvarez [Piluca Álvarez Fidalgo]",1,0,"",0,"MNCN",NA,NA,"Gistel, 1857",NA,NA
"Colletes","","nigricans",NA,"España","Alicante","Orihuela",NA,NA,NA,1905,NA,NA,NA,NA,"Andréu","P. Álvarez [Piluca Álvarez Fidalgo]",0,1,"",0,"MNCN",NA,NA,"Gistel, 1857",NA,NA
"Colletes","","nigricans",NA,"España","Granada","Granada, Albaicín",NA,NA,NA,1945,7,13,NA,NA,"Peris Torres","P. Álvarez [Piluca Álvarez Fidalgo]",0,1,"",0,"MNCN",NA,NA,"Gistel, 1857",NA,NA
"Colletes","","nigricans",NA,"España","Murcia","Murcia",NA,NA,NA,1949,5,25,NA,NA,"Andreu","P. Álvarez [Piluca Álvarez Fidalgo]",1,0,"",0,"MNCN",NA,NA,"Gistel, 1857",NA,NA
"Colletes","","nigricans",NA,"España","Madrid","Rivas-Vaciamadrid",NA,NA,NA,1906,7,25,NA,NA,"sin datos","P. Álvarez [Piluca Álvarez Fidalgo]",1,0,"",0,"MNCN",NA,NA,"Gistel, 1857",NA,NA
"Colletes","","nigricans",NA,"España","Madrid","Rivas-Vaciamadrid",NA,NA,NA,1906,7,25,NA,NA,"sin datos","P. Álvarez [Piluca Álvarez Fidalgo]",1,0,"",0,"MNCN",NA,NA,"Gistel, 1857",NA,NA
"Colletes","","nigricans",NA,"España","Madrid","Rivas-Vaciamadrid",NA,NA,NA,1906,7,25,NA,NA,"sin datos","P. Álvarez [Piluca Álvarez Fidalgo]",1,0,"",0,"MNCN",NA,NA,"Gistel, 1857",NA,NA
"Colletes","","nigricans",NA,"España","Madrid","Rivas-Vaciamadrid",NA,NA,NA,1906,7,25,NA,NA,"sin datos","P. Álvarez [Piluca Álvarez Fidalgo]",1,0,"",0,"MNCN",NA,NA,"Gistel, 1857",NA,NA
"Colletes","","nigricans",NA,"España","Madrid","Rivas-Vaciamadrid",NA,NA,NA,1906,8,21,NA,NA,"sin datos","P. Álvarez [Piluca Álvarez Fidalgo]",1,0,"Colección Cabrera",0,"MNCN",NA,NA,"Gistel, 1857",NA,NA
"Colletes","","nigricans",NA,"España","Madrid","Madrid",NA,NA,NA,1900,NA,NA,NA,NA,"[Escalera]","P. Álvarez [Piluca Álvarez Fidalgo]",1,0,"",0,"MNCN",NA,NA,"Gistel, 1857",NA,NA
"Colletes","","nigricans",NA,"España","Madrid","Madrid",NA,NA,NA,1900,NA,NA,NA,NA,"[Escalera]","P. Álvarez [Piluca Álvarez Fidalgo]",1,0,"",0,"MNCN",NA,NA,"Gistel, 1857",NA,NA
"Colletes","","nigricans",NA,"España","Madrid","Madrid",NA,NA,NA,1900,NA,NA,NA,NA,"[Escalera]","P. Álvarez [Piluca Álvarez Fidalgo]",1,0,"",0,"MNCN",NA,NA,"Gistel, 1857",NA,NA
"Colletes","","nigricans",NA,"España","Albacete","El Bonillo",NA,NA,NA,1940,7,NA,NA,NA,"Andréu","P. Álvarez [Piluca Álvarez Fidalgo]",1,0,"Colección Dusmet",0,"MNCN",NA,NA,"Gistel, 1857",NA,NA
"Colletes","","nigricans",NA,"España","Valencia","Rocafort",NA,NA,NA,1960,9,1,NA,NA,"S.V. Peris","P. Álvarez [Piluca Álvarez Fidalgo]",1,0,"",0,"MNCN",NA,NA,"Gistel, 1857",NA,NA
"Colletes","","nigricans",NA,"España","Valencia","Rocafort",NA,NA,NA,1960,9,1,NA,NA,"S.V. Peris","P. Álvarez [Piluca Álvarez Fidalgo]",1,0,"",0,"MNCN",NA,NA,"Gistel, 1857",NA,NA
"Colletes","","nigricans",NA,"España","Valencia","Rocafort",NA,NA,NA,1960,9,1,NA,NA,"S.V. Peris","P. Álvarez [Piluca Álvarez Fidalgo]",0,1,"",0,"MNCN",NA,NA,"Gistel, 1857",NA,NA
"Colletes","","nigricans",NA,"España","Huelva","Coto Doñana",NA,NA,NA,1967,9,30,NA,NA,"E. Mingo","P. Álvarez [Piluca Álvarez Fidalgo]",1,0,"",0,"MNCN",NA,NA,"Gistel, 1857",NA,NA
"Colletes","","nigricans",NA,"España","Madrid","Villaviciosa de Odón",NA,NA,NA,1909,6,29,NA,NA,"Dusmet","P. Álvarez [Piluca Álvarez Fidalgo]",1,0,"",0,"MNCN",NA,NA,"Gistel, 1857",NA,NA
"Colletes","","nigricans",NA,"España","Granada","Sierra Nevada",NA,NA,NA,1926,6,NA,NA,NA,"Dusmet","P. Álvarez [Piluca Álvarez Fidalgo]",1,0,"Coll. Dusmet",0,"MNCN",NA,NA,"Gistel, 1857",NA,NA
"Colletes","","nigricans",NA,"Francia","Languedoc-Roussillon","Nimes",NA,NA,NA,1920,9,5,NA,NA,"sin datos","P. Álvarez [Piluca Álvarez Fidalgo]",0,1,"Colección Dusmet",0,"MNCN",NA,NA,"Gistel, 1857",NA,NA
"Colletes","","nigricans",NA,"Sahara Occidental","","Tifariti",NA,NA,NA,1945,5,NA,NA,NA,"sin datos","P. Álvarez [Piluca Álvarez Fidalgo]",0,1,"",0,"MNCN",NA,NA,"Gistel, 1857",NA,NA
"Colletes","","nigricans",NA,"Sahara Occidental","","Tifariti",NA,NA,NA,1945,5,NA,NA,NA,"sin datos","P. Álvarez [Piluca Álvarez Fidalgo]",1,0,"",0,"MNCN",NA,NA,"Gistel, 1857",NA,NA
"Colletes","","nigricans",NA,"España","","",NA,NA,NA,1960,8,10,NA,NA,"O. Lundblad","P. Álvarez [Piluca Álvarez Fidalgo]",1,0,"Etiqueta verde de Riksmuseum Stokholm.",0,"MNCN",NA,NA,"Gistel, 1857",NA,NA
"Colletes","","nigricans",NA,"España","","",NA,NA,NA,1960,8,10,NA,NA,"O. Lundblad","P. Álvarez [Piluca Álvarez Fidalgo]",1,0,"Etiqueta verde de Riksmuseum Stokholm.",0,"MNCN",NA,NA,"Gistel, 1857",NA,NA
"Colletes","","ligatus",NA,"España","","Sierra de Guadarrama",NA,NA,NA,1911,9,18,NA,NA,"Dusmet","P. Álvarez [Piluca Álvarez Fidalgo]",0,1,"Colección Dusmet",0,"MNCN",NA,NA,"Erichson, 1835",NA,NA
"Colletes","","ligatus",NA,"España","","Sierra de Guadarrama",NA,NA,NA,1913,8,9,NA,NA,"Dusmet","P. Álvarez [Piluca Álvarez Fidalgo]",0,1,"Colección Dusmet",0,"MNCN",NA,NA,"Erichson, 1835",NA,NA
"Colletes","","ligatus",NA,"España","","Sierra de Guadarrama",NA,NA,NA,1913,8,9,NA,NA,"Dusmet","P. Álvarez [Piluca Álvarez Fidalgo]",0,1,"Colección Dusmet",0,"MNCN",NA,NA,"Erichson, 1835",NA,NA
"Colletes","","ligatus",NA,"España","","Sierra de Guadarrama",NA,NA,NA,1915,8,23,NA,NA,"Dusmet","P. Álvarez [Piluca Álvarez Fidalgo]",0,1,"Colección Dusmet",0,"MNCN",NA,NA,"Erichson, 1835",NA,NA
"Colletes","","ligatus",NA,"España","Murcia","Murcia",NA,NA,NA,1922,6,25,NA,NA,"V. Muedra S.J.","P. Álvarez [Piluca Álvarez Fidalgo]",0,1,"",0,"MNCN",NA,NA,"Erichson, 1835",NA,NA
"Colletes","","pulchellus",NA,"España","Madrid","El Pardo",NA,NA,NA,1910,6,26,NA,NA,"Dusmet","P. Álvarez [Piluca Álvarez Fidalgo]",1,0,"Coll. Dusmet",0,"MNCN",NA,NA,"Pérez, 1903",NA,NA
"Colletes","","pulchellus",NA,"España","Madrid","El Pardo",NA,NA,NA,1910,6,26,NA,NA,"Dusmet","P. Álvarez [Piluca Álvarez Fidalgo]",1,0,"Coll. Dusmet",0,"MNCN",NA,NA,"Pérez, 1903",NA,NA
"Colletes","","pulchellus",NA,"España","Madrid","El Pardo",NA,NA,NA,1910,6,26,NA,NA,"Dusmet","P. Álvarez [Piluca Álvarez Fidalgo]",1,0,"Coll. Dusmet",0,"MNCN",NA,NA,"Pérez, 1903",NA,NA
"Colletes","","pulchellus",NA,"España","Madrid","El Pardo",NA,NA,NA,1910,6,26,NA,NA,"Dusmet","P. Álvarez [Piluca Álvarez Fidalgo]",1,0,"Coll. Dusmet",0,"MNCN",NA,NA,"Pérez, 1903",NA,NA
"Colletes","","pulchellus",NA,"España","Madrid","El Pardo",NA,NA,NA,1910,6,26,NA,NA,"Dusmet","P. Álvarez [Piluca Álvarez Fidalgo]",1,0,"Coll. Dusmet",0,"MNCN",NA,NA,"Pérez, 1903",NA,NA
"Colletes","","pulchellus",NA,"España","Madrid","El Pardo",NA,NA,NA,1910,6,26,NA,NA,"Dusmet","P. Álvarez [Piluca Álvarez Fidalgo]",1,0,"Coll. Dusmet",0,"MNCN",NA,NA,"Pérez, 1903",NA,NA
"Colletes","","pulchellus",NA,"España","Madrid","El Pardo",NA,NA,NA,1910,6,26,NA,NA,"Dusmet","P. Álvarez [Piluca Álvarez Fidalgo]",1,0,"Coll. Dusmet",0,"MNCN",NA,NA,"Pérez, 1903",NA,NA
"Colletes","","pulchellus",NA,"España","Madrid","El Pardo",NA,NA,NA,1910,6,26,NA,NA,"Dusmet","P. Álvarez [Piluca Álvarez Fidalgo]",1,0,"Coll. Dusmet",0,"MNCN",NA,NA,"Pérez, 1903",NA,NA
"Colletes","","pulchellus",NA,"España","Madrid","El Pardo",NA,NA,NA,1910,6,26,NA,NA,"Dusmet","P. Álvarez [Piluca Álvarez Fidalgo]",1,0,"Coll. Dusmet",0,"MNCN",NA,NA,"Pérez, 1903",NA,NA
"Colletes","","pulchellus",NA,"España","Madrid","El Pardo",NA,NA,NA,1910,6,26,NA,NA,"Dusmet","P. Álvarez [Piluca Álvarez Fidalgo]",1,0,"Coll. Dusmet",0,"MNCN",NA,NA,"Pérez, 1903",NA,NA
"Colletes","","pulchellus",NA,"España","Madrid","El Pardo",NA,NA,NA,1910,6,26,NA,NA,"Dusmet","P. Álvarez [Piluca Álvarez Fidalgo]",1,0,"Coll. Dusmet",0,"MNCN",NA,NA,"Pérez, 1903",NA,NA
"Colletes","","pulchellus",NA,"España","Madrid","El Pardo",NA,NA,NA,1910,6,26,NA,NA,"Dusmet","P. Álvarez [Piluca Álvarez Fidalgo]",1,0,"Coll. Dusmet",0,"MNCN",NA,NA,"Pérez, 1903",NA,NA
"Colletes","","pulchellus",NA,"España","Madrid","El Pardo",NA,NA,NA,1910,6,26,NA,NA,"Dusmet","P. Álvarez [Piluca Álvarez Fidalgo]",1,0,"Coll. Dusmet",0,"MNCN",NA,NA,"Pérez, 1903",NA,NA
"Colletes","","pulchellus",NA,"España","Madrid","El Pardo",NA,NA,NA,1910,6,26,NA,NA,"Dusmet","P. Álvarez [Piluca Álvarez Fidalgo]",1,0,"Coll. Dusmet",0,"MNCN",NA,NA,"Pérez, 1903",NA,NA
"Colletes","","pulchellus",NA,"España","Madrid","El Pardo",NA,NA,NA,1910,6,26,NA,NA,"Dusmet","P. Álvarez [Piluca Álvarez Fidalgo]",1,0,"Coll. Dusmet",0,"MNCN",NA,NA,"Pérez, 1903",NA,NA
"Colletes","","pulchellus",NA,"España","Madrid","El Pardo",NA,NA,NA,1910,6,26,NA,NA,"Dusmet","P. Álvarez [Piluca Álvarez Fidalgo]",1,0,"Coll. Dusmet",0,"MNCN",NA,NA,"Pérez, 1903",NA,NA
"Colletes","","pulchellus",NA,"España","Valencia","Valencia",NA,NA,NA,1905,NA,NA,NA,NA,"Moroder","P. Álvarez [Piluca Álvarez Fidalgo]",1,0,"",0,"MNCN",NA,NA,"Pérez, 1903",NA,NA
"Colletes","","pulchellus",NA,"España","Valencia","Valencia",NA,NA,NA,1905,NA,NA,NA,NA,"Moroder","P. Álvarez [Piluca Álvarez Fidalgo]",1,0,"",0,"MNCN",NA,NA,"Pérez, 1903",NA,NA
"Colletes","","pulchellus",NA,"España","Valencia","Valencia",NA,NA,NA,1905,NA,NA,NA,NA,"Moroder","P. Álvarez [Piluca Álvarez Fidalgo]",1,0,"",0,"MNCN",NA,NA,"Pérez, 1903",NA,NA
"Colletes","","pulchellus",NA,"España","Valencia","Valencia",NA,NA,NA,1905,NA,NA,NA,NA,"Moroder","P. Álvarez [Piluca Álvarez Fidalgo]",1,0,"",0,"MNCN",NA,NA,"Pérez, 1903",NA,NA
"Colletes","","pulchellus",NA,"España","Valencia","Valencia",NA,NA,NA,1905,NA,NA,NA,NA,"Moroder","P. Álvarez [Piluca Álvarez Fidalgo]",0,1,"",0,"MNCN",NA,NA,"Pérez, 1903",NA,NA
"Colletes","","fodiens",NA,"España","Madrid","San Lorenzo de El Escorial",NA,NA,NA,1980,9,9,NA,NA,"C. Rey","P. Álvarez [Piluca Álvarez Fidalgo]",1,0,"ex. Col. C. Rey",0,"MNCN",NA,NA,"(Geoffroy, 1785)",NA,NA
"Colletes","","fodiens",NA,"España","Soria","San Leonardo de Yagüe",NA,NA,NA,1983,8,20,NA,NA,"C. Rey","P. Álvarez [Piluca Álvarez Fidalgo]",1,0,"ex. Col. C. Rey",0,"MNCN",NA,NA,"(Geoffroy, 1785)",NA,NA
"Colletes","","fodiens",NA,"España","","Sierra de Guadarrama",NA,NA,NA,1911,7,23,NA,NA,"Dusmet","P. Álvarez [Piluca Álvarez Fidalgo]",1,0,"Coll. Dusmet",0,"MNCN",NA,NA,"(Geoffroy, 1785)",NA,NA
"Colletes","","fodiens",NA,"España","","Sierra de Guadarrama",NA,NA,NA,1911,8,8,NA,NA,"Dusmet","P. Álvarez [Piluca Álvarez Fidalgo]",1,0,"Colección Dusmet",0,"MNCN",NA,NA,"(Geoffroy, 1785)",NA,NA
"Colletes","","fodiens",NA,"España","","Sierra de Guadarrama",NA,NA,NA,1911,8,8,NA,NA,"Dusmet","P. Álvarez [Piluca Álvarez Fidalgo]",0,1,"Coll. Dusmet",0,"MNCN",NA,NA,"(Geoffroy, 1785)",NA,NA
"Colletes","","fodiens",NA,"España","","Sierra de Guadarrama",NA,NA,NA,1911,8,16,NA,NA,"Dusmet","P. Álvarez [Piluca Álvarez Fidalgo]",0,1,"Coll. Dusmet",0,"MNCN",NA,NA,"(Geoffroy, 1785)",NA,NA
"Colletes","","fodiens",NA,"España","","Sierra de Guadarrama",NA,NA,NA,1911,8,16,NA,NA,"Dusmet","P. Álvarez [Piluca Álvarez Fidalgo]",0,1,"Coll. Dusmet",0,"MNCN",NA,NA,"(Geoffroy, 1785)",NA,NA
"Colletes","","fodiens",NA,"España","","Sierra de Guadarrama",NA,NA,NA,1911,8,16,NA,NA,"Dusmet","P. Álvarez [Piluca Álvarez Fidalgo]",1,0,"Coll. Dusmet",0,"MNCN",NA,NA,"(Geoffroy, 1785)",NA,NA
"Colletes","","fodiens",NA,"España","","Sierra de Guadarrama",NA,NA,NA,1911,8,16,NA,NA,"Dusmet","P. Álvarez [Piluca Álvarez Fidalgo]",1,0,"Coll. Dusmet",0,"MNCN",NA,NA,"(Geoffroy, 1785)",NA,NA
"Colletes","","fodiens",NA,"España","","Sierra de Guadarrama",NA,NA,NA,1911,8,16,NA,NA,"Dusmet","P. Álvarez [Piluca Álvarez Fidalgo]",1,0,"Coll. Dusmet",0,"MNCN",NA,NA,"(Geoffroy, 1785)",NA,NA
"Colletes","","fodiens",NA,"España","Cantabria","Puerto del Escudo",NA,NA,NA,1954,8,4,NA,NA,"S.V. Peris","P. Álvarez [Piluca Álvarez Fidalgo]",1,0,"",0,"MNCN",NA,NA,"(Geoffroy, 1785)",NA,NA
"Colletes","","fodiens",NA,"España","Pontevedra","Mondariz",NA,NA,NA,1910,8,10,NA,NA,"Dusmet","P. Álvarez [Piluca Álvarez Fidalgo]",1,0,"Colección Dusmet",0,"MNCN",NA,NA,"(Geoffroy, 1785)",NA,NA
"Colletes","","fodiens",NA,"España","Burgos","Hontoria del Pinar",NA,NA,NA,1982,7,10,NA,NA,"C. Rey","P. Álvarez [Piluca Álvarez Fidalgo]",1,0,"ex. Col. C. Rey",0,"MNCN",NA,NA,"(Geoffroy, 1785)",NA,NA
"Colletes","","fodiens",NA,"España","","Sierra de Guadarrama",NA,NA,NA,1911,8,16,NA,NA,"Dusmet","P. Álvarez [Piluca Álvarez Fidalgo]",1,0,"Coll. Dusmet",0,"MNCN",NA,NA,"(Geoffroy, 1785)",NA,NA
"Colletes","","fodiens",NA,"España","","Sierra de Guadarrama",NA,NA,NA,1911,8,16,NA,NA,"Dusmet","P. Álvarez [Piluca Álvarez Fidalgo]",1,0,"Coll. Dusmet",0,"MNCN",NA,NA,"(Geoffroy, 1785)",NA,NA
"Colletes","","fodiens",NA,"España","","Sierra de Guadarrama",NA,NA,NA,1911,8,16,NA,NA,"Dusmet","P. Álvarez [Piluca Álvarez Fidalgo]",1,0,"Coll. Dusmet",0,"MNCN",NA,NA,"(Geoffroy, 1785)",NA,NA
"Colletes","","fodiens",NA,"España","","Sierra de Guadarrama",NA,NA,NA,1911,8,11,NA,NA,"Dusmet","Noskiewicz",1,0,"Coll. Dusmet",0,"MNCN",NA,NA,"(Geoffroy, 1785)",NA,NA
"Colletes","","fodiens",NA,"España","","Sierra de Guadarrama",NA,NA,NA,1911,8,11,NA,NA,"Dusmet","Noskiewicz",0,1,"Coll. Dusmet",0,"MNCN",NA,NA,"(Geoffroy, 1785)",NA,NA
"Colletes","","fodiens",NA,"España","","Sierra de Guadarrama",NA,NA,NA,1912,8,6,NA,NA,"Dusmet","P. Álvarez [Piluca Álvarez Fidalgo]",0,1,"Coll. Dusmet",0,"MNCN",NA,NA,"(Geoffroy, 1785)",NA,NA
"Colletes","","fodiens",NA,"España","","Sierra de Guadarrama",NA,NA,NA,1912,8,6,NA,NA,"Dusmet","P. Álvarez [Piluca Álvarez Fidalgo]",0,1,"Coll. Dusmet",0,"MNCN",NA,NA,"(Geoffroy, 1785)",NA,NA
"Colletes","","fodiens",NA,"España","","Sierra de Guadarrama",NA,NA,NA,1912,8,6,NA,NA,"Dusmet","P. Álvarez [Piluca Álvarez Fidalgo]",0,1,"Coll. Dusmet",0,"MNCN",NA,NA,"(Geoffroy, 1785)",NA,NA
"Colletes","","fodiens",NA,"España","","Sierra de Guadarrama",NA,NA,NA,1912,8,6,NA,NA,"Dusmet","P. Álvarez [Piluca Álvarez Fidalgo]",0,1,"Coll. Dusmet",0,"MNCN",NA,NA,"(Geoffroy, 1785)",NA,NA
"Colletes","","fodiens",NA,"España","","Sierra de Guadarrama",NA,NA,NA,1912,8,18,NA,NA,"Dusmet","P. Álvarez [Piluca Álvarez Fidalgo]",0,1,"Coll. Dusmet",0,"MNCN",NA,NA,"(Geoffroy, 1785)",NA,NA
"Colletes","","fodiens",NA,"España","","Sierra de Guadarrama",NA,NA,NA,1912,8,18,NA,NA,"Dusmet","P. Álvarez [Piluca Álvarez Fidalgo]",0,1,"Coll. Dusmet",0,"MNCN",NA,NA,"(Geoffroy, 1785)",NA,NA
"Colletes","","fodiens",NA,"España","","Sierra de Guadarrama",NA,NA,NA,1914,8,26,NA,NA,"Dusmet","P. Álvarez [Piluca Álvarez Fidalgo]",0,1,"Coll. Dusmet",0,"MNCN",NA,NA,"(Geoffroy, 1785)",NA,NA
"Colletes","","fodiens",NA,"España","","Sierra de Guadarrama",NA,NA,NA,1914,8,26,NA,NA,"Dusmet","P. Álvarez [Piluca Álvarez Fidalgo]",0,1,"Coll. Dusmet",0,"MNCN",NA,NA,"(Geoffroy, 1785)",NA,NA
"Colletes","","fodiens",NA,"España","","Sierra de Guadarrama",NA,NA,NA,1914,8,26,NA,NA,"Dusmet","P. Álvarez [Piluca Álvarez Fidalgo]",0,1,"Coll. Dusmet",0,"MNCN",NA,NA,"(Geoffroy, 1785)",NA,NA
"Colletes","","fodiens",NA,"España","","Sierra de Guadarrama",NA,NA,NA,1914,8,26,NA,NA,"Dusmet","P. Álvarez [Piluca Álvarez Fidalgo]",0,1,"Coll. Dusmet",0,"MNCN",NA,NA,"(Geoffroy, 1785)",NA,NA
"Colletes","","fodiens",NA,"España","","Sierra de Guadarrama",NA,NA,NA,1914,8,26,NA,NA,"Dusmet","P. Álvarez [Piluca Álvarez Fidalgo]",1,0,"Coll. Dusmet",0,"MNCN",NA,NA,"(Geoffroy, 1785)",NA,NA
"Colletes","","fodiens",NA,"España","","Sierra de Guadarrama",NA,NA,NA,1917,9,2,NA,NA,"Dusmet","P. Álvarez [Piluca Álvarez Fidalgo]",1,0,"Coll. Dusmet",0,"MNCN",NA,NA,"(Geoffroy, 1785)",NA,NA
"Colletes","","fodiens",NA,"España","","Sierra de Guadarrama",NA,NA,NA,1917,9,2,NA,NA,"Dusmet","P. Álvarez [Piluca Álvarez Fidalgo]",0,1,"Coll. Dusmet",0,"MNCN",NA,NA,"(Geoffroy, 1785)",NA,NA
"Colletes","","fodiens",NA,"España","","Sierra de Guadarrama",NA,NA,NA,1915,8,23,NA,NA,"Dusmet","P. Álvarez [Piluca Álvarez Fidalgo]",0,1,"Coll. Dusmet",0,"MNCN",NA,NA,"(Geoffroy, 1785)",NA,NA
"Colletes","","fodiens",NA,"España","","Sierra de Guadarrama",NA,NA,NA,1915,8,23,NA,NA,"Dusmet","P. Álvarez [Piluca Álvarez Fidalgo]",0,1,"Coll. Dusmet",0,"MNCN",NA,NA,"(Geoffroy, 1785)",NA,NA
"Colletes","","fodiens",NA,"España","Madrid","El Pardo",NA,NA,NA,1911,7,9,NA,NA,"Dusmet","P. Álvarez [Piluca Álvarez Fidalgo]",0,1,"Colección Dusmet",0,"MNCN",NA,NA,"(Geoffroy, 1785)",NA,NA
"Colletes","","fodiens",NA,"España","Madrid","El Pardo",NA,NA,NA,1909,7,31,NA,NA,"Dusmet","P. Álvarez [Piluca Álvarez Fidalgo]",0,1,"Coll. Dusmet",0,"MNCN",NA,NA,"(Geoffroy, 1785)",NA,NA
"Colletes","","fodiens",NA,"España","Madrid","El Pardo",NA,NA,NA,1909,7,31,NA,NA,"Dusmet","P. Álvarez [Piluca Álvarez Fidalgo]",1,0,"Coll. Dusmet",0,"MNCN",NA,NA,"(Geoffroy, 1785)",NA,NA
"Colletes","","fodiens",NA,"España","Madrid","El Pardo",NA,NA,NA,1920,8,4,NA,NA,"Dusmet","P. Álvarez [Piluca Álvarez Fidalgo]",1,0,"Coll. Dusmet",0,"MNCN",NA,NA,"(Geoffroy, 1785)",NA,NA
"Colletes","","fodiens",NA,"España","Madrid","El Pardo",NA,NA,NA,1920,8,4,NA,NA,"Dusmet","P. Álvarez [Piluca Álvarez Fidalgo]",1,0,"Coll. Dusmet",0,"MNCN",NA,NA,"(Geoffroy, 1785)",NA,NA
"Colletes","","fodiens",NA,"España","Madrid","El Pardo",NA,NA,NA,1914,9,14,NA,NA,"Dusmet","P. Álvarez [Piluca Álvarez Fidalgo]",1,0,"Coll. Dusmet",0,"MNCN",NA,NA,"(Geoffroy, 1785)",NA,NA
"Colletes","","fodiens",NA,"España","Madrid","San Lorenzo de El Escorial",NA,NA,NA,1901,8,18,NA,NA,"Dusmet","P. Álvarez [Piluca Álvarez Fidalgo]",1,0,"Colección Dusmet",0,"MNCN",NA,NA,"(Geoffroy, 1785)",NA,NA
"Colletes","","fodiens",NA,"España","Madrid","San Lorenzo de El Escorial",NA,NA,NA,1901,NA,NA,NA,NA,"Mercet","P. Álvarez [Piluca Álvarez Fidalgo]",1,0,"Col. R. G. Mercet",0,"MNCN",NA,NA,"(Geoffroy, 1785)",NA,NA
"Colletes","","fodiens",NA,"España","Madrid","San Lorenzo de El Escorial",NA,NA,NA,1903,8,9,NA,NA,"Dusmet","P. Álvarez [Piluca Álvarez Fidalgo]",0,1,"Coll. Dusmet",0,"MNCN",NA,NA,"(Geoffroy, 1785)",NA,NA
"Colletes","","fodiens",NA,"España","Madrid","San Lorenzo de El Escorial",NA,NA,NA,1917,8,17,NA,NA,"Dusmet","P. Álvarez [Piluca Álvarez Fidalgo]",0,1,"Colección Dusmet",0,"MNCN",NA,NA,"(Geoffroy, 1785)",NA,NA
"Colletes","","fodiens",NA,"España","Madrid","Los Molinos",NA,NA,NA,1902,NA,NA,NA,NA,"G. Mercet","P. Álvarez [Piluca Álvarez Fidalgo]",1,0,"",0,"MNCN",NA,NA,"(Geoffroy, 1785)",NA,NA
"Colletes","","fodiens",NA,"España","Madrid","Los Molinos",NA,NA,NA,1902,NA,NA,NA,NA,"G. Mercet","P. Álvarez [Piluca Álvarez Fidalgo]",1,0,"Col. R. G. Mercet",0,"MNCN",NA,NA,"(Geoffroy, 1785)",NA,NA
"Colletes","","fodiens",NA,"España","Madrid","Los Molinos",NA,NA,NA,1902,NA,NA,NA,NA,"G. Mercet","P. Álvarez [Piluca Álvarez Fidalgo]",1,0,"Col. R. G. Mercet",0,"MNCN",NA,NA,"(Geoffroy, 1785)",NA,NA
"Colletes","","fodiens",NA,"España","Madrid","Los Molinos",NA,NA,NA,1902,NA,NA,NA,NA,"G. Mercet","P. Álvarez [Piluca Álvarez Fidalgo]",1,0,"Col. R. G. Mercet",0,"MNCN",NA,NA,"(Geoffroy, 1785)",NA,NA
"Colletes","","fodiens",NA,"España","Madrid","Los Molinos",NA,NA,NA,1902,NA,NA,NA,NA,"G. Mercet","P. Álvarez [Piluca Álvarez Fidalgo]",1,0,"",0,"MNCN",NA,NA,"(Geoffroy, 1785)",NA,NA
"Colletes","","fodiens",NA,"España","Madrid","Los Molinos",NA,NA,NA,1902,NA,NA,NA,NA,"G. Mercet","P. Álvarez [Piluca Álvarez Fidalgo]",0,1,"",0,"MNCN",NA,NA,"(Geoffroy, 1785)",NA,NA
"Colletes","","fodiens",NA,"España","Madrid","Los Molinos",NA,NA,NA,1902,NA,NA,NA,NA,"G. Mercet","P. Álvarez [Piluca Álvarez Fidalgo]",0,1,"",0,"MNCN",NA,NA,"(Geoffroy, 1785)",NA,NA
"Colletes","","fodiens",NA,"España","Teruel","Albarracín",NA,NA,NA,1904,7,NA,NA,NA,"Dusmet","P. Álvarez [Piluca Álvarez Fidalgo]",0,1,"Colección Dusmet",0,"MNCN",NA,NA,"(Geoffroy, 1785)",NA,NA
"Colletes","","fodiens",NA,"España","Teruel","Albarracín",NA,NA,NA,1904,7,NA,NA,NA,"Dusmet","P. Álvarez [Piluca Álvarez Fidalgo]",1,0,"Colección Dusmet",0,"MNCN",NA,NA,"(Geoffroy, 1785)",NA,NA
"Colletes","","fodiens",NA,"España","Teruel","Albarracín",NA,NA,NA,1904,7,NA,NA,NA,"Dusmet","P. Álvarez [Piluca Álvarez Fidalgo]",1,0,"Coll. Dusmet",0,"MNCN",NA,NA,"(Geoffroy, 1785)",NA,NA
"Colletes","","fodiens",NA,"España","Pontevedra","Bayona",NA,NA,NA,1906,8,NA,NA,NA,"Dusmet","P. Álvarez [Piluca Álvarez Fidalgo]",1,0,"Coll. Dusmet",0,"MNCN",NA,NA,"(Geoffroy, 1785)",NA,NA
"Colletes","","fodiens",NA,"España","Pontevedra","Bayona",NA,NA,NA,1906,8,NA,NA,NA,"Dusmet","P. Álvarez [Piluca Álvarez Fidalgo]",1,0,"Coll. Dusmet",0,"MNCN",NA,NA,"(Geoffroy, 1785)",NA,NA
"Colletes","","fodiens",NA,"España","Pontevedra","Bayona",NA,NA,NA,1906,8,NA,NA,NA,"Dusmet","P. Álvarez [Piluca Álvarez Fidalgo]",1,0,"Colección Dusmet",0,"MNCN",NA,NA,"(Geoffroy, 1785)",NA,NA
"Colletes","","fodiens",NA,"España","Pontevedra","Bayona",NA,NA,NA,1906,8,NA,NA,NA,"Dusmet","P. Álvarez [Piluca Álvarez Fidalgo]",0,1,"Colección Dusmet",0,"MNCN",NA,NA,"(Geoffroy, 1785)",NA,NA
"Colletes","","fodiens",NA,"España","Ávila","Ávila",NA,NA,NA,1906,8,NA,NA,NA,"Sanz","P. Álvarez [Piluca Álvarez Fidalgo]",0,1,"",0,"MNCN",NA,NA,"(Geoffroy, 1785)",NA,NA
"Colletes","","fodiens",NA,"España","Ávila","Ávila",NA,NA,NA,1906,8,NA,NA,NA,"Sanz","P. Álvarez [Piluca Álvarez Fidalgo]",0,1,"",0,"MNCN",NA,NA,"(Geoffroy, 1785)",NA,NA
"Colletes","","fodiens",NA,"España","Ávila","Ávila",NA,NA,NA,1906,8,NA,NA,NA,"Sanz","P. Álvarez [Piluca Álvarez Fidalgo]",0,1,"",0,"MNCN",NA,NA,"(Geoffroy, 1785)",NA,NA
"Colletes","","fodiens",NA,"España","Lérida","Sierra del Cadí",NA,NA,NA,1906,8,NA,NA,NA,"Arias","P. Álvarez [Piluca Álvarez Fidalgo]",0,1,"",0,"MNCN",NA,NA,"(Geoffroy, 1785)",NA,NA
"Colletes","","fodiens",NA,"España","Huesca","Panticosa",NA,NA,NA,1921,7,NA,NA,NA,"Dusmet","P. Álvarez [Piluca Álvarez Fidalgo]",1,0,"Colección Dusmet",0,"MNCN",NA,NA,"(Geoffroy, 1785)",NA,NA
"Colletes","","fodiens",NA,"España","Madrid","Villalba",NA,NA,NA,1901,7,17,NA,NA,"Dusmet","P. Álvarez [Piluca Álvarez Fidalgo]",1,0,"Colección Dusmet",0,"MNCN",NA,NA,"(Geoffroy, 1785)",NA,NA
"Colletes","","fodiens",NA,"España","Ávila","Gredos",NA,NA,NA,1907,8,NA,NA,NA,"Arias","P. Álvarez [Piluca Álvarez Fidalgo]",1,0,"",0,"MNCN",NA,NA,"(Geoffroy, 1785)",NA,NA
"Colletes","","fodiens",NA,"Portugal","Évora","Évora",NA,NA,NA,1921,6,NA,NA,NA,"Dusmet","P. Álvarez [Piluca Álvarez Fidalgo]",1,0,"Colección Dusmet",0,"MNCN",NA,NA,"(Geoffroy, 1785)",NA,NA
"Colletes","","fodiens",NA,"España","Huesca","Sena",NA,NA,NA,1904,8,1,NA,NA,"Dusmet","P. Álvarez [Piluca Álvarez Fidalgo]",0,1,"Colección Dusmet",0,"MNCN",NA,NA,"(Geoffroy, 1785)",NA,NA
"Colletes","","fodiens",NA,"España","Madrid","Madrid",NA,NA,NA,1900,NA,NA,NA,NA,"G. Mercet","P. Álvarez [Piluca Álvarez Fidalgo]",0,1,"",0,"MNCN",NA,NA,"(Geoffroy, 1785)",NA,NA
"Colletes","","fodiens",NA,"España","Cáceres","Torrequemada",NA,NA,NA,1932,7,NA,NA,NA,"J. Gil","P. Álvarez [Piluca Álvarez Fidalgo]",0,1,"",0,"MNCN",NA,NA,"(Geoffroy, 1785)",NA,NA
"Colletes","","fodiens",NA,"España","Cáceres","Torrequemada",NA,NA,NA,1932,7,NA,NA,NA,"J. Gil","P. Álvarez [Piluca Álvarez Fidalgo]",1,0,"",0,"MNCN",NA,NA,"(Geoffroy, 1785)",NA,NA
"Colletes","","fodiens",NA,"España","Cáceres","Torrequemada",NA,NA,NA,1932,7,NA,NA,NA,"J. Gil","P. Álvarez [Piluca Álvarez Fidalgo]",1,0,"",0,"MNCN",NA,NA,"(Geoffroy, 1785)",NA,NA
"Colletes","","fodiens",NA,"España","Cáceres","Torrequemada",NA,NA,NA,1932,7,NA,NA,NA,"J. Gil","P. Álvarez [Piluca Álvarez Fidalgo]",1,0,"",0,"MNCN",NA,NA,"(Geoffroy, 1785)",NA,NA
"Colletes","","fodiens",NA,"España","Cáceres","Torrequemada",NA,NA,NA,1932,7,NA,NA,NA,"J. Gil","P. Álvarez [Piluca Álvarez Fidalgo]",1,0,"",0,"MNCN",NA,NA,"(Geoffroy, 1785)",NA,NA
"Colletes","","fodiens",NA,"España","Cáceres","Torrequemada",NA,NA,NA,1932,7,NA,NA,NA,"J. Gil","P. Álvarez [Piluca Álvarez Fidalgo]",1,0,"",0,"MNCN",NA,NA,"(Geoffroy, 1785)",NA,NA
"Colletes","","fodiens",NA,"España","Cáceres","Torrequemada",NA,NA,NA,1932,7,NA,NA,NA,"J. Gil","P. Álvarez [Piluca Álvarez Fidalgo]",1,0,"",0,"MNCN",NA,NA,"(Geoffroy, 1785)",NA,NA
"Colletes","","fodiens",NA,"España","Cáceres","Torrequemada",NA,NA,NA,1932,7,NA,NA,NA,"J. Gil","P. Álvarez [Piluca Álvarez Fidalgo]",1,0,"",0,"MNCN",NA,NA,"(Geoffroy, 1785)",NA,NA
"Colletes","","fodiens",NA,"España","Cáceres","Torrequemada",NA,NA,NA,1932,7,NA,NA,NA,"J. Gil","P. Álvarez [Piluca Álvarez Fidalgo]",1,0,"",0,"MNCN",NA,NA,"(Geoffroy, 1785)",NA,NA
"Colletes","","fodiens",NA,"España","Cáceres","Torrequemada",NA,NA,NA,1932,7,NA,NA,NA,"J. Gil","P. Álvarez [Piluca Álvarez Fidalgo]",1,0,"",0,"MNCN",NA,NA,"(Geoffroy, 1785)",NA,NA
"Colletes","","fodiens",NA,"España","Ávila","Navalperal de Pinares",NA,NA,NA,1904,7,NA,NA,NA,"Escalera","P. Álvarez [Piluca Álvarez Fidalgo]",1,0,"",0,"MNCN",NA,NA,"(Geoffroy, 1785)",NA,NA
"Colletes","","fodiens",NA,"España","Ávila","Navalperal de Pinares",NA,NA,NA,1904,7,NA,NA,NA,"Escalera","P. Álvarez [Piluca Álvarez Fidalgo]",1,0,"",0,"MNCN",NA,NA,"(Geoffroy, 1785)",NA,NA
"Colletes","","fodiens",NA,"España","Ávila","Navalperal de Pinares",NA,NA,NA,1904,7,NA,NA,NA,"Escalera","P. Álvarez [Piluca Álvarez Fidalgo]",1,0,"",0,"MNCN",NA,NA,"(Geoffroy, 1785)",NA,NA
"Colletes","","fodiens",NA,"España","Ávila","Navalperal de Pinares",NA,NA,NA,1904,7,NA,NA,NA,"Escalera","P. Álvarez [Piluca Álvarez Fidalgo]",1,0,"",0,"MNCN",NA,NA,"(Geoffroy, 1785)",NA,NA
"Colletes","","fodiens",NA,"España","Ávila","Navalperal de Pinares",NA,NA,NA,1904,7,NA,NA,NA,"Escalera","P. Álvarez [Piluca Álvarez Fidalgo]",1,0,"",0,"MNCN",NA,NA,"(Geoffroy, 1785)",NA,NA
"Colletes","","fodiens",NA,"España","Ávila","Navalperal de Pinares",NA,NA,NA,1904,7,NA,NA,NA,"Escalera","P. Álvarez [Piluca Álvarez Fidalgo]",1,0,"",0,"MNCN",NA,NA,"(Geoffroy, 1785)",NA,NA
"Colletes","","fodiens",NA,"España","Alicante","Orihuela",NA,NA,NA,1905,NA,NA,NA,NA,"Andréu","P. Álvarez [Piluca Álvarez Fidalgo]",1,0,"",0,"MNCN",NA,NA,"(Geoffroy, 1785)",NA,NA
"Colletes","","fodiens",NA,"España","Ávila","Navalperal de Pinares",NA,NA,NA,1904,7,NA,NA,NA,"Escalera","P. Álvarez [Piluca Álvarez Fidalgo]",1,0,"",0,"MNCN",NA,NA,"(Geoffroy, 1785)",NA,NA
"Colletes","","fodiens",NA,"España","Ávila","Navas del Marqués",NA,NA,NA,1983,7,16,NA,NA,"C. Rey","P. Álvarez [Piluca Álvarez Fidalgo]",0,1,"ex. Col. C. Rey",0,"MNCN",NA,NA,"(Geoffroy, 1785)",NA,NA
"Colletes","","fodiens",NA,"España","Segovia","San Rafael",NA,NA,NA,1931,8,20,NA,NA,"sin datos","P. Álvarez [Piluca Álvarez Fidalgo]",0,1,"",0,"MNCN",NA,NA,"(Geoffroy, 1785)",NA,NA
"Colletes","","fodiens",NA,"España","Madrid","Madrid",NA,NA,NA,1900,NA,NA,NA,NA,"G. Mercet","P. Álvarez [Piluca Álvarez Fidalgo]",0,1,"",0,"MNCN",NA,NA,"(Geoffroy, 1785)",NA,NA
"Colletes","","fodiens",NA,"España","Madrid","Madrid",NA,NA,NA,1900,NA,NA,NA,NA,"G. Mercet","P. Álvarez [Piluca Álvarez Fidalgo]",0,1,"",0,"MNCN",NA,NA,"(Geoffroy, 1785)",NA,NA
"Colletes","","fodiens",NA,"España","Madrid","Madrid",NA,NA,NA,1900,NA,NA,NA,NA,"G. Mercet","P. Álvarez [Piluca Álvarez Fidalgo]",0,1,"",0,"MNCN",NA,NA,"(Geoffroy, 1785)",NA,NA
"Colletes","","fodiens",NA,"España","Ávila","Navalperal de Pinares",NA,NA,NA,1904,7,NA,NA,NA,"Escalera","P. Álvarez [Piluca Álvarez Fidalgo]",0,1,"",0,"MNCN",NA,NA,"(Geoffroy, 1785)",NA,NA
"Colletes","","fodiens",NA,"España","Ávila","Navalperal de Pinares",NA,NA,NA,1904,7,NA,NA,NA,"Escalera","P. Álvarez [Piluca Álvarez Fidalgo]",0,1,"",0,"MNCN",NA,NA,"(Geoffroy, 1785)",NA,NA
"Colletes","","fodiens",NA,"España","Ávila","Navalperal de Pinares",NA,NA,NA,1904,7,NA,NA,NA,"Escalera","P. Álvarez [Piluca Álvarez Fidalgo]",0,1,"",0,"MNCN",NA,NA,"(Geoffroy, 1785)",NA,NA
"Colletes","","fodiens",NA,"España","Ávila","Navalperal de Pinares",NA,NA,NA,1904,7,NA,NA,NA,"Escalera","P. Álvarez [Piluca Álvarez Fidalgo]",0,1,"",0,"MNCN",NA,NA,"(Geoffroy, 1785)",NA,NA
"Colletes","","fodiens",NA,"España","Ávila","Navalperal de Pinares",NA,NA,NA,1904,7,NA,NA,NA,"Escalera","P. Álvarez [Piluca Álvarez Fidalgo]",0,1,"",0,"MNCN",NA,NA,"(Geoffroy, 1785)",NA,NA
"Colletes","","fodiens",NA,"España","Ávila","Navalperal de Pinares",NA,NA,NA,1904,7,NA,NA,NA,"Escalera","P. Álvarez [Piluca Álvarez Fidalgo]",0,1,"",0,"MNCN",NA,NA,"(Geoffroy, 1785)",NA,NA
"Colletes","","fodiens",NA,"España","","Sierra de Guadarrama",NA,NA,NA,1933,7,25,NA,NA,"Dusmet","P. Álvarez [Piluca Álvarez Fidalgo]",0,1,"Colección Dusmet",0,"MNCN",NA,NA,"(Geoffroy, 1785)",NA,NA
"Colletes","","fodiens",NA,"España","","Sierra de Guadarrama",NA,NA,NA,1933,7,25,NA,NA,"Dusmet","P. Álvarez [Piluca Álvarez Fidalgo]",0,1,"Colección Dusmet",0,"MNCN",NA,NA,"(Geoffroy, 1785)",NA,NA
"Colletes","","fodiens",NA,"España","","Sierra de Guadarrama",NA,NA,NA,1933,7,25,NA,NA,"Dusmet","P. Álvarez [Piluca Álvarez Fidalgo]",0,1,"Colección Dusmet",0,"MNCN",NA,NA,"(Geoffroy, 1785)",NA,NA
"Colletes","","fodiens",NA,"España","","Sierra de Guadarrama",NA,NA,NA,1933,7,25,NA,NA,"Dusmet","P. Álvarez [Piluca Álvarez Fidalgo]",0,1,"Colección Dusmet",0,"MNCN",NA,NA,"(Geoffroy, 1785)",NA,NA
"Colletes","","fodiens",NA,"España","","Sierra de Guadarrama",NA,NA,NA,1933,7,25,NA,NA,"Dusmet","P. Álvarez [Piluca Álvarez Fidalgo]",0,1,"Colección Dusmet",0,"MNCN",NA,NA,"(Geoffroy, 1785)",NA,NA
"Colletes","","fodiens",NA,"España","","Sierra de Guadarrama",NA,NA,NA,1933,7,25,NA,NA,"Dusmet","P. Álvarez [Piluca Álvarez Fidalgo]",0,1,"Colección Dusmet",0,"MNCN",NA,NA,"(Geoffroy, 1785)",NA,NA
"Colletes","","fodiens",NA,"España","","Sierra de Guadarrama",NA,NA,NA,1933,7,25,NA,NA,"Dusmet","P. Álvarez [Piluca Álvarez Fidalgo]",0,1,"Colección Dusmet",0,"MNCN",NA,NA,"(Geoffroy, 1785)",NA,NA
"Colletes","","fodiens",NA,"España","","Sierra de Guadarrama",NA,NA,NA,1933,7,25,NA,NA,"Dusmet","P. Álvarez [Piluca Álvarez Fidalgo]",0,1,"Colección Dusmet",0,"MNCN",NA,NA,"(Geoffroy, 1785)",NA,NA
"Colletes","","fodiens",NA,"España","","Sierra de Guadarrama",NA,NA,NA,1933,7,25,NA,NA,"Dusmet","P. Álvarez [Piluca Álvarez Fidalgo]",0,1,"Colección Dusmet",0,"MNCN",NA,NA,"(Geoffroy, 1785)",NA,NA
"Colletes","","fodiens",NA,"España","","Sierra de Guadarrama",NA,NA,NA,1933,7,25,NA,NA,"Dusmet","P. Álvarez [Piluca Álvarez Fidalgo]",0,1,"Colección Dusmet",0,"MNCN",NA,NA,"(Geoffroy, 1785)",NA,NA
"Colletes","","fodiens",NA,"España","","Sierra de Guadarrama",NA,NA,NA,1933,7,25,NA,NA,"Dusmet","P. Álvarez [Piluca Álvarez Fidalgo]",0,1,"Colección Dusmet",0,"MNCN",NA,NA,"(Geoffroy, 1785)",NA,NA
"Colletes","","fodiens",NA,"España","","Sierra de Guadarrama",NA,NA,NA,1933,7,25,NA,NA,"Dusmet","P. Álvarez [Piluca Álvarez Fidalgo]",0,1,"Colección Dusmet",0,"MNCN",NA,NA,"(Geoffroy, 1785)",NA,NA
"Colletes","","fodiens",NA,"España","","Sierra de Guadarrama",NA,NA,NA,1933,7,25,NA,NA,"Dusmet","P. Álvarez [Piluca Álvarez Fidalgo]",0,1,"Colección Dusmet",0,"MNCN",NA,NA,"(Geoffroy, 1785)",NA,NA
"Colletes","","fodiens",NA,"España","","Sierra de Guadarrama",NA,NA,NA,1933,7,25,NA,NA,"Dusmet","P. Álvarez [Piluca Álvarez Fidalgo]",0,1,"Colección Dusmet",0,"MNCN",NA,NA,"(Geoffroy, 1785)",NA,NA
"Colletes","","fodiens",NA,"España","","Sierra de Guadarrama",NA,NA,NA,1933,7,25,NA,NA,"Dusmet","P. Álvarez [Piluca Álvarez Fidalgo]",0,1,"Colección Dusmet",0,"MNCN",NA,NA,"(Geoffroy, 1785)",NA,NA
"Colletes","","fodiens",NA,"España","","Sierra de Guadarrama",NA,NA,NA,1933,7,25,NA,NA,"Dusmet","P. Álvarez [Piluca Álvarez Fidalgo]",0,1,"Colección Dusmet",0,"MNCN",NA,NA,"(Geoffroy, 1785)",NA,NA
"Colletes","","fodiens",NA,"España","","Sierra de Guadarrama",NA,NA,NA,1933,7,25,NA,NA,"Dusmet","P. Álvarez [Piluca Álvarez Fidalgo]",0,1,"Colección Dusmet",0,"MNCN",NA,NA,"(Geoffroy, 1785)",NA,NA
"Colletes","","fodiens",NA,"España","","Sierra de Guadarrama",NA,NA,NA,1933,7,25,NA,NA,"Dusmet","P. Álvarez [Piluca Álvarez Fidalgo]",0,1,"Colección Dusmet",0,"MNCN",NA,NA,"(Geoffroy, 1785)",NA,NA
"Colletes","","fodiens",NA,"España","","Sierra de Guadarrama",NA,NA,NA,1933,7,25,NA,NA,"Dusmet","P. Álvarez [Piluca Álvarez Fidalgo]",0,1,"Colección Dusmet",0,"MNCN",NA,NA,"(Geoffroy, 1785)",NA,NA
"Colletes","","fodiens",NA,"España","","Sierra de Guadarrama",NA,NA,NA,1933,7,25,NA,NA,"Dusmet","P. Álvarez [Piluca Álvarez Fidalgo]",0,1,"Colección Dusmet",0,"MNCN",NA,NA,"(Geoffroy, 1785)",NA,NA
"Colletes","","fodiens",NA,"España","","Sierra de Guadarrama",NA,NA,NA,1933,7,25,NA,NA,"Dusmet","P. Álvarez [Piluca Álvarez Fidalgo]",0,1,"Colección Dusmet",0,"MNCN",NA,NA,"(Geoffroy, 1785)",NA,NA
"Colletes","","fodiens",NA,"España","","Sierra de Guadarrama",NA,NA,NA,1933,7,25,NA,NA,"Dusmet","P. Álvarez [Piluca Álvarez Fidalgo]",0,1,"Colección Dusmet",0,"MNCN",NA,NA,"(Geoffroy, 1785)",NA,NA
"Colletes","","fodiens",NA,"España","","Sierra de Guadarrama",NA,NA,NA,1933,7,25,NA,NA,"Dusmet","P. Álvarez [Piluca Álvarez Fidalgo]",1,0,"Colección Dusmet",0,"MNCN",NA,NA,"(Geoffroy, 1785)",NA,NA
"Colletes","","fodiens",NA,"España","","Sierra de Guadarrama",NA,NA,NA,1931,7,10,NA,NA,"Dusmet","P. Álvarez [Piluca Álvarez Fidalgo]",1,0,"Colección Dusmet",0,"MNCN",NA,NA,"(Geoffroy, 1785)",NA,NA
"Colletes","","fodiens",NA,"España","","Sierra de Guadarrama",NA,NA,NA,1931,7,10,NA,NA,"Dusmet","P. Álvarez [Piluca Álvarez Fidalgo]",0,1,"Colección Dusmet",0,"MNCN",NA,NA,"(Geoffroy, 1785)",NA,NA
"Colletes","","fodiens",NA,"España","","Sierra de Guadarrama",NA,NA,NA,1931,7,10,NA,NA,"Dusmet","P. Álvarez [Piluca Álvarez Fidalgo]",0,1,"Colección Dusmet",0,"MNCN",NA,NA,"(Geoffroy, 1785)",NA,NA
"Colletes","","fodiens",NA,"España","","Sierra de Guadarrama",NA,NA,NA,1933,7,6,NA,NA,"Dusmet","P. Álvarez [Piluca Álvarez Fidalgo]",0,1,"Colección Dusmet",0,"MNCN",NA,NA,"(Geoffroy, 1785)",NA,NA
"Colletes","","fodiens",NA,"España","Burgos","Cantabrana",NA,NA,NA,1941,7,NA,NA,NA,"M. Parra","P. Álvarez [Piluca Álvarez Fidalgo]",0,1,"Colección Dusmet",0,"MNCN",NA,NA,"(Geoffroy, 1785)",NA,NA
"Colletes","","cunicularius",NA,"España","Madrid","San Lorenzo de El Escorial",NA,NA,NA,1936,4,2,NA,NA,"J. Dusmet","P. Álvarez [Piluca Álvarez Fidalgo]",0,1,"Colección Dusmet",0,"MNCN",NA,NA,"(Linnaeus, 1761)",NA,NA
"Colletes","","cunicularius",NA,"España","La Rioja","Calahorra",NA,NA,NA,1931,3,22,NA,NA,"M. Miranda","P. Álvarez [Piluca Álvarez Fidalgo]",0,1,"Colección Dusmet",0,"MNCN",NA,NA,"(Linnaeus, 1761)",NA,NA
"Colletes","","cunicularius",NA,"España","La Rioja","Calahorra",NA,NA,NA,1931,3,19,NA,NA,"M. Miranda","P. Álvarez [Piluca Álvarez Fidalgo]",0,1,"Colección Cabrera",0,"MNCN",NA,NA,"(Linnaeus, 1761)",NA,NA
"Colletes","","cunicularius",NA,"España","Madrid","Madrid",NA,NA,NA,1900,NA,NA,NA,NA,"G. Mercet","P. Álvarez [Piluca Álvarez Fidalgo]",0,1,"",0,"MNCN",NA,NA,"(Linnaeus, 1761)",NA,NA
"Colletes","","cunicularius",NA,"España","Madrid","Madrid",NA,NA,NA,1900,NA,NA,NA,NA,"G. Mercet","P. Álvarez [Piluca Álvarez Fidalgo]",0,1,"",0,"MNCN",NA,NA,"(Linnaeus, 1761)",NA,NA
"Colletes","","cunicularius",NA,"España","Córdoba","El Soldado",NA,NA,NA,1926,3,7,NA,NA,"Seyrig","P. Álvarez [Piluca Álvarez Fidalgo]",0,1,"Colección Dusmet",0,"MNCN",NA,NA,"(Linnaeus, 1761)",NA,NA
"Colletes","","cunicularius",NA,"España","Córdoba","El Soldado",NA,NA,NA,1926,3,7,NA,NA,"Seyrig","P. Álvarez [Piluca Álvarez Fidalgo]",0,1,"Colección Dusmet",0,"MNCN",NA,NA,"(Linnaeus, 1761)",NA,NA
"Colletes","","cunicularius",NA,"España","Córdoba","El Soldado",NA,NA,NA,1926,3,7,NA,NA,"Seyrig","P. Álvarez [Piluca Álvarez Fidalgo]",0,1,"Colección Dusmet",0,"MNCN",NA,NA,"(Linnaeus, 1761)",NA,NA
"Colletes","","cunicularius",NA,"España","Córdoba","El Soldado",NA,NA,NA,1926,3,7,NA,NA,"Seyrig","P. Álvarez [Piluca Álvarez Fidalgo]",0,1,"Colección Dusmet",0,"MNCN",NA,NA,"(Linnaeus, 1761)",NA,NA
"Colletes","","cunicularius",NA,"España","Córdoba","El Soldado",NA,NA,NA,1926,3,7,NA,NA,"Seyrig","P. Álvarez [Piluca Álvarez Fidalgo]",0,1,"Colección Dusmet",0,"MNCN",NA,NA,"(Linnaeus, 1761)",NA,NA
"Colletes","","cunicularius",NA,"España","Córdoba","El Soldado",NA,NA,NA,1926,3,7,NA,NA,"Seyrig","P. Álvarez [Piluca Álvarez Fidalgo]",1,0,"Colección Dusmet",0,"MNCN",NA,NA,"(Linnaeus, 1761)",NA,NA
"Colletes","","cunicularius",NA,"España","Córdoba","El Soldado",NA,NA,NA,1926,3,7,NA,NA,"Seyrig","P. Álvarez [Piluca Álvarez Fidalgo]",1,0,"Colección Dusmet",0,"MNCN",NA,NA,"(Linnaeus, 1761)",NA,NA
"Colletes","","cunicularius",NA,"España","Córdoba","El Soldado",NA,NA,NA,1926,3,7,NA,NA,"Seyrig","P. Álvarez [Piluca Álvarez Fidalgo]",0,1,"Colección Dusmet",0,"MNCN",NA,NA,"(Linnaeus, 1761)",NA,NA
"Colletes","","cunicularius",NA,"España","Madrid","San Fernando de Henares",NA,NA,NA,1907,4,22,NA,NA,"Dusmet","P. Álvarez [Piluca Álvarez Fidalgo]",1,0,"Colección Dusmet",0,"MNCN",NA,NA,"(Linnaeus, 1761)",NA,NA
"Colletes","","cunicularius",NA,"España","Zaragoza","Zaragoza",NA,NA,NA,1898,4,21,NA,NA,"sin datos","P. Álvarez [Piluca Álvarez Fidalgo]",1,0,"Colección Dusmet",0,"MNCN",NA,NA,"(Linnaeus, 1761)",NA,NA
"Colletes","","cunicularius",NA,"España","Madrid","Aranjuez",NA,NA,NA,1971,4,20,NA,NA,"MA Molar, J.","P. Álvarez [Piluca Álvarez Fidalgo]",1,0,"Coll. alumno",0,"MNCN",NA,NA,"(Linnaeus, 1761)",NA,NA
"Colletes","","cunicularius",NA,"España","Navarra","Madrid",NA,NA,NA,1935,3,29,NA,NA,"Dusmet","P. Álvarez [Piluca Álvarez Fidalgo]",0,1,"Colección Dusmet",0,"MNCN",NA,NA,"(Linnaeus, 1761)",NA,NA
"Colletes","","similis",NA,"España","Zaragoza","Zaragoza",NA,NA,NA,1899,5,NA,NA,NA,"sin datos","P. Álvarez [Piluca Álvarez Fidalgo]",0,1,"Colección Dusmet",0,"MNCN",NA,NA,"Schenck, 1853",NA,NA
"Colletes","","similis",NA,"España","Pontevedra","Villagarcía de Arosa",NA,NA,NA,1963,8,NA,NA,NA,"J.L. Saavedra","P. Álvarez [Piluca Álvarez Fidalgo]",0,1,"",0,"MNCN",NA,NA,"Schenck, 1853",NA,NA
"Colletes","","similis",NA,"España","Segovia","Riofrío",NA,NA,NA,1957,7,24,NA,NA,"S.V. Peris","M. Kuhlmann",0,1,"",0,"MNCN",NA,NA,"Schenck, 1853",NA,NA
"Colletes","","similis",NA,"España","Barcelona","Barcelona",NA,NA,NA,1922,10,9,NA,NA,"Zariquiey","P. Álvarez [Piluca Álvarez Fidalgo]",1,0,"Colección Dusmet",0,"MNCN",NA,NA,"Schenck, 1853",NA,NA
"Colletes","","similis",NA,"Suiza","","Suiza",NA,NA,NA,1876,9,3,NA,NA,"sin datos","P. Álvarez [Piluca Álvarez Fidalgo]",1,0,"Colección A. Compte",0,"MNCN",NA,NA,"Schenck, 1853",NA,NA
"Colletes","","similis",NA,"Suiza","","Suiza",NA,NA,NA,1879,6,28,NA,NA,"sin datos","P. Álvarez [Piluca Álvarez Fidalgo]",1,0,"Colección A. Compte",0,"MNCN",NA,NA,"Schenck, 1853",NA,NA
"Dufourea","Dentirophites","gaullei",NA,"España","Madrid","Tres Cantos",NA,NA,NA,1999,4,2,NA,NA,"F. Fresno","P. Álvarez [Piluca Álvarez Fidalgo]",0,1,"ex. Colección F. Fresno",0,"MNCN",NA,NA,"Vachal, 1897",NA,NA
"Dufourea","Dentirophites","gaullei",NA,"España","Madrid","Tres Cantos",NA,NA,NA,1999,4,2,NA,NA,"F. Fresno","P. Álvarez [Piluca Álvarez Fidalgo]",0,1,"ex. Colección F. Fresno",0,"MNCN",NA,NA,"Vachal, 1897",NA,NA
"Dufourea","Dentirophites","gaullei",NA,"España","Madrid","Tres Cantos",NA,NA,NA,2002,6,2,NA,NA,"F. Fresno","P. Álvarez [Piluca Álvarez Fidalgo]",0,1,"ex. Colección F. Fresno",0,"MNCN",NA,NA,"Vachal, 1897",NA,NA
"Dufourea","Dentirophites","gaullei",NA,"España","Madrid","Tres Cantos",NA,NA,NA,2003,5,18,NA,NA,"F. Fresno","P. Álvarez [Piluca Álvarez Fidalgo]",0,1,"ex. Colección F. Fresno",0,"MNCN",NA,NA,"Vachal, 1897",NA,NA
"Dufourea","Dentirophites","gaullei",NA,"España","Madrid","Tres Cantos",NA,NA,NA,2003,5,18,NA,NA,"F. Fresno","P. Álvarez [Piluca Álvarez Fidalgo]",0,1,"ex. Colección F. Fresno",0,"MNCN",NA,NA,"Vachal, 1897",NA,NA
"Dufourea","Dentirophites","gaullei",NA,"España","Madrid","Tres Cantos",NA,NA,NA,2003,5,18,NA,NA,"F. Fresno","P. Álvarez [Piluca Álvarez Fidalgo]",0,1,"ex. Colección F. Fresno",0,"MNCN",NA,NA,"Vachal, 1897",NA,NA
"Dufourea","Dentirophites","gaullei",NA,"España","Madrid","San Agustín de Guadalix",NA,NA,NA,2009,5,5,NA,NA,"F. Fresno","P. Álvarez [Piluca Álvarez Fidalgo]",1,0,"ex. Colección F. Fresno",0,"MNCN",NA,NA,"Vachal, 1897",NA,NA
"Dufourea","Dentirophites","gaullei",NA,"España","Madrid","Aldea del Fresno",NA,NA,NA,2009,6,10,NA,NA,"F. Fresno","P. Álvarez [Piluca Álvarez Fidalgo]",1,0,"ex. Colección F. Fresno",0,"MNCN",NA,NA,"Vachal, 1897",NA,NA
"Nomiapis","","bispinosa",NA,"España","Murcia","Abanilla",NA,NA,NA,2007,6,8,NA,NA,"F. Fresno","P. Álvarez [Piluca Álvarez Fidalgo]",0,1,"ex. Colección F. Fresno",0,"MNCN",NA,NA,"(Brullé, 1832)",NA,NA
"Nomiapis","","bispinosa",NA,"España","Murcia","Abanilla",NA,NA,NA,1949,8,9,NA,NA,"Andréu","P. Álvarez [Piluca Álvarez Fidalgo]",0,1,"",0,"MNCN",NA,NA,"(Brullé, 1832)",NA,NA
"Nomiapis","","bispinosa",NA,"España","Murcia","Águilas",NA,NA,NA,1949,6,26,NA,NA,"Andréu","P. Álvarez [Piluca Álvarez Fidalgo]",0,1,"",0,"MNCN",NA,NA,"(Brullé, 1832)",NA,NA
"Nomiapis","","bispinosa",NA,"España","Murcia","Murcia",NA,NA,NA,1949,6,21,NA,NA,"Andréu","P. Álvarez [Piluca Álvarez Fidalgo]",0,1,"",0,"MNCN",NA,NA,"(Brullé, 1832)",NA,NA
"Nomiapis","","bispinosa",NA,"España","Murcia","Murcia, La Luz",NA,NA,NA,1949,5,29,NA,NA,"Andréu","P. Álvarez [Piluca Álvarez Fidalgo]",0,1,"",0,"MNCN",NA,NA,"(Brullé, 1832)",NA,NA
"Nomiapis","","bispinosa",NA,"España","Sevilla","Sevilla",NA,NA,NA,1892,6,11,NA,NA,"sin datos","P. Álvarez [Piluca Álvarez Fidalgo]",0,1,"",0,"MNCN",NA,NA,"(Brullé, 1832)",NA,NA
"Nomiapis","","bispinosa",NA,"España","Madrid","Madrid, Vallecas",NA,NA,NA,1920,7,16,NA,NA,"sin datos","P. Álvarez [Piluca Álvarez Fidalgo]",0,1,"",0,"MNCN",NA,NA,"(Brullé, 1832)",NA,NA
"Nomiapis","","bispinosa",NA,"España","Madrid","Madrid, Vallecas",NA,NA,NA,1920,7,16,NA,NA,"sin datos","P. Álvarez [Piluca Álvarez Fidalgo]",0,1,"",0,"MNCN",NA,NA,"(Brullé, 1832)",NA,NA
"Nomiapis","","bispinosa",NA,"España","Madrid","Madrid, Vallecas",NA,NA,NA,1920,7,16,NA,NA,"sin datos","P. Álvarez [Piluca Álvarez Fidalgo]",0,1,"",0,"MNCN",NA,NA,"(Brullé, 1832)",NA,NA
"Nomiapis","","bispinosa",NA,"España","Madrid","Madrid",NA,NA,NA,1900,NA,NA,NA,NA,"Mercet","P. Álvarez [Piluca Álvarez Fidalgo]",0,1,"",0,"MNCN",NA,NA,"(Brullé, 1832)",NA,NA
"Nomiapis","","bispinosa",NA,"España","Madrid","Madrid",NA,NA,NA,1900,NA,NA,NA,NA,"G. Mercet","P. Álvarez [Piluca Álvarez Fidalgo]",0,1,"Colección Gª Mercet",0,"MNCN",NA,NA,"(Brullé, 1832)",NA,NA
"Nomiapis","","bispinosa",NA,"España","Madrid","Madrid",NA,NA,NA,1900,NA,NA,NA,NA,"G. Mercet","P. Álvarez [Piluca Álvarez Fidalgo]",0,1,"Colección Gª Mercet",0,"MNCN",NA,NA,"(Brullé, 1832)",NA,NA
"Nomiapis","","bispinosa",NA,"España","Madrid","Madrid",NA,NA,NA,1900,NA,NA,NA,NA,"G. Mercet","P. Álvarez [Piluca Álvarez Fidalgo]",0,1,"Colección Gª Mercet",0,"MNCN",NA,NA,"(Brullé, 1832)",NA,NA
"Nomiapis","","bispinosa",NA,"España","Madrid","Madrid",NA,NA,NA,1900,NA,NA,NA,NA,"G. Mercet","P. Álvarez [Piluca Álvarez Fidalgo]",0,1,"Colección Gª Mercet",0,"MNCN",NA,NA,"(Brullé, 1832)",NA,NA
"Nomiapis","","bispinosa",NA,"España","Madrid","Madrid",NA,NA,NA,1900,NA,NA,NA,NA,"G. Mercet","P. Álvarez [Piluca Álvarez Fidalgo]",0,1,"Colección Gª Mercet",0,"MNCN",NA,NA,"(Brullé, 1832)",NA,NA
"Nomiapis","","bispinosa",NA,"España","Madrid","Madrid",NA,NA,NA,1900,NA,NA,NA,NA,"G. Mercet","P. Álvarez [Piluca Álvarez Fidalgo]",0,1,"Colección Gª Mercet",0,"MNCN",NA,NA,"(Brullé, 1832)",NA,NA
"Nomiapis","","bispinosa",NA,"España","Madrid","Madrid",NA,NA,NA,1900,NA,NA,NA,NA,"G. Mercet","P. Álvarez [Piluca Álvarez Fidalgo]",0,1,"Colección Gª Mercet",0,"MNCN",NA,NA,"(Brullé, 1832)",NA,NA
"Nomiapis","","bispinosa",NA,"España","Madrid","Madrid",NA,NA,NA,1903,7,9,NA,NA,"G. Mercet","P. Álvarez [Piluca Álvarez Fidalgo]",0,1,"Colección Gª Mercet",0,"MNCN",NA,NA,"(Brullé, 1832)",NA,NA
"Nomiapis","","bispinosa",NA,"España","Madrid","Madrid",NA,NA,NA,1903,7,10,NA,NA,"G. Mercet","P. Álvarez [Piluca Álvarez Fidalgo]",0,1,"Colección Gª Mercet",0,"MNCN",NA,NA,"(Brullé, 1832)",NA,NA
"Nomiapis","","bispinosa",NA,"España","Madrid","Madrid",NA,NA,NA,1903,7,10,NA,NA,"G. Mercet","P. Álvarez [Piluca Álvarez Fidalgo]",0,1,"[Colección Gª Mercet]",0,"MNCN",NA,NA,"(Brullé, 1832)",NA,NA
"Nomiapis","","bispinosa",NA,"España","Madrid","Madrid",NA,NA,NA,1912,6,6,NA,NA,"G. Mercet","P. Álvarez [Piluca Álvarez Fidalgo]",0,1,"Colección Gª Mercet",0,"MNCN",NA,NA,"(Brullé, 1832)",NA,NA
"Nomiapis","","bispinosa",NA,"España","Madrid","Madrid",NA,NA,NA,1912,6,6,NA,NA,"G. Mercet","P. Álvarez [Piluca Álvarez Fidalgo]",0,1,"Colección Gª Mercet",0,"MNCN",NA,NA,"(Brullé, 1832)",NA,NA
"Nomiapis","","bispinosa",NA,"España","Madrid","Madrid",NA,NA,NA,1912,6,6,NA,NA,"G. Mercet","P. Álvarez [Piluca Álvarez Fidalgo]",0,1,"Colección Gª Mercet",0,"MNCN",NA,NA,"(Brullé, 1832)",NA,NA
"Nomiapis","","bispinosa",NA,"España","Madrid","Madrid",NA,NA,NA,1903,7,14,NA,NA,"G. Mercet","P. Álvarez [Piluca Álvarez Fidalgo]",0,1,"Colección Gª Mercet",0,"MNCN",NA,NA,"(Brullé, 1832)",NA,NA
"Nomiapis","","bispinosa",NA,"España","Madrid","Madrid",NA,NA,NA,1903,8,2,NA,NA,"G. Mercet","P. Álvarez [Piluca Álvarez Fidalgo]",0,1,"Colección Gª Mercet",0,"MNCN",NA,NA,"(Brullé, 1832)",NA,NA
"Nomiapis","","bispinosa",NA,"España","Madrid","Madrid",NA,NA,NA,1909,7,25,NA,NA,"G. Mercet","P. Álvarez [Piluca Álvarez Fidalgo]",0,1,"Colección Gª Mercet",0,"MNCN",NA,NA,"(Brullé, 1832)",NA,NA
"Nomiapis","","bispinosa",NA,"España","Cáceres","Huerta del Águila",NA,NA,NA,1919,NA,NA,NA,NA,"J.B. de Quirós","P. Álvarez [Piluca Álvarez Fidalgo]",0,1,"",0,"MNCN",NA,NA,"(Brullé, 1832)",NA,NA
"Nomiapis","","bispinosa",NA,"España","Barcelona","Barcelona",NA,NA,NA,1898,8,27,NA,NA,"sin datos","P. Álvarez [Piluca Álvarez Fidalgo]",0,1,"",0,"MNCN",NA,NA,"(Brullé, 1832)",NA,NA
"Nomiapis","","bispinosa",NA,"España","Barcelona","Barcelona",NA,NA,NA,1898,6,18,NA,NA,"sin datos","P. Álvarez [Piluca Álvarez Fidalgo]",0,1,"",0,"MNCN",NA,NA,"(Brullé, 1832)",NA,NA
"Nomiapis","","bispinosa",NA,"España","Barcelona","Gavá",NA,NA,NA,1895,6,10,NA,NA,"sin datos","P. Álvarez [Piluca Álvarez Fidalgo]",0,1,"",0,"MNCN",NA,NA,"(Brullé, 1832)",NA,NA
"Nomiapis","","bispinosa",NA,"España","Barcelona","Gavá",NA,NA,NA,1895,6,10,NA,NA,"sin datos","P. Álvarez [Piluca Álvarez Fidalgo]",0,1,"",0,"MNCN",NA,NA,"(Brullé, 1832)",NA,NA
"Nomiapis","","bispinosa",NA,"España","Barcelona","Gavá",NA,NA,NA,1895,7,20,NA,NA,"sin datos","P. Álvarez [Piluca Álvarez Fidalgo]",1,0,"",0,"MNCN",NA,NA,"(Brullé, 1832)",NA,NA
"Nomiapis","","bispinosa",NA,"España","Barcelona","Gavá",NA,NA,NA,1896,5,NA,NA,NA,"Antiga","P. Álvarez [Piluca Álvarez Fidalgo]",1,0,"",0,"MNCN",NA,NA,"(Brullé, 1832)",NA,NA
"Nomiapis","","bispinosa",NA,"España","Ciudad Real","Manzanares",NA,NA,NA,1900,6,NA,NA,NA,"Exp. Del Museo","P. Álvarez [Piluca Álvarez Fidalgo]",0,1,"",0,"MNCN",NA,NA,"(Brullé, 1832)",NA,NA
"Nomiapis","","bispinosa",NA,"España","Alicante","Orihuela",NA,NA,NA,1905,NA,NA,NA,NA,"Andréu","P. Álvarez [Piluca Álvarez Fidalgo]",0,1,"Colección Dusmet",0,"MNCN",NA,NA,"(Brullé, 1832)",NA,NA
"Nomiapis","","bispinosa",NA,"España","Alicante","Orihuela",NA,NA,NA,1905,NA,NA,NA,NA,"Andréu","P. Álvarez [Piluca Álvarez Fidalgo]",0,1,"Colección Dusmet",0,"MNCN",NA,NA,"(Brullé, 1832)",NA,NA
"Nomiapis","","bispinosa",NA,"España","Alicante","Orihuela",NA,NA,NA,1905,NA,NA,NA,NA,"Andréu","P. Álvarez [Piluca Álvarez Fidalgo]",0,1,"Colección Dusmet",0,"MNCN",NA,NA,"(Brullé, 1832)",NA,NA
"Nomiapis","","bispinosa",NA,"España","Alicante","Orihuela",NA,NA,NA,1933,5,NA,NA,NA,"Andréu","P. Álvarez [Piluca Álvarez Fidalgo]",0,1,"",0,"MNCN",NA,NA,"(Brullé, 1832)",NA,NA
"Nomiapis","","bispinosa",NA,"España","Alicante","Orihuela",NA,NA,NA,1906,6,18,NA,NA,"sin datos","P. Álvarez [Piluca Álvarez Fidalgo]",0,1,"Colección Dusmet",0,"MNCN",NA,NA,"(Brullé, 1832)",NA,NA
"Nomiapis","","bispinosa",NA,"España","Cádiz","Puerto de Santa María",NA,NA,NA,1937,6,13,NA,NA,"Junco","P. Álvarez [Piluca Álvarez Fidalgo]",0,1,"",0,"MNCN",NA,NA,"(Brullé, 1832)",NA,NA
"Nomiapis","","bispinosa",NA,"España","Valencia","Dehesa de El Saler",NA,NA,NA,1930,NA,NA,NA,NA,"Giner Marí","P. Álvarez [Piluca Álvarez Fidalgo]",0,1,"Colección Giner Marí",0,"MNCN",NA,NA,"(Brullé, 1832)",NA,NA
"Nomiapis","","bispinosa",NA,"España","Valencia","Dehesa de El Saler",NA,NA,NA,1930,NA,NA,NA,NA,"Giner Marí","P. Álvarez [Piluca Álvarez Fidalgo]",1,0,"Colección Giner Marí",0,"MNCN",NA,NA,"(Brullé, 1832)",NA,NA
"Nomiapis","","bispinosa",NA,"España","Valencia","Dehesa de El Saler",NA,NA,NA,1930,NA,NA,NA,NA,"Giner Marí","P. Álvarez [Piluca Álvarez Fidalgo]",1,0,"Colección Giner Marí",0,"MNCN",NA,NA,"(Brullé, 1832)",NA,NA
"Nomiapis","","bispinosa",NA,"España","Alicante","Calpe",NA,NA,NA,1935,8,NA,NA,NA,"Andréu","P. Álvarez [Piluca Álvarez Fidalgo]",1,0,"",0,"MNCN",NA,NA,"(Brullé, 1832)",NA,NA
"Nomiapis","","bispinosa",NA,"España","Alicante","Calpe",NA,NA,NA,1935,8,NA,NA,NA,"Andréu","P. Álvarez [Piluca Álvarez Fidalgo]",1,0,"Colección Dusmet",0,"MNCN",NA,NA,"(Brullé, 1832)",NA,NA
"Nomiapis","","bispinosa",NA,"España","Albacete","El Bonillo",NA,NA,NA,1941,7,NA,NA,NA,"Andréu","P. Álvarez [Piluca Álvarez Fidalgo]",1,0,"Colección Dusmet",0,"MNCN",NA,NA,"(Brullé, 1832)",NA,NA
"Nomiapis","","bispinosa",NA,"España","Albacete","El Bonillo",NA,NA,NA,1940,7,NA,NA,NA,"Andréu","P. Álvarez [Piluca Álvarez Fidalgo]",1,0,"Colección Dusmet",0,"MNCN",NA,NA,"(Brullé, 1832)",NA,NA
"Hylaeus","Paraprosopis","clypearis",NA,"España","Madrid","El Ventorrillo",NA,NA,NA,1989,7,20,NA,NA,"Nieves & Rey","H.H. Dathe",1,0,"",0,"MNCN",NA,NA,"(Schenck, 1853)",NA,NA
"Hylaeus","Paraprosopis","clypearis",NA,"España","Madrid","El Ventorrillo",NA,NA,NA,1989,7,20,NA,NA,"Nieves & Rey","H.H. Dathe",1,0,"",0,"MNCN",NA,NA,"(Schenck, 1853)",NA,NA
"Hylaeus","Paraprosopis","clypearis",NA,"España","Madrid","El Ventorrillo",NA,NA,NA,1989,7,20,NA,NA,"Nieves & Rey","H.H. Dathe",1,0,"",0,"MNCN",NA,NA,"(Schenck, 1853)",NA,NA
"Hylaeus","Paraprosopis","clypearis",NA,"España","Madrid","El Ventorrillo",NA,NA,NA,1989,7,20,NA,NA,"Nieves & Rey","H.H. Dathe",1,0,"",0,"MNCN",NA,NA,"(Schenck, 1853)",NA,NA
"Hylaeus","Paraprosopis","clypearis",NA,"España","Madrid","El Ventorrillo",NA,NA,NA,1989,7,20,NA,NA,"Nieves & Rey","H.H. Dathe",1,0,"",0,"MNCN",NA,NA,"(Schenck, 1853)",NA,NA
"Hylaeus","Paraprosopis","clypearis",NA,"España","Madrid","El Ventorrillo",NA,NA,NA,1989,7,20,NA,NA,"Nieves & Rey","H.H. Dathe",1,0,"",0,"MNCN",NA,NA,"(Schenck, 1853)",NA,NA
"Hylaeus","Paraprosopis","clypearis",NA,"España","Madrid","El Ventorrillo",NA,NA,NA,1989,7,20,NA,NA,"Nieves & Rey","H.H. Dathe",1,0,"",0,"MNCN",NA,NA,"(Schenck, 1853)",NA,NA
"Hylaeus","Paraprosopis","clypearis",NA,"España","Madrid","El Ventorrillo",NA,NA,NA,1989,7,20,NA,NA,"Nieves & Rey","H.H. Dathe",1,0,"",0,"MNCN",NA,NA,"(Schenck, 1853)",NA,NA
"Hylaeus","Paraprosopis","clypearis",NA,"España","Madrid","El Ventorrillo",NA,NA,NA,1989,7,28,NA,NA,"Nieves & Rey","H.H. Dathe",0,1,"",0,"MNCN",NA,NA,"(Schenck, 1853)",NA,NA
"Hylaeus","Paraprosopis","clypearis",NA,"España","Madrid","El Ventorrillo",NA,NA,NA,1989,7,28,NA,NA,"Nieves & Rey","H.H. Dathe",0,1,"",0,"MNCN",NA,NA,"(Schenck, 1853)",NA,NA
"Hylaeus","Paraprosopis","clypearis",NA,"España","Madrid","El Ventorrillo",NA,NA,NA,1989,7,28,NA,NA,"Nieves & Rey","H.H. Dathe",0,1,"",0,"MNCN",NA,NA,"(Schenck, 1853)",NA,NA
"Hylaeus","Paraprosopis","clypearis",NA,"España","Madrid","El Ventorrillo",NA,NA,NA,1989,7,28,NA,NA,"Nieves & Rey","H.H. Dathe",0,1,"",0,"MNCN",NA,NA,"(Schenck, 1853)",NA,NA
"Hylaeus","Paraprosopis","clypearis",NA,"España","Madrid","El Ventorrillo",NA,NA,NA,1989,7,28,NA,NA,"Nieves & Rey","H.H. Dathe",0,1,"",0,"MNCN",NA,NA,"(Schenck, 1853)",NA,NA
"Hylaeus","Paraprosopis","clypearis",NA,"España","Madrid","El Ventorrillo",NA,NA,NA,1989,7,28,NA,NA,"Nieves & Rey","H.H. Dathe",0,1,"",0,"MNCN",NA,NA,"(Schenck, 1853)",NA,NA
"Hylaeus","Paraprosopis","clypearis",NA,"España","Madrid","El Ventorrillo",NA,NA,NA,1989,7,28,NA,NA,"Nieves & Rey","H.H. Dathe",0,1,"",0,"MNCN",NA,NA,"(Schenck, 1853)",NA,NA
"Hylaeus","Paraprosopis","clypearis",NA,"España","Madrid","El Ventorrillo",NA,NA,NA,1989,7,28,NA,NA,"Nieves & Rey","H.H. Dathe",0,1,"",0,"MNCN",NA,NA,"(Schenck, 1853)",NA,NA
"Hylaeus","Paraprosopis","clypearis",NA,"España","Madrid","El Ventorrillo",NA,NA,NA,1989,7,28,NA,NA,"Nieves & Rey","H.H. Dathe",0,1,"",0,"MNCN",NA,NA,"(Schenck, 1853)",NA,NA
"Hylaeus","Paraprosopis","clypearis",NA,"España","Madrid","El Ventorrillo",NA,NA,NA,1989,7,28,NA,NA,"Nieves & Rey","H.H. Dathe",0,1,"",0,"MNCN",NA,NA,"(Schenck, 1853)",NA,NA
"Nomiapis","","diversipes",NA,"España","Alicante","Orihuela",NA,NA,NA,1906,5,23,NA,NA,"sin datos","P. Álvarez [Piluca Álvarez Fidalgo]",0,1,"Colección Dusmet",0,"MNCN",NA,NA,"(Latreille, 1806)",NA,NA
"Nomiapis","","diversipes",NA,"España","Alicante","Torremendo",NA,NA,NA,1905,NA,NA,NA,NA,"Andréu","P. Álvarez [Piluca Álvarez Fidalgo]",0,1,"Colección Dusmet",0,"MNCN",NA,NA,"(Latreille, 1806)",NA,NA
"Nomiapis","","diversipes",NA,"España","Alicante","La Murada",NA,NA,NA,1934,6,NA,NA,NA,"Andréu","P. Álvarez [Piluca Álvarez Fidalgo]",0,1,"",0,"MNCN",NA,NA,"(Latreille, 1806)",NA,NA
"Nomiapis","","diversipes",NA,"España","Alicante","Alicante",NA,NA,NA,1903,NA,NA,NA,NA,"Mercet","P. Álvarez [Piluca Álvarez Fidalgo]",0,1,"Colección Gª Mercet",0,"MNCN",NA,NA,"(Latreille, 1806)",NA,NA
"Nomiapis","","diversipes",NA,"España","Alicante","Alicante",NA,NA,NA,1903,NA,NA,NA,NA,"G. Mercet","P. Álvarez [Piluca Álvarez Fidalgo]",0,1,"Colección Gª Mercet",0,"MNCN",NA,NA,"(Latreille, 1806)",NA,NA
"Nomiapis","","diversipes",NA,"España","Alicante","Alicante",NA,NA,NA,1903,NA,NA,NA,NA,"G. Mercet","P. Álvarez [Piluca Álvarez Fidalgo]",1,0,"Colección Gª Mercet",0,"MNCN",NA,NA,"(Latreille, 1806)",NA,NA
"Nomiapis","","diversipes",NA,"España","Alicante","Albatera",NA,NA,NA,1912,7,29,NA,NA,"sin datos","P. Álvarez [Piluca Álvarez Fidalgo]",0,1,"Colección Cabrera",0,"MNCN",NA,NA,"(Latreille, 1806)",NA,NA
"Nomiapis","","diversipes",NA,"España","Alicante","Albatera",NA,NA,NA,1912,7,29,NA,NA,"sin datos","P. Álvarez [Piluca Álvarez Fidalgo]",0,1,"Colección Cabrera",0,"MNCN",NA,NA,"(Latreille, 1806)",NA,NA
"Nomiapis","","diversipes",NA,"España","Madrid","Alcalá de Henares",NA,NA,NA,1892,9,25,NA,NA,"[Escalera ?]","P. Álvarez [Piluca Álvarez Fidalgo]",1,0,"",0,"MNCN",NA,NA,"(Latreille, 1806)",NA,NA
"Nomiapis","","diversipes",NA,"España","Madrid","Alcalá de Henares",NA,NA,NA,1892,9,25,NA,NA,"[Escalera ?]","P. Álvarez [Piluca Álvarez Fidalgo]",1,0,"",0,"MNCN",NA,NA,"(Latreille, 1806)",NA,NA
"Nomiapis","","diversipes",NA,"España","Madrid","El Pardo",NA,NA,NA,1911,7,9,NA,NA,"Dusmet","P. Álvarez [Piluca Álvarez Fidalgo]",1,0,"Colección Dusmet",0,"MNCN",NA,NA,"(Latreille, 1806)",NA,NA
"Nomiapis","","diversipes",NA,"España","Madrid","El Pardo",NA,NA,NA,1909,7,31,NA,NA,"Dusmet","P. Álvarez [Piluca Álvarez Fidalgo]",1,0,"Colección Dusmet",0,"MNCN",NA,NA,"(Latreille, 1806)",NA,NA
"Nomiapis","","diversipes",NA,"España","","Alberche",NA,NA,NA,1908,5,NA,NA,NA,"Arias","P. Álvarez [Piluca Álvarez Fidalgo]",1,0,"Colección Gª Mercet",0,"MNCN",NA,NA,"(Latreille, 1806)",NA,NA
"Nomiapis","","diversipes",NA,"España","Valencia","Valencia",NA,NA,NA,1905,NA,NA,NA,NA,"Moroder","P. Álvarez [Piluca Álvarez Fidalgo]",1,0,"",0,"MNCN",NA,NA,"(Latreille, 1806)",NA,NA
"Nomiapis","","bispinosa",NA,"España","Albacete","El Bonillo",NA,NA,NA,1941,7,NA,NA,NA,"Andréu","P. Álvarez [Piluca Álvarez Fidalgo]",0,1,"Colección Dusmet",0,"MNCN",NA,NA,"(Brullé, 1832)",NA,NA
"Nomiapis","","bispinosa",NA,"España","Albacete","El Bonillo",NA,NA,NA,1941,7,NA,NA,NA,"Andréu","P. Álvarez [Piluca Álvarez Fidalgo]",0,1,"Colección Dusmet",0,"MNCN",NA,NA,"(Brullé, 1832)",NA,NA
"Nomiapis","","bispinosa",NA,"España","Madrid","Madrid, Chamartín",NA,NA,NA,1903,8,19,NA,NA,"sin datos","P. Álvarez [Piluca Álvarez Fidalgo]",0,1,"Colección Dusmet",0,"MNCN",NA,NA,"(Brullé, 1832)",NA,NA
"Nomiapis","","bispinosa",NA,"España","Madrid","Madrid",NA,NA,NA,1904,7,31,NA,NA,"sin datos","P. Álvarez [Piluca Álvarez Fidalgo]",0,1,"Colección Gª Mercet",0,"MNCN",NA,NA,"(Brullé, 1832)",NA,NA
"Nomiapis","","bispinosa",NA,"España","Madrid","Madrid",NA,NA,NA,1880,NA,NA,NA,NA,"Chicote","P. Álvarez [Piluca Álvarez Fidalgo]",0,1,"",0,"MNCN",NA,NA,"(Brullé, 1832)",NA,NA
"Nomiapis","","bispinosa",NA,"España","Madrid","Madrid",NA,NA,NA,1900,7,6,NA,NA,"Dusmet","P. Álvarez [Piluca Álvarez Fidalgo]",1,0,"Colección Dusmet",0,"MNCN",NA,NA,"(Brullé, 1832)",NA,NA
"Nomiapis","","bispinosa",NA,"España","Madrid","Villaverde",NA,NA,NA,1911,7,19,NA,NA,"Dusmet","P. Álvarez [Piluca Álvarez Fidalgo]",1,0,"Colección Dusmet",0,"MNCN",NA,NA,"(Brullé, 1832)",NA,NA
"Nomiapis","","bispinosa",NA,"España","Madrid","Villalba",NA,NA,NA,1901,7,17,NA,NA,"Dusmet","P. Álvarez [Piluca Álvarez Fidalgo]",0,1,"",0,"MNCN",NA,NA,"(Brullé, 1832)",NA,NA
"Nomiapis","","bispinosa",NA,"España","Madrid","El Pardo",NA,NA,NA,1927,7,5,NA,NA,"Dusmet","P. Álvarez [Piluca Álvarez Fidalgo]",0,1,"Colección Dusmet",0,"MNCN",NA,NA,"(Brullé, 1832)",NA,NA
"Nomiapis","","bispinosa",NA,"España","Madrid","El Pardo",NA,NA,NA,1943,6,13,NA,NA,"Junco","P. Álvarez [Piluca Álvarez Fidalgo]",0,1,"",0,"MNCN",NA,NA,"(Brullé, 1832)",NA,NA
"Nomiapis","","bispinosa",NA,"España","Madrid","El Pardo",NA,NA,NA,1908,6,NA,NA,NA,"Arias","P. Álvarez [Piluca Álvarez Fidalgo]",0,1,"",0,"MNCN",NA,NA,"(Brullé, 1832)",NA,NA
"Nomiapis","","bispinosa",NA,"España","Madrid","Villaviciosa de Odón",NA,NA,NA,1920,7,20,NA,NA,"Dusmet","P. Álvarez [Piluca Álvarez Fidalgo]",0,1,"Colección Dusmet",0,"MNCN",NA,NA,"(Brullé, 1832)",NA,NA
"Nomiapis","","bispinosa",NA,"España","Madrid","Rivas-Vaciamadrid",NA,NA,NA,1911,7,31,NA,NA,"Dusmet","P. Álvarez [Piluca Álvarez Fidalgo]",0,1,"Colección Dusmet",0,"MNCN",NA,NA,"(Brullé, 1832)",NA,NA
"Nomiapis","","bispinosa",NA,"España","Madrid","Rivas-Vaciamadrid",NA,NA,NA,1922,9,18,NA,NA,"Dusmet","P. Álvarez [Piluca Álvarez Fidalgo]",0,1,"Colección Dusmet",0,"MNCN",NA,NA,"(Brullé, 1832)",NA,NA
"Nomiapis","","bispinosa",NA,"España","Madrid","Rivas-Vaciamadrid",NA,NA,NA,1920,6,14,NA,NA,"Dusmet","P. Álvarez [Piluca Álvarez Fidalgo]",0,1,"Colección Dusmet",0,"MNCN",NA,NA,"(Brullé, 1832)",NA,NA
"Nomiapis","","bispinosa",NA,"España","Madrid","Rivas-Vaciamadrid",NA,NA,NA,1903,7,30,NA,NA,"G. Mercet","P. Álvarez [Piluca Álvarez Fidalgo]",0,1,"",0,"MNCN",NA,NA,"(Brullé, 1832)",NA,NA
"Nomiapis","","bispinosa",NA,"España","Madrid","Rivas-Vaciamadrid",NA,NA,NA,1903,NA,NA,NA,NA,"Arias","P. Álvarez [Piluca Álvarez Fidalgo]",0,1,"",0,"MNCN",NA,NA,"(Brullé, 1832)",NA,NA
"Nomiapis","","bispinosa",NA,"España","Madrid","San Lorenzo de El Escorial",NA,NA,NA,1936,7,9,NA,NA,"J. Dusmet","P. Álvarez [Piluca Álvarez Fidalgo]",0,1,"Colección Dusmet",0,"MNCN",NA,NA,"(Brullé, 1832)",NA,NA
"Nomiapis","","bispinosa",NA,"España","Madrid","San Lorenzo de El Escorial",NA,NA,NA,1941,7,7,NA,NA,"J. Dusmet","P. Álvarez [Piluca Álvarez Fidalgo]",0,1,"Colección Dusmet",0,"MNCN",NA,NA,"(Brullé, 1832)",NA,NA
"Nomiapis","","bispinosa",NA,"España","Madrid","San Lorenzo de El Escorial",NA,NA,NA,1901,NA,NA,NA,NA,"G. Mercet","P. Álvarez [Piluca Álvarez Fidalgo]",0,1,"Colección Gª Mercet",0,"MNCN",NA,NA,"(Brullé, 1832)",NA,NA
"Nomiapis","","bispinosa",NA,"España","Madrid","San Lorenzo de El Escorial",NA,NA,NA,1901,NA,NA,NA,NA,"G. Mercet","P. Álvarez [Piluca Álvarez Fidalgo]",0,1,"Colección Gª Mercet",0,"MNCN",NA,NA,"(Brullé, 1832)",NA,NA
"Nomiapis","","bispinosa",NA,"España","Madrid","San Lorenzo de El Escorial",NA,NA,NA,1901,NA,NA,NA,NA,"G. Mercet","P. Álvarez [Piluca Álvarez Fidalgo]",0,1,"Colección Gª Mercet",0,"MNCN",NA,NA,"(Brullé, 1832)",NA,NA
"Nomiapis","","bispinosa",NA,"España","Cuenca","Cañizares",NA,NA,NA,1901,NA,NA,NA,NA,"Selgas","P. Álvarez [Piluca Álvarez Fidalgo]",0,1,"Colección Gª Mercet",0,"MNCN",NA,NA,"(Brullé, 1832)",NA,NA
"Nomiapis","","bispinosa",NA,"España","Cuenca","Cañizares",NA,NA,NA,1901,NA,NA,NA,NA,"Selgas","P. Álvarez [Piluca Álvarez Fidalgo]",0,1,"Colección Gª Mercet",0,"MNCN",NA,NA,"(Brullé, 1832)",NA,NA
"Nomiapis","","bispinosa",NA,"España","Málaga","Málaga",NA,NA,NA,1941,NA,NA,NA,NA,"Cobos","P. Álvarez [Piluca Álvarez Fidalgo]",0,1,"",0,"MNCN",NA,NA,"(Brullé, 1832)",NA,NA
"Nomiapis","","bispinosa",NA,"España","Alicante","Alicante",NA,NA,NA,1935,6,27,NA,NA,"Andréu","P. Álvarez [Piluca Álvarez Fidalgo]",1,0,"Colección Dusmet",0,"MNCN",NA,NA,"(Brullé, 1832)",NA,NA
"Nomiapis","","bispinosa",NA,"España","Alicante","Alicante",NA,NA,NA,1935,6,27,NA,NA,"Andréu","P. Álvarez [Piluca Álvarez Fidalgo]",1,0,"Colección Dusmet",0,"MNCN",NA,NA,"(Brullé, 1832)",NA,NA
"Nomiapis","","bispinosa",NA,"España","Alicante","Alicante",NA,NA,NA,1935,6,27,NA,NA,"Andréu","P. Álvarez [Piluca Álvarez Fidalgo]",0,1,"Colección Dusmet",0,"MNCN",NA,NA,"(Brullé, 1832)",NA,NA
"Nomiapis","","bispinosa",NA,"España","Madrid","Los Molinos",NA,NA,NA,1902,NA,NA,NA,NA,"Mercet","P. Álvarez [Piluca Álvarez Fidalgo]",1,0,"",0,"MNCN",NA,NA,"(Brullé, 1832)",NA,NA
"Nomiapis","","bispinosa",NA,"España","Madrid","[Los Molinos]",NA,NA,NA,1902,NA,NA,NA,NA,"Mercet","P. Álvarez [Piluca Álvarez Fidalgo]",1,0,"",0,"MNCN",NA,NA,"(Brullé, 1832)",NA,NA
"Nomiapis","","bispinosa",NA,"España","Madrid","[Los Molinos]",NA,NA,NA,1902,NA,NA,NA,NA,"Mercet","P. Álvarez [Piluca Álvarez Fidalgo]",1,0,"",0,"MNCN",NA,NA,"(Brullé, 1832)",NA,NA
"Nomiapis","","bispinosa",NA,"España","Madrid","[Los Molinos]",NA,NA,NA,1902,NA,NA,NA,NA,"Mercet","P. Álvarez [Piluca Álvarez Fidalgo]",1,0,"",0,"MNCN",NA,NA,"(Brullé, 1832)",NA,NA
"Nomiapis","","bispinosa",NA,"España","Madrid","[Los Molinos]",NA,NA,NA,1902,NA,NA,NA,NA,"Mercet","P. Álvarez [Piluca Álvarez Fidalgo]",1,0,"",0,"MNCN",NA,NA,"(Brullé, 1832)",NA,NA
"Nomiapis","","bispinosa",NA,"España","Madrid","[Los Molinos]",NA,NA,NA,1902,NA,NA,NA,NA,"Mercet","P. Álvarez [Piluca Álvarez Fidalgo]",1,0,"",0,"MNCN",NA,NA,"(Brullé, 1832)",NA,NA
"Nomiapis","","bispinosa",NA,"España","Madrid","[Los Molinos]",NA,NA,NA,1902,NA,NA,NA,NA,"Mercet","P. Álvarez [Piluca Álvarez Fidalgo]",0,1,"",0,"MNCN",NA,NA,"(Brullé, 1832)",NA,NA
"Nomiapis","","bispinosa",NA,"España","Madrid","[Los Molinos]",NA,NA,NA,1902,NA,NA,NA,NA,"Mercet","P. Álvarez [Piluca Álvarez Fidalgo]",0,1,"",0,"MNCN",NA,NA,"(Brullé, 1832)",NA,NA
"Nomiapis","","bispinosa",NA,"España","Madrid","[Los Molinos]",NA,NA,NA,1902,NA,NA,NA,NA,"Mercet","P. Álvarez [Piluca Álvarez Fidalgo]",0,1,"",0,"MNCN",NA,NA,"(Brullé, 1832)",NA,NA
"Nomiapis","","bispinosa",NA,"España","Madrid","[Los Molinos]",NA,NA,NA,1902,NA,NA,NA,NA,"Mercet","P. Álvarez [Piluca Álvarez Fidalgo]",0,1,"",0,"MNCN",NA,NA,"(Brullé, 1832)",NA,NA
"Nomiapis","","bispinosa",NA,"España","Madrid","[Los Molinos]",NA,NA,NA,1902,NA,NA,NA,NA,"Mercet","P. Álvarez [Piluca Álvarez Fidalgo]",0,1,"",0,"MNCN",NA,NA,"(Brullé, 1832)",NA,NA
"Nomiapis","","bispinosa",NA,"España","Madrid","[Los Molinos]",NA,NA,NA,1902,NA,NA,NA,NA,"Mercet","P. Álvarez [Piluca Álvarez Fidalgo]",0,1,"",0,"MNCN",NA,NA,"(Brullé, 1832)",NA,NA
"Nomiapis","","bispinosa",NA,"España","Madrid","[Los Molinos]",NA,NA,NA,1902,NA,NA,NA,NA,"Mercet","P. Álvarez [Piluca Álvarez Fidalgo]",0,1,"",0,"MNCN",NA,NA,"(Brullé, 1832)",NA,NA
"Nomiapis","","bispinosa",NA,"España","Madrid","[Los Molinos]",NA,NA,NA,1902,NA,NA,NA,NA,"Mercet","P. Álvarez [Piluca Álvarez Fidalgo]",0,1,"",0,"MNCN",NA,NA,"(Brullé, 1832)",NA,NA
"Nomiapis","","bispinosa",NA,"España","Madrid","[Los Molinos]",NA,NA,NA,1902,NA,NA,NA,NA,"Mercet","P. Álvarez [Piluca Álvarez Fidalgo]",0,1,"",0,"MNCN",NA,NA,"(Brullé, 1832)",NA,NA
"Nomiapis","","bispinosa",NA,"España","Madrid","[Los Molinos]",NA,NA,NA,1902,NA,NA,NA,NA,"Mercet","P. Álvarez [Piluca Álvarez Fidalgo]",0,1,"",0,"MNCN",NA,NA,"(Brullé, 1832)",NA,NA
"Nomiapis","","bispinosa",NA,"España","Madrid","[Los Molinos]",NA,NA,NA,1902,NA,NA,NA,NA,"Mercet","P. Álvarez [Piluca Álvarez Fidalgo]",0,1,"",0,"MNCN",NA,NA,"(Brullé, 1832)",NA,NA
"Nomiapis","","bispinosa",NA,"España","Madrid","[Los Molinos]",NA,NA,NA,1902,NA,NA,NA,NA,"Mercet","P. Álvarez [Piluca Álvarez Fidalgo]",0,1,"",0,"MNCN",NA,NA,"(Brullé, 1832)",NA,NA
"Nomiapis","","bispinosa",NA,"España","Madrid","[Los Molinos]",NA,NA,NA,1902,NA,NA,NA,NA,"Mercet","P. Álvarez [Piluca Álvarez Fidalgo]",0,1,"",0,"MNCN",NA,NA,"(Brullé, 1832)",NA,NA
"Nomiapis","","bispinosa",NA,"España","Ciudad Real","Pozuelo de Calatrava",NA,NA,NA,1903,NA,NA,NA,NA,"La Fuente","P. Álvarez [Piluca Álvarez Fidalgo]",0,1,"",0,"MNCN",NA,NA,"(Brullé, 1832)",NA,NA
"Nomiapis","","bispinosa",NA,"España","Ciudad Real","Pozuelo de Calatrava",NA,NA,NA,1895,NA,NA,NA,NA,"La Fuente","P. Álvarez [Piluca Álvarez Fidalgo]",0,1,"Colección Dusmet",0,"MNCN",NA,NA,"(Brullé, 1832)",NA,NA
"Nomiapis","","bispinosa",NA,"España","Ciudad Real","Pozuelo de Calatrava",NA,NA,NA,1895,NA,NA,NA,NA,"La Fuente","P. Álvarez [Piluca Álvarez Fidalgo]",1,0,"Colección Dusmet",0,"MNCN",NA,NA,"(Brullé, 1832)",NA,NA
"Nomiapis","","bispinosa",NA,"España","Murcia","Archena",NA,NA,NA,1928,5,NA,NA,NA,"J. Dusmet","P. Álvarez [Piluca Álvarez Fidalgo]",1,0,"Colección Dusmet",0,"MNCN",NA,NA,"(Brullé, 1832)",NA,NA
"Nomiapis","","bispinosa",NA,"España","Murcia","Archena",NA,NA,NA,1928,5,NA,NA,NA,"J. Dusmet","P. Álvarez [Piluca Álvarez Fidalgo]",1,0,"Colección Dusmet",0,"MNCN",NA,NA,"(Brullé, 1832)",NA,NA
"Nomiapis","","bispinosa",NA,"España","Córdoba","El Soldado",NA,NA,NA,1927,7,5,NA,NA,"A. Seyrig","P. Álvarez [Piluca Álvarez Fidalgo]",1,0,"Colección Dusmet",0,"MNCN",NA,NA,"(Brullé, 1832)",NA,NA
"Nomiapis","","bispinosa",NA,"España","Islas Baleares","Palma de Mallorca",NA,NA,NA,1901,6,26,NA,NA,"W. Holland","P. Álvarez [Piluca Álvarez Fidalgo]",1,0,"",0,"MNCN",NA,NA,"(Brullé, 1832)",NA,NA
"Nomiapis","","bispinosa",NA,"España","Islas Baleares","Palma de Mallorca",NA,NA,NA,1901,6,26,NA,NA,"W. Holland","P. Álvarez [Piluca Álvarez Fidalgo]",0,1,"",0,"MNCN",NA,NA,"(Brullé, 1832)",NA,NA
"Nomiapis","","bispinosa",NA,"España","Salamanca","Salamanca",NA,NA,NA,1940,7,29,NA,NA,"Dusmet","P. Álvarez [Piluca Álvarez Fidalgo]",0,1,"Colección Dusmet",0,"MNCN",NA,NA,"(Brullé, 1832)",NA,NA
"Nomiapis","","bispinosa",NA,"España","Alicante","Rojales",NA,NA,NA,1909,7,1,NA,NA,"Andréu","P. Álvarez [Piluca Álvarez Fidalgo]",0,1,"Colección Dusmet",0,"MNCN",NA,NA,"(Brullé, 1832)",NA,NA
"Nomiapis","","bispinosa",NA,"España","Ávila","Navalperal de Pinares",NA,NA,NA,1905,NA,NA,NA,NA,"G. Mercet","P. Álvarez [Piluca Álvarez Fidalgo]",0,1,"Colección Gª Mercet",0,"MNCN",NA,NA,"(Brullé, 1832)",NA,NA
"Nomiapis","","bispinosa",NA,"España","Valencia","Valencia",NA,NA,NA,1903,5,NA,NA,NA,"Escalera","P. Álvarez [Piluca Álvarez Fidalgo]",0,1,"",0,"MNCN",NA,NA,"(Brullé, 1832)",NA,NA
"Nomiapis","","bispinosa",NA,"España","Valencia","Moroder",NA,NA,NA,1905,NA,NA,NA,NA,"Moroder","P. Álvarez [Piluca Álvarez Fidalgo]",0,1,"",0,"MNCN",NA,NA,"(Brullé, 1832)",NA,NA
"Ammobates","Ammobates","rufiventris",NA,"España","Madrid","El Pardo",NA,NA,NA,1982,5,8,NA,NA,"F. Fresno","P. Álvarez [Piluca Álvarez Fidalgo]",1,0,"ex. Colección F. Fresno",0,"MNCN",NA,NA,"Latreille, 1809",NA,NA
"Ammobates","Ammobates","rufiventris",NA,"España","Madrid","San Agustín de Guadalix",NA,NA,NA,2009,5,27,NA,NA,"F. Fresno","P. Álvarez [Piluca Álvarez Fidalgo]",1,0,"ex. Colección F. Fresno",0,"MNCN",NA,NA,"Latreille, 1809",NA,NA
"Ammobates","Ammobates","rufiventris",NA,"España","Madrid","Morata de Tajuña",NA,NA,NA,2010,6,22,NA,NA,"F. Fresno","P. Álvarez [Piluca Álvarez Fidalgo]",1,0,"ex. Colección F. Fresno",0,"MNCN",NA,NA,"Latreille, 1809",NA,NA
"Ammobates","Ammobates","rufiventris",NA,"España","Madrid","Morata de Tajuña",NA,NA,NA,2010,6,22,NA,NA,"F. Fresno","P. Álvarez [Piluca Álvarez Fidalgo]",1,0,"ex. Colección F. Fresno",0,"MNCN",NA,NA,"Latreille, 1809",NA,NA
"Ammobates","Ammobates","rufiventris",NA,"España","Zaragoza","Sobradiel",NA,NA,NA,1906,7,6,NA,NA,"sin datos","P. Álvarez [Piluca Álvarez Fidalgo]",1,0,"Colección Dusmet",0,"MNCN",NA,NA,"Latreille, 1809",NA,NA
"Hylaeus","Hylaeus","angustatus",NA,"España","Madrid","El Ventorrillo",NA,NA,NA,1988,7,14,NA,NA,"Nieves & Rey","H. H. Dathe",0,1,"",0,"MNCN",NA,NA,"(Schenck, 1861)",NA,NA
"Hylaeus","Hylaeus","angustatus",NA,"España","Madrid","El Ventorrillo",NA,NA,NA,1988,8,1,NA,NA,"Nieves & Rey","H. H. Dathe",0,1,"",0,"MNCN",NA,NA,"(Schenck, 1861)",NA,NA
"Hylaeus","Hylaeus","angustatus",NA,"España","Madrid","El Ventorrillo",NA,NA,NA,1988,8,13,NA,NA,"Nieves & Rey","H. H. Dathe",0,1,"",0,"MNCN",NA,NA,"(Schenck, 1861)",NA,NA
"Hylaeus","Hylaeus","angustatus",NA,"España","Madrid","El Ventorrillo",NA,NA,NA,1988,8,13,NA,NA,"Nieves & Rey","H. H. Dathe",1,0,"",0,"MNCN",NA,NA,"(Schenck, 1861)",NA,NA
"Hylaeus","Hylaeus","angustatus",NA,"España","Madrid","El Ventorrillo",NA,NA,NA,1988,8,17,NA,NA,"Nieves & Rey","H. H. Dathe",1,0,"",0,"MNCN",NA,NA,"(Schenck, 1861)",NA,NA
"Hylaeus","Hylaeus","angustatus",NA,"España","Madrid","El Ventorrillo",NA,NA,NA,1989,7,20,NA,NA,"Nieves & Rey","H. H. Dathe",1,0,"",0,"MNCN",NA,NA,"(Schenck, 1861)",NA,NA
"Hylaeus","Hylaeus","angustatus",NA,"España","Madrid","El Ventorrillo",NA,NA,NA,1989,7,28,NA,NA,"Nieves & Rey","H. H. Dathe",1,0,"",0,"MNCN",NA,NA,"(Schenck, 1861)",NA,NA
"Hylaeus","Hylaeus","angustatus",NA,"España","Madrid","El Ventorrillo",NA,NA,NA,1989,8,4,NA,NA,"Nieves & Rey","H. H. Dathe",1,0,"",0,"MNCN",NA,NA,"(Schenck, 1861)",NA,NA
"Hylaeus","Hylaeus","angustatus",NA,"España","Madrid","El Ventorrillo",NA,NA,NA,1989,8,4,NA,NA,"Nieves & Rey","H. H. Dathe",1,0,"",0,"MNCN",NA,NA,"(Schenck, 1861)",NA,NA
"Hylaeus","Hylaeus","angustatus",NA,"España","Madrid","El Ventorrillo",NA,NA,NA,1989,8,4,NA,NA,"Nieves & Rey","H. H. Dathe",1,0,"",0,"MNCN",NA,NA,"(Schenck, 1861)",NA,NA
"Hylaeus","Hylaeus","angustatus",NA,"España","Madrid","El Ventorrillo",NA,NA,NA,1989,8,4,NA,NA,"Nieves & Rey","H. H. Dathe",0,1,"",0,"MNCN",NA,NA,"(Schenck, 1861)",NA,NA
"Hylaeus","Hylaeus","angustatus",NA,"España","Madrid","El Ventorrillo",NA,NA,NA,1989,8,11,NA,NA,"Nieves & Rey","H. H. Dathe",1,0,"",0,"MNCN",NA,NA,"(Schenck, 1861)",NA,NA
"Hylaeus","Hylaeus","angustatus",NA,"España","Madrid","El Ventorrillo",NA,NA,NA,1989,8,18,NA,NA,"Nieves & Rey","H. H. Dathe",1,0,"",0,"MNCN",NA,NA,"(Schenck, 1861)",NA,NA
"Hylaeus","Hylaeus","angustatus",NA,"España","Madrid","El Ventorrillo",NA,NA,NA,1989,8,18,NA,NA,"Nieves & Rey","H. H. Dathe",1,0,"",0,"MNCN",NA,NA,"(Schenck, 1861)",NA,NA
"Hylaeus","Hylaeus","angustatus",NA,"España","Madrid","El Ventorrillo",NA,NA,NA,1989,8,25,NA,NA,"Nieves & Rey","H. H. Dathe",1,0,"",0,"MNCN",NA,NA,"(Schenck, 1861)",NA,NA
"Hylaeus","Hylaeus","angustatus",NA,"España","Segovia","La Granja de San Ildefonso",NA,NA,NA,1943,8,NA,NA,NA,"Y. Coullaut","J. Ortiz",1,0,"",0,"MNCN",NA,NA,"(Schenck, 1861)",NA,NA
"Hylaeus","Hylaeus","angustatus",NA,"España","Barcelona","Barcelona",NA,NA,NA,1896,9,13,NA,NA,"sin datos","P. Álvarez [Piluca Álvarez Fidalgo]",0,1,"",0,"MNCN",NA,NA,"(Schenck, 1861)",NA,NA
"Hylaeus","Paraprosopis","clypearis",NA,"España","Madrid","El Ventorrillo",NA,NA,NA,1989,7,28,NA,NA,"Nieves & Rey","H.H. Dathe",1,0,"",0,"MNCN",NA,NA,"(Schenck, 1853)",NA,NA
"Hylaeus","Paraprosopis","clypearis",NA,"España","Madrid","El Ventorrillo",NA,NA,NA,1989,7,28,NA,NA,"Nieves & Rey","H.H. Dathe",1,0,"",0,"MNCN",NA,NA,"(Schenck, 1853)",NA,NA
"Hylaeus","Paraprosopis","clypearis",NA,"España","Madrid","El Ventorrillo",NA,NA,NA,1989,7,28,NA,NA,"Nieves & Rey","H.H. Dathe",1,0,"",0,"MNCN",NA,NA,"(Schenck, 1853)",NA,NA
"Hylaeus","Paraprosopis","clypearis",NA,"España","Madrid","El Ventorrillo",NA,NA,NA,1989,7,28,NA,NA,"Nieves & Rey","H.H. Dathe",1,0,"",0,"MNCN",NA,NA,"(Schenck, 1853)",NA,NA
"Hylaeus","Paraprosopis","clypearis",NA,"España","Madrid","El Ventorrillo",NA,NA,NA,1989,7,28,NA,NA,"Nieves & Rey","H.H. Dathe",1,0,"",0,"MNCN",NA,NA,"(Schenck, 1853)",NA,NA
"Hylaeus","Paraprosopis","clypearis",NA,"España","Madrid","El Ventorrillo",NA,NA,NA,1989,7,28,NA,NA,"Nieves & Rey","H.H. Dathe",1,0,"",0,"MNCN",NA,NA,"(Schenck, 1853)",NA,NA
"Hylaeus","Paraprosopis","clypearis",NA,"España","Madrid","El Ventorrillo",NA,NA,NA,1989,7,28,NA,NA,"Nieves & Rey","H.H. Dathe",1,0,"",0,"MNCN",NA,NA,"(Schenck, 1853)",NA,NA
"Hylaeus","Paraprosopis","clypearis",NA,"España","Madrid","El Ventorrillo",NA,NA,NA,1989,7,28,NA,NA,"Nieves & Rey","H.H. Dathe",1,0,"",0,"MNCN",NA,NA,"(Schenck, 1853)",NA,NA
"Hylaeus","Paraprosopis","clypearis",NA,"España","Madrid","El Ventorrillo",NA,NA,NA,1989,7,28,NA,NA,"Nieves & Rey","H.H. Dathe",1,0,"",0,"MNCN",NA,NA,"(Schenck, 1853)",NA,NA
"Hylaeus","Paraprosopis","clypearis",NA,"España","Madrid","El Ventorrillo",NA,NA,NA,1989,7,28,NA,NA,"Nieves & Rey","H.H. Dathe",1,0,"",0,"MNCN",NA,NA,"(Schenck, 1853)",NA,NA
"Hylaeus","Paraprosopis","clypearis",NA,"España","Madrid","El Ventorrillo",NA,NA,NA,1988,8,1,NA,NA,"Nieves & Rey","H.H. Dathe",1,0,"",0,"MNCN",NA,NA,"(Schenck, 1853)",NA,NA
"Hylaeus","Paraprosopis","clypearis",NA,"España","Madrid","El Ventorrillo",NA,NA,NA,1988,8,1,NA,NA,"Nieves & Rey","H.H. Dathe",1,0,"",0,"MNCN",NA,NA,"(Schenck, 1853)",NA,NA
"Hylaeus","Paraprosopis","clypearis",NA,"España","Madrid","El Ventorrillo",NA,NA,NA,1988,8,1,NA,NA,"Nieves & Rey","H.H. Dathe",1,0,"",0,"MNCN",NA,NA,"(Schenck, 1853)",NA,NA
"Hylaeus","Paraprosopis","clypearis",NA,"España","Madrid","El Ventorrillo",NA,NA,NA,1988,8,1,NA,NA,"Nieves & Rey","H.H. Dathe",1,0,"",0,"MNCN",NA,NA,"(Schenck, 1853)",NA,NA
"Hylaeus","Paraprosopis","clypearis",NA,"España","Madrid","El Ventorrillo",NA,NA,NA,1988,8,1,NA,NA,"Nieves & Rey","H.H. Dathe",1,0,"",0,"MNCN",NA,NA,"(Schenck, 1853)",NA,NA
"Hylaeus","Paraprosopis","clypearis",NA,"España","Madrid","El Ventorrillo",NA,NA,NA,1988,8,1,NA,NA,"Nieves & Rey","H.H. Dathe",1,0,"",0,"MNCN",NA,NA,"(Schenck, 1853)",NA,NA
"Hylaeus","Paraprosopis","clypearis",NA,"España","Madrid","El Ventorrillo",NA,NA,NA,1988,8,13,NA,NA,"Nieves & Rey","H.H. Dathe",1,0,"",0,"MNCN",NA,NA,"(Schenck, 1853)",NA,NA
"Hylaeus","Paraprosopis","clypearis",NA,"España","Madrid","El Ventorrillo",NA,NA,NA,1988,8,13,NA,NA,"Nieves & Rey","H.H. Dathe",1,0,"",0,"MNCN",NA,NA,"(Schenck, 1853)",NA,NA
"Hylaeus","Paraprosopis","clypearis",NA,"España","Madrid","El Ventorrillo",NA,NA,NA,1988,8,13,NA,NA,"Nieves & Rey","H.H. Dathe",1,0,"",0,"MNCN",NA,NA,"(Schenck, 1853)",NA,NA
"Hylaeus","Paraprosopis","clypearis",NA,"España","Madrid","El Ventorrillo",NA,NA,NA,1988,8,13,NA,NA,"Nieves & Rey","H.H. Dathe",1,0,"",0,"MNCN",NA,NA,"(Schenck, 1853)",NA,NA
"Hylaeus","Paraprosopis","clypearis",NA,"España","Madrid","El Ventorrillo",NA,NA,NA,1988,8,13,NA,NA,"Nieves & Rey","H.H. Dathe",1,0,"",0,"MNCN",NA,NA,"(Schenck, 1853)",NA,NA
"Hylaeus","Paraprosopis","clypearis",NA,"España","Madrid","El Ventorrillo",NA,NA,NA,1988,8,13,NA,NA,"Nieves & Rey","H.H. Dathe",1,0,"",0,"MNCN",NA,NA,"(Schenck, 1853)",NA,NA
"Hylaeus","Paraprosopis","clypearis",NA,"España","Madrid","El Ventorrillo",NA,NA,NA,1988,8,21,NA,NA,"Nieves & Rey","H.H. Dathe",1,0,"",0,"MNCN",NA,NA,"(Schenck, 1853)",NA,NA
"Hylaeus","Paraprosopis","clypearis",NA,"España","Madrid","El Ventorrillo",NA,NA,NA,1989,6,22,NA,NA,"Nieves & Rey","H.H. Dathe",0,1,"",0,"MNCN",NA,NA,"(Schenck, 1853)",NA,NA
"Hylaeus","Paraprosopis","clypearis",NA,"España","Madrid","El Ventorrillo",NA,NA,NA,1989,6,31,NA,NA,"Nieves & Rey","H.H. Dathe",0,1,"",0,"MNCN",NA,NA,"(Schenck, 1853)",NA,NA
"Hylaeus","Paraprosopis","clypearis",NA,"España","Madrid","El Ventorrillo",NA,NA,NA,1989,6,31,NA,NA,"Nieves & Rey","H.H. Dathe",1,0,"",0,"MNCN",NA,NA,"(Schenck, 1853)",NA,NA
"Hylaeus","Paraprosopis","clypearis",NA,"España","Madrid","El Ventorrillo",NA,NA,NA,1989,6,31,NA,NA,"Nieves & Rey","H.H. Dathe",1,0,"",0,"MNCN",NA,NA,"(Schenck, 1853)",NA,NA
"Hylaeus","Paraprosopis","clypearis",NA,"España","Madrid","El Ventorrillo",NA,NA,NA,1989,7,7,NA,NA,"Nieves & Rey","H.H. Dathe",1,0,"",0,"MNCN",NA,NA,"(Schenck, 1853)",NA,NA
"Hylaeus","Paraprosopis","clypearis",NA,"España","Madrid","El Ventorrillo",NA,NA,NA,1989,7,7,NA,NA,"Nieves & Rey","H.H. Dathe",1,0,"",0,"MNCN",NA,NA,"(Schenck, 1853)",NA,NA
"Hylaeus","Paraprosopis","clypearis",NA,"España","Madrid","El Ventorrillo",NA,NA,NA,1989,7,7,NA,NA,"Nieves & Rey","H.H. Dathe",1,0,"",0,"MNCN",NA,NA,"(Schenck, 1853)",NA,NA
"Hylaeus","Paraprosopis","clypearis",NA,"España","Madrid","El Ventorrillo",NA,NA,NA,1989,7,7,NA,NA,"Nieves & Rey","H.H. Dathe",1,0,"",0,"MNCN",NA,NA,"(Schenck, 1853)",NA,NA
"Hylaeus","Paraprosopis","clypearis",NA,"España","Madrid","El Ventorrillo",NA,NA,NA,1989,7,7,NA,NA,"Nieves & Rey","H.H. Dathe",1,0,"",0,"MNCN",NA,NA,"(Schenck, 1853)",NA,NA
"Hylaeus","Paraprosopis","clypearis",NA,"España","Madrid","El Ventorrillo",NA,NA,NA,1989,7,7,NA,NA,"Nieves & Rey","H.H. Dathe",1,0,"",0,"MNCN",NA,NA,"(Schenck, 1853)",NA,NA
"Hylaeus","Paraprosopis","clypearis",NA,"España","Madrid","El Ventorrillo",NA,NA,NA,1989,7,7,NA,NA,"Nieves & Rey","H.H. Dathe",1,0,"",0,"MNCN",NA,NA,"(Schenck, 1853)",NA,NA
"Hylaeus","Paraprosopis","clypearis",NA,"España","Madrid","El Ventorrillo",NA,NA,NA,1989,7,7,NA,NA,"Nieves & Rey","H.H. Dathe",1,0,"",0,"MNCN",NA,NA,"(Schenck, 1853)",NA,NA
"Hylaeus","Paraprosopis","clypearis",NA,"España","Madrid","El Ventorrillo",NA,NA,NA,1989,7,7,NA,NA,"Nieves & Rey","H.H. Dathe",0,1,"",0,"MNCN",NA,NA,"(Schenck, 1853)",NA,NA
"Hylaeus","Paraprosopis","clypearis",NA,"España","Madrid","El Ventorrillo",NA,NA,NA,1989,7,7,NA,NA,"Nieves & Rey","H.H. Dathe",0,1,"",0,"MNCN",NA,NA,"(Schenck, 1853)",NA,NA
"Hylaeus","Paraprosopis","clypearis",NA,"España","Madrid","El Ventorrillo",NA,NA,NA,1989,7,7,NA,NA,"Nieves & Rey","H.H. Dathe",0,1,"",0,"MNCN",NA,NA,"(Schenck, 1853)",NA,NA
"Hylaeus","Paraprosopis","clypearis",NA,"España","Madrid","El Ventorrillo",NA,NA,NA,1989,7,7,NA,NA,"Nieves & Rey","H.H. Dathe",0,1,"",0,"MNCN",NA,NA,"(Schenck, 1853)",NA,NA
"Hylaeus","Paraprosopis","clypearis",NA,"España","Madrid","El Ventorrillo",NA,NA,NA,1989,7,7,NA,NA,"Nieves & Rey","H.H. Dathe",0,1,"",0,"MNCN",NA,NA,"(Schenck, 1853)",NA,NA
"Hylaeus","Paraprosopis","clypearis",NA,"España","Madrid","El Ventorrillo",NA,NA,NA,1989,7,7,NA,NA,"Nieves & Rey","H.H. Dathe",0,1,"",0,"MNCN",NA,NA,"(Schenck, 1853)",NA,NA
"Hylaeus","Paraprosopis","clypearis",NA,"España","Madrid","El Ventorrillo",NA,NA,NA,1989,7,7,NA,NA,"Nieves & Rey","H.H. Dathe",0,1,"",0,"MNCN",NA,NA,"(Schenck, 1853)",NA,NA
"Hylaeus","Paraprosopis","clypearis",NA,"España","Madrid","El Ventorrillo",NA,NA,NA,1989,7,7,NA,NA,"Nieves & Rey","H.H. Dathe",0,1,"",0,"MNCN",NA,NA,"(Schenck, 1853)",NA,NA
"Hylaeus","Paraprosopis","clypearis",NA,"España","Madrid","El Ventorrillo",NA,NA,NA,1989,7,7,NA,NA,"Nieves & Rey","H.H. Dathe",0,1,"",0,"MNCN",NA,NA,"(Schenck, 1853)",NA,NA
"Hylaeus","Paraprosopis","clypearis",NA,"España","Madrid","El Ventorrillo",NA,NA,NA,1989,7,7,NA,NA,"Nieves & Rey","H.H. Dathe",0,1,"",0,"MNCN",NA,NA,"(Schenck, 1853)",NA,NA
"Hylaeus","Paraprosopis","clypearis",NA,"España","Madrid","El Ventorrillo",NA,NA,NA,1989,7,7,NA,NA,"Nieves & Rey","H.H. Dathe",0,1,"",0,"MNCN",NA,NA,"(Schenck, 1853)",NA,NA
"Hylaeus","Paraprosopis","clypearis",NA,"España","Madrid","El Ventorrillo",NA,NA,NA,1989,7,7,NA,NA,"Nieves & Rey","H.H. Dathe",0,1,"",0,"MNCN",NA,NA,"(Schenck, 1853)",NA,NA
"Hylaeus","Paraprosopis","clypearis",NA,"España","Madrid","El Ventorrillo",NA,NA,NA,1989,7,7,NA,NA,"Nieves & Rey","H.H. Dathe",0,1,"",0,"MNCN",NA,NA,"(Schenck, 1853)",NA,NA
"Hylaeus","Paraprosopis","clypearis",NA,"España","Madrid","El Ventorrillo",NA,NA,NA,1989,7,14,NA,NA,"Nieves & Rey","H.H. Dathe",0,1,"",0,"MNCN",NA,NA,"(Schenck, 1853)",NA,NA
"Hylaeus","Paraprosopis","clypearis",NA,"España","Madrid","El Ventorrillo",NA,NA,NA,1989,7,14,NA,NA,"Nieves & Rey","H.H. Dathe",0,1,"",0,"MNCN",NA,NA,"(Schenck, 1853)",NA,NA
"Hylaeus","Paraprosopis","clypearis",NA,"España","Madrid","El Ventorrillo",NA,NA,NA,1989,7,14,NA,NA,"Nieves & Rey","H.H. Dathe",0,1,"",0,"MNCN",NA,NA,"(Schenck, 1853)",NA,NA
"Hylaeus","Paraprosopis","clypearis",NA,"España","Madrid","El Ventorrillo",NA,NA,NA,1989,7,14,NA,NA,"Nieves & Rey","H.H. Dathe",0,1,"",0,"MNCN",NA,NA,"(Schenck, 1853)",NA,NA
"Hylaeus","Paraprosopis","clypearis",NA,"España","Madrid","El Ventorrillo",NA,NA,NA,1989,7,14,NA,NA,"Nieves & Rey","H.H. Dathe",0,1,"",0,"MNCN",NA,NA,"(Schenck, 1853)",NA,NA
"Hylaeus","Paraprosopis","clypearis",NA,"España","Madrid","El Ventorrillo",NA,NA,NA,1989,7,14,NA,NA,"Nieves & Rey","H.H. Dathe",0,1,"",0,"MNCN",NA,NA,"(Schenck, 1853)",NA,NA
"Hylaeus","Paraprosopis","clypearis",NA,"España","Madrid","El Ventorrillo",NA,NA,NA,1989,7,14,NA,NA,"Nieves & Rey","H.H. Dathe",0,1,"",0,"MNCN",NA,NA,"(Schenck, 1853)",NA,NA
"Hylaeus","Paraprosopis","clypearis",NA,"España","Madrid","El Ventorrillo",NA,NA,NA,1989,7,14,NA,NA,"Nieves & Rey","H.H. Dathe",0,1,"",0,"MNCN",NA,NA,"(Schenck, 1853)",NA,NA
"Hylaeus","Paraprosopis","clypearis",NA,"España","Madrid","El Ventorrillo",NA,NA,NA,1989,7,14,NA,NA,"Nieves & Rey","H.H. Dathe",0,1,"",0,"MNCN",NA,NA,"(Schenck, 1853)",NA,NA
"Hylaeus","Paraprosopis","clypearis",NA,"España","Madrid","El Ventorrillo",NA,NA,NA,1989,7,14,NA,NA,"Nieves & Rey","H.H. Dathe",0,1,"",0,"MNCN",NA,NA,"(Schenck, 1853)",NA,NA
"Hylaeus","Paraprosopis","clypearis",NA,"España","Madrid","El Ventorrillo",NA,NA,NA,1989,7,14,NA,NA,"Nieves & Rey","H.H. Dathe",1,0,"",0,"MNCN",NA,NA,"(Schenck, 1853)",NA,NA
"Hylaeus","Paraprosopis","clypearis",NA,"España","Madrid","El Ventorrillo",NA,NA,NA,1989,7,14,NA,NA,"Nieves & Rey","H.H. Dathe",1,0,"",0,"MNCN",NA,NA,"(Schenck, 1853)",NA,NA
"Hylaeus","Paraprosopis","clypearis",NA,"España","Madrid","El Ventorrillo",NA,NA,NA,1989,7,14,NA,NA,"Nieves & Rey","H.H. Dathe",1,0,"",0,"MNCN",NA,NA,"(Schenck, 1853)",NA,NA
"Hylaeus","Paraprosopis","clypearis",NA,"España","Madrid","El Ventorrillo",NA,NA,NA,1989,7,14,NA,NA,"Nieves & Rey","H.H. Dathe",1,0,"",0,"MNCN",NA,NA,"(Schenck, 1853)",NA,NA
"Hylaeus","Paraprosopis","clypearis",NA,"España","Madrid","El Ventorrillo",NA,NA,NA,1989,7,14,NA,NA,"Nieves & Rey","H.H. Dathe",1,0,"",0,"MNCN",NA,NA,"(Schenck, 1853)",NA,NA
"Hylaeus","Paraprosopis","clypearis",NA,"España","Madrid","El Ventorrillo",NA,NA,NA,1989,7,14,NA,NA,"Nieves & Rey","H.H. Dathe",1,0,"",0,"MNCN",NA,NA,"(Schenck, 1853)",NA,NA
"Hylaeus","Paraprosopis","clypearis",NA,"España","Madrid","El Ventorrillo",NA,NA,NA,1989,7,14,NA,NA,"Nieves & Rey","H.H. Dathe",1,0,"",0,"MNCN",NA,NA,"(Schenck, 1853)",NA,NA
"Hylaeus","Paraprosopis","clypearis",NA,"España","Madrid","El Ventorrillo",NA,NA,NA,1989,7,14,NA,NA,"Nieves & Rey","H.H. Dathe",1,0,"",0,"MNCN",NA,NA,"(Schenck, 1853)",NA,NA
"Hylaeus","Paraprosopis","clypearis",NA,"España","Madrid","El Ventorrillo",NA,NA,NA,1989,7,14,NA,NA,"Nieves & Rey","H.H. Dathe",1,0,"",0,"MNCN",NA,NA,"(Schenck, 1853)",NA,NA
"Hylaeus","Paraprosopis","clypearis",NA,"España","Madrid","El Ventorrillo",NA,NA,NA,1989,7,14,NA,NA,"Nieves & Rey","H.H. Dathe",1,0,"",0,"MNCN",NA,NA,"(Schenck, 1853)",NA,NA
"Hylaeus","Paraprosopis","clypearis",NA,"España","Madrid","El Ventorrillo",NA,NA,NA,1989,7,14,NA,NA,"Nieves & Rey","H.H. Dathe",1,0,"",0,"MNCN",NA,NA,"(Schenck, 1853)",NA,NA
"Hylaeus","Paraprosopis","clypearis",NA,"España","Madrid","El Ventorrillo",NA,NA,NA,1989,7,14,NA,NA,"Nieves & Rey","H.H. Dathe",1,0,"",0,"MNCN",NA,NA,"(Schenck, 1853)",NA,NA
"Hylaeus","Paraprosopis","clypearis",NA,"España","Madrid","El Ventorrillo",NA,NA,NA,1989,7,14,NA,NA,"Nieves & Rey","H.H. Dathe",1,0,"",0,"MNCN",NA,NA,"(Schenck, 1853)",NA,NA
"Hylaeus","Paraprosopis","clypearis",NA,"España","Madrid","El Ventorrillo",NA,NA,NA,1989,7,14,NA,NA,"Nieves & Rey","H.H. Dathe",1,0,"",0,"MNCN",NA,NA,"(Schenck, 1853)",NA,NA
"Hylaeus","Paraprosopis","clypearis",NA,"España","Madrid","El Ventorrillo",NA,NA,NA,1989,7,14,NA,NA,"Nieves & Rey","H.H. Dathe",1,0,"",0,"MNCN",NA,NA,"(Schenck, 1853)",NA,NA
"Hylaeus","Paraprosopis","clypearis",NA,"España","Madrid","El Ventorrillo",NA,NA,NA,1989,7,14,NA,NA,"Nieves & Rey","H.H. Dathe",1,0,"",0,"MNCN",NA,NA,"(Schenck, 1853)",NA,NA
"Hylaeus","Paraprosopis","clypearis",NA,"España","Madrid","El Ventorrillo",NA,NA,NA,1989,7,14,NA,NA,"Nieves & Rey","H.H. Dathe",1,0,"",0,"MNCN",NA,NA,"(Schenck, 1853)",NA,NA
"Hylaeus","Paraprosopis","clypearis",NA,"España","Madrid","El Ventorrillo",NA,NA,NA,1989,7,20,NA,NA,"Nieves & Rey","H.H. Dathe",0,1,"",0,"MNCN",NA,NA,"(Schenck, 1853)",NA,NA
"Hylaeus","Paraprosopis","clypearis",NA,"España","Madrid","El Ventorrillo",NA,NA,NA,1989,7,20,NA,NA,"Nieves & Rey","H.H. Dathe",0,1,"",0,"MNCN",NA,NA,"(Schenck, 1853)",NA,NA
"Hylaeus","Paraprosopis","clypearis",NA,"España","Madrid","El Ventorrillo",NA,NA,NA,1989,7,20,NA,NA,"Nieves & Rey","H.H. Dathe",0,1,"",0,"MNCN",NA,NA,"(Schenck, 1853)",NA,NA
"Hylaeus","Paraprosopis","clypearis",NA,"España","Madrid","El Ventorrillo",NA,NA,NA,1989,7,20,NA,NA,"Nieves & Rey","H.H. Dathe",0,1,"",0,"MNCN",NA,NA,"(Schenck, 1853)",NA,NA
"Hylaeus","Paraprosopis","clypearis",NA,"España","Madrid","El Ventorrillo",NA,NA,NA,1989,7,20,NA,NA,"Nieves & Rey","H.H. Dathe",0,1,"",0,"MNCN",NA,NA,"(Schenck, 1853)",NA,NA
"Hylaeus","Paraprosopis","clypearis",NA,"España","Madrid","El Ventorrillo",NA,NA,NA,1989,7,20,NA,NA,"Nieves & Rey","H.H. Dathe",0,1,"",0,"MNCN",NA,NA,"(Schenck, 1853)",NA,NA
"Hylaeus","Paraprosopis","clypearis",NA,"España","Madrid","El Ventorrillo",NA,NA,NA,1989,7,20,NA,NA,"Nieves & Rey","H.H. Dathe",0,1,"",0,"MNCN",NA,NA,"(Schenck, 1853)",NA,NA
"Hylaeus","Paraprosopis","clypearis",NA,"España","Madrid","El Ventorrillo",NA,NA,NA,1989,7,20,NA,NA,"Nieves & Rey","H.H. Dathe",0,1,"",0,"MNCN",NA,NA,"(Schenck, 1853)",NA,NA
"Hylaeus","Paraprosopis","clypearis",NA,"España","Madrid","El Ventorrillo",NA,NA,NA,1989,7,20,NA,NA,"Nieves & Rey","H.H. Dathe",0,1,"",0,"MNCN",NA,NA,"(Schenck, 1853)",NA,NA
"Hylaeus","Paraprosopis","clypearis",NA,"España","Madrid","El Ventorrillo",NA,NA,NA,1989,7,20,NA,NA,"Nieves & Rey","H.H. Dathe",0,1,"",0,"MNCN",NA,NA,"(Schenck, 1853)",NA,NA
"Hylaeus","Paraprosopis","clypearis",NA,"España","Madrid","El Ventorrillo",NA,NA,NA,1989,7,20,NA,NA,"Nieves & Rey","H.H. Dathe",0,1,"",0,"MNCN",NA,NA,"(Schenck, 1853)",NA,NA
"Hylaeus","Paraprosopis","clypearis",NA,"España","Madrid","El Ventorrillo",NA,NA,NA,1989,7,20,NA,NA,"Nieves & Rey","H.H. Dathe",0,1,"",0,"MNCN",NA,NA,"(Schenck, 1853)",NA,NA
"Hylaeus","Paraprosopis","clypearis",NA,"España","Madrid","El Ventorrillo",NA,NA,NA,1989,7,20,NA,NA,"Nieves & Rey","H.H. Dathe",0,1,"",0,"MNCN",NA,NA,"(Schenck, 1853)",NA,NA
"Hylaeus","Paraprosopis","clypearis",NA,"España","Madrid","El Ventorrillo",NA,NA,NA,1989,7,20,NA,NA,"Nieves & Rey","H.H. Dathe",0,1,"",0,"MNCN",NA,NA,"(Schenck, 1853)",NA,NA
"Hylaeus","Paraprosopis","clypearis",NA,"España","Madrid","El Ventorrillo",NA,NA,NA,1989,7,20,NA,NA,"Nieves & Rey","H.H. Dathe",0,1,"",0,"MNCN",NA,NA,"(Schenck, 1853)",NA,NA
"Hylaeus","Paraprosopis","clypearis",NA,"España","Madrid","El Ventorrillo",NA,NA,NA,1989,7,20,NA,NA,"Nieves & Rey","H.H. Dathe",0,1,"",0,"MNCN",NA,NA,"(Schenck, 1853)",NA,NA
"Hylaeus","Paraprosopis","clypearis",NA,"España","Madrid","El Ventorrillo",NA,NA,NA,1989,7,20,NA,NA,"Nieves & Rey","H.H. Dathe",0,1,"",0,"MNCN",NA,NA,"(Schenck, 1853)",NA,NA
"Hylaeus","Paraprosopis","clypearis",NA,"España","Madrid","El Ventorrillo",NA,NA,NA,1989,7,20,NA,NA,"Nieves & Rey","H.H. Dathe",0,1,"",0,"MNCN",NA,NA,"(Schenck, 1853)",NA,NA
"Hylaeus","Paraprosopis","clypearis",NA,"España","Madrid","El Ventorrillo",NA,NA,NA,1989,7,20,NA,NA,"Nieves & Rey","H.H. Dathe",0,1,"",0,"MNCN",NA,NA,"(Schenck, 1853)",NA,NA
"Hylaeus","Paraprosopis","clypearis",NA,"España","Madrid","El Ventorrillo",NA,NA,NA,1989,7,20,NA,NA,"Nieves & Rey","H.H. Dathe",0,1,"",0,"MNCN",NA,NA,"(Schenck, 1853)",NA,NA
"Hylaeus","Paraprosopis","clypearis",NA,"España","Madrid","El Ventorrillo",NA,NA,NA,1989,7,20,NA,NA,"Nieves & Rey","H.H. Dathe",0,1,"",0,"MNCN",NA,NA,"(Schenck, 1853)",NA,NA
"Hylaeus","Paraprosopis","clypearis",NA,"España","Madrid","El Ventorrillo",NA,NA,NA,1989,7,20,NA,NA,"Nieves & Rey","H.H. Dathe",0,1,"",0,"MNCN",NA,NA,"(Schenck, 1853)",NA,NA
"Hylaeus","Paraprosopis","clypearis",NA,"España","Madrid","El Ventorrillo",NA,NA,NA,1989,7,20,NA,NA,"Nieves & Rey","H.H. Dathe",0,1,"",0,"MNCN",NA,NA,"(Schenck, 1853)",NA,NA
"Hylaeus","Paraprosopis","clypearis",NA,"España","Madrid","El Ventorrillo",NA,NA,NA,1989,7,20,NA,NA,"Nieves & Rey","H.H. Dathe",0,1,"",0,"MNCN",NA,NA,"(Schenck, 1853)",NA,NA
"Hylaeus","Paraprosopis","clypearis",NA,"España","Madrid","El Ventorrillo",NA,NA,NA,1989,7,20,NA,NA,"Nieves & Rey","H.H. Dathe",0,1,"",0,"MNCN",NA,NA,"(Schenck, 1853)",NA,NA
"Hylaeus","Paraprosopis","clypearis",NA,"España","Madrid","El Ventorrillo",NA,NA,NA,1989,7,20,NA,NA,"Nieves & Rey","H.H. Dathe",0,1,"",0,"MNCN",NA,NA,"(Schenck, 1853)",NA,NA
"Hylaeus","Paraprosopis","clypearis",NA,"España","Madrid","El Ventorrillo",NA,NA,NA,1989,7,20,NA,NA,"Nieves & Rey","H.H. Dathe",0,1,"",0,"MNCN",NA,NA,"(Schenck, 1853)",NA,NA
"Hylaeus","Paraprosopis","clypearis",NA,"España","Madrid","El Ventorrillo",NA,NA,NA,1989,7,20,NA,NA,"Nieves & Rey","H.H. Dathe",0,1,"",0,"MNCN",NA,NA,"(Schenck, 1853)",NA,NA
"Hylaeus","Paraprosopis","clypearis",NA,"España","Madrid","El Ventorrillo",NA,NA,NA,1989,7,20,NA,NA,"Nieves & Rey","H.H. Dathe",1,0,"",0,"MNCN",NA,NA,"(Schenck, 1853)",NA,NA
"Hylaeus","Paraprosopis","clypearis",NA,"España","Madrid","El Ventorrillo",NA,NA,NA,1989,7,20,NA,NA,"Nieves & Rey","H.H. Dathe",1,0,"",0,"MNCN",NA,NA,"(Schenck, 1853)",NA,NA
"Hylaeus","Paraprosopis","clypearis",NA,"España","Madrid","El Ventorrillo",NA,NA,NA,1989,7,20,NA,NA,"Nieves & Rey","H.H. Dathe",1,0,"",0,"MNCN",NA,NA,"(Schenck, 1853)",NA,NA
"Hylaeus","Paraprosopis","clypearis",NA,"España","Madrid","El Ventorrillo",NA,NA,NA,1989,7,20,NA,NA,"Nieves & Rey","H.H. Dathe",1,0,"",0,"MNCN",NA,NA,"(Schenck, 1853)",NA,NA
"Hylaeus","Paraprosopis","clypearis",NA,"España","Madrid","El Ventorrillo",NA,NA,NA,1989,7,20,NA,NA,"Nieves & Rey","H.H. Dathe",1,0,"",0,"MNCN",NA,NA,"(Schenck, 1853)",NA,NA
"Hylaeus","Paraprosopis","clypearis",NA,"España","Madrid","El Ventorrillo",NA,NA,NA,1989,7,20,NA,NA,"Nieves & Rey","H.H. Dathe",1,0,"",0,"MNCN",NA,NA,"(Schenck, 1853)",NA,NA
"Hylaeus","Paraprosopis","clypearis",NA,"España","Madrid","El Ventorrillo",NA,NA,NA,1989,7,20,NA,NA,"Nieves & Rey","H.H. Dathe",1,0,"",0,"MNCN",NA,NA,"(Schenck, 1853)",NA,NA
"Hylaeus","Paraprosopis","clypearis",NA,"España","Madrid","El Ventorrillo",NA,NA,NA,1989,7,20,NA,NA,"Nieves & Rey","H.H. Dathe",1,0,"",0,"MNCN",NA,NA,"(Schenck, 1853)",NA,NA
"Hylaeus","Paraprosopis","clypearis",NA,"España","Madrid","El Ventorrillo",NA,NA,NA,1989,7,20,NA,NA,"Nieves & Rey","H.H. Dathe",1,0,"",0,"MNCN",NA,NA,"(Schenck, 1853)",NA,NA
"Hylaeus","Paraprosopis","clypearis",NA,"España","Madrid","El Ventorrillo",NA,NA,NA,1989,7,20,NA,NA,"Nieves & Rey","H.H. Dathe",1,0,"",0,"MNCN",NA,NA,"(Schenck, 1853)",NA,NA
"Hylaeus","Paraprosopis","clypearis",NA,"España","Madrid","El Ventorrillo",NA,NA,NA,1989,7,20,NA,NA,"Nieves & Rey","H.H. Dathe",1,0,"",0,"MNCN",NA,NA,"(Schenck, 1853)",NA,NA
"Hylaeus","Paraprosopis","clypearis",NA,"España","Madrid","El Ventorrillo",NA,NA,NA,1989,7,20,NA,NA,"Nieves & Rey","H.H. Dathe",1,0,"",0,"MNCN",NA,NA,"(Schenck, 1853)",NA,NA
"Hylaeus","Paraprosopis","clypearis",NA,"España","Madrid","El Ventorrillo",NA,NA,NA,1989,7,20,NA,NA,"Nieves & Rey","H.H. Dathe",1,0,"",0,"MNCN",NA,NA,"(Schenck, 1853)",NA,NA
"Hylaeus","Paraprosopis","clypearis",NA,"España","Madrid","El Ventorrillo",NA,NA,NA,1989,7,20,NA,NA,"Nieves & Rey","H.H. Dathe",1,0,"",0,"MNCN",NA,NA,"(Schenck, 1853)",NA,NA
"Hylaeus","Paraprosopis","clypearis",NA,"España","Madrid","El Ventorrillo",NA,NA,NA,1989,7,20,NA,NA,"Nieves & Rey","H.H. Dathe",1,0,"",0,"MNCN",NA,NA,"(Schenck, 1853)",NA,NA
"Hylaeus","Paraprosopis","clypearis",NA,"España","Madrid","El Ventorrillo",NA,NA,NA,1989,7,20,NA,NA,"Nieves & Rey","H.H. Dathe",1,0,"",0,"MNCN",NA,NA,"(Schenck, 1853)",NA,NA
"Hylaeus","Paraprosopis","clypearis",NA,"España","Madrid","El Ventorrillo",NA,NA,NA,1989,7,20,NA,NA,"Nieves & Rey","H.H. Dathe",1,0,"",0,"MNCN",NA,NA,"(Schenck, 1853)",NA,NA
"Hylaeus","Paraprosopis","clypearis",NA,"España","Madrid","El Ventorrillo",NA,NA,NA,1989,7,20,NA,NA,"Nieves & Rey","H.H. Dathe",1,0,"",0,"MNCN",NA,NA,"(Schenck, 1853)",NA,NA
"Hylaeus","Paraprosopis","clypearis",NA,"España","Madrid","El Ventorrillo",NA,NA,NA,1989,7,20,NA,NA,"Nieves & Rey","H.H. Dathe",1,0,"",0,"MNCN",NA,NA,"(Schenck, 1853)",NA,NA
"Hylaeus","Paraprosopis","clypearis",NA,"España","Madrid","El Ventorrillo",NA,NA,NA,1989,7,28,NA,NA,"Nieves & Rey","H.H. Dathe",0,1,"",0,"MNCN",NA,NA,"(Schenck, 1853)",NA,NA
"Hylaeus","Paraprosopis","clypearis",NA,"España","Madrid","El Ventorrillo",NA,NA,NA,1989,7,28,NA,NA,"Nieves & Rey","H.H. Dathe",0,1,"",0,"MNCN",NA,NA,"(Schenck, 1853)",NA,NA
"Hylaeus","Paraprosopis","clypearis",NA,"España","Madrid","El Ventorrillo",NA,NA,NA,1989,7,28,NA,NA,"Nieves & Rey","H.H. Dathe",0,1,"",0,"MNCN",NA,NA,"(Schenck, 1853)",NA,NA
"Hylaeus","Paraprosopis","clypearis",NA,"España","Madrid","El Ventorrillo",NA,NA,NA,1989,7,28,NA,NA,"Nieves & Rey","H.H. Dathe",0,1,"",0,"MNCN",NA,NA,"(Schenck, 1853)",NA,NA
"Hylaeus","Paraprosopis","clypearis",NA,"España","Madrid","El Ventorrillo",NA,NA,NA,1989,7,28,NA,NA,"Nieves & Rey","H.H. Dathe",0,1,"",0,"MNCN",NA,NA,"(Schenck, 1853)",NA,NA
"Hylaeus","Paraprosopis","clypearis",NA,"España","Madrid","El Ventorrillo",NA,NA,NA,1989,7,28,NA,NA,"Nieves & Rey","H.H. Dathe",1,0,"",0,"MNCN",NA,NA,"(Schenck, 1853)",NA,NA
"Hylaeus","Paraprosopis","clypearis",NA,"España","Madrid","El Ventorrillo",NA,NA,NA,1989,7,28,NA,NA,"Nieves & Rey","H.H. Dathe",1,0,"",0,"MNCN",NA,NA,"(Schenck, 1853)",NA,NA
"Hylaeus","Paraprosopis","clypearis",NA,"España","Madrid","El Ventorrillo",NA,NA,NA,1989,7,28,NA,NA,"Nieves & Rey","H.H. Dathe",1,0,"",0,"MNCN",NA,NA,"(Schenck, 1853)",NA,NA
"Hylaeus","Paraprosopis","clypearis",NA,"España","Madrid","El Ventorrillo",NA,NA,NA,1989,7,28,NA,NA,"Nieves & Rey","H.H. Dathe",1,0,"",0,"MNCN",NA,NA,"(Schenck, 1853)",NA,NA
"Hylaeus","Paraprosopis","clypearis",NA,"España","Madrid","El Ventorrillo",NA,NA,NA,1989,8,4,NA,NA,"Nieves & Rey","H.H. Dathe",1,0,"",0,"MNCN",NA,NA,"(Schenck, 1853)",NA,NA
"Hylaeus","Paraprosopis","clypearis",NA,"España","Madrid","El Ventorrillo",NA,NA,NA,1989,8,4,NA,NA,"Nieves & Rey","H.H. Dathe",1,0,"",0,"MNCN",NA,NA,"(Schenck, 1853)",NA,NA
"Hylaeus","Paraprosopis","clypearis",NA,"España","Madrid","El Ventorrillo",NA,NA,NA,1989,8,4,NA,NA,"Nieves & Rey","H.H. Dathe",1,0,"",0,"MNCN",NA,NA,"(Schenck, 1853)",NA,NA
"Hylaeus","Paraprosopis","clypearis",NA,"España","Madrid","El Ventorrillo",NA,NA,NA,1989,8,4,NA,NA,"Nieves & Rey","H.H. Dathe",0,1,"",0,"MNCN",NA,NA,"(Schenck, 1853)",NA,NA
"Hylaeus","Paraprosopis","clypearis",NA,"España","Madrid","El Ventorrillo",NA,NA,NA,1989,8,4,NA,NA,"Nieves & Rey","H.H. Dathe",0,1,"",0,"MNCN",NA,NA,"(Schenck, 1853)",NA,NA
"Hylaeus","Paraprosopis","clypearis",NA,"España","Madrid","El Ventorrillo",NA,NA,NA,1989,8,4,NA,NA,"Nieves & Rey","H.H. Dathe",0,1,"",0,"MNCN",NA,NA,"(Schenck, 1853)",NA,NA
"Hylaeus","Paraprosopis","clypearis",NA,"España","Madrid","El Ventorrillo",NA,NA,NA,1989,8,4,NA,NA,"Nieves & Rey","H.H. Dathe",0,1,"",0,"MNCN",NA,NA,"(Schenck, 1853)",NA,NA
"Hylaeus","Paraprosopis","clypearis",NA,"España","Madrid","El Ventorrillo",NA,NA,NA,1989,8,11,NA,NA,"Nieves & Rey","H.H. Dathe",1,0,"",0,"MNCN",NA,NA,"(Schenck, 1853)",NA,NA
"Hylaeus","Paraprosopis","clypearis",NA,"España","Madrid","El Ventorrillo",NA,NA,NA,1989,8,11,NA,NA,"Nieves & Rey","H.H. Dathe",1,0,"",0,"MNCN",NA,NA,"(Schenck, 1853)",NA,NA
"Hylaeus","Paraprosopis","clypearis",NA,"España","Madrid","El Ventorrillo",NA,NA,NA,1989,8,11,NA,NA,"Nieves & Rey","H.H. Dathe",1,0,"",0,"MNCN",NA,NA,"(Schenck, 1853)",NA,NA
"Hylaeus","Paraprosopis","clypearis",NA,"España","Madrid","El Ventorrillo",NA,NA,NA,1989,8,11,NA,NA,"Nieves & Rey","H.H. Dathe",1,0,"",0,"MNCN",NA,NA,"(Schenck, 1853)",NA,NA
"Hylaeus","Paraprosopis","clypearis",NA,"España","Madrid","El Ventorrillo",NA,NA,NA,1989,8,11,NA,NA,"Nieves & Rey","H.H. Dathe",1,0,"",0,"MNCN",NA,NA,"(Schenck, 1853)",NA,NA
"Hylaeus","Paraprosopis","clypearis",NA,"España","Madrid","El Ventorrillo",NA,NA,NA,1989,8,11,NA,NA,"Nieves & Rey","H.H. Dathe",1,0,"",0,"MNCN",NA,NA,"(Schenck, 1853)",NA,NA
"Hylaeus","Paraprosopis","clypearis",NA,"España","Madrid","El Ventorrillo",NA,NA,NA,1989,8,11,NA,NA,"Nieves & Rey","H.H. Dathe",0,1,"",0,"MNCN",NA,NA,"(Schenck, 1853)",NA,NA
"Hylaeus","Paraprosopis","clypearis",NA,"España","Madrid","El Ventorrillo",NA,NA,NA,1989,8,11,NA,NA,"Nieves & Rey","H.H. Dathe",0,1,"",0,"MNCN",NA,NA,"(Schenck, 1853)",NA,NA
"Hylaeus","Paraprosopis","clypearis",NA,"España","Madrid","El Ventorrillo",NA,NA,NA,1989,8,11,NA,NA,"Nieves & Rey","H.H. Dathe",0,1,"",0,"MNCN",NA,NA,"(Schenck, 1853)",NA,NA
"Hylaeus","Paraprosopis","clypearis",NA,"España","Madrid","El Ventorrillo",NA,NA,NA,1989,8,11,NA,NA,"Nieves & Rey","H.H. Dathe",0,1,"",0,"MNCN",NA,NA,"(Schenck, 1853)",NA,NA
"Hylaeus","Paraprosopis","clypearis",NA,"España","Madrid","Magallón",NA,NA,NA,1983,9,12,NA,NA,"C. Rey","J. Ortiz",0,1,"ex. Col. C. rey",0,"MNCN",NA,NA,"(Schenck, 1853)",NA,NA
"Hylaeus","Paraprosopis","clypearis",NA,"España","Madrid","Cercedilla",NA,NA,NA,1962,7,20,NA,NA,"J. Montanyá","J. Ortiz",0,1,"",0,"MNCN",NA,NA,"(Schenck, 1853)",NA,NA
"Hylaeus","Paraprosopis","clypearis",NA,"España","Madrid","Madrid",NA,NA,NA,1900,NA,NA,NA,NA,"Mercet","J. Ortiz",0,1,"",0,"MNCN",NA,NA,"(Schenck, 1853)",NA,NA
"Hylaeus","Paraprosopis","clypearis",NA,"España","Barcelona","Montserrat",NA,NA,NA,1901,7,15,NA,NA,"E.B.P. [Edward B. Poulton.]","Ed. Saunders",1,0,"",0,"MNCN",NA,NA,"(Schenck, 1853)",NA,NA
"Hylaeus","Paraprosopis","clypearis",NA,"España","Islas Baleares","Pollensa",NA,NA,NA,1901,7,7,NA,NA,"A. H. Hamm","Ed. Saunders",1,0,"",0,"MNCN",NA,NA,"(Schenck, 1853)",NA,NA
"Hylaeus","Paraprosopis","clypearis",NA,"España","Islas Baleares","",NA,NA,NA,1901,7,5,NA,NA,"A. H. Hamm","Ed. Saunders",1,0,"",0,"MNCN",NA,NA,"(Schenck, 1853)",NA,NA
"Hylaeus","Paraprosopis","clypearis",NA,"España","Madrid","Madrid",NA,NA,NA,1900,NA,NA,NA,NA,"G. Mercet","P. Álvarez [Piluca Álvarez Fidalgo]",1,0,"",0,"MNCN",NA,NA,"(Schenck, 1853)",NA,NA
"Hylaeus","Paraprosopis","clypearis",NA,"España","Madrid","San Fernando de Henares",NA,NA,NA,1900,NA,NA,NA,NA,"[Escalera]","P. Álvarez [Piluca Álvarez Fidalgo]",0,1,"",0,"MNCN",NA,NA,"(Schenck, 1853)",NA,NA
"Hylaeus","Paraprosopis","clypearis",NA,"España","Zaragoza","Zaragoza",NA,NA,NA,1897,5,NA,NA,NA,"R.P.L.N. [Navás]","P. Álvarez [Piluca Álvarez Fidalgo]",0,1,"",0,"MNCN",NA,NA,"(Schenck, 1853)",NA,NA
"Hylaeus","Paraprosopis","clypearis",NA,"España","Granada","Alhama de Granada",NA,NA,NA,1942,6,NA,NA,NA,"J. Dusmet","P. Álvarez [Piluca Álvarez Fidalgo]",0,1,"Colección Dusmet",0,"MNCN",NA,NA,"(Schenck, 1853)",NA,NA
"Hylaeus","Paraprosopis","clypearis",NA,"España","Granada","Alhama de Granada",NA,NA,NA,1942,6,NA,NA,NA,"J. Dusmet","P. Álvarez [Piluca Álvarez Fidalgo]",0,1,"Colección Dusmet",0,"MNCN",NA,NA,"(Schenck, 1853)",NA,NA
"Hylaeus","Paraprosopis","clypearis",NA,"España","Granada","Alhama de Granada",NA,NA,NA,1942,6,NA,NA,NA,"J. Dusmet","P. Álvarez [Piluca Álvarez Fidalgo]",0,1,"Colección Dusmet",0,"MNCN",NA,NA,"(Schenck, 1853)",NA,NA
"Hylaeus","Paraprosopis","clypearis",NA,"España","Granada","Alhama de Granada",NA,NA,NA,1942,6,NA,NA,NA,"J. Dusmet","P. Álvarez [Piluca Álvarez Fidalgo]",0,1,"Colección Dusmet",0,"MNCN",NA,NA,"(Schenck, 1853)",NA,NA
"Hylaeus","Paraprosopis","clypearis",NA,"España","Granada","Alhama de Granada",NA,NA,NA,1942,6,NA,NA,NA,"J. Dusmet","P. Álvarez [Piluca Álvarez Fidalgo]",0,1,"Colección Dusmet",0,"MNCN",NA,NA,"(Schenck, 1853)",NA,NA
"Hylaeus","Paraprosopis","clypearis",NA,"España","Granada","Alhama de Granada",NA,NA,NA,1942,6,NA,NA,NA,"J. Dusmet","P. Álvarez [Piluca Álvarez Fidalgo]",0,1,"Colección Dusmet",0,"MNCN",NA,NA,"(Schenck, 1853)",NA,NA
"Hylaeus","Paraprosopis","clypearis",NA,"España","Granada","Alhama de Granada",NA,NA,NA,1942,6,NA,NA,NA,"J. Dusmet","P. Álvarez [Piluca Álvarez Fidalgo]",0,1,"Colección Dusmet",0,"MNCN",NA,NA,"(Schenck, 1853)",NA,NA
"Hylaeus","Paraprosopis","clypearis",NA,"España","Granada","Alhama de Granada",NA,NA,NA,1942,6,NA,NA,NA,"J. Dusmet","P. Álvarez [Piluca Álvarez Fidalgo]",1,0,"Colección Dusmet",0,"MNCN",NA,NA,"(Schenck, 1853)",NA,NA
"Hylaeus","Paraprosopis","clypearis",NA,"España","","Sierra de Guadarrama",NA,NA,NA,1925,6,15,NA,NA,"Dusmet","P. Álvarez [Piluca Álvarez Fidalgo]",0,1,"Colección Dusmet",0,"MNCN",NA,NA,"(Schenck, 1853)",NA,NA
"Hylaeus","Paraprosopis","clypearis",NA,"España","Madrid","Aldea del Fresno",NA,NA,NA,1908,5,25,NA,NA,"Dusmet","P. Álvarez [Piluca Álvarez Fidalgo]",0,1,"Colección Dusmet",0,"MNCN",NA,NA,"(Schenck, 1853)",NA,NA
"Hylaeus","Paraprosopis","clypearis",NA,"España","Cantabria","San Pedro de Bedoya",NA,NA,NA,1990,8,23,NA,NA,"C. Rey","P. Álvarez [Piluca Álvarez Fidalgo]",0,1,"",0,"MNCN",NA,NA,"(Schenck, 1853)",NA,NA
"Hylaeus","Paraprosopis","clypearis",NA,"España","Guipúzcoa","Irún",NA,NA,NA,1906,7,18,NA,NA,"sin datos","P. Álvarez [Piluca Álvarez Fidalgo]",0,1,"Colección Cabrera",0,"MNCN",NA,NA,"(Schenck, 1853)",NA,NA
"Hylaeus","Paraprosopis","clypearis",NA,"España","Vizcaya","Zardívar",NA,NA,NA,1916,8,5,NA,NA,"Dusmet","P. Álvarez [Piluca Álvarez Fidalgo]",0,1,"Colección Dusmet",0,"MNCN",NA,NA,"(Schenck, 1853)",NA,NA
"Colletes","","mlokossewiczi",NA,"España","Granada","La Sagra",NA,NA,NA,1900,NA,NA,NA,NA,"Escalera","P. Álvarez [Piluca Álvarez Fidalgo]",1,0,"",0,"MNCN",NA,NA,"Radoszkowski, 1891",NA,NA
"Colletes","","mlokossewiczi",NA,"España","Madrid","Madrid",NA,NA,NA,1900,NA,NA,NA,NA,"Mercet","P. Álvarez [Piluca Álvarez Fidalgo]",0,1,"",0,"MNCN",NA,NA,"Radoszkowski, 1891",NA,NA
"Colletes","","foveolaris",NA,"España","Valencia","Bétera",NA,NA,NA,1940,4,24,NA,NA,"Peris Torres","P. Álvarez [Piluca Álvarez Fidalgo]",0,1,"Coll. Peris",0,"MNCN",NA,NA,"Pérez, 1903",NA,NA
"Colletes","","foveolaris",NA,"España","Valencia","Bétera",NA,NA,NA,1940,4,24,NA,NA,"Peris Torres","P. Álvarez [Piluca Álvarez Fidalgo]",1,0,"Coll. Peris",0,"MNCN",NA,NA,"Pérez, 1903",NA,NA
"Colletes","","foveolaris",NA,"España","Madrid","Aranjuez",NA,NA,NA,1920,5,27,NA,NA,"Dusmet","P. Álvarez [Piluca Álvarez Fidalgo]",1,0,"Colección Dusmet",0,"MNCN",NA,NA,"Pérez, 1903",NA,NA
"Colletes","","foveolaris",NA,"España","Madrid","Rivas-Vaciamadrid",NA,NA,NA,1905,5,6,NA,NA,"Dusmet","P. Álvarez [Piluca Álvarez Fidalgo]",0,1,"Colección Dusmet",0,"MNCN",NA,NA,"Pérez, 1903",NA,NA
"Colletes","","foveolaris",NA,"España","Madrid","Rivas-Vaciamadrid",NA,NA,NA,1909,5,23,NA,NA,"Dusmet","P. Álvarez [Piluca Álvarez Fidalgo]",0,1,"Colección Dusmet",0,"MNCN",NA,NA,"Pérez, 1903",NA,NA
"Colletes","","foveolaris",NA,"España","Madrid","Rivas-Vaciamadrid",NA,NA,NA,1909,4,30,NA,NA,"Dusmet","P. Álvarez [Piluca Álvarez Fidalgo]",0,1,"Coll. Dusmet",0,"MNCN",NA,NA,"Pérez, 1903",NA,NA
"Colletes","","foveolaris",NA,"España","Madrid","Arganda",NA,NA,NA,1933,5,17,NA,NA,"Dusmet","P. Álvarez [Piluca Álvarez Fidalgo]",0,1,"Colección Dusmet",0,"MNCN",NA,NA,"Pérez, 1903",NA,NA
"Colletes","","foveolaris",NA,"España","Madrid","Arganda",NA,NA,NA,1933,5,17,NA,NA,"Dusmet","P. Álvarez [Piluca Álvarez Fidalgo]",1,0,"Colección Dusmet",0,"MNCN",NA,NA,"Pérez, 1903",NA,NA
"Colletes","","foveolaris",NA,"España","Madrid","Arganda",NA,NA,NA,1934,6,12,NA,NA,"Dusmet","P. Álvarez [Piluca Álvarez Fidalgo]",1,0,"Colección Dusmet",0,"MNCN",NA,NA,"Pérez, 1903",NA,NA
"Colletes","","foveolaris",NA,"España","Madrid","Arganda",NA,NA,NA,1934,6,12,NA,NA,"Dusmet","P. Álvarez [Piluca Álvarez Fidalgo]",1,0,"Colección Dusmet",0,"MNCN",NA,NA,"Pérez, 1903",NA,NA
"Colletes","","floralis",NA,"España","Huesca","Panticosa",NA,NA,NA,1921,7,NA,NA,NA,"Dusmet","P. Álvarez [Piluca Álvarez Fidalgo]",0,1,"Colección Dusmet",0,"MNCN",NA,NA,"Eversmann, 1852",NA,NA
"Colletes","","floralis",NA,"España","Huesca","Panticosa",NA,NA,NA,1921,7,NA,NA,NA,"Dusmet","P. Álvarez [Piluca Álvarez Fidalgo]",0,1,"Colección Dusmet",0,"MNCN",NA,NA,"Eversmann, 1852",NA,NA
"Colletes","","floralis",NA,"España","Huesca","Panticosa",NA,NA,NA,1921,7,NA,NA,NA,"Dusmet","P. Álvarez [Piluca Álvarez Fidalgo]",0,1,"Colección Dusmet",0,"MNCN",NA,NA,"Eversmann, 1852",NA,NA
"Colletes","","floralis",NA,"España","Huesca","Panticosa",NA,NA,NA,1921,7,NA,NA,NA,"Dusmet","P. Álvarez [Piluca Álvarez Fidalgo]",0,1,"",0,"MNCN",NA,NA,"Eversmann, 1852",NA,NA
"Colletes","","floralis",NA,"España","Huesca","Panticosa",NA,NA,NA,1921,7,NA,NA,NA,"Dusmet","P. Álvarez [Piluca Álvarez Fidalgo]",1,0,"Colección Dusmet",0,"MNCN",NA,NA,"Eversmann, 1852",NA,NA
"Colletes","","floralis",NA,"España","Huesca","Panticosa",NA,NA,NA,1921,7,NA,NA,NA,"Dusmet","P. Álvarez [Piluca Álvarez Fidalgo]",1,0,"Colección Dusmet",0,"MNCN",NA,NA,"Eversmann, 1852",NA,NA
"Colletes","","floralis",NA,"España","Huesca","Boltaña",NA,NA,NA,1919,7,30,NA,NA,"Dusmet","P. Álvarez [Piluca Álvarez Fidalgo]",1,0,"Colección Dusmet",0,"MNCN",NA,NA,"Eversmann, 1852",NA,NA
"Hylaeus","Abrupta","cornutus",NA,"España","Ávila","Navalperal de Pinares",NA,NA,NA,1904,NA,NA,NA,NA,"Escalera","P. Álvarez [Piluca Álvarez Fidalgo]",0,1,"",0,"MNCN",NA,NA,"Curtis, 1831",NA,NA
"Hylaeus","Abrupta","cornutus",NA,"España","Ávila","Navalperal de Pinares",NA,NA,NA,1904,NA,NA,NA,NA,"Escalera","P. Álvarez [Piluca Álvarez Fidalgo]",0,1,"",0,"MNCN",NA,NA,"Curtis, 1831",NA,NA
"Hylaeus","Abrupta","cornutus",NA,"España","Ávila","Navalperal de Pinares",NA,NA,NA,1904,NA,NA,NA,NA,"Escalera","P. Álvarez [Piluca Álvarez Fidalgo]",0,1,"",0,"MNCN",NA,NA,"Curtis, 1831",NA,NA
"Hylaeus","Abrupta","cornutus",NA,"España","Ávila","Navalperal de Pinares",NA,NA,NA,1904,NA,NA,NA,NA,"Escalera","P. Álvarez [Piluca Álvarez Fidalgo]",0,1,"",0,"MNCN",NA,NA,"Curtis, 1831",NA,NA
"Hylaeus","Abrupta","cornutus",NA,"España","Ávila","Navalperal de Pinares",NA,NA,NA,1904,7,NA,NA,NA,"Escalera","P. Álvarez [Piluca Álvarez Fidalgo]",0,1,"",0,"MNCN",NA,NA,"Curtis, 1831",NA,NA
"Hylaeus","Abrupta","cornutus",NA,"España","Ávila","Navalperal de Pinares",NA,NA,NA,1904,NA,NA,NA,NA,"Escalera","P. Álvarez [Piluca Álvarez Fidalgo]",0,1,"",0,"MNCN",NA,NA,"Curtis, 1831",NA,NA
"Hylaeus","Abrupta","cornutus",NA,"España","Ávila","Navalperal de Pinares",NA,NA,NA,1904,NA,NA,NA,NA,"Escalera","P. Álvarez [Piluca Álvarez Fidalgo]",0,1,"",0,"MNCN",NA,NA,"Curtis, 1831",NA,NA
"Hylaeus","Abrupta","cornutus",NA,"España","Ávila","Navalperal de Pinares",NA,NA,NA,1904,NA,NA,NA,NA,"Escalera","P. Álvarez [Piluca Álvarez Fidalgo]",0,1,"",0,"MNCN",NA,NA,"Curtis, 1831",NA,NA
"Hylaeus","Abrupta","cornutus",NA,"España","Ávila","Navalperal de Pinares",NA,NA,NA,1904,NA,NA,NA,NA,"Escalera","P. Álvarez [Piluca Álvarez Fidalgo]",0,1,"",0,"MNCN",NA,NA,"Curtis, 1831",NA,NA
"Hylaeus","Abrupta","cornutus",NA,"España","Ávila","Navalperal de Pinares",NA,NA,NA,1904,NA,NA,NA,NA,"Escalera","P. Álvarez [Piluca Álvarez Fidalgo]",0,1,"",0,"MNCN",NA,NA,"Curtis, 1831",NA,NA
"Hylaeus","Abrupta","cornutus",NA,"España","Ávila","Navalperal de Pinares",NA,NA,NA,1904,NA,NA,NA,NA,"Escalera","P. Álvarez [Piluca Álvarez Fidalgo]",1,0,"",0,"MNCN",NA,NA,"Curtis, 1831",NA,NA
"Hylaeus","Abrupta","cornutus",NA,"España","Ávila","Navalperal de Pinares",NA,NA,NA,1904,NA,NA,NA,NA,"Escalera","P. Álvarez [Piluca Álvarez Fidalgo]",1,0,"",0,"MNCN",NA,NA,"Curtis, 1831",NA,NA
"Hylaeus","Abrupta","cornutus",NA,"España","Ávila","Navalperal de Pinares",NA,NA,NA,1904,NA,NA,NA,NA,"Escalera","P. Álvarez [Piluca Álvarez Fidalgo]",1,0,"",0,"MNCN",NA,NA,"Curtis, 1831",NA,NA
"Hylaeus","Abrupta","cornutus",NA,"España","Ávila","Navalperal de Pinares",NA,NA,NA,1904,NA,NA,NA,NA,"Escalera","P. Álvarez [Piluca Álvarez Fidalgo]",1,0,"",0,"MNCN",NA,NA,"Curtis, 1831",NA,NA
"Hylaeus","Abrupta","cornutus",NA,"España","Ávila","Navalperal de Pinares",NA,NA,NA,1904,NA,NA,NA,NA,"Escalera","P. Álvarez [Piluca Álvarez Fidalgo]",1,0,"",0,"MNCN",NA,NA,"Curtis, 1831",NA,NA
"Hylaeus","Abrupta","cornutus",NA,"España","Ávila","Navalperal de Pinares",NA,NA,NA,1904,NA,NA,NA,NA,"Escalera","P. Álvarez [Piluca Álvarez Fidalgo]",1,0,"",0,"MNCN",NA,NA,"Curtis, 1831",NA,NA
"Hylaeus","Abrupta","cornutus",NA,"España","Ávila","Navalperal de Pinares",NA,NA,NA,1904,NA,NA,NA,NA,"Escalera","P. Álvarez [Piluca Álvarez Fidalgo]",1,0,"",0,"MNCN",NA,NA,"Curtis, 1831",NA,NA
"Hylaeus","Abrupta","cornutus",NA,"España","Ávila","Navalperal de Pinares",NA,NA,NA,1904,NA,NA,NA,NA,"Escalera","P. Álvarez [Piluca Álvarez Fidalgo]",1,0,"",0,"MNCN",NA,NA,"Curtis, 1831",NA,NA
"Hylaeus","Abrupta","cornutus",NA,"España","Madrid","Alcalá de Henraes",NA,NA,NA,1892,NA,NA,NA,NA,"M. Escalera","P. Álvarez [Piluca Álvarez Fidalgo]",0,1,"",0,"MNCN",NA,NA,"Curtis, 1831",NA,NA
"Hylaeus","Abrupta","cornutus",NA,"España","Madrid","Alcalá de Henraes",NA,NA,NA,1892,NA,NA,NA,NA,"M. Escalera","P. Álvarez [Piluca Álvarez Fidalgo]",0,1,"",0,"MNCN",NA,NA,"Curtis, 1831",NA,NA
"Hylaeus","Abrupta","cornutus",NA,"España","Madrid","Alcalá de Henraes",NA,NA,NA,1892,NA,NA,NA,NA,"M. Escalera","P. Álvarez [Piluca Álvarez Fidalgo]",1,0,"",0,"MNCN",NA,NA,"Curtis, 1831",NA,NA
"Hylaeus","Abrupta","cornutus",NA,"España","Madrid","Alcalá de Henraes",NA,NA,NA,1892,NA,NA,NA,NA,"M. Escalera","P. Álvarez [Piluca Álvarez Fidalgo]",1,0,"",0,"MNCN",NA,NA,"Curtis, 1831",NA,NA
"Hylaeus","Abrupta","cornutus",NA,"España","Madrid","San Lorenzo de El Escorial",NA,NA,NA,1980,6,22,NA,NA,"Carmen Rey","P. Álvarez [Piluca Álvarez Fidalgo]",1,0,"ex. Col. C. Rey",0,"MNCN",NA,NA,"Curtis, 1831",NA,NA
"Hylaeus","Abrupta","cornutus",NA,"España","Madrid","San Lorenzo de El Escorial",NA,NA,NA,1981,6,13,NA,NA,"Carmen Rey","P. Álvarez [Piluca Álvarez Fidalgo]",0,1,"ex. Col. C. Rey",0,"MNCN",NA,NA,"Curtis, 1831",NA,NA
"Hylaeus","Abrupta","cornutus",NA,"España","Madrid","El Pardo",NA,NA,NA,1943,5,8,NA,NA,"J. Abajo","P. Álvarez [Piluca Álvarez Fidalgo]",1,0,"",0,"MNCN",NA,NA,"Curtis, 1831",NA,NA
"Hylaeus","Abrupta","cornutus",NA,"España","Madrid","Rivas-Vaciamadrid",NA,NA,NA,1903,NA,NA,NA,NA,"Arias","P. Álvarez [Piluca Álvarez Fidalgo]",0,1,"",0,"MNCN",NA,NA,"Curtis, 1831",NA,NA
"Hylaeus","Abrupta","cornutus",NA,"España","León","Villablino",NA,NA,NA,1949,7,28,NA,NA,"Exp. Inst. Esp. Entomología","P. Álvarez [Piluca Álvarez Fidalgo]",1,0,"",0,"MNCN",NA,NA,"Curtis, 1831",NA,NA
"Hylaeus","Abrupta","cornutus",NA,"España","Madrid","Aranjuez",NA,NA,NA,1912,5,26,NA,NA,"Dusmet","P. Álvarez [Piluca Álvarez Fidalgo]",1,0,"Colección Dusmet",0,"MNCN",NA,NA,"Curtis, 1831",NA,NA
"Hylaeus","Abrupta","cornutus",NA,"España","Madrid","Aranjuez",NA,NA,NA,1912,5,26,NA,NA,"Mercet","P. Álvarez [Piluca Álvarez Fidalgo]",0,1,"Colección Gª Mercet",0,"MNCN",NA,NA,"Curtis, 1831",NA,NA
"Hylaeus","Abrupta","cornutus",NA,"España","","Sierra de Guadarrama",NA,NA,NA,1911,9,18,NA,NA,"Dusmet","P. Álvarez [Piluca Álvarez Fidalgo]",0,1,"Colección Dusmet",0,"MNCN",NA,NA,"Curtis, 1831",NA,NA
"Hylaeus","Abrupta","cornutus",NA,"España","Madrid","San Lorenzo de El Escorial",NA,NA,NA,1912,6,16,NA,NA,"Dusmet","P. Álvarez [Piluca Álvarez Fidalgo]",0,1,"Colección Dusmet",0,"MNCN",NA,NA,"Curtis, 1831",NA,NA
"Hylaeus","Abrupta","cornutus",NA,"España","Madrid","San Lorenzo de El Escorial",NA,NA,NA,1912,6,16,NA,NA,"Dusmet","P. Álvarez [Piluca Álvarez Fidalgo]",0,1,"Colección Dusmet",0,"MNCN",NA,NA,"Curtis, 1831",NA,NA
"Hylaeus","Abrupta","cornutus",NA,"España","Madrid","Los Molinos",NA,NA,NA,1902,NA,NA,NA,NA,"G. Mercet","P. Álvarez [Piluca Álvarez Fidalgo]",0,1,"",0,"MNCN",NA,NA,"Curtis, 1831",NA,NA
"Hylaeus","Abrupta","cornutus",NA,"España","Madrid","Los Molinos",NA,NA,NA,1902,NA,NA,NA,NA,"G. Mercet","P. Álvarez [Piluca Álvarez Fidalgo]",0,1,"",0,"MNCN",NA,NA,"Curtis, 1831",NA,NA
"Hylaeus","Abrupta","cornutus",NA,"España","Madrid","Rivas-Vaciamadrid",NA,NA,NA,1903,7,30,NA,NA,"Dusmet","P. Álvarez [Piluca Álvarez Fidalgo]",0,1,"Colección Dusmet",0,"MNCN",NA,NA,"Curtis, 1831",NA,NA
"Hylaeus","Abrupta","cornutus",NA,"España","Madrid","Rivas-Vaciamadrid",NA,NA,NA,1900,NA,NA,NA,NA,"Mercet","P. Álvarez [Piluca Álvarez Fidalgo]",0,1,"Colección G. Mercet",0,"MNCN",NA,NA,"Curtis, 1831",NA,NA
"Hylaeus","Abrupta","cornutus",NA,"España","Madrid","Rivas-Vaciamadrid",NA,NA,NA,1927,5,21,NA,NA,"Dusmet","P. Álvarez [Piluca Álvarez Fidalgo]",1,0,"Colección Dusmet",0,"MNCN",NA,NA,"Curtis, 1831",NA,NA
"Hylaeus","Abrupta","cornutus",NA,"España","Madrid","San Fernando de Henares",NA,NA,NA,1900,NA,NA,NA,NA,"[Escalera]","P. Álvarez [Piluca Álvarez Fidalgo]",1,0,"",0,"MNCN",NA,NA,"Curtis, 1831",NA,NA
"Hylaeus","Abrupta","cornutus",NA,"España","Madrid","Madrid",NA,NA,NA,1904,6,13,NA,NA,"G. Mercet","P. Álvarez [Piluca Álvarez Fidalgo]",1,0,"",0,"MNCN",NA,NA,"Curtis, 1831",NA,NA
"Hylaeus","Abrupta","cornutus",NA,"España","Madrid","Colmenar Viejo",NA,NA,NA,1986,6,1,NA,NA,"E. Plaza","P. Álvarez [Piluca Álvarez Fidalgo]",1,0,"",0,"MNCN",NA,NA,"Curtis, 1831",NA,NA
"Hylaeus","Abrupta","cornutus",NA,"España","Madrid","Aranjuez",NA,NA,NA,1910,5,30,NA,NA,"Dusmet","P. Álvarez [Piluca Álvarez Fidalgo]",1,0,"Colección Dusmet",0,"MNCN",NA,NA,"Curtis, 1831",NA,NA
"Hylaeus","Abrupta","cornutus",NA,"España","Madrid","Aranjuez",NA,NA,NA,1904,6,1,NA,NA,"G. Mercet","P. Álvarez [Piluca Álvarez Fidalgo]",1,0,"",0,"MNCN",NA,NA,"Curtis, 1831",NA,NA
"Hylaeus","Prosopis","coriaceus",NA,"España","Zaragoza","Añón de Moncayo",NA,NA,NA,1921,8,4,NA,NA,"Dusmet","P. Álvarez [Piluca Álvarez Fidalgo]",0,1,"Colección Dusmet",0,"MNCN",NA,NA,"(Pérez, 1895)",NA,NA
"Hylaeus","Prosopis","coriaceus",NA,"España","Zaragoza","Añón de Moncayo",NA,NA,NA,1921,8,4,NA,NA,"Dusmet","P. Álvarez [Piluca Álvarez Fidalgo]",0,1,"Colección Dusmet",0,"MNCN",NA,NA,"(Pérez, 1895)",NA,NA
"Hylaeus","Prosopis","coriaceus",NA,"España","Albacete","Molinicos de la Sierra",NA,NA,NA,1909,NA,NA,NA,NA,"Exp. del Museo","P. Álvarez [Piluca Álvarez Fidalgo]",0,1,"",0,"MNCN",NA,NA,"(Pérez, 1895)",NA,NA
"Hylaeus","Prosopis","coriaceus",NA,"España","Valencia","Valencia",NA,NA,NA,1905,NA,NA,NA,NA,"Moroder","P. Álvarez [Piluca Álvarez Fidalgo]",1,0,"",0,"MNCN",NA,NA,"(Pérez, 1895)",NA,NA
"Hylaeus","Prosopis","coriaceus",NA,"España","Castellón","Nules",NA,NA,NA,1900,NA,NA,NA,NA,"Beltrán","P. Álvarez [Piluca Álvarez Fidalgo]",1,0,"",0,"MNCN",NA,NA,"(Pérez, 1895)",NA,NA
"Hylaeus","Prosopis","coriaceus",NA,"España","Madrid","El Ventorrillo",NA,NA,NA,1989,7,28,NA,NA,"Nieves & Rey","P. Álvarez [Piluca Álvarez Fidalgo]",1,0,"",0,"MNCN",NA,NA,"(Pérez, 1895)",NA,NA
"Hylaeus","Prosopis","coriaceus",NA,"España","Guadalajara","Zorita",NA,NA,NA,1983,7,28,NA,NA,"C. Rey","P. Álvarez [Piluca Álvarez Fidalgo]",1,0,"ex. Col. C. Rey",0,"MNCN",NA,NA,"(Pérez, 1895)",NA,NA
"Hylaeus","Prosopis","coriaceus",NA,"España","Burgos","Hontoria del Pinar",NA,NA,NA,1983,8,14,NA,NA,"C. Rey","P. Álvarez [Piluca Álvarez Fidalgo]",1,0,"ex. Col. C. Rey",0,"MNCN",NA,NA,"(Pérez, 1895)",NA,NA
"Hylaeus","Prosopis","coriaceus",NA,"España","Burgos","Hontoria del Pinar",NA,NA,NA,1983,8,14,NA,NA,"C. Rey","P. Álvarez [Piluca Álvarez Fidalgo]",1,0,"ex. Col. C. Rey",0,"MNCN",NA,NA,"(Pérez, 1895)",NA,NA
"Hylaeus","Prosopis","coriaceus",NA,"España","Barcelona","Centellas",NA,NA,NA,1924,7,20,NA,NA,"Mas de Xaxars","P. Álvarez [Piluca Álvarez Fidalgo]",1,0,"",0,"MNCN",NA,NA,"(Pérez, 1895)",NA,NA
"Hylaeus","Prosopis","coriaceus",NA,"España","Barcelona","Centellas",NA,NA,NA,1924,7,12,NA,NA,"Mas de Xaxars","P. Álvarez [Piluca Álvarez Fidalgo]",1,0,"",0,"MNCN",NA,NA,"(Pérez, 1895)",NA,NA
"Hylaeus","Prosopis","coriaceus",NA,"España","Barcelona","Centellas",NA,NA,NA,1924,7,30,NA,NA,"Mas de Xaxars","P. Álvarez [Piluca Álvarez Fidalgo]",1,0,"",0,"MNCN",NA,NA,"(Pérez, 1895)",NA,NA
"Hylaeus","Prosopis","coriaceus",NA,"España","Barcelona","Centellas",NA,NA,NA,1924,7,16,NA,NA,"Mas de Xaxars","P. Álvarez [Piluca Álvarez Fidalgo]",0,1,"",0,"MNCN",NA,NA,"(Pérez, 1895)",NA,NA
"Hylaeus","Prosopis","coriaceus",NA,"España","Barcelona","Centellas",NA,NA,NA,1925,7,7,NA,NA,"Mas de Xaxars","P. Álvarez [Piluca Álvarez Fidalgo]",1,0,"",0,"MNCN",NA,NA,"(Pérez, 1895)",NA,NA
"Hylaeus","Prosopis","coriaceus",NA,"España","Gerona","Camprodón",NA,NA,NA,1898,8,26,NA,NA,"sin datos","P. Álvarez [Piluca Álvarez Fidalgo]",1,0,"",0,"MNCN",NA,NA,"(Pérez, 1895)",NA,NA
"Hylaeus","Prosopis","coriaceus",NA,"España","Barcelona","Centellas",NA,NA,NA,1912,NA,NA,NA,NA,"Mas de Xaxars","P. Álvarez [Piluca Álvarez Fidalgo]",1,0,"",0,"MNCN",NA,NA,"(Pérez, 1895)",NA,NA
"Hylaeus","Prosopis","coriaceus",NA,"España","Zaragoza","Tiermas",NA,NA,NA,1926,8,NA,NA,NA,"Dusmet","P. Álvarez [Piluca Álvarez Fidalgo]",0,1,"Colección Dusmet",0,"MNCN",NA,NA,"(Pérez, 1895)",NA,NA
"Hylaeus","Prosopis","coriaceus",NA,"España","Zaragoza","Tiermas",NA,NA,NA,1926,8,NA,NA,NA,"Dusmet","P. Álvarez [Piluca Álvarez Fidalgo]",1,0,"Colección Dusmet",0,"MNCN",NA,NA,"(Pérez, 1895)",NA,NA
"Hylaeus","Prosopis","coriaceus",NA,"España","Madrid","Madrid, Ciudad Universitaria",NA,NA,NA,1943,8,6,NA,NA,"Junco","P. Álvarez [Piluca Álvarez Fidalgo]",1,0,"",0,"MNCN",NA,NA,"(Pérez, 1895)",NA,NA
"Hylaeus","Prosopis","coriaceus",NA,"España","Madrid","Rivas-Vaciamadrid",NA,NA,NA,1908,NA,NA,NA,NA,"A. Cabrera","P. Álvarez [Piluca Álvarez Fidalgo]",1,0,"",0,"MNCN",NA,NA,"(Pérez, 1895)",NA,NA
"Hylaeus","Prosopis","coriaceus",NA,"España","Madrid","Villaverde",NA,NA,NA,1909,8,NA,NA,NA,"Arias","P. Álvarez [Piluca Álvarez Fidalgo]",1,0,"",0,"MNCN",NA,NA,"(Pérez, 1895)",NA,NA
"Hylaeus","Prosopis","coriaceus",NA,"España","Madrid","El Pardo",NA,NA,NA,1903,NA,NA,NA,NA,"Arias","P. Álvarez [Piluca Álvarez Fidalgo]",1,0,"",0,"MNCN",NA,NA,"(Pérez, 1895)",NA,NA
"Hylaeus","Prosopis","coriaceus",NA,"España","Madrid","El Pardo",NA,NA,NA,1906,7,10,NA,NA,"Dusmet","P. Álvarez [Piluca Álvarez Fidalgo]",1,0,"Colección Dusmet",0,"MNCN",NA,NA,"(Pérez, 1895)",NA,NA
"Hylaeus","Prosopis","coriaceus",NA,"España","Madrid","El Pardo",NA,NA,NA,1906,7,10,NA,NA,"Dusmet","P. Álvarez [Piluca Álvarez Fidalgo]",0,1,"Colección Dusmet",0,"MNCN",NA,NA,"(Pérez, 1895)",NA,NA
"Hylaeus","Prosopis","coriaceus",NA,"España","Teruel","Albarracín",NA,NA,NA,1904,7,NA,NA,NA,"Dusmet","P. Álvarez [Piluca Álvarez Fidalgo]",0,1,"Colección Dusmet",0,"MNCN",NA,NA,"(Pérez, 1895)",NA,NA
"Hylaeus","Prosopis","coriaceus",NA,"España","Ávila","Navalperal de Pinares",NA,NA,NA,1904,7,NA,NA,NA,"Escalera","P. Álvarez [Piluca Álvarez Fidalgo]",0,1,"",0,"MNCN",NA,NA,"(Pérez, 1895)",NA,NA
"Hylaeus","Prosopis","coriaceus",NA,"España","Madrid","Madrid",NA,NA,NA,1901,7,9,NA,NA,"Dusmet","P. Álvarez [Piluca Álvarez Fidalgo]",1,0,"Colección Dusmet",0,"MNCN",NA,NA,"(Pérez, 1895)",NA,NA
"Hylaeus","Prosopis","coriaceus",NA,"España","Ávila","Barco de Ávila",NA,NA,NA,1954,7,NA,NA,NA,"Exp. Inst. Esp. Entomología","P. Álvarez [Piluca Álvarez Fidalgo]",0,1,"",0,"MNCN",NA,NA,"(Pérez, 1895)",NA,NA
"Hylaeus","Prosopis","coriaceus",NA,"España","Ávila","Barco de Ávila",NA,NA,NA,1954,7,NA,NA,NA,"Exp. Inst. Esp. Entomología","P. Álvarez [Piluca Álvarez Fidalgo]",0,1,"",0,"MNCN",NA,NA,"(Pérez, 1895)",NA,NA
"Hylaeus","Prosopis","coriaceus",NA,"España","Ávila","Barco de Ávila",NA,NA,NA,1954,7,NA,NA,NA,"Exp. Inst. Esp. Entomología","P. Álvarez [Piluca Álvarez Fidalgo]",0,1,"",0,"MNCN",NA,NA,"(Pérez, 1895)",NA,NA
"Hylaeus","Prosopis","coriaceus",NA,"España","Ávila","Barco de Ávila",NA,NA,NA,1954,7,NA,NA,NA,"Exp. Inst. Esp. Entomología","P. Álvarez [Piluca Álvarez Fidalgo]",0,1,"",0,"MNCN",NA,NA,"(Pérez, 1895)",NA,NA
"Hylaeus","Prosopis","coriaceus",NA,"España","Ávila","Barco de Ávila",NA,NA,NA,1954,7,NA,NA,NA,"Exp. Inst. Esp. Entomología","P. Álvarez [Piluca Álvarez Fidalgo]",0,1,"",0,"MNCN",NA,NA,"(Pérez, 1895)",NA,NA
"Hylaeus","Prosopis","coriaceus",NA,"España","Ávila","Barco de Ávila",NA,NA,NA,1954,7,NA,NA,NA,"Exp. Inst. Esp. Entomología","P. Álvarez [Piluca Álvarez Fidalgo]",0,1,"",0,"MNCN",NA,NA,"(Pérez, 1895)",NA,NA
"Hylaeus","Prosopis","coriaceus",NA,"España","Ávila","Barco de Ávila",NA,NA,NA,1954,7,NA,NA,NA,"Exp. Inst. Esp. Entomología","P. Álvarez [Piluca Álvarez Fidalgo]",0,1,"",0,"MNCN",NA,NA,"(Pérez, 1895)",NA,NA
"Hylaeus","Prosopis","coriaceus",NA,"España","Ávila","Barco de Ávila",NA,NA,NA,1954,7,NA,NA,NA,"Exp. Inst. Esp. Entomología","P. Álvarez [Piluca Álvarez Fidalgo]",0,1,"",0,"MNCN",NA,NA,"(Pérez, 1895)",NA,NA
"Hylaeus","Prosopis","coriaceus",NA,"España","Madrid","Madarcos",NA,NA,NA,1986,7,3,NA,NA,"E. Mingo","P. Álvarez [Piluca Álvarez Fidalgo]",0,1,"",0,"MNCN",NA,NA,"(Pérez, 1895)",NA,NA
"Hylaeus","Prosopis","coriaceus",NA,"España","Madrid","Madarcos",NA,NA,NA,1986,7,3,NA,NA,"E. Mingo","P. Álvarez [Piluca Álvarez Fidalgo]",0,1,"",0,"MNCN",NA,NA,"(Pérez, 1895)",NA,NA
"Hylaeus","Prosopis","coriaceus",NA,"España","Madrid","Torrelodones",NA,NA,NA,1962,8,6,NA,NA,"sin datos","P. Álvarez [Piluca Álvarez Fidalgo]",0,1,"",0,"MNCN",NA,NA,"(Pérez, 1895)",NA,NA
"Hylaeus","Prosopis","coriaceus",NA,"España","Madrid","Torrelodones",NA,NA,NA,1962,8,6,NA,NA,"sin datos","P. Álvarez [Piluca Álvarez Fidalgo]",0,1,"",0,"MNCN",NA,NA,"(Pérez, 1895)",NA,NA
"Hylaeus","Prosopis","coriaceus",NA,"España","Madrid","Pinilla del Valle",NA,NA,NA,1986,6,26,NA,NA,"E. Mingo","P. Álvarez [Piluca Álvarez Fidalgo]",1,0,"",0,"MNCN",NA,NA,"(Pérez, 1895)",NA,NA
"Hylaeus","Prosopis","coriaceus",NA,"España","Madrid","Colmenar Viejo, Peña Real",NA,NA,NA,1983,8,NA,NA,NA,"V. Llorente","P. Álvarez [Piluca Álvarez Fidalgo]",1,0,"",0,"MNCN",NA,NA,"(Pérez, 1895)",NA,NA
"Hylaeus","Prosopis","coriaceus",NA,"España","Palencia","Bárcena de Campos",NA,NA,NA,1989,8,5,NA,NA,"sin datos","P. Álvarez [Piluca Álvarez Fidalgo]",1,0,"",0,"MNCN",NA,NA,"(Pérez, 1895)",NA,NA
"Hylaeus","Prosopis","coriaceus",NA,"España","","Sierra de Guadarrama",NA,NA,NA,1911,8,16,NA,NA,"Dusmet","P. Álvarez [Piluca Álvarez Fidalgo]",0,1,"",0,"MNCN",NA,NA,"(Pérez, 1895)",NA,NA
"Hylaeus","Prosopis","coriaceus",NA,"España","Albacete","El Bonillo",NA,NA,NA,1941,8,NA,NA,NA,"Andréu","P. Álvarez [Piluca Álvarez Fidalgo]",0,1,"Colección Dusmet",0,"MNCN",NA,NA,"(Pérez, 1895)",NA,NA
"Hylaeus","Prosopis","coriaceus",NA,"España","","Sierra de Guadarrama",NA,NA,NA,1924,6,21,NA,NA,"Dusmet","P. Álvarez [Piluca Álvarez Fidalgo]",0,1,"Colección Dusmet",0,"MNCN",NA,NA,"(Pérez, 1895)",NA,NA
"Hylaeus","Prosopis","coriaceus",NA,"España","","Sierra de Guadarrama",NA,NA,NA,1913,8,9,NA,NA,"Dusmet","P. Álvarez [Piluca Álvarez Fidalgo]",0,1,"Colección Dusmet",0,"MNCN",NA,NA,"(Pérez, 1895)",NA,NA
"Hylaeus","Prosopis","coriaceus",NA,"España","","Sierra de Guadarrama",NA,NA,NA,1912,8,6,NA,NA,"Dusmet","P. Álvarez [Piluca Álvarez Fidalgo]",0,1,"Colección Dusmet",0,"MNCN",NA,NA,"(Pérez, 1895)",NA,NA
"Hylaeus","Prosopis","coriaceus",NA,"España","","Sierra de Guadarrama",NA,NA,NA,1912,8,6,NA,NA,"Dusmet","P. Álvarez [Piluca Álvarez Fidalgo]",0,1,"Colección Dusmet",0,"MNCN",NA,NA,"(Pérez, 1895)",NA,NA
"Hylaeus","Prosopis","coriaceus",NA,"España","","Sierra de Guadarrama",NA,NA,NA,1912,8,6,NA,NA,"Dusmet","P. Álvarez [Piluca Álvarez Fidalgo]",0,1,"Colección Dusmet",0,"MNCN",NA,NA,"(Pérez, 1895)",NA,NA
"Hylaeus","Prosopis","coriaceus",NA,"España","","Sierra de Guadarrama",NA,NA,NA,1913,8,27,NA,NA,"Dusmet","P. Álvarez [Piluca Álvarez Fidalgo]",1,0,"Colección Dusmet",0,"MNCN",NA,NA,"(Pérez, 1895)",NA,NA
"Hylaeus","Prosopis","coriaceus",NA,"España","","Sierra de Guadarrama",NA,NA,NA,1913,8,27,NA,NA,"Dusmet","P. Álvarez [Piluca Álvarez Fidalgo]",0,1,"Colección Dusmet",0,"MNCN",NA,NA,"(Pérez, 1895)",NA,NA
"Hylaeus","Prosopis","coriaceus",NA,"España","","Sierra de Guadarrama",NA,NA,NA,1913,8,27,NA,NA,"Dusmet","P. Álvarez [Piluca Álvarez Fidalgo]",0,1,"Colección Dusmet",0,"MNCN",NA,NA,"(Pérez, 1895)",NA,NA
"Hylaeus","Prosopis","coriaceus",NA,"España","Barcelona","Centellas",NA,NA,NA,1924,7,16,NA,NA,"Mas de Xaxars","P. Álvarez [Piluca Álvarez Fidalgo]",0,1,"",0,"MNCN",NA,NA,"(Pérez, 1895)",NA,NA
"Hylaeus","Prosopis","coriaceus",NA,"España","Barcelona","Centellas",NA,NA,NA,1924,7,27,NA,NA,"Mas de Xaxars","P. Álvarez [Piluca Álvarez Fidalgo]",1,0,"",0,"MNCN",NA,NA,"(Pérez, 1895)",NA,NA
"Hylaeus","Prosopis","coriaceus",NA,"España","Barcelona","Centellas",NA,NA,NA,1924,7,30,NA,NA,"Mas de Xaxars","P. Álvarez [Piluca Álvarez Fidalgo]",1,0,"",0,"MNCN",NA,NA,"(Pérez, 1895)",NA,NA
"Hylaeus","Prosopis","coriaceus",NA,"España","Barcelona","Centellas",NA,NA,NA,1925,8,NA,NA,NA,"Mas de Xaxars","P. Álvarez [Piluca Álvarez Fidalgo]",1,0,"",0,"MNCN",NA,NA,"(Pérez, 1895)",NA,NA
"Hylaeus","Prosopis","coriaceus",NA,"España","Barcelona","Centellas",NA,NA,NA,1925,8,NA,NA,NA,"Mas de Xaxars","P. Álvarez [Piluca Álvarez Fidalgo]",1,0,"",0,"MNCN",NA,NA,"(Pérez, 1895)",NA,NA
"Hylaeus","Prosopis","coriaceus",NA,"España","Barcelona","Centellas",NA,NA,NA,1925,8,NA,NA,NA,"Mas de Xaxars","P. Álvarez [Piluca Álvarez Fidalgo]",0,1,"",0,"MNCN",NA,NA,"(Pérez, 1895)",NA,NA
"Hylaeus","Prosopis","coriaceus",NA,"España","Lérida","Rocallaura",NA,NA,NA,1919,7,NA,NA,NA,"Mas de Xaxars","P. Álvarez [Piluca Álvarez Fidalgo]",0,1,"",0,"MNCN",NA,NA,"(Pérez, 1895)",NA,NA
"Hylaeus","Prosopis","coriaceus",NA,"España","Barcelona","Pedralbes",NA,NA,NA,1896,7,25,NA,NA,"sin datos","P. Álvarez [Piluca Álvarez Fidalgo]",0,1,"[Colección Cabrera]",0,"MNCN",NA,NA,"(Pérez, 1895)",NA,NA
"Hylaeus","Prosopis","coriaceus",NA,"España","Barcelona","La Garriga",NA,NA,NA,1924,7,NA,NA,NA,"Farriols","P. Álvarez [Piluca Álvarez Fidalgo]",1,0,"",0,"MNCN",NA,NA,"(Pérez, 1895)",NA,NA
"Hylaeus","Prosopis","coriaceus",NA,"España","Madrid","Montejo de la Sierra",NA,NA,NA,1986,7,3,NA,NA,"E. Plaza","P. Álvarez [Piluca Álvarez Fidalgo]",1,0,"",0,"MNCN",NA,NA,"(Pérez, 1895)",NA,NA
"Hylaeus","Prosopis","coriaceus",NA,"España","Madrid","El Pardo",NA,NA,NA,1903,NA,NA,NA,NA,"Arias","P. Álvarez [Piluca Álvarez Fidalgo]",0,1,"",0,"MNCN",NA,NA,"(Pérez, 1895)",NA,NA
"Hylaeus","Prosopis","coriaceus",NA,"España","Madrid","El Pardo",NA,NA,NA,1927,7,5,NA,NA,"Dusmet","P. Álvarez [Piluca Álvarez Fidalgo]",0,1,"Colección Dusmet",0,"MNCN",NA,NA,"(Pérez, 1895)",NA,NA
"Hylaeus","Prosopis","coriaceus",NA,"España","Madrid","El Pardo",NA,NA,NA,1927,7,5,NA,NA,"Dusmet","P. Álvarez [Piluca Álvarez Fidalgo]",0,1,"Colección Dusmet",0,"MNCN",NA,NA,"(Pérez, 1895)",NA,NA
"Hylaeus","Prosopis","coriaceus",NA,"España","Madrid","El Pardo",NA,NA,NA,1927,7,5,NA,NA,"Dusmet","P. Álvarez [Piluca Álvarez Fidalgo]",0,1,"Colección Dusmet",0,"MNCN",NA,NA,"(Pérez, 1895)",NA,NA
"Hylaeus","Prosopis","coriaceus",NA,"España","Madrid","Madrid",NA,NA,NA,1900,7,18,NA,NA,"Dusmet","P. Álvarez [Piluca Álvarez Fidalgo]",0,1,"[Colección Cabrera]",0,"MNCN",NA,NA,"(Pérez, 1895)",NA,NA
"Hylaeus","Hylaeus","difformis",NA,"España","Cáceres","Baños de Montemayor",NA,NA,NA,1943,5,NA,NA,NA,"J. Dusmet","P. Álvarez [Piluca Álvarez Fidalgo]",0,1,"Colección Dusmet",0,"MNCN",NA,NA,"(Eversmann, 1852)",NA,NA
"Hylaeus","Hylaeus","difformis",NA,"España","Cáceres","Baños de Montemayor",NA,NA,NA,1943,5,NA,NA,NA,"J. Dusmet","P. Álvarez [Piluca Álvarez Fidalgo]",0,1,"Colección Dusmet",0,"MNCN",NA,NA,"(Eversmann, 1852)",NA,NA
"Hylaeus","Hylaeus","difformis",NA,"España","Cáceres","Baños de Montemayor",NA,NA,NA,1943,5,NA,NA,NA,"J. Dusmet","P. Álvarez [Piluca Álvarez Fidalgo]",0,1,"Colección Dusmet",0,"MNCN",NA,NA,"(Eversmann, 1852)",NA,NA
"Hylaeus","Hylaeus","difformis",NA,"España","Madrid","El Ventorrillo",NA,NA,NA,1988,8,21,NA,NA,"Nieves & Rey","H.H. Dathe",1,0,"",0,"MNCN",NA,NA,"(Eversmann, 1852)",NA,NA
"Hylaeus","Hylaeus","difformis",NA,"España","Madrid","El Ventorrillo",NA,NA,NA,1989,7,14,NA,NA,"Nieves & Rey","H. H. Dathe",0,1,"",0,"MNCN",NA,NA,"(Eversmann, 1852)",NA,NA
"Hylaeus","Hylaeus","difformis",NA,"España","Ávila","Ávila",NA,NA,NA,1906,8,NA,NA,NA,"Sanz","J. Ortiz",0,1,"",0,"MNCN",NA,NA,"(Eversmann, 1852)",NA,NA
"Hylaeus","Hylaeus","difformis",NA,"España","Madrid","Soto del Real",NA,NA,NA,1983,6,26,NA,NA,"C. Rey","J. Oriz",0,1,"ex. Col. C. Rey",0,"MNCN",NA,NA,"(Eversmann, 1852)",NA,NA
"Colletes","","hederae",NA,"España","Islas Baleares","San Agustín",NA,NA,NA,1931,10,7,NA,NA,"Giner","P. Álvarez [Piluca Álvarez Fidalgo]",0,1,"Colección Dusmet",0,"MNCN",NA,NA,"Schmidt & Westrich, 1993",NA,NA
"Colletes","","hederae",NA,"España","Islas Baleares","San Agustín",NA,NA,NA,1931,10,9,NA,NA,"Giner","P. Álvarez [Piluca Álvarez Fidalgo]",1,0,"Colección Dusmet",0,"MNCN",NA,NA,"Schmidt & Westrich, 1993",NA,NA
"Nomiapis","","diversipes",NA,"España","Alicante","Albatera",NA,NA,NA,1912,8,29,NA,NA,"sin datos","P. Álvarez [Piluca Álvarez Fidalgo]",0,1,"Colección Cabrera",0,"MNCN",NA,NA,"(Latreille, 1806)",NA,NA
"Nomiapis","","diversipes",NA,"España","Alicante","Albatera",NA,NA,NA,1912,8,29,NA,NA,"sin datos","P. Álvarez [Piluca Álvarez Fidalgo]",0,1,"Colección Cabrera",0,"MNCN",NA,NA,"(Latreille, 1806)",NA,NA
"Nomiapis","","diversipes",NA,"España","Alicante","Albatera",NA,NA,NA,1912,8,29,NA,NA,"sin datos","P. Álvarez [Piluca Álvarez Fidalgo]",0,1,"Colección Cabrera",0,"MNCN",NA,NA,"(Latreille, 1806)",NA,NA
"Nomiapis","","diversipes",NA,"España","Alicante","Albatera",NA,NA,NA,1912,8,29,NA,NA,"sin datos","P. Álvarez [Piluca Álvarez Fidalgo]",0,1,"Colección Cabrera",0,"MNCN",NA,NA,"(Latreille, 1806)",NA,NA
"Nomiapis","","diversipes",NA,"España","Alicante","Orihuela",NA,NA,NA,1905,NA,NA,NA,NA,"Andréu","P. Álvarez [Piluca Álvarez Fidalgo]",0,1,"",0,"MNCN",NA,NA,"(Latreille, 1806)",NA,NA
"Nomiapis","","diversipes",NA,"España","Alicante","Orihuela",NA,NA,NA,1905,NA,NA,NA,NA,"Andréu","P. Álvarez [Piluca Álvarez Fidalgo]",0,1,"",0,"MNCN",NA,NA,"(Latreille, 1806)",NA,NA
"Nomiapis","","diversipes",NA,"España","Alicante","Orihuela",NA,NA,NA,1905,NA,NA,NA,NA,"Andréu","P. Álvarez [Piluca Álvarez Fidalgo]",0,1,"",0,"MNCN",NA,NA,"(Latreille, 1806)",NA,NA
"Nomiapis","","diversipes",NA,"España","Granada","Lanjarón",NA,NA,NA,1920,7,3,NA,NA,"sin datos","P. Álvarez [Piluca Álvarez Fidalgo]",0,1,"",0,"MNCN",NA,NA,"(Latreille, 1806)",NA,NA
"Nomiapis","","diversipes",NA,"España","Madrid","Rivas-Vaciamadrid",NA,NA,NA,1900,NA,NA,NA,NA,"G. Mercet","P. Álvarez [Piluca Álvarez Fidalgo]",0,1,"Colección Gª Mercet",0,"MNCN",NA,NA,"(Latreille, 1806)",NA,NA
"Nomiapis","","diversipes",NA,"España","Madrid","Rivas-Vaciamadrid",NA,NA,NA,1933,5,27,NA,NA,"Dusmet","P. Álvarez [Piluca Álvarez Fidalgo]",1,0,"Colección Dusmet",0,"MNCN",NA,NA,"(Latreille, 1806)",NA,NA
"Nomiapis","","diversipes",NA,"España","Alicante","Orihuela",NA,NA,NA,1905,NA,NA,NA,NA,"Andréu","P. Álvarez [Piluca Álvarez Fidalgo]",1,0,"",0,"MNCN",NA,NA,"(Latreille, 1806)",NA,NA
"Nomiapis","","diversipes",NA,"España","Alicante","Orihuela",NA,NA,NA,1905,NA,NA,NA,NA,"Andréu","P. Álvarez [Piluca Álvarez Fidalgo]",0,1,"",0,"MNCN",NA,NA,"(Latreille, 1806)",NA,NA
"Nomiapis","","diversipes",NA,"España","Alicante","Orihuela",NA,NA,NA,1935,7,NA,NA,NA,"Andréu","P. Álvarez [Piluca Álvarez Fidalgo]",0,1,"",0,"MNCN",NA,NA,"(Latreille, 1806)",NA,NA
"Nomiapis","","diversipes",NA,"España","Alicante","Orihuela",NA,NA,NA,1935,7,NA,NA,NA,"Andréu","P. Álvarez [Piluca Álvarez Fidalgo]",0,1,"",0,"MNCN",NA,NA,"(Latreille, 1806)",NA,NA
"Nomiapis","","diversipes",NA,"España","Alicante","Orihuela",NA,NA,NA,1905,NA,NA,NA,NA,"Andréu","P. Álvarez [Piluca Álvarez Fidalgo]",0,1,"",0,"MNCN",NA,NA,"(Latreille, 1806)",NA,NA
"Nomiapis","","diversipes",NA,"España","Valencia","Valencia",NA,NA,NA,1905,NA,NA,NA,NA,"Moroder","P. Álvarez [Piluca Álvarez Fidalgo]",1,0,"",0,"MNCN",NA,NA,"(Latreille, 1806)",NA,NA
"Nomiapis","","diversipes",NA,"España","Valencia","Valencia",NA,NA,NA,1905,NA,NA,NA,NA,"Moroder","P. Álvarez [Piluca Álvarez Fidalgo]",0,1,"",0,"MNCN",NA,NA,"(Latreille, 1806)",NA,NA
"Nomiapis","","diversipes",NA,"España","Valencia","Valencia",NA,NA,NA,1905,NA,NA,NA,NA,"Moroder","P. Álvarez [Piluca Álvarez Fidalgo]",0,1,"",0,"MNCN",NA,NA,"(Latreille, 1806)",NA,NA
"Nomiapis","","diversipes",NA,"España","Valencia","Dehesa del Saler",NA,NA,NA,1930,NA,NA,NA,NA,"Giner Marí","P. Álvarez [Piluca Álvarez Fidalgo]",0,1,"",0,"MNCN",NA,NA,"(Latreille, 1806)",NA,NA
"Nomiapis","","diversipes",NA,"España","Valencia","Dehesa del Saler",NA,NA,NA,1930,NA,NA,NA,NA,"Giner Marí","P. Álvarez [Piluca Álvarez Fidalgo]",0,1,"",0,"MNCN",NA,NA,"(Latreille, 1806)",NA,NA
"Nomiapis","","diversipes",NA,"España","Valencia","Dehesa del Saler",NA,NA,NA,1930,NA,NA,NA,NA,"Giner Marí","P. Álvarez [Piluca Álvarez Fidalgo]",0,1,"",0,"MNCN",NA,NA,"(Latreille, 1806)",NA,NA
"Nomiapis","","diversipes",NA,"España","Ávila","Arenas de San Pedro",NA,NA,NA,1927,6,NA,NA,NA,"Fez. De Córdoba","P. Álvarez [Piluca Álvarez Fidalgo]",0,1,"",0,"MNCN",NA,NA,"(Latreille, 1806)",NA,NA
"Nomiapis","","diversipes",NA,"España","Ávila","Arenas de San Pedro",NA,NA,NA,1927,6,NA,NA,NA,"Fez. De Córdoba","P. Álvarez [Piluca Álvarez Fidalgo]",0,1,"",0,"MNCN",NA,NA,"(Latreille, 1806)",NA,NA
"Nomiapis","","diversipes",NA,"España","Ávila","Arenas de San Pedro",NA,NA,NA,1927,6,NA,NA,NA,"Fez. De Córdoba","P. Álvarez [Piluca Álvarez Fidalgo]",0,1,"",0,"MNCN",NA,NA,"(Latreille, 1806)",NA,NA
"Hylaeus","Prosopis","variegatus",NA,"España","Córdoba","Espiel",NA,NA,NA,1927,5,26,NA,NA,"A. Seyrig","P. Álvarez [Piluca Álvarez Fidalgo]",1,0,"Colección Dusmet",0,"MNCN",NA,NA,"(Fabricius, 1798)",NA,NA
"Hylaeus","Prosopis","variegatus",NA,"España","Córdoba","Espiel",NA,NA,NA,1927,5,26,NA,NA,"A. Seyrig","P. Álvarez [Piluca Álvarez Fidalgo]",1,0,"Colección Dusmet",0,"MNCN",NA,NA,"(Fabricius, 1798)",NA,NA
"Hylaeus","Prosopis","variegatus",NA,"España","Madrid","Rivas-Vaciamadrid",NA,NA,NA,1900,7,25,NA,NA,"Dusmet","P. Álvarez [Piluca Álvarez Fidalgo]",1,0,"",0,"MNCN",NA,NA,"(Fabricius, 1798)",NA,NA
"Hylaeus","Prosopis","variegatus",NA,"España","Madrid","Rivas-Vaciamadrid",NA,NA,NA,1900,7,25,NA,NA,"Dusmet","P. Álvarez [Piluca Álvarez Fidalgo]",1,0,"",0,"MNCN",NA,NA,"(Fabricius, 1798)",NA,NA
"Hylaeus","Prosopis","variegatus",NA,"España","Madrid","Madrid",NA,NA,NA,1900,NA,NA,NA,NA,"[Escalera]","P. Álvarez [Piluca Álvarez Fidalgo]",1,0,"",0,"MNCN",NA,NA,"(Fabricius, 1798)",NA,NA
"Hylaeus","Prosopis","variegatus",NA,"España","Madrid","Madrid, Casa de Campo",NA,NA,NA,1908,NA,NA,NA,NA,"A. Cabrera","P. Álvarez [Piluca Álvarez Fidalgo]",1,0,"",0,"MNCN",NA,NA,"(Fabricius, 1798)",NA,NA
"Hylaeus","Prosopis","variegatus",NA,"España","La Rioja","Logroño",NA,NA,NA,1921,9,19,NA,NA,"Dusmet","P. Álvarez [Piluca Álvarez Fidalgo]",1,0,"Colección Dusmet",0,"MNCN",NA,NA,"(Fabricius, 1798)",NA,NA
"Hylaeus","Prosopis","variegatus",NA,"España","Madrid","Aranjuez",NA,NA,NA,1912,5,26,NA,NA,"Dusmet","P. Álvarez [Piluca Álvarez Fidalgo]",1,0,"Colección Dusmet",0,"MNCN",NA,NA,"(Fabricius, 1798)",NA,NA
"Hylaeus","Prosopis","variegatus",NA,"España","Cáceres","Baños de Montemayor",NA,NA,NA,1907,6,NA,NA,NA,"Dusmet","P. Álvarez [Piluca Álvarez Fidalgo]",1,0,"Colección Dusmet",0,"MNCN",NA,NA,"(Fabricius, 1798)",NA,NA
"Hylaeus","Prosopis","variegatus",NA,"España","Cáceres","Baños de Montemayor",NA,NA,NA,1907,6,NA,NA,NA,"Dusmet","P. Álvarez [Piluca Álvarez Fidalgo]",1,0,"Colección Dusmet",0,"MNCN",NA,NA,"(Fabricius, 1798)",NA,NA
"Hylaeus","Prosopis","variegatus",NA,"España","Cáceres","Baños de Montemayor",NA,NA,NA,1907,6,NA,NA,NA,"Dusmet","P. Álvarez [Piluca Álvarez Fidalgo]",1,0,"Colección Dusmet",0,"MNCN",NA,NA,"(Fabricius, 1798)",NA,NA
"Hylaeus","Prosopis","variegatus",NA,"España","Tarragona","Tarragona",NA,NA,NA,1925,8,NA,NA,NA,"J.M. Dusmet","P. Álvarez [Piluca Álvarez Fidalgo]",1,0,"Colección Dusmet",0,"MNCN",NA,NA,"(Fabricius, 1798)",NA,NA
"Hylaeus","Prosopis","variegatus",NA,"España","Madrid","Villaverde",NA,NA,NA,1908,6,9,NA,NA,"Dusmet","P. Álvarez [Piluca Álvarez Fidalgo]",1,0,"Colección Dusmet",0,"MNCN",NA,NA,"(Fabricius, 1798)",NA,NA
"Hylaeus","Prosopis","variegatus",NA,"España","Madrid","El Pardo",NA,NA,NA,1908,6,15,NA,NA,"Dusmet","P. Álvarez [Piluca Álvarez Fidalgo]",1,0,"Colección Dusmet",0,"MNCN",NA,NA,"(Fabricius, 1798)",NA,NA
"Hylaeus","Prosopis","variegatus",NA,"España","Madrid","El Pardo",NA,NA,NA,1908,6,15,NA,NA,"Dusmet","P. Álvarez [Piluca Álvarez Fidalgo]",1,0,"Colección Dusmet",0,"MNCN",NA,NA,"(Fabricius, 1798)",NA,NA
"Hylaeus","Prosopis","variegatus",NA,"España","Madrid","El Pardo",NA,NA,NA,1908,6,15,NA,NA,"Dusmet","P. Álvarez [Piluca Álvarez Fidalgo]",1,0,"Colección Dusmet",0,"MNCN",NA,NA,"(Fabricius, 1798)",NA,NA
"Hylaeus","Prosopis","variegatus",NA,"España","Madrid","El Pardo",NA,NA,NA,1908,6,15,NA,NA,"Dusmet","P. Álvarez [Piluca Álvarez Fidalgo]",1,0,"Colección Dusmet",0,"MNCN",NA,NA,"(Fabricius, 1798)",NA,NA
"Hylaeus","Prosopis","variegatus",NA,"España","Madrid","El Pardo",NA,NA,NA,1908,6,15,NA,NA,"Dusmet","P. Álvarez [Piluca Álvarez Fidalgo]",1,0,"Colección Dusmet",0,"MNCN",NA,NA,"(Fabricius, 1798)",NA,NA
"Hylaeus","Prosopis","variegatus",NA,"España","Madrid","El Pardo",NA,NA,NA,1908,6,15,NA,NA,"Dusmet","P. Álvarez [Piluca Álvarez Fidalgo]",1,0,"Colección Dusmet",0,"MNCN",NA,NA,"(Fabricius, 1798)",NA,NA
"Hylaeus","Prosopis","variegatus",NA,"España","Madrid","El Pardo",NA,NA,NA,1908,6,15,NA,NA,"Dusmet","P. Álvarez [Piluca Álvarez Fidalgo]",1,0,"Colección Dusmet",0,"MNCN",NA,NA,"(Fabricius, 1798)",NA,NA
"Hylaeus","Prosopis","variegatus",NA,"España","Madrid","El Pardo",NA,NA,NA,1908,6,15,NA,NA,"Dusmet","P. Álvarez [Piluca Álvarez Fidalgo]",1,0,"Colección Dusmet",0,"MNCN",NA,NA,"(Fabricius, 1798)",NA,NA
"Hylaeus","Prosopis","variegatus",NA,"España","Madrid","El Pardo",NA,NA,NA,1911,7,9,NA,NA,"Dusmet","P. Álvarez [Piluca Álvarez Fidalgo]",0,1,"Colección Dusmet",0,"MNCN",NA,NA,"(Fabricius, 1798)",NA,NA
"Hylaeus","Prosopis","variegatus",NA,"España","Madrid","El Pardo",NA,NA,NA,1911,7,9,NA,NA,"Dusmet","P. Álvarez [Piluca Álvarez Fidalgo]",0,1,"Colección Dusmet",0,"MNCN",NA,NA,"(Fabricius, 1798)",NA,NA
"Hylaeus","Prosopis","variegatus",NA,"España","Madrid","El Pardo",NA,NA,NA,1909,7,31,NA,NA,"Dusmet","P. Álvarez [Piluca Álvarez Fidalgo]",0,1,"Colección Dusmet",0,"MNCN",NA,NA,"(Fabricius, 1798)",NA,NA
"Hylaeus","Prosopis","variegatus",NA,"España","Madrid","El Pardo",NA,NA,NA,1909,7,31,NA,NA,"Dusmet","P. Álvarez [Piluca Álvarez Fidalgo]",0,1,"Colección Dusmet",0,"MNCN",NA,NA,"(Fabricius, 1798)",NA,NA
"Hylaeus","Prosopis","variegatus",NA,"España","Madrid","El Pardo",NA,NA,NA,1909,7,31,NA,NA,"Dusmet","P. Álvarez [Piluca Álvarez Fidalgo]",0,1,"Colección Dusmet",0,"MNCN",NA,NA,"(Fabricius, 1798)",NA,NA
"Hylaeus","Prosopis","variegatus",NA,"España","Madrid","Rivas-Vaciamadrid",NA,NA,NA,1912,7,30,NA,NA,"Dusmet","P. Álvarez [Piluca Álvarez Fidalgo]",0,1,"Colección Dusmet",0,"MNCN",NA,NA,"(Fabricius, 1798)",NA,NA
"Hylaeus","Prosopis","variegatus",NA,"España","Madrid","Rivas-Vaciamadrid",NA,NA,NA,1912,7,30,NA,NA,"Dusmet","P. Álvarez [Piluca Álvarez Fidalgo]",0,1,"Colección Dusmet",0,"MNCN",NA,NA,"(Fabricius, 1798)",NA,NA
"Hylaeus","Prosopis","variegatus",NA,"España","Madrid","Rivas-Vaciamadrid",NA,NA,NA,1912,7,30,NA,NA,"Dusmet","P. Álvarez [Piluca Álvarez Fidalgo]",0,1,"Colección Dusmet",0,"MNCN",NA,NA,"(Fabricius, 1798)",NA,NA
"Hylaeus","Prosopis","variegatus",NA,"España","Madrid","Rivas-Vaciamadrid",NA,NA,NA,1909,6,24,NA,NA,"Dusmet","P. Álvarez [Piluca Álvarez Fidalgo]",0,1,"Colección Dusmet",0,"MNCN",NA,NA,"(Fabricius, 1798)",NA,NA
"Hylaeus","Prosopis","variegatus",NA,"España","Madrid","Aranjuez",NA,NA,NA,1913,6,4,NA,NA,"Dusmet","P. Álvarez [Piluca Álvarez Fidalgo]",0,1,"Colección Dusmet",0,"MNCN",NA,NA,"(Fabricius, 1798)",NA,NA
"Hylaeus","Prosopis","variegatus",NA,"España","Madrid","Aranjuez",NA,NA,NA,1913,6,4,NA,NA,"Dusmet","P. Álvarez [Piluca Álvarez Fidalgo]",0,1,"Colección Dusmet",0,"MNCN",NA,NA,"(Fabricius, 1798)",NA,NA
"Hylaeus","Prosopis","variegatus",NA,"España","Madrid","Aranjuez",NA,NA,NA,1913,6,4,NA,NA,"Dusmet","P. Álvarez [Piluca Álvarez Fidalgo]",1,0,"Colección Dusmet",0,"MNCN",NA,NA,"(Fabricius, 1798)",NA,NA
"Hylaeus","Prosopis","variegatus",NA,"España","Madrid","Aranjuez",NA,NA,NA,1913,6,4,NA,NA,"Dusmet","P. Álvarez [Piluca Álvarez Fidalgo]",1,0,"Colección Dusmet",0,"MNCN",NA,NA,"(Fabricius, 1798)",NA,NA
"Hylaeus","Prosopis","variegatus",NA,"España","Madrid","Aranjuez",NA,NA,NA,1913,6,4,NA,NA,"Dusmet","P. Álvarez [Piluca Álvarez Fidalgo]",1,0,"Colección Dusmet",0,"MNCN",NA,NA,"(Fabricius, 1798)",NA,NA
"Hylaeus","Prosopis","variegatus",NA,"España","Madrid","Rivas-Vaciamadrid",NA,NA,NA,1913,8,5,NA,NA,"Dusmet","P. Álvarez [Piluca Álvarez Fidalgo]",1,0,"Colección Dusmet",0,"MNCN",NA,NA,"(Fabricius, 1798)",NA,NA
"Hylaeus","Prosopis","variegatus",NA,"España","Madrid","Rivas-Vaciamadrid",NA,NA,NA,1908,6,23,NA,NA,"Dusmet","P. Álvarez [Piluca Álvarez Fidalgo]",1,0,"Colección Dusmet",0,"MNCN",NA,NA,"(Fabricius, 1798)",NA,NA
"Hylaeus","Prosopis","variegatus",NA,"España","Madrid","Rivas-Vaciamadrid",NA,NA,NA,1925,6,12,NA,NA,"Dusmet","P. Álvarez [Piluca Álvarez Fidalgo]",1,0,"Colección Dusmet",0,"MNCN",NA,NA,"(Fabricius, 1798)",NA,NA
"Hylaeus","Prosopis","variegatus",NA,"España","Madrid","Rivas-Vaciamadrid",NA,NA,NA,1925,6,12,NA,NA,"Dusmet","P. Álvarez [Piluca Álvarez Fidalgo]",1,0,"Colección Dusmet",0,"MNCN",NA,NA,"(Fabricius, 1798)",NA,NA
"Hylaeus","Prosopis","variegatus",NA,"España","Madrid","Rivas-Vaciamadrid",NA,NA,NA,1925,6,12,NA,NA,"Dusmet","P. Álvarez [Piluca Álvarez Fidalgo]",1,0,"Colección Dusmet",0,"MNCN",NA,NA,"(Fabricius, 1798)",NA,NA
"Hylaeus","Prosopis","variegatus",NA,"España","Madrid","San Lorenzo de El Escorial",NA,NA,NA,1911,6,24,NA,NA,"Dusmet","P. Álvarez [Piluca Álvarez Fidalgo]",1,0,"Colección Dusmet",0,"MNCN",NA,NA,"(Fabricius, 1798)",NA,NA
"Hylaeus","Prosopis","variegatus",NA,"España","Madrid","San Lorenzo de El Escorial",NA,NA,NA,1922,6,14,NA,NA,"Dusmet","P. Álvarez [Piluca Álvarez Fidalgo]",1,0,"Colección Dusmet",0,"MNCN",NA,NA,"(Fabricius, 1798)",NA,NA
"Hylaeus","Prosopis","variegatus",NA,"España","Madrid","San Lorenzo de El Escorial",NA,NA,NA,1912,6,16,NA,NA,"Dusmet","P. Álvarez [Piluca Álvarez Fidalgo]",1,0,"Colección Dusmet",0,"MNCN",NA,NA,"(Fabricius, 1798)",NA,NA
"Hylaeus","Prosopis","variegatus",NA,"España","Madrid","San Lorenzo de El Escorial",NA,NA,NA,1915,6,26,NA,NA,"Dusmet","P. Álvarez [Piluca Álvarez Fidalgo]",1,0,"Colección Dusmet",0,"MNCN",NA,NA,"(Fabricius, 1798)",NA,NA
"Ceratina","Euceratina","dallatorreana",NA,"España","Málaga","Mijas Costa",NA,NA,NA,2018,6,15,NA,NA,"F. Fresno","P. Álvarez [Piluca Álvarez Fidalgo]",1,0,"",0,"MNCN",NA,NA,"Friese, 1896",NA,NA
"Ceratina","Euceratina","dallatorreana",NA,"España","Málaga","Mijas Costa",NA,NA,NA,2018,6,17,NA,NA,"F. Fresno","P. Álvarez [Piluca Álvarez Fidalgo]",1,0,"",0,"MNCN",NA,NA,"Friese, 1896",NA,NA
"Ceratina","Dalyatina","parvula",NA,"España","Málaga","Mijas Costa",NA,NA,NA,2018,6,17,NA,NA,"F. Fresno","P. Álvarez [Piluca Álvarez Fidalgo]",1,0,"",0,"MNCN",NA,NA,"Smith, 1854",NA,NA
"Colletes","","pulchellus",NA,"España","Madrid","El Pardo",NA,NA,NA,1910,6,26,NA,NA,"Dusmet","P. Álvarez [Piluca Álvarez Fidalgo]",0,1,"Colección Dusmet",0,"MNCN",NA,NA,"Pérez, 1903",NA,NA
"Andrena","Simandrena","lepida",NA,"España","Valladolid","Zamadueñas",NA,NA,NA,1982,4,8,NA,NA,"sin datos","P. Álvarez [Piluca Álvarez Fidalgo]",1,0,"",0,"MNCN",NA,NA,"Schenck, 1861",NA,NA
"Anthidium","Anthidium","septemspinosum",NA,"España","Asturias","Pola de Lena",NA,NA,NA,2018,8,20,NA,NA,"F. Fresno","P. Álvarez [Piluca Álvarez Fidalgo]",0,1,"",0,"MNCN",NA,NA,"Lepeletier, 1841",NA,NA
"Anthidium","Anthidium","manicatum",NA,"España","Asturias","Columbiello",NA,NA,NA,2019,8,14,NA,NA,"F. Fresno","P. Álvarez [Piluca Álvarez Fidalgo]",0,1,"",0,"MNCN",NA,NA,"(Linnaeus, 1758)",NA,NA
"Anthidium","Anthidium","manicatum",NA,"España","Asturias","Vega del Rey",NA,NA,NA,2019,9,3,NA,NA,"F. Fresno","P. Álvarez [Piluca Álvarez Fidalgo]",0,1,"",0,"MNCN",NA,NA,"(Linnaeus, 1758)",NA,NA
"Anthidium","Anthidium","manicatum",NA,"España","Asturias","Vega del Rey",NA,NA,NA,2019,9,3,NA,NA,"F. Fresno","P. Álvarez [Piluca Álvarez Fidalgo]",1,0,"",0,"MNCN",NA,NA,"(Linnaeus, 1758)",NA,NA
"Panurgus","Panurgus","calcaratus",NA,"España","Asturias","Bao",NA,NA,NA,2018,8,22,NA,NA,"G. Pueyo y T. Frenso","P. Álvarez [Piluca Álvarez Fidalgo]",1,0,"",0,"MNCN",NA,NA,"(Scopoli, 1763)",NA,NA
"Panurgus","Panurgus","calcaratus",NA,"España","Málaga","Mijas Costa",NA,NA,NA,2018,6,10,NA,NA,"F. Frenso","P. Álvarez [Piluca Álvarez Fidalgo]",0,1,"",0,"MNCN",NA,NA,"(Scopoli, 1763)",NA,NA
"Panurgus","Panurgus","calcaratus",NA,"España","Málaga","Mijas Costa",NA,NA,NA,2018,6,10,NA,NA,"F. Frenso","P. Álvarez [Piluca Álvarez Fidalgo]",0,1,"",0,"MNCN",NA,NA,"(Scopoli, 1763)",NA,NA
"Panurgus","Panurgus","calcaratus",NA,"España","Asturias","Valle La Peral",NA,NA,NA,2018,8,6,NA,NA,"F. Frenso","P. Álvarez [Piluca Álvarez Fidalgo]",1,0,"",0,"MNCN",NA,NA,"(Scopoli, 1763)",NA,NA
"Panurgus","Panurgus","calcaratus",NA,"España","Málaga","Mijas Costa",NA,NA,NA,2018,6,11,NA,NA,"F. Frenso","P. Álvarez [Piluca Álvarez Fidalgo]",0,1,"",0,"MNCN",NA,NA,"(Scopoli, 1763)",NA,NA
"Nomiapis","","diversipes",NA,"España","Tarragona","La Cava",NA,NA,NA,1926,7,NA,NA,NA,"J. Gil","P. Álvarez [Piluca Álvarez Fidalgo]",0,1,"",0,"MNCN",NA,NA,"(Latreille, 1806)",NA,NA
"Nomiapis","","diversipes",NA,"España","Tarragona","Poblet",NA,NA,NA,1925,8,NA,NA,NA,"Dusmet","P. Álvarez [Piluca Álvarez Fidalgo]",0,1,"Colección Dusmet",0,"MNCN",NA,NA,"(Latreille, 1806)",NA,NA
"Nomiapis","","diversipes",NA,"España","Tarragona","Tarragona",NA,NA,NA,1925,8,NA,NA,NA,"J. M. Dusmet","P. Álvarez [Piluca Álvarez Fidalgo]",0,1,"Colección Dusmet",0,"MNCN",NA,NA,"(Latreille, 1806)",NA,NA
"Nomiapis","","diversipes",NA,"España","Barcelona","Centellas",NA,NA,NA,1912,NA,NA,NA,NA,"Mas de Xaxars","P. Álvarez [Piluca Álvarez Fidalgo]",0,1,"",0,"MNCN",NA,NA,"(Latreille, 1806)",NA,NA
"Nomiapis","","diversipes",NA,"España","Barcelona","Centellas",NA,NA,NA,1912,NA,NA,NA,NA,"Mas de Xaxars","P. Álvarez [Piluca Álvarez Fidalgo]",0,1,"",0,"MNCN",NA,NA,"(Latreille, 1806)",NA,NA
"Nomiapis","","diversipes",NA,"España","Barcelona","Centellas",NA,NA,NA,1912,NA,NA,NA,NA,"Mas de Xaxars","P. Álvarez [Piluca Álvarez Fidalgo]",1,0,"",0,"MNCN",NA,NA,"(Latreille, 1806)",NA,NA
"Nomiapis","","diversipes",NA,"España","Barcelona","Gavá",NA,NA,NA,1894,5,27,NA,NA,"C. Radoz (leg.?)","P. Álvarez [Piluca Álvarez Fidalgo]",1,0,"",0,"MNCN",NA,NA,"(Latreille, 1806)",NA,NA
"Nomiapis","","diversipes",NA,"España","Barcelona","Gavá",NA,NA,NA,1894,5,27,NA,NA,"sin datos","P. Álvarez [Piluca Álvarez Fidalgo]",1,0,"",0,"MNCN",NA,NA,"(Latreille, 1806)",NA,NA
"Nomiapis","","diversipes",NA,"España","Barcelona","Gavá",NA,NA,NA,1894,7,15,NA,NA,"sin datos","P. Álvarez [Piluca Álvarez Fidalgo]",1,0,"",0,"MNCN",NA,NA,"(Latreille, 1806)",NA,NA
"Nomiapis","","diversipes",NA,"España","Barcelona","Gavá",NA,NA,NA,1894,7,15,NA,NA,"sin datos","P. Álvarez [Piluca Álvarez Fidalgo]",0,1,"",0,"MNCN",NA,NA,"(Latreille, 1806)",NA,NA
"Nomiapis","","diversipes",NA,"España","Barcelona","Barcelona",NA,NA,NA,1895,6,22,NA,NA,"sin datos","P. Álvarez [Piluca Álvarez Fidalgo]",1,0,"",0,"MNCN",NA,NA,"(Latreille, 1806)",NA,NA
"Nomiapis","","diversipes",NA,"España","Barcelona","Barcelona",NA,NA,NA,1895,6,22,NA,NA,"sin datos","P. Álvarez [Piluca Álvarez Fidalgo]",1,0,"",0,"MNCN",NA,NA,"(Latreille, 1806)",NA,NA
"Nomiapis","","diversipes",NA,"España","Barcelona","Barcelona",NA,NA,NA,1894,6,10,NA,NA,"sin datos","P. Álvarez [Piluca Álvarez Fidalgo]",1,0,"",0,"MNCN",NA,NA,"(Latreille, 1806)",NA,NA
"Nomiapis","","diversipes",NA,"España","Barcelona","Barcelona",NA,NA,NA,1894,6,10,NA,NA,"sin datos","P. Álvarez [Piluca Álvarez Fidalgo]",1,0,"",0,"MNCN",NA,NA,"(Latreille, 1806)",NA,NA
"Nomiapis","","diversipes",NA,"España","Lérida","Sierra del Cadí",NA,NA,NA,1906,8,NA,NA,NA,"Arias","P. Álvarez [Piluca Álvarez Fidalgo]",0,1,"",0,"MNCN",NA,NA,"(Latreille, 1806)",NA,NA
"Nomiapis","","diversipes",NA,"España","Valencia","Godelleta",NA,NA,NA,1928,6,25,NA,NA,"Col: F. Z. Cervera","P. Álvarez [Piluca Álvarez Fidalgo]",0,1,"Colección Dusmet",0,"MNCN",NA,NA,"(Latreille, 1806)",NA,NA
"Nomiapis","","diversipes",NA,"España","Valencia","Godelleta",NA,NA,NA,1928,6,25,NA,NA,"Col: F. Z. Cervera","P. Álvarez [Piluca Álvarez Fidalgo]",0,1,"Colección Dusmet",0,"MNCN",NA,NA,"(Latreille, 1806)",NA,NA
"Nomiapis","","diversipes",NA,"España","Valencia","Godelleta",NA,NA,NA,1928,6,27,NA,NA,"Col: F. Z. Cervera","P. Álvarez [Piluca Álvarez Fidalgo]",0,1,"Colección Dusmet",0,"MNCN",NA,NA,"(Latreille, 1806)",NA,NA
"Nomiapis","","diversipes",NA,"España","Valencia","Godelleta",NA,NA,NA,1928,7,5,NA,NA,"Col: F. Z. Cervera","P. Álvarez [Piluca Álvarez Fidalgo]",0,1,"Colección Dusmet",0,"MNCN",NA,NA,"(Latreille, 1806)",NA,NA
"Nomiapis","","diversipes",NA,"España","Valencia","Godelleta",NA,NA,NA,1933,8,23,NA,NA,"Col: F. C. [Z.] Cervera","P. Álvarez [Piluca Álvarez Fidalgo]",0,1,"Colección Dusmet",0,"MNCN",NA,NA,"(Latreille, 1806)",NA,NA
"Nomiapis","","diversipes",NA,"España","Valencia","Godelleta",NA,NA,NA,1933,8,25,NA,NA,"Col: F. C. [Z.] Cervera","P. Álvarez [Piluca Álvarez Fidalgo]",0,1,"Colección Dusmet",0,"MNCN",NA,NA,"(Latreille, 1806)",NA,NA
"Nomiapis","","diversipes",NA,"España","Valencia","Godelleta",NA,NA,NA,1928,5,20,NA,NA,"Col: F. C. [Z.] Cervera","P. Álvarez [Piluca Álvarez Fidalgo]",1,0,"Colección Dusmet",0,"MNCN",NA,NA,"(Latreille, 1806)",NA,NA
"Nomiapis","","diversipes",NA,"España","Valencia","Godelleta",NA,NA,NA,1933,9,2,NA,NA,"Col: F. Z. Cervera","P. Álvarez [Piluca Álvarez Fidalgo]",1,0,"",0,"MNCN",NA,NA,"(Latreille, 1806)",NA,NA
"Nomiapis","","diversipes",NA,"España","Segovia","Sepúlveda",NA,NA,NA,1939,7,NA,NA,NA,"G. Ceballos","P. Álvarez [Piluca Álvarez Fidalgo]",0,1,"",0,"MNCN",NA,NA,"(Latreille, 1806)",NA,NA
"Nomiapis","","diversipes",NA,"España","Segovia","Sepúlveda",NA,NA,NA,1939,7,NA,NA,NA,"G. Ceballos","P. Álvarez [Piluca Álvarez Fidalgo]",0,1,"",0,"MNCN",NA,NA,"(Latreille, 1806)",NA,NA
"Nomiapis","","diversipes",NA,"España","Segovia","Sepúlveda",NA,NA,NA,1939,7,NA,NA,NA,"G. Ceballos","P. Álvarez [Piluca Álvarez Fidalgo]",0,1,"",0,"MNCN",NA,NA,"(Latreille, 1806)",NA,NA
"Nomiapis","","diversipes",NA,"España","Segovia","Sepúlveda",NA,NA,NA,1939,7,NA,NA,NA,"G. Ceballos","P. Álvarez [Piluca Álvarez Fidalgo]",0,1,"",0,"MNCN",NA,NA,"(Latreille, 1806)",NA,NA
"Nomiapis","","diversipes",NA,"España","Alicante","Bigastro",NA,NA,NA,1936,5,3,NA,NA,"Andréu","P. Álvarez [Piluca Álvarez Fidalgo]",0,1,"Colección Dusmet",0,"MNCN",NA,NA,"(Latreille, 1806)",NA,NA
"Nomiapis","","diversipes",NA,"España","Huesca","Barbastro",NA,NA,NA,1918,7,NA,NA,NA,"Dusmet","P. Álvarez [Piluca Álvarez Fidalgo]",0,1,"Colección Dusmet",0,"MNCN",NA,NA,"(Latreille, 1806)",NA,NA
"Nomiapis","","diversipes",NA,"España","Huesca","Sahún",NA,NA,NA,1929,7,2,NA,NA,"sin datos","P. Álvarez [Piluca Álvarez Fidalgo]",0,1,"Colección Dusmet",0,"MNCN",NA,NA,"(Latreille, 1806)",NA,NA
"Nomiapis","","diversipes",NA,"España","Madrid","El Ventorrillo",NA,NA,NA,1945,7,15,NA,NA,"Esteban","P. Álvarez [Piluca Álvarez Fidalgo]",0,1,"",0,"MNCN",NA,NA,"(Latreille, 1806)",NA,NA
"Nomiapis","","diversipes",NA,"España","Madrid","[El Ventorrillo]",NA,NA,NA,1945,7,15,NA,NA,"[Esteban]","P. Álvarez [Piluca Álvarez Fidalgo]",0,1,"",0,"MNCN",NA,NA,"(Latreille, 1806)",NA,NA
"Nomiapis","","diversipes",NA,"España","Madrid","[El Ventorrillo]",NA,NA,NA,1945,7,15,NA,NA,"[Esteban]","P. Álvarez [Piluca Álvarez Fidalgo]",0,1,"",0,"MNCN",NA,NA,"(Latreille, 1806)",NA,NA
"Nomiapis","","diversipes",NA,"España","Madrid","[El Ventorrillo]",NA,NA,NA,1945,7,15,NA,NA,"[Esteban]","P. Álvarez [Piluca Álvarez Fidalgo]",0,1,"",0,"MNCN",NA,NA,"(Latreille, 1806)",NA,NA
"Nomiapis","","diversipes",NA,"España","Madrid","[El Ventorrillo]",NA,NA,NA,1945,7,15,NA,NA,"[Esteban]","P. Álvarez [Piluca Álvarez Fidalgo]",0,1,"",0,"MNCN",NA,NA,"(Latreille, 1806)",NA,NA
"Nomiapis","","diversipes",NA,"España","Murcia","Cartagena",NA,NA,NA,1894,NA,NA,NA,NA,"Sanchez Gomez","P. Álvarez [Piluca Álvarez Fidalgo]",0,1,"",0,"MNCN",NA,NA,"(Latreille, 1806)",NA,NA
"Nomiapis","","diversipes",NA,"España","Barcelona","Barcelona",NA,NA,NA,1898,8,21,NA,NA,"sin datos","P. Álvarez [Piluca Álvarez Fidalgo]",0,1,"",0,"MNCN",NA,NA,"(Latreille, 1806)",NA,NA
"Nomiapis","","diversipes",NA,"España","Alicante","Orihuela",NA,NA,NA,1935,7,NA,NA,NA,"Andréu","P. Álvarez [Piluca Álvarez Fidalgo]",1,0,"Colección Dusmet",0,"MNCN",NA,NA,"(Latreille, 1806)",NA,NA
"Dufourea","Dufourea","trautmanni",NA,"España","Madrid","El Ventorrillo",NA,NA,NA,1990,5,23,NA,NA,"Nieves & Rey","P. Álvarez [Piluca Álvarez Fidalgo]",1,0,"",0,"MNCN",NA,NA,"Dusmet, 1935",NA,NA
"Dufourea","Dufourea","trautmanni",NA,"España","Madrid","El Ventorrillo",NA,NA,NA,1990,5,23,NA,NA,"Nieves & Rey","P. Álvarez [Piluca Álvarez Fidalgo]",1,0,"",0,"MNCN",NA,NA,"Dusmet, 1935",NA,NA
"Dufourea","Dufourea","trautmanni",NA,"España","Madrid","El Ventorrillo",NA,NA,NA,1990,5,23,NA,NA,"Nieves & Rey","P. Álvarez [Piluca Álvarez Fidalgo]",1,0,"",0,"MNCN",NA,NA,"Dusmet, 1935",NA,NA
"Dufourea","Dufourea","trautmanni",NA,"España","Madrid","El Ventorrillo",NA,NA,NA,1990,6,1,NA,NA,"Nieves & Rey","P. Álvarez [Piluca Álvarez Fidalgo]",1,0,"",0,"MNCN",NA,NA,"Dusmet, 1935",NA,NA
"Dufourea","Dufourea","trautmanni",NA,"España","Madrid","El Ventorrillo",NA,NA,NA,1990,6,1,NA,NA,"Nieves & Rey","P. Álvarez [Piluca Álvarez Fidalgo]",1,0,"",0,"MNCN",NA,NA,"Dusmet, 1935",NA,NA
"Dufourea","Dufourea","trautmanni",NA,"España","Madrid","El Pardo, El Goloso",NA,NA,NA,1991,5,8,NA,NA,"Nieves & Rey","P. Álvarez [Piluca Álvarez Fidalgo]",1,0,"",0,"MNCN",NA,NA,"Dusmet, 1935",NA,NA
"Dufourea","Dufourea","trautmanni",NA,"España","Madrid","El Pardo, El Goloso",NA,NA,NA,1991,5,8,NA,NA,"Nieves & Rey","P. Álvarez [Piluca Álvarez Fidalgo]",0,1,"",0,"MNCN",NA,NA,"Dusmet, 1935",NA,NA
"Dufourea","Dufourea","trautmanni",NA,"España","Madrid","El Pardo, El Goloso",NA,NA,NA,1991,5,8,NA,NA,"Nieves & Rey","P. Álvarez [Piluca Álvarez Fidalgo]",0,1,"",0,"MNCN",NA,NA,"Dusmet, 1935",NA,NA
"Dufourea","Dufourea","trautmanni",NA,"España","Madrid","El Pardo, El Goloso",NA,NA,NA,1991,5,8,NA,NA,"Nieves & Rey","P. Álvarez [Piluca Álvarez Fidalgo]",0,1,"",0,"MNCN",NA,NA,"Dusmet, 1935",NA,NA
"Dufourea","Dufourea","trautmanni",NA,"España","Madrid","El Pardo, El Goloso",NA,NA,NA,1991,5,16,NA,NA,"Nieves & Rey","P. Álvarez [Piluca Álvarez Fidalgo]",0,1,"",0,"MNCN",NA,NA,"Dusmet, 1935",NA,NA
"Dufourea","Dufourea","trautmanni",NA,"España","Madrid","El Pardo, El Goloso",NA,NA,NA,1991,5,16,NA,NA,"Nieves & Rey","P. Álvarez [Piluca Álvarez Fidalgo]",0,1,"",0,"MNCN",NA,NA,"Dusmet, 1935",NA,NA
"Dufourea","Dufourea","trautmanni",NA,"España","Madrid","El Pardo, El Goloso",NA,NA,NA,1991,5,16,NA,NA,"Nieves & Rey","P. Álvarez [Piluca Álvarez Fidalgo]",0,1,"",0,"MNCN",NA,NA,"Dusmet, 1935",NA,NA
"Dufourea","Dufourea","trautmanni",NA,"España","Madrid","El Pardo, El Goloso",NA,NA,NA,1991,5,16,NA,NA,"Nieves & Rey","P. Álvarez [Piluca Álvarez Fidalgo]",0,1,"",0,"MNCN",NA,NA,"Dusmet, 1935",NA,NA
"Dufourea","Dufourea","trautmanni",NA,"España","Madrid","El Pardo, El Goloso",NA,NA,NA,1991,5,16,NA,NA,"Nieves & Rey","P. Álvarez [Piluca Álvarez Fidalgo]",0,1,"",0,"MNCN",NA,NA,"Dusmet, 1935",NA,NA
"Dufourea","Dufourea","trautmanni",NA,"España","Madrid","El Pardo, El Goloso",NA,NA,NA,1991,5,16,NA,NA,"Nieves & Rey","P. Álvarez [Piluca Álvarez Fidalgo]",0,1,"",0,"MNCN",NA,NA,"Dusmet, 1935",NA,NA
"Dufourea","Dufourea","trautmanni",NA,"España","Madrid","El Pardo, El Goloso",NA,NA,NA,1991,5,16,NA,NA,"Nieves & Rey","P. Álvarez [Piluca Álvarez Fidalgo]",0,1,"",0,"MNCN",NA,NA,"Dusmet, 1935",NA,NA
"Dufourea","Dufourea","trautmanni",NA,"España","Madrid","El Pardo, El Goloso",NA,NA,NA,1991,5,16,NA,NA,"Nieves & Rey","P. Álvarez [Piluca Álvarez Fidalgo]",0,1,"",0,"MNCN",NA,NA,"Dusmet, 1935",NA,NA
"Dufourea","Dufourea","trautmanni",NA,"España","Madrid","El Pardo, El Goloso",NA,NA,NA,1991,5,16,NA,NA,"Nieves & Rey","P. Álvarez [Piluca Álvarez Fidalgo]",0,1,"",0,"MNCN",NA,NA,"Dusmet, 1935",NA,NA
"Dufourea","Dufourea","trautmanni",NA,"España","Madrid","El Pardo, El Goloso",NA,NA,NA,1991,5,16,NA,NA,"Nieves & Rey","P. Álvarez [Piluca Álvarez Fidalgo]",0,1,"",0,"MNCN",NA,NA,"Dusmet, 1935",NA,NA
"Dufourea","Dufourea","trautmanni",NA,"España","Madrid","El Pardo, El Goloso",NA,NA,NA,1991,5,16,NA,NA,"Nieves & Rey","P. Álvarez [Piluca Álvarez Fidalgo]",0,1,"",0,"MNCN",NA,NA,"Dusmet, 1935",NA,NA
"Dufourea","Dufourea","trautmanni",NA,"España","Madrid","El Pardo, El Goloso",NA,NA,NA,1991,5,16,NA,NA,"Nieves & Rey","P. Álvarez [Piluca Álvarez Fidalgo]",0,1,"",0,"MNCN",NA,NA,"Dusmet, 1935",NA,NA
"Dufourea","Dufourea","trautmanni",NA,"España","Madrid","El Pardo, El Goloso",NA,NA,NA,1991,5,16,NA,NA,"Nieves & Rey","P. Álvarez [Piluca Álvarez Fidalgo]",0,1,"",0,"MNCN",NA,NA,"Dusmet, 1935",NA,NA
"Dufourea","Dufourea","trautmanni",NA,"España","Madrid","El Pardo, El Goloso",NA,NA,NA,1991,5,16,NA,NA,"Nieves & Rey","P. Álvarez [Piluca Álvarez Fidalgo]",0,1,"",0,"MNCN",NA,NA,"Dusmet, 1935",NA,NA
"Dufourea","Dufourea","trautmanni",NA,"España","Madrid","El Pardo, El Goloso",NA,NA,NA,1991,5,16,NA,NA,"Nieves & Rey","P. Álvarez [Piluca Álvarez Fidalgo]",0,1,"",0,"MNCN",NA,NA,"Dusmet, 1935",NA,NA
"Dufourea","Dufourea","trautmanni",NA,"España","Madrid","El Pardo, El Goloso",NA,NA,NA,1991,5,16,NA,NA,"Nieves & Rey","P. Álvarez [Piluca Álvarez Fidalgo]",0,1,"",0,"MNCN",NA,NA,"Dusmet, 1935",NA,NA
"Dufourea","Dufourea","trautmanni",NA,"España","Madrid","El Pardo, El Goloso",NA,NA,NA,1991,5,16,NA,NA,"Nieves & Rey","P. Álvarez [Piluca Álvarez Fidalgo]",0,1,"",0,"MNCN",NA,NA,"Dusmet, 1935",NA,NA
"Dufourea","Dufourea","trautmanni",NA,"España","Madrid","El Pardo, El Goloso",NA,NA,NA,1991,5,16,NA,NA,"Nieves & Rey","P. Álvarez [Piluca Álvarez Fidalgo]",0,1,"",0,"MNCN",NA,NA,"Dusmet, 1935",NA,NA
"Dufourea","Dufourea","trautmanni",NA,"España","Madrid","El Pardo, El Goloso",NA,NA,NA,1991,5,16,NA,NA,"Nieves & Rey","P. Álvarez [Piluca Álvarez Fidalgo]",0,1,"",0,"MNCN",NA,NA,"Dusmet, 1935",NA,NA
"Dufourea","Dufourea","trautmanni",NA,"España","Madrid","El Pardo, El Goloso",NA,NA,NA,1991,5,16,NA,NA,"Nieves & Rey","P. Álvarez [Piluca Álvarez Fidalgo]",1,0,"",0,"MNCN",NA,NA,"Dusmet, 1935",NA,NA
"Dufourea","Dufourea","trautmanni",NA,"España","Madrid","El Pardo, El Goloso",NA,NA,NA,1991,5,16,NA,NA,"Nieves & Rey","P. Álvarez [Piluca Álvarez Fidalgo]",1,0,"",0,"MNCN",NA,NA,"Dusmet, 1935",NA,NA
"Dufourea","Dufourea","trautmanni",NA,"España","Madrid","El Pardo, El Goloso",NA,NA,NA,1991,5,16,NA,NA,"Nieves & Rey","P. Álvarez [Piluca Álvarez Fidalgo]",1,0,"",0,"MNCN",NA,NA,"Dusmet, 1935",NA,NA
"Dufourea","Dufourea","trautmanni",NA,"España","Madrid","El Pardo, El Goloso",NA,NA,NA,1991,5,16,NA,NA,"Nieves & Rey","P. Álvarez [Piluca Álvarez Fidalgo]",1,0,"",0,"MNCN",NA,NA,"Dusmet, 1935",NA,NA
"Dufourea","Dufourea","trautmanni",NA,"España","Madrid","El Pardo, El Goloso",NA,NA,NA,1991,5,16,NA,NA,"Nieves & Rey","P. Álvarez [Piluca Álvarez Fidalgo]",1,0,"",0,"MNCN",NA,NA,"Dusmet, 1935",NA,NA
"Dufourea","Dufourea","trautmanni",NA,"España","Madrid","El Pardo, El Goloso",NA,NA,NA,1991,5,16,NA,NA,"Nieves & Rey","P. Álvarez [Piluca Álvarez Fidalgo]",1,0,"",0,"MNCN",NA,NA,"Dusmet, 1935",NA,NA
"Dufourea","Dufourea","trautmanni",NA,"España","Madrid","El Pardo, El Goloso",NA,NA,NA,1991,5,16,NA,NA,"Nieves & Rey","P. Álvarez [Piluca Álvarez Fidalgo]",1,0,"",0,"MNCN",NA,NA,"Dusmet, 1935",NA,NA
"Dufourea","Dufourea","trautmanni",NA,"España","Madrid","El Pardo, El Goloso",NA,NA,NA,1991,5,16,NA,NA,"Nieves & Rey","P. Álvarez [Piluca Álvarez Fidalgo]",1,0,"",0,"MNCN",NA,NA,"Dusmet, 1935",NA,NA
"Dufourea","Dufourea","trautmanni",NA,"España","Madrid","El Pardo, El Goloso",NA,NA,NA,1991,5,16,NA,NA,"Nieves & Rey","P. Álvarez [Piluca Álvarez Fidalgo]",1,0,"",0,"MNCN",NA,NA,"Dusmet, 1935",NA,NA
"Dufourea","Dufourea","trautmanni",NA,"España","Madrid","El Pardo, El Goloso",NA,NA,NA,1991,5,16,NA,NA,"Nieves & Rey","P. Álvarez [Piluca Álvarez Fidalgo]",1,0,"",0,"MNCN",NA,NA,"Dusmet, 1935",NA,NA
"Dufourea","Dufourea","trautmanni",NA,"España","Madrid","El Pardo, El Goloso",NA,NA,NA,1991,5,16,NA,NA,"Nieves & Rey","P. Álvarez [Piluca Álvarez Fidalgo]",1,0,"",0,"MNCN",NA,NA,"Dusmet, 1935",NA,NA
"Dufourea","Dufourea","trautmanni",NA,"España","Madrid","El Pardo, El Goloso",NA,NA,NA,1991,5,24,NA,NA,"Nieves & Rey","P. Álvarez [Piluca Álvarez Fidalgo]",0,1,"",0,"MNCN",NA,NA,"Dusmet, 1935",NA,NA
"Dufourea","Dufourea","trautmanni",NA,"España","Madrid","El Pardo, El Goloso",NA,NA,NA,1991,5,24,NA,NA,"Nieves & Rey","P. Álvarez [Piluca Álvarez Fidalgo]",0,1,"",0,"MNCN",NA,NA,"Dusmet, 1935",NA,NA
"Dufourea","Dufourea","trautmanni",NA,"España","Madrid","El Pardo, El Goloso",NA,NA,NA,1991,5,24,NA,NA,"Nieves & Rey","P. Álvarez [Piluca Álvarez Fidalgo]",0,1,"",0,"MNCN",NA,NA,"Dusmet, 1935",NA,NA
"Dufourea","Dufourea","trautmanni",NA,"España","Madrid","El Pardo, El Goloso",NA,NA,NA,1991,5,24,NA,NA,"Nieves & Rey","P. Álvarez [Piluca Álvarez Fidalgo]",0,1,"",0,"MNCN",NA,NA,"Dusmet, 1935",NA,NA
"Dufourea","Dufourea","trautmanni",NA,"España","Madrid","El Pardo, El Goloso",NA,NA,NA,1991,5,24,NA,NA,"Nieves & Rey","P. Álvarez [Piluca Álvarez Fidalgo]",0,1,"",0,"MNCN",NA,NA,"Dusmet, 1935",NA,NA
"Dufourea","Dufourea","trautmanni",NA,"España","Madrid","El Pardo, El Goloso",NA,NA,NA,1991,5,24,NA,NA,"Nieves & Rey","P. Álvarez [Piluca Álvarez Fidalgo]",0,1,"",0,"MNCN",NA,NA,"Dusmet, 1935",NA,NA
"Dufourea","Dufourea","trautmanni",NA,"España","Madrid","El Pardo, El Goloso",NA,NA,NA,1991,5,24,NA,NA,"Nieves & Rey","P. Álvarez [Piluca Álvarez Fidalgo]",0,1,"",0,"MNCN",NA,NA,"Dusmet, 1935",NA,NA
"Dufourea","Dufourea","trautmanni",NA,"España","Madrid","El Pardo, El Goloso",NA,NA,NA,1991,5,24,NA,NA,"Nieves & Rey","P. Álvarez [Piluca Álvarez Fidalgo]",0,1,"",0,"MNCN",NA,NA,"Dusmet, 1935",NA,NA
"Dufourea","Dufourea","trautmanni",NA,"España","Madrid","El Pardo, El Goloso",NA,NA,NA,1991,5,24,NA,NA,"Nieves & Rey","P. Álvarez [Piluca Álvarez Fidalgo]",0,1,"",0,"MNCN",NA,NA,"Dusmet, 1935",NA,NA
"Dufourea","Dufourea","trautmanni",NA,"España","Madrid","El Pardo, El Goloso",NA,NA,NA,1991,5,24,NA,NA,"Nieves & Rey","P. Álvarez [Piluca Álvarez Fidalgo]",0,1,"",0,"MNCN",NA,NA,"Dusmet, 1935",NA,NA
"Dufourea","Dufourea","trautmanni",NA,"España","Madrid","El Pardo, El Goloso",NA,NA,NA,1991,5,24,NA,NA,"Nieves & Rey","P. Álvarez [Piluca Álvarez Fidalgo]",0,1,"",0,"MNCN",NA,NA,"Dusmet, 1935",NA,NA
"Dufourea","Dufourea","trautmanni",NA,"España","Madrid","El Pardo, El Goloso",NA,NA,NA,1991,5,24,NA,NA,"Nieves & Rey","P. Álvarez [Piluca Álvarez Fidalgo]",0,1,"",0,"MNCN",NA,NA,"Dusmet, 1935",NA,NA
"Dufourea","Dufourea","trautmanni",NA,"España","Madrid","El Pardo, El Goloso",NA,NA,NA,1991,5,24,NA,NA,"Nieves & Rey","P. Álvarez [Piluca Álvarez Fidalgo]",0,1,"",0,"MNCN",NA,NA,"Dusmet, 1935",NA,NA
"Dufourea","Dufourea","trautmanni",NA,"España","Madrid","El Pardo, El Goloso",NA,NA,NA,1991,5,24,NA,NA,"Nieves & Rey","P. Álvarez [Piluca Álvarez Fidalgo]",0,1,"",0,"MNCN",NA,NA,"Dusmet, 1935",NA,NA
"Dufourea","Dufourea","trautmanni",NA,"España","Madrid","El Pardo, El Goloso",NA,NA,NA,1991,5,24,NA,NA,"Nieves & Rey","P. Álvarez [Piluca Álvarez Fidalgo]",0,1,"",0,"MNCN",NA,NA,"Dusmet, 1935",NA,NA
"Dufourea","Dufourea","trautmanni",NA,"España","Madrid","El Pardo, El Goloso",NA,NA,NA,1991,5,24,NA,NA,"Nieves & Rey","P. Álvarez [Piluca Álvarez Fidalgo]",0,1,"",0,"MNCN",NA,NA,"Dusmet, 1935",NA,NA
"Dufourea","Dufourea","trautmanni",NA,"España","Madrid","El Pardo, El Goloso",NA,NA,NA,1991,5,24,NA,NA,"Nieves & Rey","P. Álvarez [Piluca Álvarez Fidalgo]",0,1,"",0,"MNCN",NA,NA,"Dusmet, 1935",NA,NA
"Dufourea","Dufourea","trautmanni",NA,"España","Madrid","El Pardo, El Goloso",NA,NA,NA,1991,5,24,NA,NA,"Nieves & Rey","P. Álvarez [Piluca Álvarez Fidalgo]",0,1,"",0,"MNCN",NA,NA,"Dusmet, 1935",NA,NA
"Dufourea","Dufourea","trautmanni",NA,"España","Madrid","El Pardo, El Goloso",NA,NA,NA,1991,5,24,NA,NA,"Nieves & Rey","P. Álvarez [Piluca Álvarez Fidalgo]",0,1,"",0,"MNCN",NA,NA,"Dusmet, 1935",NA,NA
"Dufourea","Dufourea","trautmanni",NA,"España","Madrid","El Pardo, El Goloso",NA,NA,NA,1991,5,24,NA,NA,"Nieves & Rey","P. Álvarez [Piluca Álvarez Fidalgo]",0,1,"",0,"MNCN",NA,NA,"Dusmet, 1935",NA,NA
"Dufourea","Dufourea","trautmanni",NA,"España","Madrid","El Pardo, El Goloso",NA,NA,NA,1991,5,24,NA,NA,"Nieves & Rey","P. Álvarez [Piluca Álvarez Fidalgo]",0,1,"",0,"MNCN",NA,NA,"Dusmet, 1935",NA,NA
"Dufourea","Dufourea","trautmanni",NA,"España","Madrid","El Pardo, El Goloso",NA,NA,NA,1991,5,24,NA,NA,"Nieves & Rey","P. Álvarez [Piluca Álvarez Fidalgo]",0,1,"",0,"MNCN",NA,NA,"Dusmet, 1935",NA,NA
"Dufourea","Dufourea","trautmanni",NA,"España","Madrid","El Pardo, El Goloso",NA,NA,NA,1991,5,24,NA,NA,"Nieves & Rey","P. Álvarez [Piluca Álvarez Fidalgo]",0,1,"",0,"MNCN",NA,NA,"Dusmet, 1935",NA,NA
"Dufourea","Dufourea","trautmanni",NA,"España","Madrid","El Pardo, El Goloso",NA,NA,NA,1991,5,24,NA,NA,"Nieves & Rey","P. Álvarez [Piluca Álvarez Fidalgo]",0,1,"",0,"MNCN",NA,NA,"Dusmet, 1935",NA,NA
"Dufourea","Dufourea","trautmanni",NA,"España","Madrid","El Pardo, El Goloso",NA,NA,NA,1991,5,24,NA,NA,"Nieves & Rey","P. Álvarez [Piluca Álvarez Fidalgo]",0,1,"",0,"MNCN",NA,NA,"Dusmet, 1935",NA,NA
"Dufourea","Dufourea","trautmanni",NA,"España","Madrid","El Pardo, El Goloso",NA,NA,NA,1991,5,24,NA,NA,"Nieves & Rey","P. Álvarez [Piluca Álvarez Fidalgo]",0,1,"",0,"MNCN",NA,NA,"Dusmet, 1935",NA,NA
"Dufourea","Dufourea","trautmanni",NA,"España","Madrid","El Pardo, El Goloso",NA,NA,NA,1991,5,24,NA,NA,"Nieves & Rey","P. Álvarez [Piluca Álvarez Fidalgo]",0,1,"",0,"MNCN",NA,NA,"Dusmet, 1935",NA,NA
"Dufourea","Dufourea","trautmanni",NA,"España","Madrid","El Pardo, El Goloso",NA,NA,NA,1991,5,24,NA,NA,"Nieves & Rey","P. Álvarez [Piluca Álvarez Fidalgo]",0,1,"",0,"MNCN",NA,NA,"Dusmet, 1935",NA,NA
"Dufourea","Dufourea","trautmanni",NA,"España","Madrid","El Pardo, El Goloso",NA,NA,NA,1991,5,24,NA,NA,"Nieves & Rey","P. Álvarez [Piluca Álvarez Fidalgo]",0,1,"",0,"MNCN",NA,NA,"Dusmet, 1935",NA,NA
"Dufourea","Dufourea","trautmanni",NA,"España","Madrid","El Pardo, El Goloso",NA,NA,NA,1991,5,24,NA,NA,"Nieves & Rey","P. Álvarez [Piluca Álvarez Fidalgo]",0,1,"",0,"MNCN",NA,NA,"Dusmet, 1935",NA,NA
"Dufourea","Dufourea","trautmanni",NA,"España","Madrid","El Pardo, El Goloso",NA,NA,NA,1991,5,24,NA,NA,"Nieves & Rey","P. Álvarez [Piluca Álvarez Fidalgo]",0,1,"",0,"MNCN",NA,NA,"Dusmet, 1935",NA,NA
"Dufourea","Dufourea","trautmanni",NA,"España","Madrid","El Pardo, El Goloso",NA,NA,NA,1991,5,24,NA,NA,"Nieves & Rey","P. Álvarez [Piluca Álvarez Fidalgo]",0,1,"",0,"MNCN",NA,NA,"Dusmet, 1935",NA,NA
"Dufourea","Dufourea","trautmanni",NA,"España","Madrid","El Pardo, El Goloso",NA,NA,NA,1991,5,24,NA,NA,"Nieves & Rey","P. Álvarez [Piluca Álvarez Fidalgo]",0,1,"",0,"MNCN",NA,NA,"Dusmet, 1935",NA,NA
"Dufourea","Dufourea","trautmanni",NA,"España","Madrid","El Pardo, El Goloso",NA,NA,NA,1991,5,24,NA,NA,"Nieves & Rey","P. Álvarez [Piluca Álvarez Fidalgo]",0,1,"",0,"MNCN",NA,NA,"Dusmet, 1935",NA,NA
"Dufourea","Dufourea","trautmanni",NA,"España","Madrid","El Pardo, El Goloso",NA,NA,NA,1991,5,24,NA,NA,"Nieves & Rey","P. Álvarez [Piluca Álvarez Fidalgo]",0,1,"",0,"MNCN",NA,NA,"Dusmet, 1935",NA,NA
"Dufourea","Dufourea","trautmanni",NA,"España","Madrid","El Pardo, El Goloso",NA,NA,NA,1991,5,24,NA,NA,"Nieves & Rey","P. Álvarez [Piluca Álvarez Fidalgo]",0,1,"",0,"MNCN",NA,NA,"Dusmet, 1935",NA,NA
"Dufourea","Dufourea","trautmanni",NA,"España","Madrid","El Pardo, El Goloso",NA,NA,NA,1991,5,24,NA,NA,"Nieves & Rey","P. Álvarez [Piluca Álvarez Fidalgo]",0,1,"",0,"MNCN",NA,NA,"Dusmet, 1935",NA,NA
"Dufourea","Dufourea","trautmanni",NA,"España","Madrid","El Pardo, El Goloso",NA,NA,NA,1991,5,24,NA,NA,"Nieves & Rey","P. Álvarez [Piluca Álvarez Fidalgo]",0,1,"",0,"MNCN",NA,NA,"Dusmet, 1935",NA,NA
"Dufourea","Dufourea","trautmanni",NA,"España","Madrid","El Pardo, El Goloso",NA,NA,NA,1991,5,24,NA,NA,"Nieves & Rey","P. Álvarez [Piluca Álvarez Fidalgo]",1,0,"",0,"MNCN",NA,NA,"Dusmet, 1935",NA,NA
"Dufourea","Dufourea","trautmanni",NA,"España","Madrid","El Pardo, El Goloso",NA,NA,NA,1991,5,24,NA,NA,"Nieves & Rey","P. Álvarez [Piluca Álvarez Fidalgo]",1,0,"",0,"MNCN",NA,NA,"Dusmet, 1935",NA,NA
"Dufourea","Dufourea","trautmanni",NA,"España","Madrid","El Pardo, El Goloso",NA,NA,NA,1991,5,24,NA,NA,"Nieves & Rey","P. Álvarez [Piluca Álvarez Fidalgo]",1,0,"",0,"MNCN",NA,NA,"Dusmet, 1935",NA,NA
"Dufourea","Dufourea","trautmanni",NA,"España","Madrid","El Pardo, El Goloso",NA,NA,NA,1991,5,24,NA,NA,"Nieves & Rey","P. Álvarez [Piluca Álvarez Fidalgo]",1,0,"",0,"MNCN",NA,NA,"Dusmet, 1935",NA,NA
"Dufourea","Dufourea","trautmanni",NA,"España","Madrid","El Pardo, El Goloso",NA,NA,NA,1991,5,24,NA,NA,"Nieves & Rey","P. Álvarez [Piluca Álvarez Fidalgo]",1,0,"",0,"MNCN",NA,NA,"Dusmet, 1935",NA,NA
"Dufourea","Dufourea","trautmanni",NA,"España","Madrid","El Pardo, El Goloso",NA,NA,NA,1991,5,24,NA,NA,"Nieves & Rey","P. Álvarez [Piluca Álvarez Fidalgo]",1,0,"",0,"MNCN",NA,NA,"Dusmet, 1935",NA,NA
"Dufourea","Dufourea","trautmanni",NA,"España","Madrid","El Pardo, El Goloso",NA,NA,NA,1991,5,24,NA,NA,"Nieves & Rey","P. Álvarez [Piluca Álvarez Fidalgo]",1,0,"",0,"MNCN",NA,NA,"Dusmet, 1935",NA,NA
"Dufourea","Dufourea","trautmanni",NA,"España","Madrid","El Pardo, El Goloso",NA,NA,NA,1991,5,24,NA,NA,"Nieves & Rey","P. Álvarez [Piluca Álvarez Fidalgo]",1,0,"",0,"MNCN",NA,NA,"Dusmet, 1935",NA,NA
"Dufourea","Dufourea","trautmanni",NA,"España","Madrid","El Pardo, El Goloso",NA,NA,NA,1991,5,24,NA,NA,"Nieves & Rey","P. Álvarez [Piluca Álvarez Fidalgo]",1,0,"",0,"MNCN",NA,NA,"Dusmet, 1935",NA,NA
"Dufourea","Dufourea","trautmanni",NA,"España","Madrid","El Pardo, El Goloso",NA,NA,NA,1991,5,24,NA,NA,"Nieves & Rey","P. Álvarez [Piluca Álvarez Fidalgo]",1,0,"",0,"MNCN",NA,NA,"Dusmet, 1935",NA,NA
"Dufourea","Dufourea","trautmanni",NA,"España","Madrid","El Pardo, El Goloso",NA,NA,NA,1991,5,24,NA,NA,"Nieves & Rey","P. Álvarez [Piluca Álvarez Fidalgo]",1,0,"",0,"MNCN",NA,NA,"Dusmet, 1935",NA,NA
"Dufourea","Dufourea","trautmanni",NA,"España","Madrid","El Pardo, El Goloso",NA,NA,NA,1991,5,24,NA,NA,"Nieves & Rey","P. Álvarez [Piluca Álvarez Fidalgo]",1,0,"",0,"MNCN",NA,NA,"Dusmet, 1935",NA,NA
"Dufourea","Dufourea","trautmanni",NA,"España","Madrid","El Pardo, El Goloso",NA,NA,NA,1991,5,24,NA,NA,"Nieves & Rey","P. Álvarez [Piluca Álvarez Fidalgo]",1,0,"",0,"MNCN",NA,NA,"Dusmet, 1935",NA,NA
"Dufourea","Dufourea","trautmanni",NA,"España","Madrid","El Pardo, El Goloso",NA,NA,NA,1991,6,1,NA,NA,"Nieves & Rey","P. Álvarez [Piluca Álvarez Fidalgo]",1,0,"",0,"MNCN",NA,NA,"Dusmet, 1935",NA,NA
"Dufourea","Dufourea","trautmanni",NA,"España","Madrid","El Pardo, El Goloso",NA,NA,NA,1991,6,1,NA,NA,"Nieves & Rey","P. Álvarez [Piluca Álvarez Fidalgo]",1,0,"",0,"MNCN",NA,NA,"Dusmet, 1935",NA,NA
"Dufourea","Dufourea","trautmanni",NA,"España","Madrid","El Pardo, El Goloso",NA,NA,NA,1991,6,1,NA,NA,"Nieves & Rey","P. Álvarez [Piluca Álvarez Fidalgo]",1,0,"",0,"MNCN",NA,NA,"Dusmet, 1935",NA,NA
"Dufourea","Dufourea","trautmanni",NA,"España","Madrid","El Pardo, El Goloso",NA,NA,NA,1991,6,1,NA,NA,"Nieves & Rey","P. Álvarez [Piluca Álvarez Fidalgo]",1,0,"",0,"MNCN",NA,NA,"Dusmet, 1935",NA,NA
"Dufourea","Dufourea","trautmanni",NA,"España","Madrid","El Pardo, El Goloso",NA,NA,NA,1991,6,1,NA,NA,"Nieves & Rey","P. Álvarez [Piluca Álvarez Fidalgo]",0,1,"",0,"MNCN",NA,NA,"Dusmet, 1935",NA,NA
"Dufourea","Dufourea","trautmanni",NA,"España","Madrid","El Pardo, El Goloso",NA,NA,NA,1991,6,1,NA,NA,"Nieves & Rey","P. Álvarez [Piluca Álvarez Fidalgo]",0,1,"",0,"MNCN",NA,NA,"Dusmet, 1935",NA,NA
"Dufourea","Dufourea","trautmanni",NA,"España","Madrid","El Pardo, El Goloso",NA,NA,NA,1991,6,1,NA,NA,"Nieves & Rey","P. Álvarez [Piluca Álvarez Fidalgo]",0,1,"",0,"MNCN",NA,NA,"Dusmet, 1935",NA,NA
"Dufourea","Dufourea","trautmanni",NA,"España","Madrid","El Pardo, El Goloso",NA,NA,NA,1991,6,1,NA,NA,"Nieves & Rey","P. Álvarez [Piluca Álvarez Fidalgo]",0,1,"",0,"MNCN",NA,NA,"Dusmet, 1935",NA,NA
"Dufourea","Dufourea","trautmanni",NA,"España","Madrid","El Pardo, El Goloso",NA,NA,NA,1991,6,1,NA,NA,"Nieves & Rey","P. Álvarez [Piluca Álvarez Fidalgo]",0,1,"",0,"MNCN",NA,NA,"Dusmet, 1935",NA,NA
"Dufourea","Dufourea","trautmanni",NA,"España","Madrid","El Pardo, El Goloso",NA,NA,NA,1991,6,1,NA,NA,"Nieves & Rey","P. Álvarez [Piluca Álvarez Fidalgo]",0,1,"",0,"MNCN",NA,NA,"Dusmet, 1935",NA,NA
"Dufourea","Dufourea","trautmanni",NA,"España","Madrid","El Pardo, El Goloso",NA,NA,NA,1991,6,1,NA,NA,"Nieves & Rey","P. Álvarez [Piluca Álvarez Fidalgo]",0,1,"",0,"MNCN",NA,NA,"Dusmet, 1935",NA,NA
"Dufourea","Dufourea","trautmanni",NA,"España","Madrid","El Pardo, El Goloso",NA,NA,NA,1991,6,1,NA,NA,"Nieves & Rey","P. Álvarez [Piluca Álvarez Fidalgo]",0,1,"",0,"MNCN",NA,NA,"Dusmet, 1935",NA,NA
"Dufourea","Dufourea","trautmanni",NA,"España","Madrid","El Pardo, El Goloso",NA,NA,NA,1991,6,1,NA,NA,"Nieves & Rey","P. Álvarez [Piluca Álvarez Fidalgo]",0,1,"",0,"MNCN",NA,NA,"Dusmet, 1935",NA,NA
"Dufourea","Dufourea","trautmanni",NA,"España","Madrid","El Pardo, El Goloso",NA,NA,NA,1991,6,1,NA,NA,"Nieves & Rey","P. Álvarez [Piluca Álvarez Fidalgo]",0,1,"",0,"MNCN",NA,NA,"Dusmet, 1935",NA,NA
"Dufourea","Dufourea","trautmanni",NA,"España","Madrid","El Pardo, El Goloso",NA,NA,NA,1991,6,1,NA,NA,"Nieves & Rey","P. Álvarez [Piluca Álvarez Fidalgo]",0,1,"",0,"MNCN",NA,NA,"Dusmet, 1935",NA,NA
"Dufourea","Dufourea","trautmanni",NA,"España","Madrid","El Pardo, El Goloso",NA,NA,NA,1991,6,1,NA,NA,"Nieves & Rey","P. Álvarez [Piluca Álvarez Fidalgo]",0,1,"",0,"MNCN",NA,NA,"Dusmet, 1935",NA,NA
"Dufourea","Dufourea","trautmanni",NA,"España","Madrid","El Pardo, El Goloso",NA,NA,NA,1991,6,1,NA,NA,"Nieves & Rey","P. Álvarez [Piluca Álvarez Fidalgo]",0,1,"",0,"MNCN",NA,NA,"Dusmet, 1935",NA,NA
"Dufourea","Dufourea","trautmanni",NA,"España","Madrid","El Pardo, El Goloso",NA,NA,NA,1991,6,1,NA,NA,"Nieves & Rey","P. Álvarez [Piluca Álvarez Fidalgo]",0,1,"",0,"MNCN",NA,NA,"Dusmet, 1935",NA,NA
"Dufourea","Dufourea","trautmanni",NA,"España","Madrid","El Pardo",NA,NA,NA,1920,5,8,NA,NA,"Dusmet","P. Álvarez [Piluca Álvarez Fidalgo]",0,1,"Colección Dusmet",0,"MNCN",NA,NA,"Dusmet, 1935",NA,NA
"Dufourea","Dufourea","trautmanni",NA,"España","Madrid","El Pardo",NA,NA,NA,1920,5,8,NA,NA,"Dusmet","P. Álvarez [Piluca Álvarez Fidalgo]",0,1,"Colección Dusmet",0,"MNCN",NA,NA,"Dusmet, 1935",NA,NA
"Dufourea","Dufourea","trautmanni",NA,"España","Madrid","El Pardo",NA,NA,NA,1907,5,2,NA,NA,"Dusmet","P. Álvarez [Piluca Álvarez Fidalgo]",0,1,"Colección Dusmet",0,"MNCN",NA,NA,"Dusmet, 1935",NA,NA
"Dufourea","Dufourea","trautmanni",NA,"España","Madrid","El Pardo",NA,NA,NA,1907,5,2,NA,NA,"Dusmet","P. Álvarez [Piluca Álvarez Fidalgo]",0,1,"Colección Dusmet",0,"MNCN",NA,NA,"Dusmet, 1935",NA,NA
"Dufourea","Dufourea","trautmanni",NA,"España","Madrid","El Pardo",NA,NA,NA,1907,5,2,NA,NA,"Dusmet","P. Álvarez [Piluca Álvarez Fidalgo]",0,1,"Colección Dusmet",0,"MNCN",NA,NA,"Dusmet, 1935",NA,NA
"Dufourea","Dufourea","trautmanni",NA,"España","Madrid","El Pardo",NA,NA,NA,1907,5,2,NA,NA,"Dusmet","P. Álvarez [Piluca Álvarez Fidalgo]",1,0,"Colección Dusmet",0,"MNCN",NA,NA,"Dusmet, 1935",NA,NA
"Dufourea","Dufourea","trautmanni",NA,"España","Madrid","El Pardo",NA,NA,NA,1907,5,2,NA,NA,"Dusmet","P. Álvarez [Piluca Álvarez Fidalgo]",1,0,"Colección Dusmet",0,"MNCN",NA,NA,"Dusmet, 1935",NA,NA
"Dufourea","Dufourea","trautmanni",NA,"España","Madrid","El Pardo",NA,NA,NA,1934,7,NA,NA,NA,"J. Gil Collado","P. Álvarez [Piluca Álvarez Fidalgo]",1,0,"",0,"MNCN",NA,NA,"Dusmet, 1935",NA,NA
"Dufourea","Dufourea","trautmanni",NA,"España","Madrid","El Pardo",NA,NA,NA,1934,7,NA,NA,NA,"J. Gil Collado","P. Álvarez [Piluca Álvarez Fidalgo]",1,0,"",0,"MNCN",NA,NA,"Dusmet, 1935",NA,NA
"Dufourea","Dufourea","trautmanni",NA,"España","Madrid","El Pardo",NA,NA,NA,1934,7,NA,NA,NA,"J. Gil Collado","P. Álvarez [Piluca Álvarez Fidalgo]",0,1,"",0,"MNCN",NA,NA,"Dusmet, 1935",NA,NA
"Dufourea","Dufourea","trautmanni",NA,"España","Madrid","Madrid",NA,NA,NA,1903,5,15,NA,NA,"Dusmet","P. Álvarez [Piluca Álvarez Fidalgo]",0,1,"Colección Dusmet",0,"MNCN",NA,NA,"Dusmet, 1935",NA,NA
"Dufourea","Dufourea","trautmanni",NA,"España","Madrid","Madrid",NA,NA,NA,1903,5,15,NA,NA,"Dusmet","P. Álvarez [Piluca Álvarez Fidalgo]",1,0,"Colección Dusmet",0,"MNCN",NA,NA,"Dusmet, 1935",NA,NA
"Dufourea","Dufourea","trautmanni",NA,"España","Madrid","Madrid",NA,NA,NA,1936,6,16,NA,NA,"Dusmet","P. Álvarez [Piluca Álvarez Fidalgo]",1,0,"Colección Dusmet",0,"MNCN",NA,NA,"Dusmet, 1935",NA,NA
"Dufourea","Dufourea","trautmanni",NA,"España","Madrid","Madrid",NA,NA,NA,1936,6,16,NA,NA,"Dusmet","P. Álvarez [Piluca Álvarez Fidalgo]",0,1,"Colección Dusmet",0,"MNCN",NA,NA,"Dusmet, 1935",NA,NA
"Dufourea","Dufourea","trautmanni",NA,"España","Madrid","Madrid",NA,NA,NA,1901,5,31,NA,NA,"Dusmet","P. Álvarez [Piluca Álvarez Fidalgo]",0,1,"Colección Dusmet",0,"MNCN",NA,NA,"Dusmet, 1935",NA,NA
"Dufourea","Dufourea","trautmanni",NA,"España","Madrid","Madrid",NA,NA,NA,1907,5,30,NA,NA,"G. Mercet","P. Álvarez [Piluca Álvarez Fidalgo]",0,1,"",0,"MNCN",NA,NA,"Dusmet, 1935",NA,NA
"Dufourea","Dufourea","trautmanni",NA,"España","Madrid","Madrid",NA,NA,NA,1907,5,30,NA,NA,"G. Mercet","P. Álvarez [Piluca Álvarez Fidalgo]",1,0,"",0,"MNCN",NA,NA,"Dusmet, 1935",NA,NA
"Dufourea","Dufourea","trautmanni",NA,"España","Madrid","Madrid",NA,NA,NA,1900,NA,NA,NA,NA,"G. Mercet","P. Álvarez [Piluca Álvarez Fidalgo]",0,1,"",0,"MNCN",NA,NA,"Dusmet, 1935",NA,NA
"Dufourea","Dufourea","trautmanni",NA,"España","Madrid","Madrid",NA,NA,NA,1900,NA,NA,NA,NA,"G. Mercet","P. Álvarez [Piluca Álvarez Fidalgo]",0,1,"",0,"MNCN",NA,NA,"Dusmet, 1935",NA,NA
"Dufourea","Dufourea","trautmanni",NA,"España","Madrid","Madrid",NA,NA,NA,1900,NA,NA,NA,NA,"G. Mercet","P. Álvarez [Piluca Álvarez Fidalgo]",0,1,"",0,"MNCN",NA,NA,"Dusmet, 1935",NA,NA
"Dufourea","Dufourea","trautmanni",NA,"España","Madrid","San Lorenzo de El Escorial",NA,NA,NA,1915,5,23,NA,NA,"Dusmet","P. Álvarez [Piluca Álvarez Fidalgo]",0,1,"Colección Dusmet",0,"MNCN",NA,NA,"Dusmet, 1935",NA,NA
"Dufourea","Dufourea","trautmanni",NA,"España","Madrid","Rivas-Vaciamadrid",NA,NA,NA,1907,5,21,NA,NA,"Dusmet","P. Álvarez [Piluca Álvarez Fidalgo]",0,1,"Colección Dusmet",0,"MNCN",NA,NA,"Dusmet, 1935",NA,NA
"Dufourea","Dufourea","trautmanni",NA,"España","Madrid","Rivas-Vaciamadrid",NA,NA,NA,1909,4,30,NA,NA,"Dusmet","P. Álvarez [Piluca Álvarez Fidalgo]",1,0,"Colección Dusmet",0,"MNCN",NA,NA,"Dusmet, 1935",NA,NA
"Dufourea","Dufourea","trautmanni",NA,"España","Madrid","Alcalá de Henares",NA,NA,NA,1919,5,24,NA,NA,"Dusmet","P. Álvarez [Piluca Álvarez Fidalgo]",1,0,"Colección Dusmet",0,"MNCN",NA,NA,"Dusmet, 1935",NA,NA
"Dufourea","Dufourea","trautmanni",NA,"España","Córdoba","Villaharta",NA,NA,NA,1929,4,27,NA,NA,"J. Dusmet","P. Álvarez [Piluca Álvarez Fidalgo]",0,1,"Colección Dusmet",0,"MNCN",NA,NA,"Dusmet, 1935",NA,NA
"Dufourea","Dufourea","trautmanni",NA,"España","Córdoba","Villaharta",NA,NA,NA,1929,4,27,NA,NA,"J. Dusmet","P. Álvarez [Piluca Álvarez Fidalgo]",0,1,"Colección Dusmet",0,"MNCN",NA,NA,"Dusmet, 1935",NA,NA
"Dufourea","Dufourea","trautmanni",NA,"España","Córdoba","Villaharta",NA,NA,NA,1929,4,27,NA,NA,"J. Dusmet","P. Álvarez [Piluca Álvarez Fidalgo]",0,1,"Colección Dusmet",0,"MNCN",NA,NA,"Dusmet, 1935",NA,NA
"Dufourea","Dufourea","trautmanni",NA,"España","Córdoba","Villaharta",NA,NA,NA,1929,4,27,NA,NA,"J. Dusmet","P. Álvarez [Piluca Álvarez Fidalgo]",0,1,"Colección Dusmet",0,"MNCN",NA,NA,"Dusmet, 1935",NA,NA
"Dufourea","Dufourea","trautmanni",NA,"España","Córdoba","Villaharta",NA,NA,NA,1929,4,27,NA,NA,"J. Dusmet","P. Álvarez [Piluca Álvarez Fidalgo]",0,1,"Colección Dusmet",0,"MNCN",NA,NA,"Dusmet, 1935",NA,NA
"Dufourea","Dufourea","trautmanni",NA,"España","Córdoba","Villaharta",NA,NA,NA,1929,4,27,NA,NA,"J. Dusmet","P. Álvarez [Piluca Álvarez Fidalgo]",0,1,"Colección Dusmet",0,"MNCN",NA,NA,"Dusmet, 1935",NA,NA
"Dufourea","Dufourea","trautmanni",NA,"España","Córdoba","Villaharta",NA,NA,NA,1929,4,27,NA,NA,"J. Dusmet","P. Álvarez [Piluca Álvarez Fidalgo]",0,1,"Colección Dusmet",0,"MNCN",NA,NA,"Dusmet, 1935",NA,NA
"Dufourea","Dufourea","trautmanni",NA,"España","Cádiz","Puerto de Santa María",NA,NA,NA,1927,5,1,NA,NA,"Dusmet","P. Álvarez [Piluca Álvarez Fidalgo]",1,0,"Colección Dusmet",0,"MNCN",NA,NA,"Dusmet, 1935",NA,NA
"Dufourea","Dufourea","trautmanni",NA,"España","Ciudad Real","Despeñaperros",NA,NA,NA,1909,6,NA,NA,NA,"Exp. Del Museo","P. Álvarez [Piluca Álvarez Fidalgo]",1,0,"",0,"MNCN",NA,NA,"Dusmet, 1935",NA,NA
"Dufourea","Dufourea","trautmanni",NA,"España","Albacete","El Pardal",NA,NA,NA,1903,6,NA,NA,NA,"Escalera","P. Álvarez [Piluca Álvarez Fidalgo]",1,0,"",0,"MNCN",NA,NA,"Dusmet, 1935",NA,NA
"Dufourea","Dufourea","trautmanni",NA,"España","Murcia","Murcia",NA,NA,NA,1926,4,25,NA,NA,"Andréu","P. Álvarez [Piluca Álvarez Fidalgo]",1,0,"",0,"MNCN",NA,NA,"Dusmet, 1935",NA,NA
"Dufourea","Dufourea","trautmanni",NA,"España","Almería","Almería",NA,NA,NA,1926,4,NA,NA,NA,"Trautmann","P. Álvarez [Piluca Álvarez Fidalgo]",0,1,"Colección Dusmet",0,"MNCN",NA,NA,"Dusmet, 1935",NA,NA
"Dufourea","Dufourea","trautmanni",NA,"España","Almería","Almería",NA,NA,NA,1926,4,NA,NA,NA,"Trautmann","P. Álvarez [Piluca Álvarez Fidalgo]",1,0,"Colección Dusmet",0,"MNCN",NA,NA,"Dusmet, 1935",NA,NA
"Dufourea","Dufourea","trautmanni",NA,"España","Almería","Almería",NA,NA,NA,1926,4,NA,NA,NA,"Trautmann","P. Álvarez [Piluca Álvarez Fidalgo]",0,1,"Colección Dusmet",0,"MNCN",NA,NA,"Dusmet, 1935",NA,NA
"Dufourea","Dufourea","trautmanni",NA,"España","Almería","Almería",NA,NA,NA,1926,4,NA,NA,NA,"Trautmann","P. Álvarez [Piluca Álvarez Fidalgo]",0,1,"Colección Dusmet",0,"MNCN",NA,NA,"Dusmet, 1935",NA,NA
"Dufourea","Dufourea","trautmanni",NA,"España","Almería","Almería",NA,NA,NA,1926,4,NA,NA,NA,"Trautmann","P. Álvarez [Piluca Álvarez Fidalgo]",0,1,"Colección Dusmet",0,"MNCN",NA,NA,"Dusmet, 1935",NA,NA
"Dufourea","Dufourea","trautmanni",NA,"España","Almería","Almería",NA,NA,NA,1926,4,NA,NA,NA,"Trautmann","P. Álvarez [Piluca Álvarez Fidalgo]",1,0,"Colección Dusmet",0,"MNCN",NA,NA,"Dusmet, 1935",NA,NA
"Dufourea","Dufourea","trautmanni",NA,"España","Almería","Tíjola",NA,NA,NA,1900,NA,NA,NA,NA,"Escalera","P. Álvarez [Piluca Álvarez Fidalgo]",0,1,"Colección Dusmet",0,"MNCN",NA,NA,"Dusmet, 1935",NA,NA
"Ammobatoides","","scriptus",NA,"España","Madrid","Villaviciosa de Odón",NA,NA,NA,1891,NA,NA,NA,NA,"Mz. Escalera","P. Álvarez [Piluca Álvarez Fidalgo]",1,0,"",0,"MNCN",NA,NA,"Gerstäcker, 1869",NA,NA
"Ammobatoides","","scriptus",NA,"España","Madrid","Villaviciosa de Odón",NA,NA,NA,1891,NA,NA,NA,NA,"Mz. Escalera","P. Álvarez [Piluca Álvarez Fidalgo]",1,0,"",0,"MNCN",NA,NA,"Gerstäcker, 1869",NA,NA
"Ammobatoides","","scriptus",NA,"España","Huesca","Sena",NA,NA,NA,1923,NA,NA,NA,NA,"sin datos","P. Álvarez [Piluca Álvarez Fidalgo]",1,0,"Colección Dusmet",0,"MNCN",NA,NA,"Gerstäcker, 1869",NA,NA
"Ammobatoides","","scriptus",NA,"España","Málaga","Málaga",NA,NA,NA,1902,NA,NA,NA,NA,"sin datos","P. Álvarez [Piluca Álvarez Fidalgo]",1,0,"Colección Dusmet",0,"MNCN",NA,NA,"Gerstäcker, 1869",NA,NA
"Ammobatoides","","scriptus",NA,"España","Barcelona","Olesa de Montserrat",NA,NA,NA,1901,6,2,NA,NA,"sin datos","P. Álvarez [Piluca Álvarez Fidalgo]",1,0,"Colección Dusmet",0,"MNCN",NA,NA,"Gerstäcker, 1869",NA,NA
"Biastes","","brevicornis",NA,"España","Huesca","Sena",NA,NA,NA,1923,NA,NA,NA,NA,"sin datos","P. Álvarez [Piluca Álvarez Fidalgo]",0,1,"Colección Dusmet",0,"MNCN",NA,NA,"(Panzer, 1798)",NA,NA
"Pasites","","maculatus",NA,"España","Alicante","Torremendo",NA,NA,NA,1905,NA,NA,NA,NA,"Andréu","P. Álvarez [Piluca Álvarez Fidalgo]",0,1,"Colección Dusmet",0,"MNCN",NA,NA,"Jurine, 1807",NA,NA
"Pasites","","maculatus",NA,"España","Barcelona","Olesa de Montserrat",NA,NA,NA,1901,6,9,NA,NA,"sin datos","P. Álvarez [Piluca Álvarez Fidalgo]",0,1,"Colección Dusmet",0,"MNCN",NA,NA,"Jurine, 1807",NA,NA
"Pasites","","maculatus",NA,"España","Barcelona","Olesa de Montserrat",NA,NA,NA,1901,6,9,NA,NA,"sin datos","P. Álvarez [Piluca Álvarez Fidalgo]",0,1,"Colección Dusmet",0,"MNCN",NA,NA,"Jurine, 1807",NA,NA
"Pasites","","maculatus",NA,"España","Alicante","Albatera",NA,NA,NA,1912,8,29,NA,NA,"sin datos","P. Álvarez [Piluca Álvarez Fidalgo]",0,1,"Colección Cabrera",0,"MNCN",NA,NA,"Jurine, 1807",NA,NA
"Pasites","","maculatus",NA,"España","Alicante","Albatera",NA,NA,NA,1912,8,29,NA,NA,"sin datos","P. Álvarez [Piluca Álvarez Fidalgo]",0,1,"Colección Cabrera",0,"MNCN",NA,NA,"Jurine, 1807",NA,NA
"Pasites","","maculatus",NA,"España","Alicante","Albatera",NA,NA,NA,1912,8,29,NA,NA,"sin datos","P. Álvarez [Piluca Álvarez Fidalgo]",0,1,"Colección Cabrera",0,"MNCN",NA,NA,"Jurine, 1807",NA,NA
"Pasites","","maculatus",NA,"España","Alicante","Albatera",NA,NA,NA,1912,8,29,NA,NA,"sin datos","P. Álvarez [Piluca Álvarez Fidalgo]",1,0,"Colección Cabrera",0,"MNCN",NA,NA,"Jurine, 1807",NA,NA
"Pasites","","maculatus",NA,"España","Valencia","Valencia, Dehesa del Saler",NA,NA,NA,1930,NA,NA,NA,NA,"Giner Marí","P. Álvarez [Piluca Álvarez Fidalgo]",1,0,"",0,"MNCN",NA,NA,"Jurine, 1807",NA,NA
"Pasites","","maculatus",NA,"España","Alicante","Catral",NA,NA,NA,1905,NA,NA,NA,NA,"Andréu","P. Álvarez [Piluca Álvarez Fidalgo]",1,0,"Colección Dusmet",0,"MNCN",NA,NA,"Jurine, 1807",NA,NA
"Pasites","","maculatus",NA,"España","Madrid","G. Mercet",NA,NA,NA,1903,7,9,NA,NA,"G. Mercet","P. Álvarez [Piluca Álvarez Fidalgo]",1,0,"Colección Dusmet",0,"MNCN",NA,NA,"Jurine, 1807",NA,NA
"Ammobates","Ammobates","punctatus",NA,"España","Madrid","Madrid",NA,NA,NA,1903,NA,NA,NA,NA,"Arias","P. Álvarez [Piluca Álvarez Fidalgo]",0,1,"",0,"MNCN",NA,NA,"(Fabricius, 1804)",NA,NA
"Ammobates","Ammobates","punctatus",NA,"España","Madrid","Madrid",NA,NA,NA,1900,NA,NA,NA,NA,"G. Mercet","P. Álvarez [Piluca Álvarez Fidalgo]",0,1,"",0,"MNCN",NA,NA,"(Fabricius, 1804)",NA,NA
"Ammobates","Ammobates","punctatus",NA,"España","Madrid","Madrid",NA,NA,NA,1900,NA,NA,NA,NA,"Mercet","P. Álvarez [Piluca Álvarez Fidalgo]",0,1,"Colección Gª Mercet",0,"MNCN",NA,NA,"(Fabricius, 1804)",NA,NA
"Ammobates","Ammobates","punctatus",NA,"España","Madrid","Madrid",NA,NA,NA,1900,NA,NA,NA,NA,"G. Mercet","P. Álvarez [Piluca Álvarez Fidalgo]",0,1,"Colección Gª Mercet",0,"MNCN",NA,NA,"(Fabricius, 1804)",NA,NA
"Ammobates","Ammobates","punctatus",NA,"España","Madrid","Madrid",NA,NA,NA,1900,NA,NA,NA,NA,"G. Mercet","P. Álvarez [Piluca Álvarez Fidalgo]",0,1,"Colección Gª Mercet",0,"MNCN",NA,NA,"(Fabricius, 1804)",NA,NA
"Ammobates","Ammobates","punctatus",NA,"España","Madrid","Madrid",NA,NA,NA,1900,NA,NA,NA,NA,"G. Mercet","P. Álvarez [Piluca Álvarez Fidalgo]",0,1,"Colección Gª Mercet",0,"MNCN",NA,NA,"(Fabricius, 1804)",NA,NA
"Ammobates","Ammobates","punctatus",NA,"España","Madrid","Madrid",NA,NA,NA,1900,NA,NA,NA,NA,"Mercet","P. Álvarez [Piluca Álvarez Fidalgo]",1,0,"Colección Gª Mercet",0,"MNCN",NA,NA,"(Fabricius, 1804)",NA,NA
"Ammobates","Ammobates","punctatus",NA,"España","Madrid","Madrid",NA,NA,NA,1900,NA,NA,NA,NA,"Mercet","P. Álvarez [Piluca Álvarez Fidalgo]",1,0,"Colección Gª Mercet",0,"MNCN",NA,NA,"(Fabricius, 1804)",NA,NA
"Ammobates","Ammobates","punctatus",NA,"España","Madrid","Madrid",NA,NA,NA,1900,NA,NA,NA,NA,"Mercet","P. Álvarez [Piluca Álvarez Fidalgo]",1,0,"Colección Gª Mercet",0,"MNCN",NA,NA,"(Fabricius, 1804)",NA,NA
"Ammobates","Ammobates","punctatus",NA,"España","Madrid","Madrid",NA,NA,NA,1900,NA,NA,NA,NA,"G. Mercet","P. Álvarez [Piluca Álvarez Fidalgo]",1,0,"Colección Gª Mercet",0,"MNCN",NA,NA,"(Fabricius, 1804)",NA,NA
"Ammobates","Ammobates","punctatus",NA,"España","Madrid","Madrid",NA,NA,NA,1900,NA,NA,NA,NA,"G. Mercet","P. Álvarez [Piluca Álvarez Fidalgo]",1,0,"Colección Gª Mercet",0,"MNCN",NA,NA,"(Fabricius, 1804)",NA,NA
"Ammobates","Ammobates","punctatus",NA,"España","Madrid","Madrid",NA,NA,NA,1900,NA,NA,NA,NA,"G. Mercet","P. Álvarez [Piluca Álvarez Fidalgo]",1,0,"Colección Gª Mercet",0,"MNCN",NA,NA,"(Fabricius, 1804)",NA,NA
"Ammobates","Ammobates","punctatus",NA,"España","Madrid","Madrid",NA,NA,NA,1900,NA,NA,NA,NA,"G. Mercet","P. Álvarez [Piluca Álvarez Fidalgo]",1,0,"",0,"MNCN",NA,NA,"(Fabricius, 1804)",NA,NA
"Ammobates","Ammobates","punctatus",NA,"España","Madrid","Madrid",NA,NA,NA,1900,NA,NA,NA,NA,"G. Mercet","P. Álvarez [Piluca Álvarez Fidalgo]",1,0,"",0,"MNCN",NA,NA,"(Fabricius, 1804)",NA,NA
"Ammobates","Ammobates","punctatus",NA,"España","Madrid","Madrid",NA,NA,NA,1903,NA,NA,NA,NA,"Arias","P. Álvarez [Piluca Álvarez Fidalgo]",1,0,"",0,"MNCN",NA,NA,"(Fabricius, 1804)",NA,NA
"Ammobates","Ammobates","punctatus",NA,"España","Madrid","Madrid",NA,NA,NA,1906,9,8,NA,NA,"G. Mercet","P. Álvarez [Piluca Álvarez Fidalgo]",0,1,"",0,"MNCN",NA,NA,"(Fabricius, 1804)",NA,NA
"Ammobates","Ammobates","punctatus",NA,"España","Madrid","Madrid",NA,NA,NA,1904,6,10,NA,NA,"G. Mercet","P. Álvarez [Piluca Álvarez Fidalgo]",0,1,"Colección Gª Mercet",0,"MNCN",NA,NA,"(Fabricius, 1804)",NA,NA
"Ammobates","Ammobates","punctatus",NA,"España","Madrid","Madrid",NA,NA,NA,1912,6,16,NA,NA,"Mercet","P. Álvarez [Piluca Álvarez Fidalgo]",0,1,"Colección Gª Mercet",0,"MNCN",NA,NA,"(Fabricius, 1804)",NA,NA
"Ammobates","Ammobates","punctatus",NA,"España","Madrid","Madrid",NA,NA,NA,1912,6,16,NA,NA,"Mercet","P. Álvarez [Piluca Álvarez Fidalgo]",1,0,"Colección Gª Mercet",0,"MNCN",NA,NA,"(Fabricius, 1804)",NA,NA
"Ammobates","Ammobates","punctatus",NA,"España","Madrid","Madrid",NA,NA,NA,1909,6,27,NA,NA,"G. Mercet","P. Álvarez [Piluca Álvarez Fidalgo]",1,0,"Colección Gª Mercet",0,"MNCN",NA,NA,"(Fabricius, 1804)",NA,NA
"Ammobates","Ammobates","punctatus",NA,"España","Madrid","Madrid",NA,NA,NA,1909,6,27,NA,NA,"G. Mercet","P. Álvarez [Piluca Álvarez Fidalgo]",1,0,"Colección Gª Mercet",0,"MNCN",NA,NA,"(Fabricius, 1804)",NA,NA
"Ammobates","Ammobates","punctatus",NA,"España","Madrid","Madrid",NA,NA,NA,1909,6,27,NA,NA,"G. Mercet","P. Álvarez [Piluca Álvarez Fidalgo]",1,0,"Colección Gª Mercet",0,"MNCN",NA,NA,"(Fabricius, 1804)",NA,NA
"Ammobates","Ammobates","punctatus",NA,"España","Madrid","Madrid",NA,NA,NA,1909,6,27,NA,NA,"G. Mercet","P. Álvarez [Piluca Álvarez Fidalgo]",1,0,"Colección Gª Mercet",0,"MNCN",NA,NA,"(Fabricius, 1804)",NA,NA
"Ammobates","Ammobates","punctatus",NA,"España","Madrid","Madrid",NA,NA,NA,1919,6,9,NA,NA,"Dusmet","P. Álvarez [Piluca Álvarez Fidalgo]",1,0,"Colección Dusmet",0,"MNCN",NA,NA,"(Fabricius, 1804)",NA,NA
"Ammobates","Ammobates","punctatus",NA,"España","Madrid","Madrid",NA,NA,NA,1906,8,15,NA,NA,"G. Mercet","P. Álvarez [Piluca Álvarez Fidalgo]",1,0,"",0,"MNCN",NA,NA,"(Fabricius, 1804)",NA,NA
"Ammobates","Ammobates","punctatus",NA,"España","Madrid","Madrid",NA,NA,NA,1903,7,26,NA,NA,"G. Mercet","P. Álvarez [Piluca Álvarez Fidalgo]",1,0,"Colección Gª Mercet",0,"MNCN",NA,NA,"(Fabricius, 1804)",NA,NA
"Ammobates","Ammobates","punctatus",NA,"España","Madrid","Los Molinos",NA,NA,NA,1902,NA,NA,NA,NA,"G. Mercet","P. Álvarez [Piluca Álvarez Fidalgo]",1,0,"Colección Gª Mercet",0,"MNCN",NA,NA,"(Fabricius, 1804)",NA,NA
"Ammobates","Ammobates","punctatus",NA,"España","Madrid","Los Molinos",NA,NA,NA,1902,8,11,NA,NA,"G. Mercet","P. Álvarez [Piluca Álvarez Fidalgo]",1,0,"Colección Gª Mercet",0,"MNCN",NA,NA,"(Fabricius, 1804)",NA,NA
"Ammobates","Ammobates","punctatus",NA,"España","Madrid","Los Molinos",NA,NA,NA,1902,NA,NA,NA,NA,"G. Mercet","P. Álvarez [Piluca Álvarez Fidalgo]",0,1,"Colección Gª Mercet",0,"MNCN",NA,NA,"(Fabricius, 1804)",NA,NA
"Ammobates","Ammobates","punctatus",NA,"España","Madrid","El Pardo",NA,NA,NA,1908,6,NA,NA,NA,"Arias","P. Álvarez [Piluca Álvarez Fidalgo]",0,1,"",0,"MNCN",NA,NA,"(Fabricius, 1804)",NA,NA
"Ammobates","Ammobates","punctatus",NA,"España","Madrid","El Pardo",NA,NA,NA,1910,6,26,NA,NA,"Dusmet","P. Álvarez [Piluca Álvarez Fidalgo]",0,1,"",0,"MNCN",NA,NA,"(Fabricius, 1804)",NA,NA
"Ammobates","Ammobates","punctatus",NA,"España","Madrid","El Pardo",NA,NA,NA,1979,6,7,NA,NA,"L. Hinojosa","P. Álvarez [Piluca Álvarez Fidalgo]",0,1,"",0,"MNCN",NA,NA,"(Fabricius, 1804)",NA,NA
"Ammobates","Ammobates","punctatus",NA,"España","Madrid","San Lorenzo de El Escorial",NA,NA,NA,1901,NA,NA,NA,NA,"G. Mercet","P. Álvarez [Piluca Álvarez Fidalgo]",0,1,"Colección Gª Mercet",0,"MNCN",NA,NA,"(Fabricius, 1804)",NA,NA
"Ammobates","Ammobates","punctatus",NA,"España","Madrid","San Lorenzo de El Escorial",NA,NA,NA,1901,NA,NA,NA,NA,"G. Mercet","P. Álvarez [Piluca Álvarez Fidalgo]",0,1,"Colección Gª Mercet",0,"MNCN",NA,NA,"(Fabricius, 1804)",NA,NA
"Ammobates","Ammobates","punctatus",NA,"España","Madrid","San Lorenzo de El Escorial",NA,NA,NA,1901,NA,NA,NA,NA,"G. Mercet","P. Álvarez [Piluca Álvarez Fidalgo]",0,1,"Colección Gª Mercet",0,"MNCN",NA,NA,"(Fabricius, 1804)",NA,NA
"Ammobates","Ammobates","punctatus",NA,"España","Madrid","San Lorenzo de El Escorial",NA,NA,NA,1901,NA,NA,NA,NA,"G. Mercet","P. Álvarez [Piluca Álvarez Fidalgo]",0,1,"Colección Gª Mercet",0,"MNCN",NA,NA,"(Fabricius, 1804)",NA,NA
"Ammobates","Ammobates","punctatus",NA,"España","Madrid","San Lorenzo de El Escorial",NA,NA,NA,1901,NA,NA,NA,NA,"G. Mercet","P. Álvarez [Piluca Álvarez Fidalgo]",0,1,"Colección Gª Mercet",0,"MNCN",NA,NA,"(Fabricius, 1804)",NA,NA
"Ammobates","Ammobates","punctatus",NA,"España","Madrid","San Lorenzo de El Escorial",NA,NA,NA,1901,NA,NA,NA,NA,"G. Mercet","P. Álvarez [Piluca Álvarez Fidalgo]",0,1,"Colección Gª Mercet",0,"MNCN",NA,NA,"(Fabricius, 1804)",NA,NA
"Ammobates","Ammobates","punctatus",NA,"España","Madrid","San Lorenzo de El Escorial",NA,NA,NA,1901,NA,NA,NA,NA,"G. Mercet","P. Álvarez [Piluca Álvarez Fidalgo]",1,0,"Colección Gª Mercet",0,"MNCN",NA,NA,"(Fabricius, 1804)",NA,NA
"Ammobates","Ammobates","punctatus",NA,"España","Madrid","San Lorenzo de El Escorial",NA,NA,NA,1901,NA,NA,NA,NA,"G. Mercet","P. Álvarez [Piluca Álvarez Fidalgo]",1,0,"Colección Gª Mercet",0,"MNCN",NA,NA,"(Fabricius, 1804)",NA,NA
"Ammobates","Ammobates","punctatus",NA,"España","Madrid","San Lorenzo de El Escorial",NA,NA,NA,1901,NA,NA,NA,NA,"G. Mercet","P. Álvarez [Piluca Álvarez Fidalgo]",1,0,"Colección Gª Mercet",0,"MNCN",NA,NA,"(Fabricius, 1804)",NA,NA
"Ammobates","Ammobates","punctatus",NA,"España","Madrid","San Lorenzo de El Escorial",NA,NA,NA,1901,NA,NA,NA,NA,"G. Mercet","P. Álvarez [Piluca Álvarez Fidalgo]",1,0,"Colección Gª Mercet",0,"MNCN",NA,NA,"(Fabricius, 1804)",NA,NA
"Ammobates","Ammobates","punctatus",NA,"España","Madrid","San Lorenzo de El Escorial",NA,NA,NA,1936,7,9,NA,NA,"J. Dusmet","P. Álvarez [Piluca Álvarez Fidalgo]",1,0,"Colección Dusmet",0,"MNCN",NA,NA,"(Fabricius, 1804)",NA,NA
"Ammobates","Ammobates","punctatus",NA,"España","Madrid","San Lorenzo de El Escorial",NA,NA,NA,1983,7,3,NA,NA,"C. Rey","P. Álvarez [Piluca Álvarez Fidalgo]",0,1,"ex. Col. C. Rey",0,"MNCN",NA,NA,"(Fabricius, 1804)",NA,NA
"Ammobates","Ammobates","punctatus",NA,"España","Madrid","Cercedilla",NA,NA,NA,1911,7,23,NA,NA,"Bolivar/Mercet","P. Álvarez [Piluca Álvarez Fidalgo]",0,1,"Colección Gª Mercet",0,"MNCN",NA,NA,"(Fabricius, 1804)",NA,NA
"Ammobates","Ammobates","punctatus",NA,"España","Madrid","Cercedilla",NA,NA,NA,1911,7,23,NA,NA,"Bolivar/Mercet","P. Álvarez [Piluca Álvarez Fidalgo]",0,1,"Colección Gª Mercet",0,"MNCN",NA,NA,"(Fabricius, 1804)",NA,NA
"Ammobates","Ammobates","punctatus",NA,"España","","Sierra de Guadarrama",NA,NA,NA,1911,7,23,NA,NA,"Dusmet","P. Álvarez [Piluca Álvarez Fidalgo]",0,1,"Colección Dusmet",0,"MNCN",NA,NA,"(Fabricius, 1804)",NA,NA
"Ammobates","Ammobates","punctatus",NA,"España","","Sierra de Guadarrama",NA,NA,NA,1911,7,23,NA,NA,"Dusmet","P. Álvarez [Piluca Álvarez Fidalgo]",1,0,"",0,"MNCN",NA,NA,"(Fabricius, 1804)",NA,NA
"Ammobates","Ammobates","punctatus",NA,"España","","Sierra de Guadarrama",NA,NA,NA,1934,6,19,NA,NA,"Dusmet","P. Álvarez [Piluca Álvarez Fidalgo]",1,0,"Colección Dusmet",0,"MNCN",NA,NA,"(Fabricius, 1804)",NA,NA
"Ammobates","Ammobates","punctatus",NA,"España","Madrid","El Ventorrillo",NA,NA,NA,1984,6,22,NA,NA,"L. Hinojosa","P. Álvarez [Piluca Álvarez Fidalgo]",1,0,"",0,"MNCN",NA,NA,"(Fabricius, 1804)",NA,NA
"Ammobates","Ammobates","punctatus",NA,"España","Madrid","Aranjuez",NA,NA,NA,1903,NA,NA,NA,NA,"G. Mercet","P. Álvarez [Piluca Álvarez Fidalgo]",1,0,"Colección Gª Mercet",0,"MNCN",NA,NA,"(Fabricius, 1804)",NA,NA
"Ammobates","Ammobates","punctatus",NA,"España","Madrid","Aranjuez",NA,NA,NA,1908,6,14,NA,NA,"G. Mercet","P. Álvarez [Piluca Álvarez Fidalgo]",1,0,"Colección Gª Mercet",0,"MNCN",NA,NA,"(Fabricius, 1804)",NA,NA
"Ammobates","Ammobates","punctatus",NA,"España","Madrid","Rivas-Vaciamadrid",NA,NA,NA,1912,6,6,NA,NA,"Arias","P. Álvarez [Piluca Álvarez Fidalgo]",1,0,"Colección Gª Mercet",0,"MNCN",NA,NA,"(Fabricius, 1804)",NA,NA
"Ammobates","Ammobates","punctatus",NA,"España","Madrid","Aldea del Fresno",NA,NA,NA,1906,6,16,NA,NA,"Dusmet","P. Álvarez [Piluca Álvarez Fidalgo]",1,0,"Colección Dusmet",0,"MNCN",NA,NA,"(Fabricius, 1804)",NA,NA
"Ammobates","Ammobates","punctatus",NA,"España","Madrid","Villaviciosa de Odón",NA,NA,NA,1909,6,29,NA,NA,"Dusmet","P. Álvarez [Piluca Álvarez Fidalgo]",0,1,"Colección Dusmet",0,"MNCN",NA,NA,"(Fabricius, 1804)",NA,NA
"Ammobates","Ammobates","punctatus",NA,"España","Pontevedra","Bayona",NA,NA,NA,1922,8,NA,NA,NA,"Dusmet","P. Álvarez [Piluca Álvarez Fidalgo]",0,1,"Colección Dusmet",0,"MNCN",NA,NA,"(Fabricius, 1804)",NA,NA
"Ammobates","Ammobates","punctatus",NA,"España","Segovia","Coca",NA,NA,NA,1983,7,2,NA,NA,"L. Hinojosa","P. Álvarez [Piluca Álvarez Fidalgo]",0,1,"",0,"MNCN",NA,NA,"(Fabricius, 1804)",NA,NA
"Ammobates","Ammobates","punctatus",NA,"España","Valencia","Valencia",NA,NA,NA,1905,NA,NA,NA,NA,"Moroder","P. Álvarez [Piluca Álvarez Fidalgo]",1,0,"",0,"MNCN",NA,NA,"(Fabricius, 1804)",NA,NA
"Ammobates","Ammobates","punctatus",NA,"España","Valencia","Valencia",NA,NA,NA,1905,NA,NA,NA,NA,"Moroder","P. Álvarez [Piluca Álvarez Fidalgo]",1,0,"",0,"MNCN",NA,NA,"(Fabricius, 1804)",NA,NA
"Ammobates","Ammobates","punctatus",NA,"España","Valencia","Valencia",NA,NA,NA,1905,NA,NA,NA,NA,"Moroder","P. Álvarez [Piluca Álvarez Fidalgo]",1,0,"",0,"MNCN",NA,NA,"(Fabricius, 1804)",NA,NA
"Ammobates","Ammobates","punctatus",NA,"España","Valencia","Valencia",NA,NA,NA,1905,NA,NA,NA,NA,"Moroder","P. Álvarez [Piluca Álvarez Fidalgo]",0,1,"",0,"MNCN",NA,NA,"(Fabricius, 1804)",NA,NA
"Ammobates","Ammobates","punctatus",NA,"España","Valencia","Valencia",NA,NA,NA,1905,NA,NA,NA,NA,"Moroder","P. Álvarez [Piluca Álvarez Fidalgo]",0,1,"",0,"MNCN",NA,NA,"(Fabricius, 1804)",NA,NA
"Ammobates","Ammobates","punctatus",NA,"España","Segovia","San Rafael",NA,NA,NA,1913,7,13,NA,NA,"Mercet","P. Álvarez [Piluca Álvarez Fidalgo]",0,1,"Colección Gª Mercet",0,"MNCN",NA,NA,"(Fabricius, 1804)",NA,NA
"Ammobates","Ammobates","punctatus",NA,"España","Segovia","San Rafael",NA,NA,NA,1913,7,20,NA,NA,"Mercet","P. Álvarez [Piluca Álvarez Fidalgo]",0,1,"Colección Gª Mercet",0,"MNCN",NA,NA,"(Fabricius, 1804)",NA,NA
"Ammobates","Ammobates","punctatus",NA,"España","Segovia","San Rafael",NA,NA,NA,1912,NA,NA,NA,NA,"C. Bolivar","P. Álvarez [Piluca Álvarez Fidalgo]",1,0,"",0,"MNCN",NA,NA,"(Fabricius, 1804)",NA,NA
"Ammobates","Ammobates","punctatus",NA,"España","Ávila","Navalperal de Pinares",NA,NA,NA,1915,7,18,NA,NA,"Mercet","P. Álvarez [Piluca Álvarez Fidalgo]",1,0,"Colección Gª Mercet",0,"MNCN",NA,NA,"(Fabricius, 1804)",NA,NA
"Ammobates","Ammobates","punctatus",NA,"España","Guadalajara","Monte de Cutamilla",NA,NA,NA,1919,7,16,NA,NA,"Dusmet","P. Álvarez [Piluca Álvarez Fidalgo]",1,0,"Colección Dusmet",0,"MNCN",NA,NA,"(Fabricius, 1804)",NA,NA
"Ammobates","Ammobates","punctatus",NA,"España","","Alberche",NA,NA,NA,1908,NA,NA,NA,NA,"G. Mercet","P. Álvarez [Piluca Álvarez Fidalgo]",1,0,"",0,"MNCN",NA,NA,"(Fabricius, 1804)",NA,NA
"Ammobates","Ammobates","punctatus",NA,"España","","Alberche",NA,NA,NA,1908,NA,NA,NA,NA,"G. Mercet","P. Álvarez [Piluca Álvarez Fidalgo]",1,0,"Colección Gª Mercet",0,"MNCN",NA,NA,"(Fabricius, 1804)",NA,NA
"Ammobates","Ammobates","punctatus",NA,"España","","Alberche",NA,NA,NA,1908,NA,NA,NA,NA,"G. Mercet","P. Álvarez [Piluca Álvarez Fidalgo]",0,1,"",0,"MNCN",NA,NA,"(Fabricius, 1804)",NA,NA
"Ammobates","Ammobates","vinctus",NA,"España","Madrid","Madrid",NA,NA,NA,1904,7,15,NA,NA,"G. Mercet","P. Álvarez [Piluca Álvarez Fidalgo]",0,1,"",0,"MNCN",NA,NA,"Gerstäcker, 1869",NA,NA
"Ammobates","Ammobates","vinctus",NA,"España","Albacete","Nerpio",NA,NA,NA,1951,9,NA,NA,NA,"Andreu","P. Álvarez [Piluca Álvarez Fidalgo]",1,0,"",0,"MNCN",NA,NA,"Gerstäcker, 1869",NA,NA
"Ammobates","Euphileremus","muticus",NA,"España","Barcelona","Barcelona, Vallvidrera",NA,NA,NA,1902,3,30,NA,NA,"sin datos","P. Álvarez [Piluca Álvarez Fidalgo]",0,1,"Colección Dusmet",0,"MNCN",NA,NA,"Spinola, 1843",NA,NA
"Ammobates","Euphileremus","muticus",NA,"España","Barcelona","Barcelona, Vallvidrera",NA,NA,NA,1907,3,20,NA,NA,"sin datos","P. Álvarez [Piluca Álvarez Fidalgo]",0,1,"Colección Dusmet",0,"MNCN",NA,NA,"Spinola, 1843",NA,NA
"Ammobates","Euphileremus","muticus",NA,"España","Madrid","Madrid",NA,NA,NA,1900,NA,NA,NA,NA,"G. Mercet","P. Álvarez [Piluca Álvarez Fidalgo]",0,1,"",0,"MNCN",NA,NA,"Spinola, 1843",NA,NA
"Ammobates","Euphileremus","muticus",NA,"España","Madrid","Villaverde",NA,NA,NA,1911,5,4,NA,NA,"Dusmet","P. Álvarez [Piluca Álvarez Fidalgo]",0,1,"Colección Dusmet",0,"MNCN",NA,NA,"Spinola, 1843",NA,NA
"Ammobates","Euphileremus","muticus",NA,"España","Madrid","Toledo",NA,NA,NA,1916,5,10,NA,NA,"Dusmet","P. Álvarez [Piluca Álvarez Fidalgo]",0,1,"Colección Dusmet",0,"MNCN",NA,NA,"Spinola, 1843",NA,NA
"Ammobates","Euphileremus","muticus",NA,"España","Ciudad Real","Ruidera",NA,NA,NA,1914,NA,NA,NA,NA,"C. Bolivar","P. Álvarez [Piluca Álvarez Fidalgo]",0,1,"",0,"MNCN",NA,NA,"Spinola, 1843",NA,NA
"Ammobates","Euphileremus","muticus",NA,"España","Madrid","Rivas-Vaciamadrid",NA,NA,NA,1918,NA,NA,NA,NA,"C. Bolivar","P. Álvarez [Piluca Álvarez Fidalgo]",1,0,"Colección Gª Mercet",0,"MNCN",NA,NA,"Spinola, 1843",NA,NA
"Ammobates","Euphileremus","muticus",NA,"España","Madrid","Rivas-Vaciamadrid",NA,NA,NA,1912,5,6,NA,NA,"Dusmet","P. Álvarez [Piluca Álvarez Fidalgo]",1,0,"Colección Dusmet",0,"MNCN",NA,NA,"Spinola, 1843",NA,NA
"Ammobates","Euphileremus","muticus",NA,"España","Madrid","Rivas-Vaciamadrid",NA,NA,NA,1932,5,18,NA,NA,"Dusmet","P. Álvarez [Piluca Álvarez Fidalgo]",1,0,"Colección Dusmet",0,"MNCN",NA,NA,"Spinola, 1843",NA,NA
"Ammobates","Euphileremus","muticus",NA,"España","Madrid","Madrid",NA,NA,NA,1900,NA,NA,NA,NA,"G. Mercet","P. Álvarez [Piluca Álvarez Fidalgo]",1,0,"Colección Gª Mercet",0,"MNCN",NA,NA,"Spinola, 1843",NA,NA
"Ammobates","Euphileremus","muticus",NA,"España","Madrid","Madrid",NA,NA,NA,1904,6,5,NA,NA,"G. Mercet","P. Álvarez [Piluca Álvarez Fidalgo]",1,0,"",0,"MNCN",NA,NA,"Spinola, 1843",NA,NA
"Ammobates","Euphileremus","muticus",NA,"España","Madrid","Madrid",NA,NA,NA,1909,6,27,NA,NA,"G. Mercet","P. Álvarez [Piluca Álvarez Fidalgo]",1,0,"",0,"MNCN",NA,NA,"Spinola, 1843",NA,NA
"Ammobates","Euphileremus","muticus",NA,"España","Madrid","Madrid",NA,NA,NA,1880,NA,NA,NA,NA,"Chicote","P. Álvarez [Piluca Álvarez Fidalgo]",1,0,"",0,"MNCN",NA,NA,"Spinola, 1843",NA,NA
"Ammobates","Euphileremus","muticus",NA,"España","Alicante","Orihuela",NA,NA,NA,1926,5,8,NA,NA,"Andréu","P. Álvarez [Piluca Álvarez Fidalgo]",1,0,"Colección Dusmet",0,"MNCN",NA,NA,"Spinola, 1843",NA,NA
"Ammobates","Euphileremus","muticus",NA,"España","Alicante","Orihuela",NA,NA,NA,1926,5,8,NA,NA,"Andréu","P. Álvarez [Piluca Álvarez Fidalgo]",1,0,"Colección Dusmet",0,"MNCN",NA,NA,"Spinola, 1843",NA,NA
"Ammobates","Euphileremus","muticus",NA,"España","Sevilla","Sevilla",NA,NA,NA,1917,5,14,NA,NA,"Dusmet","P. Álvarez [Piluca Álvarez Fidalgo]",1,0,"Colección Dusmet",0,"MNCN",NA,NA,"Spinola, 1843",NA,NA
"Ammobates","Euphileremus","muticus",NA,"España","Cádiz","Puerto de Santa María",NA,NA,NA,1927,5,1,NA,NA,"Dusmet","P. Álvarez [Piluca Álvarez Fidalgo]",1,0,"Colección Dusmet",0,"MNCN",NA,NA,"Spinola, 1843",NA,NA
"Ammobates","Euphileremus","muticus",NA,"España","Albacete","Albacete",NA,NA,NA,1928,5,NA,NA,NA,"J. Dusmet","P. Álvarez [Piluca Álvarez Fidalgo]",1,0,"Colección Dusmet",0,"MNCN",NA,NA,"Spinola, 1843",NA,NA
"Colletes","","succinctus",NA,"España","Zaragoza","Calatayud",NA,NA,NA,1961,9,7,NA,NA,"B. Valdes","M. Kuhlmann",1,0,"",0,"MNCN",NA,NA,"(Linnaeus, 1758)",NA,NA
"Colletes","","succinctus",NA,"España","Barcelona","Barcelona",NA,NA,NA,1896,10,17,NA,NA,"sin datos","",1,0,"",0,"MNCN",NA,NA,"(Linnaeus, 1758)",NA,NA
"Colletes","","succinctus",NA,"España","Burgos","Cantabrana",NA,NA,NA,1941,7,NA,NA,NA,"M. Parra","P. Álvarez [Piluca Álvarez Fidalgo]",1,0,"Colección Dusmet",0,"MNCN",NA,NA,"(Linnaeus, 1758)",NA,NA
"Colletes","","succinctus",NA,"España","Burgos","Cantabrana",NA,NA,NA,1941,7,NA,NA,NA,"M. Parra","P. Álvarez [Piluca Álvarez Fidalgo]",0,1,"Colección Dusmet",0,"MNCN",NA,NA,"(Linnaeus, 1758)",NA,NA
"Colletes","","succinctus",NA,"España","Burgos","Cantabrana",NA,NA,NA,1941,7,NA,NA,NA,"M. Parra","P. Álvarez [Piluca Álvarez Fidalgo]",0,1,"Colección Dusmet",0,"MNCN",NA,NA,"(Linnaeus, 1758)",NA,NA
"Colletes","","eous",NA,"España","Granada","Sierra Nevada",NA,NA,NA,1926,6,NA,NA,NA,"Dusmet","Noskiewicz",1,0,"Colección Dusmet",0,"MNCN",NA,NA,"Morice, 1904",NA,NA
"Colletes","","eous",NA,"España","Huesca","Panticosa",NA,NA,NA,1921,7,NA,NA,NA,"Dusmet","P. Álvarez [Piluca Álvarez Fidalgo]",1,0,"Colección Dusmet",0,"MNCN",NA,NA,"Morice, 1904",NA,NA
"Colletes","","eous",NA,"España","Zaragoza","Añón de Moncayo",NA,NA,NA,1921,8,4,NA,NA,"Dusmet","P. Álvarez [Piluca Álvarez Fidalgo]",0,1,"Colección Dusmet",0,"MNCN",NA,NA,"Morice, 1904",NA,NA
"Colletes","","eous",NA,"España","Madrid","San Lorenzo de El Escorial",NA,NA,NA,1901,8,18,NA,NA,"Dusmet","P. Álvarez [Piluca Álvarez Fidalgo]",0,1,"Colección Dusmet",0,"MNCN",NA,NA,"Morice, 1904",NA,NA
"Colletes","","eous",NA,"España","Huesca","Panticosa",NA,NA,NA,1921,7,NA,NA,NA,"Dusmet","P. Álvarez [Piluca Álvarez Fidalgo]",0,1,"Colección Dusmet",0,"MNCN",NA,NA,"Morice, 1904",NA,NA
"Colletes","","eous",NA,"España","Salamanca","Salamanca",NA,NA,NA,1940,7,29,NA,NA,"Dusmet","P. Álvarez [Piluca Álvarez Fidalgo]",0,1,"Colección Dusmet",0,"MNCN",NA,NA,"Morice, 1904",NA,NA
"Colletes","","eous",NA,"España","Salamanca","Salamanca",NA,NA,NA,1940,7,29,NA,NA,"Dusmet","P. Álvarez [Piluca Álvarez Fidalgo]",0,1,"Colección Dusmet",0,"MNCN",NA,NA,"Morice, 1904",NA,NA
"Hylaeus","Spatulariella","hyalinatus",NA,"España","La Coruña","Villa Rutis",NA,NA,NA,1902,NA,NA,NA,NA,"Bolivar","P. Álvarez [Piluca Álvarez Fidalgo]",0,1,"",0,"MNCN",NA,NA,"Smith, 1843",NA,NA
"Hylaeus","Spatulariella","hyalinatus",NA,"España","Barcelona","La Garriga",NA,NA,NA,1923,10,NA,NA,NA,"Farriols","P. Álvarez [Piluca Álvarez Fidalgo]",0,1,"",0,"MNCN",NA,NA,"Smith, 1843",NA,NA
"Hylaeus","Spatulariella","hyalinatus",NA,"España","Barcelona","Centellas",NA,NA,NA,1924,7,12,NA,NA,"Mas de Xaxars","P. Álvarez [Piluca Álvarez Fidalgo]",1,0,"",0,"MNCN",NA,NA,"Smith, 1843",NA,NA
"Hylaeus","Spatulariella","hyalinatus",NA,"España","Álava","Manurga",NA,NA,NA,1981,9,6,NA,NA,"Carmen Rey","P. Álvarez [Piluca Álvarez Fidalgo]",1,0,"",0,"MNCN",NA,NA,"Smith, 1843",NA,NA
"Hylaeus","Spatulariella","hyalinatus",NA,"España","Cuenca","Cañizares",NA,NA,NA,1901,NA,NA,NA,NA,"Selgas","P. Álvarez [Piluca Álvarez Fidalgo]",1,0,"",0,"MNCN",NA,NA,"Smith, 1843",NA,NA
"Hylaeus","Spatulariella","hyalinatus",NA,"España","Cantabria","Puente Viesgo",NA,NA,NA,1908,9,15,NA,NA,"Bolivar","P. Álvarez [Piluca Álvarez Fidalgo]",1,0,"",0,"MNCN",NA,NA,"Smith, 1843",NA,NA
"Hylaeus","Spatulariella","hyalinatus",NA,"España","Valencia","Godelleta",NA,NA,NA,1928,6,3,NA,NA,"sin datos","P. Álvarez [Piluca Álvarez Fidalgo]",1,0,"",0,"MNCN",NA,NA,"Smith, 1843",NA,NA
"Hylaeus","Spatulariella","hyalinatus",NA,"España","Valencia","Godelleta",NA,NA,NA,1928,5,4,NA,NA,"sin datos","P. Álvarez [Piluca Álvarez Fidalgo]",0,1,"",0,"MNCN",NA,NA,"Smith, 1843",NA,NA
"Hylaeus","Spatulariella","hyalinatus",NA,"España","[Valencia]","sin datos [Godelleta]",NA,NA,NA,1933,7,16,NA,NA,"sin datos","P. Álvarez [Piluca Álvarez Fidalgo]",0,1,"",0,"MNCN",NA,NA,"Smith, 1843",NA,NA
"Hylaeus","Spatulariella","hyalinatus",NA,"España","[Valencia]","sin datos [Godelleta]",NA,NA,NA,1934,5,24,NA,NA,"sin datos","P. Álvarez [Piluca Álvarez Fidalgo]",0,1,"",0,"MNCN",NA,NA,"Smith, 1843",NA,NA
"Hylaeus","Spatulariella","hyalinatus",NA,"España","[Valencia]","sin datos [Godelleta]",NA,NA,NA,1933,4,24,NA,NA,"sin datos","P. Álvarez [Piluca Álvarez Fidalgo]",0,1,"",0,"MNCN",NA,NA,"Smith, 1843",NA,NA
"Hylaeus","Spatulariella","hyalinatus",NA,"España","[Valencia]","sin datos [Godelleta]",NA,NA,NA,1933,4,21,NA,NA,"sin datos","P. Álvarez [Piluca Álvarez Fidalgo]",1,0,"",0,"MNCN",NA,NA,"Smith, 1843",NA,NA
"Hylaeus","Spatulariella","hyalinatus",NA,"España","[Valencia]","sin datos [Godelleta]",NA,NA,NA,1934,5,28,NA,NA,"sin datos","P. Álvarez [Piluca Álvarez Fidalgo]",1,0,"",0,"MNCN",NA,NA,"Smith, 1843",NA,NA
"Hylaeus","Spatulariella","hyalinatus",NA,"España","[Valencia]","sin datos [Godelleta]",NA,NA,NA,1934,5,28,NA,NA,"sin datos","P. Álvarez [Piluca Álvarez Fidalgo]",1,0,"",0,"MNCN",NA,NA,"Smith, 1843",NA,NA
"Hylaeus","Spatulariella","hyalinatus",NA,"España","Barcelona","Tarrasa",NA,NA,NA,1897,4,11,NA,NA,"sin datos","P. Álvarez [Piluca Álvarez Fidalgo]",0,1,"",0,"MNCN",NA,NA,"Smith, 1843",NA,NA
"Hylaeus","Spatulariella","hyalinatus",NA,"España","Barcelona","Tarrasa",NA,NA,NA,1897,4,15,NA,NA,"sin datos","P. Álvarez [Piluca Álvarez Fidalgo]",0,1,"",0,"MNCN",NA,NA,"Smith, 1843",NA,NA
"Hylaeus","Spatulariella","hyalinatus",NA,"España","Barcelona","Tarrasa",NA,NA,NA,1896,3,25,NA,NA,"sin datos [Vachal?]","P. Álvarez [Piluca Álvarez Fidalgo]",0,1,"",0,"MNCN",NA,NA,"Smith, 1843",NA,NA
"Hylaeus","Spatulariella","hyalinatus",NA,"España","Barcelona","Castelldefels",NA,NA,NA,1894,4,22,NA,NA,"sin datos","P. Álvarez [Piluca Álvarez Fidalgo]",0,1,"",0,"MNCN",NA,NA,"Smith, 1843",NA,NA
"Hylaeus","Spatulariella","hyalinatus",NA,"España","Gerona","Ribas de Freser",NA,NA,NA,1897,7,10,NA,NA,"sin datos","P. Álvarez [Piluca Álvarez Fidalgo]",0,1,"",0,"MNCN",NA,NA,"Smith, 1843",NA,NA
"Hylaeus","Spatulariella","hyalinatus",NA,"España","Barcelona","Barcelona",NA,NA,NA,1898,3,25,NA,NA,"sin datos","P. Álvarez [Piluca Álvarez Fidalgo]",0,1,"",0,"MNCN",NA,NA,"Smith, 1843",NA,NA
"Hylaeus","Spatulariella","hyalinatus",NA,"España","Barcelona","Barcelona",NA,NA,NA,1898,4,8,NA,NA,"sin datos","P. Álvarez [Piluca Álvarez Fidalgo]",0,1,"",0,"MNCN",NA,NA,"Smith, 1843",NA,NA
"Hylaeus","Spatulariella","hyalinatus",NA,"España","Barcelona","Gavá",NA,NA,NA,1894,4,15,NA,NA,"sin datos","P. Álvarez [Piluca Álvarez Fidalgo]",0,1,"",0,"MNCN",NA,NA,"Smith, 1843",NA,NA
"Hylaeus","Spatulariella","hyalinatus",NA,"España","Zaragoza","Moncayo",NA,NA,NA,1904,8,NA,NA,NA,"Dusmet","P. Álvarez [Piluca Álvarez Fidalgo]",0,1,"Colección Dusmet",0,"MNCN",NA,NA,"Smith, 1843",NA,NA
"Hylaeus","Spatulariella","hyalinatus",NA,"España","Zaragoza","Moncayo",NA,NA,NA,1904,8,NA,NA,NA,"Dusmet","P. Álvarez [Piluca Álvarez Fidalgo]",1,0,"Colección Dusmet",0,"MNCN",NA,NA,"Smith, 1843",NA,NA
"Hylaeus","Spatulariella","hyalinatus",NA,"España","Barcelona","Montserrat",NA,NA,NA,1925,8,NA,NA,NA,"J. Dusmet","P. Álvarez [Piluca Álvarez Fidalgo]",1,0,"Colección Dusmet",0,"MNCN",NA,NA,"Smith, 1843",NA,NA
"Hylaeus","Spatulariella","hyalinatus",NA,"España","Barcelona","Sitges",NA,NA,NA,1925,9,27,NA,NA,"Farriols","P. Álvarez [Piluca Álvarez Fidalgo]",1,0,"",0,"MNCN",NA,NA,"Smith, 1843",NA,NA
"Hylaeus","Prosopis","variegatus",NA,"España","Madrid","San Fernando de Henares",NA,NA,NA,1900,NA,NA,NA,NA,"[Escalera]","P. Álvarez [Piluca Álvarez Fidalgo]",0,1,"",0,"MNCN",NA,NA,"(Fabricius, 1798)",NA,NA
"Hylaeus","Prosopis","variegatus",NA,"España","Madrid","San Fernando de Henares",NA,NA,NA,1900,NA,NA,NA,NA,"[Escalera]","P. Álvarez [Piluca Álvarez Fidalgo]",0,1,"",0,"MNCN",NA,NA,"(Fabricius, 1798)",NA,NA
"Hylaeus","Prosopis","variegatus",NA,"España","Madrid","San Fernando de Henares",NA,NA,NA,1900,NA,NA,NA,NA,"[Escalera]","P. Álvarez [Piluca Álvarez Fidalgo]",0,1,"",0,"MNCN",NA,NA,"(Fabricius, 1798)",NA,NA
"Hylaeus","Prosopis","variegatus",NA,"España","Ávila","El Barco de Ávila",NA,NA,NA,1954,7,NA,NA,NA,"Exp Inst. Esp. Entomología","P. Álvarez [Piluca Álvarez Fidalgo]",0,1,"",0,"MNCN",NA,NA,"(Fabricius, 1798)",NA,NA
"Hylaeus","Prosopis","variegatus",NA,"España","Ávila","El Barco de Ávila",NA,NA,NA,1954,7,NA,NA,NA,"Exp Inst. Esp. Entomología","P. Álvarez [Piluca Álvarez Fidalgo]",0,1,"",0,"MNCN",NA,NA,"(Fabricius, 1798)",NA,NA
"Hylaeus","Prosopis","variegatus",NA,"España","Ávila","El Barco de Ávila",NA,NA,NA,1954,7,NA,NA,NA,"Exp Inst. Esp. Entomología","P. Álvarez [Piluca Álvarez Fidalgo]",0,1,"",0,"MNCN",NA,NA,"(Fabricius, 1798)",NA,NA
"Hylaeus","Prosopis","variegatus",NA,"España","Madrid","El Pardo",NA,NA,NA,1979,7,NA,NA,NA,"L. Hinojosa","P. Álvarez [Piluca Álvarez Fidalgo]",0,1,"",0,"MNCN",NA,NA,"(Fabricius, 1798)",NA,NA
"Hylaeus","Prosopis","variegatus",NA,"España","Madrid","El Pardo",NA,NA,NA,1979,7,NA,NA,NA,"L. Hinojosa","P. Álvarez [Piluca Álvarez Fidalgo]",0,1,"",0,"MNCN",NA,NA,"(Fabricius, 1798)",NA,NA
"Hylaeus","Prosopis","variegatus",NA,"España","Madrid","El Pardo",NA,NA,NA,1979,7,NA,NA,NA,"L. Hinojosa","P. Álvarez [Piluca Álvarez Fidalgo]",0,1,"",0,"MNCN",NA,NA,"(Fabricius, 1798)",NA,NA
"Hylaeus","Prosopis","variegatus",NA,"España","","Sierra de Guadarrama",NA,NA,NA,1911,9,18,NA,NA,"Dusmet","P. Álvarez [Piluca Álvarez Fidalgo]",0,1,"Colección Dusmet",0,"MNCN",NA,NA,"(Fabricius, 1798)",NA,NA
"Hylaeus","Prosopis","variegatus",NA,"España","","Sierra de Guadarrama",NA,NA,NA,1911,9,18,NA,NA,"Dusmet","P. Álvarez [Piluca Álvarez Fidalgo]",0,1,"Colección Dusmet",0,"MNCN",NA,NA,"(Fabricius, 1798)",NA,NA
"Hylaeus","Prosopis","variegatus",NA,"España","","Sierra de Guadarrama",NA,NA,NA,1911,8,16,NA,NA,"Dusmet","P. Álvarez [Piluca Álvarez Fidalgo]",0,1,"Colección Dusmet",0,"MNCN",NA,NA,"(Fabricius, 1798)",NA,NA
"Hylaeus","Prosopis","variegatus",NA,"España","","Sierra de Guadarrama",NA,NA,NA,1911,8,16,NA,NA,"Dusmet","P. Álvarez [Piluca Álvarez Fidalgo]",0,1,"Colección Dusmet",0,"MNCN",NA,NA,"(Fabricius, 1798)",NA,NA
"Hylaeus","Prosopis","variegatus",NA,"España","","Sierra de Guadarrama",NA,NA,NA,1911,8,16,NA,NA,"Dusmet","P. Álvarez [Piluca Álvarez Fidalgo]",0,1,"Colección Dusmet",0,"MNCN",NA,NA,"(Fabricius, 1798)",NA,NA
"Hylaeus","Prosopis","variegatus",NA,"España","","Sierra de Guadarrama",NA,NA,NA,1911,8,16,NA,NA,"Dusmet","P. Álvarez [Piluca Álvarez Fidalgo]",1,0,"Colección Dusmet",0,"MNCN",NA,NA,"(Fabricius, 1798)",NA,NA
"Hylaeus","Prosopis","variegatus",NA,"España","","Sierra de Guadarrama",NA,NA,NA,1911,9,18,NA,NA,"Dusmet","P. Álvarez [Piluca Álvarez Fidalgo]",1,0,"Colección Dusmet",0,"MNCN",NA,NA,"(Fabricius, 1798)",NA,NA
"Hylaeus","Prosopis","variegatus",NA,"España","Madrid","Rivas-Vaciamadrid",NA,NA,NA,1911,7,31,NA,NA,"Dusmet","P. Álvarez [Piluca Álvarez Fidalgo]",1,0,"Colección Dusmet",0,"MNCN",NA,NA,"(Fabricius, 1798)",NA,NA
"Hylaeus","Prosopis","variegatus",NA,"España","Madrid","Rivas-Vaciamadrid",NA,NA,NA,1911,7,31,NA,NA,"Dusmet","P. Álvarez [Piluca Álvarez Fidalgo]",1,0,"Colección Dusmet",0,"MNCN",NA,NA,"(Fabricius, 1798)",NA,NA
"Hylaeus","Prosopis","variegatus",NA,"España","Madrid","Rivas-Vaciamadrid",NA,NA,NA,1911,7,31,NA,NA,"Dusmet","P. Álvarez [Piluca Álvarez Fidalgo]",0,1,"Colección Dusmet",0,"MNCN",NA,NA,"(Fabricius, 1798)",NA,NA
"Hylaeus","Prosopis","variegatus",NA,"España","Madrid","Rivas-Vaciamadrid",NA,NA,NA,1911,7,31,NA,NA,"Dusmet","P. Álvarez [Piluca Álvarez Fidalgo]",0,1,"Colección Dusmet",0,"MNCN",NA,NA,"(Fabricius, 1798)",NA,NA
"Hylaeus","Prosopis","variegatus",NA,"España","Madrid","Aranjuez",NA,NA,NA,1912,5,26,NA,NA,"Dusmet","P. Álvarez [Piluca Álvarez Fidalgo]",0,1,"Colección Dusmet",0,"MNCN",NA,NA,"(Fabricius, 1798)",NA,NA
"Hylaeus","Prosopis","variegatus",NA,"España","Madrid","Aranjuez",NA,NA,NA,1912,5,26,NA,NA,"Dusmet","P. Álvarez [Piluca Álvarez Fidalgo]",0,1,"Colección Dusmet",0,"MNCN",NA,NA,"(Fabricius, 1798)",NA,NA
"Hylaeus","Prosopis","variegatus",NA,"España","Madrid","Aranjuez",NA,NA,NA,1912,5,26,NA,NA,"Dusmet","P. Álvarez [Piluca Álvarez Fidalgo]",0,1,"Colección Dusmet",0,"MNCN",NA,NA,"(Fabricius, 1798)",NA,NA
"Hylaeus","Prosopis","variegatus",NA,"España","Madrid","Aranjuez",NA,NA,NA,1912,5,26,NA,NA,"Dusmet","P. Álvarez [Piluca Álvarez Fidalgo]",1,0,"Colección Dusmet",0,"MNCN",NA,NA,"(Fabricius, 1798)",NA,NA
"Hylaeus","Prosopis","variegatus",NA,"España","Madrid","Aranjuez",NA,NA,NA,1912,5,26,NA,NA,"Dusmet","P. Álvarez [Piluca Álvarez Fidalgo]",1,0,"Colección Dusmet",0,"MNCN",NA,NA,"(Fabricius, 1798)",NA,NA
"Hylaeus","Prosopis","variegatus",NA,"España","Madrid","Villaviciosa de Odón",NA,NA,NA,1912,5,23,NA,NA,"Dusmet","P. Álvarez [Piluca Álvarez Fidalgo]",1,0,"Colección Dusmet",0,"MNCN",NA,NA,"(Fabricius, 1798)",NA,NA
"Hylaeus","Prosopis","variegatus",NA,"España","Madrid","Villaviciosa de Odón",NA,NA,NA,1912,5,23,NA,NA,"Dusmet","P. Álvarez [Piluca Álvarez Fidalgo]",1,0,"Colección Dusmet",0,"MNCN",NA,NA,"(Fabricius, 1798)",NA,NA
"Hylaeus","Prosopis","variegatus",NA,"España","Madrid","Villaviciosa de Odón",NA,NA,NA,1912,5,23,NA,NA,"Dusmet","P. Álvarez [Piluca Álvarez Fidalgo]",0,1,"Colección Dusmet",0,"MNCN",NA,NA,"(Fabricius, 1798)",NA,NA
"Hylaeus","Prosopis","variegatus",NA,"España","Madrid","Madarcos",NA,NA,NA,1986,7,3,NA,NA,"E. Mingo","P. Álvarez [Piluca Álvarez Fidalgo]",0,1,"",0,"MNCN",NA,NA,"(Fabricius, 1798)",NA,NA
"Hylaeus","Prosopis","variegatus",NA,"España","Ciudad Real","Pozuelo de Calatrava",NA,NA,NA,1895,NA,NA,NA,NA,"La Fuente","P. Álvarez [Piluca Álvarez Fidalgo]",0,1,"Colección Dusmet",0,"MNCN",NA,NA,"(Fabricius, 1798)",NA,NA
"Hylaeus","Prosopis","variegatus",NA,"España","Madrid","San Agustín de Guadalix",NA,NA,NA,1912,6,8,NA,NA,"Dusmet","P. Álvarez [Piluca Álvarez Fidalgo]",0,1,"Colección Dusmet",0,"MNCN",NA,NA,"(Fabricius, 1798)",NA,NA
"Hylaeus","Prosopis","variegatus",NA,"España","Madrid","San Agustín de Guadalix",NA,NA,NA,1912,6,8,NA,NA,"Dusmet","P. Álvarez [Piluca Álvarez Fidalgo]",0,1,"Colección Dusmet",0,"MNCN",NA,NA,"(Fabricius, 1798)",NA,NA
"Hylaeus","Prosopis","variegatus",NA,"España","","Sierra de Guadarrama",NA,NA,NA,1911,7,23,NA,NA,"Dusmet","P. Álvarez [Piluca Álvarez Fidalgo]",1,0,"Colección Dusmet",0,"MNCN",NA,NA,"(Fabricius, 1798)",NA,NA
"Hylaeus","Prosopis","variegatus",NA,"España","Madrid","El Pardo",NA,NA,NA,1943,6,23,NA,NA,"Dusmet","P. Álvarez [Piluca Álvarez Fidalgo]",1,0,"",0,"MNCN",NA,NA,"(Fabricius, 1798)",NA,NA
"Hylaeus","Prosopis","variegatus",NA,"España","Madrid","Miraflores de la Sierra",NA,NA,NA,1980,7,9,NA,NA,"E. Mingo","P. Álvarez [Piluca Álvarez Fidalgo]",1,0,"",0,"MNCN",NA,NA,"(Fabricius, 1798)",NA,NA
"Hylaeus","Prosopis","variegatus",NA,"España","Barcelona","Barcelona",NA,NA,NA,1894,7,NA,NA,NA,"sin datos","P. Álvarez [Piluca Álvarez Fidalgo]",1,0,"",0,"MNCN",NA,NA,"(Fabricius, 1798)",NA,NA
"Hylaeus","Prosopis","variegatus",NA,"España","Tarragona","Poblet",NA,NA,NA,1925,8,NA,NA,NA,"Dusmet","P. Álvarez [Piluca Álvarez Fidalgo]",1,0,"Colección Dusmet",0,"MNCN",NA,NA,"(Fabricius, 1798)",NA,NA
"Hylaeus","Prosopis","variegatus",NA,"España","Segovia","Coca",NA,NA,NA,1983,8,2,NA,NA,"L. Hinojosa","P. Álvarez [Piluca Álvarez Fidalgo]",1,0,"",0,"MNCN",NA,NA,"(Fabricius, 1798)",NA,NA
"Hylaeus","Prosopis","variegatus",NA,"España","Valencia","La Cañada",NA,NA,NA,1930,NA,NA,NA,NA,"Giner Marí","P. Álvarez [Piluca Álvarez Fidalgo]",1,0,"",0,"MNCN",NA,NA,"(Fabricius, 1798)",NA,NA
"Hylaeus","Prosopis","variegatus",NA,"España","Madrid","Rivas-Vaciamadrid",NA,NA,NA,1924,NA,NA,NA,NA,"[Escalera]","P. Álvarez [Piluca Álvarez Fidalgo]",0,1,"",0,"MNCN",NA,NA,"(Fabricius, 1798)",NA,NA
"Hylaeus","Prosopis","variegatus",NA,"España","Madrid","Rivas-Vaciamadrid",NA,NA,NA,1911,7,31,NA,NA,"Dusmet","P. Álvarez [Piluca Álvarez Fidalgo]",0,1,"Colección Dusmet",0,"MNCN",NA,NA,"(Fabricius, 1798)",NA,NA
"Hylaeus","Prosopis","variegatus",NA,"España","","Sierra de Guadarrama",NA,NA,NA,1915,7,4,NA,NA,"Dusmet","P. Álvarez [Piluca Álvarez Fidalgo]",0,1,"Colección Dusmet",0,"MNCN",NA,NA,"(Fabricius, 1798)",NA,NA
"Hylaeus","Prosopis","variegatus",NA,"España","Salamanca","Salamanca",NA,NA,NA,1943,5,NA,NA,NA,"J. Dusmet","P. Álvarez [Piluca Álvarez Fidalgo]",0,1,"",0,"MNCN",NA,NA,"(Fabricius, 1798)",NA,NA
"Hylaeus","Prosopis","variegatus",NA,"España","Salamanca","Salamanca",NA,NA,NA,1943,5,NA,NA,NA,"J. Dusmet","P. Álvarez [Piluca Álvarez Fidalgo]",0,1,"",0,"MNCN",NA,NA,"(Fabricius, 1798)",NA,NA
"Hylaeus","Prosopis","variegatus",NA,"España","Madrid","San Lorenzo de El Escorial",NA,NA,NA,1946,6,28,NA,NA,"J. Dusmet","P. Álvarez [Piluca Álvarez Fidalgo]",0,1,"",0,"MNCN",NA,NA,"(Fabricius, 1798)",NA,NA
"Hylaeus","Prosopis","variegatus",NA,"España","Madrid","San Lorenzo de El Escorial",NA,NA,NA,1912,6,16,NA,NA,"Dusmet","P. Álvarez [Piluca Álvarez Fidalgo]",0,1,"Colección Dusmet",0,"MNCN",NA,NA,"(Fabricius, 1798)",NA,NA
"Hylaeus","Prosopis","variegatus",NA,"España","Madrid","San Lorenzo de El Escorial",NA,NA,NA,1941,7,4,NA,NA,"J. Dusmet","P. Álvarez [Piluca Álvarez Fidalgo]",1,0,"Colección Dusmet",0,"MNCN",NA,NA,"(Fabricius, 1798)",NA,NA
"Hylaeus","Prosopis","variegatus",NA,"España","Barcelona","La Garriga",NA,NA,NA,1895,6,NA,NA,NA,"Antiga","P. Álvarez [Piluca Álvarez Fidalgo]",0,1,"",0,"MNCN",NA,NA,"(Fabricius, 1798)",NA,NA
"Hylaeus","Prosopis","variegatus",NA,"España","Madrid","San Lorenzo de El Escorial",NA,NA,NA,1912,9,8,NA,NA,"Dusmet","P. Álvarez [Piluca Álvarez Fidalgo]",1,0,"Colección Dusmet",0,"MNCN",NA,NA,"(Fabricius, 1798)",NA,NA
"Hylaeus","Prosopis","variegatus",NA,"España","Madrid","Gargantilla del Lozoya",NA,NA,NA,1986,6,10,NA,NA,"E. Plaza","P. Álvarez [Piluca Álvarez Fidalgo]",0,1,"",0,"MNCN",NA,NA,"(Fabricius, 1798)",NA,NA
"Hylaeus","Prosopis","variegatus",NA,"España","","Sierra de Guadarrama",NA,NA,NA,1912,8,10,NA,NA,"Dusmet","P. Álvarez [Piluca Álvarez Fidalgo]",0,1,"Colección Dusmet",0,"MNCN",NA,NA,"(Fabricius, 1798)",NA,NA
"Hylaeus","Prosopis","variegatus",NA,"España","","Sierra de Guadarrama",NA,NA,NA,1912,8,10,NA,NA,"Dusmet","P. Álvarez [Piluca Álvarez Fidalgo]",0,1,"Colección Dusmet",0,"MNCN",NA,NA,"(Fabricius, 1798)",NA,NA
"Hylaeus","Prosopis","variegatus",NA,"España","","Sierra de Guadarrama",NA,NA,NA,1912,8,10,NA,NA,"Dusmet","P. Álvarez [Piluca Álvarez Fidalgo]",0,1,"Colección Dusmet",0,"MNCN",NA,NA,"(Fabricius, 1798)",NA,NA
"Hylaeus","Prosopis","variegatus",NA,"España","","Sierra de Guadarrama",NA,NA,NA,1912,8,18,NA,NA,"Dusmet","P. Álvarez [Piluca Álvarez Fidalgo]",0,1,"Colección Dusmet",0,"MNCN",NA,NA,"(Fabricius, 1798)",NA,NA
"Hylaeus","Prosopis","variegatus",NA,"España","","Sierra de Guadarrama",NA,NA,NA,1912,8,18,NA,NA,"Dusmet","P. Álvarez [Piluca Álvarez Fidalgo]",0,1,"Colección Dusmet",0,"MNCN",NA,NA,"(Fabricius, 1798)",NA,NA
"Hylaeus","Prosopis","variegatus",NA,"España","","Sierra de Guadarrama",NA,NA,NA,1912,8,18,NA,NA,"Dusmet","P. Álvarez [Piluca Álvarez Fidalgo]",0,1,"Colección Dusmet",0,"MNCN",NA,NA,"(Fabricius, 1798)",NA,NA
"Hylaeus","Prosopis","variegatus",NA,"España","","Sierra de Guadarrama",NA,NA,NA,1912,8,18,NA,NA,"Dusmet","P. Álvarez [Piluca Álvarez Fidalgo]",0,1,"Colección Dusmet",0,"MNCN",NA,NA,"(Fabricius, 1798)",NA,NA
"Hylaeus","Prosopis","variegatus",NA,"España","","Sierra de Guadarrama",NA,NA,NA,1913,8,9,NA,NA,"Dusmet","P. Álvarez [Piluca Álvarez Fidalgo]",0,1,"Colección Dusmet",0,"MNCN",NA,NA,"(Fabricius, 1798)",NA,NA
"Hylaeus","Prosopis","variegatus",NA,"España","","Sierra de Guadarrama",NA,NA,NA,1913,8,9,NA,NA,"Dusmet","P. Álvarez [Piluca Álvarez Fidalgo]",0,1,"Colección Dusmet",0,"MNCN",NA,NA,"(Fabricius, 1798)",NA,NA
"Hylaeus","Prosopis","variegatus",NA,"España","","Sierra de Guadarrama",NA,NA,NA,1913,9,2,NA,NA,"Dusmet","P. Álvarez [Piluca Álvarez Fidalgo]",0,1,"Colección Dusmet",0,"MNCN",NA,NA,"(Fabricius, 1798)",NA,NA
"Hylaeus","Prosopis","variegatus",NA,"España","","Sierra de Guadarrama",NA,NA,NA,1913,6,20,NA,NA,"Dusmet","P. Álvarez [Piluca Álvarez Fidalgo]",1,0,"Colección Dusmet",0,"MNCN",NA,NA,"(Fabricius, 1798)",NA,NA
"Hylaeus","Prosopis","variegatus",NA,"España","","Sierra de Guadarrama",NA,NA,NA,1915,8,30,NA,NA,"Dusmet","P. Álvarez [Piluca Álvarez Fidalgo]",1,0,"Colección Dusmet",0,"MNCN",NA,NA,"(Fabricius, 1798)",NA,NA
"Hylaeus","Prosopis","variegatus",NA,"España","","Sierra de Guadarrama",NA,NA,NA,1915,8,30,NA,NA,"Dusmet","P. Álvarez [Piluca Álvarez Fidalgo]",0,1,"Colección Dusmet",0,"MNCN",NA,NA,"(Fabricius, 1798)",NA,NA
"Hylaeus","Prosopis","variegatus",NA,"España","","Sierra de Guadarrama",NA,NA,NA,1914,8,26,NA,NA,"Dusmet","P. Álvarez [Piluca Álvarez Fidalgo]",0,1,"Colección Dusmet",0,"MNCN",NA,NA,"(Fabricius, 1798)",NA,NA
"Hylaeus","Prosopis","variegatus",NA,"España","","Sierra de Guadarrama",NA,NA,NA,1914,8,28,NA,NA,"Dusmet","P. Álvarez [Piluca Álvarez Fidalgo]",0,1,"Colección Dusmet",0,"MNCN",NA,NA,"(Fabricius, 1798)",NA,NA
"Hylaeus","Prosopis","variegatus",NA,"España","","Sierra de Guadarrama",NA,NA,NA,1925,6,15,NA,NA,"Dusmet","P. Álvarez [Piluca Álvarez Fidalgo]",0,1,"Colección Dusmet",0,"MNCN",NA,NA,"(Fabricius, 1798)",NA,NA
"Hylaeus","Prosopis","variegatus",NA,"España","","Sierra de Guadarrama",NA,NA,NA,1915,8,23,NA,NA,"Dusmet","P. Álvarez [Piluca Álvarez Fidalgo]",0,1,"Colección Dusmet",0,"MNCN",NA,NA,"(Fabricius, 1798)",NA,NA
"Hylaeus","Prosopis","variegatus",NA,"España","","Sierra de Guadarrama",NA,NA,NA,1915,8,23,NA,NA,"Dusmet","P. Álvarez [Piluca Álvarez Fidalgo]",0,1,"Colección Dusmet",0,"MNCN",NA,NA,"(Fabricius, 1798)",NA,NA
"Hylaeus","Prosopis","variegatus",NA,"España","","Sierra de Guadarrama",NA,NA,NA,1915,8,23,NA,NA,"Dusmet","P. Álvarez [Piluca Álvarez Fidalgo]",0,1,"Colección Dusmet",0,"MNCN",NA,NA,"(Fabricius, 1798)",NA,NA
"Hylaeus","Prosopis","variegatus",NA,"España","","Sierra de Guadarrama",NA,NA,NA,1915,8,23,NA,NA,"Dusmet","P. Álvarez [Piluca Álvarez Fidalgo]",0,1,"Colección Dusmet",0,"MNCN",NA,NA,"(Fabricius, 1798)",NA,NA
"Hylaeus","Prosopis","variegatus",NA,"España","","Sierra de Guadarrama",NA,NA,NA,1925,6,17,NA,NA,"Dusmet","P. Álvarez [Piluca Álvarez Fidalgo]",0,1,"Colección Dusmet",0,"MNCN",NA,NA,"(Fabricius, 1798)",NA,NA
"Hylaeus","Prosopis","variegatus",NA,"España","","Sierra de Guadarrama",NA,NA,NA,1925,6,17,NA,NA,"Dusmet","P. Álvarez [Piluca Álvarez Fidalgo]",0,1,"Colección Dusmet",0,"MNCN",NA,NA,"(Fabricius, 1798)",NA,NA
"Hylaeus","Prosopis","variegatus",NA,"España","","Sierra de Guadarrama",NA,NA,NA,1925,6,17,NA,NA,"Dusmet","P. Álvarez [Piluca Álvarez Fidalgo]",0,1,"Colección Dusmet",0,"MNCN",NA,NA,"(Fabricius, 1798)",NA,NA
"Hylaeus","Prosopis","variegatus",NA,"España","","Sierra de Guadarrama",NA,NA,NA,1925,6,17,NA,NA,"Dusmet","P. Álvarez [Piluca Álvarez Fidalgo]",1,0,"Colección Dusmet",0,"MNCN",NA,NA,"(Fabricius, 1798)",NA,NA
"Hylaeus","Prosopis","variegatus",NA,"España","","Sierra de Guadarrama",NA,NA,NA,1925,6,17,NA,NA,"Dusmet","P. Álvarez [Piluca Álvarez Fidalgo]",1,0,"Colección Dusmet",0,"MNCN",NA,NA,"(Fabricius, 1798)",NA,NA
"Hylaeus","Prosopis","variegatus",NA,"España","","Sierra de Guadarrama",NA,NA,NA,1925,6,22,NA,NA,"Dusmet","P. Álvarez [Piluca Álvarez Fidalgo]",1,0,"Colección Dusmet",0,"MNCN",NA,NA,"(Fabricius, 1798)",NA,NA
"Hylaeus","Prosopis","variegatus",NA,"España","Murcia","Murcia",NA,NA,NA,1941,5,2,NA,NA,"Dusmet","P. Álvarez [Piluca Álvarez Fidalgo]",0,1,"Colección Dusmet",0,"MNCN",NA,NA,"(Fabricius, 1798)",NA,NA
"Hylaeus","Prosopis","variegatus",NA,"España","Madrid","Aranjuez",NA,NA,NA,1916,6,1,NA,NA,"Dusmet","P. Álvarez [Piluca Álvarez Fidalgo]",0,1,"Colección Dusmet",0,"MNCN",NA,NA,"(Fabricius, 1798)",NA,NA
"Hylaeus","Prosopis","variegatus",NA,"España","Madrid","Aranjuez",NA,NA,NA,1916,6,1,NA,NA,"Dusmet","P. Álvarez [Piluca Álvarez Fidalgo]",0,1,"Colección Dusmet",0,"MNCN",NA,NA,"(Fabricius, 1798)",NA,NA
"Hylaeus","Prosopis","variegatus",NA,"España","Madrid","Aranjuez",NA,NA,NA,1910,5,30,NA,NA,"Dusmet","P. Álvarez [Piluca Álvarez Fidalgo]",0,1,"Colección Dusmet",0,"MNCN",NA,NA,"(Fabricius, 1798)",NA,NA
"Hylaeus","Prosopis","variegatus",NA,"España","Madrid","Rivas-Vaciamadrid",NA,NA,NA,1909,6,24,NA,NA,"Dusmet","P. Álvarez [Piluca Álvarez Fidalgo]",0,1,"Colección Dusmet",0,"MNCN",NA,NA,"(Fabricius, 1798)",NA,NA
"Hylaeus","Prosopis","variegatus",NA,"España","Madrid","Rivas-Vaciamadrid",NA,NA,NA,1909,6,24,NA,NA,"Dusmet","P. Álvarez [Piluca Álvarez Fidalgo]",1,0,"Colección Dusmet",0,"MNCN",NA,NA,"(Fabricius, 1798)",NA,NA
"Hylaeus","Prosopis","variegatus",NA,"España","Madrid","Rivas-Vaciamadrid",NA,NA,NA,1910,9,25,NA,NA,"Dusmet","P. Álvarez [Piluca Álvarez Fidalgo]",1,0,"Colección Dusmet",0,"MNCN",NA,NA,"(Fabricius, 1798)",NA,NA
"Hylaeus","Prosopis","variegatus",NA,"España","Madrid","El Pardo",NA,NA,NA,1910,6,26,NA,NA,"Dusmet","P. Álvarez [Piluca Álvarez Fidalgo]",1,0,"Colección Dusmet",0,"MNCN",NA,NA,"(Fabricius, 1798)",NA,NA
"Hylaeus","Prosopis","variegatus",NA,"España","Madrid","El Pardo",NA,NA,NA,1910,6,26,NA,NA,"Dusmet","P. Álvarez [Piluca Álvarez Fidalgo]",0,1,"Colección Dusmet",0,"MNCN",NA,NA,"(Fabricius, 1798)",NA,NA
"Hylaeus","Prosopis","variegatus",NA,"España","Madrid","El Pardo",NA,NA,NA,1910,6,26,NA,NA,"Dusmet","P. Álvarez [Piluca Álvarez Fidalgo]",0,1,"Colección Dusmet",0,"MNCN",NA,NA,"(Fabricius, 1798)",NA,NA
"Hylaeus","Prosopis","variegatus",NA,"España","Madrid","El Pardo",NA,NA,NA,1914,9,14,NA,NA,"Dusmet","P. Álvarez [Piluca Álvarez Fidalgo]",0,1,"Colección Dusmet",0,"MNCN",NA,NA,"(Fabricius, 1798)",NA,NA
"Hylaeus","Prosopis","variegatus",NA,"España","Madrid","Aldea del Fresno",NA,NA,NA,1908,5,25,NA,NA,"Dusmet","P. Álvarez [Piluca Álvarez Fidalgo]",0,1,"Colección Dusmet",0,"MNCN",NA,NA,"(Fabricius, 1798)",NA,NA
"Hylaeus","Prosopis","variegatus",NA,"España","Ciudad Real","Pozuelo de Calatrava",NA,NA,NA,1895,NA,NA,NA,NA,"La Fuente","P. Álvarez [Piluca Álvarez Fidalgo]",0,1,"Colección Dusmet",0,"MNCN",NA,NA,"(Fabricius, 1798)",NA,NA
"Hylaeus","Prosopis","variegatus",NA,"España","Cáceres","Hervás",NA,NA,NA,1907,6,NA,NA,NA,"Dusmet","P. Álvarez [Piluca Álvarez Fidalgo]",0,1,"Colección Dusmet",0,"MNCN",NA,NA,"(Fabricius, 1798)",NA,NA
"Hylaeus","Prosopis","variegatus",NA,"España","Alicante","Alfafara",NA,NA,NA,1914,6,22,NA,NA,"Andréu","P. Álvarez [Piluca Álvarez Fidalgo]",0,1,"Colección Dusmet",0,"MNCN",NA,NA,"(Fabricius, 1798)",NA,NA
"Hylaeus","Prosopis","variegatus",NA,"España","Alicante","Pilar de la Horadada",NA,NA,NA,1909,8,6,NA,NA,"Andréu","P. Álvarez [Piluca Álvarez Fidalgo]",0,1,"Colección Dusmet",0,"MNCN",NA,NA,"(Fabricius, 1798)",NA,NA
"Hylaeus","Prosopis","variegatus",NA,"España","Alicante","Orihuela",NA,NA,NA,1905,NA,NA,NA,NA,"Andréu","P. Álvarez [Piluca Álvarez Fidalgo]",1,0,"Colección Dusmet",0,"MNCN",NA,NA,"(Fabricius, 1798)",NA,NA
"Hylaeus","Prosopis","variegatus",NA,"España","Zaragoza","Tiermas",NA,NA,NA,1912,7,30,NA,NA,"sin datos","P. Álvarez [Piluca Álvarez Fidalgo]",1,0,"Colección Dusmet",0,"MNCN",NA,NA,"(Fabricius, 1798)",NA,NA
"Hylaeus","Prosopis","variegatus",NA,"España","Madrid","Torrelodones",NA,NA,NA,1906,7,25,NA,NA,"sin datos","P. Álvarez [Piluca Álvarez Fidalgo]",0,1,"Colección Cabrera",0,"MNCN",NA,NA,"(Fabricius, 1798)",NA,NA
"Hylaeus","Prosopis","variegatus",NA,"España","Madrid","Rivas-Vaciamadrid",NA,NA,NA,1906,7,19,NA,NA,"sin datos","P. Álvarez [Piluca Álvarez Fidalgo]",0,1,"Colección Cabrera",0,"MNCN",NA,NA,"(Fabricius, 1798)",NA,NA
"Hylaeus","Prosopis","variegatus",NA,"España","Madrid","Rivas-Vaciamadrid",NA,NA,NA,1906,7,19,NA,NA,"sin datos","P. Álvarez [Piluca Álvarez Fidalgo]",0,1,"Colección Cabrera",0,"MNCN",NA,NA,"(Fabricius, 1798)",NA,NA
"Hylaeus","Prosopis","variegatus",NA,"España","Madrid","Rivas-Vaciamadrid",NA,NA,NA,1906,8,27,NA,NA,"sin datos","P. Álvarez [Piluca Álvarez Fidalgo]",0,1,"Colección Cabrera",0,"MNCN",NA,NA,"(Fabricius, 1798)",NA,NA
"Hylaeus","Prosopis","variegatus",NA,"España","Jaén","Cazorla",NA,NA,NA,1982,6,1,NA,NA,"E. Plaza","P. Álvarez [Piluca Álvarez Fidalgo]",1,0,"",0,"MNCN",NA,NA,"(Fabricius, 1798)",NA,NA
"Hylaeus","Prosopis","variegatus",NA,"España","Madrid","San Lorenzo de El Escorial",NA,NA,NA,1906,7,29,NA,NA,"sin datos","P. Álvarez [Piluca Álvarez Fidalgo]",1,0,"Colección Cabrera",0,"MNCN",NA,NA,"(Fabricius, 1798)",NA,NA
"Hylaeus","Prosopis","variegatus",NA,"España","Madrid","El Pardo",NA,NA,NA,1906,7,29,NA,NA,"Dusmet","P. Álvarez [Piluca Álvarez Fidalgo]",1,0,"Colección Dusmet",0,"MNCN",NA,NA,"(Fabricius, 1798)",NA,NA
"Hylaeus","Prosopis","variegatus",NA,"España","Madrid","San Fernando de Henares",NA,NA,NA,1910,6,8,NA,NA,"Dusmet","P. Álvarez [Piluca Álvarez Fidalgo]",1,0,"Colección Dusmet",0,"MNCN",NA,NA,"(Fabricius, 1798)",NA,NA
"Hylaeus","Prosopis","variegatus",NA,"España","Madrid","Loeches",NA,NA,NA,1977,9,20,NA,NA,"E. Mingo","P. Álvarez [Piluca Álvarez Fidalgo]",1,0,"",0,"MNCN",NA,NA,"(Fabricius, 1798)",NA,NA
"Hylaeus","Prosopis","variegatus",NA,"España","Pontevedra","Mondariz",NA,NA,NA,1910,8,10,NA,NA,"Dusmet","P. Álvarez [Piluca Álvarez Fidalgo]",1,0,"Colección Dusmet",0,"MNCN",NA,NA,"(Fabricius, 1798)",NA,NA
"Hylaeus","Prosopis","variegatus",NA,"España","Madrid","Aranjuez",NA,NA,NA,1920,5,27,NA,NA,"Dusmet","P. Álvarez [Piluca Álvarez Fidalgo]",1,0,"Colección Dusmet",0,"MNCN",NA,NA,"(Fabricius, 1798)",NA,NA
"Hylaeus","Prosopis","variegatus",NA,"España","Madrid","Aranjuez",NA,NA,NA,1910,5,20,NA,NA,"Dusmet","P. Álvarez [Piluca Álvarez Fidalgo]",1,0,"Colección Dusmet",0,"MNCN",NA,NA,"(Fabricius, 1798)",NA,NA
"Hylaeus","Prosopis","variegatus",NA,"España","Madrid","Aranjuez",NA,NA,NA,1910,5,20,NA,NA,"Dusmet","P. Álvarez [Piluca Álvarez Fidalgo]",1,0,"Colección Dusmet",0,"MNCN",NA,NA,"(Fabricius, 1798)",NA,NA
"Hylaeus","Prosopis","variegatus",NA,"España","Madrid","Aranjuez",NA,NA,NA,1910,5,20,NA,NA,"Dusmet","P. Álvarez [Piluca Álvarez Fidalgo]",0,1,"Colección Dusmet",0,"MNCN",NA,NA,"(Fabricius, 1798)",NA,NA
"Hylaeus","Prosopis","variegatus",NA,"España","Madrid","Aranjuez",NA,NA,NA,1910,5,20,NA,NA,"Dusmet","P. Álvarez [Piluca Álvarez Fidalgo]",0,1,"Colección Dusmet",0,"MNCN",NA,NA,"(Fabricius, 1798)",NA,NA
"Hylaeus","Prosopis","variegatus",NA,"España","Madrid","Rivas-Vaciamadrid",NA,NA,NA,1909,5,18,NA,NA,"Dusmet","P. Álvarez [Piluca Álvarez Fidalgo]",0,1,"Colección Dusmet",0,"MNCN",NA,NA,"(Fabricius, 1798)",NA,NA
"Hylaeus","Prosopis","variegatus",NA,"España","Madrid","Rivas-Vaciamadrid",NA,NA,NA,1910,6,14,NA,NA,"Dusmet","P. Álvarez [Piluca Álvarez Fidalgo]",0,1,"Colección Dusmet",0,"MNCN",NA,NA,"(Fabricius, 1798)",NA,NA
"Hylaeus","Prosopis","variegatus",NA,"España","Madrid","Rivas-Vaciamadrid",NA,NA,NA,1910,6,14,NA,NA,"Dusmet","P. Álvarez [Piluca Álvarez Fidalgo]",0,1,"Colección Dusmet",0,"MNCN",NA,NA,"(Fabricius, 1798)",NA,NA
"Hylaeus","Prosopis","variegatus",NA,"España","Madrid","Rivas-Vaciamadrid",NA,NA,NA,1910,6,14,NA,NA,"Dusmet","P. Álvarez [Piluca Álvarez Fidalgo]",0,1,"Colección Dusmet",0,"MNCN",NA,NA,"(Fabricius, 1798)",NA,NA
"Hylaeus","Prosopis","variegatus",NA,"España","Madrid","Rivas-Vaciamadrid",NA,NA,NA,1910,6,14,NA,NA,"Dusmet","P. Álvarez [Piluca Álvarez Fidalgo]",0,1,"Colección Dusmet",0,"MNCN",NA,NA,"(Fabricius, 1798)",NA,NA
"Hylaeus","Prosopis","variegatus",NA,"España","Madrid","Rivas-Vaciamadrid",NA,NA,NA,1910,6,14,NA,NA,"Dusmet","P. Álvarez [Piluca Álvarez Fidalgo]",0,1,"Colección Dusmet",0,"MNCN",NA,NA,"(Fabricius, 1798)",NA,NA
"Hylaeus","Prosopis","variegatus",NA,"España","Madrid","Rivas-Vaciamadrid",NA,NA,NA,1910,6,14,NA,NA,"Dusmet","P. Álvarez [Piluca Álvarez Fidalgo]",1,0,"Colección Dusmet",0,"MNCN",NA,NA,"(Fabricius, 1798)",NA,NA
"Hylaeus","Prosopis","variegatus",NA,"España","Madrid","Rivas-Vaciamadrid",NA,NA,NA,1910,6,14,NA,NA,"Dusmet","P. Álvarez [Piluca Álvarez Fidalgo]",1,0,"Colección Dusmet",0,"MNCN",NA,NA,"(Fabricius, 1798)",NA,NA
"Hylaeus","Prosopis","variegatus",NA,"España","Madrid","Rivas-Vaciamadrid",NA,NA,NA,1910,6,14,NA,NA,"Dusmet","P. Álvarez [Piluca Álvarez Fidalgo]",1,0,"Colección Dusmet",0,"MNCN",NA,NA,"(Fabricius, 1798)",NA,NA
"Hylaeus","Prosopis","variegatus",NA,"España","","Sierra de Guadarrama",NA,NA,NA,1917,9,2,NA,NA,"Dusmet","P. Álvarez [Piluca Álvarez Fidalgo]",1,0,"Colección Dusmet",0,"MNCN",NA,NA,"(Fabricius, 1798)",NA,NA
"Hylaeus","Prosopis","variegatus",NA,"España","","Sierra de Guadarrama",NA,NA,NA,1920,7,8,NA,NA,"Dusmet","P. Álvarez [Piluca Álvarez Fidalgo]",1,0,"Colección Dusmet",0,"MNCN",NA,NA,"(Fabricius, 1798)",NA,NA
"Hylaeus","Prosopis","variegatus",NA,"España","","Sierra de Guadarrama",NA,NA,NA,1920,7,8,NA,NA,"Dusmet","P. Álvarez [Piluca Álvarez Fidalgo]",1,0,"Colección Dusmet",0,"MNCN",NA,NA,"(Fabricius, 1798)",NA,NA
"Hylaeus","Prosopis","variegatus",NA,"España","","Sierra de Guadarrama",NA,NA,NA,1917,6,10,NA,NA,"Dusmet","P. Álvarez [Piluca Álvarez Fidalgo]",1,0,"Colección Dusmet",0,"MNCN",NA,NA,"(Fabricius, 1798)",NA,NA
"Hylaeus","Prosopis","variegatus",NA,"España","","Sierra de Guadarrama",NA,NA,NA,1917,6,10,NA,NA,"Dusmet","P. Álvarez [Piluca Álvarez Fidalgo]",0,1,"Colección Dusmet",0,"MNCN",NA,NA,"(Fabricius, 1798)",NA,NA
"Hylaeus","Prosopis","variegatus",NA,"España","","Sierra de Guadarrama",NA,NA,NA,1917,6,10,NA,NA,"Dusmet","P. Álvarez [Piluca Álvarez Fidalgo]",0,1,"Colección Dusmet",0,"MNCN",NA,NA,"(Fabricius, 1798)",NA,NA
"Hylaeus","Prosopis","variegatus",NA,"España","","Sierra de Guadarrama",NA,NA,NA,1917,6,10,NA,NA,"Dusmet","P. Álvarez [Piluca Álvarez Fidalgo]",0,1,"Colección Dusmet",0,"MNCN",NA,NA,"(Fabricius, 1798)",NA,NA
"Hylaeus","Prosopis","variegatus",NA,"España","","Sierra de Guadarrama",NA,NA,NA,1917,6,10,NA,NA,"Dusmet","P. Álvarez [Piluca Álvarez Fidalgo]",0,1,"Colección Dusmet",0,"MNCN",NA,NA,"(Fabricius, 1798)",NA,NA
"Hylaeus","Prosopis","variegatus",NA,"España","","Sierra de Guadarrama",NA,NA,NA,1917,7,7,NA,NA,"Dusmet","P. Álvarez [Piluca Álvarez Fidalgo]",0,1,"Colección Dusmet",0,"MNCN",NA,NA,"(Fabricius, 1798)",NA,NA
"Hylaeus","Prosopis","variegatus",NA,"España","Madrid","Villaviciosa de Odón",NA,NA,NA,1920,7,20,NA,NA,"Dusmet","P. Álvarez [Piluca Álvarez Fidalgo]",0,1,"Colección Dusmet",0,"MNCN",NA,NA,"(Fabricius, 1798)",NA,NA
"Hylaeus","Prosopis","variegatus",NA,"España","Madrid","Colmenar Viejo",NA,NA,NA,1917,6,18,NA,NA,"Dusmet","P. Álvarez [Piluca Álvarez Fidalgo]",0,1,"Colección Dusmet",0,"MNCN",NA,NA,"(Fabricius, 1798)",NA,NA
"Hylaeus","Prosopis","variegatus",NA,"España","Madrid","Alcalá de Henares",NA,NA,NA,1916,6,12,NA,NA,"Dusmet","P. Álvarez [Piluca Álvarez Fidalgo]",0,1,"Colección Dusmet",0,"MNCN",NA,NA,"(Fabricius, 1798)",NA,NA
"Hylaeus","Prosopis","variegatus",NA,"España","Madrid","Alcalá de Henares",NA,NA,NA,1916,6,12,NA,NA,"Dusmet","P. Álvarez [Piluca Álvarez Fidalgo]",1,0,"Colección Dusmet",0,"MNCN",NA,NA,"(Fabricius, 1798)",NA,NA
"Hylaeus","Prosopis","variegatus",NA,"España","Madrid","Alcalá de Henares",NA,NA,NA,1916,6,12,NA,NA,"Dusmet","P. Álvarez [Piluca Álvarez Fidalgo]",1,0,"Colección Dusmet",0,"MNCN",NA,NA,"(Fabricius, 1798)",NA,NA
"Hylaeus","Prosopis","variegatus",NA,"España","Madrid","Alcalá de Henares",NA,NA,NA,1916,6,12,NA,NA,"Dusmet","P. Álvarez [Piluca Álvarez Fidalgo]",1,0,"Colección Dusmet",0,"MNCN",NA,NA,"(Fabricius, 1798)",NA,NA
"Hylaeus","Prosopis","variegatus",NA,"España","Madrid","El Pardo",NA,NA,NA,1908,6,15,NA,NA,"Dusmet","P. Álvarez [Piluca Álvarez Fidalgo]",1,0,"Colección Dusmet",0,"MNCN",NA,NA,"(Fabricius, 1798)",NA,NA
"Hylaeus","Prosopis","variegatus",NA,"España","Madrid","El Pardo",NA,NA,NA,1908,6,15,NA,NA,"Dusmet","P. Álvarez [Piluca Álvarez Fidalgo]",1,0,"Colección Dusmet",0,"MNCN",NA,NA,"(Fabricius, 1798)",NA,NA
"Hylaeus","Prosopis","variegatus",NA,"España","Madrid","El Pardo",NA,NA,NA,1908,6,15,NA,NA,"Dusmet","P. Álvarez [Piluca Álvarez Fidalgo]",1,0,"Colección Dusmet",0,"MNCN",NA,NA,"(Fabricius, 1798)",NA,NA
"Hylaeus","Prosopis","variegatus",NA,"España","Madrid","El Pardo",NA,NA,NA,1910,6,26,NA,NA,"Dusmet","P. Álvarez [Piluca Álvarez Fidalgo]",1,0,"Colección Dusmet",0,"MNCN",NA,NA,"(Fabricius, 1798)",NA,NA
"Hylaeus","Prosopis","variegatus",NA,"España","Madrid","El Pardo",NA,NA,NA,1910,6,26,NA,NA,"Dusmet","P. Álvarez [Piluca Álvarez Fidalgo]",0,1,"Colección Dusmet",0,"MNCN",NA,NA,"(Fabricius, 1798)",NA,NA
"Hylaeus","Prosopis","variegatus",NA,"España","Madrid","El Pardo",NA,NA,NA,1910,6,26,NA,NA,"Dusmet","P. Álvarez [Piluca Álvarez Fidalgo]",0,1,"Colección Dusmet",0,"MNCN",NA,NA,"(Fabricius, 1798)",NA,NA
"Hylaeus","Prosopis","variegatus",NA,"España","Madrid","San Lorenzo de El Escorial",NA,NA,NA,1917,8,17,NA,NA,"Dusmet","P. Álvarez [Piluca Álvarez Fidalgo]",0,1,"Colección Dusmet",0,"MNCN",NA,NA,"(Fabricius, 1798)",NA,NA
"Hylaeus","Prosopis","variegatus",NA,"España","Madrid","San Lorenzo de El Escorial",NA,NA,NA,1917,8,17,NA,NA,"Dusmet","P. Álvarez [Piluca Álvarez Fidalgo]",0,1,"Colección Dusmet",0,"MNCN",NA,NA,"(Fabricius, 1798)",NA,NA
"Hylaeus","Prosopis","variegatus",NA,"España","Madrid","San Lorenzo de El Escorial",NA,NA,NA,1917,8,17,NA,NA,"Dusmet","P. Álvarez [Piluca Álvarez Fidalgo]",0,1,"Colección Dusmet",0,"MNCN",NA,NA,"(Fabricius, 1798)",NA,NA
"Hylaeus","Prosopis","variegatus",NA,"España","Madrid","San Lorenzo de El Escorial",NA,NA,NA,1917,8,17,NA,NA,"Dusmet","P. Álvarez [Piluca Álvarez Fidalgo]",0,1,"Colección Dusmet",0,"MNCN",NA,NA,"(Fabricius, 1798)",NA,NA
"Hylaeus","Prosopis","variegatus",NA,"España","Madrid","San Lorenzo de El Escorial",NA,NA,NA,1917,8,17,NA,NA,"Dusmet","P. Álvarez [Piluca Álvarez Fidalgo]",0,1,"Colección Dusmet",0,"MNCN",NA,NA,"(Fabricius, 1798)",NA,NA
"Hylaeus","Prosopis","variegatus",NA,"España","Madrid","San Lorenzo de El Escorial",NA,NA,NA,1917,8,17,NA,NA,"Dusmet","P. Álvarez [Piluca Álvarez Fidalgo]",0,1,"Colección Dusmet",0,"MNCN",NA,NA,"(Fabricius, 1798)",NA,NA
"Hylaeus","Prosopis","variegatus",NA,"España","Madrid","San Lorenzo de El Escorial",NA,NA,NA,1916,9,4,NA,NA,"Dusmet","P. Álvarez [Piluca Álvarez Fidalgo]",0,1,"Colección Dusmet",0,"MNCN",NA,NA,"(Fabricius, 1798)",NA,NA
"Hylaeus","Prosopis","variegatus",NA,"España","Madrid","El Pardo, El Goloso",NA,NA,NA,1991,6,1,NA,NA,"Nieves & Rey","P. Álvarez [Piluca Álvarez Fidalgo]",0,1,"",0,"MNCN",NA,NA,"(Fabricius, 1798)",NA,NA
"Hylaeus","Prosopis","variegatus",NA,"España","Madrid","El Ventorrillo",NA,NA,NA,1989,7,20,NA,NA,"Nieves & Rey","P. Álvarez [Piluca Álvarez Fidalgo]",0,1,"",0,"MNCN",NA,NA,"(Fabricius, 1798)",NA,NA
"Hylaeus","Prosopis","variegatus",NA,"España","Madrid","El Ventorrillo",NA,NA,NA,1989,8,11,NA,NA,"Nieves & Rey","P. Álvarez [Piluca Álvarez Fidalgo]",1,0,"",0,"MNCN",NA,NA,"(Fabricius, 1798)",NA,NA
"Hylaeus","Prosopis","variegatus",NA,"España","Madrid","El Pardo, El Goloso",NA,NA,NA,1991,7,9,NA,NA,"Nieves & Rey","P. Álvarez [Piluca Álvarez Fidalgo]",1,0,"",0,"MNCN",NA,NA,"(Fabricius, 1798)",NA,NA
"Hylaeus","Prosopis","variegatus",NA,"España","Madrid","El Pardo, El Goloso",NA,NA,NA,1991,7,24,NA,NA,"Nieves & Rey","P. Álvarez [Piluca Álvarez Fidalgo]",1,0,"",0,"MNCN",NA,NA,"(Fabricius, 1798)",NA,NA
"Hylaeus","Prosopis","variegatus",NA,"España","Madrid","El Pardo, El Goloso",NA,NA,NA,1991,7,24,NA,NA,"Nieves & Rey","P. Álvarez [Piluca Álvarez Fidalgo]",1,0,"",0,"MNCN",NA,NA,"(Fabricius, 1798)",NA,NA
"Hylaeus","Prosopis","variegatus",NA,"España","Cáceres","Baños de Montemayor",NA,NA,NA,1943,5,NA,NA,NA,"Dusmet","P. Álvarez [Piluca Álvarez Fidalgo]",1,0,"Colección Dusmet",0,"MNCN",NA,NA,"(Fabricius, 1798)",NA,NA
"Hylaeus","Prosopis","variegatus",NA,"España","","Sierra de Guadarrama",NA,NA,NA,1927,6,15,NA,NA,"Dusmet","P. Álvarez [Piluca Álvarez Fidalgo]",1,0,"Colección Dusmet",0,"MNCN",NA,NA,"(Fabricius, 1798)",NA,NA
"Hylaeus","Prosopis","variegatus",NA,"España","Madrid","San Fernando de Henares",NA,NA,NA,1910,6,8,NA,NA,"Dusmet","P. Álvarez [Piluca Álvarez Fidalgo]",0,1,"Colección Dusmet",0,"MNCN",NA,NA,"(Fabricius, 1798)",NA,NA
"Hylaeus","Prosopis","variegatus",NA,"España","Madrid","Parla",NA,NA,NA,1927,5,28,NA,NA,"Dusmet","P. Álvarez [Piluca Álvarez Fidalgo]",0,1,"Colección Dusmet",0,"MNCN",NA,NA,"(Fabricius, 1798)",NA,NA
"Hylaeus","Prosopis","variegatus",NA,"España","Madrid","Parla",NA,NA,NA,1927,5,28,NA,NA,"Dusmet","P. Álvarez [Piluca Álvarez Fidalgo]",0,1,"Colección Dusmet",0,"MNCN",NA,NA,"(Fabricius, 1798)",NA,NA
"Hylaeus","Prosopis","variegatus",NA,"España","Alicante","Orihuela",NA,NA,NA,1926,5,8,NA,NA,"Dusmet","P. Álvarez [Piluca Álvarez Fidalgo]",0,1,"Colección Dusmet",0,"MNCN",NA,NA,"(Fabricius, 1798)",NA,NA
"Hylaeus","Prosopis","variegatus",NA,"España","Madrid","Madrid",NA,NA,NA,1902,6,13,NA,NA,"Dusmet","P. Álvarez [Piluca Álvarez Fidalgo]",0,1,"Colección Dusmet",0,"MNCN",NA,NA,"(Fabricius, 1798)",NA,NA
"Hylaeus","Prosopis","variegatus",NA,"España","Madrid","El Pardo",NA,NA,NA,1943,6,13,NA,NA,"Junco","P. Álvarez [Piluca Álvarez Fidalgo]",1,0,"",0,"MNCN",NA,NA,"(Fabricius, 1798)",NA,NA
"Hylaeus","Prosopis","variegatus",NA,"España","Madrid","Madrid",NA,NA,NA,1900,7,6,NA,NA,"Dusmet","P. Álvarez [Piluca Álvarez Fidalgo]",1,0,"",0,"MNCN",NA,NA,"(Fabricius, 1798)",NA,NA
"Hylaeus","Prosopis","variegatus",NA,"España","Barcelona","La Garriga",NA,NA,NA,1924,8,NA,NA,NA,"Farriols","P. Álvarez [Piluca Álvarez Fidalgo]",1,0,"",0,"MNCN",NA,NA,"(Fabricius, 1798)",NA,NA
"Hylaeus","Prosopis","variegatus",NA,"España","Barcelona","Pedralbes",NA,NA,NA,1890,7,25,NA,NA,"sin datos","P. Álvarez [Piluca Álvarez Fidalgo]",1,0,"[Colección Cabrera]",0,"MNCN",NA,NA,"(Fabricius, 1798)",NA,NA
"Hylaeus","Prosopis","variegatus",NA,"España","Gerona","Ribas de Freser",NA,NA,NA,1897,7,10,NA,NA,"sin datos","P. Álvarez [Piluca Álvarez Fidalgo]",0,1,"[Colección Cabrera]",0,"MNCN",NA,NA,"(Fabricius, 1798)",NA,NA
"Hylaeus","Prosopis","variegatus",NA,"España","Ciudad Real","Pozuelo de Calatrava",NA,NA,NA,1897,NA,NA,NA,NA,"La Fuente","P. Álvarez [Piluca Álvarez Fidalgo]",0,1,"[Colección Cabrera]",0,"MNCN",NA,NA,"(Fabricius, 1798)",NA,NA
"Hylaeus","Prosopis","variegatus",NA,"España","Islas Baleares","Palma de Mallorca",NA,NA,NA,1901,7,11,NA,NA,"W. Holland","P. Álvarez [Piluca Álvarez Fidalgo]",1,0,"",0,"MNCN",NA,NA,"(Fabricius, 1798)",NA,NA
"Hylaeus","Prosopis","variegatus",NA,"España","Islas Baleares","Palma de Mallorca",NA,NA,NA,1901,6,27,NA,NA,"A.H. Hamm","P. Álvarez [Piluca Álvarez Fidalgo]",1,0,"",0,"MNCN",NA,NA,"(Fabricius, 1798)",NA,NA
"Hylaeus","Prosopis","variegatus",NA,"España","Islas Baleares","Palma de Mallorca",NA,NA,NA,1901,6,26,NA,NA,"E.B. Poulton","P. Álvarez [Piluca Álvarez Fidalgo]",1,0,"",0,"MNCN",NA,NA,"(Fabricius, 1798)",NA,NA
"Hylaeus","Prosopis","variegatus",NA,"España","Islas Baleares","Palma de Mallorca",NA,NA,NA,1901,6,26,NA,NA,"W. Holland","P. Álvarez [Piluca Álvarez Fidalgo]",0,1,"",0,"MNCN",NA,NA,"(Fabricius, 1798)",NA,NA
"Hylaeus","Prosopis","variegatus",NA,"España","Islas Baleares","Palma de Mallorca",NA,NA,NA,1901,7,11,NA,NA,"A.H. Hamm","P. Álvarez [Piluca Álvarez Fidalgo]",0,1,"",0,"MNCN",NA,NA,"(Fabricius, 1798)",NA,NA
"Hylaeus","Prosopis","variegatus",NA,"España","Islas Baleares","Palma de Mallorca",NA,NA,NA,1901,6,27,NA,NA,"A.H. Hamm","P. Álvarez [Piluca Álvarez Fidalgo]",0,1,"",0,"MNCN",NA,NA,"(Fabricius, 1798)",NA,NA
"Hylaeus","Prosopis","absolutus",NA,"España","Madrid","Aranjuez",NA,NA,NA,1912,5,26,NA,NA,"Dusmet","P. Álvarez [Piluca Álvarez Fidalgo]",0,1,"Colección Dusmet",0,"MNCN",NA,NA,"(Gribodo, 1894)",NA,NA
"Hylaeus","Prosopis","absolutus",NA,"España","Madrid","Aranjuez",NA,NA,NA,1912,5,26,NA,NA,"Dusmet","P. Álvarez [Piluca Álvarez Fidalgo]",0,1,"Colección Dusmet",0,"MNCN",NA,NA,"(Gribodo, 1894)",NA,NA
"Hylaeus","Prosopis","absolutus",NA,"España","Madrid","Aranjuez",NA,NA,NA,1912,5,26,NA,NA,"Dusmet","P. Álvarez [Piluca Álvarez Fidalgo]",0,1,"Colección Dusmet",0,"MNCN",NA,NA,"(Gribodo, 1894)",NA,NA
"Hylaeus","Prosopis","absolutus",NA,"España","Madrid","Aranjuez",NA,NA,NA,1912,5,26,NA,NA,"Dusmet","P. Álvarez [Piluca Álvarez Fidalgo]",1,0,"Colección Dusmet",0,"MNCN",NA,NA,"(Gribodo, 1894)",NA,NA
"Hylaeus","Prosopis","absolutus",NA,"España","Madrid","Aranjuez",NA,NA,NA,1912,5,26,NA,NA,"Dusmet","P. Álvarez [Piluca Álvarez Fidalgo]",1,0,"Colección Dusmet",0,"MNCN",NA,NA,"(Gribodo, 1894)",NA,NA
"Hylaeus","Prosopis","absolutus",NA,"España","Madrid","Aranjuez",NA,NA,NA,1912,5,26,NA,NA,"Dusmet","P. Álvarez [Piluca Álvarez Fidalgo]",1,0,"Colección Dusmet",0,"MNCN",NA,NA,"(Gribodo, 1894)",NA,NA
"Hylaeus","Prosopis","absolutus",NA,"España","Madrid","Aranjuez",NA,NA,NA,1912,5,26,NA,NA,"Dusmet","P. Álvarez [Piluca Álvarez Fidalgo]",1,0,"Colección Dusmet",0,"MNCN",NA,NA,"(Gribodo, 1894)",NA,NA
"Hylaeus","Prosopis","absolutus",NA,"España","Madrid","Aranjuez",NA,NA,NA,1912,5,26,NA,NA,"Dusmet","P. Álvarez [Piluca Álvarez Fidalgo]",1,0,"Colección Dusmet",0,"MNCN",NA,NA,"(Gribodo, 1894)",NA,NA
"Hylaeus","Prosopis","absolutus",NA,"España","Madrid","Aranjuez",NA,NA,NA,1912,5,26,NA,NA,"Dusmet","P. Álvarez [Piluca Álvarez Fidalgo]",1,0,"Colección Dusmet",0,"MNCN",NA,NA,"(Gribodo, 1894)",NA,NA
"Hylaeus","Prosopis","absolutus",NA,"España","Madrid","Aranjuez",NA,NA,NA,1912,5,26,NA,NA,"Dusmet","P. Álvarez [Piluca Álvarez Fidalgo]",1,0,"Colección Dusmet",0,"MNCN",NA,NA,"(Gribodo, 1894)",NA,NA
"Hylaeus","Prosopis","absolutus",NA,"España","Madrid","Aranjuez",NA,NA,NA,1912,5,26,NA,NA,"Dusmet","P. Álvarez [Piluca Álvarez Fidalgo]",1,0,"Colección Dusmet",0,"MNCN",NA,NA,"(Gribodo, 1894)",NA,NA
"Hylaeus","Prosopis","absolutus",NA,"España","Madrid","Aranjuez",NA,NA,NA,1912,5,26,NA,NA,"Dusmet","P. Álvarez [Piluca Álvarez Fidalgo]",1,0,"Colección Dusmet",0,"MNCN",NA,NA,"(Gribodo, 1894)",NA,NA
"Hylaeus","Prosopis","absolutus",NA,"España","Madrid","Aranjuez",NA,NA,NA,1916,6,1,NA,NA,"Dusmet","P. Álvarez [Piluca Álvarez Fidalgo]",1,0,"Colección Dusmet",0,"MNCN",NA,NA,"(Gribodo, 1894)",NA,NA
"Hylaeus","Prosopis","absolutus",NA,"España","Madrid","Aranjuez",NA,NA,NA,1916,6,1,NA,NA,"Dusmet","P. Álvarez [Piluca Álvarez Fidalgo]",1,0,"Colección Dusmet",0,"MNCN",NA,NA,"(Gribodo, 1894)",NA,NA
"Hylaeus","Prosopis","absolutus",NA,"España","Madrid","Aranjuez",NA,NA,NA,1916,6,1,NA,NA,"Dusmet","P. Álvarez [Piluca Álvarez Fidalgo]",1,0,"Colección Dusmet",0,"MNCN",NA,NA,"(Gribodo, 1894)",NA,NA
"Hylaeus","Prosopis","absolutus",NA,"España","Madrid","Aranjuez",NA,NA,NA,1916,6,1,NA,NA,"Dusmet","P. Álvarez [Piluca Álvarez Fidalgo]",1,0,"Colección Dusmet",0,"MNCN",NA,NA,"(Gribodo, 1894)",NA,NA
"Hylaeus","Prosopis","absolutus",NA,"España","Madrid","Aranjuez",NA,NA,NA,1916,6,1,NA,NA,"Dusmet","P. Álvarez [Piluca Álvarez Fidalgo]",1,0,"Colección Dusmet",0,"MNCN",NA,NA,"(Gribodo, 1894)",NA,NA
"Hylaeus","Prosopis","absolutus",NA,"España","Madrid","Aranjuez",NA,NA,NA,1916,6,1,NA,NA,"Dusmet","P. Álvarez [Piluca Álvarez Fidalgo]",1,0,"Colección Dusmet",0,"MNCN",NA,NA,"(Gribodo, 1894)",NA,NA
"Hylaeus","Prosopis","absolutus",NA,"España","Madrid","Aranjuez",NA,NA,NA,1916,6,1,NA,NA,"Dusmet","P. Álvarez [Piluca Álvarez Fidalgo]",1,0,"Colección Dusmet",0,"MNCN",NA,NA,"(Gribodo, 1894)",NA,NA
"Hylaeus","Prosopis","absolutus",NA,"España","Madrid","Aranjuez",NA,NA,NA,1916,6,1,NA,NA,"Dusmet","P. Álvarez [Piluca Álvarez Fidalgo]",1,0,"Colección Dusmet",0,"MNCN",NA,NA,"(Gribodo, 1894)",NA,NA
"Hylaeus","Prosopis","absolutus",NA,"España","Madrid","Rivas-Vaciamadrid",NA,NA,NA,1916,6,21,NA,NA,"Dusmet","P. Álvarez [Piluca Álvarez Fidalgo]",1,0,"Colección Dusmet",0,"MNCN",NA,NA,"(Gribodo, 1894)",NA,NA
"Hylaeus","Prosopis","absolutus",NA,"España","Madrid","Rivas-Vaciamadrid",NA,NA,NA,1916,6,21,NA,NA,"Dusmet","P. Álvarez [Piluca Álvarez Fidalgo]",1,0,"Colección Dusmet",0,"MNCN",NA,NA,"(Gribodo, 1894)",NA,NA
"Hylaeus","Prosopis","absolutus",NA,"España","Madrid","Rivas-Vaciamadrid",NA,NA,NA,1916,6,21,NA,NA,"Dusmet","P. Álvarez [Piluca Álvarez Fidalgo]",1,0,"Colección Dusmet",0,"MNCN",NA,NA,"(Gribodo, 1894)",NA,NA
"Hylaeus","Prosopis","absolutus",NA,"España","Madrid","Rivas-Vaciamadrid",NA,NA,NA,1911,7,31,NA,NA,"Dusmet","P. Álvarez [Piluca Álvarez Fidalgo]",1,0,"Colección Dusmet",0,"MNCN",NA,NA,"(Gribodo, 1894)",NA,NA
"Hylaeus","Prosopis","absolutus",NA,"España","Madrid","Rivas-Vaciamadrid",NA,NA,NA,1911,7,31,NA,NA,"Dusmet","P. Álvarez [Piluca Álvarez Fidalgo]",0,1,"Colección Dusmet",0,"MNCN",NA,NA,"(Gribodo, 1894)",NA,NA
"Hylaeus","Prosopis","absolutus",NA,"España","Madrid","Rivas-Vaciamadrid",NA,NA,NA,1911,7,31,NA,NA,"Dusmet","P. Álvarez [Piluca Álvarez Fidalgo]",0,1,"Colección Dusmet",0,"MNCN",NA,NA,"(Gribodo, 1894)",NA,NA
"Hylaeus","Prosopis","absolutus",NA,"España","Madrid","Rivas-Vaciamadrid",NA,NA,NA,1911,7,31,NA,NA,"Dusmet","P. Álvarez [Piluca Álvarez Fidalgo]",0,1,"Colección Dusmet",0,"MNCN",NA,NA,"(Gribodo, 1894)",NA,NA
"Hylaeus","Prosopis","absolutus",NA,"España","Madrid","Villaviciosa de Odón",NA,NA,NA,1912,5,23,NA,NA,"Dusmet","P. Álvarez [Piluca Álvarez Fidalgo]",0,1,"Colección Dusmet",0,"MNCN",NA,NA,"(Gribodo, 1894)",NA,NA
"Hylaeus","Prosopis","absolutus",NA,"España","Madrid","Villaviciosa de Odón",NA,NA,NA,1912,5,23,NA,NA,"Dusmet","P. Álvarez [Piluca Álvarez Fidalgo]",0,1,"Colección Dusmet",0,"MNCN",NA,NA,"(Gribodo, 1894)",NA,NA
"Hylaeus","Prosopis","absolutus",NA,"España","Madrid","Villaviciosa de Odón",NA,NA,NA,1912,5,23,NA,NA,"Dusmet","P. Álvarez [Piluca Álvarez Fidalgo]",0,1,"Colección Dusmet",0,"MNCN",NA,NA,"(Gribodo, 1894)",NA,NA
"Hylaeus","Prosopis","absolutus",NA,"España","Madrid","Villaviciosa de Odón",NA,NA,NA,1912,5,23,NA,NA,"Dusmet","P. Álvarez [Piluca Álvarez Fidalgo]",1,0,"Colección Dusmet",0,"MNCN",NA,NA,"(Gribodo, 1894)",NA,NA
"Hylaeus","Prosopis","absolutus",NA,"España","Madrid","Villaviciosa de Odón",NA,NA,NA,1912,5,23,NA,NA,"Dusmet","P. Álvarez [Piluca Álvarez Fidalgo]",1,0,"Colección Dusmet",0,"MNCN",NA,NA,"(Gribodo, 1894)",NA,NA
"Hylaeus","Prosopis","absolutus",NA,"España","Madrid","Villaviciosa de Odón",NA,NA,NA,1912,5,23,NA,NA,"Dusmet","P. Álvarez [Piluca Álvarez Fidalgo]",1,0,"Colección Dusmet",0,"MNCN",NA,NA,"(Gribodo, 1894)",NA,NA
"Hylaeus","Prosopis","absolutus",NA,"España","Madrid","San Agustín de Guadalix",NA,NA,NA,1912,6,8,NA,NA,"Dusmet","P. Álvarez [Piluca Álvarez Fidalgo]",1,0,"Colección Dusmet",0,"MNCN",NA,NA,"(Gribodo, 1894)",NA,NA
"Hylaeus","Prosopis","absolutus",NA,"España","Madrid","Madrid",NA,NA,NA,1900,NA,NA,NA,NA,"[Escalera]","P. Álvarez [Piluca Álvarez Fidalgo]",1,0,"",0,"MNCN",NA,NA,"(Gribodo, 1894)",NA,NA
"Hylaeus","Prosopis","absolutus",NA,"España","Madrid","San Lorenzo de El Escorial",NA,NA,NA,1912,6,16,NA,NA,"Dusmet","P. Álvarez [Piluca Álvarez Fidalgo]",1,0,"Colección Dusmet",0,"MNCN",NA,NA,"(Gribodo, 1894)",NA,NA
"Hylaeus","Prosopis","absolutus",NA,"España","Madrid","San Lorenzo de El Escorial",NA,NA,NA,1912,6,16,NA,NA,"Dusmet","P. Álvarez [Piluca Álvarez Fidalgo]",1,0,"Colección Dusmet",0,"MNCN",NA,NA,"(Gribodo, 1894)",NA,NA
"Hylaeus","Prosopis","absolutus",NA,"España","Madrid","San Lorenzo de El Escorial",NA,NA,NA,1912,6,16,NA,NA,"Dusmet","P. Álvarez [Piluca Álvarez Fidalgo]",0,1,"Colección Dusmet",0,"MNCN",NA,NA,"(Gribodo, 1894)",NA,NA
"Hylaeus","Prosopis","absolutus",NA,"España","Madrid","Boadilla del Monte",NA,NA,NA,1983,6,4,NA,NA,"E. Mingo","P. Álvarez [Piluca Álvarez Fidalgo]",0,1,"",0,"MNCN",NA,NA,"(Gribodo, 1894)",NA,NA
"Hylaeus","Prosopis","absolutus",NA,"España","Madrid","Rivas-Vaciamadrid",NA,NA,NA,1900,7,25,NA,NA,"Dusmet","P. Álvarez [Piluca Álvarez Fidalgo]",0,1,"",0,"MNCN",NA,NA,"(Gribodo, 1894)",NA,NA
"Hylaeus","Prosopis","absolutus",NA,"España","Ciudad Real","Aldea del Rey",NA,NA,NA,1895,NA,NA,NA,NA,"Pardo","P. Álvarez [Piluca Álvarez Fidalgo]",0,1,"",0,"MNCN",NA,NA,"(Gribodo, 1894)",NA,NA
"Hylaeus","Prosopis","absolutus",NA,"España","Madrid","San Lorenzo de El Escorial",NA,NA,NA,1918,6,19,NA,NA,"Dusmet","P. Álvarez [Piluca Álvarez Fidalgo]",1,0,"Colección Dusmet",0,"MNCN",NA,NA,"(Gribodo, 1894)",NA,NA
"Hylaeus","Prosopis","absolutus",NA,"España","Madrid","San Lorenzo de El Escorial",NA,NA,NA,1912,6,16,NA,NA,"Dusmet","P. Álvarez [Piluca Álvarez Fidalgo]",0,1,"Colección Dusmet",0,"MNCN",NA,NA,"(Gribodo, 1894)",NA,NA
"Hylaeus","Prosopis","absolutus",NA,"España","","Sierra de Guadarrama",NA,NA,NA,1927,6,21,NA,NA,"Dusmet","P. Álvarez [Piluca Álvarez Fidalgo]",0,1,"Colección Dusmet",0,"MNCN",NA,NA,"(Gribodo, 1894)",NA,NA
"Hylaeus","Prosopis","absolutus",NA,"España","Madrid","Rivas-Vaciamadrid",NA,NA,NA,1911,7,31,NA,NA,"Dusmet","P. Álvarez [Piluca Álvarez Fidalgo]",0,1,"Colección Dusmet",0,"MNCN",NA,NA,"(Gribodo, 1894)",NA,NA
"Hylaeus","Prosopis","absolutus",NA,"España","Madrid","Rivas-Vaciamadrid",NA,NA,NA,1912,7,30,NA,NA,"Dusmet","P. Álvarez [Piluca Álvarez Fidalgo]",0,1,"Colección Dusmet",0,"MNCN",NA,NA,"(Gribodo, 1894)",NA,NA
"Hylaeus","Prosopis","absolutus",NA,"España","Madrid","Rivas-Vaciamadrid",NA,NA,NA,1912,7,30,NA,NA,"Dusmet","P. Álvarez [Piluca Álvarez Fidalgo]",0,1,"Colección Dusmet",0,"MNCN",NA,NA,"(Gribodo, 1894)",NA,NA
"Hylaeus","Prosopis","absolutus",NA,"España","Madrid","Rivas-Vaciamadrid",NA,NA,NA,1912,7,30,NA,NA,"Dusmet","P. Álvarez [Piluca Álvarez Fidalgo]",1,0,"Colección Dusmet",0,"MNCN",NA,NA,"(Gribodo, 1894)",NA,NA
"Hylaeus","Prosopis","absolutus",NA,"España","Madrid","Rivas-Vaciamadrid",NA,NA,NA,1912,7,30,NA,NA,"Dusmet","P. Álvarez [Piluca Álvarez Fidalgo]",1,0,"Colección Dusmet",0,"MNCN",NA,NA,"(Gribodo, 1894)",NA,NA
"Hylaeus","Prosopis","absolutus",NA,"España","Madrid","Rivas-Vaciamadrid",NA,NA,NA,1905,6,12,NA,NA,"Dusmet","P. Álvarez [Piluca Álvarez Fidalgo]",1,0,"Colección Dusmet",0,"MNCN",NA,NA,"(Gribodo, 1894)",NA,NA
"Hylaeus","Prosopis","absolutus",NA,"España","Madrid","Rivas-Vaciamadrid",NA,NA,NA,1927,5,21,NA,NA,"Dusmet","P. Álvarez [Piluca Álvarez Fidalgo]",1,0,"Colección Dusmet",0,"MNCN",NA,NA,"(Gribodo, 1894)",NA,NA
"Hylaeus","Prosopis","absolutus",NA,"España","Madrid","Rivas-Vaciamadrid",NA,NA,NA,1905,6,12,NA,NA,"Dusmet","P. Álvarez [Piluca Álvarez Fidalgo]",0,1,"Colección Dusmet",0,"MNCN",NA,NA,"(Gribodo, 1894)",NA,NA
"Hylaeus","Prosopis","absolutus",NA,"España","Madrid","Rivas-Vaciamadrid",NA,NA,NA,1910,6,14,NA,NA,"Dusmet","P. Álvarez [Piluca Álvarez Fidalgo]",0,1,"Colección Dusmet",0,"MNCN",NA,NA,"(Gribodo, 1894)",NA,NA
"Hylaeus","Prosopis","absolutus",NA,"España","Ciudad Real","Pozuelo de Calatrava",NA,NA,NA,1910,NA,NA,NA,NA,"J.M. de La Fuente","P. Álvarez [Piluca Álvarez Fidalgo]",1,0,"",0,"MNCN",NA,NA,"(Gribodo, 1894)",NA,NA
"Hylaeus","Prosopis","absolutus",NA,"España","Madrid","Colmenar Viejo",NA,NA,NA,1987,6,6,NA,NA,"E. Plaza","P. Álvarez [Piluca Álvarez Fidalgo]",1,0,"",0,"MNCN",NA,NA,"(Gribodo, 1894)",NA,NA
"Hylaeus","Prosopis","absolutus",NA,"España","Madrid","San Fernando de Henares",NA,NA,NA,1910,6,8,NA,NA,"Dusmet","P. Álvarez [Piluca Álvarez Fidalgo]",1,0,"Colección Dusmet",0,"MNCN",NA,NA,"(Gribodo, 1894)",NA,NA
"Hylaeus","Prosopis","absolutus",NA,"España","Madrid","Alcalá de Henares",NA,NA,NA,1916,6,12,NA,NA,"Dusmet","P. Álvarez [Piluca Álvarez Fidalgo]",1,0,"Colección Dusmet",0,"MNCN",NA,NA,"(Gribodo, 1894)",NA,NA
"Hylaeus","Prosopis","absolutus",NA,"España","Madrid","Aranjuez",NA,NA,NA,1920,5,27,NA,NA,"Dusmet","P. Álvarez [Piluca Álvarez Fidalgo]",1,0,"Colección Dusmet",0,"MNCN",NA,NA,"(Gribodo, 1894)",NA,NA
"Hylaeus","Prosopis","absolutus",NA,"España","Madrid","Aranjuez",NA,NA,NA,1920,5,27,NA,NA,"Dusmet","P. Álvarez [Piluca Álvarez Fidalgo]",1,0,"Colección Dusmet",0,"MNCN",NA,NA,"(Gribodo, 1894)",NA,NA
"Hylaeus","Prosopis","absolutus",NA,"España","Madrid","Aranjuez",NA,NA,NA,1920,5,27,NA,NA,"Dusmet","P. Álvarez [Piluca Álvarez Fidalgo]",1,0,"Colección Dusmet",0,"MNCN",NA,NA,"(Gribodo, 1894)",NA,NA
"Hylaeus","Prosopis","absolutus",NA,"España","Madrid","Aranjuez",NA,NA,NA,1920,5,27,NA,NA,"Dusmet","P. Álvarez [Piluca Álvarez Fidalgo]",1,0,"Colección Dusmet",0,"MNCN",NA,NA,"(Gribodo, 1894)",NA,NA
"Hylaeus","Prosopis","absolutus",NA,"España","Madrid","Aranjuez",NA,NA,NA,1920,5,27,NA,NA,"Dusmet","P. Álvarez [Piluca Álvarez Fidalgo]",1,0,"Colección Dusmet",0,"MNCN",NA,NA,"(Gribodo, 1894)",NA,NA
"Hylaeus","Prosopis","absolutus",NA,"España","Madrid","Aranjuez",NA,NA,NA,1920,5,27,NA,NA,"Dusmet","P. Álvarez [Piluca Álvarez Fidalgo]",1,0,"Colección Dusmet",0,"MNCN",NA,NA,"(Gribodo, 1894)",NA,NA
"Hylaeus","Prosopis","absolutus",NA,"España","Madrid","Aranjuez",NA,NA,NA,1920,5,27,NA,NA,"Dusmet","P. Álvarez [Piluca Álvarez Fidalgo]",0,1,"Colección Dusmet",0,"MNCN",NA,NA,"(Gribodo, 1894)",NA,NA
"Hylaeus","Prosopis","absolutus",NA,"España","Madrid","Aranjuez",NA,NA,NA,1920,5,27,NA,NA,"Dusmet","P. Álvarez [Piluca Álvarez Fidalgo]",0,1,"Colección Dusmet",0,"MNCN",NA,NA,"(Gribodo, 1894)",NA,NA
"Hylaeus","Prosopis","absolutus",NA,"España","Madrid","Aranjuez",NA,NA,NA,1920,5,27,NA,NA,"Dusmet","P. Álvarez [Piluca Álvarez Fidalgo]",0,1,"Colección Dusmet",0,"MNCN",NA,NA,"(Gribodo, 1894)",NA,NA
"Hylaeus","Prosopis","absolutus",NA,"España","Madrid","Aranjuez",NA,NA,NA,1910,5,30,NA,NA,"Dusmet","P. Álvarez [Piluca Álvarez Fidalgo]",0,1,"Colección Dusmet",0,"MNCN",NA,NA,"(Gribodo, 1894)",NA,NA
"Hylaeus","Prosopis","absolutus",NA,"España","Madrid","Aranjuez",NA,NA,NA,1912,5,26,NA,NA,"Dusmet","P. Álvarez [Piluca Álvarez Fidalgo]",0,1,"Colección Dusmet",0,"MNCN",NA,NA,"(Gribodo, 1894)",NA,NA
"Hylaeus","Prosopis","absolutus",NA,"España","Madrid","Aranjuez",NA,NA,NA,1912,5,26,NA,NA,"Dusmet","P. Álvarez [Piluca Álvarez Fidalgo]",0,1,"Colección Dusmet",0,"MNCN",NA,NA,"(Gribodo, 1894)",NA,NA
"Hylaeus","Prosopis","absolutus",NA,"España","Madrid","Aranjuez",NA,NA,NA,1912,5,26,NA,NA,"Dusmet","P. Álvarez [Piluca Álvarez Fidalgo]",0,1,"Colección Dusmet",0,"MNCN",NA,NA,"(Gribodo, 1894)",NA,NA
"Hylaeus","Prosopis","absolutus",NA,"España","Madrid","Aranjuez",NA,NA,NA,1906,6,1,NA,NA,"Dusmet","P. Álvarez [Piluca Álvarez Fidalgo]",0,1,"Colección Dusmet",0,"MNCN",NA,NA,"(Gribodo, 1894)",NA,NA
"Hylaeus","Prosopis","absolutus",NA,"España","Madrid","Aranjuez",NA,NA,NA,1906,6,1,NA,NA,"Dusmet","P. Álvarez [Piluca Álvarez Fidalgo]",0,1,"Colección Dusmet",0,"MNCN",NA,NA,"(Gribodo, 1894)",NA,NA
"Hylaeus","Prosopis","absolutus",NA,"España","Madrid","Aranjuez",NA,NA,NA,1906,6,1,NA,NA,"Dusmet","P. Álvarez [Piluca Álvarez Fidalgo]",0,1,"Colección Dusmet",0,"MNCN",NA,NA,"(Gribodo, 1894)",NA,NA
"Hylaeus","Prosopis","absolutus",NA,"España","Madrid","Aranjuez",NA,NA,NA,1906,6,1,NA,NA,"Dusmet","P. Álvarez [Piluca Álvarez Fidalgo]",0,1,"Colección Dusmet",0,"MNCN",NA,NA,"(Gribodo, 1894)",NA,NA
"Hylaeus","Prosopis","absolutus",NA,"España","Madrid","Aranjuez",NA,NA,NA,1906,6,1,NA,NA,"Dusmet","P. Álvarez [Piluca Álvarez Fidalgo]",0,1,"Colección Dusmet",0,"MNCN",NA,NA,"(Gribodo, 1894)",NA,NA
"Hylaeus","Prosopis","absolutus",NA,"España","Madrid","Aranjuez",NA,NA,NA,1906,6,1,NA,NA,"Dusmet","P. Álvarez [Piluca Álvarez Fidalgo]",1,0,"Colección Dusmet",0,"MNCN",NA,NA,"(Gribodo, 1894)",NA,NA
"Hylaeus","Prosopis","absolutus",NA,"España","Madrid","Parla",NA,NA,NA,1927,5,28,NA,NA,"Dusmet","P. Álvarez [Piluca Álvarez Fidalgo]",1,0,"Colección Dusmet",0,"MNCN",NA,NA,"(Gribodo, 1894)",NA,NA
"Hylaeus","Prosopis","absolutus",NA,"España","Madrid","Parla",NA,NA,NA,1927,5,28,NA,NA,"Dusmet","P. Álvarez [Piluca Álvarez Fidalgo]",1,0,"Colección Dusmet",0,"MNCN",NA,NA,"(Gribodo, 1894)",NA,NA
"Hylaeus","Prosopis","absolutus",NA,"España","Madrid","Parla",NA,NA,NA,1927,5,28,NA,NA,"Dusmet","P. Álvarez [Piluca Álvarez Fidalgo]",1,0,"Colección Dusmet",0,"MNCN",NA,NA,"(Gribodo, 1894)",NA,NA
"Hylaeus","Prosopis","absolutus",NA,"España","Madrid","Parla",NA,NA,NA,1927,5,28,NA,NA,"Dusmet","P. Álvarez [Piluca Álvarez Fidalgo]",1,0,"Colección Dusmet",0,"MNCN",NA,NA,"(Gribodo, 1894)",NA,NA
"Hylaeus","Prosopis","absolutus",NA,"España","Córdoba","Espiel",NA,NA,NA,1927,5,26,NA,NA,"A. Seyrig","P. Álvarez [Piluca Álvarez Fidalgo]",1,0,"Colección Dusmet",0,"MNCN",NA,NA,"(Gribodo, 1894)",NA,NA
"Hylaeus","Koptogaster","punctulatissimus",NA,"España","Madrid","El Ventorrillo",NA,NA,NA,1989,7,14,NA,NA,"Nieves & Rey","P. Álvarez [Piluca Álvarez Fidalgo]",0,1,"",0,"MNCN",NA,NA,"Smith, 1842",NA,NA
"Hylaeus","Koptogaster","punctulatissimus",NA,"España","Madrid","El Ventorrillo",NA,NA,NA,1989,7,14,NA,NA,"Nieves & Rey","P. Álvarez [Piluca Álvarez Fidalgo]",0,1,"",0,"MNCN",NA,NA,"Smith, 1842",NA,NA
"Hylaeus","Prosopis","pictus",NA,"España","Madrid","El Ventorrillo",NA,NA,NA,1988,8,1,NA,NA,"Nieves & Rey","P. Álvarez [Piluca Álvarez Fidalgo]",0,1,"",0,"MNCN",NA,NA,"(Smith, 1853)",NA,NA
"Hylaeus","Prosopis","pictus",NA,"España","Madrid","El Ventorrillo",NA,NA,NA,1989,7,28,NA,NA,"Nieves & Rey","P. Álvarez [Piluca Álvarez Fidalgo]",0,1,"",0,"MNCN",NA,NA,"(Smith, 1853)",NA,NA
"Hylaeus","Prosopis","pictus",NA,"España","Madrid","Rivas-Vaciamadrid",NA,NA,NA,1900,NA,NA,NA,NA,"Mercet","P. Álvarez [Piluca Álvarez Fidalgo]",0,1,"Colección Gª Mercet",0,"MNCN",NA,NA,"(Smith, 1853)",NA,NA
"Hylaeus","Prosopis","pictus",NA,"España","Madrid","Rivas-Vaciamadrid",NA,NA,NA,1900,NA,NA,NA,NA,"Mercet","P. Álvarez [Piluca Álvarez Fidalgo]",0,1,"",0,"MNCN",NA,NA,"(Smith, 1853)",NA,NA
"Hylaeus","Prosopis","pictus",NA,"España","Madrid","Rivas-Vaciamadrid",NA,NA,NA,1924,NA,NA,NA,NA,"[Escalera]","P. Álvarez [Piluca Álvarez Fidalgo]",0,1,"",0,"MNCN",NA,NA,"(Smith, 1853)",NA,NA
"Hylaeus","Prosopis","pictus",NA,"España","Madrid","Rivas-Vaciamadrid",NA,NA,NA,1924,NA,NA,NA,NA,"[Escalera]","P. Álvarez [Piluca Álvarez Fidalgo]",0,1,"",0,"MNCN",NA,NA,"(Smith, 1853)",NA,NA
"Hylaeus","Prosopis","pictus",NA,"España","Alicante","Orihuela",NA,NA,NA,1935,7,NA,NA,NA,"Andréu","P. Álvarez [Piluca Álvarez Fidalgo]",0,1,"",0,"MNCN",NA,NA,"(Smith, 1853)",NA,NA
"Hylaeus","Prosopis","pictus",NA,"España","Alicante","Orihuela",NA,NA,NA,1935,7,NA,NA,NA,"Andréu","P. Álvarez [Piluca Álvarez Fidalgo]",0,1,"",0,"MNCN",NA,NA,"(Smith, 1853)",NA,NA
"Hylaeus","Prosopis","pictus",NA,"España","Alicante","Orihuela",NA,NA,NA,1935,7,NA,NA,NA,"Andréu","P. Álvarez [Piluca Álvarez Fidalgo]",0,1,"",0,"MNCN",NA,NA,"(Smith, 1853)",NA,NA
"Hylaeus","Prosopis","pictus",NA,"España","Murcia","Murcia",NA,NA,NA,1941,4,28,NA,NA,"Andréu","P. Álvarez [Piluca Álvarez Fidalgo]",0,1,"Colección Dusmet",0,"MNCN",NA,NA,"(Smith, 1853)",NA,NA
"Hylaeus","Prosopis","pictus",NA,"España","Murcia","Murcia",NA,NA,NA,1941,4,28,NA,NA,"Andréu","P. Álvarez [Piluca Álvarez Fidalgo]",0,1,"",0,"MNCN",NA,NA,"(Smith, 1853)",NA,NA
"Hylaeus","Prosopis","pictus",NA,"España","Valencia","Valencia",NA,NA,NA,1903,5,NA,NA,NA,"Escalera","P. Álvarez [Piluca Álvarez Fidalgo]",1,0,"",0,"MNCN",NA,NA,"(Smith, 1853)",NA,NA
"Hylaeus","Prosopis","pictus",NA,"España","Valencia","Valencia",NA,NA,NA,1903,5,NA,NA,NA,"[Escalera]","P. Álvarez [Piluca Álvarez Fidalgo]",0,1,"",0,"MNCN",NA,NA,"(Smith, 1853)",NA,NA
"Hylaeus","Prosopis","pictus",NA,"España","Jaén","Jaén",NA,NA,NA,1914,NA,NA,NA,NA,"Mercet","P. Álvarez [Piluca Álvarez Fidalgo]",0,1,"Colección Gª Mercet",0,"MNCN",NA,NA,"(Smith, 1853)",NA,NA
"Hylaeus","Prosopis","pictus",NA,"España","Jaén","Jaén",NA,NA,NA,1914,NA,NA,NA,NA,"Mercet","P. Álvarez [Piluca Álvarez Fidalgo]",1,0,"Colección Gª Mercet",0,"MNCN",NA,NA,"(Smith, 1853)",NA,NA
"Hylaeus","Prosopis","pictus",NA,"España","Jaén","Jaén",NA,NA,NA,1914,NA,NA,NA,NA,"Mercet","P. Álvarez [Piluca Álvarez Fidalgo]",1,0,"Colección Gª Mercet",0,"MNCN",NA,NA,"(Smith, 1853)",NA,NA
"Hylaeus","Prosopis","pictus",NA,"España","Madrid","Aranjuez",NA,NA,NA,1906,6,17,NA,NA,"sin datos","P. Álvarez [Piluca Álvarez Fidalgo]",1,0,"Colección Cabrera",0,"MNCN",NA,NA,"(Smith, 1853)",NA,NA
"Hylaeus","Prosopis","pictus",NA,"España","Madrid","El Pardo",NA,NA,NA,1903,NA,NA,NA,NA,"Arias","P. Álvarez [Piluca Álvarez Fidalgo]",1,0,"Colección Gª Mercet",0,"MNCN",NA,NA,"(Smith, 1853)",NA,NA
"Hylaeus","Prosopis","pictus",NA,"España","Madrid","Móstoles",NA,NA,NA,1930,5,NA,NA,NA,"J. Dusmet","P. Álvarez [Piluca Álvarez Fidalgo]",1,0,"Colección Dusmet",0,"MNCN",NA,NA,"(Smith, 1853)",NA,NA
"Hylaeus","Prosopis","pictus",NA,"España","Madrid","Los Molinos",NA,NA,NA,1902,NA,NA,NA,NA,"Gª Mercet","P. Álvarez [Piluca Álvarez Fidalgo]",1,0,"",0,"MNCN",NA,NA,"(Smith, 1853)",NA,NA
"Hylaeus","Prosopis","pictus",NA,"España","Islas Baleares","Entre Soller y Port.",NA,NA,NA,1901,7,4,NA,NA,"E. B. Poulton","P. Álvarez [Piluca Álvarez Fidalgo]",0,1,"",0,"MNCN",NA,NA,"(Smith, 1853)",NA,NA
"Hylaeus","Prosopis","pictus",NA,"España","Barcelona","Barcelona",NA,NA,NA,1901,7,13,NA,NA,"W. Holland","P. Álvarez [Piluca Álvarez Fidalgo]",0,1,"",0,"MNCN",NA,NA,"(Smith, 1853)",NA,NA
"Hylaeus","Prosopis","pictus",NA,"España","Barcelona","Barcelona",NA,NA,NA,1901,7,13,NA,NA,"W. Holland","P. Álvarez [Piluca Álvarez Fidalgo]",1,0,"",0,"MNCN",NA,NA,"(Smith, 1853)",NA,NA
"Hylaeus","Prosopis","pictus",NA,"España","Barcelona","Barcelona",NA,NA,NA,1894,7,NA,NA,NA,"sin datos","P. Álvarez [Piluca Álvarez Fidalgo]",1,0,"",0,"MNCN",NA,NA,"(Smith, 1853)",NA,NA
"Hylaeus","Prosopis","pictus",NA,"España","Barcelona","Barcelona",NA,NA,NA,1894,4,5,NA,NA,"sin datos","P. Álvarez [Piluca Álvarez Fidalgo]",1,0,"",0,"MNCN",NA,NA,"(Smith, 1853)",NA,NA
"Hylaeus","Prosopis","pictus",NA,"España","Barcelona","Barcelona",NA,NA,NA,1894,4,5,NA,NA,"sin datos","P. Álvarez [Piluca Álvarez Fidalgo]",1,0,"",0,"MNCN",NA,NA,"(Smith, 1853)",NA,NA
"Hylaeus","Prosopis","pictus",NA,"España","Barcelona","La Garriga",NA,NA,NA,1924,7,NA,NA,NA,"Farriols","P. Álvarez [Piluca Álvarez Fidalgo]",1,0,"",0,"MNCN",NA,NA,"(Smith, 1853)",NA,NA
"Hylaeus","Prosopis","pictus",NA,"España","Barcelona","La Garriga",NA,NA,NA,1924,8,NA,NA,NA,"Farriols","P. Álvarez [Piluca Álvarez Fidalgo]",1,0,"",0,"MNCN",NA,NA,"(Smith, 1853)",NA,NA
"Hylaeus","Prosopis","pictus",NA,"España","Barcelona","La Garriga",NA,NA,NA,1924,8,NA,NA,NA,"Farriols","P. Álvarez [Piluca Álvarez Fidalgo]",0,1,"",0,"MNCN",NA,NA,"(Smith, 1853)",NA,NA
"Hylaeus","Prosopis","pictus",NA,"España","Barcelona","Barcelona",NA,NA,NA,1905,8,10,NA,NA,"Arias","P. Álvarez [Piluca Álvarez Fidalgo]",0,1,"",0,"MNCN",NA,NA,"(Smith, 1853)",NA,NA
"Hylaeus","Prosopis","pictus",NA,"España","Barcelona","Balenyá",NA,NA,NA,1924,7,9,NA,NA,"Mas de Xaxars","P. Álvarez [Piluca Álvarez Fidalgo]",1,0,"",0,"MNCN",NA,NA,"(Smith, 1853)",NA,NA
"Hylaeus","Prosopis","pictus",NA,"España","Barcelona","La Garriga",NA,NA,NA,1924,8,NA,NA,NA,"Farriols","P. Álvarez [Piluca Álvarez Fidalgo]",1,0,"",0,"MNCN",NA,NA,"(Smith, 1853)",NA,NA
"Hylaeus","Prosopis","pictus",NA,"España","Barcelona","La Garriga",NA,NA,NA,1924,8,NA,NA,NA,"Farriols","P. Álvarez [Piluca Álvarez Fidalgo]",1,0,"",0,"MNCN",NA,NA,"(Smith, 1853)",NA,NA
"Hylaeus","Prosopis","pictus",NA,"España","Barcelona","La Garriga",NA,NA,NA,1924,9,24,NA,NA,"Farriols","P. Álvarez [Piluca Álvarez Fidalgo]",1,0,"",0,"MNCN",NA,NA,"(Smith, 1853)",NA,NA
"Hylaeus","Prosopis","pictus",NA,"España","Barcelona","La Garriga",NA,NA,NA,1924,9,24,NA,NA,"Farriols","P. Álvarez [Piluca Álvarez Fidalgo]",1,0,"",0,"MNCN",NA,NA,"(Smith, 1853)",NA,NA
"Hylaeus","Prosopis","pictus",NA,"España","Barcelona","La Garriga",NA,NA,NA,1924,9,24,NA,NA,"Farriols","P. Álvarez [Piluca Álvarez Fidalgo]",1,0,"",0,"MNCN",NA,NA,"(Smith, 1853)",NA,NA
"Hylaeus","Prosopis","pictus",NA,"España","Barcelona","Barcelona",NA,NA,NA,1896,9,13,NA,NA,"Farriols","P. Álvarez [Piluca Álvarez Fidalgo]",0,1,"",0,"MNCN",NA,NA,"(Smith, 1853)",NA,NA
"Hylaeus","Prosopis","pictus",NA,"España","Barcelona","Barcelona",NA,NA,NA,1898,7,25,NA,NA,"sin datos","P. Álvarez [Piluca Álvarez Fidalgo]",0,1,"",0,"MNCN",NA,NA,"(Smith, 1853)",NA,NA
"Hylaeus","Prosopis","pictus",NA,"España","Pontevedra","Villagarcía de Arosa",NA,NA,NA,1962,8,NA,NA,NA,"J. L. Saavedra","P. Álvarez [Piluca Álvarez Fidalgo]",1,0,"",0,"MNCN",NA,NA,"(Smith, 1853)",NA,NA
"Hylaeus","Prosopis","pictus",NA,"España","Madrid","Alcalá de Henares",NA,NA,NA,1892,NA,NA,NA,NA,"Mz. Escalera","P. Álvarez [Piluca Álvarez Fidalgo]",1,0,"",0,"MNCN",NA,NA,"(Smith, 1853)",NA,NA
"Hylaeus","Prosopis","pictus",NA,"España","Madrid","El Pardo",NA,NA,NA,1943,6,13,NA,NA,"Junco","P. Álvarez [Piluca Álvarez Fidalgo]",1,0,"",0,"MNCN",NA,NA,"(Smith, 1853)",NA,NA
"Hylaeus","Prosopis","pictus",NA,"España","Madrid","El Pardo",NA,NA,NA,1943,6,13,NA,NA,"Junco","P. Álvarez [Piluca Álvarez Fidalgo]",1,0,"",0,"MNCN",NA,NA,"(Smith, 1853)",NA,NA
"Hylaeus","Prosopis","pictus",NA,"España","Madrid","Madrid",NA,NA,NA,1909,6,NA,NA,NA,"Exp. del Museo","P. Álvarez [Piluca Álvarez Fidalgo]",1,0,"",0,"MNCN",NA,NA,"(Smith, 1853)",NA,NA
"Hylaeus","Prosopis","pictus",NA,"España","Madrid","Madrid",NA,NA,NA,1909,6,NA,NA,NA,"Exp. del Museo","P. Álvarez [Piluca Álvarez Fidalgo]",0,1,"",0,"MNCN",NA,NA,"(Smith, 1853)",NA,NA
"Hylaeus","Prosopis","pictus",NA,"España","Jaén","Despeñaperros",NA,NA,NA,1909,6,NA,NA,NA,"Exp. del Museo","P. Álvarez [Piluca Álvarez Fidalgo]",1,0,"",0,"MNCN",NA,NA,"(Smith, 1853)",NA,NA
"Hylaeus","Prosopis","pictus",NA,"España","Valencia","Godelleta",NA,NA,NA,1928,8,3,NA,NA,"sin datos","P. Álvarez [Piluca Álvarez Fidalgo]",1,0,"",0,"MNCN",NA,NA,"(Smith, 1853)",NA,NA
"Hylaeus","Prosopis","pictus",NA,"España","Zaragoza","Piedra",NA,NA,NA,1936,7,17,NA,NA,"Dusmet","P. Álvarez [Piluca Álvarez Fidalgo]",1,0,"Colección Dusmet",0,"MNCN",NA,NA,"(Smith, 1853)",NA,NA
"Hylaeus","Prosopis","pictus",NA,"España","Madrid","Alcalá de Henares",NA,NA,NA,1892,NA,NA,NA,NA,"Mz. Escalera","P. Álvarez [Piluca Álvarez Fidalgo]",0,1,"",0,"MNCN",NA,NA,"(Smith, 1853)",NA,NA
"Hylaeus","Prosopis","pictus",NA,"España","Tarragona","Tarragona",NA,NA,NA,1925,8,NA,NA,NA,"J.M. Dusmet","P. Álvarez [Piluca Álvarez Fidalgo]",0,1,"Colección Dusmet",0,"MNCN",NA,NA,"(Smith, 1853)",NA,NA
"Hylaeus","Prosopis","pictus",NA,"España","Tarragona","Tarragona",NA,NA,NA,1925,8,NA,NA,NA,"J.M. Dusmet","P. Álvarez [Piluca Álvarez Fidalgo]",0,1,"Colección Dusmet",0,"MNCN",NA,NA,"(Smith, 1853)",NA,NA
"Hylaeus","Prosopis","pictus",NA,"España","Lérida","Lérida",NA,NA,NA,1930,7,12,NA,NA,"sin datos","P. Álvarez [Piluca Álvarez Fidalgo]",0,1,"",0,"MNCN",NA,NA,"(Smith, 1853)",NA,NA
"Hylaeus","Prosopis","pictus",NA,"España","Lérida","Lérida",NA,NA,NA,1930,7,12,NA,NA,"sin datos","P. Álvarez [Piluca Álvarez Fidalgo]",0,1,"",0,"MNCN",NA,NA,"(Smith, 1853)",NA,NA
"Hylaeus","Prosopis","pictus",NA,"España","Cáceres","Torrequemada",NA,NA,NA,1932,7,NA,NA,NA,"J. Gil","P. Álvarez [Piluca Álvarez Fidalgo]",1,0,"",0,"MNCN",NA,NA,"(Smith, 1853)",NA,NA
"Hylaeus","Prosopis","pictus",NA,"España","Murcia","Archena",NA,NA,NA,1928,5,NA,NA,NA,"J. Dusmet","P. Álvarez [Piluca Álvarez Fidalgo]",1,0,"",0,"MNCN",NA,NA,"(Smith, 1853)",NA,NA
"Hylaeus","Prosopis","pictus",NA,"España","Barcelona","Montserrat",NA,NA,NA,1925,8,NA,NA,NA,"Dusmet","P. Álvarez [Piluca Álvarez Fidalgo]",1,0,"Colección Dusmet",0,"MNCN",NA,NA,"(Smith, 1853)",NA,NA
"Hylaeus","Prosopis","pictus",NA,"España","Barcelona","Centellas",NA,NA,NA,1924,7,30,NA,NA,"Mas de Xaxars","P. Álvarez [Piluca Álvarez Fidalgo]",1,0,"",0,"MNCN",NA,NA,"(Smith, 1853)",NA,NA
"Hylaeus","Prosopis","pictus",NA,"España","Valencia","Malvarrosa",NA,NA,NA,1939,9,3,NA,NA,"Giner Marí","P. Álvarez [Piluca Álvarez Fidalgo]",1,0,"",0,"MNCN",NA,NA,"(Smith, 1853)",NA,NA
"Hylaeus","Prosopis","pictus",NA,"España","Alicante","Albatera",NA,NA,NA,1912,8,29,NA,NA,"sin datos","P. Álvarez [Piluca Álvarez Fidalgo]",1,0,"Colección Cabrera",0,"MNCN",NA,NA,"(Smith, 1853)",NA,NA
"Hylaeus","Prosopis","pictus",NA,"España","Alicante","Albatera",NA,NA,NA,1912,8,29,NA,NA,"sin datos","P. Álvarez [Piluca Álvarez Fidalgo]",1,0,"Colección Cabrera",0,"MNCN",NA,NA,"(Smith, 1853)",NA,NA
"Hylaeus","Prosopis","pictus",NA,"España","Alicante","Albatera",NA,NA,NA,1912,8,29,NA,NA,"sin datos","P. Álvarez [Piluca Álvarez Fidalgo]",0,1,"Colección Cabrera",0,"MNCN",NA,NA,"(Smith, 1853)",NA,NA
"Hylaeus","Prosopis","pictus",NA,"España","Alicante","Albatera",NA,NA,NA,1912,8,29,NA,NA,"sin datos","P. Álvarez [Piluca Álvarez Fidalgo]",0,1,"Colección Cabrera",0,"MNCN",NA,NA,"(Smith, 1853)",NA,NA
"Hylaeus","Prosopis","pictus",NA,"España","Teruel","Oliete",NA,NA,NA,1910,8,NA,NA,NA,"Dusmet","P. Álvarez [Piluca Álvarez Fidalgo]",0,1,"Colección Dusmet",0,"MNCN",NA,NA,"(Smith, 1853)",NA,NA
"Hylaeus","Prosopis","pictus",NA,"España","Zaragoza","Muel",NA,NA,NA,1914,8,17,NA,NA,"sin datos","P. Álvarez [Piluca Álvarez Fidalgo]",0,1,"Colección Dusmet",0,"MNCN",NA,NA,"(Smith, 1853)",NA,NA
"Hylaeus","Prosopis","pictus",NA,"España","Madrid","Madrid",NA,NA,NA,1963,5,20,NA,NA,"J. Templado","P. Álvarez [Piluca Álvarez Fidalgo]",0,1,"",0,"MNCN",NA,NA,"(Smith, 1853)",NA,NA
"Hylaeus","Hylaeus","nigrita",NA,"España","Madrid","El Ventorrillo",NA,NA,NA,1989,8,11,NA,NA,"Nieves & Rey","P. Álvarez [Piluca Álvarez Fidalgo]",1,0,"",0,"MNCN",NA,NA,"(Fabricius, 1798)",NA,NA
"Hylaeus","Hylaeus","nigrita",NA,"España","Madrid","El Ventorrillo",NA,NA,NA,1989,8,4,NA,NA,"Nieves & Rey","P. Álvarez [Piluca Álvarez Fidalgo]",1,0,"",0,"MNCN",NA,NA,"(Fabricius, 1798)",NA,NA
"Hylaeus","Hylaeus","nigrita",NA,"España","Teruel","Albarracín",NA,NA,NA,1904,7,NA,NA,NA,"Dusmet","P. Álvarez [Piluca Álvarez Fidalgo]",1,0,"Colección Dusmet",0,"MNCN",NA,NA,"(Fabricius, 1798)",NA,NA
"Hylaeus","Hylaeus","nigrita",NA,"España","Teruel","Albarracín",NA,NA,NA,1904,7,NA,NA,NA,"Dusmet","P. Álvarez [Piluca Álvarez Fidalgo]",1,0,"Colección Dusmet",0,"MNCN",NA,NA,"(Fabricius, 1798)",NA,NA
"Hylaeus","Hylaeus","nigrita",NA,"España","Madrid","San Lorenzo de El Escorial",NA,NA,NA,1901,8,18,NA,NA,"Dusmet","P. Álvarez [Piluca Álvarez Fidalgo]",0,1,"Colección Dusmet",0,"MNCN",NA,NA,"(Fabricius, 1798)",NA,NA
"Hylaeus","Spatulariella","sulphuripes",NA,"España","Alicante","Alicante",NA,NA,NA,1903,NA,NA,NA,NA,"[Gª Mercet]","P. Álvarez [Piluca Álvarez Fidalgo]",0,1,"",0,"MNCN",NA,NA,"(Gribodo, 1894)",NA,NA
"Hylaeus","Spatulariella","sulphuripes",NA,"España","Valencia","Godelleta",NA,NA,NA,1928,7,3,NA,NA,"sin datos","P. Álvarez [Piluca Álvarez Fidalgo]",0,1,"",0,"MNCN",NA,NA,"(Gribodo, 1894)",NA,NA
"Hylaeus","Spatulariella","sulphuripes",NA,"España","Valencia","Godelleta",NA,NA,NA,1928,7,3,NA,NA,"sin datos","P. Álvarez [Piluca Álvarez Fidalgo]",1,0,"",0,"MNCN",NA,NA,"(Gribodo, 1894)",NA,NA
"Hylaeus","Spatulariella","sulphuripes",NA,"España","Ávila","Ávila",NA,NA,NA,1906,8,NA,NA,NA,"Sanz","P. Álvarez [Piluca Álvarez Fidalgo]",1,0,"",0,"MNCN",NA,NA,"(Gribodo, 1894)",NA,NA
"Hylaeus","Spatulariella","sulphuripes",NA,"España","Teruel","Libros",NA,NA,NA,1983,9,14,NA,NA,"C. Rey","P. Álvarez [Piluca Álvarez Fidalgo]",1,0,"ex. Col. C. Rey",0,"MNCN",NA,NA,"(Gribodo, 1894)",NA,NA
"Hylaeus","Spatulariella","sulphuripes",NA,"España","Teruel","Libros",NA,NA,NA,1983,9,14,NA,NA,"C. Rey","P. Álvarez [Piluca Álvarez Fidalgo]",1,0,"ex. Col. C. Rey",0,"MNCN",NA,NA,"(Gribodo, 1894)",NA,NA
"Hylaeus","Spatulariella","sulphuripes",NA,"España","Burgos","Salas de los Infantes",NA,NA,NA,1984,9,11,NA,NA,"C. Rey","P. Álvarez [Piluca Álvarez Fidalgo]",1,0,"ex. Col. C. Rey",0,"MNCN",NA,NA,"(Gribodo, 1894)",NA,NA
"Hylaeus","Spatulariella","sulphuripes",NA,"España","Burgos","Salas de los Infantes",NA,NA,NA,1984,9,12,NA,NA,"C. Rey","P. Álvarez [Piluca Álvarez Fidalgo]",1,0,"ex. Col. C. Rey",0,"MNCN",NA,NA,"(Gribodo, 1894)",NA,NA
"Hylaeus","Spatulariella","sulphuripes",NA,"España","Barcelona","Barcelona",NA,NA,NA,1896,10,27,NA,NA,"sin datos","P. Álvarez [Piluca Álvarez Fidalgo]",1,0,"[colección Cabrera]",0,"MNCN",NA,NA,"(Gribodo, 1894)",NA,NA
"Hylaeus","Spatulariella","sulphuripes",NA,"España","Barcelona","Barcelona",NA,NA,NA,1897,10,9,NA,NA,"sin datos","P. Álvarez [Piluca Álvarez Fidalgo]",1,0,"[colección Cabrera]",0,"MNCN",NA,NA,"(Gribodo, 1894)",NA,NA
"Hylaeus","Spatulariella","sulphuripes",NA,"España","Barcelona","Barcelona",NA,NA,NA,1896,9,13,NA,NA,"sin datos","P. Álvarez [Piluca Álvarez Fidalgo]",1,0,"[colección Cabrera]",0,"MNCN",NA,NA,"(Gribodo, 1894)",NA,NA
"Hylaeus","Spatulariella","sulphuripes",NA,"España","Barcelona","Barcelona",NA,NA,NA,1896,8,23,NA,NA,"sin datos","P. Álvarez [Piluca Álvarez Fidalgo]",1,0,"[colección Cabrera]",0,"MNCN",NA,NA,"(Gribodo, 1894)",NA,NA
"Hylaeus","Spatulariella","sulphuripes",NA,"España","Barcelona","Barcelona",NA,NA,NA,1897,8,20,NA,NA,"sin datos","P. Álvarez [Piluca Álvarez Fidalgo]",0,1,"[colección Cabrera]",0,"MNCN",NA,NA,"(Gribodo, 1894)",NA,NA
"Hylaeus","Spatulariella","sulphuripes",NA,"España","Tarragona","Tarragona",NA,NA,NA,1925,8,NA,NA,NA,"J.M. Dusmet","P. Álvarez [Piluca Álvarez Fidalgo]",0,1,"Colección Dusmet",0,"MNCN",NA,NA,"(Gribodo, 1894)",NA,NA
"Hylaeus","Spatulariella","sulphuripes",NA,"España","Segovia","La Granja de San Ildefonso",NA,NA,NA,1934,7,NA,NA,NA,"Gil Collado","P. Álvarez [Piluca Álvarez Fidalgo]",0,1,"",0,"MNCN",NA,NA,"(Gribodo, 1894)",NA,NA
"Hylaeus","Spatulariella","sulphuripes",NA,"España","Alicante","Busot",NA,NA,NA,1905,NA,NA,NA,NA,"Andréu","P. Álvarez [Piluca Álvarez Fidalgo]",0,1,"",0,"MNCN",NA,NA,"(Gribodo, 1894)",NA,NA
"Hylaeus","Spatulariella","sulphuripes",NA,"España","Zaragoza","Añón de Moncayo",NA,NA,NA,1921,8,4,NA,NA,"Dusmet","P. Álvarez [Piluca Álvarez Fidalgo]",0,1,"Colección Dusmet",0,"MNCN",NA,NA,"(Gribodo, 1894)",NA,NA
"Hylaeus","Spatulariella","sulphuripes",NA,"España","Huesca","Boltaña",NA,NA,NA,1919,7,30,NA,NA,"Dusmet","P. Álvarez [Piluca Álvarez Fidalgo]",0,1,"Colección Dusmet",0,"MNCN",NA,NA,"(Gribodo, 1894)",NA,NA
"Hylaeus","Spatulariella","sulphuripes",NA,"España","Huesca","Boltaña",NA,NA,NA,1919,7,30,NA,NA,"Dusmet","P. Álvarez [Piluca Álvarez Fidalgo]",0,1,"Colección Dusmet",0,"MNCN",NA,NA,"(Gribodo, 1894)",NA,NA
"Hylaeus","Spatulariella","sulphuripes",NA,"España","Almería","Tíjola",NA,NA,NA,1900,NA,NA,NA,NA,"Escalera","P. Álvarez [Piluca Álvarez Fidalgo]",0,1,"",0,"MNCN",NA,NA,"(Gribodo, 1894)",NA,NA
"Hylaeus","Spatulariella","sulphuripes",NA,"España","Murcia","Caravaca de la Cruz",NA,NA,NA,1950,7,29,NA,NA,"Andreu","P. Álvarez [Piluca Álvarez Fidalgo]",1,0,"",0,"MNCN",NA,NA,"(Gribodo, 1894)",NA,NA
"Hylaeus","Spatulariella","sulphuripes",NA,"España","Madrid","Madrid",NA,NA,NA,1946,6,6,NA,NA,"Dusmet","P. Álvarez [Piluca Álvarez Fidalgo]",1,0,"",0,"MNCN",NA,NA,"(Gribodo, 1894)",NA,NA
"Hylaeus","Spatulariella","sulphuripes",NA,"España","Granada","Alhama de Granada",NA,NA,NA,1942,6,NA,NA,NA,"J. Dusmet","P. Álvarez [Piluca Álvarez Fidalgo]",1,0,"Colección Dusmet",0,"MNCN",NA,NA,"(Gribodo, 1894)",NA,NA
"Hylaeus","Spatulariella","sulphuripes",NA,"España","Granada","Alhama de Granada",NA,NA,NA,1942,6,NA,NA,NA,"J. Dusmet","P. Álvarez [Piluca Álvarez Fidalgo]",1,0,"Colección Dusmet",0,"MNCN",NA,NA,"(Gribodo, 1894)",NA,NA
"Hylaeus","Spatulariella","sulphuripes",NA,"España","Granada","Granada",NA,NA,NA,1945,7,13,NA,NA,"Peris Torres","P. Álvarez [Piluca Álvarez Fidalgo]",1,0,"",0,"MNCN",NA,NA,"(Gribodo, 1894)",NA,NA
"Hylaeus","Spatulariella","sulphuripes",NA,"España","Granada","Granada",NA,NA,NA,1945,7,13,NA,NA,"Peris Torres","P. Álvarez [Piluca Álvarez Fidalgo]",1,0,"",0,"MNCN",NA,NA,"(Gribodo, 1894)",NA,NA
"Hylaeus","Spatulariella","sulphuripes",NA,"España","Granada","Granada",NA,NA,NA,1945,7,13,NA,NA,"Peris Torres","P. Álvarez [Piluca Álvarez Fidalgo]",1,0,"",0,"MNCN",NA,NA,"(Gribodo, 1894)",NA,NA
"Hylaeus","Spatulariella","sulphuripes",NA,"España","Granada","Granada",NA,NA,NA,1945,7,13,NA,NA,"Peris Torres","P. Álvarez [Piluca Álvarez Fidalgo]",1,0,"",0,"MNCN",NA,NA,"(Gribodo, 1894)",NA,NA
"Hylaeus","Spatulariella","sulphuripes",NA,"España","Granada","Granada",NA,NA,NA,1945,7,13,NA,NA,"Peris Torres","P. Álvarez [Piluca Álvarez Fidalgo]",1,0,"",0,"MNCN",NA,NA,"(Gribodo, 1894)",NA,NA
"Hylaeus","Spatulariella","sulphuripes",NA,"España","Granada","Granada",NA,NA,NA,1945,7,13,NA,NA,"Peris Torres","P. Álvarez [Piluca Álvarez Fidalgo]",1,0,"",0,"MNCN",NA,NA,"(Gribodo, 1894)",NA,NA
"Hylaeus","Spatulariella","sulphuripes",NA,"España","Granada","Granada",NA,NA,NA,1945,7,13,NA,NA,"Peris Torres","P. Álvarez [Piluca Álvarez Fidalgo]",1,0,"",0,"MNCN",NA,NA,"(Gribodo, 1894)",NA,NA
"Hylaeus","Spatulariella","sulphuripes",NA,"España","Valencia","Godelleta",NA,NA,NA,1928,8,1,NA,NA,"sin datos","P. Álvarez [Piluca Álvarez Fidalgo]",1,0,"",0,"MNCN",NA,NA,"(Gribodo, 1894)",NA,NA
"Hylaeus","Spatulariella","sulphuripes",NA,"España","Barcelona","Barcelona",NA,NA,NA,1894,6,30,NA,NA,"Antig","P. Álvarez [Piluca Álvarez Fidalgo]",1,0,"",0,"MNCN",NA,NA,"(Gribodo, 1894)",NA,NA
"Hylaeus","Dentigera","pilosulus",NA,"España","Alicante","Alicante",NA,NA,NA,1909,5,24,NA,NA,"G. Mercet","P. Álvarez [Piluca Álvarez Fidalgo]",1,0,"",0,"MNCN",NA,NA,"(Pérez, 1903)",NA,NA
"Hylaeus","Dentigera","pilosulus",NA,"España","Barcelona","Tarrasa",NA,NA,NA,1897,4,15,NA,NA,"sin datos","P. Álvarez [Piluca Álvarez Fidalgo]",1,0,"[Colección Cabrera]",0,"MNCN",NA,NA,"(Pérez, 1903)",NA,NA
"Hylaeus","Dentigera","pilosulus",NA,"España","Barcelona","Tarrasa",NA,NA,NA,1897,4,15,NA,NA,"sin datos","P. Álvarez [Piluca Álvarez Fidalgo]",0,1,"[Colección Cabrera]",0,"MNCN",NA,NA,"(Pérez, 1903)",NA,NA
"Hylaeus","Dentigera","pilosulus",NA,"España","Barcelona","Tarrasa",NA,NA,NA,1897,4,15,NA,NA,"sin datos","P. Álvarez [Piluca Álvarez Fidalgo]",0,1,"[Colección Cabrera]",0,"MNCN",NA,NA,"(Pérez, 1903)",NA,NA
"Hylaeus","Dentigera","pilosulus",NA,"España","Barcelona","Tarrasa",NA,NA,NA,1897,4,15,NA,NA,"sin datos","P. Álvarez [Piluca Álvarez Fidalgo]",0,1,"[Colección Cabrera]",0,"MNCN",NA,NA,"(Pérez, 1903)",NA,NA
"Hylaeus","Dentigera","pilosulus",NA,"España","Barcelona","Tarrasa",NA,NA,NA,1897,4,11,NA,NA,"sin datos","P. Álvarez [Piluca Álvarez Fidalgo]",0,1,"[Colección Cabrera]",0,"MNCN",NA,NA,"(Pérez, 1903)",NA,NA
"Hylaeus","Dentigera","pilosulus",NA,"España","Barcelona","Tarrasa",NA,NA,NA,1897,4,11,NA,NA,"sin datos","P. Álvarez [Piluca Álvarez Fidalgo]",0,1,"[Colección Cabrera]",0,"MNCN",NA,NA,"(Pérez, 1903)",NA,NA
"Hylaeus","Dentigera","pilosulus",NA,"España","Valencia","Godelleta",NA,NA,NA,1928,5,21,NA,NA,"sin datos","P. Álvarez [Piluca Álvarez Fidalgo]",0,1,"",0,"MNCN",NA,NA,"(Pérez, 1903)",NA,NA
"Hylaeus","Dentigera","pilosulus",NA,"España","Barcelona","Gavá",NA,NA,NA,1894,6,NA,NA,NA,"Antiga","P. Álvarez [Piluca Álvarez Fidalgo]",0,1,"[Colección Cabrera]",0,"MNCN",NA,NA,"(Pérez, 1903)",NA,NA
"Hylaeus","Dentigera","pilosulus",NA,"España","Valencia","Godelleta",NA,NA,NA,1936,5,12,NA,NA,"Fermín Z. Cervera","P. Álvarez [Piluca Álvarez Fidalgo]",0,1,"",0,"MNCN",NA,NA,"(Pérez, 1903)",NA,NA
"Hylaeus","Dentigera","pilosulus",NA,"España","Valencia","Godelleta",NA,NA,NA,1941,4,28,NA,NA,"sin datos","P. Álvarez [Piluca Álvarez Fidalgo]",1,0,"",0,"MNCN",NA,NA,"(Pérez, 1903)",NA,NA
"Hylaeus","Dentigera","pilosulus",NA,"España","Alicante","Arneva",NA,NA,NA,1934,4,4,NA,NA,"Andréu","P. Álvarez [Piluca Álvarez Fidalgo]",0,1,"",0,"MNCN",NA,NA,"(Pérez, 1903)",NA,NA
"Hylaeus","Paraprosopis","lineolatus",NA,"España","Madrid","Madrid",NA,NA,NA,1900,NA,NA,NA,NA,"G. Mercet","P. Álvarez [Piluca Álvarez Fidalgo]",1,0,"",0,"MNCN",NA,NA,"(Schenck, 1861)",NA,NA
"Hylaeus","Paraprosopis","lineolatus",NA,"España","Valencia","Valencia",NA,NA,NA,1905,NA,NA,NA,NA,"Moroder","J. Ortiz [Francisco Javier Ortiz Sánchez]",1,0,"",0,"MNCN",NA,NA,"(Schenck, 1861)",NA,NA
"Hylaeus","Paraprosopis","lineolatus",NA,"España","Madrid","Madrid",NA,NA,NA,1900,NA,NA,NA,NA,"Mercet","J. Ortiz [Francisco Javier Ortiz Sánchez]",1,0,"",0,"MNCN",NA,NA,"(Schenck, 1861)",NA,NA
"Hylaeus","Paraprosopis","lineolatus",NA,"España","Burgos","Hontoria del Pinar",NA,NA,NA,1984,8,20,NA,NA,"C. Rey","J. Ortiz [Francisco Javier Ortiz Sánchez]",1,0,"ex. Col. C. Rey",0,"MNCN",NA,NA,"(Schenck, 1861)",NA,NA
"Hylaeus","Paraprosopis","lineolatus",NA,"España","Madrid","El Ventorrillo",NA,NA,NA,1989,7,7,NA,NA,"Nieves & Rey","H.H. Dathe",1,0,"",0,"MNCN",NA,NA,"(Schenck, 1861)",NA,NA
"Hylaeus","Paraprosopis","lineolatus",NA,"España","","Sierra de Guadarrama",NA,NA,NA,1927,7,7,NA,NA,"Dusmet","P. Álvarez [Piluca Álvarez Fidalgo]",1,0,"Colección Dusmet",0,"MNCN",NA,NA,"(Schenck, 1861)",NA,NA
"Hylaeus","Paraprosopis","lineolatus",NA,"España","Segovia","Coca",NA,NA,NA,1983,7,2,NA,NA,"L. Hinojosa","P. Álvarez [Piluca Álvarez Fidalgo]",1,0,"",0,"MNCN",NA,NA,"(Schenck, 1861)",NA,NA
"Hylaeus","Spatulariella","punctatus",NA,"España","Pontevedra","Bayona",NA,NA,NA,1906,8,NA,NA,NA,"Dusmet","P. Álvarez [Piluca Álvarez Fidalgo]",0,1,"Colección Dusmet",0,"MNCN",NA,NA,"(Brullé, 1832)",NA,NA
"Hylaeus","Spatulariella","punctatus",NA,"España","Pontevedra","Bayona",NA,NA,NA,1906,8,NA,NA,NA,"Dusmet","P. Álvarez [Piluca Álvarez Fidalgo]",0,1,"Colección Dusmet",0,"MNCN",NA,NA,"(Brullé, 1832)",NA,NA
"Hylaeus","Paraprosopis","sinuatus",NA,"España","Madrid","El Ventorrillo",NA,NA,NA,1989,7,28,NA,NA,"Nieves & Rey","P. Álvarez [Piluca Álvarez Fidalgo]",0,1,"",0,"MNCN",NA,NA,"(Schenck, 1853)",NA,NA
"Hylaeus","Paraprosopis","sinuatus",NA,"España","Gerona","Ribas de Freser",NA,NA,NA,1897,7,10,NA,NA,"sin datos","P. Álvarez [Piluca Álvarez Fidalgo]",0,1,"",0,"MNCN",NA,NA,"(Schenck, 1853)",NA,NA
"Colletes","","noskiewiczi",NA,"España","","Sierra de Guadarrama",NA,NA,NA,1933,7,25,NA,NA,"Dusmet","P. Álvarez [Piluca Álvarez Fidalgo]",0,1,"Colección Dusmet",0,"MNCN",NA,NA,"Cockerell, 1942",NA,NA
"Colletes","","noskiewiczi",NA,"España","","Sierra de Guadarrama",NA,NA,NA,1933,7,25,NA,NA,"Dusmet","P. Álvarez [Piluca Álvarez Fidalgo]",0,1,"Colección Dusmet",0,"MNCN",NA,NA,"Cockerell, 1942",NA,NA
"Colletes","","noskiewiczi",NA,"España","","Sierra de Guadarrama",NA,NA,NA,1933,7,25,NA,NA,"Dusmet","P. Álvarez [Piluca Álvarez Fidalgo]",0,1,"Colección Dusmet",0,"MNCN",NA,NA,"Cockerell, 1942",NA,NA
"Colletes","","noskiewiczi",NA,"España","","Sierra de Guadarrama",NA,NA,NA,1933,7,25,NA,NA,"Dusmet","P. Álvarez [Piluca Álvarez Fidalgo]",0,1,"Colección Dusmet",0,"MNCN",NA,NA,"Cockerell, 1942",NA,NA
"Colletes","","noskiewiczi",NA,"España","","Sierra de Guadarrama",NA,NA,NA,1933,7,25,NA,NA,"Dusmet","P. Álvarez [Piluca Álvarez Fidalgo]",0,1,"Colección Dusmet",0,"MNCN",NA,NA,"Cockerell, 1942",NA,NA
"Colletes","","noskiewiczi",NA,"España","","Sierra de Guadarrama",NA,NA,NA,1933,7,25,NA,NA,"Dusmet","P. Álvarez [Piluca Álvarez Fidalgo]",0,1,"Colección Dusmet",0,"MNCN",NA,NA,"Cockerell, 1942",NA,NA
"Colletes","","noskiewiczi",NA,"España","","Sierra de Guadarrama",NA,NA,NA,1933,7,25,NA,NA,"Dusmet","P. Álvarez [Piluca Álvarez Fidalgo]",0,1,"Colección Dusmet",0,"MNCN",NA,NA,"Cockerell, 1942",NA,NA
"Colletes","","noskiewiczi",NA,"España","","Sierra de Guadarrama",NA,NA,NA,1933,7,25,NA,NA,"Dusmet","P. Álvarez [Piluca Álvarez Fidalgo]",0,1,"Colección Dusmet",0,"MNCN",NA,NA,"Cockerell, 1942",NA,NA
"Colletes","","noskiewiczi",NA,"España","","Sierra de Guadarrama",NA,NA,NA,1933,7,25,NA,NA,"Dusmet","P. Álvarez [Piluca Álvarez Fidalgo]",0,1,"Colección Dusmet",0,"MNCN",NA,NA,"Cockerell, 1942",NA,NA
"Colletes","","noskiewiczi",NA,"España","","Sierra de Guadarrama",NA,NA,NA,1933,7,25,NA,NA,"Dusmet","P. Álvarez [Piluca Álvarez Fidalgo]",0,1,"Colección Dusmet",0,"MNCN",NA,NA,"Cockerell, 1942",NA,NA
"Colletes","","noskiewiczi",NA,"España","","Sierra de Guadarrama",NA,NA,NA,1933,7,25,NA,NA,"Dusmet","P. Álvarez [Piluca Álvarez Fidalgo]",0,1,"Colección Dusmet",0,"MNCN",NA,NA,"Cockerell, 1942",NA,NA
"Colletes","","noskiewiczi",NA,"España","","Sierra de Guadarrama",NA,NA,NA,1933,7,25,NA,NA,"Dusmet","P. Álvarez [Piluca Álvarez Fidalgo]",0,1,"Colección Dusmet",0,"MNCN",NA,NA,"Cockerell, 1942",NA,NA
"Colletes","","noskiewiczi",NA,"España","","Sierra de Guadarrama",NA,NA,NA,1933,7,25,NA,NA,"Dusmet","P. Álvarez [Piluca Álvarez Fidalgo]",1,0,"Colección Dusmet",0,"MNCN",NA,NA,"Cockerell, 1942",NA,NA
"Colletes","","noskiewiczi",NA,"España","","Sierra de Guadarrama",NA,NA,NA,1933,7,25,NA,NA,"Dusmet","P. Álvarez [Piluca Álvarez Fidalgo]",1,0,"Colección Dusmet",0,"MNCN",NA,NA,"Cockerell, 1942",NA,NA
"Colletes","","noskiewiczi",NA,"España","","Sierra de Guadarrama",NA,NA,NA,1933,7,25,NA,NA,"Dusmet","P. Álvarez [Piluca Álvarez Fidalgo]",1,0,"Colección Dusmet",0,"MNCN",NA,NA,"Cockerell, 1942",NA,NA
"Colletes","","noskiewiczi",NA,"España","","Sierra de Guadarrama",NA,NA,NA,1933,7,25,NA,NA,"Dusmet","P. Álvarez [Piluca Álvarez Fidalgo]",1,0,"Colección Dusmet",0,"MNCN",NA,NA,"Cockerell, 1942",NA,NA
"Colletes","","noskiewiczi",NA,"España","","Sierra de Guadarrama",NA,NA,NA,1933,7,25,NA,NA,"Dusmet","P. Álvarez [Piluca Álvarez Fidalgo]",1,0,"Colección Dusmet",0,"MNCN",NA,NA,"Cockerell, 1942",NA,NA
"Colletes","","noskiewiczi",NA,"España","","Sierra de Guadarrama",NA,NA,NA,1933,7,25,NA,NA,"Dusmet","P. Álvarez [Piluca Álvarez Fidalgo]",1,0,"Colección Dusmet",0,"MNCN",NA,NA,"Cockerell, 1942",NA,NA
"Colletes","","noskiewiczi",NA,"España","","Sierra de Guadarrama",NA,NA,NA,1933,7,25,NA,NA,"Dusmet","P. Álvarez [Piluca Álvarez Fidalgo]",1,0,"Colección Dusmet",0,"MNCN",NA,NA,"Cockerell, 1942",NA,NA
"Colletes","","noskiewiczi",NA,"España","","Sierra de Guadarrama",NA,NA,NA,1933,7,25,NA,NA,"Dusmet","P. Álvarez [Piluca Álvarez Fidalgo]",1,0,"Colección Dusmet",0,"MNCN",NA,NA,"Cockerell, 1942",NA,NA
"Colletes","","noskiewiczi",NA,"España","","Sierra de Guadarrama",NA,NA,NA,1933,7,25,NA,NA,"Dusmet","P. Álvarez [Piluca Álvarez Fidalgo]",1,0,"Colección Dusmet",0,"MNCN",NA,NA,"Cockerell, 1942",NA,NA
"Colletes","","noskiewiczi",NA,"España","","Sierra de Guadarrama",NA,NA,NA,1933,7,25,NA,NA,"Dusmet","P. Álvarez [Piluca Álvarez Fidalgo]",1,0,"Colección Dusmet",0,"MNCN",NA,NA,"Cockerell, 1942",NA,NA
"Colletes","","noskiewiczi",NA,"España","","Sierra de Guadarrama",NA,NA,NA,1933,7,25,NA,NA,"Dusmet","P. Álvarez [Piluca Álvarez Fidalgo]",1,0,"Colección Dusmet",0,"MNCN",NA,NA,"Cockerell, 1942",NA,NA
"Colletes","","noskiewiczi",NA,"España","","Sierra de Guadarrama",NA,NA,NA,1933,7,25,NA,NA,"Dusmet","P. Álvarez [Piluca Álvarez Fidalgo]",1,0,"Colección Dusmet",0,"MNCN",NA,NA,"Cockerell, 1942",NA,NA
"Colletes","","noskiewiczi",NA,"España","","Sierra de Guadarrama",NA,NA,NA,1933,7,25,NA,NA,"Dusmet","P. Álvarez [Piluca Álvarez Fidalgo]",1,0,"Colección Dusmet",0,"MNCN",NA,NA,"Cockerell, 1942",NA,NA
"Colletes","","noskiewiczi",NA,"España","","Sierra de Guadarrama",NA,NA,NA,1933,7,25,NA,NA,"Dusmet","P. Álvarez [Piluca Álvarez Fidalgo]",1,0,"Colección Dusmet",0,"MNCN",NA,NA,"Cockerell, 1942",NA,NA
"Colletes","","noskiewiczi",NA,"España","","Sierra de Guadarrama",NA,NA,NA,1933,7,6,NA,NA,"Dusmet","P. Álvarez [Piluca Álvarez Fidalgo]",1,0,"Colección Dusmet",0,"MNCN",NA,NA,"Cockerell, 1942",NA,NA
"Colletes","","noskiewiczi",NA,"España","","Sierra de Guadarrama",NA,NA,NA,1933,7,6,NA,NA,"Dusmet","P. Álvarez [Piluca Álvarez Fidalgo]",1,0,"Colección Dusmet",0,"MNCN",NA,NA,"Cockerell, 1942",NA,NA
"Colletes","","noskiewiczi",NA,"España","","Sierra de Guadarrama",NA,NA,NA,1933,7,6,NA,NA,"Dusmet","P. Álvarez [Piluca Álvarez Fidalgo]",1,0,"Colección Dusmet",0,"MNCN",NA,NA,"Cockerell, 1942",NA,NA
"Colletes","","noskiewiczi",NA,"España","","Sierra de Guadarrama",NA,NA,NA,1933,7,6,NA,NA,"Dusmet","P. Álvarez [Piluca Álvarez Fidalgo]",1,0,"Colección Dusmet",0,"MNCN",NA,NA,"Cockerell, 1942",NA,NA
"Colletes","","noskiewiczi",NA,"España","","Sierra de Guadarrama",NA,NA,NA,1933,7,6,NA,NA,"Dusmet","P. Álvarez [Piluca Álvarez Fidalgo]",0,1,"Colección Dusmet",0,"MNCN",NA,NA,"Cockerell, 1942",NA,NA
"Colletes","","noskiewiczi",NA,"España","","Sierra de Guadarrama",NA,NA,NA,1933,7,6,NA,NA,"Dusmet","P. Álvarez [Piluca Álvarez Fidalgo]",0,1,"Colección Dusmet",0,"MNCN",NA,NA,"Cockerell, 1942",NA,NA
"Colletes","","noskiewiczi",NA,"España","","Sierra de Guadarrama",NA,NA,NA,1933,7,6,NA,NA,"Dusmet","P. Álvarez [Piluca Álvarez Fidalgo]",0,1,"Colección Dusmet",0,"MNCN",NA,NA,"Cockerell, 1942",NA,NA
"Colletes","","noskiewiczi",NA,"España","","Sierra de Guadarrama",NA,NA,NA,1931,7,10,NA,NA,"Dusmet","P. Álvarez [Piluca Álvarez Fidalgo]",0,1,"Colección Dusmet",0,"MNCN",NA,NA,"Cockerell, 1942",NA,NA
"Colletes","","noskiewiczi",NA,"España","","Sierra de Guadarrama",NA,NA,NA,1931,7,10,NA,NA,"Dusmet","P. Álvarez [Piluca Álvarez Fidalgo]",0,1,"Colección Dusmet",0,"MNCN",NA,NA,"Cockerell, 1942",NA,NA
"Colletes","","noskiewiczi",NA,"España","","Sierra de Guadarrama",NA,NA,NA,1931,7,10,NA,NA,"Dusmet","P. Álvarez [Piluca Álvarez Fidalgo]",1,0,"Colección Dusmet",0,"MNCN",NA,NA,"Cockerell, 1942",NA,NA
"Colletes","","nigricans",NA,"España","Madrid","Rivas-Vaciamadrid",NA,NA,NA,1916,6,21,NA,NA,"Dusmet","P. Álvarez [Piluca Álvarez Fidalgo]",0,1,"Coll. Dusmet",0,"MNCN",NA,NA,"Gistel, 1857",NA,NA
"Nomiapis","","bispinosa",NA,"España","Madrid","Madrid",NA,NA,NA,1900,NA,NA,NA,NA,"G. Mercet","P. Álvarez [Piluca Álvarez Fidalgo]",0,1,"Colección Gª Mercet",0,"MNCN",NA,NA,"(Brullé, 1832)",NA,NA
"Nomiapis","","bispinosa",NA,"España","Madrid","Villaverde",NA,NA,NA,1911,7,19,NA,NA,"Dusmet","P. Álvarez [Piluca Álvarez Fidalgo]",1,0,"Colección Dusmet",0,"MNCN",NA,NA,"(Brullé, 1832)",NA,NA
"Ceratina","Euceratina","cyanea",NA,"España","Asturias","Bao",NA,NA,NA,2018,8,22,NA,NA,"G. Pueyo y T. Frenso","P. Álvarez [Piluca Álvarez Fidalgo]",0,1,"",0,"MNCN",NA,NA,"(Kirby, 1802)",NA,NA
"Ceratina","Euceratina","dallatorreana",NA,"España","Madrid","Rivas-Vaciamadrid",NA,NA,NA,1906,8,21,NA,NA,"sin datos","P. Álvarez [Piluca Álvarez Fidalgo]",1,0,"Colección Cabrera",0,"MNCN",NA,NA,"Friese, 1896",NA,NA
"Ceratina","Euceratina","dallatorreana",NA,"España","Madrid","Rivas-Vaciamadrid",NA,NA,NA,1906,8,31,NA,NA,"sin datos","P. Álvarez [Piluca Álvarez Fidalgo]",1,0,"Colección Cabrera",0,"MNCN",NA,NA,"Friese, 1896",NA,NA
"Ceratina","Euceratina","dallatorreana",NA,"España","Madrid","Rivas-Vaciamadrid",NA,NA,NA,1906,9,14,NA,NA,"sin datos","P. Álvarez [Piluca Álvarez Fidalgo]",1,0,"Colección Cabrera",0,"MNCN",NA,NA,"Friese, 1896",NA,NA
"Ceratina","Euceratina","dallatorreana",NA,"España","Madrid","Rivas-Vaciamadrid",NA,NA,NA,1906,8,31,NA,NA,"sin datos","P. Álvarez [Piluca Álvarez Fidalgo]",1,0,"Colección Cabrera",0,"MNCN",NA,NA,"Friese, 1896",NA,NA
"Ceratina","Euceratina","dallatorreana",NA,"España","Madrid","Rivas-Vaciamadrid",NA,NA,NA,1906,8,21,NA,NA,"sin datos","P. Álvarez [Piluca Álvarez Fidalgo]",1,0,"Colección Cabrera",0,"MNCN",NA,NA,"Friese, 1896",NA,NA
"Ceratina","Euceratina","dallatorreana",NA,"España","Madrid","Rivas-Vaciamadrid",NA,NA,NA,1906,8,3,NA,NA,"sin datos","P. Álvarez [Piluca Álvarez Fidalgo]",1,0,"Colección Cabrera",0,"MNCN",NA,NA,"Friese, 1896",NA,NA
"Ceratina","Euceratina","dallatorreana",NA,"España","Toledo","Tembleque",NA,NA,NA,1984,5,12,NA,NA,"C. Rey","P. Álvarez [Piluca Álvarez Fidalgo]",1,0,"ex. Col. C. Rey",0,"MNCN",NA,NA,"Friese, 1896",NA,NA
"Ceratina","Euceratina","dallatorreana",NA,"España","Madrid","El Pardo, Mingorrubio",NA,NA,NA,1979,5,11,NA,NA,"L. Hinojosa","P. Álvarez [Piluca Álvarez Fidalgo]",1,0,"",0,"MNCN",NA,NA,"Friese, 1896",NA,NA
"Andrena","","agilissima",NA,"España","Granada","Órgiva",NA,NA,NA,2021,3,30,NA,NA,"J.L. Ruiz de la Cuesta","Ruiz de la Cuesta",1,0,"",0,"MNCN",NA,NA,"(Scopoli, 1770)",NA,NA
"Andrena","","agilissima",NA,"España","Granada","Órgiva",NA,NA,NA,2019,4,10,NA,NA,"J.L. Ruiz de la Cuesta","Ruiz de la Cuesta",1,0,"",0,"MNCN",NA,NA,"(Scopoli, 1770)",NA,NA
"Ceratina","Euceratina","dallatorreana",NA,"España","Madrid","Rivas-Vaciamadrid",NA,NA,NA,1906,7,19,NA,NA,"sin datos","P. Álvarez [Piluca Álvarez Fidalgo]",1,0,"Colección Cabrera",0,"MNCN",NA,NA,"Friese, 1896",NA,NA
"Ceratina","Euceratina","dallatorreana",NA,"España","Madrid","Rivas-Vaciamadrid",NA,NA,NA,1901,8,19,NA,NA,"sin datos","P. Álvarez [Piluca Álvarez Fidalgo]",1,0,"Colección Cabrera",0,"MNCN",NA,NA,"Friese, 1896",NA,NA
"Ceratina","Euceratina","dallatorreana",NA,"España","Madrid","Rivas-Vaciamadrid",NA,NA,NA,1906,8,21,NA,NA,"sin datos","P. Álvarez [Piluca Álvarez Fidalgo]",1,0,"Colección Cabrera",0,"MNCN",NA,NA,"Friese, 1896",NA,NA
"Ceratina","Euceratina","dallatorreana",NA,"España","Madrid","El Pardo",NA,NA,NA,1906,8,15,NA,NA,"sin datos","P. Álvarez [Piluca Álvarez Fidalgo]",1,0,"Colección Cabrera",0,"MNCN",NA,NA,"Friese, 1896",NA,NA
"Ceratina","Euceratina","dallatorreana",NA,"España","Alicante","Elche",NA,NA,NA,1950,NA,NA,NA,NA,"E. Pons","P. Álvarez [Piluca Álvarez Fidalgo]",1,0,"",0,"MNCN",NA,NA,"Friese, 1896",NA,NA
"Ceratina","Euceratina","dallatorreana",NA,"España","Murcia","Barinas",NA,NA,NA,1951,7,10,NA,NA,"Andreu","P. Álvarez [Piluca Álvarez Fidalgo]",1,0,"",0,"MNCN",NA,NA,"Friese, 1896",NA,NA
"Anthophora","","aestivalis",NA,"España","Granada","Órgiva",NA,NA,NA,2020,12,9,NA,NA,"J.L. Ruiz de la Cuesta","Ruiz de la Cuesta",0,1,"",0,"MNCN",NA,NA,"(Panzer, 1801)",NA,NA
"Andrena","Zonandrena","flavipes",NA,"España","Granada","Órgiva",NA,NA,NA,2021,2,25,NA,NA,"J.L. Ruiz de la Cuesta","Ruiz de la Cuesta",0,1,"",0,"MNCN",NA,NA,"Panzer, 1799",NA,NA
"Andrena","Zonandrena","flavipes",NA,"España","Granada","Órgiva",NA,NA,NA,2019,3,2,NA,NA,"J.L. Ruiz de la Cuesta","Ruiz de la Cuesta",0,1,"",0,"MNCN",NA,NA,"Panzer, 1799",NA,NA
"Andrena","Zonandrena","flavipes",NA,"España","Granada","Órgiva",NA,NA,NA,2020,4,4,NA,NA,"J.L. Ruiz de la Cuesta","Ruiz de la Cuesta",1,0,"",0,"MNCN",NA,NA,"Panzer, 1799",NA,NA
"Andrena","Biareolina","lagopus",NA,"España","Granada","Órgiva",NA,NA,NA,2021,3,3,NA,NA,"J.L. Ruiz de la Cuesta","Ruiz de la Cuesta",0,1,"",0,"MNCN",NA,NA,"Latreille, 1809",NA,NA
"Andrena","Micrandrena","nana",NA,"España","Granada","Órgiva",NA,NA,NA,2020,4,10,NA,NA,"J.L. Ruiz de la Cuesta","Ruiz de la Cuesta",1,0,"",0,"MNCN",NA,NA,"(Kirby, 1802)",NA,NA
"Andrena","Chlorandrena","senecionis",NA,"España","Granada","Órgiva",NA,NA,NA,2020,4,15,NA,NA,"J.L. Ruiz de la Cuesta","Ruiz de la Cuesta",0,1,"",0,"MNCN",NA,NA,"Pérez, 1895",NA,NA
"Andrena","Suandrena","suerinensis",NA,"España","Granada","Órgiva",NA,NA,NA,2020,2,6,NA,NA,"J.L. Ruiz de la Cuesta","Ruiz de la Cuesta",0,1,"",0,"MNCN",NA,NA,"Friese, 1884",NA,NA
"Andrena","","thoracica",NA,"España","Granada","Órgiva",NA,NA,NA,2021,2,28,NA,NA,"J.L. Ruiz de la Cuesta","Ruiz de la Cuesta",1,0,"",0,"MNCN",NA,NA,"(Fabricius, 1775)",NA,NA
"Andrena","Truncandrena","medeninensis",NA,"España","Madrid","Villaviciosa de Odón",NA,NA,NA,1891,NA,NA,NA,NA,"Escalera","P. Álvarez [Piluca Álvarez Fidalgo]",0,1,"",0,"MNCN",NA,NA,"Pérez, 1895",NA,NA
"Andrena","Chlorandrena","livens",NA,"España","Córdoba","Villaharta",NA,NA,NA,1929,4,27,NA,NA,"J. Dusmet","P. Álvarez [Piluca Álvarez Fidalgo]",1,0,"Colección Dusmet",0,"MNCN",NA,NA,"Pérez, 1895",NA,NA
"Andrena","Chlorandrena","livens",NA,"España","Córdoba","Villaharta",NA,NA,NA,1929,4,27,NA,NA,"J. Dusmet","P. Álvarez [Piluca Álvarez Fidalgo]",0,1,"Colección Dusmet",0,"MNCN",NA,NA,"Pérez, 1895",NA,NA
"Andrena","Chlorandrena","livens",NA,"España","Castellón","Castellón",NA,NA,NA,1921,4,18,NA,NA,"Dusmet","P. Álvarez [Piluca Álvarez Fidalgo]",0,1,"Colección Dusmet",0,"MNCN",NA,NA,"Pérez, 1895",NA,NA
"Andrena","Chlorandrena","livens",NA,"España","Madrid","Madrid",NA,NA,NA,1923,5,12,NA,NA,"Dusmet","P. Álvarez [Piluca Álvarez Fidalgo]",1,0,"Colección Dusmet",0,"MNCN",NA,NA,"Pérez, 1895",NA,NA
"Colletes","","hederae",NA,"España","Madrid","Madrid",NA,NA,NA,2021,9,29,NA,NA,"M. París","P. Álvarez [Piluca Álvarez Fidalgo]",0,1,"",0,"MNCN",NA,NA,"Schmidt & Westrich, 1993",NA,NA
"Colletes","","hederae",NA,"España","Madrid","Madrid",NA,NA,NA,2021,9,29,NA,NA,"M. París","P. Álvarez [Piluca Álvarez Fidalgo]",0,1,"",0,"MNCN",NA,NA,"Schmidt & Westrich, 1993",NA,NA
"Tetralonia","","dentata",NA,"España","Granada","Órgiva",NA,NA,NA,2019,8,3,NA,NA,"J.L. Ruiz de la Cuesta","Ruiz de la Cuesta",0,1,"",0,"MNCN",NA,NA,"(Germar, 1839)",NA,NA
"Anthophora","","dispar",NA,"España","Granada","Órgiva",NA,NA,NA,2021,1,18,NA,NA,"J.L. Ruiz de la Cuesta","Ruiz de la Cuesta",1,0,"",0,"MNCN",NA,NA,"Lepeletier, 1841",NA,NA
"Anthophora","","fulvitarsis",NA,"España","Granada","Órgiva",NA,NA,NA,2021,4,7,NA,NA,"J.L. Ruiz de la Cuesta","Ruiz de la Cuesta",0,1,"",0,"MNCN",NA,NA,"Brullé, 1832",NA,NA
"Anthophora","","leucophaea",NA,"España","Granada","Órgiva",NA,NA,NA,2021,2,19,NA,NA,"J.L. Ruiz de la Cuesta","Ruiz de la Cuesta",1,0,"",0,"MNCN",NA,NA,"Pérez, 1879",NA,NA
"Anthophora","","mucida",NA,"España","Granada","Órgiva",NA,NA,NA,2021,2,25,NA,NA,"J.L. Ruiz de la Cuesta","Ruiz de la Cuesta",0,1,"",0,"MNCN",NA,NA,"Gribodo, 1873",NA,NA
"Anthophora","","salviae",NA,"España","Granada","Órgiva",NA,NA,NA,2021,3,18,NA,NA,"J.L. Ruiz de la Cuesta","Ruiz de la Cuesta",0,1,"",0,"MNCN",NA,NA,"(Morawitz, 1876)",NA,NA
"Bombus","Megabombus","ruderatus",NA,"España","Granada","Órgiva",NA,NA,NA,2019,5,22,NA,NA,"J.L. Ruiz de la Cuesta","Ruiz de la Cuesta",1,0,"",0,"MNCN",NA,NA,"(Fabricius, 1775)",NA,NA
"Tetralonia","","iberica",NA,"España","Granada","Órgiva",NA,NA,NA,2009,8,22,NA,NA,"J.L. Ruiz de la Cuesta","Ruiz de la Cuesta",0,1,"",0,"MNCN",NA,NA,"Dusmet, 1926",NA,NA
"Panurgus","Panurgus","calcaratus",NA,"España","Málaga","Mijas Costa",NA,NA,NA,2018,6,11,NA,NA,"F. Frenso","P. Álvarez [Piluca Álvarez Fidalgo]",0,1,"",0,"MNCN",NA,NA,"(Scopoli, 1763)",NA,NA
"Panurgus","Panurgus","calcaratus",NA,"España","Málaga","Mijas Costa",NA,NA,NA,2018,6,17,NA,NA,"F. Frenso","P. Álvarez [Piluca Álvarez Fidalgo]",1,0,"",0,"MNCN",NA,NA,"(Scopoli, 1763)",NA,NA
"Panurgus","Panurgus","calcaratus",NA,"España","Málaga","Mijas Costa",NA,NA,NA,2018,6,17,NA,NA,"F. Frenso","P. Álvarez [Piluca Álvarez Fidalgo]",0,1,"",0,"MNCN",NA,NA,"(Scopoli, 1763)",NA,NA
"Panurgus","Panurgus","calcaratus",NA,"España","Málaga","Mijas Costa",NA,NA,NA,2018,6,21,NA,NA,"F. Frenso","P. Álvarez [Piluca Álvarez Fidalgo]",0,1,"",0,"MNCN",NA,NA,"(Scopoli, 1763)",NA,NA
"Andrena","Simandrena","antigana",NA,"España","Cádiz","Puerto de Santa María",NA,NA,NA,1927,5,1,NA,NA,"Dusmet","P. Álvarez [Piluca Álvarez Fidalgo]",1,0,"Colección Dusmet",0,"MNCN",NA,NA,"Pérez, 1895",NA,NA
"Andrena","Simandrena","lepida",NA,"España","Madrid","Madrid",NA,NA,NA,1936,6,8,NA,NA,"Dusmet","P. Álvarez [Piluca Álvarez Fidalgo]",1,0,"Colección Dusmet",0,"MNCN",NA,NA,"Schenck, 1861",NA,NA
"Seladonia","","subaurata",NA,"España","León","Sierra deAlceo",NA,NA,NA,2016,8,3,NA,NA,"E.F. Vidal & A.R. Fandiño","P. Álvarez [Piluca Álvarez Fidalgo]",1,0,"",0,"MNCN",NA,NA,"(Rossi, 1792)",NA,NA
"Seladonia","","subaurata",NA,"España","Teruel","Calomarde",NA,NA,NA,2019,7,6,NA,NA,"M. Toribio","P. Álvarez [Piluca Álvarez Fidalgo]",1,0,"",0,"MNCN",NA,NA,"(Rossi, 1792)",NA,NA
"Seladonia","","seladonia",NA,"España","Teruel","Calomarde",NA,NA,NA,2019,7,6,NA,NA,"M. Toribio","P. Álvarez [Piluca Álvarez Fidalgo]",1,0,"",0,"MNCN",NA,NA,"(Fabricius, 1794)",NA,NA
"Halictus","","maculatus",NA,"España","Asturias","Valle La Peral",NA,NA,NA,2018,8,11,NA,NA,"F. Fresno","P. Álvarez [Piluca Álvarez Fidalgo]",1,0,"",0,"MNCN",NA,NA,"Smith, 1848",NA,NA
"Halictus","","maculatus",NA,"España","Asturias","Valle La Peral",NA,NA,NA,2018,8,11,NA,NA,"F. Fresno","P. Álvarez [Piluca Álvarez Fidalgo]",1,0,"",0,"MNCN",NA,NA,"Smith, 1848",NA,NA
"Halictus","","maculatus",NA,"España","Asturias","Valle La Peral",NA,NA,NA,2018,8,12,NA,NA,"F. Fresno","P. Álvarez [Piluca Álvarez Fidalgo]",1,0,"",0,"MNCN",NA,NA,"Smith, 1848",NA,NA
"Nomioides","","facilis",NA,"España","Málaga","Mijas Costa",NA,NA,NA,2018,6,10,NA,NA,"F. Fresno","P. Álvarez [Piluca Álvarez Fidalgo]",1,0,"",0,"MNCN",NA,NA,"(Smith, 1853)",NA,NA
"Nomioides","","facilis",NA,"España","Málaga","Mijas Costa",NA,NA,NA,2018,6,10,NA,NA,"F. Fresno","P. Álvarez [Piluca Álvarez Fidalgo]",1,0,"",0,"MNCN",NA,NA,"(Smith, 1853)",NA,NA
"Hylaeus","Prosopis","pictus",NA,"España","Málaga","Mijas Costa",NA,NA,NA,2018,6,18,NA,NA,"F. Fresno","P. Álvarez [Piluca Álvarez Fidalgo]",0,1,"",0,"MNCN",NA,NA,"(Smith, 1853)",NA,NA
"Sphecodes","","puncticeps",NA,"España","Asturias","La Isla",NA,NA,NA,2011,8,7,NA,NA,"F. Fresno","P. Álvarez [Piluca Álvarez Fidalgo]",1,0,"ex. Colección F. Fresno",0,"MNCN",NA,NA,"Thomson, 1870",NA,NA
"Sphecodes","","puncticeps",NA,"España","Asturias","",NA,NA,NA,2009,7,28,NA,NA,"F. Fresno","P. Álvarez [Piluca Álvarez Fidalgo]",1,0,"ex. Colección F. Fresno",0,"MNCN",NA,NA,"Thomson, 1870",NA,NA
"Sphecodes","","puncticeps",NA,"España","Asturias","Cabo Peñas",NA,NA,NA,2012,8,25,NA,NA,"F. Fresno","P. Álvarez [Piluca Álvarez Fidalgo]",1,0,"ex. Colección F. Fresno",0,"MNCN",NA,NA,"Thomson, 1870",NA,NA
"Sphecodes","","puncticeps",NA,"España","Asturias","",NA,NA,NA,2007,8,17,NA,NA,"F. Fresno","P. Álvarez [Piluca Álvarez Fidalgo]",1,0,"ex. Colección F. Fresno",0,"MNCN",NA,NA,"Thomson, 1870",NA,NA
"Sphecodes","","puncticeps",NA,"España","Zamora","Barcial del Barco",NA,NA,NA,2012,5,21,NA,NA,"F. Fresno","P. Álvarez [Piluca Álvarez Fidalgo]",1,0,"ex. Colección F. Fresno",0,"MNCN",NA,NA,"Thomson, 1870",NA,NA
"Sphecodes","","puncticeps",NA,"España","Ávila","Arévalo",NA,NA,NA,2006,8,1,NA,NA,"Gayubo et al.","P. Álvarez [Piluca Álvarez Fidalgo]",1,0,"ex. Colección F. Fresno",0,"MNCN",NA,NA,"Thomson, 1870",NA,NA
"Sphecodes","","puncticeps",NA,"España","Segovia","Lastras de Cuéllar",NA,NA,NA,2009,6,20,NA,NA,"F. Fresno","P. Álvarez [Piluca Álvarez Fidalgo]",1,0,"ex. Colección F. Fresno",0,"MNCN",NA,NA,"Thomson, 1870",NA,NA
"Sphecodes","","puncticeps",NA,"España","Asturias","Palacio Felgueras",NA,NA,NA,2016,7,19,NA,NA,"F. Fresno","P. Álvarez [Piluca Álvarez Fidalgo]",1,0,"ex. Colección F. Fresno",0,"MNCN",NA,NA,"Thomson, 1870",NA,NA
"Nomada","","bifasciata",NA,"España","Alicante","Beniarrés",NA,NA,NA,1983,6,29,NA,NA,"F. Fresno","P. Álvarez [Piluca Álvarez Fidalgo]",1,0,"ex. Colección F. Fresno",0,"MNCN",NA,NA,"Olivier, 1811",NA,NA
"Nomada","","bifasciata",NA,"España","Madrid","Cercedilla",NA,NA,NA,1981,7,5,NA,NA,"F. Fresno","P. Álvarez [Piluca Álvarez Fidalgo]",1,0,"ex. Colección F. Fresno",0,"MNCN",NA,NA,"Olivier, 1811",NA,NA
"Nomada","","bifasciata",NA,"España","Madrid","Cercedilla",NA,NA,NA,1981,7,5,NA,NA,"F. Fresno","P. Álvarez [Piluca Álvarez Fidalgo]",1,0,"ex. Colección F. Fresno",0,"MNCN",NA,NA,"Olivier, 1811",NA,NA
"Nomada","","bifasciata",NA,"España","Madrid","Cercedilla",NA,NA,NA,1981,7,5,NA,NA,"F. Fresno","P. Álvarez [Piluca Álvarez Fidalgo]",1,0,"ex. Colección F. Fresno",0,"MNCN",NA,NA,"Olivier, 1811",NA,NA
"Nomada","","bifasciata",NA,"España","Segovia","Coca",NA,NA,NA,1984,6,29,NA,NA,"F. Fresno","P. Álvarez [Piluca Álvarez Fidalgo]",1,0,"ex. Colección F. Fresno",0,"MNCN",NA,NA,"Olivier, 1811",NA,NA
"Nomada","","bifasciata",NA,"España","Segovia","Coca",NA,NA,NA,1984,6,29,NA,NA,"F. Fresno","P. Álvarez [Piluca Álvarez Fidalgo]",1,0,"ex. Colección F. Fresno",0,"MNCN",NA,NA,"Olivier, 1811",NA,NA
"Nomada","","bifasciata",NA,"España","Salamanca","Alaraz",NA,NA,NA,1979,7,4,NA,NA,"F. Fresno","P. Álvarez [Piluca Álvarez Fidalgo]",1,0,"ex. Colección F. Fresno",0,"MNCN",NA,NA,"Olivier, 1811",NA,NA
"Nomada","","bifasciata",NA,"España","Islas Baleares","Santa Ponsa",NA,NA,NA,1980,6,2,NA,NA,"F. Fresno","P. Álvarez [Piluca Álvarez Fidalgo]",1,0,"ex. Colección F. Fresno",0,"MNCN",NA,NA,"Olivier, 1811",NA,NA
"Nomada","","bifasciata",NA,"España","Málaga","Pujerra",NA,NA,NA,1973,6,11,NA,NA,"F. Fresno","P. Álvarez [Piluca Álvarez Fidalgo]",1,0,"ex. Colección F. Fresno",0,"MNCN",NA,NA,"Olivier, 1811",NA,NA
"Nomada","","bifasciata",NA,"España","Málaga","Sierra Bermeja",NA,NA,NA,1973,6,14,NA,NA,"F. Fresno","P. Álvarez [Piluca Álvarez Fidalgo]",1,0,"ex. Colección F. Fresno",0,"MNCN",NA,NA,"Olivier, 1811",NA,NA
"Nomada","","bifasciata",NA,"España","Madrid","El Pardo",NA,NA,NA,1982,4,22,NA,NA,"F. Fresno","P. Álvarez [Piluca Álvarez Fidalgo]",1,0,"ex. Colección F. Fresno",0,"MNCN",NA,NA,"Olivier, 1811",NA,NA
"Nomada","","bifasciata",NA,"España","Madrid","Tres Cantos",NA,NA,NA,1997,3,28,NA,NA,"F. Fresno","P. Álvarez [Piluca Álvarez Fidalgo]",1,0,"ex. Colección F. Fresno",0,"MNCN",NA,NA,"Olivier, 1811",NA,NA
"Nomada","","bifasciata",NA,"España","Madrid","Tres Cantos",NA,NA,NA,2011,4,27,NA,NA,"F. Fresno","P. Álvarez [Piluca Álvarez Fidalgo]",1,0,"ex. Colección F. Fresno",0,"MNCN",NA,NA,"Olivier, 1811",NA,NA
"Nomada","","bifasciata",NA,"España","Madrid","Tres Cantos",NA,NA,NA,1993,5,5,NA,NA,"F. Fresno","P. Álvarez [Piluca Álvarez Fidalgo]",1,0,"ex. Colección F. Fresno",0,"MNCN",NA,NA,"Olivier, 1811",NA,NA
"Nomada","","bifasciata",NA,"España","Madrid","Tres Cantos",NA,NA,NA,1993,5,5,NA,NA,"F. Fresno","P. Álvarez [Piluca Álvarez Fidalgo]",1,0,"ex. Colección F. Fresno",0,"MNCN",NA,NA,"Olivier, 1811",NA,NA
"Nomada","","bifasciata",NA,"España","Madrid","Tres Cantos",NA,NA,NA,1995,5,22,NA,NA,"F. Fresno","P. Álvarez [Piluca Álvarez Fidalgo]",1,0,"ex. Colección F. Fresno",0,"MNCN",NA,NA,"Olivier, 1811",NA,NA
"Nomada","","bifasciata",NA,"España","Madrid","Aldea del Fresno",NA,NA,NA,2009,6,10,NA,NA,"F. Fresno","P. Álvarez [Piluca Álvarez Fidalgo]",1,0,"ex. Colección F. Fresno",0,"MNCN",NA,NA,"Olivier, 1811",NA,NA
"Nomada","","bifasciata",NA,"España","Madrid","Buitrago",NA,NA,NA,1981,5,24,NA,NA,"F. Fresno","P. Álvarez [Piluca Álvarez Fidalgo]",1,0,"ex. Colección F. Fresno",0,"MNCN",NA,NA,"Olivier, 1811",NA,NA
"Nomada","","bifasciata",NA,"España","Madrid","Buitrago",NA,NA,NA,1981,5,24,NA,NA,"F. Fresno","P. Álvarez [Piluca Álvarez Fidalgo]",1,0,"ex. Colección F. Fresno",0,"MNCN",NA,NA,"Olivier, 1811",NA,NA
"Nomada","","bifasciata",NA,"España","Madrid","Tielmes",NA,NA,NA,2004,3,20,NA,NA,"F. Fresno","P. Álvarez [Piluca Álvarez Fidalgo]",1,0,"ex. Colección F. Fresno",0,"MNCN",NA,NA,"Olivier, 1811",NA,NA
"Andrena","Zonandrena","flavipes",NA,"España","Cáceres","Baños de Montemayor",NA,NA,NA,1943,5,NA,NA,NA,"J. Dusmet","P. Álvarez [Piluca Álvarez Fidalgo]",0,0,"Colección Dusmet",1,"MNCN",NA,NA,"Panzer, 1799",NA,NA
"Colletes","","noskiewiczi",NA,"España","","",NA,NA,NA,1924,6,21,NA,NA,"Dusmet","P. Álvarez [Piluca Álvarez Fidalgo]",1,0,"Colección Dusmet",0,"MNCN",NA,NA,"Cockerell, 1942",NA,NA
"Camptopoeum","Camptopoeum","baldocki",NA,"España","Málaga","Estación (de tren) Bobadilla",NA,NA,NA,2003,6,10,NA,NA,"F. Fresno","P. Álvarez [Piluca Álvarez Fidalgo]",1,0,"ex. Colección F. Fresno",0,"MNCN",NA,NA,"Wood & Cross, 2017",NA,NA
"Tetralonia","","ruficornis",NA,"España","Granada","Órgiva",NA,NA,NA,2019,8,30,NA,NA,"J.L. Ruiz de la Cuesta","Ruiz de la Cuesta",1,0,"",0,"MNCN",NA,NA,"(Fabricius, 1804)",NA,NA
"Xylocopa","","iris",NA,"España","Granada","Órgiva",NA,NA,NA,2020,2,11,NA,NA,"J.L. Ruiz de la Cuesta","Ruiz de la Cuesta",0,1,"",0,"MNCN",NA,NA,"(Christ, 1791)",NA,NA
"Xylocopa","","iris",NA,"España","Granada","Órgiva",NA,NA,NA,2021,2,15,NA,NA,"J.L. Ruiz de la Cuesta","Ruiz de la Cuesta",0,1,"",0,"MNCN",NA,NA,"Pérez, 1901",NA,NA
"Colletes","","albomaculatus",NA,"España","Granada","Órgiva",NA,NA,NA,2019,3,13,NA,NA,"J.L. Ruiz de la Cuesta","P. Álvarez [Piluca Álvarez Fidalgo]",0,1,"",0,"MNCN",NA,NA,"(Lucas, 1849)",NA,NA
"Bombus","Bombus","terrestris",NA,"España","Granada","Órgiva",NA,NA,NA,2021,2,15,NA,NA,"J.L. Ruiz de la Cuesta","Ruiz de la Cuesta",1,0,"",0,"MNCN",NA,NA,"Krüger, 1956",NA,NA
"Ceratina","Euceratina","chalcites",NA,"España","Granada","Órgiva",NA,NA,NA,2020,5,19,NA,NA,"J.L. Ruiz de la Cuesta","Ruiz de la Cuesta",0,1,"",0,"MNCN",NA,NA,"Germar, 1839",NA,NA
"Ceratina","Ceratina","cucurbitina",NA,"España","Granada","Órgiva",NA,NA,NA,2019,5,3,NA,NA,"J.L. Ruiz de la Cuesta","Ruiz de la Cuesta",1,0,"",0,"MNCN",NA,NA,"(Rossi, 1792)",NA,NA
"Ceratina","Ceratina","cucurbitina",NA,"España","Granada","Órgiva",NA,NA,NA,2020,4,16,NA,NA,"J.L. Ruiz de la Cuesta","Ruiz de la Cuesta",0,1,"",0,"MNCN",NA,NA,"(Rossi, 1792)",NA,NA
"Ceratina","Euceratina","cyanea",NA,"España","Granada","Órgiva",NA,NA,NA,2019,8,24,NA,NA,"J.L. Ruiz de la Cuesta","Ruiz de la Cuesta",1,0,"",0,"MNCN",NA,NA,"(Kirby, 1802)",NA,NA
"Ceratina","Euceratina","dallatorreana",NA,"España","Granada","Órgiva",NA,NA,NA,2021,4,1,NA,NA,"J.L. Ruiz de la Cuesta","Ruiz de la Cuesta",1,0,"",0,"MNCN",NA,NA,"Friese, 1896",NA,NA
"Ceratina","Euceratina","dentiventris",NA,"España","Granada","Órgiva",NA,NA,NA,2021,3,5,NA,NA,"J.L. Ruiz de la Cuesta","Ruiz de la Cuesta",1,0,"",0,"MNCN",NA,NA,"Gerstäcker, 1869",NA,NA
"Hylaeus","Prosopis","pictus",NA,"España","Granada","Órgiva",NA,NA,NA,2019,8,27,NA,NA,"J.L. Ruiz de la Cuesta","Ruiz de la Cuesta",1,0,"",0,"MNCN",NA,NA,"(Smith, 1853)",NA,NA
"Vestitohalictus","","pollinosus",NA,"España","Granada","Órgiva",NA,NA,NA,2020,4,19,NA,NA,"J.L. Ruiz de la Cuesta","Ruiz de la Cuesta",1,0,"",0,"MNCN",NA,NA,"(Sichel,1860)",NA,NA
"Halictus","","quadricinctus",NA,"España","Granada","Órgiva",NA,NA,NA,2019,4,26,NA,NA,"J.L. Ruiz de la Cuesta","Ruiz de la Cuesta",1,0,"",0,"MNCN",NA,NA,"(Fabricius, 1776)",NA,NA
"Halictus","","quadricinctus",NA,"España","Granada","Órgiva",NA,NA,NA,2020,6,21,NA,NA,"J.L. Ruiz de la Cuesta","Ruiz de la Cuesta",0,1,"",0,"MNCN",NA,NA,"(Fabricius, 1776)",NA,NA
"Ceratina","Dalyatina","parvula",NA,"España","Granada","Órgiva",NA,NA,NA,2020,6,15,NA,NA,"J.L. Ruiz de la Cuesta","Ruiz de la Cuesta",1,0,"",0,"MNCN",NA,NA,"Smith, 1854",NA,NA
"Lasioglossum","","leucozonium",NA,"España","Granada","Órgiva",NA,NA,NA,2020,11,2,NA,NA,"J.L. Ruiz de la Cuesta","Ruiz de la Cuesta",0,1,"",0,"MNCN",NA,NA,"(Schrank, 1781)",NA,NA
"Nomioides","","facilis",NA,"España","Granada","Órgiva",NA,NA,NA,2019,7,30,NA,NA,"J.L. Ruiz de la Cuesta","Ruiz de la Cuesta",1,0,"",0,"MNCN",NA,NA,"(Smith, 1853)",NA,NA
"Nomioides","","facilis",NA,"España","Granada","Órgiva",NA,NA,NA,2019,10,1,NA,NA,"J.L. Ruiz de la Cuesta","Ruiz de la Cuesta",0,1,"",0,"MNCN",NA,NA,"(Smith, 1853)",NA,NA
"Nomiapis","","bispinosa",NA,"España","Granada","Órgiva",NA,NA,NA,2019,8,14,NA,NA,"J.L. Ruiz de la Cuesta","Ruiz de la Cuesta",0,1,"",0,"MNCN",NA,NA,"(Brullé, 1832)",NA,NA
"Nomiapis","","diversipes",NA,"España","Granada","Órgiva",NA,NA,NA,2019,9,13,NA,NA,"J.L. Ruiz de la Cuesta","Ruiz de la Cuesta",1,0,"",0,"MNCN",NA,NA,"(Latreille, 1806)",NA,NA
"Nomiapis","","diversipes",NA,"España","Granada","Órgiva",NA,NA,NA,2020,5,5,NA,NA,"J.L. Ruiz de la Cuesta","Ruiz de la Cuesta",0,1,"",0,"MNCN",NA,NA,"(Latreille, 1806)",NA,NA
"Sphecodes","","ruficrus",NA,"España","Granada","Órgiva",NA,NA,NA,2021,3,1,NA,NA,"J.L. Ruiz de la Cuesta","Ruiz de la Cuesta",0,1,"",0,"MNCN",NA,NA,"(Erichson, 1835)",NA,NA
"Sphecodes","","olivieri",NA,"España","Granada","Órgiva",NA,NA,NA,2020,7,15,NA,NA,"J.L. Ruiz de la Cuesta","Ruiz de la Cuesta",1,0,"",0,"MNCN",NA,NA,"Lepeletier, 1825",NA,NA
"Sphecodes","","olivieri",NA,"España","Granada","Órgiva",NA,NA,NA,2020,7,15,NA,NA,"J.L. Ruiz de la Cuesta","Ruiz de la Cuesta",0,1,"",0,"MNCN",NA,NA,"Lepeletier, 1825",NA,NA
"Anthidiellum","","strigatum",NA,"España","Granada","Órgiva",NA,NA,NA,2019,7,23,NA,NA,"J.L. Ruiz de la Cuesta","Ruiz de la Cuesta",1,0,"",0,"MNCN",NA,NA,"(Panzer, 1805)",NA,NA
"Anthidiellum","","strigatum",NA,"España","Granada","Órgiva",NA,NA,NA,2018,7,3,NA,NA,"J.L. Ruiz de la Cuesta","Ruiz de la Cuesta",0,1,"",0,"MNCN",NA,NA,"(Panzer, 1805)",NA,NA
"Anthidium","","loti",NA,"España","Granada","Órgiva",NA,NA,NA,2020,5,27,NA,NA,"J.L. Ruiz de la Cuesta","Ruiz de la Cuesta",0,1,"",0,"MNCN",NA,NA,"Perris, 1852",NA,NA
"Anthidium","","loti",NA,"España","Granada","Órgiva",NA,NA,NA,2018,7,1,NA,NA,"J.L. Ruiz de la Cuesta","Ruiz de la Cuesta",1,0,"",0,"MNCN",NA,NA,"Perris, 1852",NA,NA
"Anthidium","","manicatum",NA,"España","Granada","Órgiva",NA,NA,NA,2020,6,13,NA,NA,"J.L. Ruiz de la Cuesta","Ruiz de la Cuesta",1,0,"",0,"MNCN",NA,NA,"(Linnaeus, 1758)",NA,NA
"Anthidium","","manicatum",NA,"España","Granada","Órgiva",NA,NA,NA,2019,9,22,NA,NA,"J.L. Ruiz de la Cuesta","Ruiz de la Cuesta",0,1,"",0,"MNCN",NA,NA,"(Linnaeus, 1758)",NA,NA
"Anthidium","","oblongatum",NA,"España","Granada","Órgiva",NA,NA,NA,2019,9,16,NA,NA,"J.L. Ruiz de la Cuesta","Ruiz de la Cuesta",0,1,"",0,"MNCN",NA,NA,"(Illiger, 1806)",NA,NA
"Andrena","Zonandrena","flavipes",NA,"España","Madrid","El Pardo",NA,NA,NA,1908,6,15,NA,NA,"Dusmet","P. Álvarez [Piluca Álvarez Fidalgo]",0,0,"Colección Dusmet",1,"MNCN",NA,NA,"Panzer, 1799",NA,NA
"Andrena","Zonandrena","flavipes",NA,"España","Madrid","Madrid",NA,NA,NA,1908,6,15,NA,NA,"Dusmet","P. Álvarez [Piluca Álvarez Fidalgo]",0,0,"",1,"MNCN",NA,NA,"Panzer, 1799",NA,NA
"Colletes","","dusmeti",NA,"España","Cádiz","Sanlúcar de Barrameda",NA,NA,NA,1962,9,11,NA,NA,"V. Llorente","P. Álvarez [Piluca Álvarez Fidalgo]",0,1,"Colección Dusmet",0,"MNCN",NA,NA,"Noskiewicz, 1936",NA,NA
"Colletes","","dusmeti",NA,"España","Alicante","Montesinos",NA,NA,NA,1905,NA,NA,NA,NA,"Andréu","P. Álvarez [Piluca Álvarez Fidalgo]",1,0,"Colección Dusmet",0,"MNCN",NA,NA,"Noskiewicz, 1936",NA,NA
"Colletes","","noskiewiczi",NA,"España","","",NA,NA,NA,1911,7,27,NA,NA,"Dusmet","P. Álvarez [Piluca Álvarez Fidalgo]",0,1,"Colección Dusmet",0,"MNCN",NA,NA,"Cockerell, 1942",NA,NA
"Colletes","","noskiewiczi",NA,"España","","",NA,NA,NA,1911,7,27,NA,NA,"Dusmet","P. Álvarez [Piluca Álvarez Fidalgo]",1,0,"Colección Dusmet",0,"MNCN",NA,NA,"Cockerell, 1942",NA,NA
"Eucera","","nigrescens",NA,"España","Granada","Órgiva",NA,NA,NA,2021,2,6,NA,NA,"J.L. Ruiz de la Cuesta","Ruiz de la Cuesta",0,1,"",0,"MNCN",NA,NA,"Pérez, 1879",NA,NA
"Epeolus","","aureovestitus",NA,"España","Granada","Órgiva",NA,NA,NA,2018,7,27,NA,NA,"J.L. Ruiz de la Cuesta","Ruiz de la Cuesta",0,1,"",0,"MNCN",NA,NA,"Dours, 1873",NA,NA
"Epeolus","","variegatus",NA,"España","Granada","Órgiva",NA,NA,NA,2011,6,24,NA,NA,"J.L. Ruiz de la Cuesta","Ruiz de la Cuesta",0,1,"",0,"MNCN",NA,NA,"(Linnaeus, 1758)",NA,NA
"Melecta","","albifrons",NA,"España","Granada","Órgiva",NA,NA,NA,2021,3,22,NA,NA,"J.L. Ruiz de la Cuesta","Ruiz de la Cuesta",0,1,"",0,"MNCN",NA,NA,"(Forster, 1771)",NA,NA
"Nomada","","basalis",NA,"España","Granada","Órgiva",NA,NA,NA,2020,4,23,NA,NA,"J.L. Ruiz de la Cuesta","Ruiz de la Cuesta",0,1,"",0,"MNCN",NA,NA,"Herrich-Schäffer, 1839",NA,NA
"Nomada","","bifasciata",NA,"España","Granada","Órgiva",NA,NA,NA,2020,3,11,NA,NA,"J.L. Ruiz de la Cuesta","Ruiz de la Cuesta",1,0,"",0,"MNCN",NA,NA,"Olivier, 1811",NA,NA
"Nomada","","flavoguttata",NA,"España","Granada","Órgiva",NA,NA,NA,2020,4,28,NA,NA,"J.L. Ruiz de la Cuesta","Ruiz de la Cuesta",1,0,"",0,"MNCN",NA,NA,"(Kirby, 1802)",NA,NA
"Anthidium","","oblongatum",NA,"España","Granada","Órgiva",NA,NA,NA,2019,8,27,NA,NA,"J.L. Ruiz de la Cuesta","Ruiz de la Cuesta",1,0,"",0,"MNCN",NA,NA,"(Illiger, 1806)",NA,NA
"Anthidium","","punctatum",NA,"España","Granada","Órgiva",NA,NA,NA,2020,5,11,NA,NA,"J.L. Ruiz de la Cuesta","Ruiz de la Cuesta",0,1,"",0,"MNCN",NA,NA,"Latreille, 1809",NA,NA
"Anthidium","","taeniatum",NA,"España","Granada","Órgiva",NA,NA,NA,2019,8,5,NA,NA,"J.L. Ruiz de la Cuesta","Ruiz de la Cuesta",0,1,"",0,"MNCN",NA,NA,"Latreille, 1809",NA,NA
"Coelioxys","","brevis",NA,"España","Granada","Órgiva",NA,NA,NA,2019,8,24,NA,NA,"J.L. Ruiz de la Cuesta","Ruiz de la Cuesta",1,0,"",0,"MNCN",NA,NA,"Eversmann, 1852",NA,NA
"Coelioxys","","obtusa",NA,"España","Granada","Órgiva",NA,NA,NA,2019,8,22,NA,NA,"J.L. Ruiz de la Cuesta","Ruiz de la Cuesta",0,1,"",0,"MNCN",NA,NA,"Pérez, 1883",NA,NA
"Coelioxys","","obtusa",NA,"España","Granada","Órgiva",NA,NA,NA,2019,8,3,NA,NA,"J.L. Ruiz de la Cuesta","Ruiz de la Cuesta",1,0,"",0,"MNCN",NA,NA,"Pérez, 1883",NA,NA
"Heriades","","crenulatus",NA,"España","Granada","Órgiva",NA,NA,NA,2020,6,23,NA,NA,"J.L. Ruiz de la Cuesta","Ruiz de la Cuesta",1,0,"",0,"MNCN",NA,NA,"Nylander, 1856",NA,NA
"Heriades","","crenulatus",NA,"España","Granada","Órgiva",NA,NA,NA,2018,7,3,NA,NA,"J.L. Ruiz de la Cuesta","Ruiz de la Cuesta",1,0,"",0,"MNCN",NA,NA,"Nylander, 1856",NA,NA
"Nomada","","goodeniana",NA,"España","Granada","Órgiva",NA,NA,NA,2021,2,15,NA,NA,"J.L. Ruiz de la Cuesta","Ruiz de la Cuesta",0,1,"",0,"MNCN",NA,NA,"(Kirby, 1802)",NA,NA
"Nomada","","goodeniana",NA,"España","Granada","Órgiva",NA,NA,NA,2018,4,2,NA,NA,"J.L. Ruiz de la Cuesta","Ruiz de la Cuesta",0,1,"",0,"MNCN",NA,NA,"(Kirby, 1802)",NA,NA
"Nomada","","integra",NA,"España","Granada","Órgiva",NA,NA,NA,2020,4,14,NA,NA,"J.L. Ruiz de la Cuesta","Ruiz de la Cuesta",1,0,"",0,"MNCN",NA,NA,"Brullé, 1832",NA,NA
"Nomada","","integra",NA,"España","Granada","Órgiva",NA,NA,NA,2021,3,22,NA,NA,"J.L. Ruiz de la Cuesta","Ruiz de la Cuesta",0,1,"",0,"MNCN",NA,NA,"Brullé, 1832",NA,NA
"Nomada","","melathoracica",NA,"España","Granada","Órgiva",NA,NA,NA,2020,4,15,NA,NA,"J.L. Ruiz de la Cuesta","Ruiz de la Cuesta",1,0,"",0,"MNCN",NA,NA,"Imhoff, 1834",NA,NA
"Nomada","","merceti",NA,"España","Granada","Órgiva",NA,NA,NA,2020,5,2,NA,NA,"J.L. Ruiz de la Cuesta","Ruiz de la Cuesta",0,1,"",0,"MNCN",NA,NA,"Alfken, 1909",NA,NA
"Nomada","","succincta",NA,"España","Granada","Órgiva",NA,NA,NA,2019,3,3,NA,NA,"J.L. Ruiz de la Cuesta","Ruiz de la Cuesta",1,0,"",0,"MNCN",NA,NA,"Panzer, 1798",NA,NA
"Nomada","","numida",NA,"España","","",NA,NA,NA,1919,7,7,NA,NA,"Dusmet","P. ÁlvarezP. Álvarez [Piluca Álvarez Fidalgo]",1,0,"Colección Dusmet",0,"MNCN",NA,NA,"Lepeletier, 1841",NA,NA
"Heriades","","crenulatus",NA,"España","Granada","Órgiva",NA,NA,NA,2019,8,16,NA,NA,"J.L. Ruiz de la Cuesta","Ruiz de la Cuesta",1,0,"",0,"MNCN",NA,NA,"Nylander, 1856",NA,NA
"Heriades","","rubicola",NA,"España","Granada","Órgiva",NA,NA,NA,2020,8,6,NA,NA,"J.L. Ruiz de la Cuesta","Ruiz de la Cuesta",1,0,"",0,"MNCN",NA,NA,"Pérez, 1890",NA,NA
"Hoplitis","Hoplitis","adunca",NA,"España","Granada","Órgiva",NA,NA,NA,2019,4,15,NA,NA,"J.L. Ruiz de la Cuesta","Ruiz de la Cuesta",1,0,"",0,"MNCN",NA,NA,"(Panzer, 1798)",NA,NA
"Hoplitis","Hoplitis","adunca",NA,"España","Granada","Órgiva",NA,NA,NA,2020,3,13,NA,NA,"J.L. Ruiz de la Cuesta","Ruiz de la Cuesta",0,1,"",0,"MNCN",NA,NA,"(Panzer, 1798)",NA,NA
"Hoplitis","Alcidamea","acuticornis",NA,"España","Granada","Órgiva",NA,NA,NA,2019,3,26,NA,NA,"J.L. Ruiz de la Cuesta","Ruiz de la Cuesta",0,1,"",0,"MNCN",NA,NA,"(Dufour & Perris, 1840)",NA,NA
"Hoplitis","","mucida",NA,"España","Granada","Órgiva",NA,NA,NA,2020,3,13,NA,NA,"J.L. Ruiz de la Cuesta","Ruiz de la Cuesta",0,1,"",0,"MNCN",NA,NA,"(Dours, 1873)",NA,NA
"Icteranthidium","","ferrugineum",NA,"España","Granada","Órgiva",NA,NA,NA,2019,6,30,NA,NA,"J.L. Ruiz de la Cuesta","Ruiz de la Cuesta",0,1,"",0,"MNCN",NA,NA,"(Fabricius, 1787)",NA,NA
"Icteranthidium","","grohmanni",NA,"España","Granada","Órgiva",NA,NA,NA,2019,7,23,NA,NA,"J.L. Ruiz de la Cuesta","Ruiz de la Cuesta",0,1,"",0,"MNCN",NA,NA,"(Spinola, 1838)",NA,NA
"Nomada","","numida",NA,"España","Zaragoza","Zuera",NA,NA,NA,1911,7,24,NA,NA,"[Navás]","P. Álvarez [Piluca Álvarez Fidalgo]",1,0,"Colección Dusmet",0,"MNCN",NA,NA,"Lepeletier, 1841",NA,NA
"Nomada","","numida",NA,"España","Madrid","Villaviciosa de Odón",NA,NA,NA,1892,6,NA,NA,NA,"Escalera","P. Álvarez [Piluca Álvarez Fidalgo]",1,0,"",0,"MNCN",NA,NA,"Lepeletier, 1841",NA,NA
"Nomada","","numida",NA,"España","Madrid","Rivas-Vaciamadrid",NA,NA,NA,1908,8,NA,NA,NA,"Arias","P. Álvarez [Piluca Álvarez Fidalgo]",1,0,"",0,"MNCN",NA,NA,"Lepeletier, 1841",NA,NA
"Nomada","","numida",NA,"España","Madrid","Rivas-Vaciamadrid",NA,NA,NA,1914,8,NA,NA,NA,"C. Bolivar","P. Álvarez [Piluca Álvarez Fidalgo]",1,0,"",0,"MNCN",NA,NA,"Lepeletier, 1841",NA,NA
"Nomada","","numida",NA,"España","Madrid","Los Molinos",NA,NA,NA,1902,NA,NA,NA,NA,"G. Mercet","P. Álvarez [Piluca Álvarez Fidalgo]",1,0,"",0,"MNCN",NA,NA,"Lepeletier, 1841",NA,NA
"Sphecodes","","albilabris",NA,"España","Ciudad Real","Ruidera",NA,NA,NA,1914,6,1,NA,NA,"C. Bolivar","P. Álvarez [Piluca Álvarez Fidalgo]",1,0,"",0,"MNCN",NA,NA,"(Fabricius, 1793)",NA,NA
"Colletes","","noskiewiczi",NA,"España","Segovia","",NA,NA,NA,1902,7,23,NA,NA,"E.B. Poulton","P. Álvarez [Piluca Álvarez Fidalgo]",1,0,"",0,"MNCN",NA,NA,"Cockerell, 1942",NA,NA
"Colletes","","noskiewiczi",NA,"España","Cuenca","Cañizares",NA,NA,NA,1901,NA,NA,NA,NA,"Selgas","P. Álvarez [Piluca Álvarez Fidalgo]",1,0,"",0,"MNCN",NA,NA,"Cockerell, 1942",NA,NA
"Colletes","","noskiewiczi",NA,"España","Madrid","San Lorenzo de El Escorial",NA,NA,NA,1936,7,9,NA,NA,"J. Dusmet","P. Álvarez [Piluca Álvarez Fidalgo]",0,1,"Colección Dusmet",0,"MNCN",NA,NA,"Cockerell, 1942",NA,NA
"Colletes","","noskiewiczi",NA,"España","Ávila","Navalperal de Pinares",NA,NA,NA,1904,7,NA,NA,NA,"Escalera","P. Álvarez [Piluca Álvarez Fidalgo]",1,0,"",0,"MNCN",NA,NA,"Cockerell, 1942",NA,NA
"Lithurgus","Lithurgus","chrysurus",NA,"España","Granada","Órgiva",NA,NA,NA,2020,8,9,NA,NA,"C. Torres Crespo","Ruiz de la Cuesta",1,0,"",0,"MNCN",NA,NA,"Fonscolombe, 1834",NA,NA
"Lithurgus","Lithurgus","chrysurus",NA,"España","Granada","Órgiva",NA,NA,NA,2020,7,12,NA,NA,"J.L. Ruiz de la Cuesta","Ruiz de la Cuesta",0,1,"",0,"MNCN",NA,NA,"Fonscolombe, 1834",NA,NA
"Megachile","Eutricharaea","apicalis",NA,"España","Granada","Órgiva",NA,NA,NA,2020,8,10,NA,NA,"J.L. Ruiz de la Cuesta","Ruiz de la Cuesta",1,0,"",0,"MNCN",NA,NA,"Spinola, 1808",NA,NA
"Megachile","Eutricharaea","apicalis",NA,"España","Granada","Órgiva",NA,NA,NA,2020,6,9,NA,NA,"J.L. Ruiz de la Cuesta","Ruiz de la Cuesta",0,1,"",0,"MNCN",NA,NA,"Spinola, 1808",NA,NA
"Megachile","Megachile","centuncularis",NA,"España","Granada","Órgiva",NA,NA,NA,2020,4,16,NA,NA,"J.L. Ruiz de la Cuesta","Ruiz de la Cuesta",1,0,"",0,"MNCN",NA,NA,"(Linnaeus, 1758)",NA,NA
"Megachile","Megachile","centuncularis",NA,"España","Granada","Órgiva",NA,NA,NA,2020,6,19,NA,NA,"J.L. Ruiz de la Cuesta","Ruiz de la Cuesta",0,1,"",0,"MNCN",NA,NA,"(Linnaeus, 1758)",NA,NA
"Megachile","Eutricharaea","pilidens",NA,"España","Granada","Órgiva",NA,NA,NA,2020,7,12,NA,NA,"J.L. Ruiz de la Cuesta","Ruiz de la Cuesta",1,0,"",0,"MNCN",NA,NA,"Alfken, 1924",NA,NA
"Panurgus","","banksianus",NA,"España","Granada","Órgiva",NA,NA,NA,2019,3,11,NA,NA,"J.L. Ruiz de la Cuesta","Ruiz de la Cuesta",1,0,"",0,"MNCN",NA,NA,"(Kirby, 1802)",NA,NA
"Panurgus","","dentipes",NA,"España","Granada","Órgiva",NA,NA,NA,2020,3,29,NA,NA,"J.L. Ruiz de la Cuesta","Ruiz de la Cuesta",0,1,"",0,"MNCN",NA,NA,"Latreille, 1811",NA,NA
"Amegilla","","albigena",NA,"España","Granada","Órgiva",NA,NA,NA,2020,6,8,NA,NA,"J.L. Ruiz de la Cuesta","Ruiz de la Cuesta",1,0,"",0,"MNCN",NA,NA,"(Lepeletier, 1841)",NA,NA
"Amegilla","","albigena",NA,"España","Granada","Órgiva",NA,NA,NA,2020,9,10,NA,NA,"J.L. Ruiz de la Cuesta","Ruiz de la Cuesta",1,0,"",0,"MNCN",NA,NA,"(Lepeletier, 1841)",NA,NA
"Amegilla","","albigena",NA,"España","Granada","Órgiva",NA,NA,NA,2019,5,20,NA,NA,"J.L. Ruiz de la Cuesta","Ruiz de la Cuesta",0,1,"",0,"MNCN",NA,NA,"(Lepeletier, 1841)",NA,NA
"Megachile","Eutricharaea","pilidens",NA,"España","Granada","Órgiva",NA,NA,NA,2019,10,13,NA,NA,"J.L. Ruiz de la Cuesta","Ruiz de la Cuesta",0,1,"",0,"MNCN",NA,NA,"Alfken, 1924",NA,NA
"Osmia","Helicosmia","aurulenta",NA,"España","Granada","Órgiva",NA,NA,NA,2021,3,12,NA,NA,"J.L. Ruiz de la Cuesta","Ruiz de la Cuesta",0,1,"",0,"MNCN",NA,NA,"(Panzer, 1799)",NA,NA
"Osmia","Helicosmia","caerulescens",NA,"España","Granada","Órgiva",NA,NA,NA,2020,4,29,NA,NA,"J.L. Ruiz de la Cuesta","Ruiz de la Cuesta",1,0,"",0,"MNCN",NA,NA,"(Linnaeus, 1758)",NA,NA
"Osmia","Helicosmia","caerulescens",NA,"España","Granada","Órgiva",NA,NA,NA,2020,6,17,NA,NA,"J.L. Ruiz de la Cuesta","Ruiz de la Cuesta",0,1,"",0,"MNCN",NA,NA,"(Linnaeus, 1758)",NA,NA
"Osmia","","submicans",NA,"España","Granada","Órgiva",NA,NA,NA,2020,2,2,NA,NA,"J.L. Ruiz de la Cuesta","Ruiz de la Cuesta",0,1,"",0,"MNCN",NA,NA,"Morawitz, 1870",NA,NA
"Pseudoanthidium","","lituratum",NA,"España","Granada","Órgiva",NA,NA,NA,2019,6,29,NA,NA,"J.L. Ruiz de la Cuesta","Ruiz de la Cuesta",1,0,"",0,"MNCN",NA,NA,"(Panzer, 1801)",NA,NA
"Pseudoanthidium","","lituratum",NA,"España","Granada","Órgiva",NA,NA,NA,2019,9,24,NA,NA,"J.L. Ruiz de la Cuesta","Ruiz de la Cuesta",0,1,"",0,"MNCN",NA,NA,"(Panzer, 1801)",NA,NA
"Amegilla","","quadrifasciata",NA,"España","Granada","Órgiva",NA,NA,NA,2019,6,10,NA,NA,"J.L. Ruiz de la Cuesta","Ruiz de la Cuesta",0,1,"",0,"MNCN",NA,NA,"(de Villers, 1789)",NA,NA
"Rhodanthidium","Rhodanthidium","sticticum",NA,"España","Granada","Órgiva",NA,NA,NA,2020,4,29,NA,NA,"J.L. Ruiz de la Cuesta","Ruiz de la Cuesta",1,0,"",0,"MNCN",NA,NA,"(Fabricius, 1787)",NA,NA
"Stelis","","signata",NA,"España","Granada","Órgiva",NA,NA,NA,2019,7,16,NA,NA,"J.L. Ruiz de la Cuesta","Ruiz de la Cuesta",1,0,"",0,"MNCN",NA,NA,"(Latreille, 1809)",NA,NA
"Stelis","","signata",NA,"España","Granada","Órgiva",NA,NA,NA,2020,7,1,NA,NA,"J.L. Ruiz de la Cuesta","Ruiz de la Cuesta",0,1,"",0,"MNCN",NA,NA,"(Latreille, 1809)",NA,NA
