"Genus","Subgenus","Species","Subspecies","Country","Province","Locality","Latitude","Longitude","Coordinate.precision","Year","Month","Day","Start.date","End.date","Collector","Determined.by","Female","Male","Worker","Not.specified","Reference.doi","Flowers.visited","Local_ID","Authors.to.give.credit","Any.other.additional.data","Notes.and.queries","uid"
"Bombus",NA,"terrestris",NA,"España","Asturias","Luarca",NA,NA,NA,"1991",4,18,NA,NA,"César González","Ana Murguizu",NA,NA,NA,1,NA,NA,NA,"Oviedo Museum",NA,NA,"87_NOCOMPLEXHymenopteros_OVIEDO_202310241"
"Bombus",NA,"terrestris",NA,"España","Asturias","Miranda",NA,NA,NA,"1991",2,22,NA,NA,"F. J. P. Bustelo","F. J. P. Bustelo",NA,NA,NA,1,NA,NA,NA,"Oviedo Museum",NA,NA,"87_NOCOMPLEXHymenopteros_OVIEDO_202310242"
"Bombus",NA,"terrestris",NA,"España","Asturias","Cazanes",NA,NA,NA,"1991",4,21,NA,NA,"E. García","E. García",NA,NA,NA,1,NA,NA,NA,"Oviedo Museum",NA,"Tiene moho","87_NOCOMPLEXHymenopteros_OVIEDO_202310243"
"Bombus",NA,"lucorum",NA,"España","Asturias","Somió",NA,NA,NA,"1989",11,19,NA,NA,"Celestino Glez","Celestino Glez",NA,NA,NA,1,NA,NA,NA,"Oviedo Museum",NA,NA,"87_NOCOMPLEXHymenopteros_OVIEDO_202310244"
"Bombus",NA,"terrestris",NA,"España","Asturias","Luarca",NA,NA,NA,"1990",10,25,NA,NA,"E. Celada Castañón","E. Celada Castañón",NA,NA,NA,1,NA,NA,NA,"Oviedo Museum",NA,NA,"87_NOCOMPLEXHymenopteros_OVIEDO_202310245"
"Bombus",NA,"terrestris",NA,"España","Asturias","Playa de Barayo",NA,NA,NA,"1987",3,23,NA,NA,"J. M. Santaeufemia","J. M. Santaeufemia",NA,NA,NA,1,NA,NA,NA,"Oviedo Museum","En dunas de playa",NA,"87_NOCOMPLEXHymenopteros_OVIEDO_202310246"
"Bombus",NA,"terrestris",NA,"España","Asturias","Cabo Busto",NA,NA,NA,"1990",10,22,NA,NA,"Jorge Jáuregui","Jorge Jáuregui",NA,NA,NA,1,NA,NA,NA,"Oviedo Museum",NA,NA,"87_NOCOMPLEXHymenopteros_OVIEDO_202310247"
"Bombus",NA,"terrestris",NA,"España","Asturias","S. Lázaro",NA,NA,NA,"1991",5,14,NA,NA,"Amaia Irizar","Isabel Sánchez",NA,NA,NA,1,NA,NA,NA,"Oviedo Museum",NA,NA,"87_NOCOMPLEXHymenopteros_OVIEDO_202310248"
"Bombus",NA,"terrestris",NA,"España","Asturias","Somió",NA,NA,NA,"1990",7,3,NA,NA,"A. Busto","A. Busto",NA,NA,NA,1,NA,NA,NA,"Oviedo Museum",NA,"Tiene moho","87_NOCOMPLEXHymenopteros_OVIEDO_202310249"
"Bombus",NA,"terrestris",NA,"España","Asturias","Pico Seana",NA,NA,NA,"1991",3,19,NA,NA,"M. Pelaez Cruz","M. Pelaez Cruz",NA,NA,NA,1,NA,NA,NA,"Oviedo Museum",NA,NA,"87_NOCOMPLEXHymenopteros_OVIEDO_2023102410"
"Bombus",NA,"lucorum",NA,"España","Asturias","El Villar (Luarca)",NA,NA,NA,"1990",10,23,NA,NA,"C. Viña Herbón","C. Viña Herbón",NA,NA,NA,1,NA,NA,NA,"Oviedo Museum",NA,NA,"87_NOCOMPLEXHymenopteros_OVIEDO_2023102411"
"Bombus",NA,"terrestris",NA,"España","Asturias","Jove",NA,NA,NA,"1991",5,26,NA,NA,"Mª Jesús Glez","Mª Jesús Glez",NA,NA,NA,1,NA,NA,NA,"Oviedo Museum",NA,NA,"87_NOCOMPLEXHymenopteros_OVIEDO_2023102412"
"Bombus",NA,"terrestris",NA,"España","Asturias","Villar (Luarca)",NA,NA,NA,"1990",10,24,NA,NA,"Hugo Mortera","Hugo Mortera",NA,NA,NA,1,NA,NA,NA,"Oviedo Museum",NA,NA,"87_NOCOMPLEXHymenopteros_OVIEDO_2023102413"
"Bombus",NA,"pascuarum",NA,"España","Asturias","Los Maizales (Gijón)",NA,NA,NA,"1991",5,17,NA,NA,"M. A. Paredes","M. A. Paredes",NA,NA,NA,1,NA,NA,NA,"Oviedo Museum",NA,NA,"87_NOCOMPLEXHymenopteros_OVIEDO_2023102414"
"Bombus",NA,"terrestris",NA,"España","Asturias","La Robla",NA,NA,NA,NA,NA,NA,NA,NA,"E. B. G.","E. B. G.",NA,NA,NA,1,NA,NA,NA,"Oviedo Museum",NA,NA,"87_NOCOMPLEXHymenopteros_OVIEDO_2023102415"
"Bombus",NA,"terrestris",NA,"España","Asturias","Oviedo",NA,NA,NA,"1989",3,18,NA,NA,"Jorge González","Jorge González",NA,NA,NA,1,NA,NA,NA,"Oviedo Museum",NA,NA,"87_NOCOMPLEXHymenopteros_OVIEDO_2023102416"
"Bombus",NA,"terrestris",NA,"España","Asturias","La Bolgachina",NA,NA,NA,"1991",5,5,NA,NA,"Amaia Irizar","Amaia Irizar",NA,NA,NA,1,NA,NA,NA,"Oviedo Museum","Campo",NA,"87_NOCOMPLEXHymenopteros_OVIEDO_2023102417"
"Bombus",NA,"terrestris",NA,"España","Asturias","Los Pericones",NA,NA,NA,"1991",4,22,NA,NA,"Diana Cifuentes","Diana Cifuentes",NA,NA,NA,1,NA,NA,NA,"Oviedo Museum",NA,NA,"87_NOCOMPLEXHymenopteros_OVIEDO_2023102418"
"Bombus",NA,"terrestris",NA,"España","Burgos","Edesa de Montija",NA,NA,NA,"1991",3,28,NA,NA,"B. Baranda","B. Baranda",NA,NA,NA,1,NA,NA,NA,"Oviedo Museum",NA,NA,"87_NOCOMPLEXHymenopteros_OVIEDO_2023102419"
"Bombus",NA,"terrestris",NA,"España","Asturias","Villar (Luarca)",NA,NA,NA,"1990",10,24,NA,NA,"G. Mutuberría Díaz","G. Mutuberría Díaz",NA,NA,NA,1,NA,NA,NA,"Oviedo Museum",NA,NA,"87_NOCOMPLEXHymenopteros_OVIEDO_2023102420"
"Bombus",NA,"terrestris",NA,"España","Cantabria","Santander",NA,NA,NA,"1990",9,9,NA,NA,"R. Rosario Ruiz","R. Rosario Ruiz",NA,NA,NA,1,NA,NA,NA,"Oviedo Museum","Jardín",NA,"87_NOCOMPLEXHymenopteros_OVIEDO_2023102421"
"Bombus",NA,"terrestris",NA,"España","Vizcaya","Ereño",NA,NA,NA,NA,NA,NA,NA,NA,"Bombus terrestris","R. Echeandia",NA,NA,NA,1,NA,NA,NA,"Oviedo Museum",NA,NA,"87_NOCOMPLEXHymenopteros_OVIEDO_2023102422"
"Bombus",NA,"terrestris",NA,"España","Asturias","Las Caldas",NA,NA,NA,NA,NA,NA,NA,NA,"Ángeles García Cosío","",NA,NA,NA,1,NA,NA,NA,"Oviedo Museum",NA,NA,"87_NOCOMPLEXHymenopteros_OVIEDO_2023102423"
"Bombus",NA,"lucorum",NA,"España","Asturias","Tereñes",NA,NA,NA,"1978",5,1,NA,NA,"Mª Jesús Álvarez","Mª Jesús Álvarez",NA,NA,NA,1,NA,NA,NA,"Oviedo Museum","Sobre planta",NA,"87_NOCOMPLEXHymenopteros_OVIEDO_2023102424"
"Bombus",NA,"terrestris",NA,"España","Asturias","Santa Marina",NA,NA,NA,"1983",5,5,NA,NA,"E. Arbesú Suárez","Eulalia Arbesú",NA,NA,NA,1,NA,NA,NA,"Oviedo Museum","Sobre Brassicaceas",NA,"87_NOCOMPLEXHymenopteros_OVIEDO_2023102425"
"Bombus",NA,"sp.",NA,"España","Asturias","Gijón",NA,NA,NA,"1979",11,4,NA,NA,"E. Cuesta García","",NA,NA,NA,1,NA,NA,NA,"Oviedo Museum",NA,NA,"87_NOCOMPLEXHymenopteros_OVIEDO_2023102426"
"Bombus",NA,"sp.",NA,"España","Asturias","Navia",NA,NA,NA,NA,NA,NA,NA,NA,"Esther Lomas","",NA,NA,NA,1,NA,NA,NA,"Oviedo Museum",NA,NA,"87_NOCOMPLEXHymenopteros_OVIEDO_2023102427"
"Bombus",NA,"sp.",NA,"España","Asturias","Avilés",NA,NA,NA,"1983",6,14,NA,NA,"Mª Elvira Torres","",NA,NA,NA,1,NA,NA,NA,"Oviedo Museum",NA,NA,"87_NOCOMPLEXHymenopteros_OVIEDO_2023102428"
"Bombus",NA,"sp.",NA,"España","Asturias","Posada de Llanera",NA,NA,NA,"1975",3,7,NA,NA,"Mª Jesús Glez","",NA,NA,NA,1,NA,NA,NA,"Oviedo Museum",NA,NA,"87_NOCOMPLEXHymenopteros_OVIEDO_2023102429"
"Bombus",NA,"sp.",NA,"España","Asturias","Perlora",NA,NA,NA,"1978",5,1,NA,NA,"Rosa Gómez","",NA,NA,NA,1,NA,NA,NA,"Oviedo Museum","Sobre planta",NA,"87_NOCOMPLEXHymenopteros_OVIEDO_2023102430"
"Bombus",NA,"terrestris",NA,"España","Asturias","El Cristo (Oviedo)",NA,NA,NA,"1989",6,29,NA,NA,"Teresa Sobrino","A. Bouso Yáñez",NA,NA,NA,1,NA,NA,NA,"Oviedo Museum",NA,NA,"87_NOCOMPLEXHymenopteros_OVIEDO_2023102431"
"Bombus",NA,"sp.",NA,"España","Asturias","Colloto",NA,NA,NA,"1983",4,5,NA,NA,"Luis Reiriz","",NA,NA,NA,1,NA,NA,NA,"Oviedo Museum",NA,NA,"87_NOCOMPLEXHymenopteros_OVIEDO_2023102432"
"Bombus",NA,"sp.",NA,"España","Asturias","Veriña",NA,NA,NA,NA,NA,NA,NA,NA,"Gregorio Llanes","",NA,NA,NA,1,NA,NA,NA,"Oviedo Museum",NA,"Atropellada por coche","87_NOCOMPLEXHymenopteros_OVIEDO_2023102433"
"Bombus",NA,"sp.",NA,"España",NA,"San Martín",NA,NA,NA,"1983",6,8,NA,NA,"Mª Dolores Rivas","Mª Dolores Rivas",NA,NA,NA,1,NA,NA,NA,"Oviedo Museum",NA,NA,"87_NOCOMPLEXHymenopteros_OVIEDO_2023102434"
"Bombus",NA,"terrestris",NA,"España","Asturias","S. Pedro (Soto de Luiña)",NA,NA,NA,"1979",5,27,NA,NA,"Manón Funes","Manón Funes",NA,NA,NA,1,NA,NA,NA,"Oviedo Museum",NA,NA,"87_NOCOMPLEXHymenopteros_OVIEDO_2023102435"
"Bombus",NA,"terrestris",NA,"España","Asturias","El Cristo (Oviedo)",NA,NA,NA,"1989",4,14,NA,NA,"A. M. Navarro Incio","A. M. Navarro Incio",NA,NA,NA,1,NA,NA,NA,"Oviedo Museum",NA,NA,"87_NOCOMPLEXHymenopteros_OVIEDO_2023102436"
"Bombus",NA,"sp.",NA,"España","Asturias","Rodiles",NA,NA,NA,NA,NA,NA,NA,NA,"Dolores Silva","",NA,NA,NA,1,NA,NA,NA,"Oviedo Museum","Prado",NA,"87_NOCOMPLEXHymenopteros_OVIEDO_2023102437"
"Bombus",NA,"terrestris",NA,"España","Asturias","Villar (Luarca)",NA,NA,NA,"1990",10,22,NA,NA,"A. M. Glez Lozano","A. M. Glez Lozano",NA,NA,NA,1,NA,NA,NA,"Oviedo Museum",NA,NA,"87_NOCOMPLEXHymenopteros_OVIEDO_2023102438"
"Bombus",NA,"sp.",NA,"España","Asturias","Luanco",NA,NA,NA,"1987",5,9,NA,NA,"M. Zavala","M. Zavala",NA,NA,NA,1,NA,NA,NA,"Oviedo Museum",NA,NA,"87_NOCOMPLEXHymenopteros_OVIEDO_2023102439"
"Bombus",NA,"ruderans",NA,"España","Madrid","Madrid",NA,NA,NA,"1988",7,14,NA,NA,"Antonio Gómez Fdez","Antonio Gómez Fdez",NA,NA,NA,1,NA,NA,NA,"Oviedo Museum","Jardines",NA,"87_NOCOMPLEXHymenopteros_OVIEDO_2023102440"
"Bombus",NA,"terrestris",NA,"España","Asturias/León","Oviedo/Ponferrada",NA,NA,NA,NA,NA,NA,NA,NA,"Idoia Villate/Claudia Martínez","Idoia Villate",NA,NA,NA,1,NA,NA,NA,"Oviedo Museum",NA,NA,"87_NOCOMPLEXHymenopteros_OVIEDO_2023102441"
"Bombus",NA,"terrestris",NA,"España","Asturias","S. Timoteo (Luarca)",NA,NA,NA,"1988",10,26,NA,NA,"T. Montoto","T. Montoto",NA,NA,NA,1,NA,NA,NA,"Oviedo Museum",NA,NA,"87_NOCOMPLEXHymenopteros_OVIEDO_2023102442"
"Bombus",NA,"sp.",NA,"España","Cantabria","Cabo Mayor",NA,NA,NA,"1987",5,1,NA,NA,"Francisco Iglesias","Francisco Iglesias",NA,NA,NA,1,NA,NA,NA,"Oviedo Museum","Pradera",NA,"87_NOCOMPLEXHymenopteros_OVIEDO_2023102443"
"Bombus",NA,"terrestris",NA,"España","León","Ponferrada",NA,NA,NA,"1989",5,7,NA,NA,"Claudia Martínez","Claudia Martínez",NA,NA,NA,1,NA,NA,NA,"Oviedo Museum",NA,NA,"87_NOCOMPLEXHymenopteros_OVIEDO_2023102444"
"Bombus",NA,"lucorum",NA,"España","Asturias","Naranco (Oviedo)",NA,NA,NA,"1988",6,7,NA,NA,"Gemma G. P.","Gemma G. P.",NA,NA,NA,1,NA,NA,NA,"Oviedo Museum","Matorral",NA,"87_NOCOMPLEXHymenopteros_OVIEDO_2023102445"
"Bombus",NA,"sp.",NA,"España","Asturias","Rodiles",NA,NA,NA,NA,NA,NA,NA,NA,"Paloma Silva","",NA,NA,NA,1,NA,NA,NA,"Oviedo Museum","Prado",NA,"87_NOCOMPLEXHymenopteros_OVIEDO_2023102446"
"Bombus",NA,"sp.",NA,"España","Asturias","Pravia",NA,NA,NA,"1989",10,11,NA,NA,"L. Valle","",NA,NA,NA,1,NA,NA,NA,"Oviedo Museum",NA,NA,"87_NOCOMPLEXHymenopteros_OVIEDO_2023102447"
"Bombus",NA,"terrestris",NA,"España","Asturias","Turón",NA,NA,NA,"1982",5,9,NA,NA,"Ángeles García Cosío","",NA,NA,NA,1,NA,NA,NA,"Oviedo Museum",NA,NA,"87_NOCOMPLEXHymenopteros_OVIEDO_2023102448"
"Bombus",NA,"terrestris",NA,"España","Asturias","Muros de Nalón",NA,NA,NA,"1989",5,25,NA,NA,"Fdo Álvarez","Fdo Álvarez",NA,NA,NA,1,NA,NA,NA,"Oviedo Museum",NA,NA,"87_NOCOMPLEXHymenopteros_OVIEDO_2023102449"
"Bombus",NA,"terrestris",NA,"España",NA,"Ambas",NA,NA,NA,"1989",4,22,NA,NA,"E. Eguilegor","E. Eguilegor",NA,NA,NA,1,NA,NA,NA,"Oviedo Museum",NA,NA,"87_NOCOMPLEXHymenopteros_OVIEDO_2023102450"
"Bombus",NA,"terrestris",NA,"España","Guipúzcoa","Zumaia",NA,NA,NA,NA,NA,NA,NA,NA,"J. M. Lasa","J. M. Lasa",NA,NA,NA,1,NA,NA,NA,"Oviedo Museum",NA,NA,"87_NOCOMPLEXHymenopteros_OVIEDO_2023102451"
"Bombus",NA,"terrestris",NA,"España","Asturias","Oviedo",NA,NA,NA,"1989",4,22,NA,NA,"T. Sobrino","T. Sobrino",NA,NA,NA,1,NA,NA,NA,"Oviedo Museum",NA,NA,"87_NOCOMPLEXHymenopteros_OVIEDO_2023102452"
"Bombus",NA,"sp.",NA,"España","Asturias","Sueve",NA,NA,NA,NA,NA,NA,NA,NA,"C. Nores","",NA,NA,NA,1,NA,NA,NA,"Oviedo Museum",NA,NA,"87_NOCOMPLEXHymenopteros_OVIEDO_2023102453"
"Bombus",NA,"sp.",NA,"España","Asturias","Las Caldas",NA,NA,NA,"1978",5,11,NA,NA,"Luis G.","",NA,NA,NA,1,NA,NA,NA,"Oviedo Museum","Prado",NA,"87_NOCOMPLEXHymenopteros_OVIEDO_2023102454"
"Bombus",NA,"lucorum",NA,"España","Asturias","Pantano de Trasona",NA,NA,NA,"1987",5,30,NA,NA,"Carlos J. Francisco","Carlos J. Francisco",NA,NA,NA,1,NA,NA,NA,"Oviedo Museum",NA,NA,"87_NOCOMPLEXHymenopteros_OVIEDO_2023102455"
"Bombus",NA,"terrestris",NA,"España","Asturias","Ribadesella",NA,NA,NA,"1979",5,25,NA,NA,"J. Berenguer","J. Berenguer",NA,NA,NA,1,NA,NA,NA,"Oviedo Museum","En casa",NA,"87_NOCOMPLEXHymenopteros_OVIEDO_2023102456"
"Bombus",NA,"sp.",NA,"España","Asturias","Arroes",NA,NA,NA,"1987",6,5,NA,NA,"Fco J. Pérez B.","Fco J. Pérez B.",NA,NA,NA,1,NA,NA,NA,"Oviedo Museum","Ribera",NA,"87_NOCOMPLEXHymenopteros_OVIEDO_2023102457"
"Bombus",NA,"terrestris",NA,"España","Asturias","Rodiles",NA,NA,NA,"1985",12,25,NA,NA,"Esther Orviz Glez","Esther Orviz Glez",NA,NA,NA,1,NA,NA,NA,"Oviedo Museum","Sobre hierba",NA,"87_NOCOMPLEXHymenopteros_OVIEDO_2023102458"
"Bombus",NA,"sp.",NA,"España","Cantabria","Toporias",NA,NA,NA,"1986",10,3,NA,NA,"B. Pérez Grrez","B. Pérez Grrez",NA,NA,NA,1,NA,NA,NA,"Oviedo Museum",NA,NA,"87_NOCOMPLEXHymenopteros_OVIEDO_2023102459"
"Bombus",NA,"terrestris",NA,"España","Asturias","Peón",NA,NA,NA,"1988",10,30,NA,NA,"E. C. Jiménez","E. C. Jiménez",NA,NA,NA,1,NA,NA,NA,"Oviedo Museum",NA,NA,"87_NOCOMPLEXHymenopteros_OVIEDO_2023102460"
"Bombus",NA,"sp.",NA,"España","Cantabria","Suances",NA,NA,NA,"1987",5,29,NA,NA,"Mª José S. Cacho","Mª José S. Cacho",NA,NA,NA,1,NA,NA,NA,"Oviedo Museum",NA,NA,"87_NOCOMPLEXHymenopteros_OVIEDO_2023102461"
"Bombus",NA,"lucorum",NA,"España","Cantabria","Santander",NA,NA,NA,"1987",10,23,NA,NA,"Severiano Pradillas","Olivia Pradillas",NA,NA,NA,1,NA,NA,NA,"Oviedo Museum",NA,NA,"87_NOCOMPLEXHymenopteros_OVIEDO_2023102462"
"Bombus",NA,"terrestris",NA,"España","Cantabria","Escalante",NA,NA,NA,"1983",7,7,NA,NA,"David Mata de la Sierra","David Mata de la Sierra",NA,NA,NA,1,NA,NA,NA,"Oviedo Museum","En flores, huerta",NA,"87_NOCOMPLEXHymenopteros_OVIEDO_2023102463"
"Bombus",NA,"sp.",NA,"España","Asturias","Rondera (Sama)",NA,NA,NA,"1978",5,25,NA,NA,"Cuesta Fdez B.","",NA,NA,NA,1,NA,NA,NA,"Oviedo Museum","Flor",NA,"87_NOCOMPLEXHymenopteros_OVIEDO_2023102464"
"Bombus",NA,"terrestris",NA,"España","León","Boñar",NA,NA,NA,"1986",7,2,NA,NA,"M. Arbesú","M. Arbesú",NA,NA,NA,1,NA,NA,NA,"Oviedo Museum","Monte",NA,"87_NOCOMPLEXHymenopteros_OVIEDO_2023102465"
"Bombus",NA,"lucorum",NA,"España","Asturias","Castañeda",NA,NA,NA,"1987",5,24,NA,NA,"M. J. Villaverde","M. J. Villaverde",NA,NA,NA,1,NA,NA,NA,"Oviedo Museum","Monte bajo",NA,"87_NOCOMPLEXHymenopteros_OVIEDO_2023102466"
"Bombus",NA,"terrestris",NA,"España","Asturias","Oviedo",NA,NA,NA,"1987",3,8,NA,NA,"Flor Rodríguez","Flor Rodríguez Fdez",NA,NA,NA,1,NA,NA,NA,"Oviedo Museum","Pradera",NA,"87_NOCOMPLEXHymenopteros_OVIEDO_2023102467"
"Bombus",NA,"terrestris",NA,"España","Asturias","Poo de Llanes",NA,NA,NA,"1988",5,3,NA,NA,"Ana Mª Glez Antuña","Ana Mª Glez Antuña",NA,NA,NA,1,NA,NA,NA,"Oviedo Museum",NA,NA,"87_NOCOMPLEXHymenopteros_OVIEDO_2023102468"
"Bombus",NA,"hortorum",NA,"España","Asturias","Oviedo",NA,NA,NA,"1987",5,27,NA,NA,"J. Antonio Ferreiro Ríos","J. Antonio Ferreiro Ríos",NA,NA,NA,1,NA,NA,NA,"Oviedo Museum",NA,NA,"87_NOCOMPLEXHymenopteros_OVIEDO_2023102469"
NA,NA,NA,NA,"España","Asturias","Gijón",NA,NA,NA,"1985",10,13,NA,NA,"Mª Salud Rodríguez","",NA,NA,NA,1,NA,NA,NA,"Oviedo Museum",NA,"Terrestre","87_NOCOMPLEXHymenopteros_OVIEDO_2023102470"
"Bombus",NA,"terrestris",NA,"España","Asturias","Careses",NA,NA,NA,"1983",5,3,NA,NA,"Alfredo Glez","Alfredo Glez",NA,NA,NA,1,NA,NA,NA,"Oviedo Museum","Sobre flores",NA,"87_NOCOMPLEXHymenopteros_OVIEDO_2023102471"
"Bombus",NA,"terrestris",NA,"España","Asturias","Fitoria",NA,NA,NA,NA,NA,NA,NA,NA,"Buenaventura Fdez","Buenaventura Fdez",NA,NA,NA,1,NA,NA,NA,"Oviedo Museum",NA,NA,"87_NOCOMPLEXHymenopteros_OVIEDO_2023102472"
"Bombus",NA,"lucorum",NA,"España","Asturias","Lamuño",NA,NA,NA,NA,NA,NA,NA,NA,"J. M. Rico Ordás","J. M. Rico Ordás",NA,NA,NA,1,NA,NA,NA,"Oviedo Museum","Jardín",NA,"87_NOCOMPLEXHymenopteros_OVIEDO_2023102473"
"Bombus",NA,"sp.",NA,"España","Asturias","Oriente-Asturias",NA,NA,NA,NA,NA,NA,NA,NA,"Juan Argüelles","Juan Argüelles",NA,NA,NA,1,NA,NA,NA,"Oviedo Museum",NA,NA,"87_NOCOMPLEXHymenopteros_OVIEDO_2023102474"
"Bombus",NA,"terrestris",NA,"España","Asturias","Loro",NA,NA,NA,"1986",6,15,NA,NA,"Alex Merino","Alex Merino",NA,NA,NA,1,NA,NA,NA,"Oviedo Museum","Prado",NA,"87_NOCOMPLEXHymenopteros_OVIEDO_2023102475"
"Bombus",NA,"sp.",NA,"España","León","León",NA,NA,NA,"1985",6,24,NA,NA,"L. Casado","L. Casado",NA,NA,NA,1,NA,NA,NA,"Oviedo Museum",NA,NA,"87_NOCOMPLEXHymenopteros_OVIEDO_2023102476"
"Bombus",NA,"sp.",NA,"España","Asturias","Quintes",NA,NA,NA,"1986",5,22,NA,NA,"A. Iglesias","",NA,NA,NA,1,NA,NA,NA,"Oviedo Museum",NA,NA,"87_NOCOMPLEXHymenopteros_OVIEDO_2023102477"
"Bombus",NA,"terrestris",NA,"España","Asturias","Poo de Llanes",NA,NA,NA,"1988",5,11,NA,NA,"J. Alperi Villar","J. Alperi Villar",NA,NA,NA,1,NA,NA,NA,"Oviedo Museum",NA,NA,"87_NOCOMPLEXHymenopteros_OVIEDO_2023102478"
"Bombus",NA,"terrestris",NA,"España","Asturias","Oviedo",NA,NA,NA,"1989",3,12,NA,NA,"I. Irizar","I. Irizar",NA,NA,NA,1,NA,NA,NA,"Oviedo Museum",NA,NA,"87_NOCOMPLEXHymenopteros_OVIEDO_2023102479"
"Bombus",NA,"sp.",NA,"España","Asturias","Pinos Altos",NA,NA,NA,"1986",5,10,NA,NA,"Isabel Soret Matamoros","Isabel Soret Matamoros",NA,NA,NA,1,NA,NA,NA,"Oviedo Museum","Pinar",NA,"87_NOCOMPLEXHymenopteros_OVIEDO_2023102480"
"Bombus",NA,"lucorum",NA,"España","Asturias","Luanco",NA,NA,NA,"1986",5,28,NA,NA,"Rosa Arroyo","Rosa Arroyo",NA,NA,NA,1,NA,NA,NA,"Oviedo Museum","Pradera",NA,"87_NOCOMPLEXHymenopteros_OVIEDO_2023102481"
"Bombus",NA,"sp.",NA,"España","Asturias","Interior (Oviedo)",NA,NA,NA,NA,NA,NA,NA,NA,"Elena Maluenda","Elena Maluenda",NA,NA,NA,1,NA,NA,NA,"Oviedo Museum",NA,NA,"87_NOCOMPLEXHymenopteros_OVIEDO_2023102482"
"Bombus",NA,"sp.",NA,"España","Asturias","Vegadeo",NA,NA,NA,"1987",5,10,NA,NA,"M. M. G. P.","M. M. G. P.",NA,NA,NA,1,NA,NA,NA,"Oviedo Museum","Pradera","Comido por insectos plaga","87_NOCOMPLEXHymenopteros_OVIEDO_2023102483"
"Bombus",NA,"sp.",NA,"España","Asturias","Fano",NA,NA,NA,"1986",5,8,NA,NA,"A. Maz Pelaez","",NA,NA,NA,1,NA,NA,NA,"Oviedo Museum",NA,NA,"87_NOCOMPLEXHymenopteros_OVIEDO_2023102484"
"Bombus",NA,"sp.",NA,"España","Asturias","Tolivia",NA,NA,NA,"1986",5,25,NA,NA,"M. Mar García","",NA,NA,NA,1,NA,NA,NA,"Oviedo Museum",NA,NA,"87_NOCOMPLEXHymenopteros_OVIEDO_2023102485"
"Bombus",NA,"terrestris",NA,"España","León","Geras de Gordón",NA,NA,NA,"1986",9,3,NA,NA,"G. Barroso","G. Barroso",NA,NA,NA,1,NA,NA,NA,"Oviedo Museum",NA,"Tiene moho","87_NOCOMPLEXHymenopteros_OVIEDO_2023102486"
"Bombus",NA,"sp.",NA,"España","Asturias","Plaza de Llamaquique (Oviedo)",NA,NA,NA,"1987",4,30,NA,NA,"B. Ramos Pérez","B. Ramos Pérez",NA,NA,NA,1,NA,NA,NA,"Oviedo Museum",NA,NA,"87_NOCOMPLEXHymenopteros_OVIEDO_2023102487"
"Bombus",NA,"sp.",NA,"España","Asturias","Soriana (Pto Vega)",NA,NA,NA,"1987",4,14,NA,NA,"J. Gión","J. M. García",NA,NA,NA,1,NA,NA,NA,"Oviedo Museum",NA,NA,"87_NOCOMPLEXHymenopteros_OVIEDO_2023102488"
"Bombus",NA,"sp.",NA,"España","Asturias","Gijón",NA,NA,NA,"1987",6,2,NA,NA,"Ana Mª Álvarez Ll.","Ana Mª Álvarez Ll.",NA,NA,NA,1,NA,NA,NA,"Oviedo Museum",NA,NA,"87_NOCOMPLEXHymenopteros_OVIEDO_2023102489"
"Bombus",NA,"sp.",NA,"España","Asturias","El Cristo (Oviedo)",NA,NA,NA,"1981",6,4,NA,NA,"T. Montoto","T. Montoto",NA,NA,NA,1,NA,NA,NA,"Oviedo Museum",NA,NA,"87_NOCOMPLEXHymenopteros_OVIEDO_2023102490"
"Bombus",NA,"terrestris",NA,"España","Cantabria","Torrelavega",NA,NA,NA,"1978",3,23,NA,NA,"E. Herreros","Anadón Quero",NA,NA,NA,1,NA,NA,NA,"Oviedo Museum",NA,"5","87_NOCOMPLEXHymenopteros_OVIEDO_2023102491"
"Bombus",NA,"sp.",NA,"España","Asturias","Oviedo (río Gafo)",NA,NA,NA,"1987",4,26,NA,NA,"J. Glez Esteban","J. Glez Esteban",NA,NA,NA,1,NA,NA,NA,"Oviedo Museum",NA,NA,"87_NOCOMPLEXHymenopteros_OVIEDO_2023102492"
"Bombus",NA,"terrestris",NA,"España","Asturias","Sobrefoz",NA,NA,NA,"1986",5,4,NA,NA,"Ana Rguez Tarrazo","Ana Rguez Tarrazo",NA,NA,NA,1,NA,NA,NA,"Oviedo Museum","Pradera",NA,"87_NOCOMPLEXHymenopteros_OVIEDO_2023102493"
"Bombus",NA,"terrestris",NA,"España","Asturias","La Providencia",NA,NA,NA,"1987",5,19,NA,NA,"J. L. P.","J. L. P.",NA,NA,NA,1,NA,NA,NA,"Oviedo Museum","Pradera",NA,"87_NOCOMPLEXHymenopteros_OVIEDO_2023102494"
"Bombus",NA,"sp.",NA,"España","Asturias","Llanera",NA,NA,NA,"1985",7,20,NA,NA,"Elena Ál","",NA,NA,NA,1,NA,NA,NA,"Oviedo Museum",NA,NA,"87_NOCOMPLEXHymenopteros_OVIEDO_2023102495"
"Bombus",NA,"sp.",NA,"España","Asturias","Luanco",NA,NA,NA,"1986",5,18,NA,NA,"J.Corrales","",NA,NA,NA,1,NA,NA,NA,"Oviedo Museum",NA,NA,"87_NOCOMPLEXHymenopteros_OVIEDO_2023102496"
"Bombus",NA,"sp.",NA,"España","León","V. del Camino",NA,NA,NA,NA,NA,NA,NA,NA,NA,"",NA,NA,NA,1,NA,NA,NA,"Oviedo Museum",NA,NA,"87_NOCOMPLEXHymenopteros_OVIEDO_2023102497"
"Bombus",NA,"sp.",NA,"España","Asturias","Trubia",NA,NA,NA,"1976",3,25,NA,NA,"Faustina Bravo","",NA,NA,NA,1,NA,NA,NA,"Oviedo Museum",NA,NA,"87_NOCOMPLEXHymenopteros_OVIEDO_2023102498"
"Bombus",NA,"sp.",NA,"España","León","V. del Camino",NA,NA,NA,NA,NA,NA,NA,NA,NA,"",NA,NA,NA,1,NA,NA,NA,"Oviedo Museum",NA,NA,"87_NOCOMPLEXHymenopteros_OVIEDO_2023102499"
"Bombus",NA,"terrestris",NA,"España","Asturias","Ceares (Gijón)",NA,NA,NA,"1987",5,17,NA,NA,"Jesús G. Durán","Jesús G. Durán",NA,NA,NA,1,NA,NA,NA,"Oviedo Museum","Sobre flor Salvia",NA,"87_NOCOMPLEXHymenopteros_OVIEDO_20231024100"
"Bombus",NA,"terrestris",NA,"España","Valladolid","Valoria la Buena",NA,NA,NA,"1986",7,21,NA,NA,"M. N. García Martín","M. N. García Martín",NA,NA,NA,1,NA,NA,NA,"Oviedo Museum",NA,NA,"87_NOCOMPLEXHymenopteros_OVIEDO_20231024101"
"Bombus",NA,"sp.",NA,"España","Asturias","Ceares (Gijón)",NA,NA,NA,"1986",5,15,NA,NA,"P. Álvarez Pérez","",NA,NA,NA,1,NA,NA,NA,"Oviedo Museum",NA,NA,"87_NOCOMPLEXHymenopteros_OVIEDO_20231024102"
"Bombus",NA,"sp.",NA,"España","Asturias","Colloto",NA,NA,NA,"1986",5,26,NA,NA,"Eva del Valle","",NA,NA,NA,1,NA,NA,NA,"Oviedo Museum",NA,NA,"87_NOCOMPLEXHymenopteros_OVIEDO_20231024103"
"Bombus",NA,"terrestris",NA,"España","Asturias","Llavandera",NA,NA,NA,"1984",10,27,NA,NA,"C. Pérez Antolín","C. Pérez Antolín",NA,NA,NA,1,NA,NA,NA,"Oviedo Museum",NA,"Tiene moho","87_NOCOMPLEXHymenopteros_OVIEDO_20231024104"
"Bombus",NA,"sp.",NA,"España",NA,"Villaviciosa",NA,NA,NA,"1986",5,3,NA,NA,"M. Acevedo","",NA,NA,NA,1,NA,NA,NA,"Oviedo Museum",NA,NA,"87_NOCOMPLEXHymenopteros_OVIEDO_20231024105"
"Bombus",NA,"sp.",NA,"España","Asturias","Plaza Humedal (Gijón)",NA,NA,NA,"1986",5,26,NA,NA,"M. J. Lara","",NA,NA,NA,1,NA,NA,NA,"Oviedo Museum",NA,NA,"87_NOCOMPLEXHymenopteros_OVIEDO_20231024106"
"Bombus",NA,"sp.",NA,"España","Asturias","S. Lazaro",NA,NA,NA,"1980",5,12,NA,NA,"P. Ciscar","",NA,NA,NA,1,NA,NA,NA,"Oviedo Museum","Prado",NA,"87_NOCOMPLEXHymenopteros_OVIEDO_20231024107"
"Bombus",NA,"sp.",NA,"España","Salamanca","Miranda",NA,NA,NA,"1983",7,1,NA,NA,"Miriam Acevedo","",NA,NA,NA,1,NA,NA,NA,"Oviedo Museum",NA,NA,"87_NOCOMPLEXHymenopteros_OVIEDO_20231024108"
"Bombus",NA,"sp.",NA,"España","Asturias","San Cucao",NA,NA,NA,"1987",4,17,NA,NA,"Carmen Arconada Glez","Carmen Arconada Glez",NA,NA,NA,1,NA,NA,NA,"Oviedo Museum",NA,NA,"87_NOCOMPLEXHymenopteros_OVIEDO_20231024109"
"Bombus",NA,"terrestris",NA,"España","Asturias","El Caliero",NA,NA,NA,"1979",11,3,NA,NA,"J. L. Glez López","J. L. González-López",NA,NA,NA,1,NA,NA,NA,"Oviedo Museum","Prado sobre flor",NA,"87_NOCOMPLEXHymenopteros_OVIEDO_20231024110"
"Bombus",NA,"terrestris",NA,"España","Asturias","Tineo",NA,NA,NA,"1983",5,29,NA,NA,"Marta Teresa","Charo Farpon",NA,NA,NA,1,NA,NA,NA,"Oviedo Museum",NA,NA,"87_NOCOMPLEXHymenopteros_OVIEDO_20231024111"
"Bombus",NA,"sp.",NA,"España","Asturias","Avilés",NA,NA,NA,NA,NA,NA,NA,NA,"A. Sánchez García","",NA,NA,NA,1,NA,NA,NA,"Oviedo Museum",NA,"Vuelan sobre flores de sauce","87_NOCOMPLEXHymenopteros_OVIEDO_20231024112"
"Bombus",NA,"sp.",NA,"España","Asturias","La Isla",NA,NA,NA,"1979",4,30,NA,NA,"C. Fdez Cedrón","",NA,NA,NA,1,NA,NA,NA,"Oviedo Museum","Sobre flor",NA,"87_NOCOMPLEXHymenopteros_OVIEDO_20231024113"
"Bombus",NA,"sp.",NA,"España","Asturias","Ballota",NA,NA,NA,"1975",5,1,NA,NA,"M. M. Guiñón L.","",NA,NA,NA,1,NA,NA,NA,"Oviedo Museum",NA,NA,"87_NOCOMPLEXHymenopteros_OVIEDO_20231024114"
"Bombus",NA,"terrestris",NA,"España","Asturias","El Cristo (Oviedo)",NA,NA,NA,"1980",4,5,NA,NA,"J. L. Rodríguez","J. L. Rodríguez",NA,NA,NA,1,NA,NA,NA,"Oviedo Museum","Prado",NA,"87_NOCOMPLEXHymenopteros_OVIEDO_20231024115"
"Bombus",NA,"sp.",NA,"España","Asturias","Grado",NA,NA,NA,"1981",4,14,NA,NA,"Isabel Fdez G.","",NA,NA,NA,1,NA,NA,NA,"Oviedo Museum",NA,NA,"87_NOCOMPLEXHymenopteros_OVIEDO_20231024116"
"Bombus",NA,"terrestris",NA,"España","Cantabria","Polanco",NA,NA,NA,"1982",7,17,NA,NA,"J. Valderrábano","S. Solano",NA,NA,NA,1,NA,NA,NA,"Oviedo Museum","Prado","Tiene moho","87_NOCOMPLEXHymenopteros_OVIEDO_20231024117"
"Bombus",NA,"sp.",NA,"España","Burgos","Fuente Tubilla (Arlanza, Covarrubias)",NA,NA,NA,"1982",7,15,NA,NA,"Javier Cuesta","",NA,NA,NA,1,NA,NA,NA,"Oviedo Museum",NA,NA,"87_NOCOMPLEXHymenopteros_OVIEDO_20231024118"
"Bombus",NA,"terrestris",NA,"España","Asturias","Naranco (Oviedo)",NA,NA,NA,"1989",4,25,NA,NA,"Ana Palacios G.","Ana Palacios G.",NA,NA,NA,1,NA,NA,NA,"Oviedo Museum",NA,NA,"87_NOCOMPLEXHymenopteros_OVIEDO_20231024119"
"Bombus",NA,"lucorum",NA,"España","Asturias","Oviedo",NA,NA,NA,"1987",6,2,NA,NA,"J. F. Saiz Villoria","J. F. Saiz Villoria",NA,NA,NA,1,NA,NA,NA,"Oviedo Museum","Sobre prados",NA,"87_NOCOMPLEXHymenopteros_OVIEDO_20231024120"
"Bombus",NA,"sp.",NA,"España","Burgos","Arlanza, Covarrubias",NA,NA,NA,"1983",8,6,NA,NA,"Javier Cuesta","",NA,NA,NA,1,NA,NA,NA,"Oviedo Museum",NA,NA,"87_NOCOMPLEXHymenopteros_OVIEDO_20231024121"
"Bombus",NA,"sp.",NA,"España",NA,"Castiello",NA,NA,NA,"1975",3,1,NA,NA,"Ildefonso M. Fernández","",NA,NA,NA,1,NA,NA,NA,"Oviedo Museum",NA,NA,"87_NOCOMPLEXHymenopteros_OVIEDO_20231024122"
"Bombus",NA,"sp.",NA,"España","León","Villafranca del Bierzo",NA,NA,NA,"1978",4,25,NA,NA,"Mª Luz García","",NA,NA,NA,1,NA,NA,NA,"Oviedo Museum",NA,NA,"87_NOCOMPLEXHymenopteros_OVIEDO_20231024123"
"Bombus",NA,"sp.",NA,"España","Asturias","La Arena",NA,NA,NA,"1975",3,23,NA,NA,"M. A. Blanco","",NA,NA,NA,1,NA,NA,NA,"Oviedo Museum",NA,NA,"87_NOCOMPLEXHymenopteros_OVIEDO_20231024124"
"Bombus",NA,"sp.",NA,"España","Asturias","El Torollu (San Claudio)",NA,NA,NA,"1978",5,10,NA,NA,"Marta de la Hoz","",NA,NA,NA,1,NA,NA,NA,"Oviedo Museum","Matorral",NA,"87_NOCOMPLEXHymenopteros_OVIEDO_20231024125"
"Bombus",NA,"sp.",NA,"España","Asturias","La Caridad",NA,NA,NA,"1978",3,19,NA,NA,"M. Pascual","",NA,NA,NA,1,NA,NA,NA,"Oviedo Museum",NA,NA,"87_NOCOMPLEXHymenopteros_OVIEDO_20231024126"
"Bombus",NA,"sp.",NA,"España","Palencia","Cozuelos de Ojeda",NA,NA,NA,"1978",3,25,NA,NA,"Adelaida Riego","Adelaida Riego",NA,NA,NA,1,NA,NA,NA,"Oviedo Museum","Campo",NA,"87_NOCOMPLEXHymenopteros_OVIEDO_20231024127"
"Bombus",NA,"hortorum",NA,"España","Asturias","Playa Rodiles",NA,NA,NA,"1986",5,1,NA,NA,"Teresa Suárez G.","Teresa Suárez G.",NA,NA,NA,1,NA,NA,NA,"Oviedo Museum","Pinar",NA,"87_NOCOMPLEXHymenopteros_OVIEDO_20231024128"
"Bombus",NA,"sp.",NA,"España","León","Ponferrada",NA,NA,NA,"1978",5,4,NA,NA,"Esmeralda Suárez","",NA,NA,NA,1,NA,NA,NA,"Oviedo Museum","Pradera",NA,"87_NOCOMPLEXHymenopteros_OVIEDO_20231024129"
"Bombus",NA,"sp.",NA,"España","Asturias","Providencia",NA,NA,NA,"1975",3,26,NA,NA,"Carrasco F. S. F.","",NA,NA,NA,1,NA,NA,NA,"Oviedo Museum",NA,NA,"87_NOCOMPLEXHymenopteros_OVIEDO_20231024130"
"Bombus",NA,"hortorum",NA,"España","Asturias","Infiesto",NA,NA,NA,"1979",4,15,NA,NA,"Gloria Martínez","",NA,NA,NA,1,NA,NA,NA,"Oviedo Museum",NA,NA,"87_NOCOMPLEXHymenopteros_OVIEDO_20231024131"
"Bombus",NA,"sp.",NA,"España","Asturias","Posada de Llanera",NA,NA,NA,"1975",3,7,NA,NA,"Mª Jesús Fdez Suárez","",NA,NA,NA,1,NA,NA,NA,"Oviedo Museum",NA,NA,"87_NOCOMPLEXHymenopteros_OVIEDO_20231024132"
"Bombus",NA,"sp.",NA,"España","Asturias","Roces",NA,NA,NA,NA,NA,NA,NA,NA,"J. Ángel Diego","",NA,NA,NA,1,NA,NA,NA,"Oviedo Museum",NA,NA,"87_NOCOMPLEXHymenopteros_OVIEDO_20231024133"
"Bombus",NA,"sp.",NA,"España","Asturias","Oviedo",NA,NA,NA,"1978",5,2,NA,NA,"Ana Maillo","",NA,NA,NA,1,NA,NA,NA,"Oviedo Museum",NA,NA,"87_NOCOMPLEXHymenopteros_OVIEDO_20231024134"
"Bombus",NA,"sp.",NA,"España","Asturias","Naranco (Oviedo)",NA,NA,NA,"1978",5,15,NA,NA,"Tomasa Álvarez","",NA,NA,NA,1,NA,NA,NA,"Oviedo Museum","Sobre flor",NA,"87_NOCOMPLEXHymenopteros_OVIEDO_20231024135"
"Bombus",NA,"sp.",NA,"España","Palencia","Cozuelos de Ojeda",NA,NA,NA,"1978",3,25,NA,NA,"Pilar Riego","",NA,NA,NA,1,NA,NA,NA,"Oviedo Museum","Campo","Tiene moho","87_NOCOMPLEXHymenopteros_OVIEDO_20231024136"
"Bombus",NA,"sp.",NA,"España","Asturias","Somiedo",NA,NA,NA,"1978",7,4,NA,NA,"J. A. Muñiz Montes","",NA,NA,NA,1,NA,NA,NA,"Oviedo Museum",NA,NA,"87_NOCOMPLEXHymenopteros_OVIEDO_20231024137"
"Bombus",NA,"sp.",NA,"España","Asturias","Villaviciosa",NA,NA,NA,"1987",3,14,NA,NA,"Alberto Valls","Alberto Valls",NA,NA,NA,1,NA,NA,NA,"Oviedo Museum",NA,NA,"87_NOCOMPLEXHymenopteros_OVIEDO_20231024138"
"Bombus",NA,"terrestris",NA,"España","Asturias","Oviedo",NA,NA,NA,"1988",11,1,NA,NA,"J. Villsante","",NA,NA,NA,1,NA,NA,NA,"Oviedo Museum",NA,NA,"87_NOCOMPLEXHymenopteros_OVIEDO_20231024139"
"Bombus",NA,"terrestris",NA,"España","Asturias","La Corredoria",NA,NA,NA,"1979",6,2,NA,NA,"C. L. Martínez","A. Quero",NA,NA,NA,1,NA,NA,NA,"Oviedo Museum",NA,NA,"87_NOCOMPLEXHymenopteros_OVIEDO_20231024140"
"Bombus",NA,"sp.",NA,"España","Asturias","Salas",NA,NA,NA,"1979",8,16,NA,NA,"Esther Fdez Mndez","Esther Fdez Mndez",NA,NA,NA,1,NA,NA,NA,"Oviedo Museum",NA,NA,"87_NOCOMPLEXHymenopteros_OVIEDO_20231024141"
"Bombus",NA,"sp.",NA,"España","León","Busdongo",NA,NA,NA,NA,NA,NA,NA,NA,NA,"J. Aza",NA,NA,NA,1,NA,NA,NA,"Oviedo Museum",NA,NA,"87_NOCOMPLEXHymenopteros_OVIEDO_20231024142"
"Bombus",NA,"sp.",NA,"España","Asturias","S. Justo",NA,NA,NA,"1980",5,24,NA,NA,"Mª Antonia Pardo Álvarez","",NA,NA,NA,1,NA,NA,NA,"Oviedo Museum",NA,NA,"87_NOCOMPLEXHymenopteros_OVIEDO_20231024143"
"Bombus",NA,"sp.",NA,"España","León","La Candamia (León)",NA,NA,NA,"1983",8,27,NA,NA,"Pardo Álvarez","",NA,NA,NA,1,NA,NA,NA,"Oviedo Museum",NA,NA,"87_NOCOMPLEXHymenopteros_OVIEDO_20231024144"
"Bombus",NA,"sp.",NA,"España","Cantabria","Santander",NA,NA,NA,"1978",5,25,NA,NA,"C. Polidura","",NA,NA,NA,1,NA,NA,NA,"Oviedo Museum",NA,NA,"87_NOCOMPLEXHymenopteros_OVIEDO_20231024145"
"Bombus",NA,"terrestris",NA,"España","León","Oville",NA,NA,NA,"1983",7,20,NA,NA,"A. Barahona","A. Barahona",NA,NA,NA,1,NA,NA,NA,"Oviedo Museum",NA,NA,"87_NOCOMPLEXHymenopteros_OVIEDO_20231024146"
"Bombus",NA,"sp.",NA,"España","Asturias","Naranco (Oviedo)",NA,NA,NA,"1980",5,9,NA,NA,"R. G. Capllonch","",NA,NA,NA,1,NA,NA,NA,"Oviedo Museum","Prado",NA,"87_NOCOMPLEXHymenopteros_OVIEDO_20231024147"
"Bombus",NA,"sp.",NA,"España","Asturias","La Carriona",NA,NA,NA,"1978",4,21,NA,NA,"J. Esteban Pascual","",NA,NA,NA,1,NA,NA,NA,"Oviedo Museum","Ortiga",NA,"87_NOCOMPLEXHymenopteros_OVIEDO_20231024148"
"Bombus",NA,"terrestris",NA,"España","Palencia","Palencia",NA,NA,NA,"1983",8,15,NA,NA,"M. Torres Michelana","M. Torres",NA,NA,NA,1,NA,NA,NA,"Oviedo Museum","Casa",NA,"87_NOCOMPLEXHymenopteros_OVIEDO_20231024149"
"Bombus",NA,"sp.",NA,"España","Asturias","Avilés",NA,NA,NA,"1975",5,25,NA,NA,"A. Lozano","",NA,NA,NA,1,NA,NA,NA,"Oviedo Museum",NA,NA,"87_NOCOMPLEXHymenopteros_OVIEDO_20231024150"
"Bombus",NA,"hortorum",NA,"España","Palencia","Monte El Viejo",NA,NA,NA,"1978",8,4,NA,NA,"Mª José García","Mª José García",NA,NA,NA,1,NA,NA,NA,"Oviedo Museum",NA,NA,"87_NOCOMPLEXHymenopteros_OVIEDO_20231024151"
"Bombus",NA,"sp.",NA,"España","Asturias","Oviedo",NA,NA,NA,"1975",7,15,NA,NA,"S. Calvo","",NA,NA,NA,1,NA,NA,NA,"Oviedo Museum",NA,NA,"87_NOCOMPLEXHymenopteros_OVIEDO_20231024152"
"Bombus",NA,"sp.",NA,"España","Burgos","Covarrubias (Arlanza)",NA,NA,NA,"1983",8,6,NA,NA,"Javier Cuesta","",NA,NA,NA,1,NA,NA,NA,"Oviedo Museum",NA,NA,"87_NOCOMPLEXHymenopteros_OVIEDO_20231024153"
"Bombus",NA,"sp.",NA,"España","Asturias","Avilés",NA,NA,NA,"1975",3,25,NA,NA,"M. A. Aranda","",NA,NA,NA,1,NA,NA,NA,"Oviedo Museum",NA,NA,"87_NOCOMPLEXHymenopteros_OVIEDO_20231024154"
"Bombus",NA,"terrestris",NA,"España","Asturias","Ribadesella",NA,NA,NA,"1983",3,21,NA,NA,"Isabel F. Suárez","Isabel F. Suárez",NA,NA,NA,1,NA,NA,NA,"Oviedo Museum",NA,NA,"87_NOCOMPLEXHymenopteros_OVIEDO_20231024155"
"Bombus",NA,"terrestris",NA,"España","Asturias","Oviedo",NA,NA,NA,"1989",4,8,NA,NA,"Idoia Villate","Idoia Villate",NA,NA,NA,1,NA,NA,NA,"Oviedo Museum",NA,NA,"87_NOCOMPLEXHymenopteros_OVIEDO_20231024156"
"Bombus",NA,"terrestris",NA,"España","Asturias","Somió",NA,NA,NA,"1979",6,16,NA,NA,"P. Figaredo","",NA,NA,NA,1,NA,NA,NA,"Oviedo Museum",NA,NA,"87_NOCOMPLEXHymenopteros_OVIEDO_20231024157"
"Bombus",NA,"sp.",NA,"España","Asturias","Xivares (Candás)",NA,NA,NA,"1975",7,16,NA,NA,"Noemí Truébano","",NA,NA,NA,1,NA,NA,NA,"Oviedo Museum",NA,"Tiene moho","87_NOCOMPLEXHymenopteros_OVIEDO_20231024158"
"Bombus",NA,"sp.",NA,"España","Asturias","Brañace (Aramo)",NA,NA,NA,"1974",5,1,NA,NA,"Juan G. Debén","",NA,NA,NA,1,NA,NA,NA,"Oviedo Museum",NA,NA,"87_NOCOMPLEXHymenopteros_OVIEDO_20231024159"
"Bombus",NA,"sp.",NA,"España","Asturias","Ribadesella",NA,NA,NA,"1975",11,15,NA,NA,"M. Escotet","",NA,NA,NA,1,NA,NA,NA,"Oviedo Museum",NA,NA,"87_NOCOMPLEXHymenopteros_OVIEDO_20231024160"
"Bombus",NA,"terrestris",NA,"España","Asturias","Luces",NA,NA,NA,"1980",4,24,NA,NA,"José A. Gil","José A. Gil",NA,NA,NA,1,NA,NA,NA,"Oviedo Museum","Prado",NA,"87_NOCOMPLEXHymenopteros_OVIEDO_20231024161"
"Bombus",NA,"lucorum",NA,"España","Asturias","Gijón",NA,NA,NA,"1979",9,8,NA,NA,"Sol Barquero","",NA,NA,NA,1,NA,NA,NA,"Oviedo Museum","Arbusto",NA,"87_NOCOMPLEXHymenopteros_OVIEDO_20231024162"
"Bombus",NA,"sp.",NA,"España","Asturias","Mareo",NA,NA,NA,"1975",4,27,NA,NA,"A. F. Braña","",NA,NA,NA,1,NA,NA,NA,"Oviedo Museum",NA,NA,"87_NOCOMPLEXHymenopteros_OVIEDO_20231024163"
"Bombus",NA,"sp.",NA,"España","Palencia","Piedras Luengas",NA,NA,NA,"1983",7,23,NA,NA,"J. Valderrabano","",NA,NA,NA,1,NA,NA,NA,"Oviedo Museum","Pradera",NA,"87_NOCOMPLEXHymenopteros_OVIEDO_20231024164"
"Bombus",NA,"hortorum",NA,"España","Lugo","Chantada",NA,NA,NA,"1974",8,19,NA,NA,"P. García G.","",NA,NA,NA,1,NA,NA,NA,"Oviedo Museum",NA,NA,"87_NOCOMPLEXHymenopteros_OVIEDO_20231024165"
"Bombu",NA,"sp.",NA,"España","Asturias","Villarejo",NA,NA,NA,"1980",5,9,NA,NA,"A. Mtnez Barrero","",NA,NA,NA,1,NA,NA,NA,"Oviedo Museum","Flor",NA,"87_NOCOMPLEXHymenopteros_OVIEDO_20231024166"
"Bombus",NA,"hortorum",NA,"España","Asturias","Naranco (Oviedo)",NA,NA,NA,"1975",8,2,NA,NA,"Emma Mª F. Silva","",NA,NA,NA,1,NA,NA,NA,"Oviedo Museum",NA,NA,"87_NOCOMPLEXHymenopteros_OVIEDO_20231024167"
"Bombus",NA,"sp.",NA,"España","Asturias","Gijón",NA,NA,NA,"1983",5,10,NA,NA,"I. Power Amillo","",NA,NA,NA,1,NA,NA,NA,"Oviedo Museum","Jardín",NA,"87_NOCOMPLEXHymenopteros_OVIEDO_20231024168"
"Bombus",NA,"sp.",NA,"España","Asturias","Naranco (Oviedo)",NA,NA,NA,"1983",5,22,NA,NA,NA,"",NA,NA,NA,1,NA,NA,NA,"Oviedo Museum",NA,"Foto Miguel Fangul","87_NOCOMPLEXHymenopteros_OVIEDO_20231024169"
"Bombus",NA,"sp.",NA,"España","Asturias","S. Juan de la Arena",NA,NA,NA,"1978",3,11,NA,NA,NA,"",NA,NA,NA,1,NA,NA,NA,"Oviedo Museum",NA,NA,"87_NOCOMPLEXHymenopteros_OVIEDO_20231024170"
"Bombus",NA,"jonellus",NA,"España","Asturias","Grado",NA,NA,NA,"1978",5,28,NA,NA,"Ángeles Santiago","",NA,NA,NA,1,NA,NA,NA,"Oviedo Museum","Hierba",NA,"87_NOCOMPLEXHymenopteros_OVIEDO_20231024171"
"Bombus",NA,"hortorum",NA,"España","Asturias","Paxío",NA,NA,NA,"1978",5,13,NA,NA,"Marta E. Fdez Vigara","",NA,NA,NA,1,NA,NA,NA,"Oviedo Museum","Sobre flor",NA,"87_NOCOMPLEXHymenopteros_OVIEDO_20231024172"
"Bombus",NA,"hortorum",NA,"España","Cantabria","Santander",NA,NA,NA,NA,NA,NA,NA,NA,"P. Lebolledo V.","",NA,NA,NA,1,NA,NA,NA,"Oviedo Museum","Jardín",NA,"87_NOCOMPLEXHymenopteros_OVIEDO_20231024173"
"Bombus",NA,"terrestris",NA,"España","Cantabria","Torrelavega",NA,NA,NA,"1978",5,14,NA,NA,"C. del Alamo","",NA,NA,NA,1,NA,NA,NA,"Oviedo Museum",NA,NA,"87_NOCOMPLEXHymenopteros_OVIEDO_20231024174"
"Bombus",NA,"terrestris",NA,"España","Asturias","Taborneda",NA,NA,NA,"1978",5,9,NA,NA,"Isabel Terán Casado","",NA,NA,NA,1,NA,NA,NA,"Oviedo Museum","Matorral",NA,"87_NOCOMPLEXHymenopteros_OVIEDO_20231024175"
"Bombus",NA,"terrestris",NA,"España","Asturias","Moreda",NA,NA,NA,"1976",6,11,NA,NA,"J. Morán D.","",NA,NA,NA,1,NA,NA,NA,"Oviedo Museum",NA,NA,"87_NOCOMPLEXHymenopteros_OVIEDO_20231024176"
"Bombus",NA,"jonellus",NA,"España","Cantabria","Ramales",NA,NA,NA,NA,NA,NA,NA,NA,"José Mª Piney","",NA,NA,NA,1,NA,NA,NA,"Oviedo Museum",NA,NA,"87_NOCOMPLEXHymenopteros_OVIEDO_20231024177"
NA,NA,NA,NA,"España","Asturias","Barro",NA,NA,NA,NA,NA,NA,NA,NA,"Mª Carmen Fdez","",NA,NA,NA,1,NA,NA,NA,"Oviedo Museum",NA,NA,"87_NOCOMPLEXHymenopteros_OVIEDO_20231024178"
"Bombus",NA,"terrestris",NA,"España","Asturias","Infiesto",NA,NA,NA,"1976",5,30,NA,NA,"Faustina Bravo","",NA,NA,NA,1,NA,NA,NA,"Oviedo Museum",NA,NA,"87_NOCOMPLEXHymenopteros_OVIEDO_20231024179"
"Bombus",NA,"sp.",NA,"España","Asturias","Avilés",NA,NA,NA,"1975",2,13,NA,NA,"Concepción Suárez","",NA,NA,NA,1,NA,NA,NA,"Oviedo Museum",NA,NA,"87_NOCOMPLEXHymenopteros_OVIEDO_20231024180"
"Bombus",NA,"sp.",NA,"España","Asturias","Oviedo",NA,NA,NA,"1975",7,10,NA,NA,"Miguel Ángel Ayala","",NA,NA,NA,1,NA,NA,NA,"Oviedo Museum",NA,NA,"87_NOCOMPLEXHymenopteros_OVIEDO_20231024181"
"Bombus",NA,"sp.",NA,"España","Pontevedra","Panjón",NA,NA,NA,"1972",7,23,NA,NA,"R. Anadón","",NA,NA,NA,1,NA,NA,NA,"Oviedo Museum",NA,NA,"87_NOCOMPLEXHymenopteros_OVIEDO_20231024182"
"Bombus",NA,"sp.",NA,"España","Asturias","Noreña",NA,NA,NA,NA,NA,NA,NA,NA,"A. F. Braña","",NA,NA,NA,1,NA,NA,NA,"Oviedo Museum",NA,"34","87_NOCOMPLEXHymenopteros_OVIEDO_20231024183"
"Bombus",NA,"sp.",NA,"España","Cantabria","Santander",NA,NA,NA,NA,NA,NA,NA,NA,"Pilar Pereda","",NA,NA,NA,1,NA,NA,NA,"Oviedo Museum",NA,NA,"87_NOCOMPLEXHymenopteros_OVIEDO_20231024184"
"Bombus",NA,"sp.",NA,"España","Asturias","Gijón",NA,NA,NA,"1979",4,8,NA,NA,"Sol Barquero","",NA,NA,NA,1,NA,NA,NA,"Oviedo Museum","Arbusto","Tiene moho","87_NOCOMPLEXHymenopteros_OVIEDO_20231024185"
"Bombus",NA,"sp.",NA,"España","Asturias","Somió",NA,NA,NA,"1978",5,2,NA,NA,"Luis E. Pérez","",NA,NA,NA,1,NA,NA,NA,"Oviedo Museum","Matorral",NA,"87_NOCOMPLEXHymenopteros_OVIEDO_20231024186"
"Bombus",NA,"terrestris",NA,"España","Asturias","La Veiguina",NA,NA,NA,"1980",3,23,NA,NA,"Mª Elma Díaz S.","Mª Elma Díaz S.",NA,NA,NA,1,NA,NA,NA,"Oviedo Museum","Prado",NA,"87_NOCOMPLEXHymenopteros_OVIEDO_20231024187"
"Bombus",NA,"sp.",NA,"España","Asturias","Fuso de la Reina",NA,NA,NA,"1978",7,12,NA,NA,"M. A. Aranda","",NA,NA,NA,1,NA,NA,NA,"Oviedo Museum",NA,NA,"87_NOCOMPLEXHymenopteros_OVIEDO_20231024188"
"Bombus",NA,"sp.",NA,"España","Asturias","Monte Naranco",NA,NA,NA,"1987",5,20,NA,NA,"A. Flórez Alonso","A. Flórez Alonso",NA,NA,NA,1,NA,NA,NA,"Oviedo Museum",NA,NA,"87_NOCOMPLEXHymenopteros_OVIEDO_20231024189"
"Bombus",NA,"lucorum",NA,"España","Asturias","Avilés",NA,NA,NA,"1990",7,20,NA,NA,"C. M. Álvarez Lao","C. M. Álvarez Lao",NA,NA,NA,1,NA,NA,NA,"Oviedo Museum",NA,NA,"87_NOCOMPLEXHymenopteros_OVIEDO_20231024190"
"Bombus",NA,"terrestris",NA,"España","Asturias","Salinas",NA,NA,NA,"1979",8,10,NA,NA,"M. J. Vallhonrat","",NA,NA,NA,1,NA,NA,NA,"Oviedo Museum",NA,NA,"87_NOCOMPLEXHymenopteros_OVIEDO_20231024191"
"Bombus",NA,"sp.",NA,"España","Asturias","Perlora",NA,NA,NA,"1984",4,20,NA,NA,"Mª A. Pardo Álvarez","",NA,NA,NA,1,NA,NA,NA,"Oviedo Museum",NA,NA,"87_NOCOMPLEXHymenopteros_OVIEDO_20231024192"
"Bombus",NA,"sp.",NA,"España","Asturias","Naranco (Oviedo)",NA,NA,NA,"1975",8,9,NA,NA,"Emma Mª F. Silva","",NA,NA,NA,1,NA,NA,NA,"Oviedo Museum",NA,NA,"87_NOCOMPLEXHymenopteros_OVIEDO_20231024193"
NA,NA,NA,NA,"España","Asturias","Oviedo",NA,NA,NA,"1974",4,8,NA,NA,"Cristina Gutiérrez","",NA,NA,NA,1,NA,NA,NA,"Oviedo Museum",NA,NA,"87_NOCOMPLEXHymenopteros_OVIEDO_20231024194"
"Bombus",NA,"sp.",NA,"España","Asturias","Universidad Laboral Gijón",NA,NA,NA,"1980",7,5,NA,NA,"Gregorio R. Glez","",NA,NA,NA,1,NA,NA,NA,"Oviedo Museum",NA,NA,"87_NOCOMPLEXHymenopteros_OVIEDO_20231024195"
"Bombus",NA,"sp.",NA,"España","Asturias","San Antolín de Ibias",NA,NA,NA,"1987",5,2,NA,NA,"Yolanda Colubi","Yolanda Colubi",NA,NA,NA,1,NA,NA,NA,"Oviedo Museum","Carretera",NA,"87_NOCOMPLEXHymenopteros_OVIEDO_20231024196"
"Bombus",NA,"sp.",NA,"España","Asturias","Serín",NA,NA,NA,"1981",5,14,NA,NA,"Pilar Fdez Lorenzo","",NA,NA,NA,1,NA,NA,NA,"Oviedo Museum",NA,NA,"87_NOCOMPLEXHymenopteros_OVIEDO_20231024197"
"Bombus",NA,"sp.",NA,"España","Asturias","Latores",NA,NA,NA,"1987",6,7,NA,NA,"M. V. Cuartas","M. V. Cuartas",NA,NA,NA,1,NA,NA,NA,"Oviedo Museum","Prado",NA,"87_NOCOMPLEXHymenopteros_OVIEDO_20231024198"
"Bombus",NA,"sp.",NA,"España","Asturias","Gijón",NA,NA,NA,"1983",6,1,NA,NA,"I. Power Amillo","I. Power Amillo",NA,NA,NA,1,NA,NA,NA,"Oviedo Museum","Prado",NA,"87_NOCOMPLEXHymenopteros_OVIEDO_20231024199"
"Bombus",NA,"sp.",NA,"España","Asturias","Ibias",NA,NA,NA,NA,NA,NA,NA,NA,"Mª Elena Leigvarda B.","Mª Elena Leigvarda B.",NA,NA,NA,1,NA,NA,NA,"Oviedo Museum",NA,NA,"87_NOCOMPLEXHymenopteros_OVIEDO_20231024200"
"Bombus",NA,"sp.",NA,"España","Asturias","Universidad Laboral Gijón",NA,NA,NA,"1980",7,5,NA,NA,"Gregorio R. Glez","",NA,NA,NA,1,NA,NA,NA,"Oviedo Museum",NA,NA,"87_NOCOMPLEXHymenopteros_OVIEDO_20231024201"
"Bombus",NA,"sp.",NA,"España","Asturias","Santurio",NA,NA,NA,"1980",6,27,NA,NA,"Inés Lombas","",NA,NA,NA,1,NA,NA,NA,"Oviedo Museum",NA,NA,"87_NOCOMPLEXHymenopteros_OVIEDO_20231024202"
"Bombus",NA,"sp.",NA,"España","Asturias","Luera",NA,NA,NA,"1986",5,1,NA,NA,"Juan Escribano","",NA,NA,NA,1,NA,NA,NA,"Oviedo Museum",NA,NA,"87_NOCOMPLEXHymenopteros_OVIEDO_20231024203"
"Bombus",NA,"sp.",NA,"España","Asturias","Villademar",NA,NA,NA,NA,NA,NA,NA,NA,"Marcos L.","",NA,NA,NA,1,NA,NA,NA,"Oviedo Museum",NA,NA,"87_NOCOMPLEXHymenopteros_OVIEDO_20231024204"
"Bombus",NA,"sp.",NA,"España","Pontevedra","Monteferro",NA,NA,NA,"1981",8,16,NA,NA,"A. Anadón","",NA,NA,NA,1,NA,NA,NA,"Oviedo Museum",NA,NA,"87_NOCOMPLEXHymenopteros_OVIEDO_20231024205"
"Bombus",NA,"sp.",NA,"España","Cantabria","Vargas",NA,NA,NA,"1975",8,9,NA,NA,"Orencio H. Palacios","Orencio H. Palacios",NA,NA,NA,1,NA,NA,NA,"Oviedo Museum",NA,NA,"87_NOCOMPLEXHymenopteros_OVIEDO_20231024206"
"Bombus",NA,"terrestris",NA,"España","Asturias","Celorio",NA,NA,NA,"1980",11,2,NA,NA,"Milagros Garzo","Milagros Garzo",NA,NA,NA,1,NA,NA,NA,"Oviedo Museum","Prado",NA,"87_NOCOMPLEXHymenopteros_OVIEDO_20231024207"
"Bombus",NA,"sp.",NA,"España","Asturias","Monte de la Luz",NA,NA,NA,"1986",4,30,NA,NA,"Isaac Antolín","",NA,NA,NA,1,NA,NA,NA,"Oviedo Museum",NA,NA,"87_NOCOMPLEXHymenopteros_OVIEDO_20231024208"
"Bombus",NA,"sp.",NA,"España","Asturias","Poago",NA,NA,NA,"1983",5,24,NA,NA,"G. Mtnez Saiz","G. Mtnez Saiz",NA,NA,NA,1,NA,NA,NA,"Oviedo Museum",NA,NA,"87_NOCOMPLEXHymenopteros_OVIEDO_20231024209"
"Bombus",NA,"terrestris",NA,"España","Asturias","Gijón",NA,NA,NA,"1986",2,20,NA,NA,"José Luis Acuña","José Luis Acuña",NA,NA,NA,1,NA,NA,NA,"Oviedo Museum",NA,NA,"87_NOCOMPLEXHymenopteros_OVIEDO_20231024210"
"Bombus",NA,"hortorum",NA,"España","Asturias","Camping El Porao",NA,NA,NA,"1987",6,6,NA,NA,"José A. Rguez Fdez","José A. Rguez Fdez",NA,NA,NA,1,NA,NA,NA,"Oviedo Museum",NA,NA,"87_NOCOMPLEXHymenopteros_OVIEDO_20231024211"
"Bombus",NA,"sp.",NA,"España","Asturias","La Providencia",NA,NA,NA,"1987",5,30,NA,NA,"Rosa M. Viejo G.","Rosa M. Viejo G.",NA,NA,NA,1,NA,NA,NA,"Oviedo Museum","Prado",NA,"87_NOCOMPLEXHymenopteros_OVIEDO_20231024212"
"Bombus",NA,"sp.",NA,"España",NA,"Villaviciosa",NA,NA,NA,"1987",3,14,NA,NA,"Alberto Valls","Alberto Valls",NA,NA,NA,1,NA,NA,NA,"Oviedo Museum",NA,NA,"87_NOCOMPLEXHymenopteros_OVIEDO_20231024213"
"Bombus",NA,"terrestris",NA,"España","Asturias","El Dique (Luanco)",NA,NA,NA,"1979",8,24,NA,NA,"I. Roca","I. Roca",NA,NA,NA,1,NA,NA,NA,"Oviedo Museum","Matorral",NA,"87_NOCOMPLEXHymenopteros_OVIEDO_20231024214"
"Bombus",NA,"sp.",NA,"España","Asturias","Perlora",NA,NA,NA,NA,NA,NA,NA,NA,"Suárez Suárez","",NA,NA,NA,1,NA,NA,NA,"Oviedo Museum","Playa, sobre flor",NA,"87_NOCOMPLEXHymenopteros_OVIEDO_20231024215"
"Bombus",NA,"terrestris",NA,"España","Asturias","Infanzón",NA,NA,NA,"1988",11,1,NA,NA,"Mª del Camino J.","Mª del Camino J.",NA,NA,NA,1,NA,NA,NA,"Oviedo Museum",NA,NA,"87_NOCOMPLEXHymenopteros_OVIEDO_20231024216"
"Bombus",NA,"sp.",NA,"España","Asturias","Fuso de la Reina",NA,NA,NA,"1978",3,4,NA,NA,"M. A. Aranda","",NA,NA,NA,1,NA,NA,NA,"Oviedo Museum",NA,NA,"87_NOCOMPLEXHymenopteros_OVIEDO_20231024217"
"Bombus",NA,"sp.",NA,"España","Asturias","Gijón",NA,NA,NA,"1979",4,18,NA,NA,"Sol Barquero","",NA,NA,NA,1,NA,NA,NA,"Oviedo Museum","Arbusto",NA,"87_NOCOMPLEXHymenopteros_OVIEDO_20231024218"
"Bombus",NA,"sp.",NA,NA,NA,"S. Juan de la Arena",NA,NA,NA,"1978",3,11,NA,NA,NA,"",NA,NA,NA,1,NA,NA,NA,"Oviedo Museum",NA,NA,"87_NOCOMPLEXHymenopteros_OVIEDO_20231024219"
"Bombus",NA,"sp.",NA,"España","Cantabria","Cosio",NA,NA,NA,"1986",8,24,NA,NA,"Beatriz Marcos","Beatriz Marcos",NA,NA,NA,1,NA,NA,NA,"Oviedo Museum","Pradera",NA,"87_NOCOMPLEXHymenopteros_OVIEDO_20231024220"
"Bombus",NA,"sp.",NA,"España","Asturias","S. Antolin de Ibias",NA,NA,NA,"1989",7,8,NA,NA,"L. Valle","",NA,NA,NA,1,NA,NA,NA,"Oviedo Museum","Zarza",NA,"87_NOCOMPLEXHymenopteros_OVIEDO_20231024221"
"Bombus",NA,"sp.",NA,"España","Asturias","S. Antolin de Ibias",NA,NA,NA,"1989",7,8,NA,NA,"L. Valle","",NA,NA,NA,1,NA,NA,NA,"Oviedo Museum","Zarza",NA,"87_NOCOMPLEXHymenopteros_OVIEDO_20231024222"
"Bombus",NA,"sp.",NA,"España","Asturias","S. Antolin de Ibias",NA,NA,NA,"1989",7,8,NA,NA,"L. Valle","",NA,NA,NA,1,NA,NA,NA,"Oviedo Museum","Zarza",NA,"87_NOCOMPLEXHymenopteros_OVIEDO_20231024223"
"Bombus",NA,"sp.",NA,"España","Asturias","S. Antolin de Ibias",NA,NA,NA,"1989",7,8,NA,NA,"L. Valle","",NA,NA,NA,1,NA,NA,NA,"Oviedo Museum","Zarza",NA,"87_NOCOMPLEXHymenopteros_OVIEDO_20231024224"
"Bombus",NA,"sp.",NA,"España","Asturias","S. Antolin de Ibias",NA,NA,NA,"1989",7,8,NA,NA,"L. Valle","",NA,NA,NA,1,NA,NA,NA,"Oviedo Museum","Zarza",NA,"87_NOCOMPLEXHymenopteros_OVIEDO_20231024225"
"Bombus",NA,"sp.",NA,"España","Asturias","S. Antolin de Ibias",NA,NA,NA,"1989",7,8,NA,NA,"L. Valle","",NA,NA,NA,1,NA,NA,NA,"Oviedo Museum","Zarza",NA,"87_NOCOMPLEXHymenopteros_OVIEDO_20231024226"
"Bombus",NA,"sp.",NA,"España","Asturias","S. Antolin de Ibias",NA,NA,NA,"1989",7,8,NA,NA,"L. Valle","",NA,NA,NA,1,NA,NA,NA,"Oviedo Museum","Zarza",NA,"87_NOCOMPLEXHymenopteros_OVIEDO_20231024227"
"Bombus",NA,"sp.",NA,"España","Asturias","S. Antolin de Ibias",NA,NA,NA,"1989",7,8,NA,NA,"L. Valle","",NA,NA,NA,1,NA,NA,NA,"Oviedo Museum","Zarza",NA,"87_NOCOMPLEXHymenopteros_OVIEDO_20231024228"
"Bombus",NA,"sp.",NA,"España","Asturias","S. Antolin de Ibias",NA,NA,NA,"1989",7,8,NA,NA,"L. Valle","",NA,NA,NA,1,NA,NA,NA,"Oviedo Museum","Zarza",NA,"87_NOCOMPLEXHymenopteros_OVIEDO_20231024229"
"Bombus",NA,"sp.",NA,"España","Asturias","S. Antolin de Ibias",NA,NA,NA,"1989",7,8,NA,NA,"L. Valle","",NA,NA,NA,1,NA,NA,NA,"Oviedo Museum","Zarza",NA,"87_NOCOMPLEXHymenopteros_OVIEDO_20231024230"
"Bombus",NA,"sp.",NA,"España","Asturias","S. Antolin de Ibias",NA,NA,NA,"1989",7,8,NA,NA,"L. Valle","",NA,NA,NA,1,NA,NA,NA,"Oviedo Museum","Zarza",NA,"87_NOCOMPLEXHymenopteros_OVIEDO_20231024231"
"Bombus",NA,"sp.",NA,"España","Asturias","S. Antolin de Ibias",NA,NA,NA,"1989",7,8,NA,NA,"L. Valle","",NA,NA,NA,1,NA,NA,NA,"Oviedo Museum","Zarza",NA,"87_NOCOMPLEXHymenopteros_OVIEDO_20231024232"
"Bombus",NA,"sp.",NA,"España","Asturias","S. Antolin de Ibias",NA,NA,NA,"1989",9,7,NA,NA,"L. Valle","",NA,NA,NA,1,NA,NA,NA,"Oviedo Museum","Brezal",NA,"87_NOCOMPLEXHymenopteros_OVIEDO_20231024233"
"Bombus",NA,"sp.",NA,"España","Asturias","S. Antolin de Ibias",NA,NA,NA,"1989",9,7,NA,NA,"L. Valle","",NA,NA,NA,1,NA,NA,NA,"Oviedo Museum","Brezal",NA,"87_NOCOMPLEXHymenopteros_OVIEDO_20231024234"
"Bombus",NA,"sp.",NA,"España","Asturias","S. Antolin de Ibias",NA,NA,NA,"1989",9,7,NA,NA,"L. Valle","",NA,NA,NA,1,NA,NA,NA,"Oviedo Museum","Brezal",NA,"87_NOCOMPLEXHymenopteros_OVIEDO_20231024235"
"Bombus",NA,"sp.",NA,"España","Asturias","S. Antolin de Ibias",NA,NA,NA,"1989",9,7,NA,NA,"L. Valle","",NA,NA,NA,1,NA,NA,NA,"Oviedo Museum","Brezal",NA,"87_NOCOMPLEXHymenopteros_OVIEDO_20231024236"
"Bombus",NA,"sp.",NA,"España","Asturias","S. Antolin de Ibias",NA,NA,NA,"1989",7,9,NA,NA,"Luis Valle","",NA,NA,NA,1,NA,NA,NA,"Oviedo Museum","Prado",NA,"87_NOCOMPLEXHymenopteros_OVIEDO_20231024237"
"Bombus",NA,"sp.",NA,"España","Asturias","S. Antolin de Ibias",NA,NA,NA,"1989",9,7,NA,NA,"L. Valle","",NA,NA,NA,1,NA,NA,NA,"Oviedo Museum","Brezal",NA,"87_NOCOMPLEXHymenopteros_OVIEDO_20231024238"
"Bombus",NA,"sp.",NA,"España","Asturias","S. Antolin de Ibias",NA,NA,NA,"1989",7,9,NA,NA,"Luis Valle","",NA,NA,NA,1,NA,NA,NA,"Oviedo Museum","Prado",NA,"87_NOCOMPLEXHymenopteros_OVIEDO_20231024239"
"Bombus",NA,"sp.",NA,"España","Asturias","S. Antolin de Ibias",NA,NA,NA,"1989",7,9,NA,NA,"Luis Valle","",NA,NA,NA,1,NA,NA,NA,"Oviedo Museum","Prado",NA,"87_NOCOMPLEXHymenopteros_OVIEDO_20231024240"
"Bombus",NA,"sp.",NA,"España","Asturias","S. Antolin de Ibias",NA,NA,NA,"1989",7,9,NA,NA,"Luis Valle","",NA,NA,NA,1,NA,NA,NA,"Oviedo Museum","Prado",NA,"87_NOCOMPLEXHymenopteros_OVIEDO_20231024241"
"Bombus",NA,"sp.",NA,"España","Asturias","S. Antolin de Ibias",NA,NA,NA,"1989",7,9,NA,NA,"Luis Valle","",NA,NA,NA,1,NA,NA,NA,"Oviedo Museum","Prado",NA,"87_NOCOMPLEXHymenopteros_OVIEDO_20231024242"
"Bombus",NA,"sp.",NA,"España","Asturias","S. Antolin de Ibias",NA,NA,NA,"1989",7,11,NA,NA,"L. Valle","",NA,NA,NA,1,NA,NA,NA,"Oviedo Museum","Camino",NA,"87_NOCOMPLEXHymenopteros_OVIEDO_20231024243"
"Bombus",NA,"sp.",NA,"España","Asturias","S. Antolin de Ibias",NA,NA,NA,"1989",7,11,NA,NA,"L. Valle","",NA,NA,NA,1,NA,NA,NA,"Oviedo Museum","Camino",NA,"87_NOCOMPLEXHymenopteros_OVIEDO_20231024244"
"Bombus",NA,"sp.",NA,"España","Asturias","Gijón",NA,NA,NA,"1983",5,22,NA,NA,"D. Blanco","D. Blanco",NA,NA,NA,1,NA,NA,NA,"Oviedo Museum",NA,NA,"87_NOCOMPLEXHymenopteros_OVIEDO_20231024245"
"Bombus",NA,"terrestris",NA,"España",NA,"La Isla",NA,NA,NA,"1986",5,1,NA,NA,"Asun Prada","Asun Prada",NA,NA,NA,1,NA,NA,NA,"Oviedo Museum",NA,NA,"87_NOCOMPLEXHymenopteros_OVIEDO_20231024246"
"Bombus",NA,"sp.",NA,"España","Asturias","Molleda",NA,NA,NA,"1974",7,20,NA,NA,"Rosario Iglesias","",NA,NA,NA,1,NA,NA,NA,"Oviedo Museum",NA,NA,"87_NOCOMPLEXHymenopteros_OVIEDO_20231024247"
"Bombus",NA,"terrestris",NA,"España","Asturias","Ambas",NA,NA,NA,"1989",4,22,NA,NA,"I. Irizar","I. Irizar",NA,NA,NA,1,NA,NA,NA,"Oviedo Museum",NA,NA,"87_NOCOMPLEXHymenopteros_OVIEDO_20231024248"
"Bombus",NA,"terrestris",NA,"España","Asturias","Oviedo",NA,NA,NA,"1987",5,12,NA,NA,"J. Villa Cienfuegos","J. Villa Cienfuegos",NA,NA,NA,1,NA,NA,NA,"Oviedo Museum","Prado",NA,"87_NOCOMPLEXHymenopteros_OVIEDO_20231024249"
"Bombus",NA,"terrestris",NA,"España","Asturias","Luanco",NA,NA,NA,"1989",5,7,NA,NA,"V. L. Doriga","V. L. Doriga",NA,NA,NA,1,NA,NA,NA,"Oviedo Museum",NA,NA,"87_NOCOMPLEXHymenopteros_OVIEDO_20231024250"
"Bombus",NA,"sp.",NA,"España","Asturias","Bayas",NA,NA,NA,"1986",5,11,NA,NA,"A. J. Silva Glez","A. J. Silva Glez",NA,NA,NA,1,NA,NA,NA,"Oviedo Museum","Litoral",NA,"87_NOCOMPLEXHymenopteros_OVIEDO_20231024251"
"Bombus",NA,"sp.",NA,"España","Asturias","Cuesta Arco",NA,NA,NA,"1984",4,7,NA,NA,"Ladis del Río","",NA,NA,NA,1,NA,NA,NA,"Oviedo Museum","En flor",NA,"87_NOCOMPLEXHymenopteros_OVIEDO_20231024252"
"Bombus",NA,"sp.",NA,"España","Asturias","Llaranes",NA,NA,NA,"1987",5,25,NA,NA,"Tomás Mtez Morero","T. Mtez Flores",NA,NA,NA,1,NA,NA,NA,"Oviedo Museum",NA,NA,"87_NOCOMPLEXHymenopteros_OVIEDO_20231024253"
"Bombus",NA,"sp.",NA,"España","Asturias","La Luz",NA,NA,NA,"1987",6,8,NA,NA,"Juan Escribano de Diego","Juan Escribano de Diego",NA,NA,NA,1,NA,NA,NA,"Oviedo Museum",NA,NA,"87_NOCOMPLEXHymenopteros_OVIEDO_20231024254"
"Bombus",NA,"terrestris",NA,"España","Asturias","Oviedo",NA,NA,NA,"1989",5,2,NA,NA,"Antonio Palacios","Antonio Palacios",NA,NA,NA,1,NA,NA,NA,"Oviedo Museum",NA,NA,"87_NOCOMPLEXHymenopteros_OVIEDO_20231024255"
"Bombus",NA,"sp.",NA,"España","Asturias","Ceares (Gijón)",NA,NA,NA,"1987",4,20,NA,NA,"Rosa Arriaga","Rosa Arriaga",NA,NA,NA,1,NA,NA,NA,"Oviedo Museum",NA,NA,"87_NOCOMPLEXHymenopteros_OVIEDO_20231024256"
"Bombus",NA,"sp.",NA,"España","Asturias","Gijón",NA,NA,NA,NA,NA,NA,NA,NA,"Carmen Martínez Posta","",NA,NA,NA,1,NA,NA,NA,"Oviedo Museum",NA,NA,"87_NOCOMPLEXHymenopteros_OVIEDO_20231024257"
"Bombus",NA,"sp.",NA,"España","Asturias","La Isla",NA,NA,NA,"1980",4,28,NA,NA,"A. Anadón","Anadón-Quero",NA,NA,NA,1,NA,NA,NA,"Oviedo Museum","En prado",NA,"87_NOCOMPLEXHymenopteros_OVIEDO_20231024258"
"Bombus",NA,"sp.",NA,"España","Asturias","Gijón",NA,NA,NA,NA,NA,NA,NA,NA,"Carmen Martínez Posta","",NA,NA,NA,1,NA,NA,NA,"Oviedo Museum",NA,NA,"87_NOCOMPLEXHymenopteros_OVIEDO_20231024259"
"Bombus",NA,"hortorum",NA,"España","Asturias","Ballota",NA,NA,NA,"1981",6,7,NA,NA,"Antonieta Fleites","Antonieta Fleites",NA,NA,NA,1,NA,NA,NA,"Oviedo Museum","Matorral",NA,"87_NOCOMPLEXHymenopteros_OVIEDO_20231024260"
"Bombus",NA,"lucorum",NA,"España","Asturias","San Andrés",NA,NA,NA,"1990",8,26,NA,NA,"Roberto Grana","Roberto Grana",NA,NA,NA,1,NA,NA,NA,"Oviedo Museum",NA,NA,"87_NOCOMPLEXHymenopteros_OVIEDO_20231024261"
"Bombus",NA,"sp.",NA,"España","Asturias","Lugones",NA,NA,NA,"1983",5,21,NA,NA,"G. Fernández","G. Fernández",NA,NA,NA,1,NA,NA,NA,"Oviedo Museum","Pradera",NA,"87_NOCOMPLEXHymenopteros_OVIEDO_20231024262"
"Bombus",NA,"sp.",NA,"España","Asturias","Oviedo",NA,NA,NA,"1980",5,20,NA,NA,"Ángeles García Caraduje","",NA,NA,NA,1,NA,NA,NA,"Oviedo Museum",NA,NA,"87_NOCOMPLEXHymenopteros_OVIEDO_20231024263"
"Bombus",NA,"hortorum",NA,"España","Asturias","Mieres",NA,NA,NA,NA,NA,NA,NA,NA,"J. F. Fontangordo","",NA,NA,NA,1,NA,NA,NA,"Oviedo Museum",NA,NA,"87_NOCOMPLEXHymenopteros_OVIEDO_20231024264"
"Bombus",NA,"terrestris",NA,"España","Asturias","Pimiango",NA,NA,NA,NA,NA,NA,NA,NA,"A. Laso","",NA,NA,NA,1,NA,NA,NA,"Oviedo Museum",NA,NA,"87_NOCOMPLEXHymenopteros_OVIEDO_20231024265"
"Bombus",NA,"sp.",NA,"España","Asturias","Arbedales",NA,NA,NA,"1978",5,7,NA,NA,NA,"",NA,NA,NA,1,NA,NA,NA,"Oviedo Museum","Sobre ortiga",NA,"87_NOCOMPLEXHymenopteros_OVIEDO_20231024266"
"Bombus",NA,"terrestris",NA,"España","Asturias","Salas",NA,NA,NA,"1976",5,15,NA,NA,"Josefa Díaz P.","",NA,NA,NA,1,NA,NA,NA,"Oviedo Museum",NA,NA,"87_NOCOMPLEXHymenopteros_OVIEDO_20231024267"
"Bombus",NA,"hortorum",NA,"España","Asturias","Xivares (Candás)",NA,NA,NA,"1976",7,9,NA,NA,"N. Truébano","",NA,NA,NA,1,NA,NA,NA,"Oviedo Museum",NA,NA,"87_NOCOMPLEXHymenopteros_OVIEDO_20231024268"
"Bombus",NA,"sp.",NA,"España","Asturias","Gijón",NA,NA,NA,NA,NA,NA,NA,NA,"J. A. Diego","J. A. Diego",NA,NA,NA,1,NA,NA,NA,"Oviedo Museum","En Urtica dioica","Hay dos etiquetas con distinto día en la fecha","87_NOCOMPLEXHymenopteros_OVIEDO_20231024269"
"Bombus",NA,"sp.",NA,"España","Asturias","Pandenes",NA,NA,NA,"1978",5,17,NA,NA,"Fco Martínez","",NA,NA,NA,1,NA,NA,NA,"Oviedo Museum","Prado",NA,"87_NOCOMPLEXHymenopteros_OVIEDO_20231024270"
"Bombus",NA,"sp.",NA,"España","Asturias","Oviedo",NA,NA,NA,"1981",5,12,NA,NA,"A. Durán","Asunción Durán",NA,NA,NA,1,NA,NA,NA,"Oviedo Museum","Prado",NA,"87_NOCOMPLEXHymenopteros_OVIEDO_20231024271"
"Bombus",NA,"sp.",NA,"España","Asturias","Peña Tú",NA,NA,NA,"1978",3,22,NA,NA,"Mª José Flórez","",NA,NA,NA,1,NA,NA,NA,"Oviedo Museum","Monte",NA,"87_NOCOMPLEXHymenopteros_OVIEDO_20231024272"
"Bombus",NA,"terrestris",NA,"España","Asturias","Río Cares",NA,NA,NA,"1976",4,21,NA,NA,"Castro Fdez O.","",NA,NA,NA,1,NA,NA,NA,"Oviedo Museum",NA,NA,"87_NOCOMPLEXHymenopteros_OVIEDO_20231024273"
"Bombus",NA,"terrestris",NA,"España","Asturias","Oviedo",NA,NA,NA,"1975",10,15,NA,NA,"J. Valdés Canga","",NA,NA,NA,1,NA,NA,NA,"Oviedo Museum","Campo",NA,"87_NOCOMPLEXHymenopteros_OVIEDO_20231024274"
"Bombus",NA,"terrestris",NA,"España","Asturias","La Laguna",NA,NA,NA,"1978",11,5,NA,NA,"Mª José Valle","",NA,NA,NA,1,NA,NA,NA,"Oviedo Museum",NA,NA,"87_NOCOMPLEXHymenopteros_OVIEDO_20231024275"
"Bombus",NA,"sp.",NA,"España","Asturias","S. Lazaro",NA,NA,NA,"1980",5,12,NA,NA,"P. Ciscar","",NA,NA,NA,1,NA,NA,NA,"Oviedo Museum","Prado",NA,"87_NOCOMPLEXHymenopteros_OVIEDO_20231024276"
"Bombus",NA,"hortorum",NA,"España","Asturias","Peón",NA,NA,NA,"1987",4,25,NA,NA,"E. Cueto Jiménez","E. Cueto Jiménez",NA,NA,NA,1,NA,NA,NA,"Oviedo Museum","En una flor",NA,"87_NOCOMPLEXHymenopteros_OVIEDO_20231024277"
"Bombus",NA,"lucorum",NA,"España","Asturias","Soto de Rey",NA,NA,NA,"1989",5,13,NA,NA,"Clara Marinas","Clara Marinas",NA,NA,NA,1,NA,NA,NA,"Oviedo Museum","Prados",NA,"87_NOCOMPLEXHymenopteros_OVIEDO_20231024278"
"Bombus",NA,"lucorum",NA,"España","Vizcaya","Bilbao",NA,NA,NA,"1987",6,8,NA,NA,"Javier Larumbe","Javier Larumbe",NA,NA,NA,1,NA,NA,NA,"Oviedo Museum","En praderas",NA,"87_NOCOMPLEXHymenopteros_OVIEDO_20231024279"
"Bombus",NA,"terrestris",NA,"España","Asturias","Trubia",NA,NA,NA,NA,NA,NA,NA,NA,"Isabel Álvarez García","",NA,NA,NA,1,NA,NA,NA,"Oviedo Museum","Sobre planta",NA,"87_NOCOMPLEXHymenopteros_OVIEDO_20231024280"
"Bombus",NA,"sp.",NA,"España","Asturias","Salinas",NA,NA,NA,NA,NA,NA,NA,NA,"S. Gómez","",NA,NA,NA,1,NA,NA,NA,"Oviedo Museum",NA,NA,"87_NOCOMPLEXHymenopteros_OVIEDO_20231024281"
"Bombus",NA,"hortorum",NA,"España","Asturias","Salinas",NA,NA,NA,NA,NA,NA,NA,NA,"D. Villalaín","",NA,NA,NA,1,NA,NA,NA,"Oviedo Museum",NA,NA,"87_NOCOMPLEXHymenopteros_OVIEDO_20231024282"
"Bombus",NA,"terrestris",NA,"España","Cantabria","Ruiloba",NA,NA,NA,"1979",4,10,NA,NA,"Pilar Gómez","",NA,NA,NA,1,NA,NA,NA,"Oviedo Museum",NA,NA,"87_NOCOMPLEXHymenopteros_OVIEDO_20231024283"
"Bombus",NA,"terrestris",NA,"España","cantabria","Mijares",NA,NA,NA,NA,NA,NA,NA,NA,"Ángel Mújica Blanco","",NA,NA,NA,1,NA,NA,NA,"Oviedo Museum",NA,NA,"87_NOCOMPLEXHymenopteros_OVIEDO_20231024284"
"Bombus",NA,"terrestris",NA,"España","Vizcaya","Bakio",NA,NA,NA,"1989",4,7,NA,NA,"Ana Abio","Ana Abio",NA,NA,NA,1,NA,NA,NA,"Oviedo Museum",NA,NA,"87_NOCOMPLEXHymenopteros_OVIEDO_20231024285"
"Bombus",NA,"lucorum?",NA,"España","Asturias","Mieres",NA,NA,NA,NA,NA,NA,NA,NA,"José Fdez","José Fdez",NA,NA,NA,1,NA,NA,NA,"Oviedo Museum","Matorral",NA,"87_NOCOMPLEXHymenopteros_OVIEDO_20231024286"
"Bombus",NA,"sp.",NA,"España","Asturias","Gijón",NA,NA,NA,"1983",5,22,NA,NA,"A. Jiménez","A. Jiménez",NA,NA,NA,1,NA,NA,NA,"Oviedo Museum",NA,NA,"87_NOCOMPLEXHymenopteros_OVIEDO_20231024287"
"Bombus",NA,"sp.",NA,"España","Asturias","Naranco (Oviedo)",NA,NA,NA,"1989",5,18,NA,NA,"Beatriz Marcos","Beatriz Marcos",NA,NA,NA,1,NA,NA,NA,"Oviedo Museum",NA,NA,"87_NOCOMPLEXHymenopteros_OVIEDO_20231024288"
"Bombus",NA,"sp.",NA,"España","Asturias","Luanco",NA,NA,NA,NA,NA,NA,NA,NA,"César G. Camporro","",NA,NA,NA,1,NA,NA,NA,"Oviedo Museum",NA,NA,"87_NOCOMPLEXHymenopteros_OVIEDO_20231024289"
"Bombus",NA,"sp.",NA,"España","Asturias","Gijón",NA,NA,NA,"1983",5,21,NA,NA,"A. Ojeda","",NA,NA,NA,1,NA,NA,NA,"Oviedo Museum",NA,NA,"87_NOCOMPLEXHymenopteros_OVIEDO_20231024290"
"Bombus",NA,"hortorum",NA,"España","Asturias","Pandenes",NA,NA,NA,"1978",5,15,NA,NA,"Fco Martínez","",NA,NA,NA,1,NA,NA,NA,"Oviedo Museum","Prado",NA,"87_NOCOMPLEXHymenopteros_OVIEDO_20231024291"
"Bombus",NA,"hortorum",NA,"España","Asturias","Samalea",NA,NA,NA,"1983",5,7,NA,NA,"M. Álvarez Romo","M. Álvarez Romo",NA,NA,NA,1,NA,NA,NA,"Oviedo Museum","Próxima a colmena",NA,"87_NOCOMPLEXHymenopteros_OVIEDO_20231024292"
"Bombus",NA,"pascuroum",NA,"España","Asturias","Medicina (Oviedo)",NA,NA,NA,"1990",6,15,NA,NA,"Idoia Adorraga","Idoia Adorraga",NA,NA,NA,1,NA,NA,NA,"Oviedo Museum",NA,NA,"87_NOCOMPLEXHymenopteros_OVIEDO_20231024293"
"Bombus",NA,"hortorum",NA,"España","Asturias","Tabaza (carretera Gijón-Avilés)",NA,NA,NA,"1983",6,1,NA,NA,"G. Llana","",NA,NA,NA,1,NA,NA,NA,"Oviedo Museum",NA,"Agonizante por atropello de un coche","87_NOCOMPLEXHymenopteros_OVIEDO_20231024294"
"Bombus",NA,"hortorum",NA,"España","Asturias","Gijón",NA,NA,NA,"1980",5,27,NA,NA,"Higinio Bernardo","",NA,NA,NA,1,NA,NA,NA,"Oviedo Museum","Pradera","Tiene moho","87_NOCOMPLEXHymenopteros_OVIEDO_20231024295"
"Bombus",NA,"sp.",NA,"España","Asturias","Gijón",NA,NA,NA,"1983",5,22,NA,NA,"Mª Luz Díaz Nido","",NA,NA,NA,1,NA,NA,NA,"Oviedo Museum",NA,NA,"87_NOCOMPLEXHymenopteros_OVIEDO_20231024296"
"Bombus",NA,"lucorum",NA,"España","Asturias","Los Campos",NA,NA,NA,"1983",6,1,NA,NA,"Mª José García López","Mª José García López",NA,NA,NA,1,NA,NA,NA,"Oviedo Museum",NA,NA,"87_NOCOMPLEXHymenopteros_OVIEDO_20231024297"
"Bombus",NA,"lucorum",NA,"España","Asturias","Villa",NA,NA,NA,"1983",5,21,NA,NA,"Evangelina","",NA,NA,NA,1,NA,NA,NA,"Oviedo Museum",NA,NA,"87_NOCOMPLEXHymenopteros_OVIEDO_20231024298"
"Bombus",NA,"sp.",NA,"España","Asturias","Avilés",NA,NA,NA,NA,NA,NA,NA,NA,"Pilar Fdez Martínez","Pilar Fdez Martínez",NA,NA,NA,1,NA,NA,NA,"Oviedo Museum",NA,NA,"87_NOCOMPLEXHymenopteros_OVIEDO_20231024299"
"Bombus",NA,"sp.",NA,"España","Asturias","Rodiles",NA,NA,NA,"1983",6,9,NA,NA,"Rosa Mª Casal","Rosa Mª Casal",NA,NA,NA,1,NA,NA,NA,"Oviedo Museum",NA,NA,"87_NOCOMPLEXHymenopteros_OVIEDO_20231024300"
"Bombus",NA,"sp.",NA,"España","Asturias","Avilés",NA,NA,NA,"1975",3,25,NA,NA,"J. R. González","",NA,NA,NA,1,NA,NA,NA,"Oviedo Museum",NA,NA,"87_NOCOMPLEXHymenopteros_OVIEDO_20231024301"
"Bombus",NA,"terrestris",NA,"España",NA,"Santa Mª del Mar",NA,NA,NA,"1990",6,5,NA,NA,"Covadonga Pérez","Paz Pérez Rodríguez",NA,NA,NA,1,NA,NA,NA,"Oviedo Museum",NA,NA,"87_NOCOMPLEXHymenopteros_OVIEDO_20231024302"
"Bombus",NA,"sp.",NA,"España","Asturias","Universidad Laboral Gijón",NA,NA,NA,"1983",4,15,NA,NA,"Eduardo H. Canosa","Susana Herrero Canosa",NA,NA,NA,1,NA,NA,NA,"Oviedo Museum","En un prado",NA,"87_NOCOMPLEXHymenopteros_OVIEDO_20231024303"
"Bombus",NA,"sp.",NA,"España","Asturias","Vioño",NA,NA,NA,"1980",5,23,NA,NA,"Rosario Fdez","",NA,NA,NA,1,NA,NA,NA,"Oviedo Museum","Prado",NA,"87_NOCOMPLEXHymenopteros_OVIEDO_20231024304"
"Bombus",NA,"sp.",NA,"España","Asturias","Trasona",NA,NA,NA,"1980",5,20,NA,NA,"F. Sotodosos","",NA,NA,NA,1,NA,NA,NA,"Oviedo Museum",NA,NA,"87_NOCOMPLEXHymenopteros_OVIEDO_20231024305"
"Bombus",NA,"sp.",NA,"España","Asturias","Ereño",NA,NA,NA,NA,NA,NA,NA,NA,"R. Echeandia","R. Echeandia",NA,NA,NA,1,NA,NA,NA,"Oviedo Museum",NA,NA,"87_NOCOMPLEXHymenopteros_OVIEDO_20231024306"
"Bombus",NA,"sp.",NA,"España","Asturias","Gijón",NA,NA,NA,NA,NA,NA,NA,NA,"S. Junquera","",NA,NA,NA,1,NA,NA,NA,"Oviedo Museum",NA,NA,"87_NOCOMPLEXHymenopteros_OVIEDO_20231024307"
"Bombus",NA,"sp.",NA,"España","Asturias","Las Agueras",NA,NA,NA,"1980",5,4,NA,NA,"I. Adeba Vallina","I. Adela Vallina",NA,NA,NA,1,NA,NA,NA,"Oviedo Museum","Pastizal",NA,"87_NOCOMPLEXHymenopteros_OVIEDO_20231024308"
"Bombus",NA,"distinguendus",NA,"España","Asturias","El Cristo (Oviedo)",NA,NA,NA,NA,NA,NA,NA,NA,"Rosario Mdz Rodríguez","",NA,NA,NA,1,NA,NA,NA,"Oviedo Museum",NA,NA,"87_NOCOMPLEXHymenopteros_OVIEDO_20231024309"
"Bombus",NA,"distinguendus",NA,"España","León","León",NA,NA,NA,"1980",4,29,NA,NA,"Rosa Torres","",NA,NA,NA,1,NA,NA,NA,"Oviedo Museum",NA,NA,"87_NOCOMPLEXHymenopteros_OVIEDO_20231024310"
"Bombus",NA,"distinguendus",NA,"España","Asturias","Avilés",NA,NA,NA,"1978",5,15,NA,NA,"J. M. Fernández","",NA,NA,NA,1,NA,NA,NA,"Oviedo Museum","Sobre flor","Tiene moho","87_NOCOMPLEXHymenopteros_OVIEDO_20231024311"
"Bombus",NA,"sp.",NA,"España","Asturias","Villa",NA,NA,NA,"1983",5,21,NA,NA,"Evangelina","",NA,NA,NA,1,NA,NA,NA,"Oviedo Museum",NA,NA,"87_NOCOMPLEXHymenopteros_OVIEDO_20231024312"
"Bombus",NA,"distinguendus",NA,"España","León","Cacabelos",NA,NA,NA,"1976",4,22,NA,NA,"J. A. Rdguez J.","",NA,NA,NA,1,NA,NA,NA,"Oviedo Museum",NA,NA,"87_NOCOMPLEXHymenopteros_OVIEDO_20231024313"
"Bombus",NA,"hortorum",NA,"España","Asturias","Oviedo (CAU)",NA,NA,NA,"1987",5,14,NA,NA,"Alberto Morcín Pendós","Alberto Morcín Pendós",NA,NA,NA,1,NA,NA,NA,"Oviedo Museum",NA,NA,"87_NOCOMPLEXHymenopteros_OVIEDO_20231024314"
"Bombus",NA,"hortorum",NA,"España",NA,"Gallegos",NA,NA,NA,"1987",4,15,NA,NA,"Olga Frdz Prieto","Olga Frdz Prieto",NA,NA,NA,1,NA,NA,NA,"Oviedo Museum",NA,NA,"87_NOCOMPLEXHymenopteros_OVIEDO_20231024315"
"Bombus",NA,"sp.",NA,"España","Asturias","Gijón",NA,NA,NA,NA,NA,NA,NA,NA,"Mª Elena L. B.","Mª Elena Leiguardo B.",NA,NA,NA,1,NA,NA,NA,"Oviedo Museum",NA,NA,"87_NOCOMPLEXHymenopteros_OVIEDO_20231024316"
"Bombus",NA,"terrestris",NA,"España","Asturias","Bobes",NA,NA,NA,"1983",4,16,NA,NA,"B. Álvarez","",NA,NA,NA,1,NA,NA,NA,"Oviedo Museum",NA,NA,"87_NOCOMPLEXHymenopteros_OVIEDO_20231024317"
"Bombus",NA,"distinguendus",NA,"España","Asturias","Avilés",NA,NA,NA,"1986",6,2,NA,NA,"Cristina Rodenas","Cristina Rodenas",NA,NA,NA,1,NA,NA,NA,"Oviedo Museum","Prado",NA,"87_NOCOMPLEXHymenopteros_OVIEDO_20231024318"
"Bombus",NA,"hortorum",NA,"España","Asturias","Orlé",NA,NA,NA,"1986",5,18,NA,NA,"J. L. Bartolomé","J. L. Bartolomé",NA,NA,NA,1,NA,NA,NA,"Oviedo Museum","Monte bajo","Tiene moho","87_NOCOMPLEXHymenopteros_OVIEDO_20231024319"
"Bombus",NA,"pratorum",NA,"España","Asturias","Celorio",NA,NA,NA,"1978",4,23,NA,NA,NA,"",NA,NA,NA,1,NA,NA,NA,"Oviedo Museum","En casa",NA,"87_NOCOMPLEXHymenopteros_OVIEDO_20231024320"
"Bombus",NA,"hortorum",NA,"España","Asturias","La Borbolla",NA,NA,NA,"1986",9,7,NA,NA,"Carmen R. Oleaga","Carmen R. Oleaga",NA,NA,NA,1,NA,NA,NA,"Oviedo Museum",NA,NA,"87_NOCOMPLEXHymenopteros_OVIEDO_20231024321"
"Bombus",NA,"distinguendus",NA,"España","Asturias","Caldones",NA,NA,NA,"1986",6,1,NA,NA,"M. Rugero","",NA,NA,NA,1,NA,NA,NA,"Oviedo Museum",NA,NA,"87_NOCOMPLEXHymenopteros_OVIEDO_20231024322"
"Bombus",NA,"hortorum",NA,"España","Cantabria","Bárago",NA,NA,NA,"1987",5,1,NA,NA,"Pilar Glez de la Lastra","Pilar Glez de la Lastra",NA,NA,NA,1,NA,NA,NA,"Oviedo Museum","En prado",NA,"87_NOCOMPLEXHymenopteros_OVIEDO_20231024323"
"Bombus",NA,"hortorum",NA,"España","Asturias","Espinedo",NA,NA,NA,"1980",4,3,NA,NA,"Ana Concepción","",NA,NA,NA,1,NA,NA,NA,"Oviedo Museum","Sobre flor",NA,"87_NOCOMPLEXHymenopteros_OVIEDO_20231024324"
"Bombus",NA,"hortorum",NA,"España","Asturias","Salinas",NA,NA,NA,"1987",5,27,NA,NA,"Mª Ángeles López","Mª Ángeles López",NA,NA,NA,1,NA,NA,NA,"Oviedo Museum","Pinos",NA,"87_NOCOMPLEXHymenopteros_OVIEDO_20231024325"
"Bombus",NA,"hortorum",NA,"España","Asturias","Oviedo",NA,NA,NA,"1986",5,10,NA,NA,"Asun Prada","Asun Prada",NA,NA,NA,1,NA,NA,NA,"Oviedo Museum",NA,NA,"87_NOCOMPLEXHymenopteros_OVIEDO_20231024326"
"Bombus",NA,"hortorum",NA,"España","Asturias","Oviedo",NA,NA,NA,"1978",5,18,NA,NA,"Mª Luz García F.","",NA,NA,NA,1,NA,NA,NA,"Oviedo Museum","En ortiga",NA,"87_NOCOMPLEXHymenopteros_OVIEDO_20231024327"
"Bombus",NA,"hortorum",NA,"España","Asturias","Concejo de Corias",NA,NA,NA,"1986",5,11,NA,NA,"Ana Pereda","Ana Pereda",NA,NA,NA,1,NA,NA,NA,"Oviedo Museum","Pradera",NA,"87_NOCOMPLEXHymenopteros_OVIEDO_20231024328"
"Bombus",NA,"hortorum",NA,"España","Asturias","Mareo",NA,NA,NA,"1987",4,22,NA,NA,"M. Cobos","M. Cobos",NA,NA,NA,1,NA,NA,NA,"Oviedo Museum",NA,NA,"87_NOCOMPLEXHymenopteros_OVIEDO_20231024329"
"Bombus",NA,"hortorum",NA,"España","Asturias","Castañeda",NA,NA,NA,"1987",5,10,NA,NA,"M. J. Villaverde","M. J. Villaverde",NA,NA,NA,1,NA,NA,NA,"Oviedo Museum","Prado",NA,"87_NOCOMPLEXHymenopteros_OVIEDO_20231024330"
"Bombus",NA,"hortorum",NA,"España","Asturias","Las Segadas",NA,NA,NA,"1987",5,24,NA,NA,"C. Martínez Carrera","C. Martínez Carrera",NA,NA,NA,1,NA,NA,NA,"Oviedo Museum",NA,NA,"87_NOCOMPLEXHymenopteros_OVIEDO_20231024331"
"Bombus",NA,"hortorum",NA,"España","Asturias","La Manjolla",NA,NA,NA,"1983",5,22,NA,NA,"Charo Farpon","Jesús A. Cabal N.",NA,NA,NA,1,NA,NA,NA,"Oviedo Museum",NA,NA,"87_NOCOMPLEXHymenopteros_OVIEDO_20231024332"
"Bombus",NA,"hortorum",NA,"España","Asturias","La Coria",NA,NA,NA,NA,NA,NA,NA,NA,"C. Bonhome","C. Bonhome",NA,NA,NA,1,NA,NA,NA,"Oviedo Museum",NA,NA,"87_NOCOMPLEXHymenopteros_OVIEDO_20231024333"
"Bombus",NA,"hortorum",NA,"España","Valladolid","Valoria",NA,NA,NA,"1987",4,19,NA,NA,"Mª Luz Yáñez","Mª Luz Yáñez",NA,NA,NA,1,NA,NA,NA,"Oviedo Museum",NA,NA,"87_NOCOMPLEXHymenopteros_OVIEDO_20231024334"
"Bombus",NA,"terrestris",NA,"España","Cantabria","Santander",NA,NA,NA,NA,NA,NA,NA,NA,"Cristina R. Cabello","Cristina R. Cabello",NA,NA,NA,1,NA,NA,NA,"Oviedo Museum","Flores",NA,"87_NOCOMPLEXHymenopteros_OVIEDO_20231024335"
"Bombus",NA,"hortorum",NA,"España","Asturias","Pola de Lena",NA,NA,NA,"1987",3,22,NA,NA,"Mª Teresa Espina Brito","Mª Teresa Espina Brito",NA,NA,NA,1,NA,NA,NA,"Oviedo Museum",NA,NA,"87_NOCOMPLEXHymenopteros_OVIEDO_20231024336"
"Bombus",NA,"hortorum",NA,"España","Asturias","Villarejo",NA,NA,NA,"1978",5,2,NA,NA,"Ana Mª Martínez Barrero","",NA,NA,NA,1,NA,NA,NA,"Oviedo Museum","En manzano",NA,"87_NOCOMPLEXHymenopteros_OVIEDO_20231024337"
"Bombus",NA,"hortorum",NA,NA,NA,"Pillano",NA,NA,NA,"1980",5,4,NA,NA,NA,"",NA,NA,NA,1,NA,NA,NA,"Oviedo Museum",NA,NA,"87_NOCOMPLEXHymenopteros_OVIEDO_20231024338"
"Bombus",NA,"hortorum",NA,"España","Asturias","Naranco (Oviedo)",NA,NA,NA,"1984",4,25,NA,NA,"Ana Palacios G.","Ana Palacios G.",NA,NA,NA,1,NA,NA,NA,"Oviedo Museum",NA,NA,"87_NOCOMPLEXHymenopteros_OVIEDO_20231024339"
"Bombus",NA,"hortorum",NA,"España","Asturias","Rozadas de Bazuelo",NA,NA,NA,"1983",6,8,NA,NA,"Mª Luisa Fdez","Esther Suárez",NA,NA,NA,1,NA,NA,NA,"Oviedo Museum",NA,NA,"87_NOCOMPLEXHymenopteros_OVIEDO_20231024340"
"Bombus",NA,"hortorum",NA,"España","Asturias","Deva",NA,NA,NA,"1975",3,26,NA,NA,"J. L. Domenech","",NA,NA,NA,1,NA,NA,NA,"Oviedo Museum",NA,NA,"87_NOCOMPLEXHymenopteros_OVIEDO_20231024341"
"Bombus",NA,"hortorum",NA,"España","Asturias","Gijón",NA,NA,NA,"1982",5,15,NA,NA,"Marivi Maiztegui","",NA,NA,NA,1,NA,NA,NA,"Oviedo Museum","Campo de siega",NA,"87_NOCOMPLEXHymenopteros_OVIEDO_20231024342"
NA,NA,NA,NA,"España","León","Villablino",NA,NA,NA,"1987",4,17,NA,NA,"Higinio Uria de Dios","Higinio Uria M.",NA,NA,NA,1,NA,NA,NA,"Oviedo Museum","Praderia",NA,"87_NOCOMPLEXHymenopteros_OVIEDO_20231024343"
"Bombus",NA,"hortorum",NA,"España","Asturias","Trubia",NA,NA,NA,NA,NA,NA,NA,NA,"L. Palacios","L. Palacios",NA,NA,NA,1,NA,NA,NA,"Oviedo Museum","Hierbas",NA,"87_NOCOMPLEXHymenopteros_OVIEDO_20231024344"
"Bombus",NA,"hortorum",NA,"España","Asturias","Gobiendes",NA,NA,NA,"1987",5,5,NA,NA,"M. N. García Martín","M. N. García Martín",NA,NA,NA,1,NA,NA,NA,"Oviedo Museum",NA,NA,"87_NOCOMPLEXHymenopteros_OVIEDO_20231024345"
"Bombus",NA,"hortorum",NA,"España","Asturias","Fano",NA,NA,NA,"1980",5,25,NA,NA,"Mª Esther Martínez Álvarez","",NA,NA,NA,1,NA,NA,NA,"Oviedo Museum",NA,NA,"87_NOCOMPLEXHymenopteros_OVIEDO_20231024346"
"Bombus",NA,"hortorum",NA,"España","Asturias","Armada",NA,NA,NA,"1978",5,22,NA,NA,"J. M. Gutiérrez","J. M. Gutiérrez",NA,NA,NA,1,NA,NA,NA,"Oviedo Museum",NA,NA,"87_NOCOMPLEXHymenopteros_OVIEDO_20231024347"
"Bombus",NA,"hortorum",NA,"España","Cantabria","Cosio",NA,NA,NA,"1976",4,18,NA,NA,"S. Díaz Gómez","",NA,NA,NA,1,NA,NA,NA,"Oviedo Museum",NA,NA,"87_NOCOMPLEXHymenopteros_OVIEDO_20231024348"
"Bombus",NA,"hortorum",NA,"España","Asturias","Acebo",NA,NA,NA,"1978",5,17,NA,NA,"Mª Isabel Hevia Glez","",NA,NA,NA,1,NA,NA,NA,"Oviedo Museum","Monte",NA,"87_NOCOMPLEXHymenopteros_OVIEDO_20231024349"
"Bombus",NA,"hortorum",NA,"España","Asturias","S. Pedro (Soto de Luiña)",NA,NA,NA,"1979",3,3,NA,NA,"Manón Funes","",NA,NA,NA,1,NA,NA,NA,"Oviedo Museum","Ventana de casa",NA,"87_NOCOMPLEXHymenopteros_OVIEDO_20231024350"
"Bombus",NA,"hortorum",NA,"España","Valladolid","Valladolid",NA,NA,NA,"1976",4,18,NA,NA,"J. Casado","",NA,NA,NA,1,NA,NA,NA,"Oviedo Museum",NA,NA,"87_NOCOMPLEXHymenopteros_OVIEDO_20231024351"
"Bombus",NA,"hortorum",NA,"España","Asturias","Candás",NA,NA,NA,NA,NA,NA,NA,NA,NA,"",NA,NA,NA,1,NA,NA,NA,"Oviedo Museum",NA,NA,"87_NOCOMPLEXHymenopteros_OVIEDO_20231024352"
"Bombus",NA,"hortorum",NA,"España","Asturias","Avilés",NA,NA,NA,"1980",5,22,NA,NA,"Luis Cárdenas","",NA,NA,NA,1,NA,NA,NA,"Oviedo Museum",NA,NA,"87_NOCOMPLEXHymenopteros_OVIEDO_20231024353"
"Bombus",NA,"hortorum",NA,"España","Asturias","Mestas",NA,NA,NA,"1979",5,29,NA,NA,"Manuel López Rodríguez","",NA,NA,NA,1,NA,NA,NA,"Oviedo Museum",NA,NA,"87_NOCOMPLEXHymenopteros_OVIEDO_20231024354"
"Bombus",NA,"hortorum",NA,"España","Asturias","Las Caldas",NA,NA,NA,"1975",4,12,NA,NA,"J. A. Fdez Coronado","",NA,NA,NA,1,NA,NA,NA,"Oviedo Museum",NA,NA,"87_NOCOMPLEXHymenopteros_OVIEDO_20231024355"
"Psithyrus",NA,"campestris",NA,"España","Cantabria","Quijas",NA,NA,NA,"1983",6,5,NA,NA,"Manuela Abascal Sañudo","",NA,NA,NA,1,NA,NA,NA,"Oviedo Museum","Posada sobre basuras",NA,"87_NOCOMPLEXHymenopteros_OVIEDO_20231024356"
"Bombus",NA,"hortorum",NA,"España","Asturias","Trasona",NA,NA,NA,"1987",6,6,NA,NA,"José M. Martínez","José M. Martínez",NA,NA,NA,1,NA,NA,NA,"Oviedo Museum","Seta",NA,"87_NOCOMPLEXHymenopteros_OVIEDO_20231024357"
"Bombus",NA,"sp.",NA,"España","Asturias","Pruvia",NA,NA,NA,"1989",9,29,NA,NA,"X. Valle","",NA,NA,NA,1,NA,NA,NA,"Oviedo Museum","Brezal",NA,"87_NOCOMPLEXHymenopteros_OVIEDO_20231024358"
"Bombus",NA,"hortorum",NA,"España","Asturias","Mones (Luarca)",NA,NA,NA,"1987",4,18,NA,NA,"R. Cernuda","",NA,NA,NA,1,NA,NA,NA,"Oviedo Museum","En una mata de labiadas",NA,"87_NOCOMPLEXHymenopteros_OVIEDO_20231024359"
"Bombus",NA,"hortorum",NA,"España","Asturias","Oviedo",NA,NA,NA,"1985",7,7,NA,NA,"José Luis Acuña","José Luis Acuña",NA,NA,NA,1,NA,NA,NA,"Oviedo Museum",NA,NA,"87_NOCOMPLEXHymenopteros_OVIEDO_20231024360"
"Bombus",NA,"hortorum",NA,"España","Asturias","S. Martín de Podes",NA,NA,NA,"1983",9,17,NA,NA,"Mª José García","Mª José García",NA,NA,NA,1,NA,NA,NA,"Oviedo Museum",NA,NA,"87_NOCOMPLEXHymenopteros_OVIEDO_20231024361"
"Bombus",NA,"hortorum",NA,"España","Asturias","Llanera",NA,NA,NA,"1976",6,6,NA,NA,"Elena Álvarez","",NA,NA,NA,1,NA,NA,NA,"Oviedo Museum",NA,NA,"87_NOCOMPLEXHymenopteros_OVIEDO_20231024362"
"Bombus",NA,"hortorum",NA,"España","Asturias","Moreda",NA,NA,NA,"1976",6,11,NA,NA,"J. Morán D.","",NA,NA,NA,1,NA,NA,NA,"Oviedo Museum",NA,NA,"87_NOCOMPLEXHymenopteros_OVIEDO_20231024363"
"Bombus",NA,"hortorum",NA,"España","Asturias","Oviedo",NA,NA,NA,"1978",5,20,NA,NA,"J. Arozamena","",NA,NA,NA,1,NA,NA,NA,"Oviedo Museum",NA,NA,"87_NOCOMPLEXHymenopteros_OVIEDO_20231024364"
"Bombus",NA,"hortorum",NA,"España","Asturias","Naranco (Oviedo)",NA,NA,NA,"1974",6,23,NA,NA,"F. J. Ocharan","",NA,NA,NA,1,NA,NA,NA,"Oviedo Museum",NA,NA,"87_NOCOMPLEXHymenopteros_OVIEDO_20231024365"
"Psithyrus",NA,"campestris",NA,"España","Asturias","Oviedo",NA,NA,NA,NA,NA,NA,NA,NA,"Isolina Martínez","",NA,NA,NA,1,NA,NA,NA,"Oviedo Museum",NA,NA,"87_NOCOMPLEXHymenopteros_OVIEDO_20231024366"
"Bombus",NA,"hortorum",NA,"España","Asturias","Oviedo",NA,NA,NA,"1981",6,22,NA,NA,NA,"",NA,NA,NA,1,NA,NA,NA,"Oviedo Museum","Jardín, sobre flor",NA,"87_NOCOMPLEXHymenopteros_OVIEDO_20231024367"
"Bombus",NA,"hortorum",NA,"España","Asturias","Perlora",NA,NA,NA,"1983",5,19,NA,NA,"Ernestina Coto Serna","",NA,NA,NA,1,NA,NA,NA,"Oviedo Museum","Prado",NA,"87_NOCOMPLEXHymenopteros_OVIEDO_20231024368"
"Bombus",NA,"hortorum",NA,"España","Asturias","Oviedo (CAU)",NA,NA,NA,"1987",5,14,NA,NA,"Paloma Morán","Paloma Morán",NA,NA,NA,1,NA,NA,NA,"Oviedo Museum",NA,NA,"87_NOCOMPLEXHymenopteros_OVIEDO_20231024369"
"Bombus",NA,"hortorum",NA,"España","Asturias","Arnao",NA,NA,NA,NA,NA,NA,NA,NA,"Luciana López","Luciana López",NA,NA,NA,1,NA,NA,NA,"Oviedo Museum",NA,NA,"87_NOCOMPLEXHymenopteros_OVIEDO_20231024370"
"Bombus",NA,"hortorum",NA,"España","León","Boñar",NA,NA,NA,"1986",6,1,NA,NA,"P. Rguez Pérez","P. Rguez Pérez",NA,NA,NA,1,NA,NA,NA,"Oviedo Museum",NA,"Comido por insectos plaga (tiene restos de mudas)","87_NOCOMPLEXHymenopteros_OVIEDO_20231024371"
"Bombus",NA,"hortorum",NA,"España","Asturias","Soirana (Puerto de Vega)",NA,NA,NA,"1987",4,13,NA,NA,"J. Istillarti","J. Gión",NA,NA,NA,1,NA,NA,NA,"Oviedo Museum",NA,NA,"87_NOCOMPLEXHymenopteros_OVIEDO_20231024372"
"Bombus",NA,"hortorum",NA,"España","Asturias","Salinas",NA,NA,NA,"1987",5,23,NA,NA,"Rubén Herrero Hevia","Rubén Herrero Hevia",NA,NA,NA,1,NA,NA,NA,"Oviedo Museum","Sobre Trifolium",NA,"87_NOCOMPLEXHymenopteros_OVIEDO_20231024373"
"Bombus",NA,"hortorum",NA,"España","Asturias","El Cristo (Oviedo)",NA,NA,NA,"1987",6,9,NA,NA,"L. F. Glez Gavilán","L. F. Glez Gavilán",NA,NA,NA,1,NA,NA,NA,"Oviedo Museum",NA,NA,"87_NOCOMPLEXHymenopteros_OVIEDO_20231024374"
"Bombus",NA,"pratorum",NA,"España","Asturias","S. Antolín de Ibias",NA,NA,NA,"1989",9,7,NA,NA,"Luis Valle","",NA,NA,NA,1,NA,NA,NA,"Oviedo Museum","Zarza",NA,"87_NOCOMPLEXHymenopteros_OVIEDO_20231024375"
"Bombus",NA,"pratorum",NA,"España","Asturias","S. Antolín de Ibias",NA,NA,NA,"1989",9,7,NA,NA,"Luis Valle","",NA,NA,NA,1,NA,NA,NA,"Oviedo Museum","Zarza",NA,"87_NOCOMPLEXHymenopteros_OVIEDO_20231024376"
"Bombus",NA,"sp.",NA,"España","Asturias","S. Antolín de Ibias",NA,NA,NA,"1989",9,7,NA,NA,"Luis Valle","",NA,NA,NA,1,NA,NA,NA,"Oviedo Museum","Zarza",NA,"87_NOCOMPLEXHymenopteros_OVIEDO_20231024377"
"Bombus",NA,"pratorum",NA,"España","Asturias","S. Antolín de Ibias",NA,NA,NA,"1989",9,7,NA,NA,"Luis Valle","",NA,NA,NA,1,NA,NA,NA,"Oviedo Museum","Zarza",NA,"87_NOCOMPLEXHymenopteros_OVIEDO_20231024378"
"Bombus",NA,"lucorum",NA,"España","Asturias","S. Antolín de Ibias",NA,NA,NA,"1989",7,11,NA,NA,"L. Valle","",NA,NA,NA,1,NA,NA,NA,"Oviedo Museum","Camino",NA,"87_NOCOMPLEXHymenopteros_OVIEDO_20231024379"
"Bombus",NA,"pratorum",NA,"España","Asturias","S. Antolín de Ibias",NA,NA,NA,"1989",9,7,NA,NA,"Luis Valle","",NA,NA,NA,1,NA,NA,NA,"Oviedo Museum","Zarza",NA,"87_NOCOMPLEXHymenopteros_OVIEDO_20231024380"
"Bombus",NA,"pratorum",NA,"España","Asturias","S. Antolín de Ibias",NA,NA,NA,"1989",9,7,NA,NA,"Luis Valle","",NA,NA,NA,1,NA,NA,NA,"Oviedo Museum","Zarza",NA,"87_NOCOMPLEXHymenopteros_OVIEDO_20231024381"
"Bombus",NA,"pratorum",NA,"España","Asturias","S. Antolín de Ibias",NA,NA,NA,"1989",9,7,NA,NA,"Luis Valle","",NA,NA,NA,1,NA,NA,NA,"Oviedo Museum","Zarza",NA,"87_NOCOMPLEXHymenopteros_OVIEDO_20231024382"
"Bombus",NA,"lucorum",NA,"España","Asturias","S. Antolín de Ibias",NA,NA,NA,"1989",9,7,NA,NA,"L. Valle","",NA,NA,NA,1,NA,NA,NA,"Oviedo Museum","Brezal",NA,"87_NOCOMPLEXHymenopteros_OVIEDO_20231024383"
"Bombus",NA,"pratorum",NA,"España","Asturias","S. Antolín de Ibias",NA,NA,NA,"1989",9,7,NA,NA,"Luis Valle","",NA,NA,NA,1,NA,NA,NA,"Oviedo Museum","Zarza",NA,"87_NOCOMPLEXHymenopteros_OVIEDO_20231024384"
"Bombus",NA,"pratorum",NA,"España","Asturias","S. Antolín de Ibias",NA,NA,NA,"1989",9,7,NA,NA,"Luis Valle","",NA,NA,NA,1,NA,NA,NA,"Oviedo Museum","Zarza",NA,"87_NOCOMPLEXHymenopteros_OVIEDO_20231024385"
"Bombus",NA,"sp.",NA,"España","Asturias","S. Antolín de Ibias",NA,NA,NA,"1989",9,7,NA,NA,"L. Valle","",NA,NA,NA,1,NA,NA,NA,"Oviedo Museum","Brezal",NA,"87_NOCOMPLEXHymenopteros_OVIEDO_20231024386"
"Bombus",NA,"lucorum",NA,"España","Asturias","S. Antolín de Ibias",NA,NA,NA,"1989",9,7,NA,NA,"L. Valle","",NA,NA,NA,1,NA,NA,NA,"Oviedo Museum","Brezal",NA,"87_NOCOMPLEXHymenopteros_OVIEDO_20231024387"
"Bombus",NA,"sp.",NA,"España","Asturias","S. Antolín de Ibias",NA,NA,NA,"1989",9,7,NA,NA,"Luis Valle","",NA,NA,NA,1,NA,NA,NA,"Oviedo Museum","Zarza",NA,"87_NOCOMPLEXHymenopteros_OVIEDO_20231024388"
"Bombus",NA,"lucorum",NA,"España","Asturias","S. Antolín de Ibias",NA,NA,NA,"1989",7,11,NA,NA,"L. Valle","",NA,NA,NA,1,NA,NA,NA,"Oviedo Museum","Camino",NA,"87_NOCOMPLEXHymenopteros_OVIEDO_20231024389"
"Bombus",NA,"lucorum/terrestris",NA,"España","Asturias","S. Antolín de Ibias",NA,NA,NA,"1989",9,7,NA,NA,"L. Valle","",NA,NA,NA,1,NA,NA,NA,"Oviedo Museum","Brezal",NA,"87_NOCOMPLEXHymenopteros_OVIEDO_20231024390"
"Bombus",NA,"lucorum/terrestris",NA,"España","Asturias","S. Antolín de Ibias",NA,NA,NA,"1989",9,7,NA,NA,"Luis Valle","",NA,NA,NA,1,NA,NA,NA,"Oviedo Museum","Brezal",NA,"87_NOCOMPLEXHymenopteros_OVIEDO_20231024391"
"Bombus",NA,"sp.",NA,"España","Asturias","S. Antolín de Ibias",NA,NA,NA,"1989",9,7,NA,NA,"Luis Valle","",NA,NA,NA,1,NA,NA,NA,"Oviedo Museum","Zarza",NA,"87_NOCOMPLEXHymenopteros_OVIEDO_20231024392"
"Bombus",NA,"lucorum",NA,"España","Asturias","S. Antolín de Ibias",NA,NA,NA,"1989",9,7,NA,NA,"Luis Valle","",NA,NA,NA,1,NA,NA,NA,"Oviedo Museum","Zarza",NA,"87_NOCOMPLEXHymenopteros_OVIEDO_20231024393"
"Bombus",NA,"terrestris",NA,"España","Asturias","S. Antolín de Ibias",NA,NA,NA,"1989",9,7,NA,NA,"Luis Valle","",NA,NA,NA,1,NA,NA,NA,"Oviedo Museum","Zarza",NA,"87_NOCOMPLEXHymenopteros_OVIEDO_20231024394"
"Bombus",NA,"lucorum/terrestris",NA,"España","Asturias","S. Antolín de Ibias",NA,NA,NA,"1989",9,7,NA,NA,"Luis Valle","",NA,NA,NA,1,NA,NA,NA,"Oviedo Museum","Zarza",NA,"87_NOCOMPLEXHymenopteros_OVIEDO_20231024395"
"Bombus",NA,"lucorum/terrestris",NA,"España","Asturias","S. Antolín de Ibias",NA,NA,NA,"1989",9,7,NA,NA,"Luis Valle","",NA,NA,NA,1,NA,NA,NA,"Oviedo Museum","Zarza",NA,"87_NOCOMPLEXHymenopteros_OVIEDO_20231024396"
"Bombus",NA,"terrestris",NA,"España","Asturias","S. Antolín de Ibias",NA,NA,NA,"1989",9,7,NA,NA,"L. Valle","",NA,NA,NA,1,NA,NA,NA,"Oviedo Museum","Brezal",NA,"87_NOCOMPLEXHymenopteros_OVIEDO_20231024397"
"Bombus",NA,"lucorum",NA,"España","Asturias","S. Antolín de Ibias",NA,NA,NA,"1989",9,7,NA,NA,"L. Valle","",NA,NA,NA,1,NA,NA,NA,"Oviedo Museum","Brezal",NA,"87_NOCOMPLEXHymenopteros_OVIEDO_20231024398"
"Bombus",NA,"terrestris/pratorum",NA,"España","Asturias","S. Antolín de Ibias",NA,NA,NA,"1989",9,7,NA,NA,"Luis Valle","",NA,NA,NA,1,NA,NA,NA,"Oviedo Museum","Zarza",NA,"87_NOCOMPLEXHymenopteros_OVIEDO_20231024399"
"Bombus",NA,"terrestris/pratorum",NA,"España","Asturias","S. Antolín de Ibias",NA,NA,NA,"1989",9,7,NA,NA,"Luis Valle","",NA,NA,NA,1,NA,NA,NA,"Oviedo Museum","Zarza",NA,"87_NOCOMPLEXHymenopteros_OVIEDO_20231024400"
"Bombus",NA,"terrestris/pratorum",NA,"España","Asturias","S. Antolín de Ibias",NA,NA,NA,"1989",9,7,NA,NA,"Luis Valle","",NA,NA,NA,1,NA,NA,NA,"Oviedo Museum","Zarza",NA,"87_NOCOMPLEXHymenopteros_OVIEDO_20231024401"
"Bombus",NA,"terrestris/pratorum",NA,"España","Asturias","S. Antolín de Ibias",NA,NA,NA,"1989",9,7,NA,NA,"Luis Valle","",NA,NA,NA,1,NA,NA,NA,"Oviedo Museum","Zarza",NA,"87_NOCOMPLEXHymenopteros_OVIEDO_20231024402"
"Bombus",NA,"lucorum",NA,"España","Asturias","S. Antolín de Ibias",NA,NA,NA,"1989",9,7,NA,NA,"L. Valle","",NA,NA,NA,1,NA,NA,NA,"Oviedo Museum","Zarza",NA,"87_NOCOMPLEXHymenopteros_OVIEDO_20231024403"
"Bombus",NA,"lucorum",NA,"España","Asturias","S. Antolín de Ibias",NA,NA,NA,"1989",9,7,NA,NA,"L. Valle","",NA,NA,NA,1,NA,NA,NA,"Oviedo Museum","Brezal",NA,"87_NOCOMPLEXHymenopteros_OVIEDO_20231024404"
"Bombus",NA,"lucorum/terrestris",NA,"España","Asturias","S. Antolín de Ibias",NA,NA,NA,"1989",9,7,NA,NA,"L. Valle","",NA,NA,NA,1,NA,NA,NA,"Oviedo Museum","Brezal",NA,"87_NOCOMPLEXHymenopteros_OVIEDO_20231024405"
"Bombus",NA,"lucorum/terrestris/soroeensis",NA,"España","Asturias","S. Antolín de Ibias",NA,NA,NA,"1989",9,7,NA,NA,"L. Valle","",NA,NA,NA,1,NA,NA,NA,"Oviedo Museum","Brezal",NA,"87_NOCOMPLEXHymenopteros_OVIEDO_20231024406"
"Bombus",NA,"lucorum/terrestris",NA,"España","Asturias","S. Antolín de Ibias",NA,NA,NA,"1989",9,7,NA,NA,"L. Valle","",NA,NA,NA,1,NA,NA,NA,"Oviedo Museum","Brezal",NA,"87_NOCOMPLEXHymenopteros_OVIEDO_20231024407"
"Bombus",NA,"terrestris",NA,"España","Asturias","S. Antolín de Ibias",NA,NA,NA,"1989",9,7,NA,NA,"L. Valle","",NA,NA,NA,1,NA,NA,NA,"Oviedo Museum","Brezal",NA,"87_NOCOMPLEXHymenopteros_OVIEDO_20231024408"
"Bombus",NA,"terrestris",NA,"España","Asturias","S. Antolín de Ibias",NA,NA,NA,"1989",9,7,NA,NA,"L. Valle","",NA,NA,NA,1,NA,NA,NA,"Oviedo Museum","Brezal",NA,"87_NOCOMPLEXHymenopteros_OVIEDO_20231024409"
"Bombus",NA,"lucorum/terrestris/soroeensis",NA,"España","Asturias","S. Antolín de Ibias",NA,NA,NA,"1989",9,7,NA,NA,"L. Valle","",NA,NA,NA,1,NA,NA,NA,"Oviedo Museum","Brezal",NA,"87_NOCOMPLEXHymenopteros_OVIEDO_20231024410"
"Bombus",NA,"lucorum/terrestris/soroeensis",NA,"España","Asturias","S. Antolín de Ibias",NA,NA,NA,"1989",9,7,NA,NA,"L. Valle","",NA,NA,NA,1,NA,NA,NA,"Oviedo Museum","Brezal",NA,"87_NOCOMPLEXHymenopteros_OVIEDO_20231024411"
"Bombus",NA,"lucorum/terrestris/soroeensis",NA,"España","Asturias","S. Antolín de Ibias",NA,NA,NA,"1989",9,7,NA,NA,"L. Valle","",NA,NA,NA,1,NA,NA,NA,"Oviedo Museum","Brezal",NA,"87_NOCOMPLEXHymenopteros_OVIEDO_20231024412"
"Bombus",NA,"lucorum/terrestris",NA,"España","Asturias","S. Antolín de Ibias",NA,NA,NA,"1989",9,7,NA,NA,"L. Valle","",NA,NA,NA,1,NA,NA,NA,"Oviedo Museum","Brezal",NA,"87_NOCOMPLEXHymenopteros_OVIEDO_20231024413"
"Bombus",NA,"lucorum",NA,"España","Asturias","S. Antolín de Ibias",NA,NA,NA,"1989",9,7,NA,NA,"L. Valle","",NA,NA,NA,1,NA,NA,NA,"Oviedo Museum","Brezal",NA,"87_NOCOMPLEXHymenopteros_OVIEDO_20231024414"
"Bombus",NA,"lucorum",NA,"España","Asturias","S. Antolín de Ibias",NA,NA,NA,"1989",9,7,NA,NA,"L. Valle","",NA,NA,NA,1,NA,NA,NA,"Oviedo Museum","Brezal",NA,"87_NOCOMPLEXHymenopteros_OVIEDO_20231024415"
"Bombus",NA,"lucorum/terrestris/soroeensis",NA,"España","Asturias","S. Antolín de Ibias",NA,NA,NA,"1989",9,7,NA,NA,"L. Valle","",NA,NA,NA,1,NA,NA,NA,"Oviedo Museum","Brezal",NA,"87_NOCOMPLEXHymenopteros_OVIEDO_20231024416"
"Bombus",NA,"lucorum",NA,"España","Asturias","S. Antolín de Ibias",NA,NA,NA,"1989",9,7,NA,NA,"L. Valle","",NA,NA,NA,1,NA,NA,NA,"Oviedo Museum","Brezal","Tiene moho","87_NOCOMPLEXHymenopteros_OVIEDO_20231024417"
"Bombus",NA,"lucorum",NA,"España","Asturias","S. Antolín de Ibias",NA,NA,NA,"1989",9,7,NA,NA,"L. Valle","",NA,NA,NA,1,NA,NA,NA,"Oviedo Museum","Brezal","Tiene moho","87_NOCOMPLEXHymenopteros_OVIEDO_20231024418"
"Bombus",NA,"lucorum",NA,"España","Asturias","Luarca",NA,NA,NA,"1989",10,25,NA,NA,"Carmen Álvarez Gcía","",NA,NA,NA,1,NA,NA,NA,"Oviedo Museum",NA,"Tiene moho","87_NOCOMPLEXHymenopteros_OVIEDO_20231024419"
"Bombus",NA,"lucorum/soroeensis",NA,"España","Asturias","El Cristo (Oviedo)",NA,NA,NA,"1994",8,19,NA,NA,"Félix González","Félix González",NA,NA,NA,1,NA,NA,NA,"Oviedo Museum","Prado próx charca",NA,"87_NOCOMPLEXHymenopteros_OVIEDO_20231024420"
"Bombus",NA,"lucorum/soroeensis",NA,"España","Tenerife","La Gomera",NA,NA,NA,"1994",9,12,NA,NA,"María J. Cabal","María J. Cabal",NA,NA,NA,1,NA,NA,NA,"Oviedo Museum",NA,NA,"87_NOCOMPLEXHymenopteros_OVIEDO_20231024421"
"Bombus",NA,"lucorum",NA,"España","Cantabria","Zurita",NA,NA,NA,"1994",3,12,NA,NA,"Gloria Fdez","Patricia Alonso",NA,NA,NA,1,NA,NA,NA,"Oviedo Museum",NA,NA,"87_NOCOMPLEXHymenopteros_OVIEDO_20231024422"
"Bombus",NA,"lucorum/terrestris/soroeensis",NA,"España","Asturias","Barrio El Monte (Pervera)",NA,NA,NA,NA,NA,NA,NA,NA,"David Martínez","David Martínez",NA,NA,NA,1,NA,NA,NA,"Oviedo Museum",NA,NA,"87_NOCOMPLEXHymenopteros_OVIEDO_20231024423"
"Bombus",NA,"lucorum/terrestris/soroeensis",NA,"España","Asturias","Puentevega",NA,NA,NA,"1994",9,10,NA,NA,"María J. Cabal","María J. Cabal",NA,NA,NA,1,NA,NA,NA,"Oviedo Museum",NA,NA,"87_NOCOMPLEXHymenopteros_OVIEDO_20231024424"
"Bombus",NA,"lucorum/terrestris",NA,"España","Asturias","La Foz",NA,NA,NA,"1994",3,29,NA,NA,"Pablo Prado Aller","Pablo Prado Aller",NA,NA,NA,1,NA,NA,NA,"Oviedo Museum",NA,NA,"87_NOCOMPLEXHymenopteros_OVIEDO_20231024425"
"Bombus",NA,"terrestris",NA,"España","Cantabria","Corvera de Toranzo",NA,NA,NA,"1993",8,5,NA,NA,"Blanca Glez","Blanca Glez",NA,NA,NA,1,NA,NA,NA,"Oviedo Museum",NA,NA,"87_NOCOMPLEXHymenopteros_OVIEDO_20231024426"
"Bombus",NA,"lucorum",NA,"España","Asturias","Peón",NA,NA,NA,"1994",5,8,NA,NA,"Carmela Menéndez","Carmela Menéndez",NA,NA,NA,1,NA,NA,NA,"Oviedo Museum",NA,NA,"87_NOCOMPLEXHymenopteros_OVIEDO_20231024427"
"Bombus",NA,"terrestris",NA,"España","Cantabria","Pte. San Miguel",NA,NA,NA,"1993",10,25,NA,NA,"A. Gómez Erina","Ángeles Gómez",NA,NA,NA,1,NA,NA,NA,"Oviedo Museum",NA,NA,"87_NOCOMPLEXHymenopteros_OVIEDO_20231024428"
"Bombus",NA,"terrestris",NA,"España","Asturias","San Cristóbal",NA,NA,NA,"1994",4,15,NA,NA,"Alberto López","Alberto López",NA,NA,NA,1,NA,NA,NA,"Oviedo Museum",NA,NA,"87_NOCOMPLEXHymenopteros_OVIEDO_20231024429"
"Bombus",NA,"terrestris",NA,"España","Asturias","Cabueñes",NA,NA,NA,"1994",3,24,NA,NA,"M. J. Cordero Álvarez","M. J. Cordero Álvarez",NA,NA,NA,1,NA,NA,NA,"Oviedo Museum",NA,NA,"87_NOCOMPLEXHymenopteros_OVIEDO_20231024430"
"Bombus",NA,"terrestris",NA,"España","Asturias","La Barraca-Riaño",NA,NA,NA,"1994",4,20,NA,NA,"Asunción Noval","Asunción Noval",NA,NA,NA,1,NA,NA,NA,"Oviedo Museum",NA,NA,"87_NOCOMPLEXHymenopteros_OVIEDO_20231024431"
"Bombus",NA,"lucorum/terrestris",NA,"España","Guipúzcoa","Eibar",NA,NA,NA,"1994",4,2,NA,NA,"Dacosta Vázquez","Dacosta Vázquez A.",NA,NA,NA,1,NA,NA,NA,"Oviedo Museum",NA,NA,"87_NOCOMPLEXHymenopteros_OVIEDO_20231024432"
"Bombus",NA,"lucorum/terrestris",NA,"España","Asturias","El Castro",NA,NA,NA,"1992",7,31,NA,NA,"Yolanda Bango M.","",NA,NA,NA,1,NA,NA,NA,"Oviedo Museum",NA,NA,"87_NOCOMPLEXHymenopteros_OVIEDO_20231024433"
"Bombus",NA,"lucorum/terrestris",NA,"España","Asturias","Belende",NA,NA,NA,"1994",4,1,NA,NA,"Ana Benito","Ana Benito",NA,NA,NA,1,NA,NA,NA,"Oviedo Museum",NA,NA,"87_NOCOMPLEXHymenopteros_OVIEDO_20231024434"
"Bombus",NA,"terrrestris",NA,"España","Barcelona","Vic",NA,NA,NA,"1990",5,12,NA,NA,"J. Riera","J. Riera",NA,NA,NA,1,NA,NA,NA,"Oviedo Museum",NA,NA,"87_NOCOMPLEXHymenopteros_OVIEDO_20231024435"
"Bombus",NA,"terrestris",NA,"España","Asturias","Villar (Luarca)",NA,NA,NA,"1989",10,25,NA,NA,"Mª Jesús Fdez","Clara Fdez",NA,NA,NA,1,NA,NA,NA,"Oviedo Museum",NA,NA,"87_NOCOMPLEXHymenopteros_OVIEDO_20231024436"
"Bombus",NA,"terrestris",NA,"España","Cantabria","Santander",NA,NA,NA,NA,NA,NA,NA,NA,"Cristina R. Cabello","Cristina R. Cabello",NA,NA,NA,1,NA,NA,NA,"Oviedo Museum","Jardín","Volando","87_NOCOMPLEXHymenopteros_OVIEDO_20231024437"
"Bombus",NA,"terrestris",NA,"España","Asturias","Pardesivil",NA,NA,NA,"1998",4,4,NA,NA,"Pellitero","Pellitero",NA,NA,NA,1,NA,NA,NA,"Oviedo Museum",NA,NA,"87_NOCOMPLEXHymenopteros_OVIEDO_20231024438"
"Bombus",NA,"sp.",NA,"España","Asturias","Agüero",NA,NA,NA,"1991",7,25,NA,NA,"Luz Mª Reyes","Luz Mª Reyes",NA,NA,NA,1,NA,NA,NA,"Oviedo Museum",NA,NA,"87_NOCOMPLEXHymenopteros_OVIEDO_20231024439"
"Bombus",NA,"lucorum/terrestris",NA,"España","Asturias","Luarca",NA,NA,NA,"1989",10,25,NA,NA,"I. Esteban","I. Esteban",NA,NA,NA,1,NA,NA,NA,"Oviedo Museum",NA,NA,"87_NOCOMPLEXHymenopteros_OVIEDO_20231024440"
"Bombus",NA,"lucorum",NA,"España","Asturias","Luanco",NA,NA,NA,"1992",9,11,NA,NA,"Fernado F. Cobas","",NA,NA,NA,1,NA,NA,NA,"Oviedo Museum",NA,NA,"87_NOCOMPLEXHymenopteros_OVIEDO_20231024441"
"Bombus",NA,"lucorum/terrestris",NA,"España","Asturias","Villamayor",NA,NA,NA,"1993",4,20,NA,NA,"Conchita Galvez","Conchita Galvez",NA,NA,NA,1,NA,NA,NA,"Oviedo Museum",NA,NA,"87_NOCOMPLEXHymenopteros_OVIEDO_20231024442"
"Bombus",NA,"lucorum/terrestris",NA,"España","Asturias","Ventanielles",NA,NA,NA,"1992",6,5,NA,NA,"Medea Aperribal","",NA,NA,NA,1,NA,NA,NA,"Oviedo Museum",NA,NA,"87_NOCOMPLEXHymenopteros_OVIEDO_20231024443"
"Bombus",NA,"lucorum/terrestris",NA,"España","Asturias","Selorio",NA,NA,NA,"1985",4,20,NA,NA,"Celsa F.S.N.","Celsa F.S.N.",NA,NA,NA,1,NA,NA,NA,"Oviedo Museum",NA,NA,"87_NOCOMPLEXHymenopteros_OVIEDO_20231024444"
"Bombus",NA,"lucorum/terrestris",NA,"España","Cantabria","Bedoya",NA,NA,NA,"1993",6,22,NA,NA,"Ángela F. Roiz","Judith F. Casero",NA,NA,NA,1,NA,NA,NA,"Oviedo Museum",NA,NA,"87_NOCOMPLEXHymenopteros_OVIEDO_20231024445"
"Bombus",NA,"lucorum/terrestris",NA,"España","Asturias","Somió",NA,NA,NA,"1982",5,28,NA,NA,"Cristina Rguez","",NA,NA,NA,1,NA,NA,NA,"Oviedo Museum","En un matorral",NA,"87_NOCOMPLEXHymenopteros_OVIEDO_20231024446"
"Bombus",NA,"lucorum/terrestris",NA,"España","Asturias","Oviedo",NA,NA,NA,NA,NA,NA,NA,NA,"Margarita Ojea","Margarita Ojea",NA,NA,NA,1,NA,NA,NA,"Oviedo Museum",NA,"Obrera. Tiene moho","87_NOCOMPLEXHymenopteros_OVIEDO_20231024447"
"Bombus",NA,"lucorum/terrestris",NA,"España","Asturias","Gamoniteiro",NA,NA,NA,"1982",4,22,NA,NA,"M. M. Fernández","",NA,NA,NA,1,NA,NA,NA,"Oviedo Museum","Pastizal sobre caliza","Tiene moho","87_NOCOMPLEXHymenopteros_OVIEDO_20231024448"
"Bombus",NA,"lucorum/terrestris/soroeensis",NA,"España","Asturias","Alto Cobertoria",NA,NA,NA,"1988",9,3,NA,NA,"M. A. Díaz Díaz","M. A. Díaz Díaz",NA,NA,NA,1,NA,NA,NA,"Oviedo Museum","Brezal",NA,"87_NOCOMPLEXHymenopteros_OVIEDO_20231024449"
"Bombus",NA,"lucorum",NA,"España",NA,"Villaviciosa",NA,NA,NA,NA,NA,NA,NA,NA,"Susana L.-Acevedo","Susana L.-Acevedo",NA,NA,NA,1,NA,NA,NA,"Oviedo Museum","Terraza de casa",NA,"87_NOCOMPLEXHymenopteros_OVIEDO_20231024450"
"Bombus",NA,"terrestris",NA,"España","Asturias","Parque de invierno (Oviedo)",NA,NA,NA,"1990",6,16,NA,NA,"Gemma Llaneza","Gemma Llaneza",NA,NA,NA,1,NA,NA,NA,"Oviedo Museum",NA,"Tiene moho","87_NOCOMPLEXHymenopteros_OVIEDO_20231024451"
"Bombus",NA,"lucorum",NA,"España","Asturias","Ciaño",NA,NA,NA,"1990",6,23,NA,NA,"M. Ángeles Lauriño","M. Ángeles Lauriño",NA,NA,NA,1,NA,NA,NA,"Oviedo Museum",NA,NA,"87_NOCOMPLEXHymenopteros_OVIEDO_20231024452"
"Bombus",NA,"lucorum",NA,"España","Asturias","Salas",NA,NA,NA,"1982",5,4,NA,NA,"C. Martínez","",NA,NA,NA,1,NA,NA,NA,"Oviedo Museum",NA,NA,"87_NOCOMPLEXHymenopteros_OVIEDO_20231024453"
"Bombus",NA,"lucorum/terrestris",NA,"España","Asturias","Oviedo",NA,NA,NA,"1982",5,10,NA,NA,"Carlos Aedo","Carlos Aedo",NA,NA,NA,1,NA,NA,NA,"Oviedo Museum","Ruderal","Tiene moho","87_NOCOMPLEXHymenopteros_OVIEDO_20231024454"
"Bombus",NA,"soroeensis",NA,"España","Asturias","Contrueces",NA,NA,NA,"1993",5,21,NA,NA,"Sonia Glez","Sonia Glez",NA,NA,NA,1,NA,NA,NA,"Oviedo Museum",NA,NA,"87_NOCOMPLEXHymenopteros_OVIEDO_20231024455"
"Bombus",NA,"terrestris",NA,"España","Asturias","El Escamplero",NA,NA,NA,"1994",7,16,NA,NA,"Mª J. Villanueva","Mª J. Villanueva",NA,NA,NA,1,NA,NA,NA,"Oviedo Museum",NA,NA,"87_NOCOMPLEXHymenopteros_OVIEDO_20231024456"
"Bombus",NA,"soroeensis",NA,"España","Asturias","Pola de Lena (Valle El Peral)",NA,NA,NA,"1990",8,6,NA,NA,"Susana Acevedo","Susana L.-Acevedo",NA,NA,NA,1,NA,NA,NA,"Oviedo Museum","Sobre zarzas",NA,"87_NOCOMPLEXHymenopteros_OVIEDO_20231024457"
"Bombus",NA,"lucorum",NA,"España","Cantabria","Villar",NA,NA,NA,"1993",8,23,NA,NA,"Marta Gatón","Marta Gatón",NA,NA,NA,1,NA,NA,NA,"Oviedo Museum",NA,NA,"87_NOCOMPLEXHymenopteros_OVIEDO_20231024458"
"Bombus",NA,"lucorum",NA,"España","Cantabria","Santander",NA,NA,NA,"1992",7,14,NA,NA,"Mª José Goicoechea","Mª José Goicoechea",NA,NA,NA,1,NA,NA,NA,"Oviedo Museum",NA,NA,"87_NOCOMPLEXHymenopteros_OVIEDO_20231024459"
"Bombus",NA,"terrestris",NA,"España",NA,"Villamayor",NA,NA,NA,"1982",5,1,NA,NA,"A. Y. Sánchez","",NA,NA,NA,1,NA,NA,NA,"Oviedo Museum","Pradera","Tiene moho","87_NOCOMPLEXHymenopteros_OVIEDO_20231024460"
"Bombus",NA,"sp.",NA,"España","Asturias","Poo de Llanes",NA,NA,NA,"1988",5,12,NA,NA,"M. Jose Ruiz de Arech.","M. Jose Ruiz de Arech.",NA,NA,NA,1,NA,NA,NA,"Oviedo Museum",NA,NA,"87_NOCOMPLEXHymenopteros_OVIEDO_20231024461"
"Bombus",NA,"terrestris",NA,"España",NA,"Palomas (río)",NA,NA,NA,"1988",5,31,NA,NA,"Paulino Bárcena","Paulino Bárcena",NA,NA,NA,1,NA,NA,NA,"Oviedo Museum","Sobre ortigas","Tiene moho","87_NOCOMPLEXHymenopteros_OVIEDO_20231024462"
"Bombus",NA,"soroeensis",NA,"España","Asturias","Pillarno",NA,NA,NA,"1992",2,21,NA,NA,"R. Julia Rguez","R. Julia Rguez",NA,NA,NA,1,NA,NA,NA,"Oviedo Museum",NA,NA,"87_NOCOMPLEXHymenopteros_OVIEDO_20231024463"
"Bombus",NA,"terrestris",NA,"España","Asturias","Peñaullán",NA,NA,NA,"1982",5,16,NA,NA,"Ana Suárez","Ana Suárez",NA,NA,NA,1,NA,NA,NA,"Oviedo Museum","Flor","Tiene moho","87_NOCOMPLEXHymenopteros_OVIEDO_20231024464"
"Bombus","wurfleini","pyrenaicus",NA,"España","Asturias","Mones (Luarca)",NA,NA,NA,"1987",4,18,NA,NA,"R. Cernuda","",NA,NA,NA,1,NA,NA,NA,"Oviedo Museum","Recogida sobre Lamium maculatum",NA,"87_NOCOMPLEXHymenopteros_OVIEDO_20231024465"
"Bombus",NA,"cullumanus",NA,"España","Asturias","Espinedo (Campomanes)",NA,NA,NA,"1980",5,11,NA,NA,"Ana Concepción","",NA,NA,NA,1,NA,NA,NA,"Oviedo Museum","En flor",NA,"87_NOCOMPLEXHymenopteros_OVIEDO_20231024466"
"Bombus",NA,"sp.",NA,"España","Asturias","Mallecina",NA,NA,NA,"1987",4,27,NA,NA,"Carmen Rguez Rguez","Carmen Rguez Rguez",NA,NA,NA,1,NA,NA,NA,"Oviedo Museum",NA,NA,"87_NOCOMPLEXHymenopteros_OVIEDO_20231024467"
"Bombus",NA,"sp.",NA,"España","Palencia","San Salvador de Cantamuda",NA,NA,NA,"1986",8,6,NA,NA,"José Llorente","José Llorente",NA,NA,NA,1,NA,NA,NA,"Oviedo Museum",NA,NA,"87_NOCOMPLEXHymenopteros_OVIEDO_20231024468"
"Bombus",NA,"sp.",NA,"España","Asturias","Polígono de Silvota",NA,NA,NA,"1981",5,25,NA,NA,"J. A. Pons A.","",NA,NA,NA,1,NA,NA,NA,"Oviedo Museum",NA,NA,"87_NOCOMPLEXHymenopteros_OVIEDO_20231024469"
"Bombus",NA,"sp.",NA,"España","Asturias","Oviedo",NA,NA,NA,"1989",4,28,NA,NA,"Idoia Villate","Idoia Villate",NA,NA,NA,1,NA,NA,NA,"Oviedo Museum",NA,NA,"87_NOCOMPLEXHymenopteros_OVIEDO_20231024470"
"Bombus",NA,"pratorum",NA,"España","Asturias","Bocines",NA,NA,NA,NA,NA,NA,NA,NA,"M. Echeverría","M. Echeverría",NA,NA,NA,1,NA,NA,NA,"Oviedo Museum",NA,NA,"87_NOCOMPLEXHymenopteros_OVIEDO_20231024471"
"Bombus",NA,"sp.",NA,"España","Cantabria","Villar",NA,NA,NA,"1993",8,15,NA,NA,"Marta Gatón","Marta Gatón",NA,NA,NA,1,NA,NA,NA,"Oviedo Museum",NA,NA,"87_NOCOMPLEXHymenopteros_OVIEDO_20231024472"
"Bombus","wurfleini","pyrenaicus",NA,"España","Asturias","Casa del puerto (Tineo)",NA,NA,NA,NA,NA,NA,NA,NA,"Elvira García","Elvira García",NA,NA,NA,1,NA,NA,NA,"Oviedo Museum",NA,NA,"87_NOCOMPLEXHymenopteros_OVIEDO_20231024473"
"Bombus",NA,"cullumanus",NA,"España","León","La Cabrera",NA,NA,NA,"1988",8,28,NA,NA,"Carmen de Miguel","Carmen de Miguel",NA,NA,NA,1,NA,NA,NA,"Oviedo Museum",NA,NA,"87_NOCOMPLEXHymenopteros_OVIEDO_20231024474"
"Bombus",NA,"cullumanus",NA,"España","Asturias","La Colladiella",NA,NA,NA,"1988",7,21,NA,NA,"Carmen de Miguel","Carmen de Miguel",NA,NA,NA,1,NA,NA,NA,"Oviedo Museum",NA,NA,"87_NOCOMPLEXHymenopteros_OVIEDO_20231024475"
"Bombus",NA,"sylvarum",NA,"España","Asturias","Podes",NA,NA,NA,"1992",5,29,NA,NA,"M. Menéndez Artime","M. Menéndez Artime",NA,NA,NA,1,NA,NA,NA,"Oviedo Museum",NA,NA,"87_NOCOMPLEXHymenopteros_OVIEDO_20231024476"
"Bombus",NA,"cullumanus",NA,"España","Asturias","Barro",NA,NA,NA,NA,NA,NA,NA,NA,"Mª Carmen Fdez","",NA,NA,NA,1,NA,NA,NA,"Oviedo Museum",NA,NA,"87_NOCOMPLEXHymenopteros_OVIEDO_20231024477"
"Bombus",NA,"sp.",NA,"España","Asturias","Manzaneda",NA,NA,NA,"1982",5,15,NA,NA,"Cecilia López","",NA,NA,NA,1,NA,NA,NA,"Oviedo Museum",NA,NA,"87_NOCOMPLEXHymenopteros_OVIEDO_20231024478"
"Bombus",NA,"sylvarum",NA,"España",NA,"La Central (El Entrego)",NA,NA,NA,"1986",5,24,NA,NA,"Roberto Fdez Argüelles","Esther Orviz",NA,NA,NA,1,NA,NA,NA,"Oviedo Museum","Prado",NA,"87_NOCOMPLEXHymenopteros_OVIEDO_20231024479"
"Bombus",NA,"lapidarius",NA,"España","Asturias","Cangas de Narcea",NA,NA,NA,"1974",6,23,NA,NA,"F. J. Ocharan","",NA,NA,NA,1,NA,NA,NA,"Oviedo Museum",NA,"Tiene moho","87_NOCOMPLEXHymenopteros_OVIEDO_20231024480"
"Bombus",NA,"lapidarius",NA,"España","Orense","Verín",NA,NA,NA,"1982",7,27,NA,NA,"Generosa Álvarez","Generosa Álvarez",NA,NA,NA,1,NA,NA,NA,"Oviedo Museum",NA,"Tiene moho","87_NOCOMPLEXHymenopteros_OVIEDO_20231024481"
"Bombus",NA,"lapidarius",NA,"España","León","Villafranca del Bierzo",NA,NA,NA,"1978",4,25,NA,NA,"Mª Luz García","Anadón-Quero",NA,NA,NA,1,NA,NA,NA,"Oviedo Museum","Sobre flor",NA,"87_NOCOMPLEXHymenopteros_OVIEDO_20231024482"
"Bombus",NA,"lapidarius",NA,"España","Asturias","Oviedo",NA,NA,NA,NA,NA,NA,NA,NA,"J. Bengochea","",NA,NA,NA,1,NA,NA,NA,"Oviedo Museum",NA,NA,"87_NOCOMPLEXHymenopteros_OVIEDO_20231024483"
"Bombus",NA,"lapidarius",NA,"España","Cantabria","Carrejo",NA,NA,NA,"1976",4,17,NA,NA,"S. Díaz G.","",NA,NA,NA,1,NA,NA,NA,"Oviedo Museum",NA,NA,"87_NOCOMPLEXHymenopteros_OVIEDO_20231024484"
"Bombus",NA,"lapidarius",NA,"España","Asturias","Llanes",NA,NA,NA,"1976",5,29,NA,NA,"M. L. C. Arias","",NA,NA,NA,1,NA,NA,NA,"Oviedo Museum",NA,NA,"87_NOCOMPLEXHymenopteros_OVIEDO_20231024485"
"Bombus",NA,"sp.",NA,"España","La Rioja","Logroño",NA,NA,NA,"1978",3,20,NA,NA,"José A. Gil","",NA,NA,NA,1,NA,NA,NA,"Oviedo Museum","Campo, afueras N. E.","En vuelo","87_NOCOMPLEXHymenopteros_OVIEDO_20231024486"
"Bombus",NA,"sp.",NA,"España","Asturias","S. Antolín de Ibias",NA,NA,NA,"1989",7,8,NA,NA,"L. Valle","",NA,NA,NA,1,NA,NA,NA,"Oviedo Museum","Zarza",NA,"87_NOCOMPLEXHymenopteros_OVIEDO_20231024487"
"Bombus",NA,"lapidarius",NA,"España","Navarra","Pamplona",NA,NA,NA,NA,NA,NA,NA,NA,"T. Zabalza","T. Zabalza",NA,NA,NA,1,NA,NA,NA,"Oviedo Museum",NA,"Tiene moho","87_NOCOMPLEXHymenopteros_OVIEDO_20231024488"
"Bombus",NA,"lapidarius",NA,"España","Asturias","Luarca",NA,NA,NA,"1989",10,26,NA,NA,"I. Esteban","I. Esteban",NA,NA,NA,1,NA,NA,NA,"Oviedo Museum",NA,NA,"87_NOCOMPLEXHymenopteros_OVIEDO_20231024489"
"Bombus",NA,"lapidarius",NA,"España","Cantabria","Toporias",NA,NA,NA,"1990",7,14,NA,NA,"B. Pérez Grrez","B. Pérez Grrez",NA,NA,NA,1,NA,NA,NA,"Oviedo Museum","Campo",NA,"87_NOCOMPLEXHymenopteros_OVIEDO_20231024490"
"Bombus",NA,"sp.",NA,"España","Asturias","Oviedo",NA,NA,NA,"1990",7,4,NA,NA,"A. Paniagua","A. Paniagua",NA,NA,NA,1,NA,NA,NA,"Oviedo Museum",NA,NA,"87_NOCOMPLEXHymenopteros_OVIEDO_20231024491"
"Bombus",NA,"sp.",NA,"España","Asturias","Laviana",NA,NA,NA,"1976",6,2,NA,NA,"Isabel Rguez","",NA,NA,NA,1,NA,NA,NA,"Oviedo Museum",NA,NA,"87_NOCOMPLEXHymenopteros_OVIEDO_20231024492"
"Bombus",NA,"sp.",NA,"España","Asturias","Naranco (Oviedo)",NA,NA,NA,NA,NA,NA,NA,NA,"María Ceballos","",NA,NA,NA,1,NA,NA,NA,"Oviedo Museum",NA,NA,"87_NOCOMPLEXHymenopteros_OVIEDO_20231024493"
"Bombus",NA,"lapidarius",NA,"España","León","Sena de Luna",NA,NA,NA,"1988",5,29,NA,NA,"E. Martínez","E. Martínez",NA,NA,NA,1,NA,NA,NA,"Oviedo Museum",NA,NA,"87_NOCOMPLEXHymenopteros_OVIEDO_20231024494"
"Bombus",NA,"lapidarius",NA,"España","Burgos","Edesa de Montija",NA,NA,NA,"1991",3,30,NA,NA,"A. Baranda","A. Baranda",NA,NA,NA,1,NA,NA,NA,"Oviedo Museum",NA,"Tiene moho","87_NOCOMPLEXHymenopteros_OVIEDO_20231024495"
"Bombus",NA,"sp.",NA,"España","Asturias","Naranco (Oviedo)",NA,NA,NA,"1976",5,4,NA,NA,"J. Valdés Canga","",NA,NA,NA,1,NA,NA,NA,"Oviedo Museum",NA,NA,"87_NOCOMPLEXHymenopteros_OVIEDO_20231024496"
"Bombus",NA,"sp.",NA,"España","León","La Vecilla",NA,NA,NA,"1978",6,16,NA,NA,"Juan A. Martín","",NA,NA,NA,1,NA,NA,NA,"Oviedo Museum","En el camino",NA,"87_NOCOMPLEXHymenopteros_OVIEDO_20231024497"
"Bombus",NA,"sp.",NA,"España","Asturias","Cangas de Narcea",NA,NA,NA,"1974",6,23,NA,NA,"F. J. Ocharan","",NA,NA,NA,1,NA,NA,NA,"Oviedo Museum",NA,NA,"87_NOCOMPLEXHymenopteros_OVIEDO_20231024498"
"Bombus",NA,"sp.",NA,"España","Asturias","Molleda",NA,NA,NA,NA,NA,NA,NA,NA,"C. Muñiz","",NA,NA,NA,1,NA,NA,NA,"Oviedo Museum",NA,NA,"87_NOCOMPLEXHymenopteros_OVIEDO_20231024499"
"Bombus",NA,"sp.",NA,"España","Asturias","Naranco (Oviedo)",NA,NA,NA,"1976",7,21,NA,NA,"Juan A. Martín","",NA,NA,NA,1,NA,NA,NA,"Oviedo Museum","Camino",NA,"87_NOCOMPLEXHymenopteros_OVIEDO_20231024500"
"Bombus",NA,"sp.",NA,"España","Asturias","Oviedo",NA,NA,NA,NA,NA,NA,NA,NA,"María Ceballos","",NA,NA,NA,1,NA,NA,NA,"Oviedo Museum",NA,NA,"87_NOCOMPLEXHymenopteros_OVIEDO_20231024501"
"Bombus",NA,"sp.",NA,"España","Asturias","Soto de Agues",NA,NA,NA,"1976",4,10,NA,NA,"Teresa L. Lozano","",NA,NA,NA,1,NA,NA,NA,"Oviedo Museum",NA,NA,"87_NOCOMPLEXHymenopteros_OVIEDO_20231024502"
"Bombus",NA,"sp.",NA,"España","Asturias","Cabañaquinta",NA,NA,NA,NA,NA,NA,NA,NA,"Perfecta F. Estrada","",NA,NA,NA,1,NA,NA,NA,"Oviedo Museum",NA,"Tiene moho","87_NOCOMPLEXHymenopteros_OVIEDO_20231024503"
"Bombus",NA,"sp.",NA,"España","León","Riaño",NA,NA,NA,"1981",5,10,NA,NA,"Rosa Torres","Rosa Torres",NA,NA,NA,1,NA,NA,NA,"Oviedo Museum",NA,NA,"87_NOCOMPLEXHymenopteros_OVIEDO_20231024504"
"Bombus",NA,"sp.",NA,"España","Asturias","S. Juan de Nieva",NA,NA,NA,"1978",6,22,NA,NA,"Olga Mª Ángeles Inclán Arrojo","",NA,NA,NA,1,NA,NA,NA,"Oviedo Museum","Campo",NA,"87_NOCOMPLEXHymenopteros_OVIEDO_20231024505"
"Bombus",NA,"sp.",NA,"España","Asturias","Facultad de Ciencias Biológicas (Oviedo)",NA,NA,NA,"1980",5,26,NA,NA,"Ana Quero","",NA,NA,NA,1,NA,NA,NA,"Oviedo Museum",NA,NA,"87_NOCOMPLEXHymenopteros_OVIEDO_20231024506"
"Bombus",NA,"sp.",NA,"España","Cantabria","Ramales",NA,NA,NA,NA,NA,NA,NA,NA,"José M. Piney","",NA,NA,NA,1,NA,NA,NA,"Oviedo Museum",NA,NA,"87_NOCOMPLEXHymenopteros_OVIEDO_20231024507"
"Bombus",NA,"sp.",NA,"España","Salamanca","Batuecas",NA,NA,NA,"1978",11,23,NA,NA,"C. Manzano","C. Manzano",NA,NA,NA,1,NA,NA,NA,"Oviedo Museum",NA,NA,"87_NOCOMPLEXHymenopteros_OVIEDO_20231024508"
"Bombus",NA,"sp.",NA,"España","Asturias","Ríoseco",NA,NA,NA,NA,NA,NA,NA,NA,"Rosa Mª Valles","",NA,NA,NA,1,NA,NA,NA,"Oviedo Museum",NA,NA,"87_NOCOMPLEXHymenopteros_OVIEDO_20231024509"
"Bombus",NA,"sp.",NA,"España","Asturias","Cadavedo (Luarca)",NA,NA,NA,"1978",5,8,NA,NA,"A. Méndez","",NA,NA,NA,1,NA,NA,NA,"Oviedo Museum","En casa",NA,"87_NOCOMPLEXHymenopteros_OVIEDO_20231024510"
"Bombus",NA,"ragellus",NA,"España","Cantabria","Liencres",NA,NA,NA,"1982",8,3,NA,NA,"J. Valderrabano","S. Solano",NA,NA,NA,1,NA,NA,NA,"Oviedo Museum","Dunas",NA,"87_NOCOMPLEXHymenopteros_OVIEDO_20231024511"
"Bombus",NA,"lapidarius",NA,"España","Cantabria","Bárcena",NA,NA,NA,"1994",5,14,NA,NA,"Martín Antoling","Patricia Alonso",NA,1,NA,0,NA,NA,NA,"Oviedo Museum",NA,NA,"87_NOCOMPLEXHymenopteros_OVIEDO_20231024512"
"Bombus",NA,"sylvarum",NA,"España","Asturias","Oviedo",NA,NA,NA,"1979",5,10,NA,NA,"C. Castillo","A. Quera",NA,NA,NA,1,NA,NA,NA,"Oviedo Museum",NA,NA,"87_NOCOMPLEXHymenopteros_OVIEDO_20231024513"
"Bombus",NA,"sp.",NA,"España","Asturias","Avín",NA,NA,NA,"1991",10,21,NA,NA,"J. Zalama Tena","J. Zalama Tena",NA,NA,NA,1,NA,NA,NA,"Oviedo Museum",NA,NA,"87_NOCOMPLEXHymenopteros_OVIEDO_20231024514"
"Bombus",NA,"sp.",NA,"España","León","Urdiales del Páramo",NA,NA,NA,"1982",5,1,NA,NA,"F. Berjon","F. Berjon",NA,NA,NA,1,NA,NA,NA,"Oviedo Museum","Pajar","4. Tiene moho","87_NOCOMPLEXHymenopteros_OVIEDO_20231024515"
"Bombus",NA,"lapidarius",NA,"España","Cantabria","Suances",NA,NA,NA,"1989",7,15,NA,NA,"M. José Saiz","M. José Saiz",NA,NA,NA,1,NA,NA,NA,"Oviedo Museum",NA,NA,"87_NOCOMPLEXHymenopteros_OVIEDO_20231024516"
"Bombus",NA,"lapidarius",NA,"España","Cantabria",NA,NA,NA,NA,"1989",6,11,NA,NA,"Clemen Arozam","",NA,NA,NA,1,NA,NA,NA,"Oviedo Museum",NA,NA,"87_NOCOMPLEXHymenopteros_OVIEDO_20231024517"
"Bombus",NA,"lapidarius",NA,"España","Burgos","Cartuja de Miraflores",NA,NA,NA,"1992",7,25,NA,NA,"Susana Barquero","",NA,NA,NA,1,NA,NA,NA,"Oviedo Museum","Plantación pino alrededores Cartuja de Miraflores. Nido= túnel excavado en tierra de un talud del pinar",NA,"87_NOCOMPLEXHymenopteros_OVIEDO_20231024518"
"Bombus",NA,"sylvarum",NA,"España","Asturias","Hoces de Río Pino",NA,NA,NA,"1982",5,23,NA,NA,"C. Díaz Juesas","C. Díaz Juesas",NA,NA,NA,1,NA,NA,NA,"Oviedo Museum","Matorral","Tiene moho","87_NOCOMPLEXHymenopteros_OVIEDO_20231024519"
"Bombus",NA,"sylvarum",NA,"España","Asturias","Pantano de Trasona",NA,NA,NA,"1987",5,30,NA,NA,"Carlos J. Francisco","Carlos J. Francisco",NA,NA,NA,1,NA,NA,NA,"Oviedo Museum",NA,NA,"87_NOCOMPLEXHymenopteros_OVIEDO_20231024520"
"Bombus",NA,"pratorum",NA,"España","Asturias","Siero",NA,NA,NA,"1987",5,25,NA,NA,"Fernando D. Ordax","Fernando D. Ordax",NA,NA,NA,1,NA,NA,NA,"Oviedo Museum",NA,NA,"87_NOCOMPLEXHymenopteros_OVIEDO_20231024521"
"Bombus",NA,"sp.",NA,"España","Asturias","La Eria",NA,NA,NA,"1987",5,30,NA,NA,"J. Gión","J. Gión",NA,NA,NA,1,NA,NA,NA,"Oviedo Museum",NA,NA,"87_NOCOMPLEXHymenopteros_OVIEDO_20231024522"
"Bombus",NA,"sp.",NA,"España","Asturias","Naranco (Oviedo)",NA,NA,NA,"1980",5,11,NA,NA,"A. Bode","",NA,NA,NA,1,NA,NA,NA,"Oviedo Museum",NA,NA,"87_NOCOMPLEXHymenopteros_OVIEDO_20231024523"
"Bombus",NA,"sylvarum",NA,"España","Asturias","Manzaneda",NA,NA,NA,"1982",5,15,NA,NA,"Cecilia López","",NA,NA,NA,1,NA,NA,NA,"Oviedo Museum",NA,NA,"87_NOCOMPLEXHymenopteros_OVIEDO_20231024524"
"Bombus",NA,"pratorum",NA,"España","Asturias","Fitoria",NA,NA,NA,"1986",5,31,NA,NA,"Paloma Cuartas","Paloma Cuartas",NA,NA,NA,1,NA,NA,NA,"Oviedo Museum",NA,NA,"87_NOCOMPLEXHymenopteros_OVIEDO_20231024525"
"Bombus",NA,"pratorum",NA,"España","Asturias","Covadonga",NA,NA,NA,"1974",6,23,NA,NA,"Kankel Ortea","",NA,NA,NA,1,NA,NA,NA,"Oviedo Museum",NA,"Tiene moho","87_NOCOMPLEXHymenopteros_OVIEDO_20231024526"
"Bombus",NA,"cullumanus",NA,"España","Asturias","Granda",NA,NA,NA,"1992",5,26,NA,NA,"Belén Álvarez","Belén Álvarez",NA,NA,NA,1,NA,NA,NA,"Oviedo Museum","Sobre flores",NA,"87_NOCOMPLEXHymenopteros_OVIEDO_20231024527"
"Bombus",NA,"sylvarum",NA,"España","Asturias","Pola de Lena (Valle El Peral)",NA,NA,NA,"1990",8,6,NA,NA,"Susana L.-Acevedo","Susana L.-Acevedo",NA,NA,NA,1,NA,NA,NA,"Oviedo Museum","Sobre zarzas",NA,"87_NOCOMPLEXHymenopteros_OVIEDO_20231024528"
"Bombus",NA,"pratorum",NA,"España","Asturias","Arnao",NA,NA,NA,"1982",5,29,NA,NA,"Luciano López","Luciano López",NA,NA,NA,1,NA,NA,NA,"Oviedo Museum",NA,NA,"87_NOCOMPLEXHymenopteros_OVIEDO_20231024529"
"Bombus",NA,"sylvarum",NA,"España","Asturias","Naranco (Oviedo)",NA,NA,NA,"1987",6,18,NA,NA,"José Zulaica Berijoetxea","José Zulaica Berijoetxea",NA,NA,NA,1,NA,NA,NA,"Oviedo Museum",NA,NA,"87_NOCOMPLEXHymenopteros_OVIEDO_20231024530"
"Bombus",NA,"sylvarum",NA,"España","Asturias","Caldones",NA,NA,NA,"1992",8,20,NA,NA,"Luis M. Torres","Luis M. Torres",NA,NA,NA,1,NA,NA,NA,"Oviedo Museum",NA,NA,"87_NOCOMPLEXHymenopteros_OVIEDO_20231024531"
"Bombus",NA,"sylvarum",NA,"España","Asturias","Bañugues",NA,NA,NA,"1988",8,10,NA,NA,"L. Lozano","L. Lozano",NA,NA,NA,1,NA,NA,NA,"Oviedo Museum",NA,NA,"87_NOCOMPLEXHymenopteros_OVIEDO_20231024532"
"Bombus",NA,"sylvarum",NA,"España","Soria","Pedraza",NA,NA,NA,"1988",8,13,NA,NA,"Juan Carlos Ruiz","Juan Carlos Ruiz",NA,NA,NA,1,NA,NA,NA,"Oviedo Museum","Huertos",NA,"87_NOCOMPLEXHymenopteros_OVIEDO_20231024533"
"Bombus",NA,"sylvarum",NA,"España","Cantabria","Villar",NA,NA,NA,"1993",8,27,NA,NA,"Marta Gatón","Marta Gatón",NA,NA,NA,1,NA,NA,NA,"Oviedo Museum",NA,NA,"87_NOCOMPLEXHymenopteros_OVIEDO_20231024534"
"Bombus",NA,"sp.",NA,"España","León","Truchas",NA,NA,NA,"1988",6,20,NA,NA,"Pellitero","",NA,NA,NA,1,NA,NA,NA,"Oviedo Museum",NA,NA,"87_NOCOMPLEXHymenopteros_OVIEDO_20231024535"
"Bombus",NA,"sylvarum",NA,"España","Asturias","Xivares (Candás)",NA,NA,NA,NA,NA,NA,NA,NA,"Juan José Castro","",NA,NA,NA,1,NA,NA,NA,"Oviedo Museum",NA,NA,"87_NOCOMPLEXHymenopteros_OVIEDO_20231024536"
"Bombus",NA,"variabilis",NA,"España","Asturias","Naranco (Oviedo)",NA,NA,NA,"1990",6,23,NA,NA,"M. José Saiz","M. José Saiz",NA,NA,NA,1,NA,NA,NA,"Oviedo Museum",NA,NA,"87_NOCOMPLEXHymenopteros_OVIEDO_20231024537"
"Bombus",NA,"distinguendus",NA,"España","Asturias","Collado de las Arenas",NA,NA,NA,"1988",11,20,NA,NA,"P. Glez.-Quirós","P. Glez.-Quirós",NA,NA,NA,1,NA,NA,NA,"Oviedo Museum","Sobre pastizal",NA,"87_NOCOMPLEXHymenopteros_OVIEDO_20231024538"
"Bombus",NA,"distinguendus",NA,"España","Asturias","Degaña",NA,NA,NA,"1975",3,19,NA,NA,"Carlos Lastra","",NA,NA,NA,1,NA,NA,NA,"Oviedo Museum",NA,NA,"87_NOCOMPLEXHymenopteros_OVIEDO_20231024539"
"Bombus",NA,"sylvarum",NA,"España","Asturias","Oviedo",NA,NA,NA,"1989",5,6,NA,NA,"J. Villasante","J. Villasante",NA,NA,NA,1,NA,NA,NA,"Oviedo Museum",NA,NA,"87_NOCOMPLEXHymenopteros_OVIEDO_20231024540"
"Bombus",NA,"sp.",NA,"España","Asturias","Prados del Cristo (Oviedo)",NA,NA,NA,"1987",5,30,NA,NA,"N. Egocheaga","N. Egocheaga",NA,NA,NA,1,NA,NA,NA,"Oviedo Museum",NA,NA,"87_NOCOMPLEXHymenopteros_OVIEDO_20231024541"
"Bombus",NA,"distinguendus",NA,"España","León","Peñacorada",NA,NA,NA,"1991",5,26,NA,NA,"P. Velasco Vallejo","P. Velasco Vallejo",NA,NA,NA,1,NA,NA,NA,"Oviedo Museum",NA,NA,"87_NOCOMPLEXHymenopteros_OVIEDO_20231024542"
"Bombus",NA,"sp.",NA,"España","Asturias","La Atalaya",NA,NA,NA,"1991",8,9,NA,NA,"Pedro García-Rovés","",NA,NA,NA,1,NA,NA,NA,"Oviedo Museum",NA,NA,"87_NOCOMPLEXHymenopteros_OVIEDO_20231024543"
"Bombus",NA,"muscorum",NA,"España","Asturias","Luarca",NA,NA,NA,NA,NA,NA,NA,NA,"C. Álvarez","C. Álvarez",NA,NA,NA,1,NA,NA,NA,"Oviedo Museum","En campo",NA,"87_NOCOMPLEXHymenopteros_OVIEDO_20231024544"
"Bombus",NA,"pratorum",NA,"España","Asturias","Oviedo",NA,NA,NA,"1982",5,21,NA,NA,"Isabel Glez","Isabel Glez",NA,NA,NA,1,NA,NA,NA,"Oviedo Museum","Pradera","Tiene moho","87_NOCOMPLEXHymenopteros_OVIEDO_20231024545"
"Bombus",NA,"distinguendus",NA,"España","Vizcaya","Seño",NA,NA,NA,NA,NA,NA,NA,NA,"R. Echeandia","R. Echeandia",NA,NA,NA,1,NA,NA,NA,"Oviedo Museum",NA,NA,"87_NOCOMPLEXHymenopteros_OVIEDO_20231024546"
"Bombus",NA,"distinguendus/sylvarum",NA,"España","Asturias","Deva",NA,NA,NA,"1980",5,27,NA,NA,"Higinio Bernardo","A. Anadón",NA,NA,NA,1,NA,NA,NA,"Oviedo Museum","Prado",NA,"87_NOCOMPLEXHymenopteros_OVIEDO_20231024547"
"Bombus",NA,"sylvarum",NA,"España","Asturias","Oviedo",NA,NA,NA,"1989",3,18,NA,NA,"Jorge González","Jorge González",NA,NA,NA,1,NA,NA,NA,"Oviedo Museum",NA,NA,"87_NOCOMPLEXHymenopteros_OVIEDO_20231024548"
"Bombus",NA,"sylvarum",NA,"España","Asturias","Oviedo",NA,NA,NA,"1989",4,24,NA,NA,"E. Eguilegor","E. Eguilegor",NA,NA,NA,1,NA,NA,NA,"Oviedo Museum",NA,NA,"87_NOCOMPLEXHymenopteros_OVIEDO_20231024549"
"Bombus",NA,"sylvarum",NA,"España","Asturias","Oviedo",NA,NA,NA,"1989",4,8,NA,NA,"Idoia Villate","Idoia Villate",NA,NA,NA,1,NA,NA,NA,"Oviedo Museum",NA,NA,"87_NOCOMPLEXHymenopteros_OVIEDO_20231024550"
"Bombus",NA,"sylvarum",NA,"España","Asturias","Nozalinos",NA,NA,NA,NA,NA,NA,NA,NA,"A. Anadón","",NA,NA,NA,1,NA,NA,NA,"Oviedo Museum",NA,NA,"87_NOCOMPLEXHymenopteros_OVIEDO_20231024551"
"Bombus",NA,"sp.",NA,"España","Asturias","Fano",NA,NA,NA,"1980",5,18,NA,NA,"Mª Esther Martínez Álvarez","",NA,NA,NA,1,NA,NA,NA,"Oviedo Museum",NA,"Tiene moho","87_NOCOMPLEXHymenopteros_OVIEDO_20231024552"
"Bombus",NA,"mesomelas",NA,"España","Asturias","Loro",NA,NA,NA,"1986",6,2,NA,NA,"Alex Merino","Alex Merino",NA,NA,NA,1,NA,NA,NA,"Oviedo Museum","Flor",NA,"87_NOCOMPLEXHymenopteros_OVIEDO_20231024553"
"Bombus",NA,"sylvarum",NA,"España","Asturias","Avilés",NA,NA,NA,"1982",4,10,NA,NA,"D. Lanzas","",NA,NA,NA,1,NA,NA,NA,"Oviedo Museum",NA,NA,"87_NOCOMPLEXHymenopteros_OVIEDO_20231024554"
"Bombus",NA,"vimialis",NA,"España","Asturias","Monte Naranco",NA,NA,NA,"1987",5,31,NA,NA,"Antonio Gómez","Antonio Gómez",NA,NA,NA,1,NA,NA,NA,"Oviedo Museum",NA,NA,"87_NOCOMPLEXHymenopteros_OVIEDO_20231024555"
"Bombus",NA,"sylvarum",NA,"España","Asturias","Naranco (Oviedo)",NA,NA,NA,"1975",4,24,NA,NA,NA,"Rosa Mª Glez Fdez",NA,NA,NA,1,NA,NA,NA,"Oviedo Museum",NA,NA,"87_NOCOMPLEXHymenopteros_OVIEDO_20231024556"
"Anthophora",NA,"furcata",NA,"España","Asturias","Ceares (Gijón)",NA,NA,NA,"1987",5,17,NA,NA,"Jesús G. Durán","Jesús G. Durán",NA,NA,NA,1,NA,NA,NA,"Oviedo Museum","Sobre flor",NA,"87_NOCOMPLEXHymenopteros_OVIEDO_20231024557"
"Bombus",NA,"agrorum",NA,"España","Asturias","Monte Naranco",NA,NA,NA,"1989",4,17,NA,NA,"Antonio Gómez Fdez","Antonio Gómez Fdez",NA,NA,NA,1,NA,NA,NA,"Oviedo Museum",NA,NA,"87_NOCOMPLEXHymenopteros_OVIEDO_20231024558"
"Bombus",NA,"sylvarum",NA,"España","Asturias","Oviedo",NA,NA,NA,"1989",4,24,NA,NA,"J. M. Lasa","J. M. Lasa",NA,NA,NA,1,NA,NA,NA,"Oviedo Museum",NA,NA,"87_NOCOMPLEXHymenopteros_OVIEDO_20231024559"
"Bombus",NA,"sylvarum",NA,"España","Asturias","Oviedo",NA,NA,NA,"1989",4,24,NA,NA,"I. Irizar","I. Irizar",NA,NA,NA,1,NA,NA,NA,"Oviedo Museum",NA,NA,"87_NOCOMPLEXHymenopteros_OVIEDO_20231024560"
"Bombus",NA,"sylvarum",NA,"España","Asturias","Oviedo",NA,NA,NA,"1987",5,14,NA,NA,"A. Palacios","A. Palacios Palomar",NA,NA,NA,1,NA,NA,NA,"Oviedo Museum","Prado del picadero",NA,"87_NOCOMPLEXHymenopteros_OVIEDO_20231024561"
"Bombus","","sylvarum",NA,"España","León","Ponferrada",NA,NA,NA,"1989",5,7,NA,NA,"Claudia Martínez","Claudia Martínez",NA,NA,NA,1,NA,NA,NA,"Oviedo Museum",NA,NA,"87_NOCOMPLEXHymenopteros_OVIEDO_20231024562"
"Bombus","","sylvarum",NA,"España","Asturias","Grado",NA,NA,NA,"1981",4,3,NA,NA,"Asunción García Peláez","",NA,NA,NA,1,NA,NA,NA,"Oviedo Museum",NA,NA,"87_NOCOMPLEXHymenopteros_OVIEDO_20231024563"
"Bombus",NA,"pratorum",NA,"España","Asturias","Naranco (Oviedo)",NA,NA,NA,"1976",5,10,NA,NA,"Ángela Alonso","",NA,NA,NA,1,NA,NA,NA,"Oviedo Museum",NA,NA,"87_NOCOMPLEXHymenopteros_OVIEDO_20231024564"
"Bombus",NA,"sp.",NA,"España","Asturias","La Felguera",NA,NA,NA,"1987",5,25,NA,NA,"Irene Díaz","Irene Díaz",NA,NA,NA,1,NA,NA,NA,"Oviedo Museum",NA,NA,"87_NOCOMPLEXHymenopteros_OVIEDO_20231024565"
"Bombus",NA,"sylvarum",NA,"España","Asturias","Mallecina",NA,NA,NA,"1987",4,12,NA,NA,"Carmen Peláez Mata","Carmen Peláez Mata",NA,NA,NA,1,NA,NA,NA,"Oviedo Museum","Prado",NA,"87_NOCOMPLEXHymenopteros_OVIEDO_20231024566"
"Bombus",NA,"sylvarum",NA,"España","Asturias","Peón",NA,NA,NA,"1994",5,8,NA,NA,"Carmela Menéndez","Carmela Menéndez",NA,NA,NA,1,NA,NA,NA,"Oviedo Museum",NA,NA,"87_NOCOMPLEXHymenopteros_OVIEDO_20231024567"
"Bombus",NA,"cullumanus/sylvarum",NA,"España","Asturias","La Fresneda (Lugones)",NA,NA,NA,"1989",6,18,NA,NA,"José Manuel Fdez Mtnz","José Manuel Fdez Mtnz",NA,NA,NA,1,NA,NA,NA,"Oviedo Museum",NA,NA,"87_NOCOMPLEXHymenopteros_OVIEDO_20231024568"
NA,NA,NA,NA,"España","Asturias","Bañugues",NA,NA,NA,"1983",6,13,NA,NA,"A. Barahona","A. Barahona",NA,NA,NA,1,NA,NA,NA,"Oviedo Museum",NA,NA,"87_NOCOMPLEXHymenopteros_OVIEDO_20231024569"
NA,NA,NA,NA,"España","Asturias","Careses",NA,NA,NA,"1986",8,11,NA,NA,"Rolando Rguez Muñoz","Rolando Rguez Muñoz",NA,NA,NA,1,NA,NA,NA,"Oviedo Museum",NA,NA,"87_NOCOMPLEXHymenopteros_OVIEDO_20231024570"
"Bombus",NA,"cullumanus/sylvarum",NA,"España","Asturias","El Cristo (Oviedo)",NA,NA,NA,"1980",5,17,NA,NA,"Mª D. González López","",NA,NA,NA,1,NA,NA,NA,"Oviedo Museum",NA,NA,"87_NOCOMPLEXHymenopteros_OVIEDO_20231024571"
"Bombus",NA,"sylvarum",NA,"España","Asturias","Oviedo",NA,NA,NA,"1993",5,1,NA,NA,"Raquel díaz","Julia Argüelles",NA,NA,NA,1,NA,NA,NA,"Oviedo Museum",NA,NA,"87_NOCOMPLEXHymenopteros_OVIEDO_20231024572"
"Bombus",NA,"pratorum",NA,"España","Asturias","Naranco (Oviedo)",NA,NA,NA,"1980",5,11,NA,NA,"Abel J. Martín","",NA,NA,NA,1,NA,NA,NA,"Oviedo Museum",NA,NA,"87_NOCOMPLEXHymenopteros_OVIEDO_20231024573"
"Bombus",NA,"pratorum",NA,"España","Asturias","Solis",NA,NA,NA,"1987",5,31,NA,NA,"Celsa F. S. Narciso","Celsa F. S. Narciso",NA,NA,NA,1,NA,NA,NA,"Oviedo Museum",NA,NA,"87_NOCOMPLEXHymenopteros_OVIEDO_20231024574"
"Bombus",NA,"sp.",NA,"España","Asturias","Salinas",NA,NA,NA,"1994",5,25,NA,NA,"Jorge Camino","Jorge Camino",NA,NA,NA,1,NA,NA,NA,"Oviedo Museum",NA,NA,"87_NOCOMPLEXHymenopteros_OVIEDO_20231024575"
NA,NA,NA,NA,"España","Cantabria","Liencres",NA,NA,NA,"1982",8,3,NA,NA,"J. Valderrabano","",NA,NA,NA,1,NA,NA,NA,"Oviedo Museum","Dunas",NA,"87_NOCOMPLEXHymenopteros_OVIEDO_20231024576"
NA,NA,NA,NA,"España","Burgos","Sedano",NA,NA,NA,"1982",7,18,NA,NA,"M. J. Adrián","",NA,NA,NA,1,NA,NA,NA,"Oviedo Museum",NA,"Tiene moho","87_NOCOMPLEXHymenopteros_OVIEDO_20231024577"
NA,NA,NA,NA,"España","Asturias","Lugones",NA,NA,NA,"1981",9,6,NA,NA,"A. Anadón","",NA,NA,NA,1,NA,NA,NA,"Oviedo Museum",NA,NA,"87_NOCOMPLEXHymenopteros_OVIEDO_20231024578"
"Apis",NA,"mellifera",NA,"España","Asturias","Avilés",NA,NA,NA,"1990",7,20,NA,NA,"C. M. Álvarez Lao","",NA,NA,NA,1,NA,NA,NA,"Oviedo Museum",NA,NA,"87_NOCOMPLEXHymenopteros_OVIEDO_20231024579"
"Bombus",NA,"monticola",NA,"España","Cantabria","Villar",NA,NA,NA,"1993",7,20,NA,NA,"Marta Gatón","Marta Gatón",NA,NA,NA,1,NA,NA,NA,"Oviedo Museum",NA,NA,"87_NOCOMPLEXHymenopteros_OVIEDO_20231024580"
"Bombus",NA,"cullumanus",NA,"España","Asturias","La Atalaya",NA,NA,NA,"1992",5,9,NA,NA,"Pedro García-Rovés","Pedro García-Rovés",NA,NA,NA,1,NA,NA,NA,"Oviedo Museum",NA,NA,"87_NOCOMPLEXHymenopteros_OVIEDO_20231024581"
NA,NA,NA,NA,"España","Asturias","Deva",NA,NA,NA,"1980",5,25,NA,NA,"Mª José Álvarez","",NA,NA,NA,1,NA,NA,NA,"Oviedo Museum","Prado",NA,"87_NOCOMPLEXHymenopteros_OVIEDO_20231024582"
NA,NA,NA,NA,"España","León","Bembibre",NA,NA,NA,"1986",8,1,NA,NA,"Sofía Cubero","",NA,NA,NA,1,NA,NA,NA,"Oviedo Museum",NA,NA,"87_NOCOMPLEXHymenopteros_OVIEDO_20231024583"
"Bombus",NA,"terrestris",NA,"España","León","Vega de Espinareda",NA,NA,NA,"1983",7,17,NA,NA,"Miguel Pérez Medina","Miguel Pérez Medina",NA,NA,NA,1,NA,NA,NA,"Oviedo Museum",NA,NA,"87_NOCOMPLEXHymenopteros_OVIEDO_20231024584"
NA,NA,NA,NA,"España","Asturias","Campomanes",NA,NA,NA,"1978",5,28,NA,NA,"M. F. Velasco A.","",NA,NA,NA,1,NA,NA,NA,"Oviedo Museum","Pradera",NA,"87_NOCOMPLEXHymenopteros_OVIEDO_20231024585"
NA,NA,NA,NA,"España","Asturias","La Caridad",NA,NA,NA,"1978",3,20,NA,NA,"M. Pascual","",NA,NA,NA,1,NA,NA,NA,"Oviedo Museum",NA,NA,"87_NOCOMPLEXHymenopteros_OVIEDO_20231024586"
"Bombus",NA,"terrestris",NA,"España","Asturias","La Isla",NA,NA,NA,"1991",6,2,NA,NA,"Rafael Glez- Quirós Fdez","Rafael Glez- Quirós Fdez",NA,NA,NA,1,NA,NA,NA,"Oviedo Museum",NA,NA,"87_NOCOMPLEXHymenopteros_OVIEDO_20231024587"
"Bombus",NA,"sp.",NA,"España","Asturias","Naranco (Oviedo)",NA,NA,NA,"1975",4,24,NA,NA,"Rosa Mª Glez Fernández","",NA,NA,NA,1,NA,NA,NA,"Oviedo Museum",NA,NA,"87_NOCOMPLEXHymenopteros_OVIEDO_20231024588"
"Bombus",NA,"lapidarius",NA,"España","Asturias","S. Antolín de Ibias",NA,NA,NA,"1989",9,7,NA,NA,"L. Valle","",NA,NA,NA,1,NA,NA,NA,"Oviedo Museum","Brezal",NA,"87_NOCOMPLEXHymenopteros_OVIEDO_20231024589"
"Bombus",NA,"cullumanus",NA,"España","Asturias","S. Antolín de Ibias",NA,NA,NA,"1989",7,8,NA,NA,"L. Valle","",NA,NA,NA,1,NA,NA,NA,"Oviedo Museum","Zarza",NA,"87_NOCOMPLEXHymenopteros_OVIEDO_20231024590"
"Bombus",NA,"pratorum",NA,"España","Asturias","S. Antolín de Ibias",NA,NA,NA,"1989",9,7,NA,NA,"Luis Valle","",NA,NA,NA,1,NA,NA,NA,"Oviedo Museum","Zarza",NA,"87_NOCOMPLEXHymenopteros_OVIEDO_20231024591"
"Bombus",NA,"cullumanus",NA,"España","Asturias","S. Antolín de Ibias",NA,NA,NA,"1989",9,7,NA,NA,"L. Valle","",NA,NA,NA,1,NA,NA,NA,"Oviedo Museum","Brezal",NA,"87_NOCOMPLEXHymenopteros_OVIEDO_20231024592"
"Bombus",NA,"cullumanus",NA,"España","Asturias","S. Antolín de Ibias",NA,NA,NA,"1989",7,8,NA,NA,"L. Valle","",NA,NA,NA,1,NA,NA,NA,"Oviedo Museum","Zarza",NA,"87_NOCOMPLEXHymenopteros_OVIEDO_20231024593"
"Bombus",NA,"cullumanus",NA,"España","Asturias","S. Antolín de Ibias",NA,NA,NA,"1989",9,7,NA,NA,"L. Valle","",NA,NA,NA,1,NA,NA,NA,"Oviedo Museum","Brezal",NA,"87_NOCOMPLEXHymenopteros_OVIEDO_20231024594"
"Bombus",NA,"cullumanus",NA,"España","Asturias","S. Antolín de Ibias",NA,NA,NA,"1989",7,8,NA,NA,"L. Valle","",NA,NA,NA,1,NA,NA,NA,"Oviedo Museum","Zarza",NA,"87_NOCOMPLEXHymenopteros_OVIEDO_20231024595"
"Bombus",NA,"cullumanus",NA,"España","Asturias","S. Antolín de Ibias",NA,NA,NA,"1989",7,8,NA,NA,"L. Valle","",NA,NA,NA,1,NA,NA,NA,"Oviedo Museum","Zarza",NA,"87_NOCOMPLEXHymenopteros_OVIEDO_20231024596"
"Bombus",NA,"sp.",NA,"España","Asturias","La Isla",NA,NA,NA,"1979",4,30,NA,NA,"C. Fdez Cedrón","",NA,NA,NA,1,NA,NA,NA,"Oviedo Museum","Sobre flor",NA,"87_NOCOMPLEXHymenopteros_OVIEDO_20231024597"
"Bombus",NA,"cullumanus",NA,"España","Asturias","S. Antolín de Ibias",NA,NA,NA,"1989",7,8,NA,NA,"L. Valle","",NA,NA,NA,1,NA,NA,NA,"Oviedo Museum","Zarza",NA,"87_NOCOMPLEXHymenopteros_OVIEDO_20231024598"
"Bombus",NA,"cullumanus",NA,"España","Asturias","S. Antolín de Ibias",NA,NA,NA,"1989",9,7,NA,NA,"L. Valle","",NA,NA,NA,1,NA,NA,NA,"Oviedo Museum","Brezal",NA,"87_NOCOMPLEXHymenopteros_OVIEDO_20231024599"
"Bombus",NA,"cullumanus",NA,"España","Asturias","S. Antolín de Ibias",NA,NA,NA,"1989",9,7,NA,NA,"L. Valle","",NA,NA,NA,1,NA,NA,NA,"Oviedo Museum","Brezal",NA,"87_NOCOMPLEXHymenopteros_OVIEDO_20231024600"
"Bombus",NA,"cullumanus",NA,"España","Asturias","S. Antolín de Ibias",NA,NA,NA,"1989",9,7,NA,NA,"L. Valle","",NA,NA,NA,1,NA,NA,NA,"Oviedo Museum","Brezal",NA,"87_NOCOMPLEXHymenopteros_OVIEDO_20231024601"
"Bombus",NA,"cullumanus",NA,"España","Asturias","S. Antolín de Ibias",NA,NA,NA,"1989",9,7,NA,NA,"L. Valle","",NA,NA,NA,1,NA,NA,NA,"Oviedo Museum","Brezal",NA,"87_NOCOMPLEXHymenopteros_OVIEDO_20231024602"
"Bombus",NA,"cullumanus",NA,"España","Asturias","S. Antolín de Ibias",NA,NA,NA,"1989",9,7,NA,NA,"L. Valle","",NA,NA,NA,1,NA,NA,NA,"Oviedo Museum","Brezal",NA,"87_NOCOMPLEXHymenopteros_OVIEDO_20231024603"
"Bombus",NA,"cullumanus",NA,"España","Asturias","S. Antolín de Ibias",NA,NA,NA,"1989",9,7,NA,NA,"L. Valle","",NA,NA,NA,1,NA,NA,NA,"Oviedo Museum","Brezal",NA,"87_NOCOMPLEXHymenopteros_OVIEDO_20231024604"
"Bombus",NA,"cullumanus",NA,"España","Asturias","S. Antolín de Ibias",NA,NA,NA,"1989",9,7,NA,NA,"L. Valle","",NA,NA,NA,1,NA,NA,NA,"Oviedo Museum","Brezal",NA,"87_NOCOMPLEXHymenopteros_OVIEDO_20231024605"
"Bombus",NA,"cullumanus",NA,"España","Asturias","S. Antolín de Ibias",NA,NA,NA,"1989",9,7,NA,NA,"L. Valle","",NA,NA,NA,1,NA,NA,NA,"Oviedo Museum","Brezal",NA,"87_NOCOMPLEXHymenopteros_OVIEDO_20231024606"
"Bombus",NA,"cullumanus",NA,"España","Asturias","S. Antolín de Ibias",NA,NA,NA,"1989",9,7,NA,NA,"L. Valle","",NA,NA,NA,1,NA,NA,NA,"Oviedo Museum","Brezal",NA,"87_NOCOMPLEXHymenopteros_OVIEDO_20231024607"
"Bombus",NA,"cullumanus",NA,"España","Asturias","S. Antolín de Ibias",NA,NA,NA,"1989",9,7,NA,NA,"L. Valle","",NA,NA,NA,1,NA,NA,NA,"Oviedo Museum","Brezal",NA,"87_NOCOMPLEXHymenopteros_OVIEDO_20231024608"
"Bombus",NA,"cullumanus",NA,"España","Asturias","S. Antolín de Ibias",NA,NA,NA,"1989",9,7,NA,NA,"L. Valle","",NA,NA,NA,1,NA,NA,NA,"Oviedo Museum","Brezal",NA,"87_NOCOMPLEXHymenopteros_OVIEDO_20231024609"
"Bombus",NA,"cullumanus",NA,"España","Asturias","S. Antolín de Ibias",NA,NA,NA,"1989",9,7,NA,NA,"L. Valle","",NA,NA,NA,1,NA,NA,NA,"Oviedo Museum","Brezal",NA,"87_NOCOMPLEXHymenopteros_OVIEDO_20231024610"
"Bombus",NA,"pratorum",NA,"España","Asturias","El Carbayu",NA,NA,NA,"1984",6,18,NA,NA,"Ladil del Río","",NA,NA,NA,1,NA,NA,NA,"Oviedo Museum","Sobre flor",NA,"87_NOCOMPLEXHymenopteros_OVIEDO_20231024611"
"Bombus",NA,"pratorum",NA,"España","León","Anllares (El Bierzo)",NA,NA,NA,"1983",7,23,NA,NA,"Carlos Mtnez","Charo M. Farpon",NA,NA,NA,1,NA,NA,NA,"Oviedo Museum",NA,NA,"87_NOCOMPLEXHymenopteros_OVIEDO_20231024612"
"Bombus",NA,"pratorum",NA,"España","Asturias","El Carbayu",NA,NA,NA,"1984",6,18,NA,NA,"Ladil del Río","",NA,NA,NA,1,NA,NA,NA,"Oviedo Museum","Sobre flor","Tiene moho","87_NOCOMPLEXHymenopteros_OVIEDO_20231024613"
"Bombus",NA,"sylvarum",NA,"España","Asturias","La Providencia",NA,NA,NA,"1990",8,5,NA,NA,"Celestino Glez","Celestino Glez",NA,NA,NA,1,NA,NA,NA,"Oviedo Museum",NA,NA,"87_NOCOMPLEXHymenopteros_OVIEDO_20231024614"
"Bombus",NA,"pratorum",NA,"España","Asturias","Luarca",NA,NA,NA,"1987",4,18,NA,NA,"J. M. Santaeufemia","J. M. Santaeufemia",NA,NA,NA,1,NA,NA,NA,"Oviedo Museum","Prado",NA,"87_NOCOMPLEXHymenopteros_OVIEDO_20231024615"
"Bombus",NA,"pratorum",NA,"España","Asturias","Agones",NA,NA,NA,NA,NA,NA,NA,NA,"J. J. Ferreira","",NA,NA,NA,1,NA,NA,NA,"Oviedo Museum","Flor de día",NA,"87_NOCOMPLEXHymenopteros_OVIEDO_20231024616"
"Bombus",NA,"pratorum",NA,"España","Asturias","Ceares (Gijón)",NA,NA,NA,"1991",4,21,NA,NA,"Ana Murguizu","Ana Murguizu",NA,NA,NA,1,NA,NA,NA,"Oviedo Museum",NA,NA,"87_NOCOMPLEXHymenopteros_OVIEDO_20231024617"
"Bombus",NA,"pratorum",NA,"España","Asturias","San Lázaro",NA,NA,NA,"1991",5,10,NA,NA,"Sandra Ortiz","Sandra Ortiz",NA,NA,NA,1,NA,NA,NA,"Oviedo Museum",NA,"Tiene insectos plaga","87_NOCOMPLEXHymenopteros_OVIEDO_20231024618"
"Bombus",NA,"pratorum",NA,"España","Asturias","Soto de Luiña",NA,NA,NA,"1987",5,9,NA,NA,"N. Egocheaga","N. Egocheaga",NA,NA,NA,1,NA,NA,NA,"Oviedo Museum","En un jardín",NA,"87_NOCOMPLEXHymenopteros_OVIEDO_20231024619"
"Bombus",NA,"pratorum",NA,"España","Asturias","Ambas",NA,NA,NA,"1989",4,22,NA,NA,"I. Irizar","I. Irizar",NA,NA,NA,1,NA,NA,NA,"Oviedo Museum",NA,NA,"87_NOCOMPLEXHymenopteros_OVIEDO_20231024620"
"Bombus",NA,"pratorum",NA,"España","Asturias","Oviedo",NA,NA,NA,"1979",4,23,NA,NA,"J. M. Cabal","Anadón-Quero",NA,NA,NA,1,NA,NA,NA,"Oviedo Museum",NA,NA,"87_NOCOMPLEXHymenopteros_OVIEDO_20231024621"
"Bombus",NA,"pratorum",NA,"España","Cantabria","Vargas",NA,NA,NA,"1979",8,9,NA,NA,"Orencio H. Palacios","Orencio H. Palacios",NA,NA,NA,1,NA,NA,NA,"Oviedo Museum",NA,NA,"87_NOCOMPLEXHymenopteros_OVIEDO_20231024622"
"Bombus",NA,"pratorum",NA,"España","Asturias","Xove",NA,NA,NA,"1985",8,12,NA,NA,"C. Pérez Antolín","C. Pérez Antolín",NA,NA,NA,1,NA,NA,NA,"Oviedo Museum",NA,NA,"87_NOCOMPLEXHymenopteros_OVIEDO_20231024623"
"Bombus",NA,"pratorum",NA,"España","Asturias","Cenera",NA,NA,NA,"1987",5,24,NA,NA,"Isabel Pardo","Isabel Pardo",NA,NA,NA,1,NA,NA,NA,"Oviedo Museum",NA,NA,"87_NOCOMPLEXHymenopteros_OVIEDO_20231024624"
"Bombus",NA,"pratorum",NA,"España","Asturias","Pola de Lena (Valle El Peral)",NA,NA,NA,"1990",8,6,NA,NA,"Susana Acevedo","Susana L.-Acevedo",NA,NA,NA,1,NA,NA,NA,"Oviedo Museum","Sobre zarzas",NA,"87_NOCOMPLEXHymenopteros_OVIEDO_20231024625"
"Bombus",NA,"pratorum",NA,"España",NA,"Villaviciosa",NA,NA,NA,"1986",10,12,NA,NA,"Alejandro Fdez","E. Cueto Jiménez",NA,NA,NA,1,NA,NA,NA,"Oviedo Museum",NA,NA,"87_NOCOMPLEXHymenopteros_OVIEDO_20231024626"
"Bombus",NA,"pratorum",NA,"España","Asturias","Puente de San Martín",NA,NA,NA,"1987",5,9,NA,NA,"J. A. San Emeterio","J. A. San Emeterio",NA,NA,NA,1,NA,NA,NA,"Oviedo Museum","Prado cerca del río",NA,"87_NOCOMPLEXHymenopteros_OVIEDO_20231024627"
"Bombus",NA,"pratorum",NA,"España","León","Armunia",NA,NA,NA,"1980",8,11,NA,NA,"A. Riera","A. Riera",NA,NA,NA,1,NA,NA,NA,"Oviedo Museum",NA,NA,"87_NOCOMPLEXHymenopteros_OVIEDO_20231024628"
"Bombus",NA,"pratorum",NA,"España","Asturias","Huerces",NA,NA,NA,"1986",5,4,NA,NA,"A. Bouso Yañez","",NA,NA,NA,1,NA,NA,NA,"Oviedo Museum","Campo",NA,"87_NOCOMPLEXHymenopteros_OVIEDO_20231024629"
"Bombus",NA,"pratorum",NA,"España","Asturias","Pola de Siero",NA,NA,NA,"1979",3,15,NA,NA,"Tere Cañal","",NA,NA,NA,1,NA,NA,NA,"Oviedo Museum",NA,NA,"87_NOCOMPLEXHymenopteros_OVIEDO_20231024630"
"Bombus",NA,"pratorum",NA,"España","Asturias","Oviedo",NA,NA,NA,"1983",4,20,NA,NA,"Victoria G. M.","Victoria G. M.",NA,NA,NA,1,NA,NA,NA,"Oviedo Museum",NA,NA,"87_NOCOMPLEXHymenopteros_OVIEDO_20231024631"
"Bombus",NA,"pratorum",NA,"España","Asturias","Grado",NA,NA,NA,NA,NA,NA,NA,NA,"D. de Velasco","",NA,NA,NA,1,NA,NA,NA,"Oviedo Museum",NA,NA,"87_NOCOMPLEXHymenopteros_OVIEDO_20231024632"
"Bombus",NA,"sp.",NA,"España",NA,"La Miranda",NA,NA,NA,"1978",5,28,NA,NA,"P. Domínguez","",NA,NA,NA,1,NA,NA,NA,"Oviedo Museum","En madera",NA,"87_NOCOMPLEXHymenopteros_OVIEDO_20231024633"
"Bombus",NA,"argillaceus",NA,"España","Asturias","Lineres",NA,NA,NA,"1980",4,8,NA,NA,"Esther Fdez Menéndez","Esther Fdez Menéndez",NA,NA,NA,1,NA,NA,NA,"Oviedo Museum",NA,NA,"87_NOCOMPLEXHymenopteros_OVIEDO_20231024634"
"Bombus",NA,"sp.",NA,"España",NA,"Las Caldas",NA,NA,NA,"1983",4,28,NA,NA,"Mª José González","Mª José González",NA,NA,NA,1,NA,NA,NA,"Oviedo Museum",NA,NA,"87_NOCOMPLEXHymenopteros_OVIEDO_20231024635"
"Bombus",NA,"pratorum",NA,"España","Asturias","La Carrera (Pola de Siero)",NA,NA,NA,NA,NA,NA,NA,NA,"Amanda Miranda","",NA,NA,NA,1,NA,NA,NA,"Oviedo Museum","Prado",NA,"87_NOCOMPLEXHymenopteros_OVIEDO_20231024636"
"Bombus",NA,"pratorum",NA,"España","Asturias","Barayo (Luarca)",NA,NA,NA,"1979",4,13,NA,NA,"J. V. M. S.","J. V. M. S.",NA,NA,NA,1,NA,NA,NA,"Oviedo Museum",NA,NA,"87_NOCOMPLEXHymenopteros_OVIEDO_20231024637"
"Bombus",NA,"pratorum",NA,"España","Asturias","Roces",NA,NA,NA,NA,NA,NA,NA,NA,"J. Ángel Diego","",NA,NA,NA,1,NA,NA,NA,"Oviedo Museum",NA,NA,"87_NOCOMPLEXHymenopteros_OVIEDO_20231024638"
"Bombus",NA,"pratorum",NA,"España","Asturias","La Providencia",NA,NA,NA,"1978",5,15,NA,NA,"Eva G. M.","",NA,NA,NA,1,NA,NA,NA,"Oviedo Museum","Prado",NA,"87_NOCOMPLEXHymenopteros_OVIEDO_20231024639"
"Bombus",NA,"pratorum",NA,"España","Asturias","Navia",NA,NA,NA,"1975",3,24,NA,NA,"C. L. López","",NA,NA,NA,1,NA,NA,NA,"Oviedo Museum",NA,NA,"87_NOCOMPLEXHymenopteros_OVIEDO_20231024640"
"Bombus",NA,"lucorum",NA,"España","Asturias","El Cristo (Oviedo)",NA,NA,NA,"1981",5,22,NA,NA,"M. J. Arias","M. J. Arias",NA,NA,NA,1,NA,NA,NA,"Oviedo Museum",NA,NA,"87_NOCOMPLEXHymenopteros_OVIEDO_20231024641"
"Bombus",NA,"sp.",NA,"España","Asturias","Moreda",NA,NA,NA,"1975",5,17,NA,NA,"J. Morán D.","",NA,NA,NA,1,NA,NA,NA,"Oviedo Museum",NA,NA,"87_NOCOMPLEXHymenopteros_OVIEDO_20231024642"
"Bombus",NA,"sp.",NA,"España","Asturias","Blimea",NA,NA,NA,"1991",6,23,NA,NA,"Luis Rguez","Luis Rguez",NA,NA,NA,1,NA,NA,NA,"Oviedo Museum",NA,NA,"87_NOCOMPLEXHymenopteros_OVIEDO_20231024643"
"Bombus",NA,"lucorum",NA,"España","Asturias","S. Lazaro",NA,NA,NA,"1979",3,3,NA,NA,"Raquel P. G.","",NA,NA,NA,1,NA,NA,NA,"Oviedo Museum","Matorral","Tiene moho","87_NOCOMPLEXHymenopteros_OVIEDO_20231024644"
"Bombus",NA,"hortorum",NA,"España","Asturias","Trubia",NA,NA,NA,"1980",5,29,NA,NA,"Rosario Fdez","",NA,NA,NA,1,NA,NA,NA,"Oviedo Museum","Prado",NA,"87_NOCOMPLEXHymenopteros_OVIEDO_20231024645"
"Bombus",NA,"hortorum",NA,"España","Asturias","Tameza",NA,NA,NA,"1979",5,25,NA,NA,"M. P. Miyares","M. P. Miyares",NA,NA,NA,1,NA,NA,NA,"Oviedo Museum","Sobre planta",NA,"87_NOCOMPLEXHymenopteros_OVIEDO_20231024646"
"Bombus",NA,"hortorum",NA,"España","Asturias","Oviedo",NA,NA,NA,"1978",5,4,NA,NA,"Elena Fdez Parra","",NA,NA,NA,1,NA,NA,NA,"Oviedo Museum","Campo",NA,"87_NOCOMPLEXHymenopteros_OVIEDO_20231024647"
"Bombus",NA,"hortorum",NA,"España","Asturias","Xagó",NA,NA,NA,"1976",5,2,NA,NA,"Castro Fdez O.","",NA,NA,NA,1,NA,NA,NA,"Oviedo Museum",NA,"Tiene moho","87_NOCOMPLEXHymenopteros_OVIEDO_20231024648"
"Bombus",NA,"pratorum",NA,"España","Asturias","Luarca",NA,NA,NA,"1989",10,24,NA,NA,"Clara Fdez Ochoa","Clara Fdez Ochoa",NA,NA,NA,1,NA,NA,NA,"Oviedo Museum",NA,NA,"87_NOCOMPLEXHymenopteros_OVIEDO_20231024649"
"Bombus",NA,"cullumanus",NA,"España","Asturias","La Mostayal",NA,NA,NA,"1980",8,9,NA,NA,"A. Bode","A. Bode",1,NA,NA,0,NA,NA,NA,"Oviedo Museum","Falda de La Mostayal","Tiene moho","87_NOCOMPLEXHymenopteros_OVIEDO_20231024650"
"Bombus",NA,"pratorum",NA,"España","Asturias","Tiñana",NA,NA,NA,"1994",5,14,NA,NA,"E. Rosal Fraga","E. Rosal Fraga",NA,NA,NA,1,NA,NA,NA,"Oviedo Museum",NA,NA,"87_NOCOMPLEXHymenopteros_OVIEDO_20231024651"
"Bombus",NA,"pratorum",NA,"España","Asturias","Barrio El Monte (Pervera)",NA,NA,NA,NA,NA,NA,NA,NA,"David Martínez Fdez","David Martínez Fdez",NA,NA,NA,1,NA,NA,NA,"Oviedo Museum",NA,NA,"87_NOCOMPLEXHymenopteros_OVIEDO_20231024652"
"Bombus",NA,"pratorum",NA,"España","Asturias","S. Antolín de Ibias",NA,NA,NA,"1989",7,8,NA,NA,"L. Valle","",NA,NA,NA,1,NA,NA,NA,"Oviedo Museum","Zarza",NA,"87_NOCOMPLEXHymenopteros_OVIEDO_20231024653"
"Bombus",NA,"pratorum",NA,"España","Asturias","La Central (El Entrego)",NA,NA,NA,"1986",5,10,NA,NA,"Roberto Fdez Argüelles","Esther Orviz",NA,NA,NA,1,NA,NA,NA,"Oviedo Museum",NA,NA,"87_NOCOMPLEXHymenopteros_OVIEDO_20231024654"
"Bombus",NA,"pascuorum",NA,"España","Asturias","Ceares (Gijón)",NA,NA,NA,"1989",10,10,NA,NA,NA,"",NA,NA,NA,1,NA,NA,NA,"Oviedo Museum",NA,NA,"87_NOCOMPLEXHymenopteros_OVIEDO_20231024655"
"Bombus",NA,"muscorum",NA,"España","Asturias","Ceares (Gijón)",NA,NA,NA,"1989",10,11,NA,NA,NA,"",NA,NA,NA,1,NA,NA,NA,"Oviedo Museum",NA,NA,"87_NOCOMPLEXHymenopteros_OVIEDO_20231024656"
"Bombus",NA,"pascuorum/muscorum",NA,"España","Asturias","S. Antolín de Ibias",NA,NA,NA,"1989",7,10,NA,NA,"L. Valle","",NA,NA,NA,1,NA,NA,NA,"Oviedo Museum","Río",NA,"87_NOCOMPLEXHymenopteros_OVIEDO_20231024657"
"Bombus",NA,"muscorum",NA,"España","Asturias","Pruvia",NA,NA,NA,"1989",10,11,NA,NA,"L. Valle","",NA,NA,NA,1,NA,NA,NA,"Oviedo Museum",NA,NA,"87_NOCOMPLEXHymenopteros_OVIEDO_20231024658"
"Bombus",NA,"pascuorum/muscorum",NA,"España","Asturias","Pruvia",NA,NA,NA,"1989",10,11,NA,NA,"L. Valle","",NA,NA,NA,1,NA,NA,NA,"Oviedo Museum",NA,NA,"87_NOCOMPLEXHymenopteros_OVIEDO_20231024659"
"Bombus",NA,"muscorum",NA,"España","Asturias","Pruvia",NA,NA,NA,"1989",10,11,NA,NA,"L. Valle","",NA,NA,NA,1,NA,NA,NA,"Oviedo Museum",NA,NA,"87_NOCOMPLEXHymenopteros_OVIEDO_20231024660"
"Bombus",NA,"muscorum",NA,"España","Asturias","Pruvia",NA,NA,NA,"1989",10,12,NA,NA,"L. Valle","",NA,NA,NA,1,NA,NA,NA,"Oviedo Museum",NA,NA,"87_NOCOMPLEXHymenopteros_OVIEDO_20231024661"
"Bombus",NA,"pascuorum/muscorum",NA,"España","Asturias","Pruvia",NA,NA,NA,"1989",9,29,NA,NA,"L. Valle","",NA,NA,NA,1,NA,NA,NA,"Oviedo Museum","Brezal",NA,"87_NOCOMPLEXHymenopteros_OVIEDO_20231024662"
"Bombus",NA,"pascuorum",NA,"España","Asturias","Pruvia",NA,NA,NA,"1989",9,29,NA,NA,"L. Valle","",NA,NA,NA,1,NA,NA,NA,"Oviedo Museum","Brezal",NA,"87_NOCOMPLEXHymenopteros_OVIEDO_20231024663"
NA,NA,NA,NA,"España","Asturias","Pruvia",NA,NA,NA,"1989",9,30,NA,NA,"L. Valle","",NA,NA,NA,1,NA,NA,NA,"Oviedo Museum","Brezal",NA,"87_NOCOMPLEXHymenopteros_OVIEDO_20231024664"
"Bombus",NA,"pascuorum/muscorum",NA,"España","Asturias","Pruvia",NA,NA,NA,"1989",9,29,NA,NA,"L. Valle","",NA,NA,NA,1,NA,NA,NA,"Oviedo Museum","Brezal",NA,"87_NOCOMPLEXHymenopteros_OVIEDO_20231024665"
"Bombus",NA,"muscorum",NA,"España","Asturias","Pruvia",NA,NA,NA,"1989",9,29,NA,NA,"L. Valle","",NA,NA,NA,1,NA,NA,NA,"Oviedo Museum","Brezal",NA,"87_NOCOMPLEXHymenopteros_OVIEDO_20231024666"
NA,NA,NA,NA,"España","Asturias","Pruvia",NA,NA,NA,"1989",9,29,NA,NA,"L. Valle","",NA,NA,NA,1,NA,NA,NA,"Oviedo Museum","Brezal",NA,"87_NOCOMPLEXHymenopteros_OVIEDO_20231024667"
NA,NA,NA,NA,"España","Asturias","Pruvia",NA,NA,NA,"1989",9,29,NA,NA,"L. Valle","",NA,NA,NA,1,NA,NA,NA,"Oviedo Museum","Brezal",NA,"87_NOCOMPLEXHymenopteros_OVIEDO_20231024668"
"Bombus",NA,"pascuorum",NA,"España","Asturias","Pruvia",NA,NA,NA,"1989",9,29,NA,NA,"L. Valle","",NA,NA,NA,1,NA,NA,NA,"Oviedo Museum","Brezal",NA,"87_NOCOMPLEXHymenopteros_OVIEDO_20231024669"
"Bombus",NA,"pascuorum",NA,"España","Asturias","Pruvia",NA,NA,NA,"1989",9,29,NA,NA,"L. Valle","",NA,NA,NA,1,NA,NA,NA,"Oviedo Museum","Brezal",NA,"87_NOCOMPLEXHymenopteros_OVIEDO_20231024670"
"Bombus",NA,"muscorum",NA,"España","Asturias","Pruvia",NA,NA,NA,"1989",9,29,NA,NA,"L. Valle","",NA,NA,NA,1,NA,NA,NA,"Oviedo Museum","Brezal",NA,"87_NOCOMPLEXHymenopteros_OVIEDO_20231024671"
"Bombus",NA,"pascuorum/muscorum",NA,"España","Asturias","Pruvia",NA,NA,NA,"1989",9,29,NA,NA,"L. Valle","",NA,NA,NA,1,NA,NA,NA,"Oviedo Museum","Brezal",NA,"87_NOCOMPLEXHymenopteros_OVIEDO_20231024672"
"Bombus",NA,"pascuorum/muscorum",NA,"España","Asturias","Pruvia",NA,NA,NA,"1989",9,29,NA,NA,"L. Valle","",NA,NA,NA,1,NA,NA,NA,"Oviedo Museum","Brezal",NA,"87_NOCOMPLEXHymenopteros_OVIEDO_20231024673"
"Bombus",NA,"pascuorum/muscorum",NA,"España","Asturias","Pruvia",NA,NA,NA,"1989",9,29,NA,NA,"L. Valle","",NA,NA,NA,1,NA,NA,NA,"Oviedo Museum","Brezal",NA,"87_NOCOMPLEXHymenopteros_OVIEDO_20231024674"
"Bombus",NA,"pascuorum/muscorum",NA,"España","Asturias","Pruvia",NA,NA,NA,"1989",9,29,NA,NA,"L. Valle","",NA,NA,NA,1,NA,NA,NA,"Oviedo Museum","Brezal",NA,"87_NOCOMPLEXHymenopteros_OVIEDO_20231024675"
"Bombus",NA,"pascuorum/muscorum",NA,"España","Asturias","Pruvia",NA,NA,NA,"1989",9,29,NA,NA,"L. Valle","",NA,NA,NA,1,NA,NA,NA,"Oviedo Museum","Brezal",NA,"87_NOCOMPLEXHymenopteros_OVIEDO_20231024676"
"Bombus",NA,"pascuorum/muscorum",NA,"España","Asturias","Pruvia",NA,NA,NA,"1989",9,29,NA,NA,"L. Valle","",NA,NA,NA,1,NA,NA,NA,"Oviedo Museum","Brezal",NA,"87_NOCOMPLEXHymenopteros_OVIEDO_20231024677"
"Bombus",NA,"pascuorum",NA,"España","Asturias","Pruvia",NA,NA,NA,"1989",9,29,NA,NA,"L. Valle","",NA,NA,NA,1,NA,NA,NA,"Oviedo Museum","Brezal",NA,"87_NOCOMPLEXHymenopteros_OVIEDO_20231024678"
"Bombus",NA,"pascuorum",NA,"España","Asturias","Pruvia",NA,NA,NA,"1989",9,29,NA,NA,"L. Valle","",NA,NA,NA,1,NA,NA,NA,"Oviedo Museum","Brezal",NA,"87_NOCOMPLEXHymenopteros_OVIEDO_20231024679"
"Bombus",NA,"pascuorum/muscorum",NA,"España","Asturias","Pruvia",NA,NA,NA,"1989",9,29,NA,NA,"L. Valle","",NA,NA,NA,1,NA,NA,NA,"Oviedo Museum","Brezal",NA,"87_NOCOMPLEXHymenopteros_OVIEDO_20231024680"
"Bombus",NA,"pascuorum",NA,"España","Asturias","Pruvia",NA,NA,NA,"1989",9,29,NA,NA,"L. Valle","",NA,NA,NA,1,NA,NA,NA,"Oviedo Museum","Brezal",NA,"87_NOCOMPLEXHymenopteros_OVIEDO_20231024681"
"Bombus",NA,"pascuorum",NA,"España","Asturias","Pruvia",NA,NA,NA,"1989",9,29,NA,NA,"L. Valle","",NA,NA,NA,1,NA,NA,NA,"Oviedo Museum","Brezal",NA,"87_NOCOMPLEXHymenopteros_OVIEDO_20231024682"
"Bombus",NA,"sp.",NA,"España","Asturias","Pruvia",NA,NA,NA,"1989",9,29,NA,NA,"L. Valle","",NA,NA,NA,1,NA,NA,NA,"Oviedo Museum","Brezal",NA,"87_NOCOMPLEXHymenopteros_OVIEDO_20231024683"
"Bombus",NA,"pascuorum",NA,"España","Asturias","Pruvia",NA,NA,NA,"1989",9,29,NA,NA,"L. Valle","",NA,NA,NA,1,NA,NA,NA,"Oviedo Museum","Brezal",NA,"87_NOCOMPLEXHymenopteros_OVIEDO_20231024684"
"Bombus",NA,"pascuorum",NA,"España","Asturias","Pruvia",NA,NA,NA,"1989",9,29,NA,NA,"L. Valle","",NA,NA,NA,1,NA,NA,NA,"Oviedo Museum","Brezal",NA,"87_NOCOMPLEXHymenopteros_OVIEDO_20231024685"
"Bombus",NA,"pascuorum",NA,"España","Asturias","Pruvia",NA,NA,NA,"1989",9,29,NA,NA,"L. Valle","",NA,NA,NA,1,NA,NA,NA,"Oviedo Museum","Brezal",NA,"87_NOCOMPLEXHymenopteros_OVIEDO_20231024686"
"Bombus",NA,"pascuorum",NA,"España","Asturias","Pruvia",NA,NA,NA,"1989",9,29,NA,NA,"L. Valle","",NA,NA,NA,1,NA,NA,NA,"Oviedo Museum","Brezal",NA,"87_NOCOMPLEXHymenopteros_OVIEDO_20231024687"
"Bombus",NA,"pascuorum/muscorum",NA,"España","Asturias","Pruvia",NA,NA,NA,"1989",9,29,NA,NA,"L. Valle","",NA,NA,NA,1,NA,NA,NA,"Oviedo Museum","Brezal",NA,"87_NOCOMPLEXHymenopteros_OVIEDO_20231024688"
"Bombus",NA,"pascuorum",NA,"España","Asturias","Pruvia",NA,NA,NA,"1989",9,29,NA,NA,"L. Valle","",NA,NA,NA,1,NA,NA,NA,"Oviedo Museum","Brezal",NA,"87_NOCOMPLEXHymenopteros_OVIEDO_20231024689"
"Bombus",NA,"pascuorum/muscorum",NA,"España","Asturias","Pruvia",NA,NA,NA,"1989",9,29,NA,NA,"L. Valle","",NA,NA,NA,1,NA,NA,NA,"Oviedo Museum","Brezal",NA,"87_NOCOMPLEXHymenopteros_OVIEDO_20231024690"
"Bombus",NA,"pascuorum/muscorum",NA,"España","Asturias","Pruvia",NA,NA,NA,"1989",9,29,NA,NA,"L. Valle","",NA,NA,NA,1,NA,NA,NA,"Oviedo Museum","Brezal",NA,"87_NOCOMPLEXHymenopteros_OVIEDO_20231024691"
"Bombus",NA,"pascuorum",NA,"España","Asturias","Pruvia",NA,NA,NA,"1989",9,29,NA,NA,"L. Valle","",NA,NA,NA,1,NA,NA,NA,"Oviedo Museum","Brezal",NA,"87_NOCOMPLEXHymenopteros_OVIEDO_20231024692"
"Bombus",NA,"pascuorum/muscorum",NA,"España","Asturias","Pruvia",NA,NA,NA,"1989",9,29,NA,NA,"L. Valle","",NA,NA,NA,1,NA,NA,NA,"Oviedo Museum","Brezal",NA,"87_NOCOMPLEXHymenopteros_OVIEDO_20231024693"
"Bombus",NA,"muscorum",NA,"España","Asturias","Pruvia",NA,NA,NA,"1989",9,29,NA,NA,"L. Valle","",NA,NA,NA,1,NA,NA,NA,"Oviedo Museum","Brezal",NA,"87_NOCOMPLEXHymenopteros_OVIEDO_20231024694"
"Bombus",NA,"pascuorum",NA,"España","Asturias","Pruvia",NA,NA,NA,"1989",9,29,NA,NA,"L. Valle","",NA,NA,NA,1,NA,NA,NA,"Oviedo Museum","Brezal",NA,"87_NOCOMPLEXHymenopteros_OVIEDO_20231024695"
"Bombus",NA,"pascuorum/muscorum",NA,"España","Asturias","Pruvia",NA,NA,NA,"1989",9,29,NA,NA,"L. Valle","",NA,NA,NA,1,NA,NA,NA,"Oviedo Museum","Brezal",NA,"87_NOCOMPLEXHymenopteros_OVIEDO_20231024696"
"Bombus",NA,"muscorum",NA,"España","Asturias","Pruvia",NA,NA,NA,"1989",9,29,NA,NA,"L. Valle","",NA,NA,NA,1,NA,NA,NA,"Oviedo Museum","Brezal",NA,"87_NOCOMPLEXHymenopteros_OVIEDO_20231024697"
"Bombus",NA,"pascuorum",NA,"España","Asturias","Pruvia",NA,NA,NA,"1989",9,29,NA,NA,"L. Valle","",NA,NA,NA,1,NA,NA,NA,"Oviedo Museum","Brezal",NA,"87_NOCOMPLEXHymenopteros_OVIEDO_20231024698"
"Bombus",NA,"pascuorum/muscorum",NA,"España","Asturias","Pruvia",NA,NA,NA,"1989",9,29,NA,NA,"L. Valle","",NA,NA,NA,1,NA,NA,NA,"Oviedo Museum","Brezal",NA,"87_NOCOMPLEXHymenopteros_OVIEDO_20231024699"
"Bombus",NA,"pascuorum/muscorum",NA,"España","Asturias","Pruvia",NA,NA,NA,"1989",9,29,NA,NA,"L. Valle","",NA,NA,NA,1,NA,NA,NA,"Oviedo Museum","Brezal",NA,"87_NOCOMPLEXHymenopteros_OVIEDO_20231024700"
"Bombus",NA,"muscorum",NA,"España","Asturias","Pruvia",NA,NA,NA,"1989",9,29,NA,NA,"L. Valle","",NA,NA,NA,1,NA,NA,NA,"Oviedo Museum","Brezal",NA,"87_NOCOMPLEXHymenopteros_OVIEDO_20231024701"
"Bombus",NA,"muscorum",NA,"España","Asturias","Pruvia",NA,NA,NA,"1989",9,29,NA,NA,"L. Valle","",NA,NA,NA,1,NA,NA,NA,"Oviedo Museum","Brezal",NA,"87_NOCOMPLEXHymenopteros_OVIEDO_20231024702"
"Bombus",NA,"pascuorum",NA,"España","Asturias","Pruvia",NA,NA,NA,"1989",9,29,NA,NA,"L. Valle","",NA,NA,NA,1,NA,NA,NA,"Oviedo Museum","Brezal",NA,"87_NOCOMPLEXHymenopteros_OVIEDO_20231024703"
"Bombus",NA,"pascuorum/muscorum",NA,"España","León","La Candamia (León)",NA,NA,NA,"1983",8,29,NA,NA,"Mª A. Pardo Álvarez","Mª A. Pardo Álvarez",NA,NA,NA,1,NA,NA,NA,"Oviedo Museum",NA,NA,"87_NOCOMPLEXHymenopteros_OVIEDO_20231024704"
"Bombus",NA,"pascuorum/muscorum",NA,"España","Asturias","El Cristo (Oviedo)",NA,NA,NA,"1987",5,7,NA,NA,"Nerea Urizar","Nerea Urizar",NA,NA,NA,1,NA,NA,NA,"Oviedo Museum","En prado",NA,"87_NOCOMPLEXHymenopteros_OVIEDO_20231024705"
"Bombus",NA,"pascuorum/muscorum",NA,"España","Asturias","Pola de Siero",NA,NA,NA,"1986",5,12,NA,NA,"A. Palacios González","A. Palacios González",NA,NA,NA,1,NA,NA,NA,"Oviedo Museum",NA,NA,"87_NOCOMPLEXHymenopteros_OVIEDO_20231024706"
"Bombus",NA,"muscorum",NA,"España","Asturias","Oviedo",NA,NA,NA,"1987",5,17,NA,NA,"José A. Rguez Fdez","José A. Rguez Fdez",NA,NA,NA,1,NA,NA,NA,"Oviedo Museum","Prado",NA,"87_NOCOMPLEXHymenopteros_OVIEDO_20231024707"
"Bombus",NA,"pascuorum/muscorum",NA,"España","Asturias","Lugo de Llanera",NA,NA,NA,"1987",5,17,NA,NA,"M. Bongera","M. Bongera",NA,NA,NA,1,NA,NA,NA,"Oviedo Museum","En prado: sobre flor",NA,"87_NOCOMPLEXHymenopteros_OVIEDO_20231024708"
"Bombus",NA,"pascuorum/muscorum",NA,"España","Asturias","Gijón",NA,NA,NA,NA,NA,NA,NA,NA,"Mª Elena Leiguarde B.","Mª Elena Leiguarde B.",NA,NA,NA,1,NA,NA,NA,"Oviedo Museum",NA,NA,"87_NOCOMPLEXHymenopteros_OVIEDO_20231024709"
"Bombus",NA,"muscorum",NA,"España",NA,"Fuente La Plata",NA,NA,NA,"1987",5,15,NA,NA,"Mª José Ruiz de A.","Mª José Ruiz de A.",NA,NA,NA,1,NA,NA,NA,"Oviedo Museum",NA,NA,"87_NOCOMPLEXHymenopteros_OVIEDO_20231024710"
"Bombus",NA,"pascuorum/muscorum",NA,"España","Asturias","San Antolín de Ibias",NA,NA,NA,"1987",5,2,NA,NA,"Yolanda Colubi","Yolanda Colubi",NA,NA,NA,1,NA,NA,NA,"Oviedo Museum","Prado",NA,"87_NOCOMPLEXHymenopteros_OVIEDO_20231024711"
"Bombus",NA,"pascuorum/muscorum",NA,"España","Asturias","Mones (Luarca)",NA,NA,NA,"1987",4,18,NA,NA,"R. Cernuda","R. Cernuda",NA,NA,NA,1,NA,NA,NA,"Oviedo Museum","En una mata de Lamiáceas",NA,"87_NOCOMPLEXHymenopteros_OVIEDO_20231024712"
"Bombus",NA,"pascuorum/muscorum",NA,"España","Asturias","Mareo (Gijón)",NA,NA,NA,"1987",9,4,NA,NA,"Pablo Presa","Pablo Presa",NA,NA,NA,1,NA,NA,NA,"Oviedo Museum",NA,NA,"87_NOCOMPLEXHymenopteros_OVIEDO_20231024713"
"Bombus",NA,"muscorum",NA,"España","Asturias","Alto de la Cobertoira",NA,NA,NA,"1986",10,30,NA,NA,"Carmen R. Oleaga","Carmen R. Oleaga",NA,NA,NA,1,NA,NA,NA,"Oviedo Museum",NA,NA,"87_NOCOMPLEXHymenopteros_OVIEDO_20231024714"
"Bombus",NA,"pascuorum/muscorum",NA,"España","Zamora","Zamora",NA,NA,NA,"1987",8,5,NA,NA,"J. M. Feital","J. M. Feital",NA,NA,NA,1,NA,NA,NA,"Oviedo Museum",NA,NA,"87_NOCOMPLEXHymenopteros_OVIEDO_20231024715"
"Bombus",NA,"distinguendus",NA,"España","Asturias","Muros del Nalón",NA,NA,NA,"1986",3,23,NA,NA,"Mª Salud Rodríguez","Mª Salud Rodríguez",NA,NA,NA,1,NA,NA,NA,"Oviedo Museum","Terrestre",NA,"87_NOCOMPLEXHymenopteros_OVIEDO_20231024716"
"Bombus",NA,"pascuorum/muscorum",NA,"España",NA,"Sta Marina",NA,NA,NA,"1987",5,7,NA,NA,"M. Arbesú","M. Arbesú",NA,NA,NA,1,NA,NA,NA,"Oviedo Museum","Monte",NA,"87_NOCOMPLEXHymenopteros_OVIEDO_20231024717"
"Bombus",NA,"pascuorum/muscorum",NA,"España","Asturias","Luarca",NA,NA,NA,"1987",4,18,NA,NA,"J. M. Santaeufemia","José Zulaica Beryortx",NA,NA,NA,1,NA,NA,NA,"Oviedo Museum",NA,NA,"87_NOCOMPLEXHymenopteros_OVIEDO_20231024718"
"Bombus",NA,"muscorum",NA,"España","Asturias","Concejo de Corias",NA,NA,NA,"1986",5,11,NA,NA,"Ana Pereda","Ana Pereda",NA,NA,NA,1,NA,NA,NA,"Oviedo Museum","Prado",NA,"87_NOCOMPLEXHymenopteros_OVIEDO_20231024719"
"Bombus",NA,"muscorum",NA,"España","Asturias","Oviedo",NA,NA,NA,"1986",4,24,NA,NA,"Mª Dolores Fernández","Mª Eugenia Tionad.",NA,NA,NA,1,NA,NA,NA,"Oviedo Museum",NA,NA,"87_NOCOMPLEXHymenopteros_OVIEDO_20231024720"
"Bombus",NA,"muscorum",NA,"España","Asturias","Naranco (Oviedo)",NA,NA,NA,"1986",5,15,NA,NA,"Isabel Feito","Isabel Feito",NA,NA,NA,1,NA,NA,NA,"Oviedo Museum",NA,NA,"87_NOCOMPLEXHymenopteros_OVIEDO_20231024721"
"Bombus",NA,"pascuorum/muscorum",NA,"España","Asturias","Tolivia",NA,NA,NA,"1986",5,20,NA,NA,"M. Mar García","",NA,NA,NA,1,NA,NA,NA,"Oviedo Museum",NA,NA,"87_NOCOMPLEXHymenopteros_OVIEDO_20231024722"
"Bombus",NA,"muscorum",NA,"España","Asturias","Tiraña",NA,NA,NA,NA,NA,NA,NA,NA,"Montserrat Méndez","Montserrat Méndez",NA,NA,NA,1,NA,NA,NA,"Oviedo Museum",NA,NA,"87_NOCOMPLEXHymenopteros_OVIEDO_20231024723"
"Bombus",NA,"muscorum",NA,"España","Asturias","Tiraña",NA,NA,NA,NA,NA,NA,NA,NA,"Montserrat Méndez","Montserrat Méndez",NA,NA,NA,1,NA,NA,NA,"Oviedo Museum",NA,NA,"87_NOCOMPLEXHymenopteros_OVIEDO_20231024724"
"Bombus",NA,"pascuorum/muscorum",NA,"España","Guipúzcoa","Prado Itxumendi (Gorla)",NA,NA,NA,"1986",4,1,NA,NA,"E. Martínez Granada","E. Martínez Granada",NA,NA,NA,1,NA,NA,NA,"Oviedo Museum",NA,NA,"87_NOCOMPLEXHymenopteros_OVIEDO_20231024725"
"Bombus",NA,"pascuorum/muscorum",NA,"España","León","Bembibre",NA,NA,NA,"1986",5,1,NA,NA,"Sofía Cubero","Sofía Cubero",NA,NA,NA,1,NA,NA,NA,"Oviedo Museum",NA,NA,"87_NOCOMPLEXHymenopteros_OVIEDO_20231024726"
"Bombus",NA,"pascuorum/muscorum",NA,"España","Asturias","Quirós (cerca del embalse)",NA,NA,NA,NA,NA,NA,NA,NA,"Cristina R. Cabello","Cristina R. Cabello",NA,NA,NA,1,NA,NA,NA,"Oviedo Museum","Cerca de embalse","Exc. Facultad. Tiene moho","87_NOCOMPLEXHymenopteros_OVIEDO_20231024727"
"Bombus",NA,"pascuorum/muscorum",NA,"España","Asturias","Xivares",NA,NA,NA,NA,NA,NA,NA,NA,"Susana Junquera","Susana Junquera",NA,NA,NA,1,NA,NA,NA,"Oviedo Museum","Prado",NA,"87_NOCOMPLEXHymenopteros_OVIEDO_20231024728"
"Bombus",NA,"pascuorum/muscorum",NA,"España","Asturias","Tarna",NA,NA,NA,"1982",5,15,NA,NA,"B. Prieto Fdez","B. Prieto Fdez",NA,NA,NA,1,NA,NA,NA,"Oviedo Museum","Matorral",NA,"87_NOCOMPLEXHymenopteros_OVIEDO_20231024729"
"Bombus",NA,"pascuorum",NA,"España","Cantabria","Cabuérniga",NA,NA,NA,"1988",4,10,NA,NA,"Olivia Pradicles","Olivia Pradicles",NA,NA,NA,1,NA,NA,NA,"Oviedo Museum",NA,NA,"87_NOCOMPLEXHymenopteros_OVIEDO_20231024730"
"Bombus",NA,"pascuorum/muscorum",NA,"España","Asturias","Poo de Llanes",NA,NA,NA,"1988",5,10,NA,NA,"R. M. García","R. M. García",NA,NA,NA,1,NA,NA,NA,"Oviedo Museum",NA,NA,"87_NOCOMPLEXHymenopteros_OVIEDO_20231024731"
"Bombus",NA,"distinguendus",NA,"España","Asturias","El estanco (Deva)",NA,NA,NA,"1988",6,12,NA,NA,"R. García Piquero","M. J. Lara",NA,NA,NA,1,NA,NA,NA,"Oviedo Museum",NA,NA,"87_NOCOMPLEXHymenopteros_OVIEDO_20231024732"
"Bombus",NA,"pascuorum/muscorum",NA,"España",NA,"Fuente La Plata",NA,NA,NA,"1986",6,5,NA,NA,"Nacho Leiva Moreno","",NA,NA,NA,1,NA,NA,NA,"Oviedo Museum","Pastizal",NA,"87_NOCOMPLEXHymenopteros_OVIEDO_20231024733"
"Bombus",NA,"pascuorum/muscorum",NA,"España",NA,"Villaviciosa",NA,NA,NA,"1983",8,8,NA,NA,"M. Acevedo","",NA,NA,NA,1,NA,NA,NA,"Oviedo Museum",NA,NA,"87_NOCOMPLEXHymenopteros_OVIEDO_20231024734"
"Bombus",NA,"pascuorum/muscorum",NA,"España","Asturias","Corias",NA,NA,NA,NA,NA,NA,NA,NA,"Ana Mª González","",NA,NA,NA,1,NA,NA,NA,"Oviedo Museum","Campo",NA,"87_NOCOMPLEXHymenopteros_OVIEDO_20231024735"
"Bombus",NA,"muscorum",NA,"España","Asturias","Molleo",NA,NA,NA,NA,NA,NA,NA,NA,"Hortensia Fdez Castro","Hortensia Fdez Castro",NA,NA,NA,1,NA,NA,NA,"Oviedo Museum",NA,"Tiene una garrapata en el abdomen","87_NOCOMPLEXHymenopteros_OVIEDO_20231024736"
"Bombus",NA,"pascuorum/muscorum",NA,"España",NA,"Fuso de la Reina",NA,NA,NA,NA,NA,NA,NA,NA,"Mª Elena B. S.","Mª Elena B. S.",NA,NA,NA,1,NA,NA,NA,"Oviedo Museum",NA,NA,"87_NOCOMPLEXHymenopteros_OVIEDO_20231024737"
"Bombus",NA,"muscorum",NA,"España","Asturias","El Condado",NA,NA,NA,NA,NA,NA,NA,NA,"D. Alonso Rodríguez","D. Alonso Rodríguez",NA,NA,NA,1,NA,NA,NA,"Oviedo Museum",NA,NA,"87_NOCOMPLEXHymenopteros_OVIEDO_20231024738"
"Bombus",NA,"muscorum",NA,"España","Asturias","Rodiles",NA,NA,NA,"1987",5,10,NA,NA,"José Alfredo A. M.","Clara Álvarez G.",NA,NA,NA,1,NA,NA,NA,"Oviedo Museum",NA,NA,"87_NOCOMPLEXHymenopteros_OVIEDO_20231024739"
"Bombus",NA,"pascuorum/muscorum",NA,"España",NA,"Providencia",NA,NA,NA,"1987",5,31,NA,NA,"Mª Carmen Quijano","Mª Carmen Quijano",NA,NA,NA,1,NA,NA,NA,"Oviedo Museum",NA,NA,"87_NOCOMPLEXHymenopteros_OVIEDO_20231024740"
"Bombus",NA,"pascuorum/muscorum",NA,"España","Asturias","Valsera",NA,NA,NA,"1986",5,4,NA,NA,"P. Glez-Quirós","P. Glez-Quirós",NA,NA,NA,1,NA,NA,NA,"Oviedo Museum","En pastizal",NA,"87_NOCOMPLEXHymenopteros_OVIEDO_20231024741"
"Bombus",NA,"muscorum",NA,"España","Asturias","Llanera",NA,NA,NA,"1985",7,20,NA,NA,"Elena Ayarza","",NA,NA,NA,1,NA,NA,NA,"Oviedo Museum",NA,NA,"87_NOCOMPLEXHymenopteros_OVIEDO_20231024742"
"Bombus",NA,"pascuorum",NA,"España",NA,"Deva",NA,NA,NA,"1975",3,9,NA,NA,"Alfredo Fdez Braña","Anadón Quero",NA,NA,NA,1,NA,NA,NA,"Oviedo Museum",NA,NA,"87_NOCOMPLEXHymenopteros_OVIEDO_20231024743"
"Bombus",NA,"pascuorum/muscorum",NA,"España","Asturias","Trubia",NA,NA,NA,"1976",8,7,NA,NA,"P. Ciscar","",NA,NA,NA,1,NA,NA,NA,"Oviedo Museum","Bosque",NA,"87_NOCOMPLEXHymenopteros_OVIEDO_20231024744"
"Bombus",NA,"pascuorum/muscorum",NA,"España","Asturias","Las Caldas",NA,NA,NA,"1978",5,30,NA,NA,"Mª Jesús Álvarez","",NA,NA,NA,1,NA,NA,NA,"Oviedo Museum","Prado",NA,"87_NOCOMPLEXHymenopteros_OVIEDO_20231024745"
"Bombus",NA,"pascuorum",NA,"España","Asturias","Renedo de Piélagos",NA,NA,NA,"1986",8,4,NA,NA,"Beatriz Marcos","Beatriz Marcos",NA,NA,NA,1,NA,NA,NA,"Oviedo Museum","Cerca del río",NA,"87_NOCOMPLEXHymenopteros_OVIEDO_20231024746"
"Bombus",NA,"muscorum",NA,"España","Asturias","Lamuño",NA,NA,NA,NA,NA,NA,NA,NA,"J. M. Rico Ordás","J. M. Rico Ordás",NA,NA,NA,1,NA,NA,NA,"Oviedo Museum","Jardín",NA,"87_NOCOMPLEXHymenopteros_OVIEDO_20231024747"
"Bombus",NA,"pascuorum",NA,"España","Asturias","Balmoi",NA,NA,NA,"1988",8,7,NA,NA,"José Manuel Fdez Mtnz","José Manuel Fdez Mtnz",NA,NA,NA,1,NA,NA,NA,"Oviedo Museum",NA,NA,"87_NOCOMPLEXHymenopteros_OVIEDO_20231024748"
NA,NA,NA,NA,"España","Zamora","Zamora",NA,NA,NA,"1987",8,5,NA,NA,"J. M. Feital","J. M. Feital",NA,NA,NA,1,NA,NA,NA,"Oviedo Museum",NA,NA,"87_NOCOMPLEXHymenopteros_OVIEDO_20231024749"
"Bombus",NA,"muscorum",NA,"España","Asturias","Deva",NA,NA,NA,"1990",9,19,NA,NA,"E. Celada Castañón","E. Celada Castañón",NA,NA,NA,1,NA,NA,NA,"Oviedo Museum",NA,NA,"87_NOCOMPLEXHymenopteros_OVIEDO_20231024750"
NA,NA,NA,NA,"España","Huesca","Candanchú",NA,NA,NA,NA,NA,NA,NA,NA,"Javier Rodríguez","",NA,NA,NA,1,NA,NA,NA,"Oviedo Museum",NA,"Tiene moho","87_NOCOMPLEXHymenopteros_OVIEDO_20231024751"
"Bombus",NA,"pascuorum/muscorum",NA,"España","Asturias","Cabueñes",NA,NA,NA,"1982",5,28,NA,NA,"Javier Muñiz","Javier Muñiz",NA,NA,NA,1,NA,NA,NA,"Oviedo Museum",NA,"Tiene moho","87_NOCOMPLEXHymenopteros_OVIEDO_20231024752"
"Bombus",NA,"muscorum",NA,"España","Asturias","S. Miguel de Quiloña",NA,NA,NA,"1986",5,22,NA,NA,"Javier García","",NA,NA,NA,1,NA,NA,NA,"Oviedo Museum",NA,NA,"87_NOCOMPLEXHymenopteros_OVIEDO_20231024753"
NA,NA,NA,NA,"España","León","Carbajal",NA,NA,NA,"1982",5,28,NA,NA,"M. C. Gutiérrez","M. C. Gutiérrez",NA,NA,NA,1,NA,NA,NA,"Oviedo Museum",NA,"Tiene moho","87_NOCOMPLEXHymenopteros_OVIEDO_20231024754"
NA,NA,NA,NA,"España","León","Carbajal",NA,NA,NA,"1981",9,7,NA,NA,"M. C. Gutiérrez","",NA,NA,NA,1,NA,NA,NA,"Oviedo Museum",NA,NA,"87_NOCOMPLEXHymenopteros_OVIEDO_20231024755"
NA,NA,NA,NA,"España","Asturias","Las Caldas",NA,NA,NA,"1978",5,15,NA,NA,"J. Mª Gutiérrez","",NA,NA,NA,1,NA,NA,NA,"Oviedo Museum","Prado",NA,"87_NOCOMPLEXHymenopteros_OVIEDO_20231024756"
"Bombus",NA,"muscorum",NA,"España","Asturias","Luarca",NA,NA,NA,"1981",5,2,NA,NA,"A. Durán","Asunción Durán",NA,NA,NA,1,NA,NA,NA,"Oviedo Museum",NA,NA,"87_NOCOMPLEXHymenopteros_OVIEDO_20231024757"
"Bombus",NA,"distinguendus",NA,"España","Asturias","S. Esteban de Molleda",NA,NA,NA,"1981",3,22,NA,NA,"J. A. Carbajal Alba","J. A. Carbajal Alba",NA,NA,NA,1,NA,NA,NA,"Oviedo Museum","Prado",NA,"87_NOCOMPLEXHymenopteros_OVIEDO_20231024758"
"Bombus",NA,"distinguendus",NA,"España","Asturias","Trasona",NA,NA,NA,"1987",3,30,NA,NA,"G. C. Barril Granda","G. C. Barril Granda",NA,NA,NA,1,NA,NA,NA,"Oviedo Museum","Hierba alta",NA,"87_NOCOMPLEXHymenopteros_OVIEDO_20231024759"
"Bombus",NA,"pascuorum/muscorum",NA,"España","Asturias","Bobes",NA,NA,NA,"1983",10,27,NA,NA,"Adela Martínez","Adela Martínez",NA,NA,NA,1,NA,NA,NA,"Oviedo Museum",NA,NA,"87_NOCOMPLEXHymenopteros_OVIEDO_20231024760"
"Bombus",NA,"pascuorum/muscorum",NA,"España","Asturias","Mayau Solís",NA,NA,NA,"1981",4,14,NA,NA,"Ladis del Río","",NA,NA,NA,1,NA,NA,NA,"Oviedo Museum","En flor",NA,"87_NOCOMPLEXHymenopteros_OVIEDO_20231024761"
"Bombus",NA,"muscorum",NA,"España","Asturias","Isla",NA,NA,NA,"1982",5,3,NA,NA,"H. Caballero","H. Caballero",NA,NA,NA,1,NA,NA,NA,"Oviedo Museum",NA,NA,"87_NOCOMPLEXHymenopteros_OVIEDO_20231024762"
"Bombus",NA,"sp.",NA,"España","Burgos","Sedano",NA,NA,NA,"1982",7,20,NA,NA,"M. J. Adrián","",NA,NA,NA,1,NA,NA,NA,"Oviedo Museum",NA,"Tiene moho","87_NOCOMPLEXHymenopteros_OVIEDO_20231024763"
"Bombus",NA,"pascuorum",NA,"España","Asturias","Mayau Solís",NA,NA,NA,"1984",4,14,NA,NA,"Ladis del Río","",NA,NA,NA,1,NA,NA,NA,"Oviedo Museum","En flor","Tiene moho","87_NOCOMPLEXHymenopteros_OVIEDO_20231024764"
"Bombus",NA,"pascuorum/muscorum",NA,"España","Cantabria","Escalante",NA,NA,NA,"1983",7,7,NA,NA,"David Haya de la Sierra","David Haya de la Sierra",NA,NA,NA,1,NA,NA,NA,"Oviedo Museum","En flores, huerta",NA,"87_NOCOMPLEXHymenopteros_OVIEDO_20231024765"
"Bombus",NA,"pascuorum/muscorum",NA,"España","Asturias","Somio",NA,NA,NA,"1982",5,28,NA,NA,"Cristina Rguez","Cristina Rguez",NA,NA,NA,1,NA,NA,NA,"Oviedo Museum","En un matorral","Tiene moho","87_NOCOMPLEXHymenopteros_OVIEDO_20231024766"
NA,NA,NA,NA,"España","Asturias","Nubledo",NA,NA,NA,"1986",5,31,NA,NA,"J. Martín Morales","J. Martín Morales",NA,NA,NA,1,NA,NA,NA,"Oviedo Museum","En prado",NA,"87_NOCOMPLEXHymenopteros_OVIEDO_20231024767"
NA,NA,NA,NA,"España","Asturias","Silvota",NA,NA,NA,"1985",10,10,NA,NA,"Sergio Solano","",NA,NA,NA,1,NA,NA,NA,"Oviedo Museum",NA,NA,"87_NOCOMPLEXHymenopteros_OVIEDO_20231024768"
"Bombus",NA,"muscorum",NA,"España","Asturias","Agones",NA,NA,NA,NA,NA,NA,NA,NA,"J. J. Ferreira","",NA,NA,NA,1,NA,NA,NA,"Oviedo Museum","Flor de día",NA,"87_NOCOMPLEXHymenopteros_OVIEDO_20231024769"
"Bombus",NA,"muscorum",NA,"España","Asturias","Rodiles",NA,NA,NA,"1983",7,28,NA,NA,"Paloma Silva","",NA,NA,NA,1,NA,NA,NA,"Oviedo Museum","Prado",NA,"87_NOCOMPLEXHymenopteros_OVIEDO_20231024770"
NA,NA,NA,NA,"España","Asturias","Ruta del Alba",NA,NA,NA,NA,NA,NA,NA,NA,"Charo M. Farpon","Charo M. Farpon",NA,NA,NA,1,NA,NA,NA,"Oviedo Museum",NA,NA,"87_NOCOMPLEXHymenopteros_OVIEDO_20231024771"
"Bombus",NA,"sp.",NA,"España",NA,"La Campa",NA,NA,NA,"1989",7,4,NA,NA,NA,"",NA,NA,NA,1,NA,NA,NA,"Oviedo Museum",NA,NA,"87_NOCOMPLEXHymenopteros_OVIEDO_20231024772"
"Anthophora",NA,"bimaculata",NA,"España","Burgos","Edesa de Montija",NA,NA,NA,"1991",5,12,NA,NA,"C. Hierro","B. Baranda",NA,NA,NA,1,NA,NA,NA,"Oviedo Museum",NA,NA,"87_NOCOMPLEXHymenopteros_OVIEDO_20231024773"
"Bombus",NA,"muscorum",NA,"España","Asturias","Ajuyán (Brañes)",NA,NA,NA,"1983",7,30,NA,NA,"Charo M. Farpon","Charo M. Farpon",NA,NA,NA,1,NA,NA,NA,"Oviedo Museum",NA,NA,"87_NOCOMPLEXHymenopteros_OVIEDO_20231024774"
"Bombus",NA,"pascuorum",NA,"España","Asturias","La Isla",NA,NA,NA,"1991",6,2,NA,NA,"Rafael G.-Quirós Fdez","Rafael G.-Quirós Fdez",NA,NA,NA,1,NA,NA,NA,"Oviedo Museum",NA,NA,"87_NOCOMPLEXHymenopteros_OVIEDO_20231024775"
"Bombus",NA,"distinguendus",NA,"España",NA,"La Providencia",NA,NA,NA,"1990",8,5,NA,NA,"Celestino Glez","Celestino Glez",NA,NA,NA,1,NA,NA,NA,"Oviedo Museum",NA,NA,"87_NOCOMPLEXHymenopteros_OVIEDO_20231024776"
"Bombus",NA,"muscorum",NA,"España","Asturias","S. Martín de Huerces",NA,NA,NA,"1983",7,9,NA,NA,"Higinio Bernardo","Higinio Bernardo",NA,NA,NA,1,NA,NA,NA,"Oviedo Museum",NA,"Tiene moho","87_NOCOMPLEXHymenopteros_OVIEDO_20231024777"
"Bombus",NA,"muscorum",NA,"España","Asturias","Perlora",NA,NA,NA,"1978",5,1,NA,NA,"Consuelo Díaz","",NA,NA,NA,1,NA,NA,NA,"Oviedo Museum","Playa",NA,"87_NOCOMPLEXHymenopteros_OVIEDO_20231024778"
"Bombus",NA,"muscorum",NA,"España","Pontevedra","Panjón",NA,NA,NA,NA,NA,NA,NA,NA,"R. Anadón","",NA,NA,NA,1,NA,NA,NA,"Oviedo Museum",NA,NA,"87_NOCOMPLEXHymenopteros_OVIEDO_20231024779"
"Bombus",NA,"sp.",NA,NA,NA,"Magdalena",NA,NA,NA,"1974",5,3,NA,NA,"Paz Nicolás","",NA,NA,NA,1,NA,NA,NA,"Oviedo Museum",NA,NA,"87_NOCOMPLEXHymenopteros_OVIEDO_20231024780"
"Bombus",NA,"muscorum",NA,"España","Asturias","Arroes",NA,NA,NA,"1987",6,5,NA,NA,"Fco Javier Pérez B.","Fco Javier Pérez B.",NA,NA,NA,1,NA,NA,NA,"Oviedo Museum","Ribera",NA,"87_NOCOMPLEXHymenopteros_OVIEDO_20231024781"
"Bombus",NA,"pascuorum/muscorum",NA,"España","Vizcaya","Ondárroa",NA,NA,NA,"1986",7,5,NA,NA,"José Zulaica Bonjoetxea","José Zulaica Bonjoetxea",NA,NA,NA,1,NA,NA,NA,"Oviedo Museum",NA,NA,"87_NOCOMPLEXHymenopteros_OVIEDO_20231024782"
"Andrena",NA,"fulva",NA,"España","Asturias","Villarejo",NA,NA,NA,"1980",6,3,NA,NA,"A. Martínez Barrero","A. Martínez Barrero",NA,NA,NA,1,NA,NA,NA,"Oviedo Museum","Flor",NA,"87_NOCOMPLEXHymenopteros_OVIEDO_20231024783"
"Bombus",NA,"muscorum",NA,"España","Asturias","Naranco (Oviedo)",NA,NA,NA,"1983",5,22,NA,NA,NA,"",NA,NA,NA,1,NA,NA,NA,"Oviedo Museum",NA,"Foto Miguel Fungul","87_NOCOMPLEXHymenopteros_OVIEDO_20231024784"
"Bombus",NA,"muscorum",NA,"España","Asturias","La Miranda",NA,NA,NA,"1978",5,28,NA,NA,"Rosa Mª Álvarez Menéndez","",NA,NA,NA,1,NA,NA,NA,"Oviedo Museum","Prado",NA,"87_NOCOMPLEXHymenopteros_OVIEDO_20231024785"
"Bombus",NA,"muscorum",NA,"España","Asturias","Corias",NA,NA,NA,"1986",5,17,NA,NA,"G. Echezarreta","G. Echezarreta",NA,NA,NA,1,NA,NA,NA,"Oviedo Museum","Pradera",NA,"87_NOCOMPLEXHymenopteros_OVIEDO_20231024786"
"Bombus",NA,"muscorum",NA,"España","Asturias","Oviedo",NA,NA,NA,NA,NA,NA,NA,NA,"J. A. Pons A.","J. A. Pons A.",NA,NA,NA,1,NA,NA,NA,"Oviedo Museum",NA,NA,"87_NOCOMPLEXHymenopteros_OVIEDO_20231024787"
"Bombus",NA,"muscorum",NA,"España","Asturias","Bañugues",NA,NA,NA,"1975",5,10,NA,NA,"I. Carlos Rendueles","",NA,NA,NA,1,NA,NA,NA,"Oviedo Museum",NA,NA,"87_NOCOMPLEXHymenopteros_OVIEDO_20231024788"
"Bombus",NA,"muscorum",NA,"España","Asturias","Riosa",NA,NA,NA,"1987",5,30,NA,NA,"Sánchez Castro L.","Sánchez Castro L.",NA,NA,NA,1,NA,NA,NA,"Oviedo Museum","Prado","Nº 5","87_NOCOMPLEXHymenopteros_OVIEDO_20231024789"
"Psithyrus","sp.","?",NA,"España","Asturias","Oviedo",NA,NA,NA,"1988",11,1,NA,NA,"Jorge González","Jorge González",NA,NA,NA,1,NA,NA,NA,"Oviedo Museum",NA,"Nº 4","87_NOCOMPLEXHymenopteros_OVIEDO_20231024790"
"Bombus",NA,"pascuorum/muscorum",NA,"España","Asturias","Ceares (Gijón)",NA,NA,NA,"1987",5,9,NA,NA,"Jesús G. Durán","Jesús G. Durán",NA,NA,NA,1,NA,NA,NA,"Oviedo Museum","Sobre flor","Nº 3","87_NOCOMPLEXHymenopteros_OVIEDO_20231024791"
"Bombus",NA,"pascuorum/muscorum",NA,"España","Asturias","Naranco (Oviedo)",NA,NA,NA,"1987",5,22,NA,NA,"A. Ron Fdez","A. Ron Fdez",NA,NA,NA,1,NA,NA,NA,"Oviedo Museum","Colegio","Nº 2","87_NOCOMPLEXHymenopteros_OVIEDO_20231024792"
"Bombus",NA,"pascuorum/muscorum",NA,"España","Salamanca","La Alberca",NA,NA,NA,"1982",8,13,NA,NA,"H. Caballero","H. Caballero",NA,NA,NA,1,NA,NA,NA,"Oviedo Museum","Sobre flor","Nº 1","87_NOCOMPLEXHymenopteros_OVIEDO_20231024793"
"Bombus",NA,"pascuorum/muscorum",NA,"España","Asturias","S. Justo",NA,NA,NA,"1984",4,19,NA,NA,"Mª A. Pardo Álvarez","Mª A. Pardo Álvarez",NA,NA,NA,1,NA,NA,NA,"Oviedo Museum",NA,"Nº 6","87_NOCOMPLEXHymenopteros_OVIEDO_20231024794"
"Bombus",NA,"pascuorum/muscorum",NA,"España","Asturias","Corias",NA,NA,NA,NA,NA,NA,NA,NA,"M. A. Álvarez y N. Anadón","M. A. Álvarez y N. Anadón",NA,NA,NA,1,NA,NA,NA,"Oviedo Museum",NA,"Nº 7","87_NOCOMPLEXHymenopteros_OVIEDO_20231024795"
"Bombus",NA,"pascuorum/muscorum",NA,"España","Asturias","Caces",NA,NA,NA,"1983",5,18,NA,NA,"M. de Miguel A.","M. de Miguel A.",NA,NA,NA,1,NA,NA,NA,"Oviedo Museum",NA,"Nº 8","87_NOCOMPLEXHymenopteros_OVIEDO_20231024796"
"Bombus",NA,"muscorum",NA,"España","León","Ponferrada",NA,NA,NA,"1989",5,8,NA,NA,"Claudia Martínez","Claudia Martínez",NA,NA,NA,1,NA,NA,NA,"Oviedo Museum",NA,"Nº 9","87_NOCOMPLEXHymenopteros_OVIEDO_20231024797"
"Bombus",NA,"pascuorum/muscorum",NA,"España","Asturias","Noreña",NA,NA,NA,"1979",4,30,NA,NA,"M. P. Miyares","",NA,NA,NA,1,NA,NA,NA,"Oviedo Museum","Matorral","Nº 10","87_NOCOMPLEXHymenopteros_OVIEDO_20231024798"
"Bombus",NA,"pascuorum/muscorum",NA,"España","León","Boñar",NA,NA,NA,"1986",6,1,NA,NA,"P. Rguez Pérez","P. Rguez Pérez",NA,NA,NA,1,NA,NA,NA,"Oviedo Museum",NA,"Nº 11","87_NOCOMPLEXHymenopteros_OVIEDO_20231024799"
"Bombus",NA,"pascuorum/muscorum",NA,"España","Asturias","Oviedo",NA,NA,NA,"1987",4,7,NA,NA,"Flor Rodríguez","Flor Rodríguez Fdez",NA,NA,NA,1,NA,NA,NA,"Oviedo Museum","Pradera, sobre una compuesta","Nº 12","87_NOCOMPLEXHymenopteros_OVIEDO_20231024800"
"Bombus",NA,"pascuorum/muscorum",NA,"España","Asturias","Rioseco",NA,NA,NA,"1986",5,11,NA,NA,"C. Pérez Antolín","C. Pérez Antolín",NA,NA,NA,1,NA,NA,NA,"Oviedo Museum",NA,"Nº 13","87_NOCOMPLEXHymenopteros_OVIEDO_20231024801"
"Bombus",NA,"pascuorum/muscorum",NA,"España","Asturias","La Central (El Entrego)",NA,NA,NA,"1986",5,10,NA,NA,"Roberto Fdez Argüelles","Esther Orviz",NA,NA,NA,1,NA,NA,NA,"Oviedo Museum",NA,"Nº 14","87_NOCOMPLEXHymenopteros_OVIEDO_20231024802"
"Bombus",NA,"pascuorum/muscorum",NA,"España","León","León",NA,NA,NA,"1975",8,18,NA,NA,"A. Quero-A. Anadón","",NA,NA,NA,1,NA,NA,NA,"Oviedo Museum",NA,"4. Nº 15","87_NOCOMPLEXHymenopteros_OVIEDO_20231024803"
"Bombus",NA,"pascuorum",NA,"España","Asturias","Oviedo",NA,NA,NA,"1989",5,2,NA,NA,"Jorge González","Luis Valle",NA,1,NA,0,NA,NA,NA,"Oviedo Museum",NA,"Nº 17","87_NOCOMPLEXHymenopteros_OVIEDO_20231024804"
"Bombus",NA,"cullumanus",NA,"España","Vizcaya","Lekeitio",NA,NA,NA,"1989",3,5,NA,NA,"Ana Abio","Ana Abio, Luis Valle",NA,1,NA,0,NA,NA,NA,"Oviedo Museum",NA,"Nº 18","87_NOCOMPLEXHymenopteros_OVIEDO_20231024805"
"Bombus",NA,"pascuorum",NA,"España","Asturias","El Pelame",NA,NA,NA,"1978",5,1,NA,NA,NA,"Luis Valle",NA,1,NA,0,NA,NA,NA,"Oviedo Museum","Bosque eucalipto","Nº 16","87_NOCOMPLEXHymenopteros_OVIEDO_20231024806"
"Bombus",NA,"pascuorum",NA,"España","Asturias","Mieres",NA,NA,NA,"1987",5,30,NA,NA,"B. Pérez Grrez","B. Pérez Grrez, Luis Valle",NA,1,NA,0,NA,NA,NA,"Oviedo Museum",NA,"Nº 20","87_NOCOMPLEXHymenopteros_OVIEDO_20231024807"
"Bombus",NA,"sylvarum",NA,"España","Asturias","Oviedo",NA,NA,NA,"1989",5,2,NA,NA,"Idoia Villate","Idoia Villate, Luis Valle",NA,1,NA,0,NA,NA,NA,"Oviedo Museum",NA,"Nº 19","87_NOCOMPLEXHymenopteros_OVIEDO_20231024808"
"Bombus",NA,"ruderatus",NA,"España","Asturias","Naranco (Oviedo)",NA,NA,NA,"1983",5,10,NA,NA,"Laura M.","Laura M.",NA,NA,NA,1,NA,NA,NA,"Oviedo Museum",NA,"Nº 16","87_NOCOMPLEXHymenopteros_OVIEDO_20231024809"
"Bombus",NA,"lucorum/terrestris",NA,"España","Asturias","Llanes",NA,NA,NA,"1983",3,31,NA,NA,"Gregorio Valiente","Gregorio Valiente",NA,NA,NA,1,NA,NA,NA,"Oviedo Museum","Prado","Nº 25","87_NOCOMPLEXHymenopteros_OVIEDO_20231024810"
"Bombus",NA,"magnus",NA,"España","Burgos","Terrazas",NA,NA,NA,"1980",8,3,NA,NA,"Javier Mtnz Beng","Javier Mtnz Beng",NA,NA,NA,1,NA,NA,NA,"Oviedo Museum","Sobre Anthidium major","Nº 10","87_NOCOMPLEXHymenopteros_OVIEDO_20231024811"
"Psithyrus",NA,"campestris",NA,"España",NA,"Pto de la Cubilla",NA,NA,NA,"1980",7,6,NA,NA,"R. Anadón","Sco Vasco",NA,NA,NA,1,NA,NA,NA,"Oviedo Museum",NA,NA,"87_NOCOMPLEXHymenopteros_OVIEDO_20231024812"
"Bombus",NA,"lucorum",NA,"España","Asturias","Las Xanas",NA,NA,NA,"1983",5,21,NA,NA,"M. C. Reguera Rguez","Luis Valle",NA,1,NA,0,NA,NA,NA,"Oviedo Museum","Sobre flor",NA,"87_NOCOMPLEXHymenopteros_OVIEDO_20231024813"
"Bombus",NA,"hortorum",NA,"España","Asturias","Gijón",NA,NA,NA,"1983",6,4,NA,NA,"Consuelo A. Claudio","Luis Valle",1,NA,NA,0,NA,NA,NA,"Oviedo Museum","En un prado",NA,"87_NOCOMPLEXHymenopteros_OVIEDO_20231024814"
"Bombus",NA,"hortorum",NA,"España","Asturias","Llanes",NA,NA,NA,"1983",5,31,NA,NA,"Gregorio Valiente","Luis Valle",NA,NA,NA,1,NA,NA,NA,"Oviedo Museum",NA,NA,"87_NOCOMPLEXHymenopteros_OVIEDO_20231024815"
"Bombus",NA,"lucorum",NA,"España","Asturias","Salinas",NA,NA,NA,"1980",5,9,NA,NA,"Begoña Aguirre","",NA,NA,NA,1,NA,NA,NA,"Oviedo Museum","Prado","Nº 19. Tiene moho","87_NOCOMPLEXHymenopteros_OVIEDO_20231024816"
"Bombus",NA,"sylvarum",NA,"España","Cantabria","Penagos",NA,NA,NA,NA,NA,NA,NA,NA,"J. de la Hoz","Luis Valle",NA,1,NA,0,NA,NA,NA,"Oviedo Museum","Prados",NA,"87_NOCOMPLEXHymenopteros_OVIEDO_20231024817"
"Bombus",NA,"terrestris",NA,"España","Asturias","Naranco (Oviedo)",NA,NA,NA,"1979",5,15,NA,NA,"Juan A. Martín","Luis Valle",1,NA,NA,0,NA,NA,NA,"Oviedo Museum",NA,NA,"87_NOCOMPLEXHymenopteros_OVIEDO_20231024818"
"Bombus",NA,"sylvarum",NA,"España","Asturias","Las Xanas",NA,NA,NA,"1983",5,21,NA,NA,"M. C. Reguera Rguez","M. C. Reguera Rguez",NA,NA,NA,1,NA,NA,NA,"Oviedo Museum","Sobre flor","Nº 7","87_NOCOMPLEXHymenopteros_OVIEDO_20231024819"
"Bombus",NA,"lapidarius",NA,"España","Guipúzcoa","Bergara",NA,NA,NA,"1982",7,26,NA,NA,"Mª Jesús Arrayago","J. Ramón García, Luis Valle",NA,NA,NA,1,NA,NA,NA,"Oviedo Museum",NA,"Nº 24. Tiene moho","87_NOCOMPLEXHymenopteros_OVIEDO_20231024820"
"Bombus",NA,"lapidarius",NA,"España","Asturias","Pico Polio",NA,NA,NA,"1980",5,29,NA,NA,"R. Ordás","",NA,NA,NA,1,NA,NA,NA,"Oviedo Museum",NA,"Nº 30","87_NOCOMPLEXHymenopteros_OVIEDO_20231024821"
"Bombus",NA,"hortorum",NA,"España","León","Oville",NA,NA,NA,"1983",7,20,NA,NA,"A. Barahona","A. Barahona",NA,NA,NA,1,NA,NA,NA,"Oviedo Museum",NA,"Nº 14","87_NOCOMPLEXHymenopteros_OVIEDO_20231024822"
"Bombus",NA,"hortorum",NA,"España","Asturias","Tineo",NA,NA,NA,"1981",5,10,NA,NA,"E. Paredes","",NA,NA,NA,1,NA,NA,NA,"Oviedo Museum","Sobre flor","Nº 21","87_NOCOMPLEXHymenopteros_OVIEDO_20231024823"
"Bombus",NA,"sp.",NA,"España",NA,"Las Caldas",NA,NA,NA,"1983",4,28,NA,NA,"Elvira Bernardo Franco","Elvira Bernardo Franco",NA,NA,NA,1,NA,NA,NA,"Oviedo Museum",NA,"Nº 13","87_NOCOMPLEXHymenopteros_OVIEDO_20231024824"
"Bombus",NA,"hortorum",NA,"España","Asturias","La Isla",NA,NA,NA,"1981",5,2,NA,NA,"Joaquín Ángel Vallina Gil","",NA,NA,NA,1,NA,NA,NA,"Oviedo Museum","Matorral en zona encharcada","Nº 15","87_NOCOMPLEXHymenopteros_OVIEDO_20231024825"
NA,NA,NA,NA,"España","Asturias","Naranco (Oviedo)",NA,NA,NA,"1975",4,24,NA,NA,"J. A. Guijarro","",NA,NA,NA,1,NA,NA,NA,"Oviedo Museum",NA,"Nº 29","87_NOCOMPLEXHymenopteros_OVIEDO_20231024826"
"Bombus",NA,"hortorum/ruderatus",NA,"España","Salamanca","Salamanca",NA,NA,NA,"1979",7,8,NA,NA,"José F. García","José F. García",NA,NA,NA,1,NA,NA,NA,"Oviedo Museum",NA,"Nº 31","87_NOCOMPLEXHymenopteros_OVIEDO_20231024827"
"Bombus",NA,"terrestris",NA,"España","Cantabria","Penagos",NA,NA,NA,NA,NA,NA,NA,NA,"J. de la Hoz","J. Hoz",NA,NA,NA,1,NA,NA,NA,"Oviedo Museum","Prados","Nº 20","87_NOCOMPLEXHymenopteros_OVIEDO_20231024828"
"Bombus",NA,"terrestris/lucorum",NA,"España","Pontevedra","Villanueva de Arosa",NA,NA,NA,NA,NA,NA,NA,NA,"E. Pérez García","",NA,NA,NA,1,NA,NA,NA,"Oviedo Museum","Sobre un cristal","Nº 21","87_NOCOMPLEXHymenopteros_OVIEDO_20231024829"
"Bombus",NA,"terrestris",NA,"España","Asturias","Gijón",NA,NA,NA,"1980",4,5,NA,NA,"Belén Rabanal","",NA,NA,NA,1,NA,NA,NA,"Oviedo Museum",NA,"Nº 22","87_NOCOMPLEXHymenopteros_OVIEDO_20231024830"
"Bombus",NA,"terrestris",NA,"España","Asturias","Grado",NA,NA,NA,"1981",4,5,NA,NA,"Isabel Fdez García","",NA,NA,NA,1,NA,NA,NA,"Oviedo Museum",NA,"Nº 32","87_NOCOMPLEXHymenopteros_OVIEDO_20231024831"
"Bombus",NA,"terrestris",NA,"España","Asturias","Cruz de Illas",NA,NA,NA,"1983",6,5,NA,NA,"M. P. Rodríguez","M. P. Rodríguez",NA,NA,NA,1,NA,NA,NA,"Oviedo Museum",NA,"Nº 18","87_NOCOMPLEXHymenopteros_OVIEDO_20231024832"
"Bombus",NA,"lucorum",NA,"España","Asturias","La Pereda",NA,NA,NA,"1982",5,16,NA,NA,"L. Carrera","L. Carrera",NA,NA,NA,1,NA,NA,NA,"Oviedo Museum","Sobre flor","Nº 17","87_NOCOMPLEXHymenopteros_OVIEDO_20231024833"
"Bombus",NA,"lucorum",NA,"España","Asturias","Selorio",NA,NA,NA,"1981",4,7,NA,NA,"F. Reguero","F. Reguero",NA,NA,NA,1,NA,NA,NA,"Oviedo Museum","Pradera","Nº 11. Hay otra etiqueta tachada con los siguientes datos: El Pardo (Madrid) 3-4-1980 C. Blanco","87_NOCOMPLEXHymenopteros_OVIEDO_20231024834"
"Bombus",NA,"lucorum",NA,"España","Asturias","Selorio",NA,NA,NA,"1981",8,4,NA,NA,NA,"",NA,NA,NA,1,NA,NA,NA,"Oviedo Museum","Pradera","Nº 12. Hay una etiqueta tachada que dice: Bombus lucorum C. Blanco","87_NOCOMPLEXHymenopteros_OVIEDO_20231024835"
"Apis",NA,"mellifera",NA,"España","Asturias","Pola de Lena",NA,NA,NA,"1983",5,25,NA,NA,"P. G. Campomanes","P. G. Campomanes",NA,NA,NA,1,NA,NA,NA,"Oviedo Museum",NA,NA,"87_NOCOMPLEXHymenopteros_OVIEDO_20231024836"
"Apis",NA,"mellifera",NA,"España","Asturias","Naranco (Oviedo)",NA,NA,NA,"1983",5,8,NA,NA,"A. Riol Diego","A. Riol Diego",NA,NA,NA,1,NA,NA,NA,"Oviedo Museum",NA,NA,"87_NOCOMPLEXHymenopteros_OVIEDO_20231024837"
"Apis",NA,"mellifera",NA,"España","Asturias","Oviedo",NA,NA,NA,"1983",5,27,NA,NA,"J. García-Oliva","",NA,NA,NA,1,NA,NA,NA,"Oviedo Museum",NA,"Tiene moho","87_NOCOMPLEXHymenopteros_OVIEDO_20231024838"
"Apis",NA,"mellifera",NA,"España","Asturias","Cabueñes",NA,NA,NA,"1983",6,8,NA,NA,"Elvira Bernardo Franco","Elvira Bernardo Franco",NA,NA,NA,1,NA,NA,NA,"Oviedo Museum",NA,NA,"87_NOCOMPLEXHymenopteros_OVIEDO_20231024839"
"Apis",NA,"mellifera",NA,"España","Asturias","Villar (Luarca)",NA,NA,NA,"1989",10,25,NA,NA,"Mª Jesús Fdez","Mª Jesús Fdez",NA,NA,NA,1,NA,NA,NA,"Oviedo Museum",NA,NA,"87_NOCOMPLEXHymenopteros_OVIEDO_20231024840"
"Apis",NA,"mellifera",NA,"España","Asturias","La Venta (Luarca)",NA,NA,NA,"1983",6,3,NA,NA,"Fco García Suárez","Fco García Suárez",NA,NA,NA,1,NA,NA,NA,"Oviedo Museum",NA,"Tiene moho","87_NOCOMPLEXHymenopteros_OVIEDO_20231024841"
"Apis",NA,"mellifera",NA,"España","Asturias","Naranco (Oviedo)",NA,NA,NA,"1983",5,22,NA,NA,"F. Miguel Fanjul","",NA,NA,NA,1,NA,NA,NA,"Oviedo Museum",NA,NA,"87_NOCOMPLEXHymenopteros_OVIEDO_20231024842"
"Apis",NA,"mellifera",NA,"España","Salamanca","Batuecas",NA,NA,NA,"1979",9,28,NA,NA,"O. Hernández","Orencio H. P.",NA,NA,NA,1,NA,NA,NA,"Oviedo Museum",NA,NA,"87_NOCOMPLEXHymenopteros_OVIEDO_20231024843"
"Apis",NA,"mellifera",NA,"España","Asturias","Parque -Gijón",NA,NA,NA,"1982",5,6,NA,NA,"I. Pomar Amillo","I. Pomar Amillo",NA,NA,NA,1,NA,NA,NA,"Oviedo Museum","Parque","Tiene moho","87_NOCOMPLEXHymenopteros_OVIEDO_20231024844"
"Apis",NA,"mellifera",NA,"España","Asturias","Pereda",NA,NA,NA,"2008",3,21,NA,NA,"M. F. Velasco","M. F. Velasco",NA,NA,NA,1,NA,NA,NA,"Oviedo Museum","Pradera",NA,"87_NOCOMPLEXHymenopteros_OVIEDO_20231024845"
"Apis",NA,"mellifera",NA,"España","Asturias","Mieres",NA,NA,NA,"1983",5,8,NA,NA,"C. Díez-Sala","C. Díez-Sala",NA,NA,NA,1,NA,NA,NA,"Oviedo Museum",NA,NA,"87_NOCOMPLEXHymenopteros_OVIEDO_20231024846"
"Apis",NA,"mellifera",NA,"España","Asturias","Mieres",NA,NA,NA,"1983",6,10,NA,NA,"Generosa Álvarez","Generosa Álvarez",NA,NA,NA,1,NA,NA,NA,"Oviedo Museum",NA,"Tiene moho","87_NOCOMPLEXHymenopteros_OVIEDO_20231024847"
"Apis",NA,"mellifera",NA,"España","Asturias","Vargas",NA,NA,NA,"1977",7,12,NA,NA,"Orencio H. Palacios","Orencio H. Palacios",NA,NA,NA,1,NA,NA,NA,"Oviedo Museum",NA,NA,"87_NOCOMPLEXHymenopteros_OVIEDO_20231024848"
"Apis",NA,"mellifera",NA,"España","Asturias","Gijón",NA,NA,NA,"1982",5,20,NA,NA,"Luis I. Martín Lorenzo","",NA,NA,NA,1,NA,NA,NA,"Oviedo Museum","Campo de siega",NA,"87_NOCOMPLEXHymenopteros_OVIEDO_20231024849"
"Apis",NA,"sp.",NA,"España","Asturias","Sueve",NA,NA,NA,"1991",8,24,NA,NA,"F. Reguero","",NA,NA,NA,1,NA,NA,NA,"Oviedo Museum","Pradera",NA,"87_NOCOMPLEXHymenopteros_OVIEDO_20231024850"
"Apis",NA,"sp.",NA,"España","Asturias","Samalea",NA,NA,NA,"1983",5,7,NA,NA,"M. Álvarez Romo","M. Álvarez Romo",NA,NA,NA,1,NA,NA,NA,"Oviedo Museum","Alrededor de colmena",NA,"87_NOCOMPLEXHymenopteros_OVIEDO_20231024851"
"Apis",NA,"mellifera",NA,"España","Asturias","Llanera",NA,NA,NA,"1980",9,12,NA,NA,"Ana Quero","",NA,NA,NA,1,NA,NA,NA,"Oviedo Museum",NA,NA,"87_NOCOMPLEXHymenopteros_OVIEDO_20231024852"
"Apis",NA,"mellifera",NA,"España","Asturias","Cabueñes",NA,NA,NA,"1991",8,10,NA,NA,"Sergio Solano","",NA,NA,NA,1,NA,NA,NA,"Oviedo Museum","Jardín","Tiene moho","87_NOCOMPLEXHymenopteros_OVIEDO_20231024853"
"Apis",NA,"mellifera",NA,"España","Asturias","Corvera",NA,NA,NA,"1981",3,29,NA,NA,"J. A. Carbajal Alba","J. A. Carbajal Alba",NA,NA,NA,1,NA,NA,NA,"Oviedo Museum","Prado","42. 810329 Tiene moho","87_NOCOMPLEXHymenopteros_OVIEDO_20231024854"
"Apis",NA,"mellifera",NA,"España","Asturias","Cabueñes",NA,NA,NA,"1981",9,9,NA,NA,"Sergio Solano","",NA,NA,NA,1,NA,NA,NA,"Oviedo Museum","Jardín","Tiene moho","87_NOCOMPLEXHymenopteros_OVIEDO_20231024855"
"Apis",NA,"mellifera",NA,"España","Burgos","Sedano",NA,NA,NA,"1982",7,10,NA,NA,"M. J. Adrián","",NA,NA,NA,1,NA,NA,NA,"Oviedo Museum",NA,"Tiene moho","87_NOCOMPLEXHymenopteros_OVIEDO_20231024856"
"Apis",NA,"mellifera",NA,"España","Asturias","La Manjoya",NA,NA,NA,"1984",4,2,NA,NA,"Adela Martínez","Adela Martínez",NA,NA,NA,1,NA,NA,NA,"Oviedo Museum",NA,"Tiene moho","87_NOCOMPLEXHymenopteros_OVIEDO_20231024857"
"Apis",NA,"mellifera",NA,"España","Asturias","Mayau Solís",NA,NA,NA,"1984",4,14,NA,NA,"Ladis del Río","",NA,NA,NA,1,NA,NA,NA,"Oviedo Museum","En flor","Tiene moho","87_NOCOMPLEXHymenopteros_OVIEDO_20231024858"
"Apis",NA,"mellifera",NA,"España","Asturias","Mayau Solís",NA,NA,NA,"1984",4,14,NA,NA,"Ladis del Río","",NA,NA,NA,1,NA,NA,NA,"Oviedo Museum","En flor","Tiene moho","87_NOCOMPLEXHymenopteros_OVIEDO_20231024859"
"Apis",NA,"mellifera",NA,"España","Asturias","Mayau Solís",NA,NA,NA,"1984",4,14,NA,NA,"Ladis del Río","",NA,NA,NA,1,NA,NA,NA,"Oviedo Museum","En flor","Tiene moho","87_NOCOMPLEXHymenopteros_OVIEDO_20231024860"
"Apis",NA,"mellifera",NA,"España","Asturias","Arriondas",NA,NA,NA,"1983",6,6,NA,NA,"L. Muñíz","",NA,NA,NA,1,NA,NA,NA,"Oviedo Museum",NA,"Tiene moho","87_NOCOMPLEXHymenopteros_OVIEDO_20231024861"
"Apis",NA,"mellifera",NA,"España","Asturias","Las Mestas",NA,NA,NA,"1984",4,23,NA,NA,"L. Carrera","",NA,NA,NA,1,NA,NA,NA,"Oviedo Museum","Sobre una flor","Tiene moho","87_NOCOMPLEXHymenopteros_OVIEDO_20231024862"
"Apis",NA,"mellifera",NA,"España","Asturias","Mayau Solís",NA,NA,NA,"1984",4,14,NA,NA,"Ladis del Río","",NA,NA,NA,1,NA,NA,NA,"Oviedo Museum","En flor","Tiene moho","87_NOCOMPLEXHymenopteros_OVIEDO_20231024863"
"Apis",NA,"mellifera",NA,"España","Asturias","Mayau Solís",NA,NA,NA,"1984",4,15,NA,NA,"Ladis del Río","",NA,NA,NA,1,NA,NA,NA,"Oviedo Museum","En flor",NA,"87_NOCOMPLEXHymenopteros_OVIEDO_20231024864"
"Apis",NA,"mellifera",NA,"España","Asturias","El Carbayu",NA,NA,NA,"1984",4,21,NA,NA,"Ladis del Río","",NA,NA,NA,1,NA,NA,NA,"Oviedo Museum","Prado","Tiene moho","87_NOCOMPLEXHymenopteros_OVIEDO_20231024865"
"Apis",NA,"mellifera",NA,"España","Asturias","Bañugues",NA,NA,NA,"1983",6,13,NA,NA,"A. Barahona","A. Barahona",NA,NA,NA,1,NA,NA,NA,"Oviedo Museum",NA,NA,"87_NOCOMPLEXHymenopteros_OVIEDO_20231024866"
"Apis",NA,"mellifera",NA,"España","Asturias","S. Pedro de Luiña",NA,NA,NA,"1980",5,11,NA,NA,"J. Adeba Vallina","J. Adeba Vallina",NA,NA,NA,1,NA,NA,NA,"Oviedo Museum","Playa",NA,"87_NOCOMPLEXHymenopteros_OVIEDO_20231024867"
"Apis",NA,"mellifera",NA,"España","Asturias","Naranco (Oviedo)",NA,NA,NA,"1983",5,30,NA,NA,"R. de la Peña","R. de la Peña",NA,NA,NA,1,NA,NA,NA,"Oviedo Museum","Sobre Brassica","Tiene moho","87_NOCOMPLEXHymenopteros_OVIEDO_20231024868"
"Apis",NA,"mellifera",NA,"España","Asturias","Latores",NA,NA,NA,"1980",4,27,NA,NA,"G. J. Jardón","Gilberto J. Jardón",NA,NA,NA,1,NA,NA,NA,"Oviedo Museum","Sobre Lamiaceae",NA,"87_NOCOMPLEXHymenopteros_OVIEDO_20231024869"
"Apis",NA,"sp.",NA,"España","Asturias","Ballota",NA,NA,NA,"1981",6,7,NA,NA,"Antonieta Feites","Antonieta Feites",NA,NA,NA,1,NA,NA,NA,"Oviedo Museum","Jardín",NA,"87_NOCOMPLEXHymenopteros_OVIEDO_20231024870"
"Apis",NA,"mellifera",NA,"España","Asturias","La Veguina",NA,NA,NA,"1980",3,23,NA,NA,"Mª Elena Díaz S.","Mª Elena Díaz S.",NA,NA,NA,1,NA,NA,NA,"Oviedo Museum","Prado",NA,"87_NOCOMPLEXHymenopteros_OVIEDO_20231024871"
"Apis",NA,"mellifera",NA,"España","Asturias","Villarejo",NA,NA,NA,"1980",6,16,NA,NA,"A. Mtnz Barrero","A. Mtnz Barrero",NA,NA,NA,1,NA,NA,NA,"Oviedo Museum","Sobre flor",NA,"87_NOCOMPLEXHymenopteros_OVIEDO_20231024872"
"Apis",NA,"mellifera",NA,"España","Asturias","Naranco (Oviedo)",NA,NA,NA,"1980",5,25,NA,NA,"J. A. Blanco","J. A. Blanco",NA,NA,NA,1,NA,NA,NA,"Oviedo Museum",NA,NA,"87_NOCOMPLEXHymenopteros_OVIEDO_20231024873"
"Apis",NA,"mellifera",NA,"España","Asturias","Luanco",NA,NA,NA,"1980",4,11,NA,NA,"Luisa García","Luisa García",NA,NA,NA,1,NA,NA,NA,"Oviedo Museum",NA,NA,"87_NOCOMPLEXHymenopteros_OVIEDO_20231024874"
"Apis",NA,"mellifera",NA,"España","Asturias","Deva",NA,NA,NA,"1980",5,25,NA,NA,"Mª José Álvarez","",NA,NA,NA,1,NA,NA,NA,"Oviedo Museum","Prado",NA,"87_NOCOMPLEXHymenopteros_OVIEDO_20231024875"
"Apis",NA,"mellifera",NA,"España","Asturias","Ricaba",NA,NA,NA,"1980",5,29,NA,NA,"Ana Viejo","Ana Viejo",NA,NA,NA,1,NA,NA,NA,"Oviedo Museum","Enjambre",NA,"87_NOCOMPLEXHymenopteros_OVIEDO_20231024876"
"Apis",NA,"mellifera",NA,"España","Asturias","Naranco (Oviedo)",NA,NA,NA,NA,NA,NA,NA,NA,"Juan R. Villazón","Juan R. Villazón",NA,NA,NA,1,NA,NA,NA,"Oviedo Museum",NA,"Volando","87_NOCOMPLEXHymenopteros_OVIEDO_20231024877"
"Apis",NA,"mellifera",NA,"España","Asturias","Gijón",NA,NA,NA,"1983",6,4,NA,NA,"A. Anadón","",NA,NA,NA,1,NA,NA,NA,"Oviedo Museum","Borde de carretera",NA,"87_NOCOMPLEXHymenopteros_OVIEDO_20231024878"
"Apis",NA,"mellifera",NA,"España","Asturias","Trubia",NA,NA,NA,"1980",5,27,NA,NA,"Rosario Fdez","",NA,NA,NA,1,NA,NA,NA,"Oviedo Museum","Prado",NA,"87_NOCOMPLEXHymenopteros_OVIEDO_20231024879"
"Apis",NA,"mellifera",NA,"España","Asturias","Heros",NA,NA,NA,"1980",5,28,NA,NA,"Luis M. Quirós","Luis M. Quirós",NA,NA,NA,1,NA,NA,NA,"Oviedo Museum","Sobre flor",NA,"87_NOCOMPLEXHymenopteros_OVIEDO_20231024880"
"Apis",NA,"mellifera",NA,"España","Asturias","Gijón",NA,NA,NA,"1980",5,18,NA,NA,"Beatriz Infiesta","",NA,NA,NA,1,NA,NA,NA,"Oviedo Museum",NA,NA,"87_NOCOMPLEXHymenopteros_OVIEDO_20231024881"
"Apis",NA,"mellifera",NA,"España","Asturias","Avilés",NA,NA,NA,"1980",5,22,NA,NA,NA,"",NA,NA,NA,1,NA,NA,NA,"Oviedo Museum",NA,NA,"87_NOCOMPLEXHymenopteros_OVIEDO_20231024882"
"Apis",NA,"mellifera",NA,"España",NA,"Trobia",NA,NA,NA,"1989",11,1,NA,NA,"Fernando Cardesin","Fernando Cardesin",1,NA,NA,0,NA,NA,NA,"Oviedo Museum","Borde carretera. En el suelo",NA,"87_NOCOMPLEXHymenopteros_OVIEDO_20231024883"
"Apis",NA,"mellifera",NA,"España","Asturias","Villar",NA,NA,NA,NA,NA,NA,NA,NA,"Ángeles Lauriño","Ángeles Lauriño",NA,NA,NA,1,NA,NA,NA,"Oviedo Museum",NA,"Tiene moho","87_NOCOMPLEXHymenopteros_OVIEDO_20231024884"
"Apis",NA,"mellifera",NA,"España","Asturias","Polígono de Silvota",NA,NA,NA,"1981",5,25,NA,NA,NA,"",NA,NA,NA,1,NA,NA,NA,"Oviedo Museum","Entre Iris pseudoacorus",NA,"87_NOCOMPLEXHymenopteros_OVIEDO_20231024885"
"Apis",NA,"mellifera",NA,"España","Asturias","Naranco (Oviedo)",NA,NA,NA,"1980",5,28,NA,NA,"I. Rasines","",NA,NA,NA,1,NA,NA,NA,"Oviedo Museum",NA,NA,"87_NOCOMPLEXHymenopteros_OVIEDO_20231024886"
"Apis",NA,"mellifera",NA,"España","Cantabria","Marrón",NA,NA,NA,"1989",8,27,NA,NA,"Diego Alvarado","Diego Alvarado",NA,NA,NA,1,NA,NA,NA,"Oviedo Museum",NA,NA,"87_NOCOMPLEXHymenopteros_OVIEDO_20231024887"
"Apis",NA,"mellifera",NA,"España","León","Villamanín",NA,NA,NA,"1990",4,13,NA,NA,"J. M. Cigarra","J. Cigarra",NA,NA,NA,1,NA,NA,NA,"Oviedo Museum",NA,NA,"87_NOCOMPLEXHymenopteros_OVIEDO_20231024888"
"Apis",NA,"mellifera",NA,"España","Asturias","Oviedo",NA,NA,NA,"1990",6,10,NA,NA,"J. Riera","J. Riera",NA,NA,NA,1,NA,NA,NA,"Oviedo Museum",NA,NA,"87_NOCOMPLEXHymenopteros_OVIEDO_20231024889"
"Apis",NA,"mellifera",NA,"España","Asturias","Avilés",NA,NA,NA,"1989",8,21,NA,NA,"Gonzalo Rguez","Gonzalo Rguez",NA,NA,NA,1,NA,NA,NA,"Oviedo Museum",NA,NA,"87_NOCOMPLEXHymenopteros_OVIEDO_20231024890"
"Apis",NA,"mellifera",NA,"España","Asturias","Onís",NA,NA,NA,"1980",5,26,NA,NA,"Lydia Muñiz","",NA,NA,NA,1,NA,NA,NA,"Oviedo Museum",NA,NA,"87_NOCOMPLEXHymenopteros_OVIEDO_20231024891"
"Apis",NA,"mellifera",NA,"España","Asturias","S. Pedro (Soto de Luiña)",NA,NA,NA,"1988",7,15,NA,NA,"Nieves Egocheaga","Nieves Egocheaga",NA,NA,NA,1,NA,NA,NA,"Oviedo Museum",NA,NA,"87_NOCOMPLEXHymenopteros_OVIEDO_20231024892"
"Apis",NA,"mellifera",NA,"España","Asturias","Sierra del Sueve",NA,NA,NA,"1980",5,15,NA,NA,"E. Ferreras","",NA,NA,NA,1,NA,NA,NA,"Oviedo Museum",NA,NA,"87_NOCOMPLEXHymenopteros_OVIEDO_20231024893"
"Apis",NA,"mellifera",NA,"España","Asturias","Grado",NA,NA,NA,"1980",5,17,NA,NA,"B. M. Miranda","A. Anadón-A. Quero",NA,NA,NA,1,NA,NA,NA,"Oviedo Museum","Sobre planta",NA,"87_NOCOMPLEXHymenopteros_OVIEDO_20231024894"
"Apis",NA,"mellifera",NA,"España","Asturias","Parque de invierno (Oviedo)",NA,NA,NA,"1990",5,16,NA,NA,"Gemma Llaneza","Gemma Llaneza",NA,NA,NA,1,NA,NA,NA,"Oviedo Museum",NA,NA,"87_NOCOMPLEXHymenopteros_OVIEDO_20231024895"
"Apis",NA,"mellifera",NA,"España","Asturias","La Toba (Avilés)",NA,NA,NA,"1990",6,15,NA,NA,"Carlos J. Fco","Carlos J. Fco",NA,NA,NA,1,NA,NA,NA,"Oviedo Museum",NA,NA,"87_NOCOMPLEXHymenopteros_OVIEDO_20231024896"
"Apis",NA,"mellifera",NA,"España","León","Carbajal",NA,NA,NA,"1988",3,16,NA,NA,"Pellitero","Pellitero",NA,NA,NA,1,NA,NA,NA,"Oviedo Museum",NA,NA,"87_NOCOMPLEXHymenopteros_OVIEDO_20231024897"
"Apis",NA,"mellifera",NA,"España","Asturias","Parque invierno (Oviedo)",NA,NA,NA,"1990",6,17,NA,NA,"Clara Fdez Ochoa","Clara Fdez Ochoa",NA,NA,NA,1,NA,NA,NA,"Oviedo Museum",NA,NA,"87_NOCOMPLEXHymenopteros_OVIEDO_20231024898"
"Apis",NA,"mellifera",NA,"España","León","Carbajal",NA,NA,NA,"1988",3,16,NA,NA,"Quintana","Quintana",NA,NA,NA,1,NA,NA,NA,"Oviedo Museum",NA,NA,"87_NOCOMPLEXHymenopteros_OVIEDO_20231024899"
"Apis",NA,"mellifera",NA,"España","Cantabria","Zurita",NA,NA,NA,"1994",4,18,NA,NA,"Laura Alonso","Patricia Alonso",NA,NA,NA,1,NA,NA,NA,"Oviedo Museum",NA,NA,"87_NOCOMPLEXHymenopteros_OVIEDO_20231024900"
"Apis",NA,"mellifera",NA,"España","Asturias","Oviedo",NA,NA,NA,"1994",6,2,NA,NA,"Blanca Glez","Blanca Glez",NA,NA,NA,1,NA,NA,NA,"Oviedo Museum",NA,NA,"87_NOCOMPLEXHymenopteros_OVIEDO_20231024901"
"Apis",NA,"mellifera",NA,"España","Asturias","Verdicio",NA,NA,NA,"1994",7,28,NA,NA,"Begoña Galán Suárez","Begoña Galán Suárez",NA,NA,NA,1,NA,NA,NA,"Oviedo Museum",NA,NA,"87_NOCOMPLEXHymenopteros_OVIEDO_20231024902"
"Apis",NA,"mellifera",NA,"España","Orense","Allariz",NA,NA,NA,"1993",11,17,NA,NA,"Alberto López","Alberto López",NA,NA,NA,1,NA,NA,NA,"Oviedo Museum",NA,NA,"87_NOCOMPLEXHymenopteros_OVIEDO_20231024903"
"Apis",NA,"mellifera",NA,"España","Asturias","Tiñana",NA,NA,NA,"1994",3,24,NA,NA,"Ana Benito","Ana Benito",NA,NA,NA,1,NA,NA,NA,"Oviedo Museum",NA,NA,"87_NOCOMPLEXHymenopteros_OVIEDO_20231024904"
"Apis",NA,"mellifera",NA,"España","Asturias","La Barraca-Riaño",NA,NA,NA,"1993",8,19,NA,NA,"A. Noval","A. Noval",NA,NA,NA,1,NA,NA,NA,"Oviedo Museum",NA,NA,"87_NOCOMPLEXHymenopteros_OVIEDO_20231024905"
"Apis",NA,"mellifera",NA,"España","Asturias","Arnao",NA,NA,NA,"1992",7,12,NA,NA,"Ricardo R. Fdez","Ricardo R. Fdez",NA,NA,NA,1,NA,NA,NA,"Oviedo Museum",NA,NA,"87_NOCOMPLEXHymenopteros_OVIEDO_20231024906"
"Apis",NA,"mellifera",NA,"España","Asturias","Peón",NA,NA,NA,"1994",5,8,NA,NA,"Carmela Menéndez","Carmela Menéndez",NA,NA,NA,1,NA,NA,NA,"Oviedo Museum",NA,NA,"87_NOCOMPLEXHymenopteros_OVIEDO_20231024907"
"Apis",NA,"mellifera",NA,"España","Asturias","Sama de Langreo",NA,NA,NA,"1993",8,15,NA,NA,"Pablo Prado Aller","Pablo Prado Aller",NA,NA,NA,1,NA,NA,NA,"Oviedo Museum",NA,NA,"87_NOCOMPLEXHymenopteros_OVIEDO_20231024908"
"Apis",NA,"mellifera",NA,"España","Asturias","Luarca?",NA,NA,NA,NA,NA,NA,NA,NA,"A. Busto","",NA,NA,NA,1,NA,NA,NA,"Oviedo Museum",NA,NA,"87_NOCOMPLEXHymenopteros_OVIEDO_20231024909"
"Apis",NA,"mellifera",NA,"España","Guipúzcoa","Fuenterrabía",NA,NA,NA,NA,NA,NA,NA,NA,"Mª Jesús Eceiza","Mª Jesús Eceiza",NA,NA,NA,1,NA,NA,NA,"Oviedo Museum",NA,NA,"87_NOCOMPLEXHymenopteros_OVIEDO_20231024910"
"Apis",NA,"mellifera",NA,"España","Asturias","Oviedo",NA,NA,NA,"1992",11,11,NA,NA,"Magdalena Sanz","Magdalena Sanz",NA,NA,NA,1,NA,NA,NA,"Oviedo Museum",NA,NA,"87_NOCOMPLEXHymenopteros_OVIEDO_20231024911"
"Apis",NA,"mellifera",NA,"España",NA,"Leitariegos",NA,NA,NA,"1992",11,4,NA,NA,"M. Manzaneque","M. Manzaneque",NA,NA,NA,1,NA,NA,NA,"Oviedo Museum",NA,NA,"87_NOCOMPLEXHymenopteros_OVIEDO_20231024912"
"Apis",NA,"mellifera",NA,"España","Asturias","Mareo (Gijón)",NA,NA,NA,"1993",5,5,NA,NA,"Sonia Glez","Sonia Glez",NA,NA,NA,1,NA,NA,NA,"Oviedo Museum",NA,NA,"87_NOCOMPLEXHymenopteros_OVIEDO_20231024913"
"Andrena",NA,"sp.",NA,"España","Madrid","Madrid",NA,NA,NA,NA,NA,NA,NA,NA,"B. Arroyo","",NA,NA,NA,1,NA,NA,NA,"Oviedo Museum",NA,NA,"87_NOCOMPLEXHymenopteros_OVIEDO_20231024914"
"Apis",NA,"mellifera",NA,"España","León","León",NA,NA,NA,NA,NA,NA,NA,NA,"Juan José Castro","",NA,NA,NA,1,NA,NA,NA,"Oviedo Museum","Cogida en una colmena","Tiene moho","87_NOCOMPLEXHymenopteros_OVIEDO_20231024915"
"Apis",NA,"mellifera",NA,"España","Cantabria","Villar",NA,NA,NA,"1992",9,13,NA,NA,"M. Gatón","M. Gatón",NA,NA,NA,1,NA,NA,NA,"Oviedo Museum",NA,NA,"87_NOCOMPLEXHymenopteros_OVIEDO_20231024916"
"Apis",NA,"mellifera",NA,"España","Asturias","La Carbayeda",NA,NA,NA,"1991",5,18,NA,NA,"B. Baranda","B. Baranda",NA,NA,NA,1,NA,NA,NA,"Oviedo Museum",NA,NA,"87_NOCOMPLEXHymenopteros_OVIEDO_20231024917"
"Apis",NA,"mellifera",NA,"España","Asturias","Gijón",NA,NA,NA,"1990",3,21,NA,NA,"Ana Otegui","Ana Otegui",NA,NA,NA,1,NA,NA,NA,"Oviedo Museum",NA,NA,"87_NOCOMPLEXHymenopteros_OVIEDO_20231024918"
"Apis",NA,"mellifera",NA,"España","Asturias","Pola de Lena (Valle El Peral)",NA,NA,NA,"1990",8,6,NA,NA,"Susana L. Acevedo","Susana Acevedo",NA,NA,NA,1,NA,NA,NA,"Oviedo Museum","Sobre zarzas",NA,"87_NOCOMPLEXHymenopteros_OVIEDO_20231024919"
"Apis",NA,"mellifera",NA,"España","Cantabria","Liaño de Villaescusa",NA,NA,NA,"1992",5,28,NA,NA,"J. L. Herrero","Ana Pérez",NA,NA,NA,1,NA,NA,NA,"Oviedo Museum",NA,"Tiene moho","87_NOCOMPLEXHymenopteros_OVIEDO_20231024920"
"Apis",NA,"mellifera",NA,"España","Asturias","Oviedo",NA,NA,NA,"1993",4,15,NA,NA,"Ángeles Mtez","Ángeles Mtez",NA,NA,NA,1,NA,NA,NA,"Oviedo Museum",NA,NA,"87_NOCOMPLEXHymenopteros_OVIEDO_20231024921"
"Apis",NA,"mellifera",NA,"España","Asturias","Tineo",NA,NA,NA,NA,NA,NA,NA,NA,"Carmen Mdez","Elvira García",NA,NA,NA,1,NA,NA,NA,"Oviedo Museum",NA,"Tiene moho","87_NOCOMPLEXHymenopteros_OVIEDO_20231024922"
"Apis",NA,"mellifera",NA,"España","Asturias","Oviedo",NA,NA,NA,"1991",5,28,NA,NA,"Loren Pérez Melero","Loren Pérez Melero",NA,NA,NA,1,NA,NA,NA,"Oviedo Museum","Casa","Tiene moho","87_NOCOMPLEXHymenopteros_OVIEDO_20231024923"
"Apis",NA,"mellifera",NA,"España","Cantabria",NA,NA,NA,NA,"1978",5,25,NA,NA,"L. Polidura","",NA,NA,NA,1,NA,NA,NA,"Oviedo Museum","Costa","Tiene moho","87_NOCOMPLEXHymenopteros_OVIEDO_20231024924"
"Eucera",NA,"sp.",NA,"España","Asturias","Somio",NA,NA,NA,"1991",5,15,NA,NA,"M. A. Paredes","M. A. Paredes",NA,NA,NA,1,NA,NA,NA,"Oviedo Museum","Jardín",NA,"87_NOCOMPLEXHymenopteros_OVIEDO_20231024925"
"Apis",NA,"mellifera",NA,"España","Madrid","Madrid",NA,NA,NA,NA,NA,NA,NA,NA,"B. Arroyo","",NA,NA,NA,1,NA,NA,NA,"Oviedo Museum",NA,NA,"87_NOCOMPLEXHymenopteros_OVIEDO_20231024926"
"Apis",NA,"mellifera",NA,"España","Asturias","Villandio (Turón)",NA,NA,NA,"1988",7,6,NA,NA,"M. A. Díaz Díaz","M. A. Díaz Díaz",NA,NA,NA,1,NA,NA,NA,"Oviedo Museum",NA,NA,"87_NOCOMPLEXHymenopteros_OVIEDO_20231024927"
"Apis",NA,"mellifera",NA,"España","Asturias","Pillarno",NA,NA,NA,"1992",7,10,NA,NA,"R. Julia Rguez","R. Julia Rguez",NA,NA,NA,1,NA,NA,NA,"Oviedo Museum",NA,NA,"87_NOCOMPLEXHymenopteros_OVIEDO_20231024928"
"Apis",NA,"mellifera",NA,"España","Asturias","Blimea",NA,NA,NA,"1992",6,14,NA,NA,"L. M. Alonso Cuetos","L. M. Alonso Cuetos",NA,NA,NA,1,NA,NA,NA,"Oviedo Museum","Prado de Siega",NA,"87_NOCOMPLEXHymenopteros_OVIEDO_20231024929"
"Apis",NA,"mellifera",NA,"España","Pontevedra","Meaño",NA,NA,NA,"1988",8,16,NA,NA,"R. Trabazo","R. Trabazo",NA,NA,NA,1,NA,NA,NA,"Oviedo Museum","Sobre Fragaria",NA,"87_NOCOMPLEXHymenopteros_OVIEDO_20231024930"
"Apis",NA,"mellifera",NA,"España","Asturias","Luarca",NA,NA,NA,"1992",4,30,NA,NA,"A. Fdez-Ojanguren","A. Fdez-Ojanguren",1,NA,NA,0,NA,NA,NA,"Oviedo Museum",NA,NA,"87_NOCOMPLEXHymenopteros_OVIEDO_20231024931"
"Apis",NA,"mellifera",NA,"España","Palencia","La Pisa",NA,NA,NA,"1993",8,31,NA,NA,"Santiago Álvarez","Ana C. Álvarez",NA,NA,NA,1,NA,NA,NA,"Oviedo Museum",NA,NA,"87_NOCOMPLEXHymenopteros_OVIEDO_20231024932"
"Apis",NA,"mellifera",NA,"España","Asturias","Soto de Llanera (Pruvia)",NA,NA,NA,"1993",5,30,NA,NA,"Pilar Uria Tejero","Pilar Uria Tejero",NA,NA,NA,1,NA,NA,NA,"Oviedo Museum",NA,NA,"87_NOCOMPLEXHymenopteros_OVIEDO_20231024933"
"Apis",NA,"mellifera",NA,"España","Cantabria","Bedoya",NA,NA,NA,"1993",8,21,NA,NA,"Ángela F. Roiz","Ángela F. Roiz",NA,NA,NA,1,NA,NA,NA,"Oviedo Museum",NA,NA,"87_NOCOMPLEXHymenopteros_OVIEDO_20231024934"
"Apis",NA,"mellifera",NA,"España","Asturias","Miranda",NA,NA,NA,"1991",5,28,NA,NA,"G. Mutuberría Díaz","G. Mutuberría Díaz",NA,NA,NA,1,NA,NA,NA,"Oviedo Museum",NA,NA,"87_NOCOMPLEXHymenopteros_OVIEDO_20231024935"
"Apis",NA,"mellifera",NA,"España","Asturias","Deva",NA,NA,NA,"1994",3,24,NA,NA,"A. López Basteiro","A. López Basteiro",NA,NA,NA,1,NA,NA,NA,"Oviedo Museum",NA,NA,"87_NOCOMPLEXHymenopteros_OVIEDO_20231024936"
"Apis",NA,"mellifera",NA,"España","Asturias","Poo de Llanes",NA,NA,NA,"1988",5,15,NA,NA,"M. José Ruiz de Arehovebl.","M. José Ruiz de Arehovebl.",NA,NA,NA,1,NA,NA,NA,"Oviedo Museum",NA,NA,"87_NOCOMPLEXHymenopteros_OVIEDO_20231024937"
"Apis",NA,"mellifera",NA,"España","Asturias","Avín",NA,NA,NA,"1991",10,22,NA,NA,"Fernando F. Cobos","",NA,NA,NA,1,NA,NA,NA,"Oviedo Museum",NA,NA,"87_NOCOMPLEXHymenopteros_OVIEDO_20231024938"
"Anthophora","sp.","?",NA,"España","Asturias","Luanco",NA,NA,NA,"1992",9,11,NA,NA,"Fernando F. Cobos","",NA,NA,NA,1,NA,NA,NA,"Oviedo Museum",NA,NA,"87_NOCOMPLEXHymenopteros_OVIEDO_20231024939"
"Apis",NA,"mellifera",NA,"España","Asturias","Deva",NA,NA,NA,"1993",8,1,NA,NA,"Antonio Fernández","Antonio Fernández",NA,NA,NA,1,NA,NA,NA,"Oviedo Museum",NA,NA,"87_NOCOMPLEXHymenopteros_OVIEDO_20231024940"
"Apis",NA,"mellifera",NA,"España","Asturias","Gijón",NA,NA,NA,"1987",4,16,NA,NA,"L. López Herrero","",NA,NA,NA,1,NA,NA,NA,"Oviedo Museum",NA,NA,"87_NOCOMPLEXHymenopteros_OVIEDO_20231024941"
"Apis",NA,"mellifera",NA,"España","Soria","Cerbón",NA,NA,NA,"1988",8,1,NA,NA,"Juan Carlos Ruiz","Juan Carlos Ruiz",NA,NA,NA,1,NA,NA,NA,"Oviedo Museum","Colmenar",NA,"87_NOCOMPLEXHymenopteros_OVIEDO_20231024942"
"Apis",NA,"mellifera",NA,"España","Asturias","Villar (Luarca)",NA,NA,NA,"1990",10,22,NA,NA,"Diana Cifuentes","Diana Cifuentes",NA,NA,NA,1,NA,NA,NA,"Oviedo Museum",NA,NA,"87_NOCOMPLEXHymenopteros_OVIEDO_20231024943"
"Apis",NA,"mellifera",NA,"España","Asturias","Salinas",NA,NA,NA,"1983",9,4,NA,NA,"M. Murciego R.","",NA,NA,NA,1,NA,NA,NA,"Oviedo Museum","Pinar",NA,"87_NOCOMPLEXHymenopteros_OVIEDO_20231024944"
"Apis",NA,"mellifera",NA,"España","Asturias","Avilés",NA,NA,NA,"1992",6,13,NA,NA,"Sara R. Fdez Fdez","Sara R. Fdez Fdez",NA,NA,NA,1,NA,NA,NA,"Oviedo Museum",NA,NA,"87_NOCOMPLEXHymenopteros_OVIEDO_20231024945"
"Apis",NA,"mellifera",NA,"España","Asturias","Avilés",NA,NA,NA,"1991",7,13,NA,NA,"Violeta García","Violeta García",NA,NA,NA,1,NA,NA,NA,"Oviedo Museum",NA,NA,"87_NOCOMPLEXHymenopteros_OVIEDO_20231024946"
"Apis",NA,"mellifera",NA,"España","Asturias","La Llera-Urbies",NA,NA,NA,"1988",7,21,NA,NA,"Carmen de Miguel","Carmen de Miguel",NA,NA,NA,1,NA,NA,NA,"Oviedo Museum",NA,NA,"87_NOCOMPLEXHymenopteros_OVIEDO_20231024947"
"Apis",NA,"mellifera",NA,"España","Asturias","Fuso de la Reina",NA,NA,NA,"1978",6,24,NA,NA,"A. Méndez","",NA,NA,NA,1,NA,NA,NA,"Oviedo Museum",NA,NA,"87_NOCOMPLEXHymenopteros_OVIEDO_20231024948"
"Apis",NA,"mellifera",NA,"España","Asturias","S. Antolín de Ibias",NA,NA,NA,"1991",8,28,NA,NA,"Luis Valle","Luis Valle",NA,NA,NA,1,NA,NA,NA,"Oviedo Museum",NA,NA,"87_NOCOMPLEXHymenopteros_OVIEDO_20231024949"
"Apis",NA,"mellifera",NA,"España","Asturias","Gijón",NA,NA,NA,"1987",6,7,NA,NA,"Alfredo Díaz","Alfredo Díaz",NA,NA,NA,1,NA,NA,NA,"Oviedo Museum",NA,NA,"87_NOCOMPLEXHymenopteros_OVIEDO_20231024950"
"Apis",NA,"mellifera",NA,"España","Asturias","Germonde",NA,NA,NA,"1990",8,31,NA,NA,"J. Ramón Glez Glez","",NA,NA,NA,1,NA,NA,NA,"Oviedo Museum",NA,NA,"87_NOCOMPLEXHymenopteros_OVIEDO_20231024951"
"Apis",NA,"mellifera",NA,"España","Asturias","La Felguera",NA,NA,NA,"1987",4,12,NA,NA,"Mª Cruz Suárez","Mª Cruz Suárez",NA,NA,NA,1,NA,NA,NA,"Oviedo Museum","Sobre prado",NA,"87_NOCOMPLEXHymenopteros_OVIEDO_20231024952"
"Apis",NA,"mellifera",NA,"España","Asturias","Poo de Llanes",NA,NA,NA,"1988",5,11,NA,NA,"Nerea Urizar","Nerea Urizar",NA,NA,NA,1,NA,NA,NA,"Oviedo Museum",NA,NA,"87_NOCOMPLEXHymenopteros_OVIEDO_20231024953"
"Apis",NA,"mellifera",NA,"España","Asturias","Luarca",NA,NA,NA,"1992",4,29,NA,NA,"M. Menéndez Artime","M. Menéndez Artime",NA,NA,NA,1,NA,NA,NA,"Oviedo Museum",NA,"Volando","87_NOCOMPLEXHymenopteros_OVIEDO_20231024954"
"Apis",NA,"mellifera",NA,"España","Asturias","Villaviciosa (Les Callejes)",NA,NA,NA,"1990",8,8,NA,NA,"Susana Acevedo","Susana Acevedo",NA,NA,NA,1,NA,NA,NA,"Oviedo Museum","Sobre zarzas",NA,"87_NOCOMPLEXHymenopteros_OVIEDO_20231024955"
"Apis",NA,"mellifera",NA,"España","Cantabria","Mijares",NA,NA,NA,NA,NA,NA,NA,NA,"Ángel Mújica B.","",NA,1,NA,0,NA,NA,NA,"Oviedo Museum",NA,NA,"87_NOCOMPLEXHymenopteros_OVIEDO_20231024956"
"Apis",NA,"mellifera",NA,"España","Soria","Cerbón",NA,NA,NA,"1988",8,1,NA,NA,"Juan Carlos Ruiz","Juan Carlos Ruiz",1,NA,NA,0,NA,NA,NA,"Oviedo Museum","Colmenar",NA,"87_NOCOMPLEXHymenopteros_OVIEDO_20231024957"
"Apis",NA,"mellifera",NA,"España","Asturias","Corralinos",NA,NA,NA,"1992",8,28,NA,NA,"Luz Mª Rguez","Luz Mª Rguez",NA,NA,NA,1,NA,NA,NA,"Oviedo Museum",NA,NA,"87_NOCOMPLEXHymenopteros_OVIEDO_20231024958"
"Apis",NA,"mellifera",NA,"España","Guipúzcoa","Donostia",NA,NA,NA,"1988",4,14,NA,NA,"A. Muigialdai","A. Muigialdai",NA,NA,NA,1,NA,NA,NA,"Oviedo Museum","Sobre una flor",NA,"87_NOCOMPLEXHymenopteros_OVIEDO_20231024959"
"Apis",NA,"mellifera",NA,"España","Guipúzcoa","San Marcial",NA,NA,NA,"1990",7,17,NA,NA,"N. Aperribai","N. Aperribai",NA,NA,NA,1,NA,NA,NA,"Oviedo Museum",NA,NA,"87_NOCOMPLEXHymenopteros_OVIEDO_20231024960"
"Apis",NA,"mellifera",NA,"España","Asturias","Avilés",NA,NA,NA,"1992",9,4,NA,NA,"Yolanda Bongo M.","",NA,NA,NA,1,NA,NA,NA,"Oviedo Museum",NA,NA,"87_NOCOMPLEXHymenopteros_OVIEDO_20231024961"
"Apis",NA,"mellifera",NA,"España","Asturias","Polígono de Silvota",NA,NA,NA,"1985",10,10,NA,NA,"Manuel A. Vega Menen.","Miguel Pérez Medina",NA,NA,NA,1,NA,NA,NA,"Oviedo Museum",NA,NA,"87_NOCOMPLEXHymenopteros_OVIEDO_20231024962"
"Apis",NA,"mellifera",NA,"España","León","León",NA,NA,NA,"1982",5,20,NA,NA,"Elena Suárez","",NA,NA,NA,1,NA,NA,NA,"Oviedo Museum","Castaño",NA,"87_NOCOMPLEXHymenopteros_OVIEDO_20231024963"
"Apis",NA,"sp.",NA,"España","Asturias","La Manjoya",NA,NA,NA,NA,NA,NA,NA,NA,"Adela Martínez","",NA,NA,NA,1,NA,NA,NA,"Oviedo Museum",NA,NA,"87_NOCOMPLEXHymenopteros_OVIEDO_20231024964"
"Apis",NA,"mellifera",NA,"España","Asturias","Molleda",NA,NA,NA,"1982",5,3,NA,NA,"Francisco García","",NA,NA,NA,1,NA,NA,NA,"Oviedo Museum","Pradera","Tiene moho","87_NOCOMPLEXHymenopteros_OVIEDO_20231024965"
"Apis",NA,"mellifera",NA,"España","Navarra","Pamplona",NA,NA,NA,NA,NA,NA,NA,NA,"T. Zabalza","",NA,NA,NA,1,NA,NA,NA,"Oviedo Museum",NA,NA,"87_NOCOMPLEXHymenopteros_OVIEDO_20231024966"
"Apis",NA,"mellifera",NA,"España","Vizcaya","LAukariz",NA,NA,NA,"1992",6,7,NA,NA,"M. J. Saloña","M. J. Saloña",NA,NA,NA,1,NA,NA,NA,"Oviedo Museum","Casa",NA,"87_NOCOMPLEXHymenopteros_OVIEDO_20231024967"
"Apis",NA,"mellifera",NA,"España","Asturias","Gijón",NA,NA,NA,"1982",4,10,NA,NA,"I. Pomar","I. Pomar",NA,NA,NA,1,NA,NA,NA,"Oviedo Museum","Matorral",NA,"87_NOCOMPLEXHymenopteros_OVIEDO_20231024968"
"Apis",NA,"mellifera",NA,"España","Asturias","El Remedio",NA,NA,NA,"1982",5,2,NA,NA,"Elisa Fdez Glez","",NA,NA,NA,1,NA,NA,NA,"Oviedo Museum","En un muro",NA,"87_NOCOMPLEXHymenopteros_OVIEDO_20231024969"
"Apis",NA,"mellifera",NA,"España","Asturias","El Montero",NA,NA,NA,"1982",4,5,NA,NA,"Ángel Díaz Mtnez","",NA,NA,NA,1,NA,NA,NA,"Oviedo Museum","Borde de camino",NA,"87_NOCOMPLEXHymenopteros_OVIEDO_20231024970"
"Apis",NA,"mellifera",NA,"España","Asturias","Manjoya",NA,NA,NA,"1982",5,21,NA,NA,"M. Elena Puiede","",NA,NA,NA,1,NA,NA,NA,"Oviedo Museum","Pradera",NA,"87_NOCOMPLEXHymenopteros_OVIEDO_20231024971"
"Apis",NA,"mellifera",NA,"España","Asturias","Salas",NA,NA,NA,"1982",5,4,NA,NA,"C. Martínez","C. Martínez",NA,NA,NA,1,NA,NA,NA,"Oviedo Museum",NA,NA,"87_NOCOMPLEXHymenopteros_OVIEDO_20231024972"
"Apis",NA,"mellifera",NA,"España","Asturias","Oviedo",NA,NA,NA,"1982",4,30,NA,NA,"M. González","M. González",NA,NA,NA,1,NA,NA,NA,"Oviedo Museum","Prado",NA,"87_NOCOMPLEXHymenopteros_OVIEDO_20231024973"
"Apis",NA,"mellifera",NA,"España","Asturias","Naranco (Oviedo)",NA,NA,NA,"1987",6,18,NA,NA,"José Zulaica Benjod.","José Zulaica Benjod.",NA,NA,NA,1,NA,NA,NA,"Oviedo Museum",NA,NA,"87_NOCOMPLEXHymenopteros_OVIEDO_20231024974"
"Apis",NA,"mellifera",NA,"España","Asturias","Tolivia",NA,NA,NA,"1986",5,2,NA,NA,"M. Mar García","",NA,NA,NA,1,NA,NA,NA,"Oviedo Museum",NA,NA,"87_NOCOMPLEXHymenopteros_OVIEDO_20231024975"
"Apis",NA,"mellifera",NA,"España","Asturias","Oviedo",NA,NA,NA,NA,NA,NA,NA,NA,"T. Sobrino","T. Sobrino",NA,NA,NA,1,NA,NA,NA,"Oviedo Museum",NA,NA,"87_NOCOMPLEXHymenopteros_OVIEDO_20231024976"
"Apis",NA,"mellifera",NA,"España","Asturias","Granda",NA,NA,NA,"1987",5,15,NA,NA,"Pablo Presa","Pablo Presa",NA,NA,NA,1,NA,NA,NA,"Oviedo Museum",NA,NA,"87_NOCOMPLEXHymenopteros_OVIEDO_20231024977"
"Apis",NA,"mellifera",NA,"España","Asturias","Oviedo",NA,NA,NA,NA,NA,NA,NA,NA,"M. Arroyo","Javier Martín Torre",NA,NA,NA,1,NA,NA,NA,"Oviedo Museum",NA,NA,"87_NOCOMPLEXHymenopteros_OVIEDO_20231024978"
"Apis",NA,"mellifera",NA,"España","Asturias","Oviedo",NA,NA,NA,"1989",3,12,NA,NA,"Jorge González","Jorge González",NA,NA,NA,1,NA,NA,NA,"Oviedo Museum",NA,NA,"87_NOCOMPLEXHymenopteros_OVIEDO_20231024979"
"Apis",NA,"mellifera",NA,"España","Asturias","Fitoria",NA,NA,NA,"1986",5,31,NA,NA,"Buenaventura Fdez F.","Buenaventura Fdez F.",NA,NA,NA,1,NA,NA,NA,"Oviedo Museum",NA,NA,"87_NOCOMPLEXHymenopteros_OVIEDO_20231024980"
"Apis",NA,"mellifera",NA,"España","Asturias","Verdiciu",NA,NA,NA,"1984",8,7,NA,NA,"C. Pérez Antolín","C. Pérez Antolín",NA,NA,NA,1,NA,NA,NA,"Oviedo Museum",NA,"Tiene moho","87_NOCOMPLEXHymenopteros_OVIEDO_20231024981"
"Apis",NA,"mellifera",NA,"España","Asturias","Latores",NA,NA,NA,"1986",6,7,NA,NA,"G. Pérez Domingo","",NA,NA,NA,1,NA,NA,NA,"Oviedo Museum","Prox. de carretera",NA,"87_NOCOMPLEXHymenopteros_OVIEDO_20231024982"
"Apis",NA,"mellifera",NA,"España","Asturias","Monteana",NA,NA,NA,"1986",5,24,NA,NA,"Carlos López G.","",NA,NA,NA,1,NA,NA,NA,"Oviedo Museum",NA,NA,"87_NOCOMPLEXHymenopteros_OVIEDO_20231024983"
"Apis",NA,"mellifera",NA,"España","Asturias","San Esteban de las Cruces",NA,NA,NA,"1986",5,22,NA,NA,"M. T. Fdez M.","M. T. Fdez M.",NA,NA,NA,1,NA,NA,NA,"Oviedo Museum",NA,NA,"87_NOCOMPLEXHymenopteros_OVIEDO_20231024984"
"Apis",NA,"mellifera",NA,"España","Asturias","Nubledo",NA,NA,NA,"1986",5,31,NA,NA,"J. Martín Morales","J. Martín Morales",NA,NA,NA,1,NA,NA,NA,"Oviedo Museum","En prado",NA,"87_NOCOMPLEXHymenopteros_OVIEDO_20231024985"
"Apis",NA,"mellifera",NA,"España","Asturias","Sotrondio",NA,NA,NA,"1986",6,7,NA,NA,"Severino González Rocas","Severino González Rocas",NA,NA,NA,1,NA,NA,NA,"Oviedo Museum",NA,NA,"87_NOCOMPLEXHymenopteros_OVIEDO_20231024986"
"Apis",NA,"mellifera",NA,"España","Asturias","Corvera",NA,NA,NA,"1983",5,18,NA,NA,"Matilde de Ávila","",NA,NA,NA,1,NA,NA,NA,"Oviedo Museum",NA,NA,"87_NOCOMPLEXHymenopteros_OVIEDO_20231024987"
"Apis",NA,"mellifera",NA,"España","Guipúzcoa","Prado Itxumendi (Gorla)",NA,NA,NA,"1986",4,1,NA,NA,"E. Martínez Granada","",NA,NA,NA,1,NA,NA,NA,"Oviedo Museum",NA,NA,"87_NOCOMPLEXHymenopteros_OVIEDO_20231024988"
"Apis",NA,"mellifera",NA,"España","Asturias","Concejo de Corias",NA,NA,NA,"1986",5,17,NA,NA,"Rosa Arroyo","",NA,NA,NA,1,NA,NA,NA,"Oviedo Museum","Pradera",NA,"87_NOCOMPLEXHymenopteros_OVIEDO_20231024989"
"Apis",NA,"mellifera",NA,"España","Asturias","Oviedo",NA,NA,NA,NA,NA,NA,NA,NA,"J. Sobrino","",NA,NA,NA,1,NA,NA,NA,"Oviedo Museum",NA,NA,"87_NOCOMPLEXHymenopteros_OVIEDO_20231024990"
"Apis",NA,"mellifera",NA,"España","Asturias","Caldones",NA,NA,NA,"1986",6,1,NA,NA,"M. Ruguero","",NA,NA,NA,1,NA,NA,NA,"Oviedo Museum",NA,NA,"87_NOCOMPLEXHymenopteros_OVIEDO_20231024991"
"Apis",NA,"mellifera",NA,"España","Asturias","Corias",NA,NA,NA,NA,NA,NA,NA,NA,"Ana Mª González","",NA,NA,NA,1,NA,NA,NA,"Oviedo Museum","Campo",NA,"87_NOCOMPLEXHymenopteros_OVIEDO_20231024992"
"Apis",NA,"mellifera",NA,"España","Asturias","Pravia",NA,NA,NA,"1986",6,9,NA,NA,"Montserrat Méndez","",NA,NA,NA,1,NA,NA,NA,"Oviedo Museum",NA,NA,"87_NOCOMPLEXHymenopteros_OVIEDO_20231024993"
"Apis",NA,"mellifera",NA,"España","Asturias","Viesques",NA,NA,NA,"1993",6,9,NA,NA,"Chernichero","Chernichero",NA,NA,NA,1,NA,NA,NA,"Oviedo Museum",NA,NA,"87_NOCOMPLEXHymenopteros_OVIEDO_20231024994"
"Apis",NA,"mellifera",NA,"España","Asturias","Latores",NA,NA,NA,"1986",5,10,NA,NA,"Manuel Naves","Manuel Naves",NA,NA,NA,1,NA,NA,NA,"Oviedo Museum",NA,NA,"87_NOCOMPLEXHymenopteros_OVIEDO_20231024995"
"Apis",NA,"mellifera",NA,"España","Asturias","Rodiles",NA,NA,NA,"1986",2,19,NA,NA,"J. A. Pis","",NA,NA,NA,1,NA,NA,NA,"Oviedo Museum","Campo",NA,"87_NOCOMPLEXHymenopteros_OVIEDO_20231024996"
"Apis",NA,"mellifera",NA,"España","Asturias","C. Las Segadas",NA,NA,NA,"1983",5,28,NA,NA,"I. Suárez Norella","",NA,NA,NA,1,NA,NA,NA,"Oviedo Museum",NA,NA,"87_NOCOMPLEXHymenopteros_OVIEDO_20231024997"
"Apis",NA,"mellifera",NA,"España","Asturias","Renedo de Piélagos",NA,NA,NA,"1988",8,12,NA,NA,"Beatriz Marcos","Beatriz Marcos",NA,NA,NA,1,NA,NA,NA,"Oviedo Museum",NA,NA,"87_NOCOMPLEXHymenopteros_OVIEDO_20231024998"
"Apis",NA,"mellifera",NA,"España","Asturias","El Cristo (Oviedo)",NA,NA,NA,"1985",7,7,NA,NA,"José L. Suárez Fdez","José L. Suárez Fdez",NA,NA,NA,1,NA,NA,NA,"Oviedo Museum","Prado",NA,"87_NOCOMPLEXHymenopteros_OVIEDO_20231024999"
"Apis",NA,"mellifera",NA,"España","Asturias","P. Ferrera",NA,NA,NA,"1986",6,1,NA,NA,"Mª del Pilar Cires","",NA,NA,NA,1,NA,NA,NA,"Oviedo Museum",NA,NA,"87_NOCOMPLEXHymenopteros_OVIEDO_202310241000"
"Apis",NA,"mellifera",NA,"España","Asturias","Vioño",NA,NA,NA,"1986",6,10,NA,NA,"M. J. Calvo Glez","",NA,NA,NA,1,NA,NA,NA,"Oviedo Museum",NA,NA,"87_NOCOMPLEXHymenopteros_OVIEDO_202310241001"
"Apis",NA,"mellifera",NA,"España","Asturias","S. Justo",NA,NA,NA,"1984",4,19,NA,NA,"Mª A. Pardo Álvarez","Mª A. Pardo Álvarez",NA,NA,NA,1,NA,NA,NA,"Oviedo Museum",NA,NA,"87_NOCOMPLEXHymenopteros_OVIEDO_202310241002"
"Apis",NA,"mellifera",NA,"España","Asturias","Gijón",NA,NA,NA,"1986",6,1,NA,NA,"F. Espadas de Castru","",NA,NA,NA,1,NA,NA,NA,"Oviedo Museum",NA,NA,"87_NOCOMPLEXHymenopteros_OVIEDO_202310241003"
"Apis",NA,"mellifera",NA,"España","Asturias","Somió",NA,NA,NA,"1986",5,2,NA,NA,"V. Busto Martínez","",NA,NA,NA,1,NA,NA,NA,"Oviedo Museum",NA,NA,"87_NOCOMPLEXHymenopteros_OVIEDO_202310241004"
"Apis",NA,"mellifera",NA,"España","Asturias","El Entrego",NA,NA,NA,"1985",11,30,NA,NA,"Esther Orviz Glez","Esther Orviz Glez",NA,NA,NA,1,NA,NA,NA,"Oviedo Museum",NA,NA,"87_NOCOMPLEXHymenopteros_OVIEDO_202310241005"
"Apis",NA,"mellifera",NA,"España","Asturias","Luera",NA,NA,NA,"1986",4,28,NA,NA,"Isaac Antolín","",NA,NA,NA,1,NA,NA,NA,"Oviedo Museum",NA,NA,"87_NOCOMPLEXHymenopteros_OVIEDO_202310241006"
"Apis",NA,"mellifera",NA,"España","Asturias","Urbanización de Perlora",NA,NA,NA,"1986",5,1,NA,NA,"Marta E. Cortés Fdez","",NA,NA,NA,1,NA,NA,NA,"Oviedo Museum",NA,NA,"87_NOCOMPLEXHymenopteros_OVIEDO_202310241007"
"Apis",NA,"mellifera",NA,"España","Asturias","Monte Naranco",NA,NA,NA,"1986",6,1,NA,NA,NA,"",NA,NA,NA,1,NA,NA,NA,"Oviedo Museum",NA,NA,"87_NOCOMPLEXHymenopteros_OVIEDO_202310241008"
"Apis",NA,"mellifera",NA,"España","Asturias","Gijón",NA,NA,NA,NA,NA,NA,NA,NA,"Mª Jesús Nieto","",NA,NA,NA,1,NA,NA,NA,"Oviedo Museum","Prado",NA,"87_NOCOMPLEXHymenopteros_OVIEDO_202310241009"
"Apis",NA,"mellifera",NA,"España","Asturias","Río Narcea",NA,NA,NA,NA,NA,NA,NA,NA,"A. Sánchez García","",NA,NA,NA,1,NA,NA,NA,"Oviedo Museum","Zonas con flores y matorrales",NA,"87_NOCOMPLEXHymenopteros_OVIEDO_202310241010"
"Apis",NA,"mellifera",NA,"España","Asturias","Oviedo",NA,NA,NA,"1982",5,30,NA,NA,"Pilar Ruiz S.","Pilar Ruiz S.",NA,NA,NA,1,NA,NA,NA,"Oviedo Museum",NA,"Tiene moho","87_NOCOMPLEXHymenopteros_OVIEDO_202310241011"
"Apis",NA,"mellifera",NA,"España","Asturias","Llanes",NA,NA,NA,"1982",5,15,NA,NA,"Fco José Alonso","Fco José Alonso",NA,NA,NA,1,NA,NA,NA,"Oviedo Museum","Zarzal",NA,"87_NOCOMPLEXHymenopteros_OVIEDO_202310241012"
"Apis",NA,"mellifera",NA,"España","La Coruña","Fene-El Ferrol",NA,NA,NA,"1982",4,7,NA,NA,NA,"",NA,NA,NA,1,NA,NA,NA,"Oviedo Museum",NA,NA,"87_NOCOMPLEXHymenopteros_OVIEDO_202310241013"
"Apis",NA,"mellifera",NA,"España","Asturias","Avilés",NA,NA,NA,"1982",6,2,NA,NA,"Rosa Hernando","",NA,NA,NA,1,NA,NA,NA,"Oviedo Museum","Jardín","Tiene moho","87_NOCOMPLEXHymenopteros_OVIEDO_202310241014"
"Apis",NA,"mellifera",NA,"España","Asturias","Hevia",NA,NA,NA,"1982",5,15,NA,NA,"A. Fonseca","A. Fonseca",NA,NA,NA,1,NA,NA,NA,"Oviedo Museum","Sobre flor de manzano",NA,"87_NOCOMPLEXHymenopteros_OVIEDO_202310241015"
"Apis",NA,"mellifera",NA,"España","Asturias","Oviedo",NA,NA,NA,NA,NA,NA,NA,NA,"Rita Fdez","Rita Fdez",NA,NA,NA,1,NA,NA,NA,"Oviedo Museum",NA,"Tiene moho","87_NOCOMPLEXHymenopteros_OVIEDO_202310241016"
"Apis",NA,"mellifera",NA,"España","León","Irede",NA,NA,NA,"1982",8,6,NA,NA,"M. C. Gutiérrez","",NA,NA,NA,1,NA,NA,NA,"Oviedo Museum",NA,NA,"87_NOCOMPLEXHymenopteros_OVIEDO_202310241017"
"Apis",NA,"mellifera",NA,"España","Asturias","Avilés",NA,NA,NA,"1981",7,31,NA,NA,"J. M. Torre","",NA,NA,NA,1,NA,NA,NA,"Oviedo Museum",NA,NA,"87_NOCOMPLEXHymenopteros_OVIEDO_202310241018"
"Apis",NA,"mellifera",NA,"España","Asturias","Gijón",NA,NA,NA,"1982",6,1,NA,NA,"Mª Adela Fuertes","",NA,NA,NA,1,NA,NA,NA,"Oviedo Museum",NA,"Tiene moho","87_NOCOMPLEXHymenopteros_OVIEDO_202310241019"
"Apis",NA,"mellifera",NA,"España","Asturias","Oviedo",NA,NA,NA,"1982",5,10,NA,NA,"Carlos Aedo","Carlos Aedo",NA,NA,NA,1,NA,NA,NA,"Oviedo Museum","Puderal","Tiene moho","87_NOCOMPLEXHymenopteros_OVIEDO_202310241020"
"Apis",NA,"mellifera",NA,"España","Asturias","Monte Cerrau (Oviedo)",NA,NA,NA,"1980",7,1,NA,NA,"A. Bode","",NA,NA,NA,1,NA,NA,NA,"Oviedo Museum",NA,"Tiene moho","87_NOCOMPLEXHymenopteros_OVIEDO_202310241021"
"Apis",NA,"mellifera",NA,"España","Vizcaya","LAukariz",NA,NA,NA,"1982",8,26,NA,NA,"M. J. Saloña","",NA,NA,NA,1,NA,NA,NA,"Oviedo Museum","Matorral","Tiene moho","87_NOCOMPLEXHymenopteros_OVIEDO_202310241022"
"Apis",NA,"mellifera",NA,NA,NA,"Casielles (Ciaño)",NA,NA,NA,"1982",5,15,NA,NA,"Mª E. Coto Serna","Mª E. Coto Serna",NA,NA,NA,1,NA,NA,NA,"Oviedo Museum","Pastizal","Tiene moho","87_NOCOMPLEXHymenopteros_OVIEDO_202310241023"
"Apis",NA,"mellifera",NA,"España","Asturias","Gijón",NA,NA,NA,NA,NA,NA,NA,NA,"Susana Junquera","",NA,NA,NA,1,NA,NA,NA,"Oviedo Museum","Prado","Tiene moho","87_NOCOMPLEXHymenopteros_OVIEDO_202310241024"
"Apis",NA,"mellifera",NA,"España",NA,"Perlosa (Seores)",NA,NA,NA,"1981",6,10,NA,NA,"Gracia Fdez","Gracia Fdez",NA,NA,NA,1,NA,NA,NA,"Oviedo Museum",NA,"Tiene moho","87_NOCOMPLEXHymenopteros_OVIEDO_202310241025"
"Apis",NA,"mellifera",NA,"España",NA,"Muelles",NA,NA,NA,"1986",5,4,NA,NA,"A. Bouso Yañez","",NA,NA,NA,1,NA,NA,NA,"Oviedo Museum","Campo",NA,"87_NOCOMPLEXHymenopteros_OVIEDO_202310241026"
"Apis",NA,"mellifera",NA,"España","Asturias","Manzaneda",NA,NA,NA,"1986",5,1,NA,NA,"Teresa Glez Sanz","",NA,NA,NA,1,NA,NA,NA,"Oviedo Museum",NA,NA,"87_NOCOMPLEXHymenopteros_OVIEDO_202310241027"
"Apis",NA,"mellifera",NA,"España","Asturias","Ortiguera",NA,NA,NA,"1986",5,24,NA,NA,"Mª Aurora García","",NA,NA,NA,1,NA,NA,NA,"Oviedo Museum","Campo",NA,"87_NOCOMPLEXHymenopteros_OVIEDO_202310241028"
"Apis",NA,"mellifera",NA,"España","Asturias","Oviedo",NA,NA,NA,"1986",4,28,NA,NA,"Mª Teresa Espina Brito","",NA,NA,NA,1,NA,NA,NA,"Oviedo Museum",NA,NA,"87_NOCOMPLEXHymenopteros_OVIEDO_202310241029"
"Apis",NA,"mellifera",NA,"España","Asturias","Avilés",NA,NA,NA,NA,NA,NA,NA,NA,"M. L. Rodríguez G.","",NA,NA,NA,1,NA,NA,NA,"Oviedo Museum","Prado, sobre flores",NA,"87_NOCOMPLEXHymenopteros_OVIEDO_202310241030"
"Apis",NA,"mellifera",NA,"España","Asturias","Poo de Llanes",NA,NA,NA,"1988",5,9,NA,NA,"Olivia Gradilles","Olivia Gradilles",NA,NA,NA,1,NA,NA,NA,"Oviedo Museum",NA,NA,"87_NOCOMPLEXHymenopteros_OVIEDO_202310241031"
"Apis",NA,"mellifera",NA,"España","Asturias","Quintes",NA,NA,NA,"1988",6,12,NA,NA,"J. M. Lara Santos","J. M. Lara",NA,NA,NA,1,NA,NA,NA,"Oviedo Museum","Matorrales",NA,"87_NOCOMPLEXHymenopteros_OVIEDO_202310241032"
"Apis",NA,"mellifera",NA,"España","Asturias","Naranco (Oviedo)",NA,NA,NA,"1988",6,14,NA,NA,"Gemma E. P.","Gemma E. P.",NA,1,NA,0,NA,NA,NA,"Oviedo Museum",NA,NA,"87_NOCOMPLEXHymenopteros_OVIEDO_202310241033"
"Apis",NA,"mellifera",NA,"España","Asturias","Llanera",NA,NA,NA,"1987",6,6,NA,NA,NA,"",NA,NA,NA,1,NA,NA,NA,"Oviedo Museum",NA,NA,"87_NOCOMPLEXHymenopteros_OVIEDO_202310241034"
"Apis",NA,"mellifera",NA,"España","Asturias","Gijón",NA,NA,NA,"1982",5,15,NA,NA,"Luis I. Martín Lorenzo","",NA,NA,NA,1,NA,NA,NA,"Oviedo Museum","Campo de Siega",NA,"87_NOCOMPLEXHymenopteros_OVIEDO_202310241035"
"Apis",NA,"mellifera",NA,"España","Asturias","Fuente de la Plata",NA,NA,NA,"1988",5,29,NA,NA,"Juan I. Leiva","Juan I. Leiva",NA,NA,NA,1,NA,NA,NA,"Oviedo Museum",NA,NA,"87_NOCOMPLEXHymenopteros_OVIEDO_202310241036"
"Apis",NA,"mellifera",NA,"España","Asturias","Oviedo",NA,NA,NA,"1981",4,26,NA,NA,"Asunción García Peláez","",NA,NA,NA,1,NA,NA,NA,"Oviedo Museum",NA,NA,"87_NOCOMPLEXHymenopteros_OVIEDO_202310241037"
"Apis",NA,"mellifera",NA,"España","Asturias","Quintueles",NA,NA,NA,"1981",6,2,NA,NA,"L. Moro","",NA,NA,NA,1,NA,NA,NA,"Oviedo Museum",NA,NA,"87_NOCOMPLEXHymenopteros_OVIEDO_202310241038"
"Apis",NA,"mellifera",NA,"España","Asturias","Mieres",NA,NA,NA,"1986",6,5,NA,NA,NA,"",NA,1,NA,0,NA,NA,NA,"Oviedo Museum","Ladera de un monte. Sobre flores en un matorral",NA,"87_NOCOMPLEXHymenopteros_OVIEDO_202310241039"
"Apis",NA,"mellifera",NA,"España","Asturias","Caldones",NA,NA,NA,"1986",5,2,NA,NA,"A. Maz Pelaez","A. Maz Pelaez",NA,1,NA,0,NA,NA,NA,"Oviedo Museum",NA,NA,"87_NOCOMPLEXHymenopteros_OVIEDO_202310241040"
"Apis",NA,"mellifera",NA,"España","Asturias","Castiello",NA,NA,NA,"1980",9,17,NA,NA,"Inés Lombas","",NA,NA,NA,1,NA,NA,NA,"Oviedo Museum","Matorrales",NA,"87_NOCOMPLEXHymenopteros_OVIEDO_202310241041"
"Apis",NA,"mellifera",NA,"España","León","Destriana",NA,NA,NA,NA,NA,NA,NA,NA,"Pilar Arca","",NA,NA,NA,1,NA,NA,NA,"Oviedo Museum",NA,NA,"87_NOCOMPLEXHymenopteros_OVIEDO_202310241042"
"Apis",NA,"mellifera",NA,"España","Cantabria","Santander?",NA,NA,NA,"1979",8,9,NA,NA,"C. Ceballos","José F. García",NA,NA,NA,1,NA,NA,NA,"Oviedo Museum",NA,NA,"87_NOCOMPLEXHymenopteros_OVIEDO_202310241043"
"Apis",NA,"mellifera",NA,"España","Asturias","Oviedo",NA,NA,NA,"1983",5,11,NA,NA,"Mª del Mar Fdez","Mª del Mar Fdez",NA,NA,NA,1,NA,NA,NA,"Oviedo Museum","Prado","Tiene moho","87_NOCOMPLEXHymenopteros_OVIEDO_202310241044"
"Apis",NA,"mellifera",NA,"España","Asturias","Cruz de Illas",NA,NA,NA,"1983",6,10,NA,NA,"M. P. Rodríguez","M. P. Rodríguez",NA,NA,NA,1,NA,NA,NA,"Oviedo Museum",NA,"Tiene moho","87_NOCOMPLEXHymenopteros_OVIEDO_202310241045"
"Apis",NA,"mellifera",NA,"España","Asturias","Fonciello",NA,NA,NA,"1980",6,24,NA,NA,"Ana Quero","Ana Quero",NA,1,NA,0,NA,NA,NA,"Oviedo Museum",NA,NA,"87_NOCOMPLEXHymenopteros_OVIEDO_202310241046"
"Apis",NA,"mellifera",NA,"España","Soria","Cerbón",NA,NA,NA,"1988",8,1,NA,NA,"Juan Carlos Ruiz","Juan Carlos Ruiz",NA,1,NA,0,NA,NA,NA,"Oviedo Museum","Colmenar",NA,"87_NOCOMPLEXHymenopteros_OVIEDO_202310241047"
"Apis",NA,"mellifera",NA,"España","Asturias","Huerces",NA,NA,NA,"1986",5,4,NA,NA,"A. Bouso Yañez","",NA,NA,NA,1,NA,NA,NA,"Oviedo Museum","Campo",NA,"87_NOCOMPLEXHymenopteros_OVIEDO_202310241048"
"Apis",NA,"mellifera",NA,"España","Asturias","Manzaneda",NA,NA,NA,"1986",5,3,NA,NA,"Teresa Glez Sanz","",NA,NA,NA,1,NA,NA,NA,"Oviedo Museum",NA,NA,"87_NOCOMPLEXHymenopteros_OVIEDO_202310241049"
"Apis",NA,"mellifera",NA,"España","Zamora","Fresno de Sayago",NA,NA,NA,"1982",5,3,NA,NA,"Miguel Macías","",NA,1,NA,0,NA,NA,NA,"Oviedo Museum",NA,NA,"87_NOCOMPLEXHymenopteros_OVIEDO_202310241050"
"Apis",NA,"mellifera",NA,"España","León","Sena de Luna",NA,NA,NA,"1988",5,29,NA,NA,"E. Martínez","E. Martínez",NA,NA,NA,1,NA,NA,NA,"Oviedo Museum",NA,NA,"87_NOCOMPLEXHymenopteros_OVIEDO_202310241051"
"Apis",NA,"mellifera",NA,"España","León","Santibáñez de Ordás",NA,NA,NA,"1983",10,10,NA,NA,"G. Barroso","G. Barroso",NA,1,NA,0,NA,NA,NA,"Oviedo Museum",NA,"Zángano","87_NOCOMPLEXHymenopteros_OVIEDO_202310241052"
"Apis",NA,"mellifera",NA,"España","León","Ponferrada",NA,NA,NA,"1989",5,8,NA,NA,"Claudia Martínez","Claudia Martínez",NA,1,NA,0,NA,NA,NA,"Oviedo Museum",NA,NA,"87_NOCOMPLEXHymenopteros_OVIEDO_202310241053"
"Apis",NA,"mellifera",NA,"España","Cantabria","Reinosa",NA,NA,NA,NA,NA,NA,NA,NA,"C. J. Valle","",NA,NA,NA,1,NA,NA,NA,"Oviedo Museum",NA,"Tiene moho","87_NOCOMPLEXHymenopteros_OVIEDO_202310241054"
"Apis",NA,"mellifera",NA,"España","Asturias","Las Caldas",NA,NA,NA,"1978",5,28,NA,NA,"J. L. Muñiz García","",NA,NA,NA,1,NA,NA,NA,"Oviedo Museum","Prado",NA,"87_NOCOMPLEXHymenopteros_OVIEDO_202310241055"
"Apis",NA,"mellifera",NA,"España","Asturias","Pola de Siero",NA,NA,NA,"1976",4,15,NA,NA,"César Pérez","",NA,NA,NA,1,NA,NA,NA,"Oviedo Museum",NA,"Tiene moho","87_NOCOMPLEXHymenopteros_OVIEDO_202310241056"
"Apis",NA,"mellifera",NA,"España","Cantabria","Torrelavega",NA,NA,NA,NA,NA,NA,NA,NA,"María Ceballos","",NA,NA,NA,1,NA,NA,NA,"Oviedo Museum",NA,NA,"87_NOCOMPLEXHymenopteros_OVIEDO_202310241057"
"Apis",NA,"mellifera",NA,"España","Pontevedra","Panjón",NA,NA,NA,"1972",8,3,NA,NA,"R. Anadón","",NA,NA,NA,1,NA,NA,NA,"Oviedo Museum",NA,NA,"87_NOCOMPLEXHymenopteros_OVIEDO_202310241058"
"Apis",NA,"mellifera",NA,"España",NA,"Monte la Llana",NA,NA,NA,"1978",5,28,NA,NA,"Eva G. V.","",NA,NA,NA,1,NA,NA,NA,"Oviedo Museum","En el camino",NA,"87_NOCOMPLEXHymenopteros_OVIEDO_202310241059"
"Apis",NA,"mellifera",NA,"España","Asturias","Trubia",NA,NA,NA,"1978",5,27,NA,NA,"T. Martínez","",NA,NA,NA,1,NA,NA,NA,"Oviedo Museum","Prado",NA,"87_NOCOMPLEXHymenopteros_OVIEDO_202310241060"
"Apis",NA,"mellifera",NA,"España","León","León",NA,NA,NA,NA,NA,NA,NA,NA,"E. Ayuso A.","",NA,NA,NA,1,NA,NA,NA,"Oviedo Museum",NA,NA,"87_NOCOMPLEXHymenopteros_OVIEDO_202310241061"
"Apis",NA,"mellifera",NA,"España","Asturias","Somió",NA,NA,NA,NA,NA,NA,NA,NA,"Estrella Rubio","",NA,NA,NA,1,NA,NA,NA,"Oviedo Museum",NA,NA,"87_NOCOMPLEXHymenopteros_OVIEDO_202310241062"
"Apis",NA,"mellifera",NA,"España","Asturias","Grado",NA,NA,NA,NA,NA,NA,NA,NA,"J. L. Velasco","",NA,NA,NA,1,NA,NA,NA,"Oviedo Museum",NA,NA,"87_NOCOMPLEXHymenopteros_OVIEDO_202310241063"
"Andrena",NA,"sp.",NA,"España","Asturias","Las Caldas",NA,NA,NA,"1975",4,27,NA,NA,"V. Méndez","",NA,NA,NA,1,NA,NA,NA,"Oviedo Museum",NA,"Tiene moho","87_NOCOMPLEXHymenopteros_OVIEDO_202310241064"
"Apis",NA,"mellifera",NA,"España","Asturias","Moreda",NA,NA,NA,NA,NA,NA,NA,NA,"Perfecta F. Estrada","A. Anadón-A. Quero",NA,NA,NA,1,NA,NA,NA,"Oviedo Museum",NA,NA,"87_NOCOMPLEXHymenopteros_OVIEDO_202310241065"
"Apis",NA,"mellifera",NA,"España","Asturias","Perlora",NA,NA,NA,NA,NA,NA,NA,NA,"Suárez Suárez","",NA,NA,NA,1,NA,NA,NA,"Oviedo Museum","En flor",NA,"87_NOCOMPLEXHymenopteros_OVIEDO_202310241066"
"Apis",NA,"mellifera",NA,"España","Asturias","Grado",NA,NA,NA,NA,NA,NA,NA,NA,"Dulce y Estrella","",NA,NA,NA,1,NA,NA,NA,"Oviedo Museum",NA,"Dr. Velasco","87_NOCOMPLEXHymenopteros_OVIEDO_202310241067"
"Apis",NA,"mellifera",NA,"España","Asturias","Candanal",NA,NA,NA,"1980",5,17,NA,NA,"Eladio M. Riera M.","",NA,NA,NA,1,NA,NA,NA,"Oviedo Museum",NA,NA,"87_NOCOMPLEXHymenopteros_OVIEDO_202310241068"
"Apis",NA,"mellifera",NA,"España","Asturias","Gijón",NA,NA,NA,"1978",11,4,NA,NA,"E. Cuesta García","",NA,NA,NA,1,NA,NA,NA,"Oviedo Museum",NA,NA,"87_NOCOMPLEXHymenopteros_OVIEDO_202310241069"
"Apis",NA,"mellifera",NA,"España","Asturias","Avilés",NA,NA,NA,"1975",4,25,NA,NA,"A. Lozano","A. Anadón-A. Quero",NA,NA,NA,1,NA,NA,NA,"Oviedo Museum",NA,"Tiene moho","87_NOCOMPLEXHymenopteros_OVIEDO_202310241070"
"Apis",NA,"mellifera",NA,"España","Asturias","Avilés",NA,NA,NA,NA,NA,NA,NA,NA,"A. Reyero","A. Anadón-A. Quero",NA,NA,NA,1,NA,NA,NA,"Oviedo Museum","En jardín",NA,"87_NOCOMPLEXHymenopteros_OVIEDO_202310241071"
"Apis",NA,"mellifera",NA,"España","Asturias","Oviedo",NA,NA,NA,"1978",5,20,NA,NA,"J. Bermejo Donapetry","",NA,NA,NA,1,NA,NA,NA,"Oviedo Museum",NA,NA,"87_NOCOMPLEXHymenopteros_OVIEDO_202310241072"
"Apis",NA,"mellifera",NA,"España","Asturias","Oviedo",NA,NA,NA,"1979",4,21,NA,NA,"J. Berenguer","",NA,NA,NA,1,NA,NA,NA,"Oviedo Museum",NA,NA,"87_NOCOMPLEXHymenopteros_OVIEDO_202310241073"
"Apis",NA,"mellifera",NA,"España","Asturias","Oviedo",NA,NA,NA,"1976",5,1,NA,NA,"Cristina Gutiérrez","",NA,NA,NA,1,NA,NA,NA,"Oviedo Museum",NA,NA,"87_NOCOMPLEXHymenopteros_OVIEDO_202310241074"
"Apis",NA,"mellifera",NA,"España","Asturias","Avilés",NA,NA,NA,"1975",3,25,NA,NA,"M. A. Abanda","",NA,NA,NA,1,NA,NA,NA,"Oviedo Museum",NA,NA,"87_NOCOMPLEXHymenopteros_OVIEDO_202310241075"
"Apis",NA,"mellifera",NA,"España","Asturias","Villarejo",NA,NA,NA,"1978",5,2,NA,NA,"Ana Mª Martínez Barredo","",NA,NA,NA,1,NA,NA,NA,"Oviedo Museum","En flor",NA,"87_NOCOMPLEXHymenopteros_OVIEDO_202310241076"
"Apis",NA,"mellifera",NA,"España","Asturias","La Isla",NA,NA,NA,"1979",4,29,NA,NA,"C. Fdez Cedrón","C. Fdez Cedrón",NA,NA,NA,1,NA,NA,NA,"Oviedo Museum",NA,NA,"87_NOCOMPLEXHymenopteros_OVIEDO_202310241077"
"Apis",NA,"mellifera",NA,"España","León","Palanquinos",NA,NA,NA,"1979",3,25,NA,NA,"M. A. Abril Fco","",NA,NA,NA,1,NA,NA,NA,"Oviedo Museum","En huerta",NA,"87_NOCOMPLEXHymenopteros_OVIEDO_202310241078"
"Apis",NA,"mellifera",NA,"España","Asturias","Oviedo",NA,NA,NA,"1980",5,25,NA,NA,"Clara Llata","Clara Llata",NA,NA,NA,1,NA,NA,NA,"Oviedo Museum",NA,NA,"87_NOCOMPLEXHymenopteros_OVIEDO_202310241079"
"Apis",NA,"mellifera",NA,"España","Asturias","Oviedo",NA,NA,NA,"1975",7,10,NA,NA,"Miguel A. Ayala","",NA,NA,NA,1,NA,NA,NA,"Oviedo Museum",NA,NA,"87_NOCOMPLEXHymenopteros_OVIEDO_202310241080"
"Apis",NA,"mellifera",NA,"España","Asturias","Naranco (Oviedo)",NA,NA,NA,"1975",4,24,NA,NA,"S. A. Guijarro","",NA,NA,NA,1,NA,NA,NA,"Oviedo Museum",NA,NA,"87_NOCOMPLEXHymenopteros_OVIEDO_202310241081"
"Apis",NA,"mellifera",NA,"España","Cantabria","Torrelavega",NA,NA,NA,"1978",5,10,NA,NA,"M. Trigo","",NA,NA,NA,1,NA,NA,NA,"Oviedo Museum",NA,NA,"87_NOCOMPLEXHymenopteros_OVIEDO_202310241082"
"Apis",NA,"mellifera",NA,"España","Asturias","El Berrón",NA,NA,NA,NA,NA,NA,NA,NA,"Carmen S. Lavín","A. Anadón-A. Quero",NA,NA,NA,1,NA,NA,NA,"Oviedo Museum",NA,NA,"87_NOCOMPLEXHymenopteros_OVIEDO_202310241083"
"Apis",NA,"mellifera",NA,"España","Asturias","Colloto",NA,NA,NA,"1976",5,27,NA,NA,"M. L. C. Arias","A. Anadón-A. Quero",NA,NA,NA,1,NA,NA,NA,"Oviedo Museum",NA,NA,"87_NOCOMPLEXHymenopteros_OVIEDO_202310241084"
"Apis",NA,"mellifera",NA,"España","Asturias","Oviedo",NA,NA,NA,"1976",3,3,NA,NA,"Avelina Santiago","A. Anadón-A. Quero",NA,NA,NA,1,NA,NA,NA,"Oviedo Museum",NA,NA,"87_NOCOMPLEXHymenopteros_OVIEDO_202310241085"
"Apis",NA,"mellifera",NA,"España","Asturias","Oviedo",NA,NA,NA,"1980",5,28,NA,NA,"Carmen Sahagún","Carmen Sahagún",NA,NA,NA,1,NA,NA,NA,"Oviedo Museum",NA,NA,"87_NOCOMPLEXHymenopteros_OVIEDO_202310241086"
"Apis",NA,"mellifera",NA,"España","Asturias","Ballota",NA,NA,NA,"1981",6,7,NA,NA,"Antonieta Fleites","",NA,NA,NA,1,NA,NA,NA,"Oviedo Museum","Jardín",NA,"87_NOCOMPLEXHymenopteros_OVIEDO_202310241087"
"Apis",NA,"mellifera",NA,"España","Asturias","Molleda",NA,NA,NA,NA,NA,NA,NA,NA,"R. Iglesias","",NA,NA,NA,1,NA,NA,NA,"Oviedo Museum",NA,NA,"87_NOCOMPLEXHymenopteros_OVIEDO_202310241088"
"Apis",NA,"mellifera",NA,"España","Asturias","Alcubiella",NA,NA,NA,"1978",4,15,NA,NA,"Elvira Álvarez García","",NA,NA,NA,1,NA,NA,NA,"Oviedo Museum","Prado",NA,"87_NOCOMPLEXHymenopteros_OVIEDO_202310241089"
"Apis",NA,"mellifera",NA,"España","Asturias","Candás",NA,NA,NA,NA,NA,NA,NA,NA,"Mª Luz Álvarez","",NA,NA,NA,1,NA,NA,NA,"Oviedo Museum",NA,NA,"87_NOCOMPLEXHymenopteros_OVIEDO_202310241090"
"Apis",NA,"mellifera",NA,"España","Asturias","Moreda",NA,NA,NA,NA,NA,NA,NA,NA,"J. Morán Diaz","",NA,NA,NA,1,NA,NA,NA,"Oviedo Museum",NA,NA,"87_NOCOMPLEXHymenopteros_OVIEDO_202310241091"
"Apis",NA,"mellifera",NA,"España","La Rioja","Logroño",NA,NA,NA,"1978",3,20,NA,NA,"José A. Gil","José A. Gil",NA,NA,NA,1,NA,NA,NA,"Oviedo Museum","Campo sobre flor",NA,"87_NOCOMPLEXHymenopteros_OVIEDO_202310241092"
"Apis",NA,"mellifera",NA,"España","Asturias","La Isla",NA,NA,NA,"1979",4,30,NA,NA,"M. P. Miyares","M. P. Miyares",NA,NA,NA,1,NA,NA,NA,"Oviedo Museum",NA,NA,"87_NOCOMPLEXHymenopteros_OVIEDO_202310241093"
"Apis",NA,"mellifera",NA,"España",NA,"Monte la Llana",NA,NA,NA,"1978",5,28,NA,NA,"Mercedes Judit Gª.","",NA,NA,NA,1,NA,NA,NA,"Oviedo Museum","Camino",NA,"87_NOCOMPLEXHymenopteros_OVIEDO_202310241094"
"Apis",NA,"mellifera",NA,"España","Asturias","La Colegiata",NA,NA,NA,"1978",5,12,NA,NA,"Saíl Cornej.","",NA,NA,NA,1,NA,NA,NA,"Oviedo Museum","En una planta",NA,"87_NOCOMPLEXHymenopteros_OVIEDO_202310241095"
"Apis",NA,"mellifera",NA,"España","Asturias","Pola de Allande",NA,NA,NA,"1983",5,5,NA,NA,"Higinio Bernardo","Higinio Bernardo",NA,NA,NA,1,NA,NA,NA,"Oviedo Museum",NA,NA,"87_NOCOMPLEXHymenopteros_OVIEDO_202310241096"
"Apis",NA,"mellifera",NA,"España","Salamanca","Batuecas",NA,NA,NA,"1978",11,23,NA,NA,"C. Manzano","",NA,NA,NA,1,NA,NA,NA,"Oviedo Museum",NA,NA,"87_NOCOMPLEXHymenopteros_OVIEDO_202310241097"
"Apis",NA,"mellifera",NA,"España","Asturias","Fabarín",NA,NA,NA,"1979",5,26,NA,NA,"C. F. C.","C. F. C.",NA,NA,NA,1,NA,NA,NA,"Oviedo Museum",NA,NA,"87_NOCOMPLEXHymenopteros_OVIEDO_202310241098"
"Apis",NA,"mellifera",NA,"España","Asturias","El Cristo (Oviedo)",NA,NA,NA,NA,NA,NA,NA,NA,"R. Reguera R.","A. Anadón-A. Quero",NA,NA,NA,1,NA,NA,NA,"Oviedo Museum","Prado",NA,"87_NOCOMPLEXHymenopteros_OVIEDO_202310241099"
"Apis",NA,"mellifera",NA,"España","Cantabria","Solares",NA,NA,NA,"1974",7,18,NA,NA,"Emma Cobo Martínez","",NA,NA,NA,1,NA,NA,NA,"Oviedo Museum",NA,NA,"87_NOCOMPLEXHymenopteros_OVIEDO_202310241100"
"Apis",NA,"mellifera",NA,"España","Asturias","La Mofosa-Luanco",NA,NA,NA,"1979",8,13,NA,NA,"I. Roca","I. Roca",NA,NA,NA,1,NA,NA,NA,"Oviedo Museum","Sobre flores",NA,"87_NOCOMPLEXHymenopteros_OVIEDO_202310241101"
"Apis",NA,"mellifera",NA,"España","Asturias","S. Pedro (Soto de Luiña)",NA,NA,NA,"1979",5,13,NA,NA,"Manón Funes","Manón Funes Marló",NA,NA,NA,1,NA,NA,NA,"Oviedo Museum","Sobre planta",NA,"87_NOCOMPLEXHymenopteros_OVIEDO_202310241102"
"Apis",NA,"mellifera",NA,"España","Asturias","Sueve",NA,NA,NA,NA,NA,NA,NA,NA,"C. Nores","",NA,NA,NA,1,NA,NA,NA,"Oviedo Museum",NA,NA,"87_NOCOMPLEXHymenopteros_OVIEDO_202310241103"
"Apis",NA,"mellifera",NA,"España","Asturias","Blimea",NA,NA,NA,"1978",3,22,NA,NA,"S. García Iglesias","",NA,NA,NA,1,NA,NA,NA,"Oviedo Museum","Sobre planta, monte bajo",NA,"87_NOCOMPLEXHymenopteros_OVIEDO_202310241104"
"Apis",NA,"mellifera",NA,"España","Asturias","Avilés",NA,NA,NA,NA,NA,NA,NA,NA,"N. A. Blanco","",NA,NA,NA,1,NA,NA,NA,"Oviedo Museum",NA,NA,"87_NOCOMPLEXHymenopteros_OVIEDO_202310241105"
"Apis",NA,"mellifera",NA,"España","Asturias","Sotrondio",NA,NA,NA,NA,NA,NA,NA,NA,"Pilar F. Cabal","",NA,NA,NA,1,NA,NA,NA,"Oviedo Museum",NA,NA,"87_NOCOMPLEXHymenopteros_OVIEDO_202310241106"
"Apis",NA,"mellifera",NA,"España","Asturias","Naranco (Oviedo)",NA,NA,NA,"1975",4,24,NA,NA,"J. A. Guijarro","",NA,NA,NA,1,NA,NA,NA,"Oviedo Museum",NA,NA,"87_NOCOMPLEXHymenopteros_OVIEDO_202310241107"
"Apis",NA,"mellifera",NA,"España","Asturias","La Felguera",NA,NA,NA,"1976",6,3,NA,NA,"Isabel Rodríguez","A. Anadón-A. Quero",NA,NA,NA,1,NA,NA,NA,"Oviedo Museum",NA,NA,"87_NOCOMPLEXHymenopteros_OVIEDO_202310241108"
"Apis",NA,"mellifera",NA,"España","León","León",NA,NA,NA,"1974",9,28,NA,NA,"Paz Nicolás","",NA,NA,NA,1,NA,NA,NA,"Oviedo Museum",NA,NA,"87_NOCOMPLEXHymenopteros_OVIEDO_202310241109"
"Apis",NA,"mellifera",NA,"España","Asturias","Candás",NA,NA,NA,NA,NA,NA,NA,NA,"Mª Luz Álvarez","",NA,NA,NA,1,NA,NA,NA,"Oviedo Museum",NA,NA,"87_NOCOMPLEXHymenopteros_OVIEDO_202310241110"
"Apis",NA,"mellifera",NA,"España","Asturias","Pandenes",NA,NA,NA,"1978",5,17,NA,NA,"Fco Martínez","",NA,NA,NA,1,NA,NA,NA,"Oviedo Museum","Prado",NA,"87_NOCOMPLEXHymenopteros_OVIEDO_202310241111"
"Apis",NA,"mellifera",NA,"España","Asturias","La Felguera",NA,NA,NA,NA,NA,NA,NA,NA,"A. Laso","",NA,NA,NA,1,NA,NA,NA,"Oviedo Museum",NA,NA,"87_NOCOMPLEXHymenopteros_OVIEDO_202310241112"
"Apis",NA,"mellifera",NA,"España","Asturias","Tuilla",NA,NA,NA,"1978",5,13,NA,NA,"Basilio Otero","",NA,NA,NA,1,NA,NA,NA,"Oviedo Museum","Sobre planta",NA,"87_NOCOMPLEXHymenopteros_OVIEDO_202310241113"
"Apis",NA,"mellifera",NA,"España","Asturias","Naranco (Oviedo)",NA,NA,NA,NA,NA,NA,NA,NA,"Paz Nicolás","",NA,NA,NA,1,NA,NA,NA,"Oviedo Museum",NA,NA,"87_NOCOMPLEXHymenopteros_OVIEDO_202310241114"
"Apis",NA,"mellifera",NA,"España","Asturias","La Carrera",NA,NA,NA,NA,NA,NA,NA,NA,"Amanda Miranda","",NA,NA,NA,1,NA,NA,NA,"Oviedo Museum","Prado",NA,"87_NOCOMPLEXHymenopteros_OVIEDO_202310241115"
"Apis",NA,"mellifera",NA,"España","Asturias","Roces",NA,NA,NA,NA,NA,NA,NA,NA,"José A. Diego","",NA,NA,NA,1,NA,NA,NA,"Oviedo Museum",NA,NA,"87_NOCOMPLEXHymenopteros_OVIEDO_202310241116"
"Apis",NA,"mellifera",NA,"España","Cantabria","Torrelavega",NA,NA,NA,"1978",5,17,NA,NA,"J. González","",NA,NA,NA,1,NA,NA,NA,"Oviedo Museum",NA,NA,"87_NOCOMPLEXHymenopteros_OVIEDO_202310241117"
"Apis",NA,"mellifera",NA,"España","Asturias","Pola de Siero",NA,NA,NA,"1979",3,15,NA,NA,"Tere Cañal M.","",NA,NA,NA,1,NA,NA,NA,"Oviedo Museum","Sobre flor",NA,"87_NOCOMPLEXHymenopteros_OVIEDO_202310241118"
"Apis",NA,"mellifera",NA,"España","Asturias","Avilés",NA,NA,NA,"1975",4,25,NA,NA,"A. Lozano","",NA,NA,NA,1,NA,NA,NA,"Oviedo Museum",NA,NA,"87_NOCOMPLEXHymenopteros_OVIEDO_202310241119"
"Apis",NA,"mellifera",NA,"España","Asturias","Santurio",NA,NA,NA,"1980",5,10,NA,NA,"S. Rodríguez","",NA,NA,NA,1,NA,NA,NA,"Oviedo Museum",NA,NA,"87_NOCOMPLEXHymenopteros_OVIEDO_202310241120"
"Apis",NA,"mellifera",NA,"España","Asturias","Llanes",NA,NA,NA,"1974",7,28,NA,NA,"Mª Paz Nicolás","",NA,NA,NA,1,NA,NA,NA,"Oviedo Museum",NA,NA,"87_NOCOMPLEXHymenopteros_OVIEDO_202310241121"
"Apis",NA,"mellifera",NA,"España","Asturias","Oviedo",NA,NA,NA,"1975",5,29,NA,NA,"M. M. de la Hoz","",NA,NA,NA,1,NA,NA,NA,"Oviedo Museum",NA,NA,"87_NOCOMPLEXHymenopteros_OVIEDO_202310241122"
"Apis",NA,"mellifera",NA,"España","Asturias","La Isla",NA,NA,NA,NA,NA,NA,NA,NA,"Cristina Muñiz","",NA,NA,NA,1,NA,NA,NA,"Oviedo Museum","Sobre flor",NA,"87_NOCOMPLEXHymenopteros_OVIEDO_202310241123"
"Apis",NA,"mellifera",NA,"España","Asturias","Sta Bárbara de Lugones",NA,NA,NA,"1978",5,25,NA,NA,"Emilio Cervantes","",NA,NA,NA,1,NA,NA,NA,"Oviedo Museum",NA,NA,"87_NOCOMPLEXHymenopteros_OVIEDO_202310241124"
"Apis",NA,"mellifera",NA,"España","Asturias","Alto de la Miranda",NA,NA,NA,"1978",5,28,NA,NA,NA,"",NA,NA,NA,1,NA,NA,NA,"Oviedo Museum",NA,NA,"87_NOCOMPLEXHymenopteros_OVIEDO_202310241125"
"Apis",NA,"mellifera",NA,"España","Asturias","Bañugues",NA,NA,NA,"1979",5,10,NA,NA,"I. Carlos Rendueles","",NA,NA,NA,1,NA,NA,NA,"Oviedo Museum","Prado",NA,"87_NOCOMPLEXHymenopteros_OVIEDO_202310241126"
"Apis",NA,"mellifera",NA,"España","Asturias","Posada de Llanera",NA,NA,NA,"1975",3,28,NA,NA,"Mª Jesús Gómez","",NA,NA,NA,1,NA,NA,NA,"Oviedo Museum",NA,NA,"87_NOCOMPLEXHymenopteros_OVIEDO_202310241127"
"Apis",NA,"mellifera",NA,"España","Asturias","Oviedo",NA,NA,NA,"1987",5,14,NA,NA,"J. Villacienfuegos","J. Villacienfuegos",NA,NA,NA,1,NA,NA,NA,"Oviedo Museum","Monte bajo",NA,"87_NOCOMPLEXHymenopteros_OVIEDO_202310241128"
"Apis",NA,"mellifera",NA,"España","Asturias","Infiesto",NA,NA,NA,"1981",6,10,NA,NA,"Isabel Fdez","",NA,NA,NA,1,NA,NA,NA,"Oviedo Museum",NA,NA,"87_NOCOMPLEXHymenopteros_OVIEDO_202310241129"
"Apis",NA,"mellifera",NA,"España","Asturias","Salinas",NA,NA,NA,"1987",5,4,NA,NA,"Mª Ángeles López","Mª Ángeles López",NA,NA,NA,1,NA,NA,NA,"Oviedo Museum","Prado",NA,"87_NOCOMPLEXHymenopteros_OVIEDO_202310241130"
"Apis",NA,"mellifera",NA,"España","Asturias","La Providencia",NA,NA,NA,"1987",5,19,NA,NA,"J. L. P. Landeras","J. L. P. Landeras",NA,NA,NA,1,NA,NA,NA,"Oviedo Museum","Pradera",NA,"87_NOCOMPLEXHymenopteros_OVIEDO_202310241131"
"Apis",NA,"mellifera",NA,"España","Asturias","Solis",NA,NA,NA,"1987",5,31,NA,NA,"Celsa F. San Narciso","Celsa F. San Narciso",NA,NA,NA,1,NA,NA,NA,"Oviedo Museum",NA,NA,"87_NOCOMPLEXHymenopteros_OVIEDO_202310241132"
"Apis",NA,"mellifera",NA,"España","Asturias","Avilés",NA,NA,NA,"1987",6,1,NA,NA,"T. G. G. R.","T. G. G. R.",NA,NA,NA,1,NA,NA,NA,"Oviedo Museum","Pradería",NA,"87_NOCOMPLEXHymenopteros_OVIEDO_202310241133"
"Apis",NA,"mellifera",NA,"España","Asturias","Cenera",NA,NA,NA,"1987",5,31,NA,NA,"Julio Prieto","Clara Álvarez G.",NA,NA,NA,1,NA,NA,NA,"Oviedo Museum",NA,NA,"87_NOCOMPLEXHymenopteros_OVIEDO_202310241134"
"Apis",NA,"mellifera",NA,"España","Asturias","Avilés",NA,NA,NA,"1987",6,5,NA,NA,"Garrido Cuervo B.","Garrido Cuervo B.",NA,NA,NA,1,NA,NA,NA,"Oviedo Museum","Parque. Flor",NA,"87_NOCOMPLEXHymenopteros_OVIEDO_202310241135"
"Apis",NA,"mellifera",NA,"España","Asturias","Soto de Rey",NA,NA,NA,"1987",5,15,NA,NA,"Clara Marinas","Clara Marinas",NA,NA,NA,1,NA,NA,NA,"Oviedo Museum","Prados",NA,"87_NOCOMPLEXHymenopteros_OVIEDO_202310241136"
"Apis",NA,"mellifera",NA,"España","Asturias","La Figar",NA,NA,NA,"1986",5,6,NA,NA,"Rolando Rguez Muñoz","Rolando Rguez Muñoz",NA,NA,NA,1,NA,NA,NA,"Oviedo Museum",NA,NA,"87_NOCOMPLEXHymenopteros_OVIEDO_202310241137"
"Apis",NA,"mellifera",NA,"España","Asturias","Peña Mayor",NA,NA,NA,"1987",4,11,NA,NA,"Julio Prieto","Julio Prieto",NA,NA,NA,1,NA,NA,NA,"Oviedo Museum",NA,NA,"87_NOCOMPLEXHymenopteros_OVIEDO_202310241138"
"Apis",NA,"mellifera",NA,"España","Asturias","Puente San Martín",NA,NA,NA,"1987",5,9,NA,NA,"Mar Mendivil","Mar Mendivil",NA,NA,NA,1,NA,NA,NA,"Oviedo Museum","Orilla del río",NA,"87_NOCOMPLEXHymenopteros_OVIEDO_202310241139"
"Apis",NA,"mellifera",NA,"España","Asturias","Moreda de Aller",NA,NA,NA,"1987",5,29,NA,NA,"Anabel González Anadón","Anabel González Anadón",NA,NA,NA,1,NA,NA,NA,"Oviedo Museum",NA,NA,"87_NOCOMPLEXHymenopteros_OVIEDO_202310241140"
"Apis",NA,"mellifera",NA,"España","Asturias","Salinas",NA,NA,NA,"1987",5,12,NA,NA,"Rubén Herrero Hevia","Rubén Herrero Hevia",NA,NA,NA,1,NA,NA,NA,"Oviedo Museum","En el suelo, descansando",NA,"87_NOCOMPLEXHymenopteros_OVIEDO_202310241141"
"Apis",NA,"mellifera",NA,"España","Asturias","La Collada",NA,NA,NA,"1987",3,14,NA,NA,"J. Muñiz Fdez","J. Muñiz Fdez",NA,NA,NA,1,NA,NA,NA,"Oviedo Museum",NA,NA,"87_NOCOMPLEXHymenopteros_OVIEDO_202310241142"
"Apis",NA,"mellifera",NA,"España","Asturias","Ciaño",NA,NA,NA,"1987",6,7,NA,NA,"M. A. Lauriño García","M. A. Lauriño García",NA,NA,NA,1,NA,NA,NA,"Oviedo Museum",NA,NA,"87_NOCOMPLEXHymenopteros_OVIEDO_202310241143"
"Apis",NA,"mellifera",NA,"España","Asturias","Gijón",NA,NA,NA,"1987",6,5,NA,NA,"N. Blanco Heviá","N. Blanco Heviá",NA,NA,NA,1,NA,NA,NA,"Oviedo Museum",NA,NA,"87_NOCOMPLEXHymenopteros_OVIEDO_202310241144"
"Apis",NA,"mellifera",NA,"España","Asturias","Oviedo",NA,NA,NA,"1987",7,25,NA,NA,"José García L.","",NA,NA,NA,1,NA,NA,NA,"Oviedo Museum","Prado",NA,"87_NOCOMPLEXHymenopteros_OVIEDO_202310241145"
"Apis",NA,"mellifera",NA,"España","Asturias","Oviedo (El Montico)",NA,NA,NA,"1987",4,25,NA,NA,"A. M. Navarro Incio","A. M. Navarro Incio",NA,NA,NA,1,NA,NA,NA,"Oviedo Museum",NA,NA,"87_NOCOMPLEXHymenopteros_OVIEDO_202310241146"
"Apis",NA,"mellifera",NA,"España","Asturias","Gijón (Los Compones)",NA,NA,NA,"1987",5,26,NA,NA,"Mª Camino López S.","Mª Camino López S.",NA,NA,NA,1,NA,NA,NA,"Oviedo Museum",NA,NA,"87_NOCOMPLEXHymenopteros_OVIEDO_202310241147"
"Apis",NA,"mellifera",NA,"España","Asturias","Cornellana",NA,NA,NA,"1987",6,5,NA,NA,"A. Flórez Alonso","",NA,NA,NA,1,NA,NA,NA,"Oviedo Museum",NA,NA,"87_NOCOMPLEXHymenopteros_OVIEDO_202310241148"
"Apis",NA,"mellifera",NA,"España","Asturias","Oviedo (Carretera de Mieres)",NA,NA,NA,"1987",5,5,NA,NA,"Carmen Peláez Mata","Carmen Peláez Mata",NA,NA,NA,1,NA,NA,NA,"Oviedo Museum",NA,NA,"87_NOCOMPLEXHymenopteros_OVIEDO_202310241149"
"Apis",NA,"mellifera",NA,"España","Asturias","Llanera",NA,NA,NA,"1987",5,17,NA,NA,"M. Bongera","M. Bongera",NA,NA,NA,1,NA,NA,NA,"Oviedo Museum","En prado, sobre flor",NA,"87_NOCOMPLEXHymenopteros_OVIEDO_202310241150"
"Apis",NA,"mellifera",NA,"España","Asturias","Monte Naranco",NA,NA,NA,"1987",6,5,NA,NA,"Mª Luz Yáñez","Mª Luz Yáñez",NA,NA,NA,1,NA,NA,NA,"Oviedo Museum","Prado",NA,"87_NOCOMPLEXHymenopteros_OVIEDO_202310241151"
"Apis",NA,"mellifera",NA,"España","Asturias","Avilés",NA,NA,NA,"1986",6,6,NA,NA,"Cristina Rodenas F.","Cristina Rodenas F.",NA,NA,NA,1,NA,NA,NA,"Oviedo Museum","Prado",NA,"87_NOCOMPLEXHymenopteros_OVIEDO_202310241152"
"Apis",NA,"mellifera",NA,"España","Asturias","Plaza de Llamaquique (Oviedo)",NA,NA,NA,"1987",4,30,NA,NA,"B. Ramos Pérez","B. Ramos Pérez",NA,NA,NA,1,NA,NA,NA,"Oviedo Museum",NA,NA,"87_NOCOMPLEXHymenopteros_OVIEDO_202310241153"
"Apis",NA,"mellifera",NA,"España","Cantabria","Bólogo",NA,NA,NA,"1987",4,21,NA,NA,"Pilar Glez de la Lastra","Pilar Glez de la Lastra",NA,NA,NA,1,NA,NA,NA,"Oviedo Museum","En casa",NA,"87_NOCOMPLEXHymenopteros_OVIEDO_202310241154"
"Apis",NA,"mellifera",NA,"España",NA,"Figaredo",NA,NA,NA,"1987",4,13,NA,NA,"Mª Luz Centeno","Mª Luz Centeno",NA,NA,NA,1,NA,NA,NA,"Oviedo Museum",NA,NA,"87_NOCOMPLEXHymenopteros_OVIEDO_202310241155"
"Apis",NA,"mellifera",NA,"España","Asturias","S. Lucao",NA,NA,NA,"1987",5,25,NA,NA,"I. Escandon","I. Escandon",NA,NA,NA,1,NA,NA,NA,"Oviedo Museum",NA,NA,"87_NOCOMPLEXHymenopteros_OVIEDO_202310241156"
"Apis",NA,"mellifera",NA,"España","Asturias","Parque de invierno (Oviedo)",NA,NA,NA,"1987",5,2,NA,NA,"D. Zamanillo C.","D. Zamanillo C.",NA,NA,NA,1,NA,NA,NA,"Oviedo Museum",NA,NA,"87_NOCOMPLEXHymenopteros_OVIEDO_202310241157"
"Apis",NA,"mellifera",NA,"España","Asturias","Granda",NA,NA,NA,NA,NA,NA,NA,NA,"Telmo Rodríguez","Telmo Rodríguez",NA,NA,NA,1,NA,NA,NA,"Oviedo Museum","Orillas del río",NA,"87_NOCOMPLEXHymenopteros_OVIEDO_202310241158"
"Apis",NA,"mellifera",NA,"España","Asturias","Latores",NA,NA,NA,"1987",6,7,NA,NA,"Mª V. Cuartas","Mª V. Cuartas",NA,NA,NA,1,NA,NA,NA,"Oviedo Museum","Prado",NA,"87_NOCOMPLEXHymenopteros_OVIEDO_202310241159"
"Apis",NA,"mellifera",NA,"España","Asturias","El Cristo (Oviedo)",NA,NA,NA,"1987",5,7,NA,NA,"Bego Zurimendi","Bego Zurimendi",NA,NA,NA,1,NA,NA,NA,"Oviedo Museum",NA,NA,"87_NOCOMPLEXHymenopteros_OVIEDO_202310241160"
"Apis",NA,"mellifera",NA,"España","Asturias","Parque de invierno (Oviedo)",NA,NA,NA,"1987",5,22,NA,NA,"C. Alonso Blanco","C. Alonso Blanco",NA,NA,NA,1,NA,NA,NA,"Oviedo Museum",NA,NA,"87_NOCOMPLEXHymenopteros_OVIEDO_202310241161"
"Apis",NA,"mellifera",NA,"España","Asturias","Molledo",NA,NA,NA,NA,NA,NA,NA,NA,"Hortensia","Hortensia",NA,NA,NA,1,NA,NA,NA,"Oviedo Museum",NA,NA,"87_NOCOMPLEXHymenopteros_OVIEDO_202310241162"
"Apis",NA,"mellifera",NA,"España","Asturias","Gijón",NA,NA,NA,"1987",5,14,NA,NA,"Mª Carmen Quijano","",NA,NA,NA,1,NA,NA,NA,"Oviedo Museum",NA,NA,"87_NOCOMPLEXHymenopteros_OVIEDO_202310241163"
"Apis",NA,"mellifera",NA,"España","Asturias","Riosa",NA,NA,NA,"1987",5,30,NA,NA,"Sánchez Castro L.","Sánchez Castro L.",NA,NA,NA,1,NA,NA,NA,"Oviedo Museum","Prado",NA,"87_NOCOMPLEXHymenopteros_OVIEDO_202310241164"
"Apis",NA,"mellifera",NA,"España","León","Cacabelos",NA,NA,NA,NA,NA,NA,NA,NA,"David Valdés","",NA,NA,NA,1,NA,NA,NA,"Oviedo Museum",NA,NA,"87_NOCOMPLEXHymenopteros_OVIEDO_202310241165"
"Apis",NA,"mellifera",NA,"España","León","León",NA,NA,NA,NA,NA,NA,NA,NA,"L. Riestra","",NA,NA,NA,1,NA,NA,NA,"Oviedo Museum","Ortigal",NA,"87_NOCOMPLEXHymenopteros_OVIEDO_202310241166"
"Apis",NA,"mellifera",NA,"España","Asturias","Latores",NA,NA,NA,"1987",7,8,NA,NA,"J. A. González","Jose Antonio Glez",NA,NA,NA,1,NA,NA,NA,"Oviedo Museum","Seto",NA,"87_NOCOMPLEXHymenopteros_OVIEDO_202310241167"
"Apis",NA,"mellifera",NA,"España","Asturias","Ceares (Gijón)",NA,NA,NA,"1986",8,22,NA,NA,"Jesús G. Durán","Jesús G. Durán",NA,NA,NA,1,NA,NA,NA,"Oviedo Museum","Matorral",NA,"87_NOCOMPLEXHymenopteros_OVIEDO_202310241168"
"Apis",NA,"mellifera",NA,"España","Asturias","Mieres",NA,NA,NA,NA,NA,NA,NA,NA,"C. Bonhomme","C. Bonhomme",NA,NA,NA,1,NA,NA,NA,"Oviedo Museum",NA,NA,"87_NOCOMPLEXHymenopteros_OVIEDO_202310241169"
"Apis",NA,"mellifera",NA,"España","Asturias","Trubia",NA,NA,NA,NA,NA,NA,NA,NA,"L. Palacios","L. Palacios",NA,NA,NA,1,NA,NA,NA,"Oviedo Museum","Prado",NA,"87_NOCOMPLEXHymenopteros_OVIEDO_202310241170"
"Apis",NA,"mellifera",NA,"España","Asturias","La Providencia",NA,NA,NA,"1987",5,20,NA,NA,"Estrella Fdez","Estrella Fdez",NA,NA,NA,1,NA,NA,NA,"Oviedo Museum",NA,NA,"87_NOCOMPLEXHymenopteros_OVIEDO_202310241171"
"Apis",NA,"mellifera",NA,"España","Asturias","Oviedo",NA,NA,NA,"1987",6,3,NA,NA,"J. F. Saiz Villoria","",NA,NA,NA,1,NA,NA,NA,"Oviedo Museum","Ciudad",NA,"87_NOCOMPLEXHymenopteros_OVIEDO_202310241172"
"Apis",NA,"mellifera",NA,"España","Asturias","Oviedo",NA,NA,NA,NA,NA,NA,NA,NA,"L. A. Calderón","L. A. Calderón",NA,NA,NA,1,NA,NA,NA,"Oviedo Museum",NA,NA,"87_NOCOMPLEXHymenopteros_OVIEDO_202310241173"
"Apis",NA,"mellifera",NA,"España","León","Carbajal",NA,NA,NA,"1981",9,5,NA,NA,"M. C. Gutiérrez","",NA,NA,NA,1,NA,NA,NA,"Oviedo Museum",NA,NA,"87_NOCOMPLEXHymenopteros_OVIEDO_202310241174"
"Sphecodes",NA,"fuscipennis",NA,"España","Asturias","P. Puraromas (Oviedo)",NA,NA,NA,"1996",4,20,NA,NA,"Presen Ordiérez","Presen Ordiérez",NA,NA,NA,1,NA,NA,NA,"Oviedo Museum",NA,NA,"87_NOCOMPLEXHymenopteros_OVIEDO_202310241175"
"Sphecodes",NA,"fuscipennis",NA,"España","Asturias","Orlé",NA,NA,NA,"1986",5,18,NA,NA,"J. L. Bartolomé","J. L. Bartolomé",NA,NA,NA,1,NA,NA,NA,"Oviedo Museum","Monte bajo",NA,"87_NOCOMPLEXHymenopteros_OVIEDO_202310241176"
"Myzine",NA,"tvipmetata",NA,"España","Asturias","Prendonés",NA,NA,NA,"1987",7,23,NA,NA,"J. R. Fdez López","J. R. Fdez López",NA,NA,NA,1,NA,NA,NA,"Oviedo Museum","Nido en tierra","Tiene moho","87_NOCOMPLEXHymenopteros_OVIEDO_202310241177"
"Sphecodes",NA,"verticalis?",NA,"España","Asturias","Oviedo",NA,NA,NA,"1978",5,4,NA,NA,"Elena Fdez Pavón","A. Anadón",NA,NA,NA,1,NA,NA,NA,"Oviedo Museum","En la calle",NA,"87_NOCOMPLEXHymenopteros_OVIEDO_202310241178"
"Sphecodes",NA,"verticalis",NA,"España","Asturias","Monte Naranco",NA,NA,NA,"1989",4,17,NA,NA,"Antonio Gómez Fdez","Antonio Gómez Fdez",NA,NA,NA,1,NA,NA,NA,"Oviedo Museum",NA,NA,"87_NOCOMPLEXHymenopteros_OVIEDO_202310241179"
"Sphecodes",NA,"spinulosus",NA,"España","Navarra","Mendivil",NA,NA,NA,"1977",6,2,NA,NA,"Elvira Flamarique","",NA,NA,NA,1,NA,NA,NA,"Oviedo Museum","Bajo piedra",NA,"87_NOCOMPLEXHymenopteros_OVIEDO_202310241180"
"Sphecodes",NA,"sp.",NA,"España","Guipúzcoa","Bergara",NA,NA,NA,"1990",7,17,NA,NA,"N. Aperribai","N. Aperribai",NA,NA,NA,1,NA,NA,NA,"Oviedo Museum",NA,NA,"87_NOCOMPLEXHymenopteros_OVIEDO_202310241181"
"Sphecodes",NA,"albilabris",NA,"España","Asturias","Lamuño",NA,NA,NA,"1996",8,3,NA,NA,"Andrés Fdz","Andrés Fdz, A. Núñez",1,NA,NA,0,NA,NA,NA,"Oviedo Museum",NA,NA,"87_NOCOMPLEXHymenopteros_OVIEDO_202310241182"
"Sphecodes",NA,"albilabris",NA,"España","Asturias","Nozalinos",NA,NA,NA,NA,NA,NA,NA,NA,"A. Anadón","A. Núñez",1,NA,NA,0,NA,NA,NA,"Oviedo Museum",NA,NA,"87_NOCOMPLEXHymenopteros_OVIEDO_202310241183"
"Sphecodes",NA,"albilabris",NA,"España","Asturias","Hevia",NA,NA,NA,"1982",5,15,NA,NA,"A. Fonseca","A. Fonseca, A. Núñez",1,NA,NA,0,NA,NA,NA,"Oviedo Museum","Camino suelo arenoso",NA,"87_NOCOMPLEXHymenopteros_OVIEDO_202310241184"
"Sphecodes",NA,"albilabris",NA,"España","Asturias","Corias",NA,NA,NA,"1974",8,20,NA,NA,"M. A. Álvarez","A. Anadón, A. Núñez",1,NA,NA,0,NA,NA,NA,"Oviedo Museum",NA,NA,"87_NOCOMPLEXHymenopteros_OVIEDO_202310241185"
"Sphecodes",NA,"albilabris",NA,"España","Asturias","Pinos Altos",NA,NA,NA,"1986",5,10,NA,NA,"Isabel Soret Matamoros","Isabel Soret Matamoros, A. Núñez",1,NA,NA,0,NA,NA,NA,"Oviedo Museum","Pinar",NA,"87_NOCOMPLEXHymenopteros_OVIEDO_202310241186"
"Sphecodes",NA,"verticalis",NA,"España","Asturias","Ceares (Gijón)",NA,NA,NA,"1986",8,17,NA,NA,"Jesús G. Durán","Jesús G. Durán",NA,NA,NA,1,NA,NA,NA,"Oviedo Museum","Matorral","Tiene moho","87_NOCOMPLEXHymenopteros_OVIEDO_202310241187"
"Nomada",NA,"sp.",NA,"España","Pontevedra","Panjón",NA,NA,NA,"1972",8,3,NA,NA,"R. Anadón","R. Anadón",NA,NA,NA,1,NA,NA,NA,"Oviedo Museum",NA,NA,"87_NOCOMPLEXHymenopteros_OVIEDO_202310241188"
"Nomada",NA,"sp.",NA,"España","Asturias","Colloto",NA,NA,NA,"1976",5,21,NA,NA,"A. Múgica Blanco","A. Anadón",NA,NA,NA,1,NA,NA,NA,"Oviedo Museum",NA,NA,"87_NOCOMPLEXHymenopteros_OVIEDO_202310241189"
"Nomada",NA,"sp.",NA,"España","Asturias","Colloto",NA,NA,NA,NA,NA,NA,NA,NA,"N. Truébano","",NA,NA,NA,1,NA,NA,NA,"Oviedo Museum",NA,NA,"87_NOCOMPLEXHymenopteros_OVIEDO_202310241190"
"Nomada",NA,"sp.",NA,"España","Cantabria","Mijares",NA,NA,NA,NA,NA,NA,NA,NA,"Ángel Múgica B.","",NA,NA,NA,1,NA,NA,NA,"Oviedo Museum",NA,NA,"87_NOCOMPLEXHymenopteros_OVIEDO_202310241191"
"Nomada",NA,"armata",NA,"España","Asturias","Colloto",NA,NA,NA,"1976",5,27,NA,NA,"M. L. C. Arias","A. Anadón, A. Núñez",NA,1,NA,0,NA,NA,NA,"Oviedo Museum",NA,NA,"87_NOCOMPLEXHymenopteros_OVIEDO_202310241192"
"Nomada",NA,"marshamella",NA,"España","Lugo","Ribeira de Piquín",NA,NA,NA,"2007",5,7,NA,NA,"R. Navais","R. Navais, A. Núñez",1,NA,NA,0,NA,NA,NA,"Oviedo Museum",NA,NA,"87_NOCOMPLEXHymenopteros_OVIEDO_202310241193"
"Nomada",NA,"flavopicta",NA,"España","Asturias","Llanes",NA,NA,NA,"1999",8,6,NA,NA,"Mª José Llera","L. Elguezabal, A. Núñez",1,NA,NA,0,NA,NA,NA,"Oviedo Museum",NA,NA,"87_NOCOMPLEXHymenopteros_OVIEDO_202310241194"
"Nomada",NA,"marshamella",NA,"España","Asturias","La Isla",NA,NA,NA,NA,NA,NA,NA,NA,"José A. Isla","José A. Isla, A. Núñez",NA,1,NA,0,NA,NA,NA,"Oviedo Museum",NA,NA,"87_NOCOMPLEXHymenopteros_OVIEDO_202310241195"
"Nomada",NA,"godeniana",NA,"España","Asturias","P. Pura Tomás (Oviedo)",NA,NA,NA,"1996",4,20,NA,NA,"Presen Ordiérez","Presen Ordiérez, A. Núñez",1,NA,NA,0,NA,NA,NA,"Oviedo Museum",NA,NA,"87_NOCOMPLEXHymenopteros_OVIEDO_202310241196"
"Nomada",NA,"sexfasciata",NA,"España","Asturias","Penjamo",NA,NA,NA,"1983",5,21,NA,NA,"Glez-Pola Villa M","A. Núñez",1,NA,NA,0,NA,NA,NA,"Oviedo Museum",NA,NA,"87_NOCOMPLEXHymenopteros_OVIEDO_202310241197"
"Nomada",NA,"marshamella",NA,"España","Asturias","P. P. Tomás (Oviedo)",NA,NA,NA,"1996",3,24,NA,NA,"L. Frechilla","L. Frechilla, A. Núñez",1,NA,NA,0,NA,NA,NA,"Oviedo Museum","Prado",NA,"87_NOCOMPLEXHymenopteros_OVIEDO_202310241198"
"Nomada",NA,"flava",NA,"España","Asturias","El Cristo (Oviedo)",NA,NA,NA,"1988",11,15,NA,NA,"José Manuel Fdz","José Manuel Fdz Mtnz, A. Núñez",1,NA,NA,0,NA,NA,NA,"Oviedo Museum",NA,NA,"87_NOCOMPLEXHymenopteros_OVIEDO_202310241199"
"Nomada",NA,"flava",NA,"España","Asturias","Los Maizales",NA,NA,NA,"1991",5,17,NA,NA,"M. A. Paredes","M. A. Paredes, A. Núñez",1,NA,NA,0,NA,NA,NA,"Oviedo Museum",NA,NA,"87_NOCOMPLEXHymenopteros_OVIEDO_202310241200"
"Nomada",NA,"sexfasciata",NA,"España","Asturias","S. Claudio",NA,NA,NA,"1980",5,6,NA,NA,"P. Ciscar","A. Núñez",NA,1,NA,0,NA,NA,NA,"Oviedo Museum","Huerta",NA,"87_NOCOMPLEXHymenopteros_OVIEDO_202310241201"
"Nomada",NA,"sexfasciata",NA,"España","Asturias","Pola de Siero",NA,NA,NA,"1978",5,14,NA,NA,"Fco Javier G.","A. Núñez",NA,1,NA,0,NA,NA,NA,"Oviedo Museum",NA,NA,"87_NOCOMPLEXHymenopteros_OVIEDO_202310241202"
"Nomada",NA,"sexfasciata",NA,"España","Asturias","Pola de Lena",NA,NA,NA,NA,NA,NA,NA,NA,"Mª A. García","A. Núñez",NA,1,NA,0,NA,NA,NA,"Oviedo Museum",NA,NA,"87_NOCOMPLEXHymenopteros_OVIEDO_202310241203"
"Nomada",NA,"flava",NA,"España","Asturias","Llorianes (Valdesoto)",NA,NA,NA,"1983",5,8,NA,NA,"L. F. Sierra","M. Sierra, A. Núñez",1,NA,NA,0,NA,NA,NA,"Oviedo Museum",NA,NA,"87_NOCOMPLEXHymenopteros_OVIEDO_202310241204"
"Nomada",NA,"femoralis",NA,"España","Asturias","Oviedo",NA,NA,NA,"1981",3,7,NA,NA,"Machín","A. Núñez",NA,1,NA,0,NA,NA,NA,"Oviedo Museum",NA,NA,"87_NOCOMPLEXHymenopteros_OVIEDO_202310241205"
"Nomada",NA,"femoralis",NA,"España","Asturias","Detrás del Masaveu",NA,NA,NA,"1986",6,8,NA,NA,"Fco S. Vázquez de Prada","A. Núñez",1,NA,NA,0,NA,NA,NA,"Oviedo Museum",NA,NA,"87_NOCOMPLEXHymenopteros_OVIEDO_202310241206"
"Nomada",NA,"femoralis",NA,"España","Asturias","C. Las Segadas",NA,NA,NA,"1983",6,10,NA,NA,"Isabel Suárez N.","A. Núñez",1,NA,NA,0,NA,NA,NA,"Oviedo Museum",NA,NA,"87_NOCOMPLEXHymenopteros_OVIEDO_202310241207"
"Nomada",NA,"sexfasciata",NA,"España","Asturias","Avín",NA,NA,NA,"1991",10,23,NA,NA,"María Herrero","A. Núñez",NA,1,NA,0,NA,NA,NA,"Oviedo Museum",NA,NA,"87_NOCOMPLEXHymenopteros_OVIEDO_202310241208"
"Nomada",NA,"sexfasciata",NA,"España","Asturias","Nubledo",NA,NA,NA,"1986",5,31,NA,NA,"J. Martín Morales","J. Martín Morales, A. Núñez",1,NA,NA,0,NA,NA,NA,"Oviedo Museum","En lindero",NA,"87_NOCOMPLEXHymenopteros_OVIEDO_202310241209"
"Nomada",NA,"flava",NA,"España","Asturias","Poo",NA,NA,NA,"1988",5,12,NA,NA,"J. R. Fdz López","J. R. Fdz López, A. Núñez",NA,1,NA,0,NA,NA,NA,"Oviedo Museum","Pradera",NA,"87_NOCOMPLEXHymenopteros_OVIEDO_202310241210"
"Nomada",NA,"marshamella",NA,"España","Asturias","Parque de invierno (Oviedo)",NA,NA,NA,"1991",5,14,NA,NA,"Mª del Rosario Ruiz","Mª del Rosario Ruiz, A. Núñez",1,NA,NA,0,NA,NA,NA,"Oviedo Museum",NA,NA,"87_NOCOMPLEXHymenopteros_OVIEDO_202310241211"
"Nomada",NA,"succinta",NA,"España","León","La Bañeza",NA,NA,NA,"1981",5,29,NA,NA,"E. Sanjuán Rdguez","E. Sanjuán Rdguez, A. Núñez",NA,1,NA,0,NA,NA,NA,"Oviedo Museum","Encinar",NA,"87_NOCOMPLEXHymenopteros_OVIEDO_202310241212"
"Nomada",NA,"sp.",NA,"España","Asturias","Oviedo",NA,NA,NA,NA,NA,NA,NA,NA,"P. Fdez Estrada","A. Núñez",NA,1,NA,0,NA,NA,NA,"Oviedo Museum",NA,NA,"87_NOCOMPLEXHymenopteros_OVIEDO_202310241213"
"Andrena",NA,"pilipes",NA,"España","Burgos","Castillo del Val",NA,NA,NA,"1988",7,15,NA,NA,"J. L. Benito","J. L. Benito",NA,NA,NA,1,NA,NA,NA,"Oviedo Museum",NA,NA,"87_NOCOMPLEXHymenopteros_OVIEDO_202310241214"
"Andrena",NA,"sp.",NA,"España","Asturias","S. Cristóbal",NA,NA,NA,NA,NA,NA,NA,NA,"M. A. Aranda","",NA,NA,NA,1,NA,NA,NA,"Oviedo Museum",NA,NA,"87_NOCOMPLEXHymenopteros_OVIEDO_202310241215"
"Andrena",NA,"sp.",NA,"España","Cantabria","Mijares",NA,NA,NA,NA,NA,NA,NA,NA,"Ángel Múgica B.","",NA,NA,NA,1,NA,NA,NA,"Oviedo Museum",NA,NA,"87_NOCOMPLEXHymenopteros_OVIEDO_202310241216"
"Andrena",NA,"sp.",NA,"España","Asturias","S. Cristóbal",NA,NA,NA,NA,NA,NA,NA,NA,"M. A. Aranda","",NA,NA,NA,1,NA,NA,NA,"Oviedo Museum",NA,NA,"87_NOCOMPLEXHymenopteros_OVIEDO_202310241217"
"Andrena",NA,"sp.",NA,"España","Asturias","Sotrondio",NA,NA,NA,"1986",5,16,NA,NA,"Severino González Rocas","",NA,NA,NA,1,NA,NA,NA,"Oviedo Museum",NA,NA,"87_NOCOMPLEXHymenopteros_OVIEDO_202310241218"
"Andrena",NA,"sp.",NA,"España","Asturias","Gijón",NA,NA,NA,"1986",5,19,NA,NA,"J. P. Ayllón","",NA,NA,NA,1,NA,NA,NA,"Oviedo Museum","Pradera",NA,"87_NOCOMPLEXHymenopteros_OVIEDO_202310241219"
"Andrena",NA,"sp.",NA,"España","Zamora","Zamora",NA,NA,NA,"1987",4,14,NA,NA,"P. M. Martínez","T. Montoto",NA,NA,NA,1,NA,NA,NA,"Oviedo Museum",NA,NA,"87_NOCOMPLEXHymenopteros_OVIEDO_202310241220"
"Andrena",NA,"sp.",NA,"España","Asturias","Tarna",NA,NA,NA,"1982",5,15,NA,NA,"C. Díaz Juesas","C. Díaz Juesas",NA,NA,NA,1,NA,NA,NA,"Oviedo Museum",NA,"Tiene moho","87_NOCOMPLEXHymenopteros_OVIEDO_202310241221"
"Andrena",NA,"sp.",NA,"España","Asturias","Godan",NA,NA,NA,"1976",4,29,NA,NA,"Mª D. Miranda","",NA,NA,NA,1,NA,NA,NA,"Oviedo Museum",NA,"Tiene moho","87_NOCOMPLEXHymenopteros_OVIEDO_202310241222"
"Andrena",NA,"sp.",NA,"España","Asturias","El Escamplero",NA,NA,NA,"1980",4,19,NA,NA,"José A. Gil","José A. Gil",NA,NA,NA,1,NA,NA,NA,"Oviedo Museum","Prado, sobre flor",NA,"87_NOCOMPLEXHymenopteros_OVIEDO_202310241223"
"Andrena",NA,"sp.",NA,"España","Asturias","P. P. Tomás (Oviedo)",NA,NA,NA,"1996",3,2,NA,NA,"L. Frechilla","L. Frechilla",NA,NA,NA,1,NA,NA,NA,"Oviedo Museum","Prado",NA,"87_NOCOMPLEXHymenopteros_OVIEDO_202310241224"
"Andrena",NA,"sp.",NA,"España","Salamanca","Salamanca",NA,NA,NA,"1978",5,15,NA,NA,"J. Gaytan","A. Anadón",NA,NA,NA,1,NA,NA,NA,"Oviedo Museum",NA,NA,"87_NOCOMPLEXHymenopteros_OVIEDO_202310241225"
"Andrena",NA,"sp.",NA,"España","Asturias","Pola de Siero",NA,NA,NA,"1983",5,7,NA,NA,"R. Cueva","",NA,NA,NA,1,NA,NA,NA,"Oviedo Museum",NA,"Tiene moho","87_NOCOMPLEXHymenopteros_OVIEDO_202310241226"
"Andrena",NA,"sp.",NA,"España","Asturias","Salas",NA,NA,NA,"1975",5,10,NA,NA,"Mª Josefa Díaz","A. Anadón",NA,NA,NA,1,NA,NA,NA,"Oviedo Museum",NA,NA,"87_NOCOMPLEXHymenopteros_OVIEDO_202310241227"
"Andrena",NA,"sp.",NA,"España","Asturias","Gijón",NA,NA,NA,"1980",5,5,NA,NA,"Patricia Menéndez Benavente","",NA,NA,NA,1,NA,NA,NA,"Oviedo Museum",NA,NA,"87_NOCOMPLEXHymenopteros_OVIEDO_202310241228"
"Andrena",NA,"sp.",NA,"España","Salamanca","Campaspero",NA,NA,NA,"1978",7,15,NA,NA,"C. Manzano","",NA,NA,NA,1,NA,NA,NA,"Oviedo Museum",NA,NA,"87_NOCOMPLEXHymenopteros_OVIEDO_202310241229"
"Andrena",NA,"pilipes",NA,"España","Asturias","Salinas",NA,NA,NA,"1992",5,5,NA,NA,"Alfredo Fdez-Ojanguren","Alfredo Fdez-Ojanguren",1,NA,NA,0,NA,NA,NA,"Oviedo Museum",NA,NA,"87_NOCOMPLEXHymenopteros_OVIEDO_202310241230"
"Andrena",NA,"sp.",NA,"España","Asturias","Porcía",NA,NA,NA,"1980",8,5,NA,NA,"A. Anadón","",NA,NA,NA,1,NA,NA,NA,"Oviedo Museum",NA,NA,"87_NOCOMPLEXHymenopteros_OVIEDO_202310241231"
"Andrena",NA,"sp.",NA,"España","Zamora","Zamora",NA,NA,NA,NA,NA,NA,NA,NA,"Paloma Morán","Paloma Morán",NA,NA,NA,1,NA,NA,NA,"Oviedo Museum",NA,NA,"87_NOCOMPLEXHymenopteros_OVIEDO_202310241232"
"Andrena",NA,"sp.",NA,"España","Asturias","Oviedo",NA,NA,NA,"1976",5,2,NA,NA,"F. Bravo","A. Anadón",NA,NA,NA,1,NA,NA,NA,"Oviedo Museum",NA,NA,"87_NOCOMPLEXHymenopteros_OVIEDO_202310241233"
"Andrena",NA,"sp.",NA,"España","Asturias","Sama de Langreo",NA,NA,NA,"1976",10,5,NA,NA,"Teresa C. Lozano","",NA,NA,NA,1,NA,NA,NA,"Oviedo Museum",NA,NA,"87_NOCOMPLEXHymenopteros_OVIEDO_202310241234"
"Andrena",NA,"sp.",NA,"España","Asturias","Somió",NA,NA,NA,NA,NA,NA,NA,NA,"Estrella Rubio","",NA,NA,NA,1,NA,NA,NA,"Oviedo Museum",NA,NA,"87_NOCOMPLEXHymenopteros_OVIEDO_202310241235"
"Andrena",NA,"sp.",NA,"España","Asturias","Oviedo",NA,NA,NA,NA,NA,NA,NA,NA,"Cristina Gutiérrez","",NA,NA,NA,1,NA,NA,NA,"Oviedo Museum",NA,NA,"87_NOCOMPLEXHymenopteros_OVIEDO_202310241236"
"Andrena",NA,"sp.",NA,"España","Asturias","P. Llaviana",NA,NA,NA,"1986",4,19,NA,NA,"L. A. Santos","L. A. Santos",NA,NA,NA,1,NA,NA,NA,"Oviedo Museum",NA,NA,"87_NOCOMPLEXHymenopteros_OVIEDO_202310241237"
"Andrena",NA,"sp.",NA,"España","Asturias","Celorio",NA,NA,NA,"1981",3,29,NA,NA,"Milagros Garzo","Milagros Garzo",NA,NA,NA,1,NA,NA,NA,"Oviedo Museum","Prado",NA,"87_NOCOMPLEXHymenopteros_OVIEDO_202310241238"
"Andrena",NA,"sp.",NA,"España","Asturias","Oviedo",NA,NA,NA,"1981",5,10,NA,NA,"Isabel Fdez G.","",NA,NA,NA,1,NA,NA,NA,"Oviedo Museum",NA,NA,"87_NOCOMPLEXHymenopteros_OVIEDO_202310241239"
"Andrena",NA,"sp.",NA,"España","Asturias","Salas",NA,NA,NA,"1976",5,12,NA,NA,"Mª Josefa Díaz","",NA,NA,NA,1,NA,NA,NA,"Oviedo Museum",NA,NA,"87_NOCOMPLEXHymenopteros_OVIEDO_202310241240"
"Andrena",NA,"sp.",NA,"España","Asturias","Peón",NA,NA,NA,"1988",10,5,NA,NA,"E. C. Jiménez","E. C. Jiménez",NA,NA,NA,1,NA,NA,NA,"Oviedo Museum",NA,NA,"87_NOCOMPLEXHymenopteros_OVIEDO_202310241241"
"Andrena",NA,"sp.",NA,"España","Asturias","Oviedo",NA,NA,NA,"1980",5,24,NA,NA,"Asunción Fdez Riestra","",NA,NA,NA,1,NA,NA,NA,"Oviedo Museum",NA,NA,"87_NOCOMPLEXHymenopteros_OVIEDO_202310241242"
"Andrena",NA,"humilis",NA,"España","Asturias","Meres (Oviedo)",NA,NA,NA,"1982",5,11,NA,NA,"Silva Manzano","A. Núñez",1,NA,NA,0,NA,NA,NA,"Oviedo Museum","Prado",NA,"87_NOCOMPLEXHymenopteros_OVIEDO_202310241243"
"Andrena",NA,"sp.",NA,"España","Asturias","Latores",NA,NA,NA,"1980",5,17,NA,NA,"Mª Teresa Blanco","",NA,NA,NA,1,NA,NA,NA,"Oviedo Museum",NA,NA,"87_NOCOMPLEXHymenopteros_OVIEDO_202310241244"
"Andrena",NA,"sp.",NA,"España","Asturias","Oviedo",NA,NA,NA,"1987",5,20,NA,NA,"José R. Giménez","José R. Giménez",NA,NA,NA,1,NA,NA,NA,"Oviedo Museum","Prado",NA,"87_NOCOMPLEXHymenopteros_OVIEDO_202310241245"
"Andrena",NA,"sp.",NA,"España","Asturias","Cristo (Oviedo)",NA,NA,NA,"1987",5,20,NA,NA,"Mª Jesús Villanueva","Mª Jesús Villanueva",NA,NA,NA,1,NA,NA,NA,"Oviedo Museum",NA,NA,"87_NOCOMPLEXHymenopteros_OVIEDO_202310241246"
"Andrena",NA,"sp.",NA,"España","Asturias","Villaviciosa",NA,NA,NA,"1983",5,22,NA,NA,"P. G. Campomanes","P. G. Campomanes",NA,NA,NA,1,NA,NA,NA,"Oviedo Museum",NA,NA,"87_NOCOMPLEXHymenopteros_OVIEDO_202310241247"
"Andrena",NA,"sp.",NA,"España","Asturias","Agones",NA,NA,NA,NA,NA,NA,NA,NA,"J. J. Ferreira","",NA,NA,NA,1,NA,NA,NA,"Oviedo Museum","Flor, de día",NA,"87_NOCOMPLEXHymenopteros_OVIEDO_202310241248"
"Andrena",NA,"sp.",NA,"España","León","León",NA,NA,NA,"1974",7,2,NA,NA,"C. Muñiz","",NA,NA,NA,1,NA,NA,NA,"Oviedo Museum",NA,NA,"87_NOCOMPLEXHymenopteros_OVIEDO_202310241249"
"Andrena",NA,"sp.",NA,"España","Asturias","Corias",NA,NA,NA,"1978",4,15,NA,NA,"Mª Isabel Hevia González","A. Anadón",NA,NA,NA,1,NA,NA,NA,"Oviedo Museum","Campo",NA,"87_NOCOMPLEXHymenopteros_OVIEDO_202310241250"
"Andrena",NA,"sp.",NA,"España","Cantabria","Torrelavega",NA,NA,NA,"1978",4,1,NA,NA,"Ángela Trueba","",NA,NA,NA,1,NA,NA,NA,"Oviedo Museum","Sobre flor",NA,"87_NOCOMPLEXHymenopteros_OVIEDO_202310241251"
"Andrena",NA,"sp.",NA,"España","Asturias","Oviedo",NA,NA,NA,NA,NA,NA,NA,NA,"Cristina Gutiérrez","",NA,NA,NA,1,NA,NA,NA,"Oviedo Museum",NA,NA,"87_NOCOMPLEXHymenopteros_OVIEDO_202310241252"
"Andrena",NA,"sp.",NA,"España","Burgos","Salas",NA,NA,NA,"1979",8,12,NA,NA,"José F. García","José F. García",NA,NA,NA,1,NA,NA,NA,"Oviedo Museum",NA,NA,"87_NOCOMPLEXHymenopteros_OVIEDO_202310241253"
"Andrena",NA,"sp.",NA,"España","Asturias","Oviedo",NA,NA,NA,"1987",5,14,NA,NA,"A. Palacios Palomar","A. Palacios Palomar",NA,NA,NA,1,NA,NA,NA,"Oviedo Museum","Prado del picadero",NA,"87_NOCOMPLEXHymenopteros_OVIEDO_202310241254"
"Andrena",NA,"sp.",NA,"España","Asturias","Gijón",NA,NA,NA,"1983",5,14,NA,NA,"D. Blanco","D. Blanco",NA,NA,NA,1,NA,NA,NA,"Oviedo Museum",NA,"Tiene moho","87_NOCOMPLEXHymenopteros_OVIEDO_202310241255"
"Andrena",NA,"sp.",NA,"España","Asturias","Oviedo",NA,NA,NA,"1980",5,29,NA,NA,NA,"",NA,NA,NA,1,NA,NA,NA,"Oviedo Museum","Prado",NA,"87_NOCOMPLEXHymenopteros_OVIEDO_202310241256"
"Andrena",NA,"sp.",NA,"España","Asturias","Oviedo",NA,NA,NA,"1976",5,7,NA,NA,"Adela Sánchez","A. Anadón",NA,NA,NA,1,NA,NA,NA,"Oviedo Museum",NA,NA,"87_NOCOMPLEXHymenopteros_OVIEDO_202310241257"
"Andrena",NA,"sp.",NA,"España","Salamanca","Salamanca",NA,NA,NA,"1978",5,8,NA,NA,"J. Gaytan","",NA,NA,NA,1,NA,NA,NA,"Oviedo Museum",NA,NA,"87_NOCOMPLEXHymenopteros_OVIEDO_202310241258"
"Andrena",NA,"sp.",NA,"España","Asturias","Cangas de Onís",NA,NA,NA,"1980",5,24,NA,NA,"Lydia Muñiz","",NA,NA,NA,1,NA,NA,NA,"Oviedo Museum",NA,NA,"87_NOCOMPLEXHymenopteros_OVIEDO_202310241259"
"Andrena",NA,"sp.",NA,"España","Asturias","Moanes (Luarca)",NA,NA,NA,"1983",4,30,NA,NA,"Mª Luisa Fdez Feito","",NA,NA,NA,1,NA,NA,NA,"Oviedo Museum",NA,NA,"87_NOCOMPLEXHymenopteros_OVIEDO_202310241260"
"Andrena",NA,"sp.",NA,"España","Asturias","Oviedo",NA,NA,NA,"1987",5,6,NA,NA,"Yolanda Colubi","Yolanda Colubi",NA,NA,NA,1,NA,NA,NA,"Oviedo Museum","Calle",NA,"87_NOCOMPLEXHymenopteros_OVIEDO_202310241261"
"Andrena",NA,"sp.",NA,"España","Asturias","Poago",NA,NA,NA,"1983",5,24,NA,NA,"G. Mtnez Saiz","G. Mtnez Saiz",NA,NA,NA,1,NA,NA,NA,"Oviedo Museum",NA,NA,"87_NOCOMPLEXHymenopteros_OVIEDO_202310241262"
"Andrena",NA,"sp.",NA,"España","Asturias","Oviedo",NA,NA,NA,"1989",5,13,NA,NA,"E. Eguilegor","",NA,NA,NA,1,NA,NA,NA,"Oviedo Museum",NA,NA,"87_NOCOMPLEXHymenopteros_OVIEDO_202310241263"
"Andrena",NA,"sp.",NA,"España","Cantabria","Torrelavega",NA,NA,NA,"1978",5,18,NA,NA,"J. González","",NA,NA,NA,1,NA,NA,NA,"Oviedo Museum",NA,NA,"87_NOCOMPLEXHymenopteros_OVIEDO_202310241264"
"Andrena",NA,"sp.",NA,"España","Asturias","Caces",NA,NA,NA,"1978",5,16,NA,NA,"J. Bermejo D.","",NA,NA,NA,1,NA,NA,NA,"Oviedo Museum",NA,NA,"87_NOCOMPLEXHymenopteros_OVIEDO_202310241265"
"Andrena",NA,"sp.",NA,"España","Asturias","Tolivia",NA,NA,NA,"1986",5,15,NA,NA,"M. Pilar García","",NA,NA,NA,1,NA,NA,NA,"Oviedo Museum",NA,NA,"87_NOCOMPLEXHymenopteros_OVIEDO_202310241266"
"Andrena",NA,"sp.",NA,"España","Pontevedra","Panjón",NA,NA,NA,"1972",8,4,NA,NA,"R. Anadón","",NA,NA,NA,1,NA,NA,NA,"Oviedo Museum",NA,NA,"87_NOCOMPLEXHymenopteros_OVIEDO_202310241267"
"Andrena",NA,"baemorrhoa",NA,"España","Asturias","Ciaño",NA,NA,NA,"1990",6,23,NA,NA,"M. Ángeles Lauriño","M. Ángeles Lauriño",NA,NA,NA,1,NA,NA,NA,"Oviedo Museum","Sobre compuesta",NA,"87_NOCOMPLEXHymenopteros_OVIEDO_202310241268"
"Andrena",NA,"sp.",NA,"España","Asturias","Villapérez",NA,NA,NA,"1987",6,9,NA,NA,"A. G. Rato","A. G. Rato",NA,NA,NA,1,NA,NA,NA,"Oviedo Museum",NA,NA,"87_NOCOMPLEXHymenopteros_OVIEDO_202310241269"
"Andrena",NA,"sp.",NA,"España","Asturias","Cayés",NA,NA,NA,"2010",7,7,NA,NA,"Verónica Glez","Verónica Glez",NA,NA,NA,1,NA,NA,NA,"Oviedo Museum",NA,NA,"87_NOCOMPLEXHymenopteros_OVIEDO_202310241270"
"Andrena",NA,"florea",NA,"España","Asturias","Maizales-Santurio",NA,NA,NA,"1991",5,24,NA,NA,"C. Viña Herbón","C. Viña, A. Núñez",NA,1,NA,0,NA,NA,NA,"Oviedo Museum",NA,NA,"87_NOCOMPLEXHymenopteros_OVIEDO_202310241271"
"Andrena",NA,"florea",NA,"España","Asturias","Gijón",NA,NA,NA,"1983",6,2,NA,NA,"Mª Luz Díaz Nido","A. Núñez",NA,1,NA,0,NA,NA,NA,"Oviedo Museum",NA,NA,"87_NOCOMPLEXHymenopteros_OVIEDO_202310241272"
"Andrena",NA,"sp.",NA,"España","Asturias","Lago Enol",NA,NA,NA,"1996",4,16,NA,NA,"Ana Quero","R. Ordiales",NA,NA,NA,1,NA,NA,NA,"Oviedo Museum",NA,NA,"87_NOCOMPLEXHymenopteros_OVIEDO_202310241273"
"Andrena",NA,"sp.",NA,"España","Zamora","Margen alta del Tera (Sanabria, Zamora)",NA,NA,NA,"1992",6,29,NA,NA,"Susana Barquero","Perrier",NA,NA,NA,1,NA,NA,NA,"Oviedo Museum","Sobre flores en claro de robledal, margen alta del Tera","30","87_NOCOMPLEXHymenopteros_OVIEDO_202310241274"
"Andrena",NA,"sp.",NA,"España","Asturias","Prados de Jove",NA,NA,NA,"1987",4,18,NA,NA,"Mª del Camino López","Mª del Camino López",NA,NA,NA,1,NA,NA,NA,"Oviedo Museum",NA,NA,"87_NOCOMPLEXHymenopteros_OVIEDO_202310241275"
"Andrena",NA,"sp.",NA,"España","Asturias","San Esteban de las Cruces",NA,NA,NA,"1986",5,17,NA,NA,"Mª Teresa Fdez Martínez","Encarnación Mtnez Granada",NA,NA,NA,1,NA,NA,NA,"Oviedo Museum",NA,NA,"87_NOCOMPLEXHymenopteros_OVIEDO_202310241276"
"Andrena",NA,"sp.",NA,"España","León","La Bañeza",NA,NA,NA,"1980",7,18,NA,NA,"Ana Quero","",NA,NA,NA,1,NA,NA,NA,"Oviedo Museum","Cerca de río",NA,"87_NOCOMPLEXHymenopteros_OVIEDO_202310241277"
"Andrena",NA,"sp.",NA,"España","Asturias","Pénjamo",NA,NA,NA,"1983",5,21,NA,NA,"Glez Polavilla M.","",NA,NA,NA,1,NA,NA,NA,"Oviedo Museum",NA,NA,"87_NOCOMPLEXHymenopteros_OVIEDO_202310241278"
"Andrena",NA,"sp.",NA,"España","Asturias","Restiello",NA,NA,NA,"1981",4,17,NA,NA,"Blanca E. Álvarez","Blanca E. Álvarez",NA,NA,NA,1,NA,NA,NA,"Oviedo Museum",NA,NA,"87_NOCOMPLEXHymenopteros_OVIEDO_202310241279"
"Andrena",NA,"sp.",NA,"España","Asturias","Oviedo",NA,NA,NA,"1983",5,28,NA,NA,"Manuela Abascal Sañudo","",NA,NA,NA,1,NA,NA,NA,"Oviedo Museum","Posado sobre Ranunculus",NA,"87_NOCOMPLEXHymenopteros_OVIEDO_202310241280"
"Andrena",NA,"sp.",NA,"España","Burgos","Sedano",NA,NA,NA,"1983",7,10,NA,NA,"M. I. Adrián","",NA,NA,NA,1,NA,NA,NA,"Oviedo Museum",NA,NA,"87_NOCOMPLEXHymenopteros_OVIEDO_202310241281"
"Andrena",NA,"sp.",NA,"España","Asturias","Naranco (Oviedo)",NA,NA,NA,"1980",5,25,NA,NA,"Gracia Fernández","Gracia Fdez",NA,NA,NA,1,NA,NA,NA,"Oviedo Museum",NA,NA,"87_NOCOMPLEXHymenopteros_OVIEDO_202310241282"
"Andrena",NA,"sp.",NA,"España","Salamanca","Salamanca",NA,NA,NA,"1978",5,3,NA,NA,"T. Manzano","A. Anadón",NA,NA,NA,1,NA,NA,NA,"Oviedo Museum",NA,NA,"87_NOCOMPLEXHymenopteros_OVIEDO_202310241283"
"Andrena",NA,"sp.",NA,"España","Asturias","C. Las Segadas",NA,NA,NA,"1983",6,5,NA,NA,"I. Suárez Norella","",NA,NA,NA,1,NA,NA,NA,"Oviedo Museum",NA,NA,"87_NOCOMPLEXHymenopteros_OVIEDO_202310241284"
"Andrena",NA,"sp.",NA,"España","Asturias","Oviedo",NA,NA,NA,"1987",6,5,NA,NA,"Mª Teresa Espina Brito","Mª Teresa Espina Brito",NA,NA,NA,1,NA,NA,NA,"Oviedo Museum",NA,NA,"87_NOCOMPLEXHymenopteros_OVIEDO_202310241285"
"Andrena",NA,"sp.",NA,"España","Asturias","La Magdalena",NA,NA,NA,"1983",5,21,NA,NA,"Evangelina","",NA,NA,NA,1,NA,NA,NA,"Oviedo Museum",NA,NA,"87_NOCOMPLEXHymenopteros_OVIEDO_202310241286"
"Andrena",NA,"sp.",NA,"España","Asturias","Monte Naranco (Oviedo)",NA,NA,NA,"1983",6,4,NA,NA,"Ángela Pérez Ares","Ángela Pérez Ares",NA,NA,NA,1,NA,NA,NA,"Oviedo Museum",NA,NA,"87_NOCOMPLEXHymenopteros_OVIEDO_202310241287"
"Andrena",NA,"sp.",NA,"España","Salamanca","Salamanca",NA,NA,NA,"1980",7,5,NA,NA,"M. J. Gañán","M. J. Gañán",NA,NA,NA,1,NA,NA,NA,"Oviedo Museum",NA,NA,"87_NOCOMPLEXHymenopteros_OVIEDO_202310241288"
"Andrena",NA,"sp.",NA,"España","Asturias","Granda",NA,NA,NA,"1992",5,24,NA,NA,"Belén Álvarez","Belén Álvarez",NA,NA,NA,1,NA,NA,NA,"Oviedo Museum","Orilla del río",NA,"87_NOCOMPLEXHymenopteros_OVIEDO_202310241289"
"Andrena",NA,"fulva",NA,"España","La Rioja","Logroño",NA,NA,NA,"1978",3,20,NA,NA,"José A. Gil","A. Núñez",1,NA,NA,0,NA,NA,NA,"Oviedo Museum","Sobre flor",NA,"87_NOCOMPLEXHymenopteros_OVIEDO_202310241290"
"Andrena",NA,"sp.",NA,"España","Asturias","Parque de invierno (Oviedo)",NA,NA,NA,"1991",5,14,NA,NA,"Mª Rosario Ruiz","Mª Rosario Ruiz",NA,NA,NA,1,NA,NA,NA,"Oviedo Museum",NA,NA,"87_NOCOMPLEXHymenopteros_OVIEDO_202310241291"
"Andrena",NA,"sp.",NA,"España","Asturias","Mareo (Gijón)",NA,NA,NA,"1987",4,22,NA,NA,"M. Cobos","M. Cobos",NA,NA,NA,1,NA,NA,NA,"Oviedo Museum",NA,NA,"87_NOCOMPLEXHymenopteros_OVIEDO_202310241292"
"Andrena",NA,"fulvicrus",NA,"España","Asturias","Poo",NA,NA,NA,"1988",5,12,NA,NA,"J. R. Fdz López","J. R. Fdz López",NA,NA,NA,1,NA,NA,NA,"Oviedo Museum","Pradera",NA,"87_NOCOMPLEXHymenopteros_OVIEDO_202310241293"
"Andrena",NA,"sp.",NA,"España","León","Urdiales del Páramo",NA,NA,NA,"1993",5,26,NA,NA,"Fijo Bexton","",NA,NA,NA,1,NA,NA,NA,"Oviedo Museum","Piedra",NA,"87_NOCOMPLEXHymenopteros_OVIEDO_202310241294"
NA,NA,NA,NA,"España","Las Palmas de Gran Canaria","Fuerteventura",NA,NA,NA,"1994",9,26,NA,NA,"Maia J. Cabal","",NA,NA,NA,1,NA,NA,NA,"Oviedo Museum",NA,NA,"87_NOCOMPLEXHymenopteros_OVIEDO_202310241295"
"Andrena/Melitta",NA,NA,NA,"España","Zamora","Zamora",NA,NA,NA,"1987",7,5,NA,NA,"J. M. Feital","J. M. Feital",NA,1,NA,0,NA,NA,NA,"Oviedo Museum",NA,NA,"87_NOCOMPLEXHymenopteros_OVIEDO_202310241296"
"Andrena",NA,"sp.",NA,"España","Asturias","Las Segadas",NA,NA,NA,"1983",5,10,NA,NA,"A. Anadón","A. Anadón",NA,NA,NA,1,NA,NA,NA,"Oviedo Museum","Seto",NA,"87_NOCOMPLEXHymenopteros_OVIEDO_202310241297"
"Andrena",NA,"sp.",NA,"España","Asturias","Los Alfilorios",NA,NA,NA,"1997",2,26,NA,NA,"P. Ramas","P. Ramas",NA,NA,NA,1,NA,NA,NA,"Oviedo Museum",NA,NA,"87_NOCOMPLEXHymenopteros_OVIEDO_202310241298"
"Andrena",NA,"sp.",NA,"España","Asturias","Pola de Siero",NA,NA,NA,"1986",5,21,NA,NA,"M. Arroyo","",NA,NA,NA,1,NA,NA,NA,"Oviedo Museum",NA,NA,"87_NOCOMPLEXHymenopteros_OVIEDO_202310241299"
"Andrena",NA,"sp.",NA,"España","Asturias","Pola de Lena",NA,NA,NA,"1986",6,7,NA,NA,"M. A. Díaz Díaz","",NA,NA,NA,1,NA,NA,NA,"Oviedo Museum",NA,NA,"87_NOCOMPLEXHymenopteros_OVIEDO_202310241300"
"Andrena",NA,"carbonaria",NA,"España","Asturias","Careses",NA,NA,NA,"1985",7,12,NA,NA,"Alfredo G. Nicieza","E. Cueto",NA,NA,NA,1,NA,NA,NA,"Oviedo Museum",NA,NA,"87_NOCOMPLEXHymenopteros_OVIEDO_202310241301"
"Andrena",NA,"sp.",NA,"España","Asturias","Vega de Poja",NA,NA,NA,"1986",5,18,NA,NA,"R. A.","",NA,NA,NA,1,NA,NA,NA,"Oviedo Museum","Sobre flores",NA,"87_NOCOMPLEXHymenopteros_OVIEDO_202310241302"
"Andrena",NA,"sp.",NA,"España","Asturias","Arnao",NA,NA,NA,"1976",4,25,NA,NA,"Mª A. Fernández","",NA,NA,NA,1,NA,NA,NA,"Oviedo Museum",NA,NA,"87_NOCOMPLEXHymenopteros_OVIEDO_202310241303"
"Andrena",NA,"sp.",NA,"España","Asturias","Somió",NA,NA,NA,"1983",5,24,NA,NA,"A. Fdez Mtnez","A. Fdez Mtnez",NA,NA,NA,1,NA,NA,NA,"Oviedo Museum","Campo",NA,"87_NOCOMPLEXHymenopteros_OVIEDO_202310241304"
"Panurgus",NA,"banksianus",NA,"España","Asturias","Fabar",NA,NA,NA,"1996",9,27,NA,NA,"Silva Vega O.","Silva Vega O.",NA,NA,NA,1,NA,NA,NA,"Oviedo Museum",NA,NA,"87_NOCOMPLEXHymenopteros_OVIEDO_202310241305"
"Andrena",NA,"sp.",NA,"España","Asturias","El Nocíu",NA,NA,NA,"1976",5,23,NA,NA,"R. Anadón","",NA,NA,NA,1,NA,NA,NA,"Oviedo Museum",NA,NA,"87_NOCOMPLEXHymenopteros_OVIEDO_202310241306"
"Andrena",NA,"schencki",NA,"España","Asturias","Los Maizales",NA,NA,NA,"1991",5,17,NA,NA,"M. A. Paredes","M. A. Paredes",NA,NA,NA,1,NA,NA,NA,"Oviedo Museum",NA,NA,"87_NOCOMPLEXHymenopteros_OVIEDO_202310241307"
"Xylocopa",NA,"cantabrita",NA,"España","León","Villarrodrigo",NA,NA,NA,"1988",3,28,NA,NA,"Pellitero","Pellitero",NA,NA,NA,1,NA,NA,NA,"Oviedo Museum",NA,NA,"87_NOCOMPLEXHymenopteros_OVIEDO_202310241308"
"Xylocopa",NA,"valga",NA,"España","Cantabria","Bedoya",NA,NA,NA,"1993",6,15,NA,NA,"Ángela F. Roiz","Ángela F. Roiz, A. Torralba det 01/14",NA,1,NA,0,NA,NA,NA,"Oviedo Museum",NA,NA,"87_NOCOMPLEXHymenopteros_OVIEDO_202310241309"
"Xylocopa",NA,"violacea",NA,"España","Valladolid","Becilla de Vald.",NA,NA,NA,"1994",7,14,NA,NA,"Félix González","Félix González",NA,NA,NA,1,NA,NA,NA,"Oviedo Museum","Jardín",NA,"87_NOCOMPLEXHymenopteros_OVIEDO_202310241310"
"Xylocopa",NA,"valga",NA,"España","León","Vanidodes",NA,NA,NA,"1987",5,15,NA,NA,"L. Esoeso","B. Aguado, A. Torralba det 01/14",NA,NA,NA,1,NA,NA,NA,"Oviedo Museum",NA,NA,"87_NOCOMPLEXHymenopteros_OVIEDO_202310241311"
"Xylocopa",NA,"valga",NA,"España","Álava","Murúa",NA,NA,NA,"1992",8,15,NA,NA,"J. Zalama Tena","Juan Zalama, A. Torralba det 01/14",NA,NA,NA,1,NA,NA,NA,"Oviedo Museum",NA,NA,"87_NOCOMPLEXHymenopteros_OVIEDO_202310241312"
"Xylocopa",NA,"valga",NA,"España","Valladolid","Campastero",NA,NA,NA,"1978",7,13,NA,NA,"C. Manzano","A. Torralba det 01/14",NA,1,NA,0,NA,NA,NA,"Oviedo Museum",NA,NA,"87_NOCOMPLEXHymenopteros_OVIEDO_202310241313"
"Xylocopa",NA,"valga",NA,"España","Cantabria","Monte Hijedo (Ruerrero de Ebro)",NA,NA,NA,"1996",7,27,NA,NA,"Manuel Ángel Alcántara","Manuel Ángel Alcántara, A. Torralba det 01/14",NA,1,NA,0,NA,NA,NA,"Oviedo Museum",NA,NA,"87_NOCOMPLEXHymenopteros_OVIEDO_202310241314"
"Xylocopa",NA,"valga",NA,"España","León","Muerias de Paredes",NA,NA,NA,"1979",8,10,NA,NA,"G. S. Jardón","G. S. Jardón, A. Torralba det 01/14",NA,1,NA,0,NA,NA,NA,"Oviedo Museum","Volando en prado",NA,"87_NOCOMPLEXHymenopteros_OVIEDO_202310241315"
"Xylocopa",NA,"valga",NA,"España","Valladolid","Cabezón de Pisuerga",NA,NA,NA,NA,NA,NA,NA,NA,"F. J. Pérez Barbería","F. J. Pérez Barbería, A. Torralba det 01/14",NA,1,NA,0,NA,NA,NA,"Oviedo Museum","Linderos de cultivos",NA,"87_NOCOMPLEXHymenopteros_OVIEDO_202310241316"
"Xylocopa",NA,"valga",NA,"España","Valladolid","Becilla de Vald.",NA,NA,NA,NA,NA,NA,NA,NA,"Rocío Paniagua","A. Torralba det 01/14",NA,1,NA,0,NA,NA,NA,"Oviedo Museum","Jardín",NA,"87_NOCOMPLEXHymenopteros_OVIEDO_202310241317"
"Xylocopa",NA,"valga",NA,"España","Navarra","Mendivil",NA,NA,NA,"1977",7,19,NA,NA,"Elvira Flamarique","A. Torralba det 01/14",1,NA,NA,0,NA,NA,NA,"Oviedo Museum",NA,NA,"87_NOCOMPLEXHymenopteros_OVIEDO_202310241318"
"Xylocopa",NA,"valga",NA,"España","León","Villaverde de la Abadía",NA,NA,NA,"1987",5,9,NA,NA,"C. Martínez","C. Martínez Carrera, A. Torralba det 01/14",1,NA,NA,0,NA,NA,NA,"Oviedo Museum",NA,NA,"87_NOCOMPLEXHymenopteros_OVIEDO_202310241319"
"Xylocopa",NA,"valga",NA,"España","Salamanca","La Alberca",NA,NA,NA,"1987",8,10,NA,NA,"J. M. Feital","J. M. Feital, A. Torralba det 01/14",1,NA,NA,0,NA,NA,NA,"Oviedo Museum",NA,NA,"87_NOCOMPLEXHymenopteros_OVIEDO_202310241320"
"Xylocopa",NA,"valga",NA,"España","León","Riaño",NA,NA,NA,"1984",7,2,NA,NA,"J. A. Sánchez","M. A. Vega, A. Torralba det 01/14",1,NA,NA,0,NA,NA,NA,"Oviedo Museum",NA,NA,"87_NOCOMPLEXHymenopteros_OVIEDO_202310241321"
"Xylocopa",NA,"valga",NA,"España","Asturias","Luarca",NA,NA,NA,"1976",7,22,NA,NA,"A. Reyero Marcos","A. Torralba det 01/14",1,NA,NA,0,NA,NA,NA,"Oviedo Museum","Bosque",NA,"87_NOCOMPLEXHymenopteros_OVIEDO_202310241322"
"Xylocopa",NA,"valga",NA,"España","León","San Emiliano",NA,NA,NA,"1981",7,4,NA,NA,"M. C. Gutiérrez","A. Torralba det 01/14",1,NA,NA,0,NA,NA,NA,"Oviedo Museum",NA,"Tiene moho","87_NOCOMPLEXHymenopteros_OVIEDO_202310241323"
"Xylocopa",NA,"valga",NA,"España","León","León",NA,NA,NA,"1982",5,20,NA,NA,"Elena Suárez","Elena Suárez, A. Torralba det 01/14",1,NA,NA,0,NA,NA,NA,"Oviedo Museum","Castaño","Tiene moho","87_NOCOMPLEXHymenopteros_OVIEDO_202310241324"
"Xylocopa",NA,"valga",NA,"España","Madrid","Madrid",NA,NA,NA,"1987",6,6,NA,NA,"Castro Sánchez L.","Sánchez Castro L., A. Torralba det 01/14",1,NA,NA,0,NA,NA,NA,"Oviedo Museum","Sierra (?)",NA,"87_NOCOMPLEXHymenopteros_OVIEDO_202310241325"
"Xylocopa",NA,"valga",NA,"España","Palencia","Palencia",NA,NA,NA,"1986",6,10,NA,NA,"L. Carro","M. Torres, A. Torralba det 01/14",1,NA,NA,0,NA,NA,NA,"Oviedo Museum",NA,NA,"87_NOCOMPLEXHymenopteros_OVIEDO_202310241326"
"Xylocopa",NA,"valga",NA,"España","León","León",NA,NA,NA,"2002",6,20,NA,NA,"Laura García","Laura García, A. Torralba det 01/14",1,NA,NA,0,NA,NA,NA,"Oviedo Museum","Hoja",NA,"87_NOCOMPLEXHymenopteros_OVIEDO_202310241327"
"Xylocopa",NA,"valga",NA,"España","Madrid","Prados de la Poveda",NA,NA,NA,"1985",8,25,NA,NA,"M. Conde Quintana","A. Torralba det 01/14",1,NA,NA,0,NA,NA,NA,"Oviedo Museum",NA,NA,"87_NOCOMPLEXHymenopteros_OVIEDO_202310241328"
"Xylocopa",NA,"valga",NA,"España","Granada","Huétor Santillán",NA,NA,NA,NA,NA,NA,NA,NA,"Rafael Sánchez M.","A. Torralba det 01/14",1,NA,NA,0,NA,NA,NA,"Oviedo Museum",NA,NA,"87_NOCOMPLEXHymenopteros_OVIEDO_202310241329"
"Xylocopa",NA,"valga",NA,"España","León","León",NA,NA,NA,"1993",7,3,NA,NA,"Laura Rguez Glez","Laura Rguez Glez, A. Torralba det 01/14",1,NA,NA,0,NA,NA,NA,"Oviedo Museum",NA,NA,"87_NOCOMPLEXHymenopteros_OVIEDO_202310241330"
"Xylocopa",NA,"valga",NA,"España","La Rioja","Logroño",NA,NA,NA,"1976",2,10,NA,NA,"Mª I. Martínez R.","A. Torralba det 01/14",1,NA,NA,0,NA,NA,NA,"Oviedo Museum",NA,"Tiene moho","87_NOCOMPLEXHymenopteros_OVIEDO_202310241331"
"Xylocopa",NA,"valga",NA,"España","León","Sahagún",NA,NA,NA,"1997",8,20,NA,NA,"Vitor Ortiz","Vitor X. Melero, A. Torralba det 01/14",1,NA,NA,0,NA,NA,NA,"Oviedo Museum",NA,NA,"87_NOCOMPLEXHymenopteros_OVIEDO_202310241332"
"Xylocopa",NA,"sp.",NA,"México",NA,"Cuernavaca",NA,NA,NA,NA,NA,NA,NA,NA,NA,"A. Torralba det 01/14",NA,1,NA,0,NA,NA,NA,"Oviedo Museum",NA,NA,"87_NOCOMPLEXHymenopteros_OVIEDO_202310241333"
"Xylocopa",NA,"violacea",NA,"España","León","S. Juan de la Mata",NA,NA,NA,NA,NA,NA,NA,NA,"R. Álvarez","A. Torralba det 01/14",NA,1,NA,0,NA,NA,NA,"Oviedo Museum",NA,NA,"87_NOCOMPLEXHymenopteros_OVIEDO_202310241334"
"Xylocopa",NA,"violacea",NA,"España","Huelva","Huelva",NA,NA,NA,"1983",7,4,NA,NA,"José L. Suárez Fdez","José L. Suárez Fdez, A. Torralba det 01/14",NA,1,NA,0,NA,NA,NA,"Oviedo Museum","Matorral",NA,"87_NOCOMPLEXHymenopteros_OVIEDO_202310241335"
"Xylocopa",NA,"violacea",NA,"España","León","Ponferrada",NA,NA,NA,"1978",6,7,NA,NA,NA,"A. Torralba det 01/14",NA,1,NA,0,NA,NA,NA,"Oviedo Museum","Pradera con flores",NA,"87_NOCOMPLEXHymenopteros_OVIEDO_202310241336"
"Xylocopa",NA,"violacea",NA,"España","León","Armunia",NA,NA,NA,"1980",5,14,NA,NA,"A. Riera","A. Riera, A. Torralba det 01/14",NA,1,NA,0,NA,NA,NA,"Oviedo Museum",NA,NA,"87_NOCOMPLEXHymenopteros_OVIEDO_202310241337"
"Xylocopa",NA,"violacea",NA,"España","Alicante","Denia",NA,NA,NA,"1975",7,30,NA,NA,"Gregorio R. Glez","Gregorio González",NA,NA,NA,1,NA,NA,NA,"Oviedo Museum",NA,NA,"87_NOCOMPLEXHymenopteros_OVIEDO_202310241338"
"Xylocopa",NA,"violacea",NA,"España","León","Villaquilambre",NA,NA,NA,"1979",9,29,NA,NA,"O. Mansilla","O. Mansilla",NA,NA,NA,1,NA,NA,NA,"Oviedo Museum",NA,NA,"87_NOCOMPLEXHymenopteros_OVIEDO_202310241339"
"Xylocopa",NA,"violacea",NA,"España","León","Garondillo",NA,NA,NA,"1987",4,26,NA,NA,"J. L. Suárez Suárez","M. J. Suárez Vallejo, A. Torralba det 01/14",NA,1,NA,0,NA,NA,NA,"Oviedo Museum","En una flor",NA,"87_NOCOMPLEXHymenopteros_OVIEDO_202310241340"
"Xylocopa",NA,"violacea",NA,"España","León","Boñar",NA,NA,NA,NA,NA,NA,NA,NA,"Pilar Rguez Pérez","P. Rguez Pérez, A. Torralba det 01/14",NA,1,NA,0,NA,NA,NA,"Oviedo Museum","En un jardín",NA,"87_NOCOMPLEXHymenopteros_OVIEDO_202310241341"
"Xylocopa",NA,"violacea",NA,"España","León","San Emiliano",NA,NA,NA,NA,NA,NA,NA,NA,NA,"A. Torralba det 01/14",NA,1,NA,0,NA,NA,NA,"Oviedo Museum",NA,NA,"87_NOCOMPLEXHymenopteros_OVIEDO_202310241342"
"Xylocopa",NA,"violacea",NA,"España","Valladolid","Cogeces del Monte",NA,NA,NA,"1991",3,29,NA,NA,"P. Velasco Vallejo","P. Velasco Vallejo, A. Torralba det 01/14",NA,1,NA,0,NA,NA,NA,"Oviedo Museum",NA,NA,"87_NOCOMPLEXHymenopteros_OVIEDO_202310241343"
"Xylocopa",NA,"violacea",NA,"España","León","Villaquilambre",NA,NA,NA,"1982",7,20,NA,NA,"P. Tielve","A. Torralba det 01/14",NA,1,NA,0,NA,NA,NA,"Oviedo Museum",NA,NA,"87_NOCOMPLEXHymenopteros_OVIEDO_202310241344"
"Xylocopa",NA,"violacea",NA,"España","Asturias","La Venta (Luarca)",NA,NA,NA,"1983",6,3,NA,NA,"Fco García F.","A. Torralba det 01/14",NA,1,NA,0,NA,NA,NA,"Oviedo Museum",NA,NA,"87_NOCOMPLEXHymenopteros_OVIEDO_202310241345"
"Xylocopa",NA,"violacea",NA,"España","León","León",NA,NA,NA,"1981",6,6,NA,NA,"M. Chamorro","A. Torralba det 01/14",NA,1,NA,0,NA,NA,NA,"Oviedo Museum",NA,NA,"87_NOCOMPLEXHymenopteros_OVIEDO_202310241346"
"Xylocopa",NA,"violacea",NA,"España","León","Geras de Gordón",NA,NA,NA,"1986",10,10,NA,NA,"G. Barroso","G. Barroso, A. Torralba det 01/14",NA,1,NA,0,NA,NA,NA,"Oviedo Museum",NA,NA,"87_NOCOMPLEXHymenopteros_OVIEDO_202310241347"
"Xylocopa",NA,"violacea",NA,"España","Santander","Santander",NA,NA,NA,"1991",4,2,NA,NA,"Mª Rosario Ruiz","Mª Rosario Ruiz, A. Torralba det 01/14",NA,1,NA,0,NA,NA,NA,"Oviedo Museum",NA,NA,"87_NOCOMPLEXHymenopteros_OVIEDO_202310241348"
"Xylocopa",NA,"violacea",NA,"España","Burgos","Ftes Blancas (Burgos)",NA,NA,NA,"1987",4,16,NA,NA,"J. L. Benito","F. Ballesteros, A. Torralba det 01/14",NA,1,NA,0,NA,NA,NA,"Oviedo Museum",NA,NA,"87_NOCOMPLEXHymenopteros_OVIEDO_202310241349"
"Xylocopa",NA,"violacea",NA,"España","Ciudad Real","Fernán Caballero",NA,NA,NA,"1997",7,16,NA,NA,"P. M. Lozano","C. Lozano, A. Torralba det 01/14",NA,1,NA,0,NA,NA,NA,"Oviedo Museum",NA,NA,"87_NOCOMPLEXHymenopteros_OVIEDO_202310241350"
"Xylocopa",NA,"violacea",NA,"España","Burgos","Urb. Fuentes Blancas (Burgos)",NA,NA,NA,"1987",4,6,NA,NA,"J. L. Benito","J. L. Benito, A. Torralba det 01/14",NA,1,NA,0,NA,NA,NA,"Oviedo Museum",NA,NA,"87_NOCOMPLEXHymenopteros_OVIEDO_202310241351"
"Xylocopa",NA,"violacea",NA,"España","Zamora","Lubián",NA,NA,NA,"1996",10,9,NA,NA,"J. C. Arronte","J. C. Arronte, A. Torralba det 01/14",NA,1,NA,0,NA,NA,NA,"Oviedo Museum",NA,NA,"87_NOCOMPLEXHymenopteros_OVIEDO_202310241352"
"Xylocopa",NA,"violacea",NA,"España","Cádiz","Cádiz",NA,NA,NA,"1997",9,15,NA,NA,"Aitor Larrazabal","Idurre Larrazabal, A. Torralba det 01/14",NA,1,NA,0,NA,NA,NA,"Oviedo Museum",NA,NA,"87_NOCOMPLEXHymenopteros_OVIEDO_202310241353"
"Xylocopa",NA,"violacea",NA,"España","Zamora","Lubián",NA,NA,NA,"1996",10,9,NA,NA,"J. C. Arronte","Carlos Revilla, A. Torralba det 01/14",NA,1,NA,0,NA,NA,NA,"Oviedo Museum",NA,NA,"87_NOCOMPLEXHymenopteros_OVIEDO_202310241354"
"Xylocopa",NA,"violacea",NA,"España","Valladolid","Becilla de Vald.",NA,NA,NA,"1994",7,13,NA,NA,"Félix González","A. Torralba det 01/14",NA,1,NA,0,NA,NA,NA,"Oviedo Museum","Jardín",NA,"87_NOCOMPLEXHymenopteros_OVIEDO_202310241355"
"Xylocopa",NA,"violacea",NA,"España","Valladolid","Villalón de Campos",NA,NA,NA,"1993",3,10,NA,NA,"Santiago Pérez Calvo","Mª Julia Glez, A. Torralba det 01/14",NA,1,NA,0,NA,NA,NA,"Oviedo Museum",NA,NA,"87_NOCOMPLEXHymenopteros_OVIEDO_202310241356"
"Xylocopa",NA,"violacea",NA,"España","Valladolid","Valladolid",NA,NA,NA,"1990",8,8,NA,NA,"Belén Coya","Belén Coya",NA,NA,NA,1,NA,NA,NA,"Oviedo Museum",NA,NA,"87_NOCOMPLEXHymenopteros_OVIEDO_202310241357"
"Xylocopa",NA,"violacea",NA,"España","Asturias","Los Pontones-Telledo",NA,NA,NA,"1998",8,27,NA,NA,"C. Fdez Martín","C. Fdez Martín, A. Torralba det 01/14",NA,1,NA,0,NA,NA,NA,"Oviedo Museum","Sobre una hoja de parra",NA,"87_NOCOMPLEXHymenopteros_OVIEDO_202310241358"
"Xylocopa",NA,"violacea",NA,"España","León","Actel. El Ferral",NA,NA,NA,"1995",7,20,NA,NA,"J. A. Vigil Lagranda","J. A. Vigil Lagranda, A. Torralba det 01/14",NA,1,NA,0,NA,NA,NA,"Oviedo Museum","Jardín",NA,"87_NOCOMPLEXHymenopteros_OVIEDO_202310241359"
"Xylocopa",NA,"violacea",NA,"España","Asturias","Xivares",NA,NA,NA,"1994",9,3,NA,NA,"M. Cossio Aranceta","M. D. Artime García, A. Torralba det 01/14",NA,1,NA,0,NA,NA,NA,"Oviedo Museum",NA,NA,"87_NOCOMPLEXHymenopteros_OVIEDO_202310241360"
"Xylocopa",NA,"violacea",NA,"España","León","Boñar",NA,NA,NA,"1986",7,5,NA,NA,"M. Arbesú","M. Arbesú, A. Torralba det 01/14",NA,1,NA,0,NA,NA,NA,"Oviedo Museum","Camino",NA,"87_NOCOMPLEXHymenopteros_OVIEDO_202310241361"
"Xylocopa",NA,"violacea",NA,"España","Asturias","Tapia de Casariego",NA,NA,NA,"1993",7,27,NA,NA,"Judith F. Casero","Judith F. Casero, A. Torralba det 01/14",NA,1,NA,0,NA,NA,NA,"Oviedo Museum",NA,NA,"87_NOCOMPLEXHymenopteros_OVIEDO_202310241362"
"Xylocopa",NA,"violacea",NA,"España","Burgos","Sedano",NA,NA,NA,"1981",7,4,NA,NA,"M. I. Adrián","A. Torralba det 01/14",NA,1,NA,0,NA,NA,NA,"Oviedo Museum",NA,NA,"87_NOCOMPLEXHymenopteros_OVIEDO_202310241363"
"Xylocopa",NA,"violacea",NA,"España","Cantabria","Bedoya",NA,NA,NA,"1993",4,2,NA,NA,"Ángela Fdez","Ángel Seroio, A. Torralba det 01/14",NA,1,NA,0,NA,NA,NA,"Oviedo Museum",NA,NA,"87_NOCOMPLEXHymenopteros_OVIEDO_202310241364"
"Xylocopa",NA,"violacea",NA,"España","Valladolid","Villalón de Campos",NA,NA,NA,NA,NA,NA,NA,NA,"Mª Julia Glez","Elvira García",NA,NA,NA,1,NA,NA,NA,"Oviedo Museum",NA,NA,"87_NOCOMPLEXHymenopteros_OVIEDO_202310241365"
"Xylocopa",NA,"violacea",NA,"España","León","Canales",NA,NA,NA,"1986",5,17,NA,NA,"M. Gutiérrez M.","A. Torralba det 01/14",NA,1,NA,0,NA,NA,NA,"Oviedo Museum",NA,NA,"87_NOCOMPLEXHymenopteros_OVIEDO_202310241366"
"Xylocopa",NA,"violacea",NA,"España","Madrid","El Pardo",NA,NA,NA,"1980",4,1,NA,NA,"C. Blanco","C. Blanco, A. Torralba det 01/14",NA,1,NA,0,NA,NA,NA,"Oviedo Museum",NA,NA,"87_NOCOMPLEXHymenopteros_OVIEDO_202310241367"
"Xylocopa",NA,"violacea",NA,"España","León","Benamariel",NA,NA,NA,"1988",5,28,NA,NA,"Pellitero","Pellitero, A. Torralba det 01/14",NA,1,NA,0,NA,NA,NA,"Oviedo Museum",NA,NA,"87_NOCOMPLEXHymenopteros_OVIEDO_202310241368"
"Xylocopa",NA,"violacea",NA,"España","León","Vidanes",NA,NA,NA,NA,NA,NA,NA,NA,"Luis Sánchez","Luis S. V., A. Torralba det 01/14",NA,1,NA,0,NA,NA,NA,"Oviedo Museum","Flores de jardín",NA,"87_NOCOMPLEXHymenopteros_OVIEDO_202310241369"
"Xylocopa",NA,"violacea",NA,"España","León","Villaobispo",NA,NA,NA,"1982",5,19,NA,NA,"Rosana García","Rosana García, A. Torralba det 01/14",1,NA,NA,0,NA,NA,NA,"Oviedo Museum",NA,NA,"87_NOCOMPLEXHymenopteros_OVIEDO_202310241370"
"Xylocopa",NA,"violacea",NA,"España","Alicante","Alicante",NA,NA,NA,"1979",7,27,NA,NA,"U. Castro","A. Torralba det 01/14",1,NA,NA,0,NA,NA,NA,"Oviedo Museum",NA,NA,"87_NOCOMPLEXHymenopteros_OVIEDO_202310241371"
"Xylocopa",NA,"violacea",NA,"Francia",NA,"Revel",NA,NA,NA,"1984",7,20,NA,NA,"Blanca R. Laza","A. Torralba det 01/14",1,NA,NA,0,NA,NA,NA,"Oviedo Museum",NA,NA,"87_NOCOMPLEXHymenopteros_OVIEDO_202310241372"
"Xylocopa",NA,"violacea",NA,"España","León","La Bañeza",NA,NA,NA,"1982",12,2,NA,NA,"J. Rafael Fdez Huerga","J. Rafael Fdez Huerga, A. Torralba det 01/14",1,NA,NA,0,NA,NA,NA,"Oviedo Museum","Ribera de río",NA,"87_NOCOMPLEXHymenopteros_OVIEDO_202310241373"
"Xylocopa",NA,"violacea",NA,"España","Burgos","Covarrubias",NA,NA,NA,"1981",7,8,NA,NA,"Fco Javier Cuesta","Fco Javier Cuesta, A. Torralba det 01/14",1,NA,NA,0,NA,NA,NA,"Oviedo Museum",NA,"Tiene moho","87_NOCOMPLEXHymenopteros_OVIEDO_202310241374"
"Xylocopa",NA,"violacea",NA,"España","La Rioja","El Villar de Arnedo",NA,NA,NA,"1994",8,15,NA,NA,"M. José Bañuelos","M. José Bañuelos",NA,NA,NA,1,NA,NA,NA,"Oviedo Museum",NA,NA,"87_NOCOMPLEXHymenopteros_OVIEDO_202310241375"
"Xylocopa",NA,"violacea",NA,"España","Asturias","Barrio El Monte (Pervera)",NA,NA,NA,NA,NA,NA,NA,NA,"David Martínez Fdo","David Martínez",NA,NA,NA,1,NA,NA,NA,"Oviedo Museum",NA,NA,"87_NOCOMPLEXHymenopteros_OVIEDO_202310241376"
"Xylocopa",NA,"violacea",NA,"España","Burgos","Covarrubias",NA,NA,NA,"1983",9,29,NA,NA,"Javier Cuesta","Javier Cuesta, A. Torralba det 01/14",1,NA,NA,0,NA,NA,NA,"Oviedo Museum","Cerrada",NA,"87_NOCOMPLEXHymenopteros_OVIEDO_202310241377"
"Xylocopa",NA,"violacea",NA,"España","León","Vega de Infanzones",NA,NA,NA,NA,NA,NA,NA,NA,"Marta Glez","Marta Glez García",1,NA,NA,0,NA,NA,NA,"Oviedo Museum",NA,NA,"87_NOCOMPLEXHymenopteros_OVIEDO_202310241378"
"Xylocopa",NA,"violacea",NA,"España","León","Villafranca del Bierzo",NA,NA,NA,NA,NA,NA,NA,NA,"M. R. López García","A. Torralba det 01/14",1,NA,NA,0,NA,NA,NA,"Oviedo Museum",NA,NA,"87_NOCOMPLEXHymenopteros_OVIEDO_202310241379"
"Xylocopa",NA,"violacea",NA,"España","León","León",NA,NA,NA,"1975",8,18,NA,NA,NA,"A. Torralba det 01/14",1,NA,NA,0,NA,NA,NA,"Oviedo Museum",NA,NA,"87_NOCOMPLEXHymenopteros_OVIEDO_202310241380"
"Xylocopa",NA,"violacea",NA,"España","León","Urdiales del Páramo",NA,NA,NA,"1983",5,26,NA,NA,NA,"A. Torralba det 01/14",1,NA,NA,0,NA,NA,NA,"Oviedo Museum","Cardo",NA,"87_NOCOMPLEXHymenopteros_OVIEDO_202310241381"
"Xylocopa",NA,"violacea",NA,"España","Madrid","Manzanares el Real",NA,NA,NA,"1991",3,27,NA,NA,"M. Antoñanzas","A. Torralba det 01/14",1,NA,NA,0,NA,NA,NA,"Oviedo Museum",NA,NA,"87_NOCOMPLEXHymenopteros_OVIEDO_202310241382"
"Xylocopa",NA,"violacea",NA,"España","León","Valencia de Don Juan",NA,NA,NA,NA,NA,NA,NA,NA,"Carlos Repiso","Carlos Repiso, A. Torralba det 01/14",1,NA,NA,0,NA,NA,NA,"Oviedo Museum",NA,NA,"87_NOCOMPLEXHymenopteros_OVIEDO_202310241383"
"Xylocopa",NA,"violacea",NA,"España","Zamora","Villanueva del Campo",NA,NA,NA,"2002",8,29,NA,NA,"Francisco Moreno","Manuel Menéndez, A. Torralba det 01/14",1,NA,NA,0,NA,NA,NA,"Oviedo Museum","Jardín",NA,"87_NOCOMPLEXHymenopteros_OVIEDO_202310241384"
"Xylocopa",NA,"violacea",NA,"España","Huelva","Gibraleón",NA,NA,NA,"1985",7,23,NA,NA,"J. L. F. S. del Viso","Celsa F. S. N., A. Torralba det 01/14",1,NA,NA,0,NA,NA,NA,"Oviedo Museum",NA,NA,"87_NOCOMPLEXHymenopteros_OVIEDO_202310241385"
"Xylocopa",NA,"violacea",NA,"España","Salamanca","La Alberca",NA,NA,NA,"1987",8,10,NA,NA,"J. M. Feital","J. M. Feital, A. Torralba det 01/14",1,NA,NA,0,NA,NA,NA,"Oviedo Museum",NA,NA,"87_NOCOMPLEXHymenopteros_OVIEDO_202310241386"
"Xylocopa",NA,"violacea",NA,"España","León","Toreno",NA,NA,NA,NA,NA,NA,NA,NA,"Susana Junquera","Susana Junquera, A. Torralba det 01/14",1,NA,NA,0,NA,NA,NA,"Oviedo Museum","Prado",NA,"87_NOCOMPLEXHymenopteros_OVIEDO_202310241387"
"Xylocopa",NA,"violacea",NA,"España","Zamora","S. Miguel del Valle",NA,NA,NA,"1993",8,8,NA,NA,"C. Iturmendi M.","C. Iturmendi M., A. Torralba det 01/14",1,NA,NA,0,NA,NA,NA,"Oviedo Museum",NA,NA,"87_NOCOMPLEXHymenopteros_OVIEDO_202310241388"
"Xylocopa",NA,"violacea",NA,"España","Zamora","Fresno de Sayago",NA,NA,NA,"1982",5,3,NA,NA,"Pilar García M.","A. Torralba det 01/14",1,NA,NA,0,NA,NA,NA,"Oviedo Museum",NA,NA,"87_NOCOMPLEXHymenopteros_OVIEDO_202310241389"
"Xylocopa",NA,"violacea",NA,"España","León","Valencia de Don Juan",NA,NA,NA,"1986",7,18,NA,NA,"Alex Merino","Alex Merino, A. Torralba det 01/14",1,NA,NA,0,NA,NA,NA,"Oviedo Museum","Jardín",NA,"87_NOCOMPLEXHymenopteros_OVIEDO_202310241390"
"Xylocopa",NA,"violacea",NA,"España","Pontevedra","Vide",NA,NA,NA,"1975",7,25,NA,NA,"M. Ponce Glez","A. Torralba det 01/14",1,NA,NA,0,NA,NA,NA,"Oviedo Museum","Campo","Tiene moho","87_NOCOMPLEXHymenopteros_OVIEDO_202310241391"
"Xylocopa",NA,"violacea",NA,"España","León","La Robla",NA,NA,NA,NA,NA,NA,NA,NA,"Pablo A. A.","E. B. G., A. Torralba det 01/14",1,NA,NA,0,NA,NA,NA,"Oviedo Museum",NA,NA,"87_NOCOMPLEXHymenopteros_OVIEDO_202310241392"
"Xylocopa",NA,"violacea",NA,"España","Badajoz","Castuera",NA,NA,NA,"1977",7,25,NA,NA,"A. Benítez-D.","A. Benítez-D., A. Torralba det 01/14",1,NA,NA,0,NA,NA,NA,"Oviedo Museum",NA,NA,"87_NOCOMPLEXHymenopteros_OVIEDO_202310241393"
"Xylocopa",NA,"violacea",NA,"España","Ciudad Real","Fernán Caballero",NA,NA,NA,"1997",8,20,NA,NA,"P. M. Lozano","C. Lozano, A. Torralba det 01/14",1,NA,NA,0,NA,NA,NA,"Oviedo Museum",NA,NA,"87_NOCOMPLEXHymenopteros_OVIEDO_202310241394"
"Xylocopa",NA,"violacea",NA,"Francia",NA,"Cap d'Ail (Niza)",NA,NA,NA,NA,NA,NA,NA,NA,"Juan Bárcena Rodríguez","A. Quero, A. Torralba det 01/13",1,NA,NA,0,NA,NA,NA,"Oviedo Museum",NA,NA,"87_NOCOMPLEXHymenopteros_OVIEDO_202310241395"
"Xylocopa",NA,"violacea",NA,"España","Madrid","Jardín Botánico (Madrid)",NA,NA,NA,"1988",7,14,NA,NA,"Antonio Gómez Fdez","Antonio Gómez Fdez, A. Torralba det 01/14",1,NA,NA,0,NA,NA,NA,"Oviedo Museum",NA,NA,"87_NOCOMPLEXHymenopteros_OVIEDO_202310241396"
"Xylocopa",NA,"violacea",NA,"España","León","Secarejo",NA,NA,NA,"1986",8,20,NA,NA,"R. M. García","A. Torralba det 01/14",1,NA,NA,0,NA,NA,NA,"Oviedo Museum",NA,NA,"87_NOCOMPLEXHymenopteros_OVIEDO_202310241397"
"Xylocopa",NA,"violacea",NA,"España","León","Cubillas de R.",NA,NA,NA,"1985",6,6,NA,NA,"L. Casado","L. Casado, A. Torralba det 01/14",1,NA,NA,0,NA,NA,NA,"Oviedo Museum",NA,NA,"87_NOCOMPLEXHymenopteros_OVIEDO_202310241398"
"Xylocopa",NA,"violacea",NA,"España","Lugo","Monforte de Lemos",NA,NA,NA,"1994",5,4,NA,NA,"A. Reboiro Rodríguez","Maceda Sélymes, A. Torralba det 01/14",1,NA,NA,0,NA,NA,NA,"Oviedo Museum",NA,NA,"87_NOCOMPLEXHymenopteros_OVIEDO_202310241399"
"Xylocopa",NA,"violacea",NA,"España","Burgos","Casanova",NA,NA,NA,"1988",9,18,NA,NA,"Antonio Palacios","Antonio Palacios",NA,NA,NA,1,NA,NA,NA,"Oviedo Museum",NA,NA,"87_NOCOMPLEXHymenopteros_OVIEDO_202310241400"
"Xylocopa",NA,"violacea",NA,"España","Asturias","Llanes",NA,NA,NA,"1987",8,7,NA,NA,"L. Lozano","L. Lozano",NA,NA,NA,1,NA,NA,NA,"Oviedo Museum",NA,NA,"87_NOCOMPLEXHymenopteros_OVIEDO_202310241401"
"Xylocopa",NA,"violacea",NA,"España","León","Boñar",NA,NA,NA,NA,NA,NA,NA,NA,"Ana María Glez Antuña","Ana María Glez Antuña",NA,NA,NA,1,NA,NA,NA,"Oviedo Museum",NA,"Tiene moho","87_NOCOMPLEXHymenopteros_OVIEDO_202310241402"
"Xylocopa",NA,"violacea",NA,"España","Asturias","S. Antolín de Ibias",NA,NA,NA,"1990",4,12,NA,NA,"Luis Valle","Luis Valle",NA,NA,NA,1,NA,NA,NA,"Oviedo Museum",NA,NA,"87_NOCOMPLEXHymenopteros_OVIEDO_202310241403"
"Xylocopa",NA,"violacea",NA,"España","Salamanca","Salamanca",NA,NA,NA,"1979",7,7,NA,NA,"José F. García","José F. García",NA,NA,NA,1,NA,NA,NA,"Oviedo Museum",NA,"Tiene moho","87_NOCOMPLEXHymenopteros_OVIEDO_202310241404"
"Xylocopa",NA,"violacea",NA,"España","Alicante","Denia",NA,NA,NA,"1975",8,9,NA,NA,"Gregorio Glez","Gregorio Glez, A. Torralba det 01/14",1,NA,NA,0,NA,NA,NA,"Oviedo Museum",NA,NA,"87_NOCOMPLEXHymenopteros_OVIEDO_202310241405"
"Xylocopa",NA,"violacea",NA,"España",NA,"Regaña",NA,NA,NA,"2004",8,24,NA,NA,"Héctor García","Héctor García, A. Torralba det 01/14",1,NA,NA,0,NA,NA,NA,"Oviedo Museum","Bolera",NA,"87_NOCOMPLEXHymenopteros_OVIEDO_202310241406"
"Andrena",NA,"pilipes",NA,"España","Palencia","Palencia",NA,NA,NA,"1991",5,12,NA,NA,"C. Glez Lozano","A. M. Glez Lozano, A. Núñez det 2021",1,NA,NA,0,NA,NA,NA,"Oviedo Museum",NA,NA,"87_NOCOMPLEXHymenopteros_OVIEDO_202310241407"
"Andrena",NA,"thoracica",NA,"España","Asturias","Barres",NA,NA,NA,"2008",3,25,NA,NA,"E. Montes","E. Montes, Marián Álvarez det. 2021",NA,NA,NA,1,NA,NA,NA,"Oviedo Museum",NA,NA,"87_NOCOMPLEXHymenopteros_OVIEDO_202310241408"
"Andrena",NA,"assimilis",NA,"España","Asturias","Soto del Barco",NA,NA,NA,"1999",4,4,NA,NA,"Rebeca G.","Rebeca G., Marián Álvarez det. 2021",1,NA,NA,0,NA,NA,NA,"Oviedo Museum",NA,NA,"87_NOCOMPLEXHymenopteros_OVIEDO_202310241409"
"Andrea",NA,"florea",NA,"España","Asturias","Gijón",NA,NA,NA,"1982",5,15,NA,NA,"Luis I. Martín Lorenzo","A. Núñez 2021",1,NA,NA,0,NA,NA,NA,"Oviedo Museum","Campo de siega",NA,"87_NOCOMPLEXHymenopteros_OVIEDO_202310241410"
"Andrea",NA,"florea",NA,"España","Asturias","Salinas",NA,NA,NA,"1987",5,13,NA,NA,"Rubén Herrero Hevia","Rubén Herrero Hevia, Marián Álvarez det. 2021",1,NA,NA,0,NA,NA,NA,"Oviedo Museum","Sobre Brassica",NA,"87_NOCOMPLEXHymenopteros_OVIEDO_202310241411"
"Andrena",NA,"agulimima",NA,"España","Asturias","Bañugues (Luanco)",NA,NA,NA,"1987",4,16,NA,NA,"José Manuel F. Mtnz","José Manuel F. Mtnz",NA,NA,NA,1,NA,NA,NA,"Oviedo Museum","Pradería",NA,"87_NOCOMPLEXHymenopteros_OVIEDO_202310241412"
"Andrena",NA,"agilissima",NA,"España","Asturias","Oviedo",NA,NA,NA,"1986",5,25,NA,NA,"Yolanda Colubi","Yolanda Colubi, Marián Álvarez det. 2021",1,NA,NA,0,NA,NA,NA,"Oviedo Museum",NA,NA,"87_NOCOMPLEXHymenopteros_OVIEDO_202310241413"
"Andrena",NA,"agilissima",NA,"España","Asturias","Poo de Llanes",NA,NA,NA,"1988",5,13,NA,NA,"José Luis Vega","Juan Carlos Ruiz, Marián Álvarez det. 2021",NA,1,NA,0,NA,NA,NA,"Oviedo Museum","Prado",NA,"87_NOCOMPLEXHymenopteros_OVIEDO_202310241414"
"Andrena",NA,"agilissima",NA,"España","Asturias","Santuario",NA,NA,NA,"1991",5,19,NA,NA,"M. A. Paredes","M. A. Paredes, Marián Álvarez det. 2021",NA,1,NA,0,NA,NA,NA,"Oviedo Museum","Borde camino",NA,"87_NOCOMPLEXHymenopteros_OVIEDO_202310241415"
"Andrena",NA,"agilissima",NA,"España","Asturias","San Andrés (Trubia)",NA,NA,NA,"1993",5,4,NA,NA,"R. A. Fdez García","A. Fdez García, A. Núñez",NA,1,NA,0,NA,NA,NA,"Oviedo Museum","Márgenes río Trubia",NA,"87_NOCOMPLEXHymenopteros_OVIEDO_202310241416"
"Andrena",NA,"agilissima",NA,"España","León","León",NA,NA,NA,"1981",4,11,NA,NA,"M. Chamorro","Marián Álvarez det. 2021",1,NA,NA,0,NA,NA,NA,"Oviedo Museum",NA,NA,"87_NOCOMPLEXHymenopteros_OVIEDO_202310241417"
"Andrena",NA,"agilissima",NA,"España","Asturias","Colloto",NA,NA,NA,"1976",5,27,NA,NA,"Mª L. C. Arias","A. Anadón, Marián Álvarez det. 2021",1,NA,NA,0,NA,NA,NA,"Oviedo Museum",NA,NA,"87_NOCOMPLEXHymenopteros_OVIEDO_202310241418"
"Andrena",NA,"agilissima",NA,"España","Asturias","Grado",NA,NA,NA,"1981",4,22,NA,NA,"Isabel Fdez G.","Marián Álvarez det. 2021",1,NA,NA,0,NA,NA,NA,"Oviedo Museum",NA,NA,"87_NOCOMPLEXHymenopteros_OVIEDO_202310241419"
"Andrena",NA,"afrensis",NA,"España","León","El Campo",NA,NA,NA,"1980",8,5,NA,NA,"Ana J. González Fernández","Marián Álvarez det. 2021",NA,NA,NA,1,NA,NA,NA,"Oviedo Museum",NA,NA,"87_NOCOMPLEXHymenopteros_OVIEDO_202310241420"
"Andrena",NA,"agilissima",NA,"España","Asturias","La Luz (Avilés)",NA,NA,NA,"1986",6,7,NA,NA,"Juana Pérez Muñoz","Marián Álvarez det. 2021",1,NA,NA,0,NA,NA,NA,"Oviedo Museum",NA,NA,"87_NOCOMPLEXHymenopteros_OVIEDO_202310241421"
"Andrena",NA,"agilissima",NA,"España","Asturias","Barro",NA,NA,NA,"1990",6,24,NA,NA,"M. Ángeles Lauriño","M. Ángeles Lauriño, Marián Álvarez det. 2021",1,NA,NA,0,NA,NA,NA,"Oviedo Museum",NA,NA,"87_NOCOMPLEXHymenopteros_OVIEDO_202310241422"
"Halictus",NA,"sp.",NA,"España","Asturias","Gijón",NA,NA,NA,"1983",5,20,NA,NA,"Ernestina Coto Serna","",NA,NA,NA,1,NA,NA,NA,"Oviedo Museum","Prado","Tiene moho","87_NOCOMPLEXHymenopteros_OVIEDO_202310241423"
"Halictus",NA,"sexcinctus",NA,"España","Asturias","San Juan",NA,NA,NA,"1987",8,11,NA,NA,"J. R. Fdez López","J. R. Fdez López",NA,NA,NA,1,NA,NA,NA,"Oviedo Museum","Brezal-tojal",NA,"87_NOCOMPLEXHymenopteros_OVIEDO_202310241424"
"Halictus",NA,"sp.",NA,"España","La Coruña","Lage",NA,NA,NA,"1980",8,8,NA,NA,"A. Anadón","",NA,NA,NA,1,NA,NA,NA,"Oviedo Museum","Agujero suelo",NA,"87_NOCOMPLEXHymenopteros_OVIEDO_202310241425"
"Halictus",NA,"scabiosae",NA,"España","Asturias","Sta Eulalia (Luanco)",NA,NA,NA,"1978",4,25,NA,NA,NA,"A. Anadón",NA,NA,NA,1,NA,NA,NA,"Oviedo Museum","Sobre flor",NA,"87_NOCOMPLEXHymenopteros_OVIEDO_202310241426"
"Halictus",NA,"sp.",NA,"España","Asturias","Oviedo",NA,NA,NA,"1981",5,16,NA,NA,"Isabel Fdez G.","",NA,NA,NA,1,NA,NA,NA,"Oviedo Museum",NA,NA,"87_NOCOMPLEXHymenopteros_OVIEDO_202310241427"
"Halictus",NA,"sp.",NA,"España","Pontevedra","Panjón",NA,NA,NA,"1980",8,15,NA,NA,"A. Anadón","",NA,NA,NA,1,NA,NA,NA,"Oviedo Museum",NA,NA,"87_NOCOMPLEXHymenopteros_OVIEDO_202310241428"
"Halictus",NA,"sp.",NA,"España","Pontevedra","Panjón",NA,NA,NA,"1980",8,15,NA,NA,"A. Anadón","",NA,NA,NA,1,NA,NA,NA,"Oviedo Museum",NA,NA,"87_NOCOMPLEXHymenopteros_OVIEDO_202310241429"
"Halictus",NA,"sp.",NA,"España","Pontevedra","Panjón",NA,NA,NA,"1980",8,15,NA,NA,"A. Anadón","",NA,NA,NA,1,NA,NA,NA,"Oviedo Museum",NA,NA,"87_NOCOMPLEXHymenopteros_OVIEDO_202310241430"
"Halictus",NA,"sp.",NA,"España","Pontevedra","Panjón",NA,NA,NA,"1980",8,15,NA,NA,"A. Anadón","",NA,NA,NA,1,NA,NA,NA,"Oviedo Museum",NA,NA,"87_NOCOMPLEXHymenopteros_OVIEDO_202310241431"
"Halictus",NA,"sp.",NA,"España","Pontevedra","Panjón",NA,NA,NA,"1980",8,15,NA,NA,"A. Anadón","",NA,NA,NA,1,NA,NA,NA,"Oviedo Museum",NA,NA,"87_NOCOMPLEXHymenopteros_OVIEDO_202310241432"
"Halictus",NA,"sp.",NA,"España","Pontevedra","Panjón",NA,NA,NA,"1980",8,15,NA,NA,"A. Anadón","",NA,NA,NA,1,NA,NA,NA,"Oviedo Museum",NA,NA,"87_NOCOMPLEXHymenopteros_OVIEDO_202310241433"
"Halictus",NA,"sp.",NA,"España","León","El Campo",NA,NA,NA,"1980",8,5,NA,NA,"Ana J. González Fernández","",NA,NA,NA,1,NA,NA,NA,"Oviedo Museum",NA,NA,"87_NOCOMPLEXHymenopteros_OVIEDO_202310241434"
"Halictus",NA,"sp.",NA,"España","Asturias","Silvota",NA,NA,NA,"1985",10,10,NA,NA,"Sergio Solano","",NA,NA,NA,1,NA,NA,NA,"Oviedo Museum",NA,NA,"87_NOCOMPLEXHymenopteros_OVIEDO_202310241435"
"Halictus",NA,"sp.",NA,"España","Valladolid","Parquesol (Valladolid)",NA,NA,NA,"1988",7,27,NA,NA,"R. Echeandia","R. Echeandia",NA,NA,NA,1,NA,NA,NA,"Oviedo Museum",NA,NA,"87_NOCOMPLEXHymenopteros_OVIEDO_202310241436"
"Halictus",NA,"sp.",NA,"España","Palencia","Cozuelos de Ojeda",NA,NA,NA,"1978",3,26,NA,NA,"Adelaida Riego","",NA,NA,NA,1,NA,NA,NA,"Oviedo Museum","Campo",NA,"87_NOCOMPLEXHymenopteros_OVIEDO_202310241437"
"Halictus",NA,"sp.",NA,"España","Asturias","Nubledo",NA,NA,NA,"1986",5,31,NA,NA,"J. Majada Guijo","",NA,NA,NA,1,NA,NA,NA,"Oviedo Museum","En prado","Tiene moho","87_NOCOMPLEXHymenopteros_OVIEDO_202310241438"
"Halictus",NA,"nitidus",NA,"España","Asturias","Viavélez",NA,NA,NA,"1988",6,5,NA,NA,"J. R. Fdez López","J. R. Fdez López",NA,NA,NA,1,NA,NA,NA,"Oviedo Museum","Sobre Malva",NA,"87_NOCOMPLEXHymenopteros_OVIEDO_202310241439"
"Halictus",NA,"sp.",NA,"España","Asturias","Salamir",NA,NA,NA,"1997",5,2,NA,NA,"C. Rodríguez del Valle","I. Gutiérrez Martínez",NA,NA,NA,1,NA,NA,NA,"Oviedo Museum",NA,NA,"87_NOCOMPLEXHymenopteros_OVIEDO_202310241440"
"Halictus",NA,"sp.",NA,"España","Asturias","Artedo",NA,NA,NA,"1997",4,27,NA,NA,"C. Rguez del Valle","C. Rguez del Valle",NA,NA,NA,1,NA,NA,NA,"Oviedo Museum",NA,NA,"87_NOCOMPLEXHymenopteros_OVIEDO_202310241441"
"Halictus",NA,"sp.",NA,"España","Pontevedra","Panjón",NA,NA,NA,"1981",8,18,NA,NA,NA,"",NA,NA,NA,1,NA,NA,NA,"Oviedo Museum",NA,NA,"87_NOCOMPLEXHymenopteros_OVIEDO_202310241442"
"Halictus",NA,"sp.",NA,"España","Pontevedra","Panjón",NA,NA,NA,"1972",7,27,NA,NA,"R. Anadón","",NA,NA,NA,1,NA,NA,NA,"Oviedo Museum",NA,NA,"87_NOCOMPLEXHymenopteros_OVIEDO_202310241443"
"Hylaeus",NA,"sp.",NA,"España","Valladolid","Simancas",NA,NA,NA,"1988",8,13,NA,NA,"M. A. Aranda","A. Anadón",NA,NA,NA,1,NA,NA,NA,"Oviedo Museum",NA,NA,"87_NOCOMPLEXHymenopteros_OVIEDO_202310241444"
"Halictus",NA,"sp.",NA,"España","Pontevedra","Panjón",NA,NA,NA,"1972",7,22,NA,NA,"R. Anadón","",NA,NA,NA,1,NA,NA,NA,"Oviedo Museum",NA,NA,"87_NOCOMPLEXHymenopteros_OVIEDO_202310241445"
"Halictus",NA,"sp.",NA,"España","Asturias","Llanera",NA,NA,NA,"1980",9,12,NA,NA,"Ana Quero","",NA,NA,NA,1,NA,NA,NA,"Oviedo Museum",NA,NA,"87_NOCOMPLEXHymenopteros_OVIEDO_202310241446"
"Halictus",NA,"major",NA,"España","Asturias","Monte Naranco",NA,NA,NA,"1989",4,17,NA,NA,"Antonio Gómez Fdez","Antonio Gómez Fdez",NA,NA,NA,1,NA,NA,NA,"Oviedo Museum",NA,NA,"87_NOCOMPLEXHymenopteros_OVIEDO_202310241447"
"Halictus",NA,"sp.",NA,"España","Asturias","Sograndio",NA,NA,NA,"1987",4,12,NA,NA,"Marcos Suárez García","",NA,NA,NA,1,NA,NA,NA,"Oviedo Museum",NA,NA,"87_NOCOMPLEXHymenopteros_OVIEDO_202310241448"
"Halictus",NA,"sp.",NA,"España","Asturias","Collado",NA,NA,NA,"1986",5,1,NA,NA,"Ana Fonseca","Teresa Glez Sanz",NA,NA,NA,1,NA,NA,NA,"Oviedo Museum",NA,NA,"87_NOCOMPLEXHymenopteros_OVIEDO_202310241449"
"Colletes",NA,"succinctus",NA,"España","Asturias","Luarca",NA,NA,NA,"1989",10,23,NA,NA,"M. Pagaguntundra","M. Pagaguntundra",NA,NA,NA,1,NA,NA,NA,"Oviedo Museum",NA,NA,"87_NOCOMPLEXHymenopteros_OVIEDO_202310241450"
"Colletes",NA,"succinctus",NA,"España","Asturias","Villar (Luarca)",NA,NA,NA,"1989",10,24,NA,NA,"Clara Fdez Ochoa","Clara Fdez Ochoa",NA,NA,NA,1,NA,NA,NA,"Oviedo Museum",NA,NA,"87_NOCOMPLEXHymenopteros_OVIEDO_202310241451"
"Colletes",NA,"succinctus",NA,"España","Asturias","Villar (Luarca)",NA,NA,NA,"1991",10,22,NA,NA,"A. M. Glez Lozano","A. M. Glez Lozano",NA,NA,NA,1,NA,NA,NA,"Oviedo Museum",NA,NA,"87_NOCOMPLEXHymenopteros_OVIEDO_202310241452"
"Colletes",NA,"succinctus",NA,"España","Asturias","Avín",NA,NA,NA,"1991",10,23,NA,NA,"Pedro García-Rovés","Pedro García-Rovés",NA,NA,NA,1,NA,NA,NA,"Oviedo Museum",NA,NA,"87_NOCOMPLEXHymenopteros_OVIEDO_202310241453"
"Colletes",NA,"succinctus",NA,"España","Asturias","Villar (Luarca)",NA,NA,NA,"1990",10,22,NA,NA,"Diana Cifuentes","Diana Cifuentes",NA,NA,NA,1,NA,NA,NA,"Oviedo Museum",NA,NA,"87_NOCOMPLEXHymenopteros_OVIEDO_202310241454"
"Colletes",NA,"succinctus",NA,"España","Asturias","Villar (Luarca)",NA,NA,NA,"1989",10,24,NA,NA,"Clara Fdez Ochoa","Clara Fdez Ochoa",NA,1,NA,0,NA,NA,NA,"Oviedo Museum",NA,NA,"87_NOCOMPLEXHymenopteros_OVIEDO_202310241455"
"Halictus",NA,"sp.",NA,"España","Asturias","Somió",NA,NA,NA,"1980",5,29,NA,NA,"José M. Glez Cases","",NA,NA,NA,1,NA,NA,NA,"Oviedo Museum",NA,NA,"87_NOCOMPLEXHymenopteros_OVIEDO_202310241456"
"Halictus",NA,"sp.",NA,"España",NA,"Turón",NA,NA,NA,"1983",5,20,NA,NA,"Helena Fdez","Helena Fdez",NA,NA,NA,1,NA,NA,NA,"Oviedo Museum",NA,NA,"87_NOCOMPLEXHymenopteros_OVIEDO_202310241457"
"Halictus",NA,"sp.",NA,"España","Asturias","Paseo de la Grúa (Ribadesella)",NA,NA,NA,"1983",6,2,NA,NA,"Mª Dolores C.","",NA,NA,NA,1,NA,NA,NA,"Oviedo Museum",NA,NA,"87_NOCOMPLEXHymenopteros_OVIEDO_202310241458"
"Halictus",NA,"sp.",NA,"España","Asturias","La Felguera",NA,NA,NA,"1976",5,4,NA,NA,"Isabel Rguez","",NA,NA,NA,1,NA,NA,NA,"Oviedo Museum",NA,NA,"87_NOCOMPLEXHymenopteros_OVIEDO_202310241459"
"Halictus",NA,"sp.",NA,"España","Asturias","Oviedo",NA,NA,NA,NA,NA,NA,NA,NA,"Charo M. Farpun","",NA,NA,NA,1,NA,NA,NA,"Oviedo Museum",NA,NA,"87_NOCOMPLEXHymenopteros_OVIEDO_202310241460"
"Halictus",NA,"sp.",NA,"España","Asturias","Llanera",NA,NA,NA,"1980",9,15,NA,NA,"Ana Quero","",NA,NA,NA,1,NA,NA,NA,"Oviedo Museum",NA,NA,"87_NOCOMPLEXHymenopteros_OVIEDO_202310241461"
"Halictus",NA,"sp.",NA,"España","Pontevedra","Panjón",NA,NA,NA,"1972",8,3,NA,NA,"R. Anadón","",NA,NA,NA,1,NA,NA,NA,"Oviedo Museum",NA,NA,"87_NOCOMPLEXHymenopteros_OVIEDO_202310241462"
"Halictus",NA,"sp.",NA,"España","León","La Bañeza",NA,NA,NA,"1980",7,18,NA,NA,"Ana Quero","",NA,NA,NA,1,NA,NA,NA,"Oviedo Museum","Cerca de río",NA,"87_NOCOMPLEXHymenopteros_OVIEDO_202310241463"
"Halictus",NA,"sp.",NA,"España","León","La Bañeza",NA,NA,NA,"1980",7,18,NA,NA,"Ana Quero","",NA,NA,NA,1,NA,NA,NA,"Oviedo Museum","Cerca de río",NA,"87_NOCOMPLEXHymenopteros_OVIEDO_202310241464"
"Halictus",NA,"sp.",NA,"España","Asturias","Trubia",NA,NA,NA,"1976",4,23,NA,NA,"P. Ciscar","",NA,NA,NA,1,NA,NA,NA,"Oviedo Museum","Huerta",NA,"87_NOCOMPLEXHymenopteros_OVIEDO_202310241465"
"Halictus",NA,"sp.",NA,"España","Asturias","Sta Mª del Mar",NA,NA,NA,"1979",3,21,NA,NA,"M. A. Aranda","A. Anadón",NA,NA,NA,1,NA,NA,NA,"Oviedo Museum",NA,NA,"87_NOCOMPLEXHymenopteros_OVIEDO_202310241466"
"Halictus",NA,"sp.",NA,"España","Asturias","Sta Mª del Mar",NA,NA,NA,"1979",3,21,NA,NA,"M. A. Aranda","A. Anadón",NA,NA,NA,1,NA,NA,NA,"Oviedo Museum",NA,NA,"87_NOCOMPLEXHymenopteros_OVIEDO_202310241467"
"Halictus",NA,"laevigatus",NA,"España","Asturias","Viavélez",NA,NA,NA,"1988",6,4,NA,NA,"J. R. Fdez López","J. R. Fdez López",NA,NA,NA,1,NA,NA,NA,"Oviedo Museum","Jardín",NA,"87_NOCOMPLEXHymenopteros_OVIEDO_202310241468"
"Halictus",NA,"sp.",NA,"España","Asturias","Gijón",NA,NA,NA,NA,NA,NA,NA,NA,"J. Junquera","",NA,NA,NA,1,NA,NA,NA,"Oviedo Museum",NA,NA,"87_NOCOMPLEXHymenopteros_OVIEDO_202310241469"
"Halictus",NA,"sp.",NA,"España","Cantabria","Mijares",NA,NA,NA,NA,NA,NA,NA,NA,"Ángel Múgica B.","A. Anadón. A. Quero",NA,NA,NA,1,NA,NA,NA,"Oviedo Museum",NA,NA,"87_NOCOMPLEXHymenopteros_OVIEDO_202310241470"
"Halictus",NA,"sp.",NA,"España","Pontevedra","Panjón",NA,NA,NA,"1972",7,23,NA,NA,"R. Anadón","",NA,NA,NA,1,NA,NA,NA,"Oviedo Museum",NA,NA,"87_NOCOMPLEXHymenopteros_OVIEDO_202310241471"
"Halictus",NA,"sp.",NA,"España","León","La Bañeza",NA,NA,NA,"1980",7,18,NA,NA,"Ana Quero","",NA,NA,NA,1,NA,NA,NA,"Oviedo Museum","Cerca de río",NA,"87_NOCOMPLEXHymenopteros_OVIEDO_202310241472"
"Halictus",NA,"sp.",NA,"España","Asturias","Avilés",NA,NA,NA,"1975",3,25,NA,NA,"J. R. González","",NA,NA,NA,1,NA,NA,NA,"Oviedo Museum",NA,NA,"87_NOCOMPLEXHymenopteros_OVIEDO_202310241473"
"Halictus",NA,"sp.",NA,"España","Asturias","Corias",NA,NA,NA,"1975",6,29,NA,NA,"C. F. B. Quirós","",NA,NA,NA,1,NA,NA,NA,"Oviedo Museum",NA,NA,"87_NOCOMPLEXHymenopteros_OVIEDO_202310241474"
"Halictus",NA,"sp.",NA,"España","Asturias","Sta Mª del Mar",NA,NA,NA,"1979",3,21,NA,NA,"M. A. Aranda","A. Anadón",NA,NA,NA,1,NA,NA,NA,"Oviedo Museum",NA,NA,"87_NOCOMPLEXHymenopteros_OVIEDO_202310241475"
"Halictus",NA,"sp.",NA,"España","Asturias","Avilés",NA,NA,NA,"1975",3,25,NA,NA,"M. A. Aranda","A. Anadón",NA,NA,NA,1,NA,NA,NA,"Oviedo Museum",NA,NA,"87_NOCOMPLEXHymenopteros_OVIEDO_202310241476"
"Halictus",NA,"sp.",NA,"España","Asturias","Oviedo",NA,NA,NA,"1978",5,15,NA,NA,"Fco Javier Fdez Martínez","A. Anadón",NA,NA,NA,1,NA,NA,NA,"Oviedo Museum","En la calle",NA,"87_NOCOMPLEXHymenopteros_OVIEDO_202310241477"
"Halictus",NA,"sp.",NA,"España","Asturias","El Cristo (Oviedo)",NA,NA,NA,NA,NA,NA,NA,NA,"P. León C.","A. Anadón. A. Quero",NA,NA,NA,1,NA,NA,NA,"Oviedo Museum",NA,NA,"87_NOCOMPLEXHymenopteros_OVIEDO_202310241478"
"Lasioglossum",NA,"albipes",NA,"España","Asturias","El Puntal",NA,NA,NA,"1991",8,26,NA,NA,"Lola Granados","Lola Granados, A. Núñez",NA,1,NA,0,NA,NA,NA,"Oviedo Museum",NA,NA,"87_NOCOMPLEXHymenopteros_OVIEDO_202310241479"
NA,NA,NA,NA,"España","Asturias","La Caridad",NA,NA,NA,"1978",4,20,NA,NA,"M. Pascual","",NA,NA,NA,1,NA,NA,NA,"Oviedo Museum","Sobre estiércol",NA,"87_NOCOMPLEXHymenopteros_OVIEDO_202310241480"
NA,NA,NA,NA,"España","Asturias","Rodiles",NA,NA,NA,"1997",8,20,NA,NA,"J. Antuña","",NA,NA,NA,1,NA,NA,NA,"Oviedo Museum",NA,NA,"87_NOCOMPLEXHymenopteros_OVIEDO_202310241481"
NA,NA,NA,NA,"España","Asturias","Llanera",NA,NA,NA,"1980",9,15,NA,NA,"Ana Quero","",NA,NA,NA,1,NA,NA,NA,"Oviedo Museum",NA,NA,"87_NOCOMPLEXHymenopteros_OVIEDO_202310241482"
NA,NA,NA,NA,"España","Asturias","Salave",NA,NA,NA,"1990",6,3,NA,NA,"Damiana González Fernández","Damiana González Fernández",1,NA,NA,0,NA,NA,NA,"Oviedo Museum",NA,NA,"87_NOCOMPLEXHymenopteros_OVIEDO_202310241483"
NA,NA,NA,NA,"España","Asturias","Oviedo",NA,NA,NA,"1976",5,15,NA,NA,"S. Gargallo","",NA,NA,NA,1,NA,NA,NA,"Oviedo Museum",NA,NA,"87_NOCOMPLEXHymenopteros_OVIEDO_202310241484"
"Andrena",NA,"sp.",NA,"España","Asturias","Simancas",NA,NA,NA,"1978",7,13,NA,NA,"M. A. Aranda","A. Anadón. A. Quero",NA,NA,NA,1,NA,NA,NA,"Oviedo Museum",NA,NA,"87_NOCOMPLEXHymenopteros_OVIEDO_202310241485"
"Andrena",NA,"hattorfiana",NA,"España","Asturias","Pola de Lena (Valle El Peral)",NA,NA,NA,"1990",8,6,NA,NA,"Susana L.-Acevedo","Susana L.-Acevedo",NA,NA,NA,1,NA,NA,NA,"Oviedo Museum","Sobre zarzas",NA,"87_NOCOMPLEXHymenopteros_OVIEDO_202310241486"
"Andrena",NA,"sp.",NA,"España","Asturias","P. Pura Tomás (Oviedo)",NA,NA,NA,"1996",3,9,NA,NA,"Presen Ordiérez","Presen Ordiérez",NA,NA,NA,1,NA,NA,NA,"Oviedo Museum",NA,NA,"87_NOCOMPLEXHymenopteros_OVIEDO_202310241487"
"Andrena",NA,"sp.",NA,"España","Asturias","San Andrés (El Entrego)",NA,NA,NA,"1998",4,28,NA,NA,"Jaime Mier","Jaime Mier",NA,NA,NA,1,NA,NA,NA,"Oviedo Museum",NA,NA,"87_NOCOMPLEXHymenopteros_OVIEDO_202310241488"
"Andrena",NA,"sp.",NA,"España","Pontevedra","Panjón",NA,NA,NA,"1983",7,29,NA,NA,"A. Anadón","",NA,NA,NA,1,NA,NA,NA,"Oviedo Museum","Terreno inculto",NA,"87_NOCOMPLEXHymenopteros_OVIEDO_202310241489"
"Andrena",NA,"sp.",NA,"España","Asturias","Corias",NA,NA,NA,"1974",4,21,NA,NA,"M. A. Álvarez","A. Anadón",NA,NA,NA,1,NA,NA,NA,"Oviedo Museum",NA,NA,"87_NOCOMPLEXHymenopteros_OVIEDO_202310241490"
"Andrena",NA,"sp.",NA,"España","Asturias","S. Cristóbal (Avilés)",NA,NA,NA,NA,NA,NA,NA,NA,"M. A. Aranda","",NA,NA,NA,1,NA,NA,NA,"Oviedo Museum",NA,NA,"87_NOCOMPLEXHymenopteros_OVIEDO_202310241491"
"Andrena",NA,"haemorrhoa",NA,"España","Asturias","Oviedo",NA,NA,NA,"1990",6,15,NA,NA,"J. Riera","J. Riera",NA,NA,NA,1,NA,NA,NA,"Oviedo Museum",NA,NA,"87_NOCOMPLEXHymenopteros_OVIEDO_202310241492"
"Halictus",NA,"scabiosae",NA,"España","Asturias","Mieres",NA,NA,NA,"2005",10,10,NA,NA,"Tamara A. G. y Antón Garate","Tamara A. G. y Antón Garate, Marián Álvarez det. 2021",1,NA,NA,0,NA,NA,NA,"Oviedo Museum","Paseo del río",NA,"87_NOCOMPLEXHymenopteros_OVIEDO_202310241493"
"Halictus",NA,"scabiosae",NA,"España","Asturias","Salinas",NA,NA,NA,"1982",8,9,NA,NA,"J. R. García","Marián Álvarez det. 2021",1,NA,NA,0,NA,NA,NA,"Oviedo Museum",NA,"Tiene moho","87_NOCOMPLEXHymenopteros_OVIEDO_202310241494"
"Halictus",NA,"scabiosae",NA,"España","Asturias","Gijón",NA,NA,NA,"1995",8,16,NA,NA,"Eduardo Díaz","Eduardo Díaz, Marián Álvarez det. 2021",1,NA,NA,0,NA,NA,NA,"Oviedo Museum","Prado",NA,"87_NOCOMPLEXHymenopteros_OVIEDO_202310241495"
"Halictus",NA,"scabiosae",NA,"España","Pontevedra","Monteferro",NA,NA,NA,"1981",8,16,NA,NA,"A. Anadón","Marián Álvarez det. 2021",NA,1,NA,0,NA,NA,NA,"Oviedo Museum",NA,NA,"87_NOCOMPLEXHymenopteros_OVIEDO_202310241496"
"Halictus",NA,"scabiosae",NA,"España","Asturias","Someron",NA,NA,NA,"1983",6,13,NA,NA,"C. Díaz-Sala","C. Díaz-Sala, Marián Álvarez det. 2021",1,NA,NA,0,NA,NA,NA,"Oviedo Museum",NA,NA,"87_NOCOMPLEXHymenopteros_OVIEDO_202310241497"
"Halictus",NA,"scabiosae",NA,"España","Asturias","Trubia",NA,NA,NA,"1976",3,27,NA,NA,"P. Ciscar","Marián Álvarez det. 2021",1,NA,NA,0,NA,NA,NA,"Oviedo Museum","Matorral",NA,"87_NOCOMPLEXHymenopteros_OVIEDO_202310241498"
"Halictus",NA,"scabiosae",NA,"España","Asturias","Naranco (Oviedo)",NA,NA,NA,"1982",5,31,NA,NA,NA,"Marián Álvarez det. 2021",1,NA,NA,0,NA,NA,NA,"Oviedo Museum","Prado",NA,"87_NOCOMPLEXHymenopteros_OVIEDO_202310241499"
"Halictus",NA,"scabiosae",NA,"España","Asturias","Ules",NA,NA,NA,"1981",10,29,NA,NA,"M. I. Saloña","M. I. Saloña, Marián Álvarez det. 2021",1,NA,NA,0,NA,NA,NA,"Oviedo Museum","Prado",NA,"87_NOCOMPLEXHymenopteros_OVIEDO_202310241500"
"Halictus",NA,"scabiosae",NA,"España","Asturias","Ules",NA,NA,NA,NA,NA,NA,NA,NA,"D. Fuente","Marián Álvarez det. 2021",1,NA,NA,0,NA,NA,NA,"Oviedo Museum","Pradera","Tiene moho","87_NOCOMPLEXHymenopteros_OVIEDO_202310241501"
"Halictus",NA,"scabiosae",NA,"España","Asturias","Luces",NA,NA,NA,"1980",4,27,NA,NA,"José A. Gil","A. Anadón, Marián Álvarez det. 2021",1,NA,NA,0,NA,NA,NA,"Oviedo Museum","Prado",NA,"87_NOCOMPLEXHymenopteros_OVIEDO_202310241502"
"Halictus",NA,"scabiosae",NA,"España","León","Actel. El Ferral",NA,NA,NA,"1995",6,27,NA,NA,"J. A. Vigil Lagranda","J. A. Vigil Lagranda, Marián Álvarez det. 2021",1,NA,NA,0,NA,NA,NA,"Oviedo Museum","Pradera seca",NA,"87_NOCOMPLEXHymenopteros_OVIEDO_202310241503"
"Halictus",NA,"scabiosae",NA,"España","Cantabria","Santander",NA,NA,NA,"1990",9,5,NA,NA,"Mª Rosario Ruiz","Mª Rosario Ruiz, Marián Álvarez det. 2021",1,NA,NA,0,NA,NA,NA,"Oviedo Museum","Jardín",NA,"87_NOCOMPLEXHymenopteros_OVIEDO_202310241504"
"Halictus",NA,"scabiosae",NA,"España","Asturias","El C.A.U. (Oviedo)",NA,NA,NA,"1991",5,14,NA,NA,"Loren Pérez Melero","Loren Pérez Melero, Marián Álvarez det. 2021",1,NA,NA,0,NA,NA,NA,"Oviedo Museum",NA,NA,"87_NOCOMPLEXHymenopteros_OVIEDO_202310241505"
"Melitta",NA,"sp.",NA,"España","Asturias","Rodiles",NA,NA,NA,"1997",7,6,NA,NA,"J. Antuña","",NA,NA,NA,1,NA,NA,NA,"Oviedo Museum",NA,NA,"87_NOCOMPLEXHymenopteros_OVIEDO_202310241506"
"Panurgus",NA,"sp.",NA,"España","Navarra","Mendivil",NA,NA,NA,"1977",6,30,NA,NA,"E. Flamarique","",NA,NA,NA,1,NA,NA,NA,"Oviedo Museum",NA,NA,"87_NOCOMPLEXHymenopteros_OVIEDO_202310241507"
"Xylocopa",NA,"cantabrita",NA,"España","León","Villafranca del Bierzo",NA,NA,NA,"1978",4,22,NA,NA,"Mª Luz García","A. Núñez",1,NA,NA,0,NA,NA,NA,"Oviedo Museum",NA,NA,"87_NOCOMPLEXHymenopteros_OVIEDO_202310241508"
"Anthophora",NA,"plumipes",NA,"España","Asturias","Desfiladero de las Xanas",NA,NA,NA,NA,NA,NA,NA,NA,"A. Fdez García","A. Fdez García, A. Núñez",1,NA,NA,0,NA,NA,NA,"Oviedo Museum","Abejero en el suelo",NA,"87_NOCOMPLEXHymenopteros_OVIEDO_202310241509"
"Xylocopa",NA,"cantabrita",NA,"España","Valladolid","Villalón de Campos",NA,NA,NA,"1993",5,11,NA,NA,"Santiago Pérez Calvo","A. Núñez",NA,NA,NA,1,NA,NA,NA,"Oviedo Museum",NA,NA,"87_NOCOMPLEXHymenopteros_OVIEDO_202310241510"
"Anthophora",NA,"sp.",NA,"España","León","Armunia",NA,NA,NA,"1972",5,7,NA,NA,"A. Riera","A. Riera",NA,NA,NA,1,NA,NA,NA,"Oviedo Museum",NA,NA,"87_NOCOMPLEXHymenopteros_OVIEDO_202310241511"
"Psithyrus",NA,"sp.",NA,"España","Asturias","Tiñana",NA,NA,NA,"1994",3,24,NA,NA,"Rosal Fraga","Rosal Fraga",NA,NA,NA,1,NA,NA,NA,"Oviedo Museum",NA,NA,"87_NOCOMPLEXHymenopteros_OVIEDO_202310241512"
"Psithyrus",NA,"campestris",NA,"España","Cantabria","Rasines",NA,NA,NA,"1996",4,4,NA,NA,"A. Bonachea","A. Bonachea",NA,NA,NA,1,NA,NA,NA,"Oviedo Museum",NA,NA,"87_NOCOMPLEXHymenopteros_OVIEDO_202310241513"
"Psithyrus",NA,"sp.",NA,"España","León","Armunia",NA,NA,NA,"1980",5,14,NA,NA,"A. Riera","A. Riera",NA,NA,NA,1,NA,NA,NA,"Oviedo Museum",NA,NA,"87_NOCOMPLEXHymenopteros_OVIEDO_202310241514"
"Psithyrus",NA,"campestris",NA,"España","Asturias","Oviedo",NA,NA,NA,"1989",4,12,NA,NA,"Jorge González","Jorge González",NA,NA,NA,1,NA,NA,NA,"Oviedo Museum",NA,NA,"87_NOCOMPLEXHymenopteros_OVIEDO_202310241515"
"Bombus",NA,"distinguendus",NA,"España","Asturias","Mieres",NA,NA,NA,NA,NA,NA,NA,NA,"José F. Álvarez","José F. Álvarez",NA,NA,NA,1,NA,NA,NA,"Oviedo Museum","Carretera puerto. Pinos",NA,"87_NOCOMPLEXHymenopteros_OVIEDO_202310241516"
"Psithyrus",NA,"campestris",NA,"España","Asturias","Germonde",NA,NA,NA,"1990",8,31,NA,NA,"J. Ramón Glez Glez","J. Ramón Glez Glez",NA,NA,NA,1,NA,NA,NA,"Oviedo Museum",NA,NA,"87_NOCOMPLEXHymenopteros_OVIEDO_202310241517"
"Psithyrus",NA,"sp.",NA,"España","Cantabria","Villar",NA,NA,NA,"1993",7,27,NA,NA,"Marta Gatón","Marta Gatón",NA,NA,NA,1,NA,NA,NA,"Oviedo Museum",NA,NA,"87_NOCOMPLEXHymenopteros_OVIEDO_202310241518"
"Psithyrus",NA,"campestris",NA,"España","Asturias","San Andrés de los Tocones",NA,NA,NA,"1993",5,23,NA,NA,"A. Fdez García","A. Fdez García",NA,NA,NA,1,NA,NA,NA,"Oviedo Museum","Márgenes del embalse de S. Andrés de los Tocones",NA,"87_NOCOMPLEXHymenopteros_OVIEDO_202310241519"
"Psithyrus",NA,"campestris",NA,"España","León","Carbajal",NA,NA,NA,"1982",6,1,NA,NA,"M. C. Gutiérrez","M. C. Gutiérrez",NA,NA,NA,1,NA,NA,NA,"Oviedo Museum",NA,NA,"87_NOCOMPLEXHymenopteros_OVIEDO_202310241520"
"Anthophora",NA,"sp.",NA,"España","Asturias","Maysu Solis (Langreo)",NA,NA,NA,"1984",10,14,NA,NA,"Ladis del Río","",NA,NA,NA,1,NA,NA,NA,"Oviedo Museum","En flor","Tiene moho","87_NOCOMPLEXHymenopteros_OVIEDO_202310241521"
"Psithyrus",NA,"campestris",NA,"España","Asturias","Puerto de Cubilla",NA,NA,NA,"1988",8,12,NA,NA,"Carmen de Miguel","Carmen de Miguel",NA,1,NA,0,NA,NA,NA,"Oviedo Museum",NA,NA,"87_NOCOMPLEXHymenopteros_OVIEDO_202310241522"
"Psithyrus",NA,"campestris",NA,"España","Asturias","Caldones",NA,NA,NA,"1992",8,20,NA,NA,"Luis M. Torres","Luis M. Torres",NA,NA,NA,1,NA,NA,NA,"Oviedo Museum",NA,NA,"87_NOCOMPLEXHymenopteros_OVIEDO_202310241523"
"Bombus",NA,"agrorum",NA,"España","León","Oville",NA,NA,NA,"1983",7,20,NA,NA,"A. Barahona","A. Barahona",NA,NA,NA,1,NA,NA,NA,"Oviedo Museum",NA,NA,"87_NOCOMPLEXHymenopteros_OVIEDO_202310241524"
"Bombus",NA,"pascuorum",NA,"España",NA,"Matallana",NA,NA,NA,"1979",6,13,NA,NA,"C. Díez","C. Díez",NA,NA,NA,1,NA,NA,NA,"Oviedo Museum",NA,"Tiene moho","87_NOCOMPLEXHymenopteros_OVIEDO_202310241525"
"Anthophora",NA,"sp.",NA,"España","Asturias","Sta Cruz de Mieres",NA,NA,NA,"1976",11,12,NA,NA,"Andrés Navarro","",NA,NA,NA,1,NA,NA,NA,"Oviedo Museum",NA,NA,"87_NOCOMPLEXHymenopteros_OVIEDO_202310241526"
"Anthophora",NA,"sp.",NA,"España","Asturias","Buelles",NA,NA,NA,"1983",5,1,NA,NA,"Ana M. Alonso","",NA,NA,NA,1,NA,NA,NA,"Oviedo Museum","Sobre unas ramas",NA,"87_NOCOMPLEXHymenopteros_OVIEDO_202310241527"
"Anthophora",NA,"sp.",NA,"España","Asturias","Oviedo",NA,NA,NA,"1989",3,12,NA,NA,"Jorge González","Jorge González",NA,NA,NA,1,NA,NA,NA,"Oviedo Museum",NA,NA,"87_NOCOMPLEXHymenopteros_OVIEDO_202310241528"
"Anthophora",NA,"sp.",NA,"España","Asturias","Puente San Martín",NA,NA,NA,"1987",5,9,NA,NA,"Manuel Naves","Manuel Naves",NA,NA,NA,1,NA,NA,NA,"Oviedo Museum","Prado de pasto",NA,"87_NOCOMPLEXHymenopteros_OVIEDO_202310241529"
"Anthophora",NA,"sp.",NA,"España","Asturias","Valdepares",NA,NA,NA,"1986",5,2,NA,NA,"E. Fernández Pérez","",NA,NA,NA,1,NA,NA,NA,"Oviedo Museum",NA,NA,"87_NOCOMPLEXHymenopteros_OVIEDO_202310241530"
"Anthophora",NA,"sp.",NA,"España","Asturias","Langreo",NA,NA,NA,NA,NA,NA,NA,NA,"A. Laso","",NA,NA,NA,1,NA,NA,NA,"Oviedo Museum",NA,NA,"87_NOCOMPLEXHymenopteros_OVIEDO_202310241531"
"Bombus",NA,"pascuorum",NA,"España","Asturias","Luarca",NA,NA,NA,"1993",10,26,NA,NA,"Pablo Pardo Aller","Pablo Pardo Aller",NA,NA,NA,1,NA,NA,NA,"Oviedo Museum",NA,NA,"87_NOCOMPLEXHymenopteros_OVIEDO_202310241532"
"Bombus/Psithyrus",NA,NA,NA,"España","León","S. Emiliano",NA,NA,NA,"1981",7,16,NA,NA,"M. C. Gutiérrez","",NA,NA,NA,1,NA,NA,NA,"Oviedo Museum",NA,NA,"87_NOCOMPLEXHymenopteros_OVIEDO_202310241533"
"Anthophora",NA,"sp.",NA,"España","Asturias","Somió",NA,NA,NA,"1975",4,27,NA,NA,"A. F. Braña","",NA,NA,NA,1,NA,NA,NA,"Oviedo Museum",NA,NA,"87_NOCOMPLEXHymenopteros_OVIEDO_202310241534"
"Anthophora",NA,"sp.",NA,"España","Asturias","Moreda",NA,NA,NA,"1980",5,20,NA,NA,"Conversa Cortés","",NA,NA,NA,1,NA,NA,NA,"Oviedo Museum",NA,NA,"87_NOCOMPLEXHymenopteros_OVIEDO_202310241535"
"Anthophora",NA,"plumipes",NA,"España",NA,"Meres",NA,NA,NA,NA,NA,NA,NA,NA,"Robert W. Moyer","Robert W. Moyer, A. Núñez",NA,1,NA,0,NA,NA,NA,"Oviedo Museum","Prado",NA,"87_NOCOMPLEXHymenopteros_OVIEDO_202310241536"
"Anthophora",NA,"plumipes",NA,"España","Asturias","Feleches",NA,NA,NA,"1982",5,15,NA,NA,"A. Fonseca","A. Fonseca, A. Núñez",NA,1,NA,0,NA,NA,NA,"Oviedo Museum","Ventana",NA,"87_NOCOMPLEXHymenopteros_OVIEDO_202310241537"
"Anthophora",NA,"sp.",NA,"España","Asturias","S. Antolín de Ibias",NA,NA,NA,"1991",3,30,NA,NA,"Luis Valle","M. J. Rguez Palacio",NA,NA,NA,1,NA,NA,NA,"Oviedo Museum",NA,NA,"87_NOCOMPLEXHymenopteros_OVIEDO_202310241538"
"Anthophora",NA,"plumipes",NA,"España","Asturias","Oviedo",NA,NA,NA,"1989",3,12,NA,NA,"Idoia Villate","Idoia Villate, A. Núñez",NA,1,NA,0,NA,NA,NA,"Oviedo Museum",NA,NA,"87_NOCOMPLEXHymenopteros_OVIEDO_202310241539"
"Anthophora",NA,"sp.",NA,"España","León","Urdiales del Páramo",NA,NA,NA,"1983",5,26,NA,NA,"Fdo Berjon","",NA,NA,NA,1,NA,NA,NA,"Oviedo Museum","Flor",NA,"87_NOCOMPLEXHymenopteros_OVIEDO_202310241540"
"Anthophora",NA,"sp.",NA,"España","La Rioja","Alesanco",NA,NA,NA,"1975",3,9,NA,NA,"M. L. Martín","",NA,NA,NA,1,NA,NA,NA,"Oviedo Museum",NA,NA,"87_NOCOMPLEXHymenopteros_OVIEDO_202310241541"
"Anthophora",NA,"bimaculata",NA,"España","Pontevedra","Panjón",NA,NA,NA,"1981",8,18,NA,NA,"A. Anadón","A. Núñez",NA,1,NA,0,NA,NA,NA,"Oviedo Museum",NA,NA,"87_NOCOMPLEXHymenopteros_OVIEDO_202310241542"
"Anthophora",NA,"plumipes",NA,"España","Asturias","Isla",NA,NA,NA,"1982",5,3,NA,NA,"M. Caballero","",1,NA,NA,0,NA,NA,NA,"Oviedo Museum",NA,NA,"87_NOCOMPLEXHymenopteros_OVIEDO_202310241543"
"Bombus/Psithyrus",NA,NA,NA,"España","Asturias","Las Barreras",NA,NA,NA,"1988",5,9,NA,NA,"Olivia Pradillas","Olivia Pradillas",NA,1,NA,0,NA,NA,NA,"Oviedo Museum",NA,NA,"87_NOCOMPLEXHymenopteros_OVIEDO_202310241544"
"Amegilla",NA,"quadrifasciata",NA,"España","Asturias","Sta Mª",NA,NA,NA,"1983",8,10,NA,NA,"C. Suárez","A. Núñez",1,NA,NA,0,NA,NA,NA,"Oviedo Museum","Prado","Tiene moho","87_NOCOMPLEXHymenopteros_OVIEDO_202310241545"
"Anthophora",NA,"bimaculata",NA,"España","Pontevedra","Panjón",NA,NA,NA,"1972",7,23,NA,NA,"R. Anadón","A. Núñez",NA,1,NA,0,NA,NA,NA,"Oviedo Museum",NA,NA,"87_NOCOMPLEXHymenopteros_OVIEDO_202310241546"
"Anthophora",NA,"sp.",NA,"España","Asturias","S. Andrés (Trubia)",NA,NA,NA,"1993",5,15,NA,NA,"A. Fdez García","A. Fdez García",NA,NA,NA,1,NA,NA,NA,"Oviedo Museum","Márgenes río Trubia",NA,"87_NOCOMPLEXHymenopteros_OVIEDO_202310241547"
"Anthophora",NA,"sp.",NA,"España","Asturias","Arnao",NA,NA,NA,"1993",8,14,NA,NA,"Ricardo R. Fdez","Ricardo R. Fdez",NA,NA,NA,1,NA,NA,NA,"Oviedo Museum",NA,NA,"87_NOCOMPLEXHymenopteros_OVIEDO_202310241548"
"Anthophora",NA,"sp.",NA,"España","Lugo","Monforte de Lemos",NA,NA,NA,"1994",4,2,NA,NA,"Maceda Sélymes","Maceda Sélymes",NA,NA,NA,1,NA,NA,NA,"Oviedo Museum",NA,NA,"87_NOCOMPLEXHymenopteros_OVIEDO_202310241549"
"Anthophora",NA,"plumipes",NA,"España","Asturias","Luarca",NA,NA,NA,"1992",4,29,NA,NA,"M. Menéndez Artime","M. Menéndez Artime",1,NA,NA,0,NA,NA,NA,"Oviedo Museum",NA,"Volando","87_NOCOMPLEXHymenopteros_OVIEDO_202310241550"
"Anthophora",NA,"plumipes",NA,"España","Asturias","Cabueñes",NA,NA,NA,"1980",5,25,NA,NA,"S. Solano","",1,NA,NA,0,NA,NA,NA,"Oviedo Museum",NA,"Tiene moho","87_NOCOMPLEXHymenopteros_OVIEDO_202310241551"
"Anthophora",NA,"plumipes",NA,"España","Asturias","Xivares (Candás)",NA,NA,NA,"1975",7,13,NA,NA,"Noemí Truébano","",1,NA,NA,0,NA,NA,NA,"Oviedo Museum",NA,NA,"87_NOCOMPLEXHymenopteros_OVIEDO_202310241552"
"Anthophora",NA,"plumipes",NA,"España","Asturias","Quijas",NA,NA,NA,"1983",4,5,NA,NA,"Manuel Abascal Sañudo","",1,NA,NA,0,NA,NA,NA,"Oviedo Museum","Volando sobre el campo",NA,"87_NOCOMPLEXHymenopteros_OVIEDO_202310241553"
"Anthophora",NA,"plumipes",NA,"España","Asturias","Trasona",NA,NA,NA,"1987",4,16,NA,NA,"S. Cal Miguel","S. Cal Miguel, A. Núñez",1,NA,NA,0,NA,NA,NA,"Oviedo Museum","Junto al pantano, en vuelo",NA,"87_NOCOMPLEXHymenopteros_OVIEDO_202310241554"
"Anthophora",NA,"sp.",NA,"España","Asturias","Alto de Sta Ana",NA,NA,NA,"1986",4,9,NA,NA,"Mª Eugenia Tornad.","",NA,NA,NA,1,NA,NA,NA,"Oviedo Museum",NA,NA,"87_NOCOMPLEXHymenopteros_OVIEDO_202310241555"
"Anthophora",NA,"sp.",NA,"España","Asturias","Espinedo",NA,NA,NA,"1980",5,11,NA,NA,"Ana Concepción","",NA,NA,NA,1,NA,NA,NA,"Oviedo Museum","Pomarada",NA,"87_NOCOMPLEXHymenopteros_OVIEDO_202310241556"
"Anthophora",NA,"plumipes",NA,"España","Asturias","Mieres",NA,NA,NA,"1980",5,15,NA,NA,"M. G. Álvarez García","M. G. Álvarez García",1,NA,NA,0,NA,NA,NA,"Oviedo Museum",NA,NA,"87_NOCOMPLEXHymenopteros_OVIEDO_202310241557"
"Anthophora",NA,"bimaculata",NA,"España","Lugo","Monforte de Lemos",NA,NA,NA,"1994",4,2,NA,NA,"Maceda Sélymes","Maceda Sélymes",NA,NA,NA,1,NA,NA,NA,"Oviedo Museum",NA,NA,"87_NOCOMPLEXHymenopteros_OVIEDO_202310241558"
"Anthophora",NA,"sp.",NA,"España","Asturias","C. del Narcea",NA,NA,NA,"1987",5,30,NA,NA,"M. V. Álvarez","M. V. Álvarez",NA,NA,NA,1,NA,NA,NA,"Oviedo Museum","Sobre un ?",NA,"87_NOCOMPLEXHymenopteros_OVIEDO_202310241559"
"Anthophora",NA,"sp.",NA,"España","Asturias","Casa del puerto (Tineo)",NA,NA,NA,"1993",5,16,NA,NA,"Mª Elvira García","Elvira García",NA,NA,NA,1,NA,NA,NA,"Oviedo Museum",NA,NA,"87_NOCOMPLEXHymenopteros_OVIEDO_202310241560"
"Anthophora",NA,"plumipes",NA,"España","Asturias","S. Juan de Nieva",NA,NA,NA,"1978",5,12,NA,NA,"Mª José Fdez Martínez","",1,NA,NA,0,NA,NA,NA,"Oviedo Museum",NA,"Comido por insectos plaga","87_NOCOMPLEXHymenopteros_OVIEDO_202310241561"
"Anthophora",NA,"sp.",NA,"España","Asturias","Vegadeo",NA,NA,NA,"1987",5,14,NA,NA,"M. M. G. P.","",NA,NA,NA,1,NA,NA,NA,"Oviedo Museum","Pradería",NA,"87_NOCOMPLEXHymenopteros_OVIEDO_202310241562"
"Anthophora",NA,"sp.",NA,"España","Asturias","Poo",NA,NA,NA,"1988",5,12,NA,NA,"J. R. Fdz López","J. R. Fdz López",NA,NA,NA,1,NA,NA,NA,"Oviedo Museum","Pradera",NA,"87_NOCOMPLEXHymenopteros_OVIEDO_202310241563"
"Anthophora",NA,"sp.",NA,"España","Asturias","Tolivia",NA,NA,NA,"1986",5,24,NA,NA,"M. Mar García","",NA,NA,NA,1,NA,NA,NA,"Oviedo Museum",NA,NA,"87_NOCOMPLEXHymenopteros_OVIEDO_202310241564"
"Anthophora",NA,"sp.",NA,"España","Asturias","Valdepares",NA,NA,NA,"1986",5,2,NA,NA,"E. Fernández Pérez","",NA,NA,NA,1,NA,NA,NA,"Oviedo Museum",NA,NA,"87_NOCOMPLEXHymenopteros_OVIEDO_202310241565"
"Anthophora",NA,"sp.",NA,"España","Asturias","Villa",NA,NA,NA,"1986",5,31,NA,NA,"B. de la Vega","",NA,NA,NA,1,NA,NA,NA,"Oviedo Museum",NA,NA,"87_NOCOMPLEXHymenopteros_OVIEDO_202310241566"
"Anthophora",NA,"acervorum",NA,"España","Asturias","Oviedo",NA,NA,NA,"1989",4,23,NA,NA,"Idoia Villate","Idoia Villate",NA,NA,NA,1,NA,NA,NA,"Oviedo Museum",NA,NA,"87_NOCOMPLEXHymenopteros_OVIEDO_202310241567"
"Anthophora",NA,"plumipes",NA,"España","Asturias","La Collada",NA,NA,NA,"1987",3,7,NA,NA,"J. Muñiz Fdez","A. Núñez",1,NA,NA,0,NA,NA,NA,"Oviedo Museum",NA,NA,"87_NOCOMPLEXHymenopteros_OVIEDO_202310241568"
"Anthophora",NA,"sp.",NA,"España","Asturias","Collanzo",NA,NA,NA,NA,NA,NA,NA,NA,"Rosa Rodríguez A.","",NA,NA,NA,1,NA,NA,NA,"Oviedo Museum","Matorral",NA,"87_NOCOMPLEXHymenopteros_OVIEDO_202310241569"
"Anthophora",NA,"sp.",NA,"España","Asturias","Llorianes (Valdesoto)",NA,NA,NA,"1983",5,1,NA,NA,"L. F. Sierra","Marta Sierra",NA,NA,NA,1,NA,NA,NA,"Oviedo Museum",NA,"Tiene insectos plaga","87_NOCOMPLEXHymenopteros_OVIEDO_202310241570"
"Anthophora",NA,"sp.",NA,"España","Asturias","Ortiguera",NA,NA,NA,"1986",5,24,NA,NA,"Ana Gutiérrez G.","",NA,NA,NA,1,NA,NA,NA,"Oviedo Museum","Campo",NA,"87_NOCOMPLEXHymenopteros_OVIEDO_202310241571"
"Anthophora",NA,"pilipes",NA,"España","Asturias","La Fresneda (Lugones)",NA,NA,NA,"1989",6,18,NA,NA,"José Manuel Fdez Mtnz","José Manuel Fdez Mtnz",NA,NA,NA,1,NA,NA,NA,"Oviedo Museum",NA,NA,"87_NOCOMPLEXHymenopteros_OVIEDO_202310241572"
"Anthophora",NA,"sp.",NA,"España","Lugo","Chantada",NA,NA,NA,NA,NA,NA,NA,NA,"P. García G.","",NA,NA,NA,1,NA,NA,NA,"Oviedo Museum",NA,NA,"87_NOCOMPLEXHymenopteros_OVIEDO_202310241573"
"Anthophora",NA,"plumipes",NA,"España","León","Astorga",NA,NA,NA,"1978",5,25,NA,NA,"P. Domínguez","",1,NA,NA,0,NA,NA,NA,"Oviedo Museum","En un tronco",NA,"87_NOCOMPLEXHymenopteros_OVIEDO_202310241574"
"Anthophora",NA,"sp.",NA,"España","Vizcaya","Laukariz",NA,NA,NA,"1981",6,6,NA,NA,"M. I. Saloña","M. I. Saloña",NA,NA,NA,1,NA,NA,NA,"Oviedo Museum","Prado",NA,"87_NOCOMPLEXHymenopteros_OVIEDO_202310241575"
"Anthophora",NA,"sp.",NA,"España","Asturias","Deva",NA,NA,NA,"1989",5,20,NA,NA,"Fdo Álvarez","Fdo Álvarez",NA,NA,NA,1,NA,NA,NA,"Oviedo Museum",NA,NA,"87_NOCOMPLEXHymenopteros_OVIEDO_202310241576"
"Anthophora",NA,"sp.",NA,"España","Asturias","Molleda",NA,NA,NA,"1982",5,3,NA,NA,"Francisco García","",NA,NA,NA,1,NA,NA,NA,"Oviedo Museum","Pradera","Tiene moho","87_NOCOMPLEXHymenopteros_OVIEDO_202310241577"
"Bombus",NA,"pascuorum",NA,"España","Asturias","Roces",NA,NA,NA,NA,NA,NA,NA,NA,"Marina G. Fuente","",NA,NA,NA,1,NA,NA,NA,"Oviedo Museum",NA,NA,"87_NOCOMPLEXHymenopteros_OVIEDO_202310241578"
"Bombus",NA,"pascuorum",NA,"España","Asturias","Verdicio",NA,NA,NA,"1983",6,4,NA,NA,"M. A. Díaz R.","M. A. Díaz R.",NA,NA,NA,1,NA,NA,NA,"Oviedo Museum",NA,NA,"87_NOCOMPLEXHymenopteros_OVIEDO_202310241579"
"Bombus",NA,"pascuorum",NA,"España","Asturias","Molleda",NA,NA,NA,NA,NA,NA,NA,NA,"R. Iglesias","",NA,NA,NA,1,NA,NA,NA,"Oviedo Museum",NA,"Tiene moho","87_NOCOMPLEXHymenopteros_OVIEDO_202310241580"
"Bombus",NA,"pascuorum",NA,"España","Asturias","Covadonga",NA,NA,NA,"1974",6,23,NA,NA,"Kankel Ortea","",NA,NA,NA,1,NA,NA,NA,"Oviedo Museum",NA,"Tiene moho","87_NOCOMPLEXHymenopteros_OVIEDO_202310241581"
"Bombus",NA,"pascuorum",NA,"España","Asturias","Candás",NA,NA,NA,"1974",7,3,NA,NA,"L. Álvarez","",NA,NA,NA,1,NA,NA,NA,"Oviedo Museum",NA,NA,"87_NOCOMPLEXHymenopteros_OVIEDO_202310241582"
"Bombus",NA,"pascuorum/muscorum",NA,"España","Asturias","Ceares",NA,NA,NA,"1989",4,14,NA,NA,NA,"",NA,NA,NA,1,NA,NA,NA,"Oviedo Museum",NA,NA,"87_NOCOMPLEXHymenopteros_OVIEDO_202310241583"
"Bombus",NA,"muscorum",NA,"España","Asturias","Ceares",NA,NA,NA,"1989",4,15,NA,NA,NA,"",NA,NA,NA,1,NA,NA,NA,"Oviedo Museum",NA,NA,"87_NOCOMPLEXHymenopteros_OVIEDO_202310241584"
"Bombus",NA,"pascuorum",NA,"España","Asturias","Naranco (Oviedo)",NA,NA,NA,"1976",5,4,NA,NA,"Isabel Rguez","",NA,NA,NA,1,NA,NA,NA,"Oviedo Museum",NA,NA,"87_NOCOMPLEXHymenopteros_OVIEDO_202310241585"
"Bombus",NA,"pascuorum/distinguendus",NA,"España","Asturias","Mieres",NA,NA,NA,NA,NA,NA,NA,NA,"J. F. Fontangordo","",NA,NA,NA,1,NA,NA,NA,"Oviedo Museum",NA,NA,"87_NOCOMPLEXHymenopteros_OVIEDO_202310241586"
"Bombus",NA,"pascuorum/distinguendus",NA,"España","Asturias","Naranco (Oviedo)",NA,NA,NA,"1978",5,14,NA,NA,"Cristina Cota","",NA,NA,NA,1,NA,NA,NA,"Oviedo Museum","Campo",NA,"87_NOCOMPLEXHymenopteros_OVIEDO_202310241587"
"Bombus",NA,"muscorum",NA,"España","Asturias","Albandi",NA,NA,NA,NA,NA,NA,NA,NA,NA,"",NA,NA,NA,1,NA,NA,NA,"Oviedo Museum","Sobre flor",NA,"87_NOCOMPLEXHymenopteros_OVIEDO_202310241588"
"Bombus",NA,"pascuorum/distinguendus",NA,"España","Asturias","Naranco (Oviedo)",NA,NA,NA,"1975",4,2,NA,NA,"Gemma Bohigas","",NA,NA,NA,1,NA,NA,NA,"Oviedo Museum",NA,NA,"87_NOCOMPLEXHymenopteros_OVIEDO_202310241589"
"Bombus",NA,"pascuorum",NA,"España","Asturias","Noreña",NA,NA,NA,"1979",4,20,NA,NA,"M. I. Nuño Prado","",NA,NA,NA,1,NA,NA,NA,"Oviedo Museum","Matorral","7","87_NOCOMPLEXHymenopteros_OVIEDO_202310241590"
"Bombus",NA,"pascuorum",NA,"España",NA,"Fuente de la Plata",NA,NA,NA,"1986",6,6,NA,NA,"Margarita Zavala","",NA,NA,NA,1,NA,NA,NA,"Oviedo Museum","Pastizal",NA,"87_NOCOMPLEXHymenopteros_OVIEDO_202310241591"
"Bombus",NA,"pascuorum",NA,"España","Asturias","Candás",NA,NA,NA,"1983",3,13,NA,NA,"M. Rodríguez R.","M. Rodríguez R.",NA,NA,NA,1,NA,NA,NA,"Oviedo Museum",NA,NA,"87_NOCOMPLEXHymenopteros_OVIEDO_202310241592"
"Bombus",NA,"pascuorum",NA,"España","Asturias","Campos próximos al Masaveu",NA,NA,NA,"1983",5,28,NA,NA,"P. Villarroya","P. Villarroya",NA,NA,NA,1,NA,NA,NA,"Oviedo Museum","Prado",NA,"87_NOCOMPLEXHymenopteros_OVIEDO_202310241593"
"Bombus",NA,"pascuorum/muscorum",NA,"España","Asturias","Trubia",NA,NA,NA,"1981",3,12,NA,NA,"M. J. Gañán","M. J. Gañán",NA,NA,NA,1,NA,NA,NA,"Oviedo Museum",NA,NA,"87_NOCOMPLEXHymenopteros_OVIEDO_202310241594"
"Bombus",NA,"distinguendus",NA,"España","Asturias","Roces",NA,NA,NA,NA,NA,NA,NA,NA,"Marina G. Fuente","",NA,NA,NA,1,NA,NA,NA,"Oviedo Museum",NA,NA,"87_NOCOMPLEXHymenopteros_OVIEDO_202310241595"
"Bombus",NA,"pascuorum/muscorum",NA,"España","Asturias","Siones (Las Caldas)",NA,NA,NA,NA,NA,NA,NA,NA,"G. R. González","",NA,NA,NA,1,NA,NA,NA,"Oviedo Museum",NA,NA,"87_NOCOMPLEXHymenopteros_OVIEDO_202310241596"
"Bombus",NA,"pascuorum/muscorum",NA,"España","Asturias","Arriondas",NA,NA,NA,"1983",6,7,NA,NA,"Mª Cristina Fdez López","",NA,NA,NA,1,NA,NA,NA,"Oviedo Museum",NA,NA,"87_NOCOMPLEXHymenopteros_OVIEDO_202310241597"
"Bombus",NA,"muscorum",NA,"España","Asturias","Siones",NA,NA,NA,NA,NA,NA,NA,NA,"J. C. Corpas","",NA,NA,NA,1,NA,NA,NA,"Oviedo Museum",NA,NA,"87_NOCOMPLEXHymenopteros_OVIEDO_202310241598"
"Bombus",NA,"pascuorum/distinguendus",NA,"España","Asturias","Caces",NA,NA,NA,"1983",6,3,NA,NA,"G. Garzón","",NA,NA,NA,1,NA,NA,NA,"Oviedo Museum",NA,NA,"87_NOCOMPLEXHymenopteros_OVIEDO_202310241599"
"Bombus",NA,"pascuorum",NA,"España","Asturias","Las Caldas",NA,NA,NA,"1983",4,28,NA,NA,"M. J. Díaz López","M. J. Díaz López",NA,NA,NA,1,NA,NA,NA,"Oviedo Museum",NA,NA,"87_NOCOMPLEXHymenopteros_OVIEDO_202310241600"
"Bombus",NA,"pascuorum",NA,"España","Asturias","Ribadesella",NA,NA,NA,"1983",6,2,NA,NA,"Emilio Cueto","",NA,NA,NA,1,NA,NA,NA,"Oviedo Museum","En un rosal",NA,"87_NOCOMPLEXHymenopteros_OVIEDO_202310241601"
"Bombus",NA,"pascuorum",NA,"España","Asturias","San Andrés de los Tacones",NA,NA,NA,"1983",6,11,NA,NA,"Chercuchero","Chercuchero",NA,NA,NA,1,NA,NA,NA,"Oviedo Museum",NA,NA,"87_NOCOMPLEXHymenopteros_OVIEDO_202310241602"
"Bombus",NA,"pascuorum",NA,"España","Asturias","Espinedo",NA,NA,NA,"1980",4,13,NA,NA,"Ana Concepción","",NA,NA,NA,1,NA,NA,NA,"Oviedo Museum","Prado","Tiene moho","87_NOCOMPLEXHymenopteros_OVIEDO_202310241603"
"Bombus",NA,"pascuorum",NA,"España","Asturias","El Cristo (Oviedo)",NA,NA,NA,NA,NA,NA,NA,NA,"Elena Álvarez","",NA,NA,NA,1,NA,NA,NA,"Oviedo Museum",NA,NA,"87_NOCOMPLEXHymenopteros_OVIEDO_202310241604"
"Bombus",NA,"pascuorum",NA,"España","Asturias","Cementerio Candas",NA,NA,NA,"1983",3,26,NA,NA,"L. Arbesu","",NA,NA,NA,1,NA,NA,NA,"Oviedo Museum","Sobre Bellis perennis",NA,"87_NOCOMPLEXHymenopteros_OVIEDO_202310241605"
"Bombus",NA,"pascuorum/muscorum",NA,"España","Asturias","Colloto",NA,NA,NA,"1983",4,22,NA,NA,"Javier Roza Manzano","Javier Roza Manzano",NA,NA,NA,1,NA,NA,NA,"Oviedo Museum","Prado",NA,"87_NOCOMPLEXHymenopteros_OVIEDO_202310241606"
"Bombus",NA,"muscorum",NA,"España","Asturias","S. Juan de Nieva",NA,NA,NA,"1983",6,8,NA,NA,"Matilde de Ávila","Matilde de Ávila",NA,NA,NA,1,NA,NA,NA,"Oviedo Museum",NA,NA,"87_NOCOMPLEXHymenopteros_OVIEDO_202310241607"
"Bombus",NA,"pascuorum/distinguendus",NA,"España","Asturias","Meres",NA,NA,NA,NA,NA,NA,NA,NA,"Robert W. Moyer","Robert W. Moyer",NA,NA,NA,1,NA,NA,NA,"Oviedo Museum","Prado",NA,"87_NOCOMPLEXHymenopteros_OVIEDO_202310241608"
"Bombus",NA,"pascuorum",NA,"España","Asturias","Perlora",NA,NA,NA,"1978",5,1,NA,NA,"Consuelo Díaz","",NA,NA,NA,1,NA,NA,NA,"Oviedo Museum","Sobre planta",NA,"87_NOCOMPLEXHymenopteros_OVIEDO_202310241609"
"Bombus",NA,"dintingundus",NA,"España","Asturias","Siones",NA,NA,NA,NA,NA,NA,NA,NA,"César G. Camporro","",NA,NA,NA,1,NA,NA,NA,"Oviedo Museum",NA,"Tiene moho","87_NOCOMPLEXHymenopteros_OVIEDO_202310241610"
"Bombus",NA,"pascuorum",NA,"España","Asturias","Barayo (Luarca)",NA,NA,NA,"1979",4,13,NA,NA,"J. .V. M. S","",NA,NA,NA,1,NA,NA,NA,"Oviedo Museum","Sobre planta",NA,"87_NOCOMPLEXHymenopteros_OVIEDO_202310241611"
"Bombus",NA,"pascuorum/muscorum",NA,"España","Asturias","Moreda",NA,NA,NA,NA,NA,NA,NA,NA,"J. Morán D.","",NA,NA,NA,1,NA,NA,NA,"Oviedo Museum",NA,NA,"87_NOCOMPLEXHymenopteros_OVIEDO_202310241612"
"Bombus",NA,"muscorum",NA,"España","Asturias","La Mata (Oviedo)",NA,NA,NA,"1978",5,28,NA,NA,"Belén M. M.","",NA,NA,NA,1,NA,NA,NA,"Oviedo Museum","Sobre flor",NA,"87_NOCOMPLEXHymenopteros_OVIEDO_202310241613"
"Bombus",NA,"muscorum",NA,"España","Asturias","Oviedo",NA,NA,NA,"1980",5,27,NA,NA,"Rosario Fernández","",NA,NA,NA,1,NA,NA,NA,"Oviedo Museum",NA,"Tiene moho","87_NOCOMPLEXHymenopteros_OVIEDO_202310241614"
"Bombus",NA,"muscorum",NA,"España","Asturias","Somió",NA,NA,NA,NA,NA,NA,NA,NA,"Luis J. Pérez","",NA,NA,NA,1,NA,NA,NA,"Oviedo Museum","Camino",NA,"87_NOCOMPLEXHymenopteros_OVIEDO_202310241615"
"Bombus",NA,"pascuorum",NA,"España","Asturias","Naranco (Oviedo)",NA,NA,NA,"1976",5,5,NA,NA,"I. Casado","",NA,NA,NA,1,NA,NA,NA,"Oviedo Museum",NA,NA,"87_NOCOMPLEXHymenopteros_OVIEDO_202310241616"
"Bombus",NA,"pascuorum/muscorum",NA,"España","Asturias","Luces",NA,NA,NA,"1980",4,27,NA,NA,"José A. Gil","",NA,NA,NA,1,NA,NA,NA,"Oviedo Museum","Sobre flor",NA,"87_NOCOMPLEXHymenopteros_OVIEDO_202310241617"
"Bombus",NA,"pascuorum/muscorum",NA,"España","Cantabria","Ramales",NA,NA,NA,"1978",5,21,NA,NA,"J. González","",NA,NA,NA,1,NA,NA,NA,"Oviedo Museum",NA,NA,"87_NOCOMPLEXHymenopteros_OVIEDO_202310241618"
"Bombus",NA,"pascuorum/muscorum",NA,"España","León","Palanquinos",NA,NA,NA,"1978",3,25,NA,NA,"M. A. Abril Fco","",NA,NA,NA,1,NA,NA,NA,"Oviedo Museum","Pradera",NA,"87_NOCOMPLEXHymenopteros_OVIEDO_202310241619"
"Bombus",NA,"pascuorum/muscorum",NA,"España","Asturias","Avilés",NA,NA,NA,NA,NA,NA,NA,NA,"F. G. Lanza","",NA,NA,NA,1,NA,NA,NA,"Oviedo Museum",NA,NA,"87_NOCOMPLEXHymenopteros_OVIEDO_202310241620"
"Bombus",NA,"pascuorum/muscorum",NA,"España","Asturias","Caces",NA,NA,NA,"1978",5,16,NA,NA,"J. Bermejo Donapetry","",NA,NA,NA,1,NA,NA,NA,"Oviedo Museum",NA,NA,"87_NOCOMPLEXHymenopteros_OVIEDO_202310241621"
"Bombus",NA,"pascuorum/muscorum",NA,"España","Asturias","Naranco (Oviedo)",NA,NA,NA,NA,NA,NA,NA,NA,"Ángeles Álvarez","",NA,NA,NA,1,NA,NA,NA,"Oviedo Museum",NA,NA,"87_NOCOMPLEXHymenopteros_OVIEDO_202310241622"
"Bombus",NA,"pascuorum/muscorum",NA,"España","Asturias","La Caridad",NA,NA,NA,"1978",3,20,NA,NA,"M. Pascual","",NA,NA,NA,1,NA,NA,NA,"Oviedo Museum",NA,NA,"87_NOCOMPLEXHymenopteros_OVIEDO_202310241623"
"Bombus",NA,"pascuorum",NA,"España","Asturias","Naranco (Oviedo)",NA,NA,NA,"1974",4,28,NA,NA,"S. Calvo","",NA,NA,NA,1,NA,NA,NA,"Oviedo Museum",NA,NA,"87_NOCOMPLEXHymenopteros_OVIEDO_202310241624"
"Bombus",NA,"pascuorum/muscorum",NA,"España","León","Sta Mª del Páramo",NA,NA,NA,"1975",8,20,NA,NA,"Avelina Santiago","",NA,NA,NA,1,NA,NA,NA,"Oviedo Museum",NA,NA,"87_NOCOMPLEXHymenopteros_OVIEDO_202310241625"
"Bombus",NA,"pascuorum/muscorum",NA,"España","Asturias","Molleda",NA,NA,NA,NA,NA,NA,NA,NA,"C. Muñiz","",NA,NA,NA,1,NA,NA,NA,"Oviedo Museum",NA,NA,"87_NOCOMPLEXHymenopteros_OVIEDO_202310241626"
"Bombus",NA,"pascuorum",NA,"España","Asturias","El Cristo (Oviedo)",NA,NA,NA,"1978",6,4,NA,NA,"J. L. Muñiz G.","",NA,NA,NA,1,NA,NA,NA,"Oviedo Museum","Prado",NA,"87_NOCOMPLEXHymenopteros_OVIEDO_202310241627"
"Bombus",NA,"pascuorum",NA,"España","Asturias","F. Biológicas (Oviedo)",NA,NA,NA,"1978",5,27,NA,NA,"A. Méndez","",NA,NA,NA,1,NA,NA,NA,"Oviedo Museum",NA,NA,"87_NOCOMPLEXHymenopteros_OVIEDO_202310241628"
"Bombus",NA,"pascuorum/muscorum",NA,"España","Asturias","Naranco (Oviedo)",NA,NA,NA,"1976",5,5,NA,NA,"I. Casado","",NA,NA,NA,1,NA,NA,NA,"Oviedo Museum",NA,NA,"87_NOCOMPLEXHymenopteros_OVIEDO_202310241629"
"Bombus",NA,"pascuorum",NA,"España","Asturias","Naranco (Oviedo)",NA,NA,NA,"1974",4,28,NA,NA,"S. Calvo","",NA,NA,NA,1,NA,NA,NA,"Oviedo Museum",NA,"Tiene moho","87_NOCOMPLEXHymenopteros_OVIEDO_202310241630"
"Bombus",NA,"pascuorum/distinguendus",NA,"España","Asturias","Naranco (Oviedo)",NA,NA,NA,"1976",5,4,NA,NA,"J. Valdés Canga","",NA,NA,NA,1,NA,NA,NA,"Oviedo Museum",NA,NA,"87_NOCOMPLEXHymenopteros_OVIEDO_202310241631"
"Bombus",NA,"pascuorum",NA,"España","Asturias","Fitoria",NA,NA,NA,"1978",5,12,NA,NA,"Sara Pascual","",NA,NA,NA,1,NA,NA,NA,"Oviedo Museum","Camino",NA,"87_NOCOMPLEXHymenopteros_OVIEDO_202310241632"
"Bombus",NA,"pascuorum/muscorum",NA,"España","Asturias","Naranco (Oviedo)",NA,NA,NA,"1975",3,2,NA,NA,"Genma Bohigas","",NA,NA,NA,1,NA,NA,NA,"Oviedo Museum",NA,NA,"87_NOCOMPLEXHymenopteros_OVIEDO_202310241633"
"Bombus",NA,"pascuorum/distinguendus/muscorum",NA,"España","Asturias","Sta Eulalia",NA,NA,NA,NA,NA,NA,NA,NA,"J. P. Alonso","",NA,NA,NA,1,NA,NA,NA,"Oviedo Museum",NA,NA,"87_NOCOMPLEXHymenopteros_OVIEDO_202310241634"
"Bombus",NA,"pascuorum/muscorum",NA,"España","Pontevedra","Panjón",NA,NA,NA,"1972",8,3,NA,NA,"R. Anadón","",NA,NA,NA,1,NA,NA,NA,"Oviedo Museum",NA,NA,"87_NOCOMPLEXHymenopteros_OVIEDO_202310241635"
"Bombus",NA,"pascuorum",NA,"España","Asturias","Tuilla",NA,NA,NA,"1980",5,29,NA,NA,"F. Sierra Glez","",NA,NA,NA,1,NA,NA,NA,"Oviedo Museum",NA,"Tiene moho","87_NOCOMPLEXHymenopteros_OVIEDO_202310241636"
"Bombus",NA,"pascuorum/distinguendus",NA,"España","Asturias","Somió",NA,NA,NA,"1975",4,27,NA,NA,"A. F. Braña","",NA,NA,NA,1,NA,NA,NA,"Oviedo Museum",NA,NA,"87_NOCOMPLEXHymenopteros_OVIEDO_202310241637"
"Bombus",NA,"pascuorum",NA,"España","Asturias","Avilés",NA,NA,NA,"1978",5,1,NA,NA,"C. Suárez","",NA,NA,NA,1,NA,NA,NA,"Oviedo Museum","Camino",NA,"87_NOCOMPLEXHymenopteros_OVIEDO_202310241638"
"Bombus",NA,"pascuorum/muscorum",NA,"España","Asturias","Molleda",NA,NA,NA,NA,NA,NA,NA,NA,"C. Muñiz","",NA,NA,NA,1,NA,NA,NA,"Oviedo Museum",NA,NA,"87_NOCOMPLEXHymenopteros_OVIEDO_202310241639"
"Bombus",NA,"pascuorum",NA,"España","Asturias","Pandenes",NA,NA,NA,"1978",5,5,NA,NA,"José R. Fco Ramos","",NA,NA,NA,1,NA,NA,NA,"Oviedo Museum","Sobre flor",NA,"87_NOCOMPLEXHymenopteros_OVIEDO_202310241640"
"Bombus",NA,"pascuorum/muscorum",NA,"España","Pontevedra","Panjón",NA,NA,NA,"1972",8,1,NA,NA,"R. Anadón","",NA,NA,NA,1,NA,NA,NA,"Oviedo Museum",NA,"Tiene moho","87_NOCOMPLEXHymenopteros_OVIEDO_202310241641"
"Bombus",NA,"pascuorum/distinguendus",NA,"España","Asturias","Cangas de Onís",NA,NA,NA,"1975",3,22,NA,NA,"M. C. Cota","",NA,NA,NA,1,NA,NA,NA,"Oviedo Museum",NA,NA,"87_NOCOMPLEXHymenopteros_OVIEDO_202310241642"
"Bombus",NA,"pascuorum",NA,"España","Asturias","Oviedo",NA,NA,NA,NA,NA,NA,NA,NA,"Isolina Martínez","",NA,NA,NA,1,NA,NA,NA,"Oviedo Museum",NA,"Tiene moho","87_NOCOMPLEXHymenopteros_OVIEDO_202310241643"
"Bombus",NA,"pascuorum",NA,"España","Asturias","Baña Vermiz (Peón)",NA,NA,NA,NA,NA,NA,NA,NA,"N. Truébano","",NA,NA,NA,1,NA,NA,NA,"Oviedo Museum",NA,"Tiene moho","87_NOCOMPLEXHymenopteros_OVIEDO_202310241644"
"Bombus",NA,"pascuorum",NA,"España","Asturias","El Cristo (Oviedo)",NA,NA,NA,"1975",4,24,NA,NA,"A. Fernández","",NA,NA,NA,1,NA,NA,NA,"Oviedo Museum",NA,NA,"87_NOCOMPLEXHymenopteros_OVIEDO_202310241645"
"Bombus",NA,"pascuorum",NA,"España","Asturias","Naranco (Oviedo)",NA,NA,NA,NA,NA,NA,NA,NA,"J. Villadangos","",NA,NA,NA,1,NA,NA,NA,"Oviedo Museum",NA,NA,"87_NOCOMPLEXHymenopteros_OVIEDO_202310241646"
"Bombus",NA,"pascuorum",NA,"España","Asturias","La Isla",NA,NA,NA,"1979",4,30,NA,NA,"C. Fdez Cedrón","",NA,NA,NA,1,NA,NA,NA,"Oviedo Museum","Sobre flor",NA,"87_NOCOMPLEXHymenopteros_OVIEDO_202310241647"
"Bombus",NA,"pascuorum",NA,"España","Asturias","Alcubiella",NA,NA,NA,"1978",4,30,NA,NA,"Elvira Álvarez García","",NA,NA,NA,1,NA,NA,NA,"Oviedo Museum","Planta",NA,"87_NOCOMPLEXHymenopteros_OVIEDO_202310241648"
"Bombus",NA,"pascuorum/muscorum",NA,"España","Asturias","Naranco (Oviedo)",NA,NA,NA,"1974",6,23,NA,NA,NA,"",NA,NA,NA,1,NA,NA,NA,"Oviedo Museum",NA,NA,"87_NOCOMPLEXHymenopteros_OVIEDO_202310241649"
"Bombus",NA,"pascuorum",NA,"España","Asturias","Avilés",NA,NA,NA,"1975",8,5,NA,NA,"C. Nores","",NA,NA,NA,1,NA,NA,NA,"Oviedo Museum",NA,NA,"87_NOCOMPLEXHymenopteros_OVIEDO_202310241650"
"Bombus",NA,"pascuorum",NA,"España","Asturias","Cangas de Onís",NA,NA,NA,"1980",5,28,NA,NA,NA,"",NA,NA,NA,1,NA,NA,NA,"Oviedo Museum",NA,NA,"87_NOCOMPLEXHymenopteros_OVIEDO_202310241651"
"Bombus",NA,"pascuorum",NA,"España","Asturias","Corias",NA,NA,NA,"1974",5,12,NA,NA,"Lupe","",NA,NA,NA,1,NA,NA,NA,"Oviedo Museum",NA,NA,"87_NOCOMPLEXHymenopteros_OVIEDO_202310241652"
"Bombus",NA,"pascuorum",NA,"España","Asturias","Oviedo",NA,NA,NA,"1979",3,3,NA,NA,"Isabel Comas","",NA,NA,NA,1,NA,NA,NA,"Oviedo Museum",NA,"Tiene moho","87_NOCOMPLEXHymenopteros_OVIEDO_202310241653"
"Bombus",NA,"pascuorum",NA,"España","Asturias","Pimiango",NA,NA,NA,NA,NA,NA,NA,NA,"A. Laso","",NA,NA,NA,1,NA,NA,NA,"Oviedo Museum","Sobre flor",NA,"87_NOCOMPLEXHymenopteros_OVIEDO_202310241654"
"Bombus",NA,"pascuorum",NA,"España","Asturias","Olloniego",NA,NA,NA,"1975",4,9,NA,NA,"J. P. Fontangordo","",NA,NA,NA,1,NA,NA,NA,"Oviedo Museum",NA,NA,"87_NOCOMPLEXHymenopteros_OVIEDO_202310241655"
"Bombus",NA,"pascuorum",NA,"España","Asturias","Tuilla",NA,NA,NA,"1978",5,1,NA,NA,"Basilio Otero","",NA,NA,NA,1,NA,NA,NA,"Oviedo Museum","Monte bajo","Tiene moho","87_NOCOMPLEXHymenopteros_OVIEDO_202310241656"
"Bombus",NA,"pascuorum",NA,"España","Asturias","Carbayu",NA,NA,NA,"1984",4,18,NA,NA,"Ladis del Río","",NA,NA,NA,1,NA,NA,NA,"Oviedo Museum","Sobre flor",NA,"87_NOCOMPLEXHymenopteros_OVIEDO_202310241657"
"Bombus",NA,"pascuorum/muscorum/humilis",NA,"España","Asturias","Caces",NA,NA,NA,"1981",6,5,NA,NA,"E. Blazquez","",NA,NA,NA,1,NA,NA,NA,"Oviedo Museum",NA,NA,"87_NOCOMPLEXHymenopteros_OVIEDO_202310241658"
"Bombus",NA,"pascuorum",NA,"España","Asturias","Deva",NA,NA,NA,"1979",8,23,NA,NA,"¿D? J. López","",NA,NA,NA,1,NA,NA,NA,"Oviedo Museum",NA,NA,"87_NOCOMPLEXHymenopteros_OVIEDO_202310241659"
"Bombus",NA,"pascuorum/muscorum/humilis",NA,"España","León","Murias de Paredes",NA,NA,NA,"1979",8,10,NA,NA,"G. S. Jardón","",NA,NA,NA,1,NA,NA,NA,"Oviedo Museum","Sobre matorral (Cytisus)","Tiene moho","87_NOCOMPLEXHymenopteros_OVIEDO_202310241660"
"Bombus",NA,"pascuorum/muscorum/humilis",NA,"España","Asturias","Candanal",NA,NA,NA,NA,NA,NA,NA,NA,"Eladio M. Riera M.","",NA,NA,NA,1,NA,NA,NA,"Oviedo Museum",NA,"Tiene moho","87_NOCOMPLEXHymenopteros_OVIEDO_202310241661"
"Bombus",NA,"pascuorum",NA,"España",NA,"Las Caldas",NA,NA,NA,"1983",5,5,NA,NA,NA,"",NA,NA,NA,1,NA,NA,NA,"Oviedo Museum",NA,NA,"87_NOCOMPLEXHymenopteros_OVIEDO_202310241662"
"Bombus",NA,"pascuorum/muscorum/humilis",NA,"España","Asturias","Campos próximos al Masaveu",NA,NA,NA,"1983",5,29,NA,NA,"E. Villarroya","E. Villarroya",NA,NA,NA,1,NA,NA,NA,"Oviedo Museum","Prado",NA,"87_NOCOMPLEXHymenopteros_OVIEDO_202310241663"
"Bombus",NA,"pascuorum",NA,"España","Ávila","Arenas de S. Pedro",NA,NA,NA,"1981",4,18,NA,NA,"M. J. Arias","M. J. Arias",NA,NA,NA,1,NA,NA,NA,"Oviedo Museum","Cerca de basura",NA,"87_NOCOMPLEXHymenopteros_OVIEDO_202310241664"
"Bombus",NA,"pascuorum",NA,"España","Asturias","Ballota",NA,NA,NA,"1981",6,7,NA,NA,"Antonieta Fleitas","",NA,NA,NA,1,NA,NA,NA,"Oviedo Museum","Matorral",NA,"87_NOCOMPLEXHymenopteros_OVIEDO_202310241665"
"Bombus",NA,"pascuorum",NA,"España","Asturias","Naranco (Oviedo)",NA,NA,NA,"1989",4,18,NA,NA,"Beatriz Marcos","Beatriz Marcos",NA,NA,NA,1,NA,NA,NA,"Oviedo Museum",NA,NA,"87_NOCOMPLEXHymenopteros_OVIEDO_202310241666"
"Bombus",NA,"pascuorum",NA,"España","Asturias","El Cristo (Oviedo)",NA,NA,NA,"1989",4,14,NA,NA,"A. M. Navarro Incio","A. M. Navarro Incio",NA,NA,NA,1,NA,NA,NA,"Oviedo Museum",NA,NA,"87_NOCOMPLEXHymenopteros_OVIEDO_202310241667"
"Bombus",NA,"muscorum",NA,"España","Asturias","Oviedo",NA,NA,NA,"1989",4,8,NA,NA,"Idoia Villate","Idoia Villate",NA,NA,NA,1,NA,NA,NA,"Oviedo Museum",NA,NA,"87_NOCOMPLEXHymenopteros_OVIEDO_202310241668"
"Bombus",NA,"pascuorum",NA,"España","Asturias","Soto de Rey",NA,NA,NA,"1989",5,5,NA,NA,"Clara Marinas","Clara Marinas",NA,NA,NA,1,NA,NA,NA,"Oviedo Museum","Prados",NA,"87_NOCOMPLEXHymenopteros_OVIEDO_202310241669"
"Bombus",NA,"muscorum",NA,"España","Asturias","Oviedo",NA,NA,NA,"1989",5,6,NA,NA,"J. Villasante","J. Villasante",NA,NA,NA,1,NA,NA,NA,"Oviedo Museum",NA,NA,"87_NOCOMPLEXHymenopteros_OVIEDO_202310241670"
"Bombus",NA,"muscorum",NA,"España","Asturias","Oviedo",NA,NA,NA,"1989",4,16,NA,NA,"I. Irizar","I. Irizar",NA,NA,NA,1,NA,NA,NA,"Oviedo Museum",NA,NA,"87_NOCOMPLEXHymenopteros_OVIEDO_202310241671"
"Bombus",NA,"pascuorum",NA,"España","Asturias","Monte Naranco (Oviedo)",NA,NA,NA,"1989",5,6,NA,NA,"Ana J. Silva Glez","Ana J. Silva Glez",NA,NA,NA,1,NA,NA,NA,"Oviedo Museum",NA,NA,"87_NOCOMPLEXHymenopteros_OVIEDO_202310241672"
"Bombus",NA,"muscorum",NA,"España","Cantabria","Renedo de Piélagos",NA,NA,NA,"1988",9,17,NA,NA,"Beatriz Marcos","Beatriz Marcos",NA,NA,NA,1,NA,NA,NA,"Oviedo Museum",NA,"Tiene moho","87_NOCOMPLEXHymenopteros_OVIEDO_202310241673"
"Bombus",NA,"pascuorum/muscorum",NA,"España","Asturias","Cabueñes",NA,NA,NA,"1981",9,7,NA,NA,"Sergio Solano","",NA,NA,NA,1,NA,NA,NA,"Oviedo Museum","Jardín","Tiene moho","87_NOCOMPLEXHymenopteros_OVIEDO_202310241674"
"Bombus",NA,"pascuorum",NA,"España","Vizcaya","Bakio",NA,NA,NA,"1989",4,10,NA,NA,"Ana Abio","Ana Abio",NA,NA,NA,1,NA,NA,NA,"Oviedo Museum",NA,NA,"87_NOCOMPLEXHymenopteros_OVIEDO_202310241675"
"Bombus",NA,"pascuorum/muscorum/humilis",NA,"España","Asturias","Naranco (Oviedo)",NA,NA,NA,"1989",4,25,NA,NA,"Ana Palacios G.","Ana Palacios G.",NA,NA,NA,1,NA,NA,NA,"Oviedo Museum",NA,NA,"87_NOCOMPLEXHymenopteros_OVIEDO_202310241676"
"Bombus",NA,"pascuorum/muscorum",NA,"España","Asturias","Oviedo",NA,NA,NA,"1989",4,12,NA,NA,"Jorge González","Jorge González",NA,NA,NA,1,NA,NA,NA,"Oviedo Museum",NA,NA,"87_NOCOMPLEXHymenopteros_OVIEDO_202310241677"
"Bombus",NA,"pascuorum/muscorum/humilis",NA,"España","Asturias","Salinas",NA,NA,NA,"1982",8,9,NA,NA,"J. R. García","J. R. García",NA,NA,NA,1,NA,NA,NA,"Oviedo Museum",NA,"Tiene moho","87_NOCOMPLEXHymenopteros_OVIEDO_202310241678"
"Bombus",NA,"pascuorum/muscorum/humilis",NA,"España","Asturias","Playa S. Martín (Celorio)",NA,NA,NA,"1981",11,23,NA,NA,"Milagros Garzo","Milagros Garzo",NA,NA,NA,1,NA,NA,NA,"Oviedo Museum","Hierba",NA,"87_NOCOMPLEXHymenopteros_OVIEDO_202310241679"
"Bombus",NA,"pascuorum/muscorum/humilis",NA,"España","Asturias","Restiello",NA,NA,NA,"1981",4,17,NA,NA,"Blanca E. Álvarez","Blanca E. Álvarez",NA,NA,NA,1,NA,NA,NA,"Oviedo Museum","Sobre flores","Tiene moho","87_NOCOMPLEXHymenopteros_OVIEDO_202310241680"
"Bombus",NA,"pascuorum/muscorum/humilis",NA,"España","Asturias","Barcia (Luarca)",NA,NA,NA,"1983",3,30,NA,NA,"Rufino García","Rufino García",NA,NA,NA,1,NA,NA,NA,"Oviedo Museum","Sobre Brassica oleracea","Tiene moho","87_NOCOMPLEXHymenopteros_OVIEDO_202310241681"
"Bombus",NA,"pascuorum",NA,"España","Cantabria",NA,NA,NA,NA,"1988",8,7,NA,NA,"V. L. Doriga","V. L. Doriga",NA,NA,NA,1,NA,NA,NA,"Oviedo Museum","Monte",NA,"87_NOCOMPLEXHymenopteros_OVIEDO_202310241682"
"Bombus",NA,"muscorum/humilis",NA,"España","Asturias","Luanco",NA,NA,NA,"1984",5,7,NA,NA,"J. M. Lasa","J. M. Lasa",NA,NA,NA,1,NA,NA,NA,"Oviedo Museum",NA,NA,"87_NOCOMPLEXHymenopteros_OVIEDO_202310241683"
"Bombus",NA,"muscorum/humilis",NA,"España","Asturias","Nembro",NA,NA,NA,"1998",8,30,NA,NA,"R. Rosa L. Veiga","",NA,NA,NA,1,NA,NA,NA,"Oviedo Museum",NA,NA,"87_NOCOMPLEXHymenopteros_OVIEDO_202310241684"
"Bombus",NA,"muscorum/humilis",NA,"España","Asturias","Nembro",NA,NA,NA,"1998",8,30,NA,NA,"R. Rosa L. Veiga","",NA,NA,NA,1,NA,NA,NA,"Oviedo Museum",NA,NA,"87_NOCOMPLEXHymenopteros_OVIEDO_202310241685"
"Bombus",NA,"muscorum/humilis",NA,"España","Asturias","Nembro",NA,NA,NA,"1998",9,5,NA,NA,"R. Rosa L. Veiga","",NA,NA,NA,1,NA,NA,NA,"Oviedo Museum",NA,NA,"87_NOCOMPLEXHymenopteros_OVIEDO_202310241686"
"Bombus",NA,"muscorum/humilis",NA,"España","Asturias","Nembro",NA,NA,NA,"1998",8,18,NA,NA,"R. Rosa L. Veiga","",NA,NA,NA,1,NA,NA,NA,"Oviedo Museum",NA,NA,"87_NOCOMPLEXHymenopteros_OVIEDO_202310241687"
"Bombus",NA,"muscorum/humilis",NA,"España","Asturias","Nembro",NA,NA,NA,"1998",7,29,NA,NA,"R. Rosa L. Veiga","",NA,NA,NA,1,NA,NA,NA,"Oviedo Museum",NA,"Lua","87_NOCOMPLEXHymenopteros_OVIEDO_202310241688"
"Bombus",NA,"muscorum/humilis",NA,"España","Asturias","Nembro",NA,NA,NA,"1998",7,14,NA,NA,"R. Rosa L. Veiga","",NA,NA,NA,1,NA,NA,NA,"Oviedo Museum",NA,NA,"87_NOCOMPLEXHymenopteros_OVIEDO_202310241689"
"Bombus",NA,"muscorum/humilis",NA,"España","Asturias","Nembro",NA,NA,NA,"1998",7,14,NA,NA,"R. Rosa L. Veiga","",NA,NA,NA,1,NA,NA,NA,"Oviedo Museum",NA,NA,"87_NOCOMPLEXHymenopteros_OVIEDO_202310241690"
"Bombus",NA,"muscorum/humilis",NA,"España","Asturias","Bañugues",NA,NA,NA,"1998",9,3,NA,NA,"R. Rosa L. Veiga","",NA,NA,NA,1,NA,NA,NA,"Oviedo Museum",NA,NA,"87_NOCOMPLEXHymenopteros_OVIEDO_202310241691"
"Bombus",NA,"hortorum",NA,"España","Asturias","Nembro",NA,NA,NA,"1998",8,18,NA,NA,"Rocío Rosa","",NA,NA,NA,1,NA,NA,NA,"Oviedo Museum",NA,NA,"87_NOCOMPLEXHymenopteros_OVIEDO_202310241692"
"Psithyrus",NA,"campestris",NA,"España","Asturias","Nembro",NA,NA,NA,"1998",8,10,NA,NA,"R. Rosa L. Veiga","",NA,NA,NA,1,NA,NA,NA,"Oviedo Museum",NA,NA,"87_NOCOMPLEXHymenopteros_OVIEDO_202310241693"
"Bombus",NA,"sylvarum",NA,"España","Asturias","Nembro",NA,NA,NA,"1998",8,8,NA,NA,"L. Veiga/Rocío Rosa","",NA,NA,NA,1,NA,NA,NA,"Oviedo Museum",NA,NA,"87_NOCOMPLEXHymenopteros_OVIEDO_202310241694"
"Bombus",NA,"sylvarum",NA,"España","Asturias","Nembro",NA,NA,NA,"1998",8,18,NA,NA,"L. Veiga/Rocío Rosa","",NA,NA,NA,1,NA,NA,NA,"Oviedo Museum",NA,NA,"87_NOCOMPLEXHymenopteros_OVIEDO_202310241695"
"Bombus",NA,"sylvarum",NA,"España","Asturias","Nembro",NA,NA,NA,"1998",8,18,NA,NA,"R. Rosa L. Veiga","",NA,NA,NA,1,NA,NA,NA,"Oviedo Museum",NA,NA,"87_NOCOMPLEXHymenopteros_OVIEDO_202310241696"
"Bombus",NA,"sylvarum",NA,"España","Asturias","Nembro",NA,NA,NA,"1998",8,18,NA,NA,"R. Rosa L. Veiga","",NA,NA,NA,1,NA,NA,NA,"Oviedo Museum",NA,NA,"87_NOCOMPLEXHymenopteros_OVIEDO_202310241697"
"Bombus",NA,"sylvarum",NA,"España","Asturias","Nembro",NA,NA,NA,"1998",7,26,NA,NA,"R. Rosa L. Veiga","",NA,NA,NA,1,NA,NA,NA,"Oviedo Museum",NA,NA,"87_NOCOMPLEXHymenopteros_OVIEDO_202310241698"
"Bombus",NA,"sylvarum",NA,"España","Asturias","Nembro",NA,NA,NA,"1998",8,8,NA,NA,"R. Rosa L. Veiga","",NA,NA,NA,1,NA,NA,NA,"Oviedo Museum",NA,NA,"87_NOCOMPLEXHymenopteros_OVIEDO_202310241699"
"Bombus",NA,"sylvarum",NA,"España","Asturias","Nembro",NA,NA,NA,"1998",8,10,NA,NA,"R. Rosa L. Veiga","",NA,NA,NA,1,NA,NA,NA,"Oviedo Museum",NA,NA,"87_NOCOMPLEXHymenopteros_OVIEDO_202310241700"
"Bombus",NA,"terrestris/lucorum",NA,"España","Asturias","Bañugues",NA,NA,NA,"1998",9,3,NA,NA,"R. Rosa L. Veiga","",NA,NA,NA,1,NA,NA,NA,"Oviedo Museum",NA,NA,"87_NOCOMPLEXHymenopteros_OVIEDO_202310241701"
"Bombus",NA,"terrestris",NA,"España","Asturias","Bañugues",NA,NA,NA,"1998",9,3,NA,NA,"R. Rosa L. Veiga","",NA,NA,NA,1,NA,NA,NA,"Oviedo Museum",NA,NA,"87_NOCOMPLEXHymenopteros_OVIEDO_202310241702"
"Bombus",NA,"terrestris/lucorum",NA,"España","Asturias","Bañugues",NA,NA,NA,"1998",9,3,NA,NA,"R. Rosa L. Veiga","",NA,NA,NA,1,NA,NA,NA,"Oviedo Museum",NA,NA,"87_NOCOMPLEXHymenopteros_OVIEDO_202310241703"
"Bombus",NA,"lucorum",NA,"España","Asturias","Nembro",NA,NA,NA,"1998",8,8,NA,NA,"R. Rosa L. Veiga","",NA,NA,NA,1,NA,NA,NA,"Oviedo Museum",NA,NA,"87_NOCOMPLEXHymenopteros_OVIEDO_202310241704"
"Bombus",NA,"lucorum",NA,"España","Asturias","Nembro",NA,NA,NA,"1998",9,5,NA,NA,"R. Rosa L. Veiga","",NA,NA,NA,1,NA,NA,NA,"Oviedo Museum",NA,NA,"87_NOCOMPLEXHymenopteros_OVIEDO_202310241705"
"Bombus",NA,"terrestris",NA,"España","Asturias","Nembro",NA,NA,NA,"1998",9,3,NA,NA,"R. Rosa L. Veiga","",NA,NA,NA,1,NA,NA,NA,"Oviedo Museum",NA,NA,"87_NOCOMPLEXHymenopteros_OVIEDO_202310241706"
"Bombus",NA,"hortorum",NA,"España","Asturias","Nembro",NA,NA,NA,"1998",8,10,NA,NA,"R. Rosa L. Veiga","",NA,NA,NA,1,NA,NA,NA,"Oviedo Museum",NA,NA,"87_NOCOMPLEXHymenopteros_OVIEDO_202310241707"
"Bombus",NA,"hortorum",NA,"España","Asturias","Nembro",NA,NA,NA,"1998",8,10,NA,NA,"R. Rosa L. Veiga","",NA,NA,NA,1,NA,NA,NA,"Oviedo Museum",NA,NA,"87_NOCOMPLEXHymenopteros_OVIEDO_202310241708"
"Bombus",NA,"hortorum",NA,"España","Asturias","Nembro",NA,NA,NA,"1998",8,8,NA,NA,"R. Rosa L. Veiga","",NA,NA,NA,1,NA,NA,NA,"Oviedo Museum",NA,NA,"87_NOCOMPLEXHymenopteros_OVIEDO_202310241709"
"Bombus",NA,"hortorum",NA,"España","Asturias","Nembro",NA,NA,NA,"1998",8,18,NA,NA,"R. Rosa L. Veiga","",NA,NA,NA,1,NA,NA,NA,"Oviedo Museum",NA,NA,"87_NOCOMPLEXHymenopteros_OVIEDO_202310241710"
"Bombus",NA,"hortorum",NA,"España","Asturias","Nembro",NA,NA,NA,"1998",7,31,NA,NA,"Rocío Rosa","",NA,NA,NA,1,NA,NA,NA,"Oviedo Museum",NA,"Lua","87_NOCOMPLEXHymenopteros_OVIEDO_202310241711"
"Bombus",NA,"hortorum",NA,"España","Asturias","Nembro",NA,NA,NA,"1998",9,3,NA,NA,"R. Rosa L. Veiga","",NA,NA,NA,1,NA,NA,NA,"Oviedo Museum",NA,NA,"87_NOCOMPLEXHymenopteros_OVIEDO_202310241712"
"Bombus",NA,"pascuorum/muscorum/humilis",NA,"España","Asturias","Nembro",NA,NA,NA,"1998",8,10,NA,NA,"R. Rosa L. Veiga","",NA,NA,NA,1,NA,NA,NA,"Oviedo Museum",NA,NA,"87_NOCOMPLEXHymenopteros_OVIEDO_202310241713"
"Bombus",NA,"hortorum",NA,"España","Asturias","Nembro",NA,NA,NA,"1998",8,10,NA,NA,"R. Rosa L. Veiga","",NA,NA,NA,1,NA,NA,NA,"Oviedo Museum",NA,NA,"87_NOCOMPLEXHymenopteros_OVIEDO_202310241714"
"Bombus",NA,"hortorum",NA,"España","Asturias","Nembro",NA,NA,NA,"1998",8,10,NA,NA,"R. Rosa L. Veiga","",NA,NA,NA,1,NA,NA,NA,"Oviedo Museum",NA,NA,"87_NOCOMPLEXHymenopteros_OVIEDO_202310241715"
"Bombus",NA,"hortorum",NA,"España","Asturias","Nembro",NA,NA,NA,"1998",8,30,NA,NA,"R. Rosa L. Veiga","",NA,NA,NA,1,NA,NA,NA,"Oviedo Museum",NA,NA,"87_NOCOMPLEXHymenopteros_OVIEDO_202310241716"
"Bombus",NA,"hortorum",NA,"España","Asturias","Nembro",NA,NA,NA,"1998",8,30,NA,NA,"R. Rosa L. Veiga","",NA,NA,NA,1,NA,NA,NA,"Oviedo Museum",NA,NA,"87_NOCOMPLEXHymenopteros_OVIEDO_202310241717"
"Bombus",NA,"sylvarum",NA,"España","Asturias","Nembro",NA,NA,NA,"1998",9,3,NA,NA,"R. Rosa L. Veiga","",NA,NA,NA,1,NA,NA,NA,"Oviedo Museum",NA,NA,"87_NOCOMPLEXHymenopteros_OVIEDO_202310241718"
"Psithyrus",NA,"campestris",NA,"España","Asturias","Nembro",NA,NA,NA,"1998",8,10,NA,NA,"R. Rosa L. Veiga","",NA,NA,NA,1,NA,NA,NA,"Oviedo Museum",NA,NA,"87_NOCOMPLEXHymenopteros_OVIEDO_202310241719"
"Osmia",NA,"bicornis",NA,"España","Asturias","Oviedo",NA,NA,NA,"1986",5,7,NA,NA,"R. Trabazo","A. Núñez",1,NA,NA,0,NA,NA,NA,"Oviedo Museum","Ciudad",NA,"87_NOCOMPLEXHymenopteros_OVIEDO_202310241720"
"Osmia",NA,"bicornis",NA,"España","Asturias","Careses",NA,NA,NA,"1986",5,11,NA,NA,"Alfredo Glez","Alfredo Glez, A. Núñez",1,NA,NA,0,NA,NA,NA,"Oviedo Museum","Flores",NA,"87_NOCOMPLEXHymenopteros_OVIEDO_202310241721"
"Osmia",NA,"bicornis",NA,"España","Asturias","Corias",NA,NA,NA,"1986",5,17,NA,NA,"G. Echezarreta","G. Echezarreta, A. Núñez",1,NA,NA,0,NA,NA,NA,"Oviedo Museum","Pradera",NA,"87_NOCOMPLEXHymenopteros_OVIEDO_202310241722"
"Osmia",NA,"bicornis",NA,"España",NA,"Fuente de la Plata",NA,NA,NA,"1986",6,7,NA,NA,"Margarita Zavala","Margarita Zavala, A. Núñez",1,NA,NA,0,NA,NA,NA,"Oviedo Museum","Pastizal",NA,"87_NOCOMPLEXHymenopteros_OVIEDO_202310241723"
"Osmia",NA,"bicornis",NA,"España","Asturias","Tuilla",NA,NA,NA,"1980",5,10,NA,NA,"E. Sierra Glez","A. Núñez",1,NA,NA,0,NA,NA,NA,"Oviedo Museum",NA,NA,"87_NOCOMPLEXHymenopteros_OVIEDO_202310241724"
"Osmia",NA,"bicornis",NA,"España","Asturias","Somió",NA,NA,NA,"1981",5,28,NA,NA,"Luis Moro","Luis Moro, A. Núñez",1,NA,NA,0,NA,NA,NA,"Oviedo Museum",NA,"Tiene moho","87_NOCOMPLEXHymenopteros_OVIEDO_202310241725"
"Osmia",NA,"bicornis",NA,"España","León","Urdiales del Páramo",NA,NA,NA,"1983",5,26,NA,NA,"Fdo Berton","A. Núñez",1,NA,NA,0,NA,NA,NA,"Oviedo Museum","Flor",NA,"87_NOCOMPLEXHymenopteros_OVIEDO_202310241726"
"Osmia",NA,"bicornis",NA,"España","Pontevedra","Panjón",NA,NA,NA,"1975",5,9,NA,NA,"D. Santamaría","A. Núñez",1,NA,NA,0,NA,NA,NA,"Oviedo Museum",NA,NA,"87_NOCOMPLEXHymenopteros_OVIEDO_202310241727"
"Osmia",NA,"bicornis",NA,"España","Asturias","Somió",NA,NA,NA,"1976",5,22,NA,NA,"G. Dik. Petersem","A. Núñez",1,NA,NA,0,NA,NA,NA,"Oviedo Museum",NA,NA,"87_NOCOMPLEXHymenopteros_OVIEDO_202310241728"
"Osmia",NA,"bicornis",NA,"España","Asturias","Oviedo",NA,NA,NA,"1992",5,7,NA,NA,"Jesús Mª Burgués","Jesús Mª Burgués, Marián Álvarez det. 2021",1,NA,NA,0,NA,NA,NA,"Oviedo Museum",NA,NA,"87_NOCOMPLEXHymenopteros_OVIEDO_202310241729"
"Osmia",NA,"bicornis",NA,"España","Asturias","Poo",NA,NA,NA,"1988",5,13,NA,NA,NA,"R. Trabazo, A. Núñez det 2021",1,NA,NA,0,NA,NA,NA,"Oviedo Museum","Prado",NA,"87_NOCOMPLEXHymenopteros_OVIEDO_202310241730"
"Osmia",NA,"bicornis",NA,"España","Asturias","Pandenes",NA,NA,NA,"1978",5,5,NA,NA,"José R. Fco Ramos","A. Anadón. A. Quero, A. Núñez",NA,1,NA,0,NA,NA,NA,"Oviedo Museum","En casa",NA,"87_NOCOMPLEXHymenopteros_OVIEDO_202310241731"
"Osmia",NA,"bicornis",NA,"España","Lugo","Monforte de Lemos",NA,NA,NA,"1994",4,2,NA,NA,"Reboiro Rodríguez","Maceda Sélymes, A. Núñez",1,NA,NA,0,NA,NA,NA,"Oviedo Museum",NA,NA,"87_NOCOMPLEXHymenopteros_OVIEDO_202310241732"
"Osmia",NA,"bicornis",NA,"España","Asturias","Pruvia de Arriba",NA,NA,NA,"1998",4,18,NA,NA,"Marco L. Varela","Marco L. Varela, A. Núñez",NA,1,NA,0,NA,NA,NA,"Oviedo Museum",NA,NA,"87_NOCOMPLEXHymenopteros_OVIEDO_202310241733"
"Osmia",NA,"bicornis",NA,"España","Asturias","Rengos",NA,NA,NA,"2006",5,21,NA,NA,"Rubén Hidalgo","Rubén Hidalgo",1,NA,NA,0,NA,NA,NA,"Oviedo Museum","Pueblo",NA,"87_NOCOMPLEXHymenopteros_OVIEDO_202310241734"
"Osmia",NA,"bicornis",NA,"España","Valladolid","Villalón de Campos",NA,NA,NA,"1993",5,7,NA,NA,"Santiago Pérez Calvo","Mª Julia Glez",1,NA,NA,0,NA,NA,NA,"Oviedo Museum",NA,NA,"87_NOCOMPLEXHymenopteros_OVIEDO_202310241735"
"Osmia",NA,"bicornis",NA,"España","Asturias","Samalea",NA,NA,NA,"1983",5,7,NA,NA,"M. Álvarez Romo","A. Núñez",1,NA,NA,0,NA,NA,NA,"Oviedo Museum","Próximo a colmena","Tiene moho","87_NOCOMPLEXHymenopteros_OVIEDO_202310241736"
"Osmia",NA,"bicornis",NA,"España","Asturias","Niembro",NA,NA,NA,"2005",4,17,NA,NA,"C. Sancristán","L. Tejedor, Marián Álvarez det. 2021",1,NA,NA,0,NA,NA,NA,"Oviedo Museum",NA,NA,"87_NOCOMPLEXHymenopteros_OVIEDO_202310241737"
"Osmia",NA,"bicornis",NA,"España","León","Palanquinos",NA,NA,NA,"1978",3,25,NA,NA,"M. F. Velasco A.","A. Núñez det. 2021",NA,1,NA,0,NA,NA,NA,"Oviedo Museum","Huerta",NA,"87_NOCOMPLEXHymenopteros_OVIEDO_202310241738"
"Osmia",NA,"bicornis",NA,"España","Asturias","Selorio",NA,NA,NA,"1985",4,20,NA,NA,"José L. F. Suárez V.","Celsa F. S. N., A. Núñez det 2021",NA,1,NA,0,NA,NA,NA,"Oviedo Museum",NA,NA,"87_NOCOMPLEXHymenopteros_OVIEDO_202310241739"
"Osmia",NA,"caerulescens",NA,"España","Asturias","Viavélez",NA,NA,NA,"1987",7,31,NA,NA,"J. R. Fdez López","J. R. Fdez López, A. Núñez",1,NA,NA,0,NA,NA,NA,"Oviedo Museum","Sobre arbustos","Tiene moho","87_NOCOMPLEXHymenopteros_OVIEDO_202310241740"
"Osmia",NA,"niveata",NA,"España","Asturias","Misiego",NA,NA,NA,"1986",5,25,NA,NA,"Pepe Luis Suárez","Esther Orviz, A. Núñez det 2021",1,NA,NA,0,NA,NA,NA,"Oviedo Museum","Prado",NA,"87_NOCOMPLEXHymenopteros_OVIEDO_202310241741"
"Osmia",NA,"niveata",NA,"España","Asturias","Oviedo",NA,NA,NA,"1980",5,29,NA,NA,"Mª Elena Díaz S.","A. Núñez det. 2021",1,NA,NA,0,NA,NA,NA,"Oviedo Museum","En casa",NA,"87_NOCOMPLEXHymenopteros_OVIEDO_202310241742"
"Osmia",NA,"niveata",NA,"España","Asturias","Parque de invierno (Oviedo)",NA,NA,NA,"1990",5,6,NA,NA,"Gemma Llaneza","Gemma Llaneza, A. Núñez det 2021",1,NA,NA,0,NA,NA,NA,"Oviedo Museum",NA,NA,"87_NOCOMPLEXHymenopteros_OVIEDO_202310241743"
"Osmia",NA,"niveata",NA,"España","Asturias","Luanco",NA,NA,NA,"1976",6,27,NA,NA,"Mª José Rimada","A. Núñez det. 2021",1,NA,NA,0,NA,NA,NA,"Oviedo Museum",NA,NA,"87_NOCOMPLEXHymenopteros_OVIEDO_202310241744"
"Osmia",NA,"niveata",NA,"España","Asturias","Oviedo",NA,NA,NA,"1982",6,3,NA,NA,"J. Lobera","A. Núñez det. 2021",1,NA,NA,0,NA,NA,NA,"Oviedo Museum",NA,NA,"87_NOCOMPLEXHymenopteros_OVIEDO_202310241745"
"Osmia",NA,"niveata",NA,"España","Asturias","La Luz (Avilés)",NA,NA,NA,"1986",6,7,NA,NA,"Juana Pérez Muñoz","A. Núñez det. 2021",1,NA,NA,0,NA,NA,NA,"Oviedo Museum",NA,NA,"87_NOCOMPLEXHymenopteros_OVIEDO_202310241746"
"Panurgus",NA,"calcaratus",NA,"España","Asturias","Ules (Naranco)",NA,NA,NA,"1980",6,29,NA,NA,"A. Bode","A. Bode, Marián Álvarez det. 2021",NA,1,NA,0,NA,NA,NA,"Oviedo Museum","Sobre Taraxacum",NA,"87_NOCOMPLEXHymenopteros_OVIEDO_202310241747"
"Osmia",NA,"caerulensis",NA,"España","Asturias","Oviedo",NA,NA,NA,"1987",5,25,NA,NA,"José G. Longedo","A. Núñez",1,NA,NA,0,NA,NA,NA,"Oviedo Museum","Prado",NA,"87_NOCOMPLEXHymenopteros_OVIEDO_202310241748"
"Anthidium",NA,"florentinum",NA,"España","León","Valencia de Don Juan",NA,NA,NA,NA,NA,NA,NA,NA,"Carlos Repiso","Carlos Repiso, L. O. Aguado 2013",NA,1,NA,0,NA,NA,NA,"Oviedo Museum",NA,NA,"87_NOCOMPLEXHymenopteros_OVIEDO_202310241749"
"Anthidium",NA,"florentinum",NA,"España","Salamanca","Zorita",NA,NA,NA,"1980",6,14,NA,NA,"M. J. Gañán","M. J. Gañán, L. O. Aguado 2013",NA,1,NA,0,NA,NA,NA,"Oviedo Museum",NA,NA,"87_NOCOMPLEXHymenopteros_OVIEDO_202310241750"
"Anthidium",NA,"manicatum",NA,"España","Pontevedra","Panjón",NA,NA,NA,"1983",8,4,NA,NA,"A. Anadón","A. Anadón, L. O. Aguado 2013",NA,1,NA,0,NA,NA,NA,"Oviedo Museum","Campo cerca de río",NA,"87_NOCOMPLEXHymenopteros_OVIEDO_202310241751"
"Anthidium",NA,"manicatum",NA,"España","Zamora","Zamora",NA,NA,NA,"1987",8,10,NA,NA,"J. M. Feital","J. M. Feital, L. O. Aguado 2013",NA,1,NA,0,NA,NA,NA,"Oviedo Museum",NA,NA,"87_NOCOMPLEXHymenopteros_OVIEDO_202310241752"
"Anthidium",NA,"manicatum",NA,"España","Zamora","Zamora",NA,NA,NA,"1987",8,11,NA,NA,"J. M. Feital","J. M. Feital, L. O. Aguado 2013",NA,1,NA,0,NA,NA,NA,"Oviedo Museum",NA,NA,"87_NOCOMPLEXHymenopteros_OVIEDO_202310241753"
"Lithurgus",NA,"cornutus",NA,"España","Zamora","Zamora",NA,NA,NA,"1987",7,5,NA,NA,"J. M. Feital","A. Anadón, L. O. Aguado 2013",1,NA,NA,0,NA,NA,NA,"Oviedo Museum",NA,NA,"87_NOCOMPLEXHymenopteros_OVIEDO_202310241754"
"Anthidium",NA,"interruptum",NA,"España","Asturias","Germonde",NA,NA,NA,"1990",8,12,NA,NA,"J. Ramón Glez Glez","J. Ramón Glez Glez, L. O. Aguado 2013",1,NA,NA,0,NA,NA,NA,"Oviedo Museum",NA,NA,"87_NOCOMPLEXHymenopteros_OVIEDO_202310241755"
"Anthidium",NA,"florentinum",NA,"España","León","Veguellina",NA,NA,NA,"1982",7,9,NA,NA,"M. C. Gutiérrez","M. C. Gutiérrez, L. O. Aguado 2013",NA,1,NA,0,NA,NA,NA,"Oviedo Museum",NA,NA,"87_NOCOMPLEXHymenopteros_OVIEDO_202310241756"
"Anthidium",NA,"florentinum",NA,"España","Burgos","Melgar de Fernamental",NA,NA,NA,"1988",8,24,NA,NA,"Jorge González","Jorge González, L. O. Aguado 2013",NA,1,NA,0,NA,NA,NA,"Oviedo Museum",NA,NA,"87_NOCOMPLEXHymenopteros_OVIEDO_202310241757"
"Bombus",NA,"hortorum",NA,"España","Asturias","Oviedo",NA,NA,NA,NA,NA,NA,NA,NA,"Magdalena Sanz","Magdalena Sanz",NA,NA,NA,1,NA,NA,NA,"Oviedo Museum",NA,NA,"87_NOCOMPLEXHymenopteros_OVIEDO_202310241758"
"Bombus",NA,"hortorum",NA,"España","Asturias","Oviedo",NA,NA,NA,"1993",4,19,NA,NA,"M. Antoñanzas","M. Antoñanzas",NA,NA,NA,1,NA,NA,NA,"Oviedo Museum",NA,NA,"87_NOCOMPLEXHymenopteros_OVIEDO_202310241759"
"Bombus",NA,"hortorum",NA,"España","Asturias","La casa del puerto (Tineo)",NA,NA,NA,NA,NA,NA,NA,NA,"Mª Elvira García","Mª Elvira García",NA,NA,NA,1,NA,NA,NA,"Oviedo Museum",NA,NA,"87_NOCOMPLEXHymenopteros_OVIEDO_202310241760"
"Bombus",NA,"hortorum",NA,"España","Asturias","Caldones",NA,NA,NA,"1992",8,6,NA,NA,"Luis M. Torres","Luis M. Torres",NA,NA,NA,1,NA,NA,NA,"Oviedo Museum",NA,NA,"87_NOCOMPLEXHymenopteros_OVIEDO_202310241761"
"Bombus",NA,"hortorum",NA,"España","Asturias","Colloto",NA,NA,NA,NA,NA,NA,NA,NA,"Puerto Mdez","",NA,NA,NA,1,NA,NA,NA,"Oviedo Museum",NA,NA,"87_NOCOMPLEXHymenopteros_OVIEDO_202310241762"
"Bombus",NA,"hortorum",NA,"España","Asturias","Avilés",NA,NA,NA,"1982",4,10,NA,NA,"R.Inclán","",NA,NA,NA,1,NA,NA,NA,"Oviedo Museum","Lamium maculatum",NA,"87_NOCOMPLEXHymenopteros_OVIEDO_202310241763"
"Bombus",NA,"hortorum",NA,"España","Asturias","La Cerezal (Sotrondio)",NA,NA,NA,NA,NA,NA,NA,NA,"Paqui Morán","Paqui Morán",NA,NA,NA,1,NA,NA,NA,"Oviedo Museum",NA,"Tiene moho","87_NOCOMPLEXHymenopteros_OVIEDO_202310241764"
"Bombus",NA,"hortorum",NA,"España","Asturias","Llanes",NA,NA,NA,"1982",5,15,NA,NA,"José Llano","",NA,NA,NA,1,NA,NA,NA,"Oviedo Museum","Zarzal","Tiene moho","87_NOCOMPLEXHymenopteros_OVIEDO_202310241765"
"Bombus",NA,"hortorum",NA,"España","Asturias","Oviedo",NA,NA,NA,"1981",6,10,NA,NA,"Abel J. Martín","Abel J. Martín",NA,NA,NA,1,NA,NA,NA,"Oviedo Museum",NA,NA,"87_NOCOMPLEXHymenopteros_OVIEDO_202310241766"
"Bombus",NA,"hortorum",NA,"España","Asturias","Beleño",NA,NA,NA,"1981",8,20,NA,NA,"Lydia Muñiz","Lydia Muñiz",NA,NA,NA,1,NA,NA,NA,"Oviedo Museum","Jardín",NA,"87_NOCOMPLEXHymenopteros_OVIEDO_202310241767"
"Bombus",NA,"hortorum",NA,"España","Asturias","Pillarno",NA,NA,NA,"1992",2,21,NA,NA,"R. Julia Rguez","R. Julia Rguez",NA,NA,NA,1,NA,NA,NA,"Oviedo Museum",NA,NA,"87_NOCOMPLEXHymenopteros_OVIEDO_202310241768"
"Bombus",NA,"hortorum",NA,"España","Asturias","Villa",NA,NA,NA,"1991",6,7,NA,NA,"Elvira López","Elvira López",NA,NA,NA,1,NA,NA,NA,"Oviedo Museum",NA,NA,"87_NOCOMPLEXHymenopteros_OVIEDO_202310241769"
"Bombus",NA,"hortorum",NA,"España","León","Villaobispo",NA,NA,NA,"1986",5,13,NA,NA,"Quintana","Quintana",NA,NA,NA,1,NA,NA,NA,"Oviedo Museum",NA,NA,"87_NOCOMPLEXHymenopteros_OVIEDO_202310241770"
"Bombus",NA,"hortorum",NA,"España","Asturias","San Antolín de Ibias",NA,NA,NA,"1990",4,12,NA,NA,"Luis Valle","M. J. Rguez Palacio",1,NA,NA,0,NA,NA,NA,"Oviedo Museum",NA,NA,"87_NOCOMPLEXHymenopteros_OVIEDO_202310241771"
"Bombus",NA,"hortorum",NA,"España","Cantabria","Rasines",NA,NA,NA,"1993",4,4,NA,NA,"A. Bonachea","A. Bonachea",NA,NA,NA,1,NA,NA,NA,"Oviedo Museum",NA,"Tiene moho","87_NOCOMPLEXHymenopteros_OVIEDO_202310241772"
"Bombus",NA,"hortorum",NA,"España",NA,"Palomas",NA,NA,NA,"1988",5,31,NA,NA,"Paulino Bárcena","Paulino Bárcena",NA,NA,NA,1,NA,NA,NA,"Oviedo Museum",NA,NA,"87_NOCOMPLEXHymenopteros_OVIEDO_202310241773"
"Bombus",NA,"hortorum",NA,"España","Asturias","El Cristo (Oviedo)",NA,NA,NA,"1990",6,17,NA,NA,"N. A.","N. A.",NA,NA,NA,1,NA,NA,NA,"Oviedo Museum",NA,"Tiene moho","87_NOCOMPLEXHymenopteros_OVIEDO_202310241774"
"Bombus",NA,"hortorum",NA,"España","Asturias","Villar (Luarca)",NA,NA,NA,"1989",10,23,NA,NA,"Diego Alvarado","Diego Alvarado",NA,NA,NA,1,NA,NA,NA,"Oviedo Museum",NA,NA,"87_NOCOMPLEXHymenopteros_OVIEDO_202310241775"
"Bombus",NA,"hortorum",NA,"España","Asturias","Campos del Cristo (Oviedo)",NA,NA,NA,"1992",5,3,NA,NA,"Jesús Mª Burgués","Jesús Mª Burgués",NA,NA,NA,1,NA,NA,NA,"Oviedo Museum",NA,"Tiene moho","87_NOCOMPLEXHymenopteros_OVIEDO_202310241776"
"Bombus",NA,"hortorum",NA,"España","Asturias","S. Pedro (Soto de Luiña)",NA,NA,NA,"1989",7,13,NA,NA,"N. Egocheaga","N. Egocheaga",NA,NA,NA,1,NA,NA,NA,"Oviedo Museum",NA,NA,"87_NOCOMPLEXHymenopteros_OVIEDO_202310241777"
"Bombus",NA,"hortorum",NA,"España","Asturias","Cuideiru",NA,NA,NA,"1991",7,31,NA,NA,"J. A. Gutiérrez Morán","J. A. Gutiérrez Morán",NA,NA,NA,1,NA,NA,NA,"Oviedo Museum",NA,"Tiene moho","87_NOCOMPLEXHymenopteros_OVIEDO_202310241778"
"Bombus",NA,"hortorum",NA,"España","Asturias","Teboyas",NA,NA,NA,"1992",6,14,NA,NA,"Sara R. Fdez Fdez","Sara R. Fdez Fdez",NA,NA,NA,1,NA,NA,NA,"Oviedo Museum",NA,NA,"87_NOCOMPLEXHymenopteros_OVIEDO_202310241779"
"Bombus",NA,"hortorum",NA,"España","Asturias","Naranco (Oviedo)",NA,NA,NA,"1988",2,14,NA,NA,"R. Trabazo","R. Trabazo",NA,NA,NA,1,NA,NA,NA,"Oviedo Museum","En Salvia sp.",NA,"87_NOCOMPLEXHymenopteros_OVIEDO_202310241780"
"Bombus",NA,"hortorum",NA,"España","Navarra","Estella",NA,NA,NA,"1989",1,20,NA,NA,"P. Otegui","A. Otegui",NA,NA,NA,1,NA,NA,NA,"Oviedo Museum",NA,NA,"87_NOCOMPLEXHymenopteros_OVIEDO_202310241781"
"Bombus",NA,"hortorum",NA,"España","Asturias","Avilés",NA,NA,NA,"1992",7,2,NA,NA,"J. Oliveros","J. Oliveros",NA,NA,NA,1,NA,NA,NA,"Oviedo Museum",NA,NA,"87_NOCOMPLEXHymenopteros_OVIEDO_202310241782"
"Bombus",NA,"hortorum",NA,"España","Asturias","Somió",NA,NA,NA,"1982",5,26,NA,NA,"Luis A. Díaz Tejo","Luis A. Díaz Tejo",NA,NA,NA,1,NA,NA,NA,"Oviedo Museum","Borde camino (en seto con flores)",NA,"87_NOCOMPLEXHymenopteros_OVIEDO_202310241783"
"Bombus",NA,"hortorum",NA,"España","Asturias","Oviedo",NA,NA,NA,"1993",3,13,NA,NA,"M. Gatón","M. Gatón",NA,NA,NA,1,NA,NA,NA,"Oviedo Museum",NA,"Tiene moho","87_NOCOMPLEXHymenopteros_OVIEDO_202310241784"
"Bombus",NA,"hortorum",NA,"España","Asturias","Priañes",NA,NA,NA,"1993",4,10,NA,NA,"A. Fdez García","A. Fdez García",NA,NA,NA,1,NA,NA,NA,"Oviedo Museum","Proximidades de una pared",NA,"87_NOCOMPLEXHymenopteros_OVIEDO_202310241785"
"Bombus",NA,"hortorum",NA,"España","Asturias","Santurio",NA,NA,NA,"1988",7,17,NA,NA,"Carmen de Miguel","Carmen de Miguel",NA,NA,NA,1,NA,NA,NA,"Oviedo Museum",NA,NA,"87_NOCOMPLEXHymenopteros_OVIEDO_202310241786"
"Bombus",NA,"hortorum",NA,"España","Asturias","Lamuño",NA,NA,NA,"1982",5,12,NA,NA,"Mª A. de la Vega ?","Mª A. de la Vega ?",NA,NA,NA,1,NA,NA,NA,"Oviedo Museum","Pradera","Tiene moho","87_NOCOMPLEXHymenopteros_OVIEDO_202310241787"
"Bombus",NA,"hortorum",NA,"España","Guipúzcoa","Donostia",NA,NA,NA,"1988",7,12,NA,NA,"Aitor Murgialdai","Aitor Murgialdai",NA,NA,NA,1,NA,NA,NA,"Oviedo Museum","Sobre una flor","Tiene moho","87_NOCOMPLEXHymenopteros_OVIEDO_202310241788"
"Bombus",NA,"hortorum",NA,"España","Asturias","Serín",NA,NA,NA,"1994",4,30,NA,NA,"Maceda Sélymes","Maceda Sélymes",NA,NA,NA,1,NA,NA,NA,"Oviedo Museum",NA,"Tiene moho","87_NOCOMPLEXHymenopteros_OVIEDO_202310241789"
"Bombus",NA,"hortorum",NA,"España","Asturias","Carrio",NA,NA,NA,"1994",7,18,NA,NA,"B. Galán Suárez","Begoña Galán",NA,NA,NA,1,NA,NA,NA,"Oviedo Museum",NA,NA,"87_NOCOMPLEXHymenopteros_OVIEDO_202310241790"
"Bombus",NA,"hortorum",NA,"España","Cantabria","Ontaneda",NA,NA,NA,"1993",9,2,NA,NA,"Fernando Martín","Blanca Glez",NA,NA,NA,1,NA,NA,NA,"Oviedo Museum",NA,NA,"87_NOCOMPLEXHymenopteros_OVIEDO_202310241791"
"Bombus",NA,"hortorum/ruderatus",NA,"España","Asturias","Valdecuna",NA,NA,NA,"1991",4,21,NA,NA,"M. Pelaez Cruz","M. Pelaez Cruz",NA,NA,NA,1,NA,NA,NA,"Oviedo Museum",NA,NA,"87_NOCOMPLEXHymenopteros_OVIEDO_202310241792"
"Bombus",NA,"hortorum/ruderatus",NA,"España","Asturias","S. Antolín de Ibias",NA,NA,NA,"1990",4,12,NA,NA,"Luis Valle","Luis Valle",NA,NA,NA,1,NA,NA,NA,"Oviedo Museum",NA,NA,"87_NOCOMPLEXHymenopteros_OVIEDO_202310241793"
"Bombus",NA,"hortorum",NA,"España","Asturias","Oviedo",NA,NA,NA,"1983",6,11,NA,NA,"Mariano Lastra","",NA,NA,NA,1,NA,NA,NA,"Oviedo Museum",NA,NA,"87_NOCOMPLEXHymenopteros_OVIEDO_202310241794"
"Bombus",NA,"hortorum/ruderatus",NA,"España","Asturias","Tellego",NA,NA,NA,"1978",4,27,NA,NA,"V. Herrero","Anadón-Quero",NA,NA,NA,1,NA,NA,NA,"Oviedo Museum","Mata de flores",NA,"87_NOCOMPLEXHymenopteros_OVIEDO_202310241795"
NA,NA,NA,NA,"España","Asturias","Mieres",NA,NA,NA,"1986",11,15,NA,NA,"Isabel Pardo","Isabel Pardo",NA,NA,NA,1,NA,NA,NA,"Oviedo Museum",NA,NA,"87_NOCOMPLEXHymenopteros_OVIEDO_202310241796"
"Bombus",NA,"hortorum/ruderatus",NA,"España","Asturias","Sotrondio",NA,NA,NA,"1986",5,16,NA,NA,"Severino González Rocas","",NA,NA,NA,1,NA,NA,NA,"Oviedo Museum",NA,NA,"87_NOCOMPLEXHymenopteros_OVIEDO_202310241797"
"Bombus",NA,"hortorum/ruderatus",NA,"España",NA,"San Timoteo",NA,NA,NA,"1988",10,24,NA,NA,"E. Eguilegor","E. Eguilegor",NA,NA,NA,1,NA,NA,NA,"Oviedo Museum",NA,"Tiene moho","87_NOCOMPLEXHymenopteros_OVIEDO_202310241798"
"Bombus",NA,"hortorum",NA,"España","Asturias","Salas",NA,NA,NA,"1983",6,10,NA,NA,"P. Tielve","",NA,NA,NA,1,NA,NA,NA,"Oviedo Museum",NA,NA,"87_NOCOMPLEXHymenopteros_OVIEDO_202310241799"
"Bombus",NA,"hortorum",NA,"España","Asturias","Loro",NA,NA,NA,"1986",5,4,NA,NA,"Alex Merino","Alex Merino",NA,NA,NA,1,NA,NA,NA,"Oviedo Museum","Bosque",NA,"87_NOCOMPLEXHymenopteros_OVIEDO_202310241800"
"Bombus",NA,"ruderatus",NA,"España","Asturias","Valseis",NA,NA,NA,"1988",5,30,NA,NA,"F. Ballesteros","F. Ballesteros",NA,NA,NA,1,NA,NA,NA,"Oviedo Museum",NA,NA,"87_NOCOMPLEXHymenopteros_OVIEDO_202310241801"
"Bombus",NA,"ruderatus",NA,"España","Asturias","Poo de Llanes",NA,NA,NA,"1988",5,10,NA,NA,"R. M. García","R. M. García",NA,NA,NA,1,NA,NA,NA,"Oviedo Museum",NA,NA,"87_NOCOMPLEXHymenopteros_OVIEDO_202310241802"
"Bombus",NA,"hortorum/ruderatus",NA,"España","Asturias","La Pomarada",NA,NA,NA,"1988",5,2,NA,NA,"R. Suárez Vega","",NA,NA,NA,1,NA,NA,NA,"Oviedo Museum",NA,NA,"87_NOCOMPLEXHymenopteros_OVIEDO_202310241803"
"Bombus",NA,"hortorum/ruderatus",NA,"España","Asturias","Naranco (Oviedo)",NA,NA,NA,"1987",6,4,NA,NA,"Teresa González Sanz","Teresa González Sanz",NA,NA,NA,1,NA,NA,NA,"Oviedo Museum",NA,NA,"87_NOCOMPLEXHymenopteros_OVIEDO_202310241804"
"Bombus",NA,"hortorum/ruderatus",NA,"España","Asturias","Villar (Luarca)",NA,NA,NA,"1986",5,10,NA,NA,"Luis Fdo P. S.","",NA,NA,NA,1,NA,NA,NA,"Oviedo Museum",NA,NA,"87_NOCOMPLEXHymenopteros_OVIEDO_202310241805"
"Bombus",NA,"hortorum/ruderatus",NA,"España","Asturias","Mte. Naranco",NA,NA,NA,"1986",5,19,NA,NA,"F. Ballesteros","F. Ballesteros",1,NA,NA,0,NA,NA,NA,"Oviedo Museum","Prados. Sobre Lamium",NA,"87_NOCOMPLEXHymenopteros_OVIEDO_202310241806"
"Bombus",NA,"hortorum/ruderatus",NA,"España","Asturias","Fresnedo del Coto",NA,NA,NA,"1986",4,7,NA,NA,"Mª Eugenia Tornad.","Mª Eugenia Tornad.",NA,NA,NA,1,NA,NA,NA,"Oviedo Museum",NA,NA,"87_NOCOMPLEXHymenopteros_OVIEDO_202310241807"
"Bombus",NA,"hortorum/ruderatus",NA,"España","Asturias","Embalse de S. Andrés",NA,NA,NA,NA,NA,NA,NA,NA,"R. Blanco","R. Blanco",NA,NA,NA,1,NA,NA,NA,"Oviedo Museum",NA,NA,"87_NOCOMPLEXHymenopteros_OVIEDO_202310241808"
"Bombus",NA,"ruderatus",NA,"España","León","Camposagrado",NA,NA,NA,"1985",7,20,NA,NA,"Isabel Soret Matamoros","Isabel Soret Matamoros",NA,NA,NA,1,NA,NA,NA,"Oviedo Museum",NA,NA,"87_NOCOMPLEXHymenopteros_OVIEDO_202310241809"
"Bombus",NA,"hortorum/ruderatus",NA,"España","Asturias","Pando",NA,NA,NA,"1986",5,1,NA,NA,"Ana Fonseca","",NA,NA,NA,1,NA,NA,NA,"Oviedo Museum",NA,NA,"87_NOCOMPLEXHymenopteros_OVIEDO_202310241810"
"Bombus",NA,"hortorum/ruderatus",NA,"España","Asturias","Grado",NA,NA,NA,"1980",5,31,NA,NA,"Belén M. Miranda","A. Quero",NA,NA,NA,1,NA,NA,NA,"Oviedo Museum","Prado",NA,"87_NOCOMPLEXHymenopteros_OVIEDO_202310241811"
"Bombus",NA,"hortorum/ruderatus",NA,"España","Asturias","San Antolín de Ibias",NA,NA,NA,"1986",5,2,NA,NA,"Yolanda Colubi","Yolanda Colubi",NA,NA,NA,1,NA,NA,NA,"Oviedo Museum",NA,NA,"87_NOCOMPLEXHymenopteros_OVIEDO_202310241812"
"Bombus",NA,"hortorum/ruderatus",NA,"España","Asturias","Tolivia",NA,NA,NA,"1986",3,26,NA,NA,"M. Pilar García","",NA,NA,NA,1,NA,NA,NA,"Oviedo Museum",NA,NA,"87_NOCOMPLEXHymenopteros_OVIEDO_202310241813"
"Bombus",NA,"hortorum/ruderatus",NA,"España","Asturias","Lloranes",NA,NA,NA,"1987",6,8,NA,NA,"G.-C. Barril Granda","G.-C. Barril Granda",NA,NA,NA,1,NA,NA,NA,"Oviedo Museum","Hierba alta",NA,"87_NOCOMPLEXHymenopteros_OVIEDO_202310241814"
"Bombus",NA,"hortorum/ruderatus",NA,"España","Asturias","Ceares",NA,NA,NA,"1989",4,14,NA,NA,NA,"",NA,NA,NA,1,NA,NA,NA,"Oviedo Museum",NA,NA,"87_NOCOMPLEXHymenopteros_OVIEDO_202310241815"
"Bombus",NA,"hortorum",NA,"España","Asturias","Noreña",NA,NA,NA,"1979",4,10,NA,NA,"M. I. Nuño Prado","",NA,NA,NA,1,NA,NA,NA,"Oviedo Museum","Sobre flores",NA,"87_NOCOMPLEXHymenopteros_OVIEDO_202310241816"
"Bombus",NA,"hortorum/ruderatus",NA,"España","Asturias","Molleda",NA,NA,NA,"1975",4,1,NA,NA,"R. Iglesias","",NA,NA,NA,1,NA,NA,NA,"Oviedo Museum",NA,NA,"87_NOCOMPLEXHymenopteros_OVIEDO_202310241817"
"Bombus",NA,"hortorum/ruderatus",NA,"España","Cantabria","La Serna",NA,NA,NA,"1976",4,18,NA,NA,NA,"",NA,NA,NA,1,NA,NA,NA,"Oviedo Museum",NA,NA,"87_NOCOMPLEXHymenopteros_OVIEDO_202310241818"
"Bombus",NA,"hortorum/ruderatus",NA,"España","Asturias","Ceares",NA,NA,NA,"1984",4,14,NA,NA,NA,"",NA,NA,NA,1,NA,NA,NA,"Oviedo Museum",NA,NA,"87_NOCOMPLEXHymenopteros_OVIEDO_202310241819"
"Bombus",NA,"hortorum/ruderatus",NA,"España","Asturias","Las Caldas",NA,NA,NA,"1978",5,2,NA,NA,"Héctor Centeno","Héctor Centeno",NA,NA,NA,1,NA,NA,NA,"Oviedo Museum","Sobre flor",NA,"87_NOCOMPLEXHymenopteros_OVIEDO_202310241820"
"Bombus",NA,"hortorum/ruderatus",NA,"España","Asturias","Riosa",NA,NA,NA,"1978",5,14,NA,NA,"M. Trigo","",NA,NA,NA,1,NA,NA,NA,"Oviedo Museum",NA,NA,"87_NOCOMPLEXHymenopteros_OVIEDO_202310241821"
"Bombus",NA,"hortorum/ruderatus",NA,"España","Segovia","Segovia",NA,NA,NA,"1982",7,25,NA,NA,"Begoña Díaz","",NA,NA,NA,1,NA,NA,NA,"Oviedo Museum",NA,NA,"87_NOCOMPLEXHymenopteros_OVIEDO_202310241822"
"Bombus",NA,"hortorum",NA,"España","Asturias","Otero",NA,NA,NA,"1991",5,5,NA,NA,"Sandra Ortiz","Sandra Ortiz",NA,NA,NA,1,NA,NA,NA,"Oviedo Museum",NA,NA,"87_NOCOMPLEXHymenopteros_OVIEDO_202310241823"
"Bombus",NA,"hortorum/ruderatus",NA,"España","Asturias","San Antolín de Ibias",NA,NA,NA,"1991",3,30,NA,NA,"Luis Valle","T. Urbaneta Blanco",NA,NA,NA,1,NA,NA,NA,"Oviedo Museum",NA,NA,"87_NOCOMPLEXHymenopteros_OVIEDO_202310241824"
"Bombus",NA,"hortorum",NA,"España","Burgos","Edesa de Montija",NA,NA,NA,"1991",3,28,NA,NA,"B. Baranda","B. Baranda",NA,NA,NA,1,NA,NA,NA,"Oviedo Museum",NA,NA,"87_NOCOMPLEXHymenopteros_OVIEDO_202310241825"
"Bombus",NA,"ruderatus",NA,"España","Asturias","Llavones",NA,NA,NA,"1991",2,23,NA,NA,"Gonzalo Gil","Gonzalo Gil",NA,NA,NA,1,NA,NA,NA,"Oviedo Museum",NA,NA,"87_NOCOMPLEXHymenopteros_OVIEDO_202310241826"
"Bombus",NA,"hortorum",NA,"España","Asturias","Rañeces",NA,NA,NA,"1990",10,14,NA,NA,"E. Celada Castañón","E. Celada Castañón",NA,NA,NA,1,NA,NA,NA,"Oviedo Museum",NA,NA,"87_NOCOMPLEXHymenopteros_OVIEDO_202310241827"
"Bombus",NA,"hortorum/ruderatus",NA,"España","Asturias","Argüero",NA,NA,NA,"1983",4,23,NA,NA,"Luis Enrique Herrero Santos","",NA,NA,NA,1,NA,NA,NA,"Oviedo Museum",NA,NA,"87_NOCOMPLEXHymenopteros_OVIEDO_202310241828"
"Bombus",NA,"hortorum/ruderatus",NA,"España","Asturias","San Román",NA,NA,NA,"1982",5,1,NA,NA,"C. Suárez","C. Suárez",NA,NA,NA,1,NA,NA,NA,"Oviedo Museum","Prado",NA,"87_NOCOMPLEXHymenopteros_OVIEDO_202310241829"
"Bombus",NA,"hortorum/ruderatus",NA,"España","Asturias","Colloto",NA,NA,NA,"1983",4,22,NA,NA,"Javier Roza Manzano","Javier Roza Manzano",NA,NA,NA,1,NA,NA,NA,"Oviedo Museum","Sobre Lamium maculatum",NA,"87_NOCOMPLEXHymenopteros_OVIEDO_202310241830"
"Bombus",NA,"hortorum",NA,"España","Asturias","Quirós",NA,NA,NA,"1989",5,12,NA,NA,"Clara Álvarez","Clara Marinas",NA,NA,NA,1,NA,NA,NA,"Oviedo Museum",NA,NA,"87_NOCOMPLEXHymenopteros_OVIEDO_202310241831"
"Bombus",NA,"hortorum",NA,"España","Asturias","Oviedo",NA,NA,NA,"1989",4,26,NA,NA,"Jorge González","Jorge González",NA,NA,NA,1,NA,NA,NA,"Oviedo Museum",NA,NA,"87_NOCOMPLEXHymenopteros_OVIEDO_202310241832"
"Bombus",NA,"hortorum",NA,"España","Asturias","Oviedo",NA,NA,NA,"1989",4,14,NA,NA,"Idoia Villate","Idoia Villate",NA,NA,NA,1,NA,NA,NA,"Oviedo Museum",NA,NA,"87_NOCOMPLEXHymenopteros_OVIEDO_202310241833"
"Bombus",NA,"hortorum/ruderatus",NA,"España","Asturias","Restiello",NA,NA,NA,"1981",4,17,NA,NA,"Blanca E. Álvarez","Blanca E. Álvarez",NA,NA,NA,1,NA,NA,NA,"Oviedo Museum","Sobre flores",NA,"87_NOCOMPLEXHymenopteros_OVIEDO_202310241834"
"Bombus",NA,"hortorum",NA,"España","Asturias","Carbayín",NA,NA,NA,"1983",6,9,NA,NA,"T. Eyaralar Riera","A. Eyaralar Riera",NA,NA,NA,1,NA,NA,NA,"Oviedo Museum","Montaña",NA,"87_NOCOMPLEXHymenopteros_OVIEDO_202310241835"
"Bombus",NA,"hortorum/ruderatus",NA,"España","Asturias","Cabañaquinta",NA,NA,NA,"1983",5,2,NA,NA,NA,"",NA,NA,NA,1,NA,NA,NA,"Oviedo Museum",NA,NA,"87_NOCOMPLEXHymenopteros_OVIEDO_202310241836"
"Bombus",NA,"hortorum",NA,"España","Asturias","Monte Naranco (Oviedo)",NA,NA,NA,"1989",3,9,NA,NA,"I. Irizar","I. Irizar",NA,NA,NA,1,NA,NA,NA,"Oviedo Museum",NA,NA,"87_NOCOMPLEXHymenopteros_OVIEDO_202310241837"
"Bombus",NA,"hiperboreus",NA,"España","Asturias","Avilés",NA,NA,NA,"1983",5,17,NA,NA,"A. G. Valiente","A. G. Valiente",NA,NA,NA,1,NA,NA,NA,"Oviedo Museum",NA,NA,"87_NOCOMPLEXHymenopteros_OVIEDO_202310241838"
"Bombus",NA,"hortorum",NA,"España","Asturias","Ponga",NA,NA,NA,"1983",5,7,NA,NA,"J. Villa Cienfuegos","J. Villa Cienfuegos",NA,NA,NA,1,NA,NA,NA,"Oviedo Museum",NA,NA,"87_NOCOMPLEXHymenopteros_OVIEDO_202310241839"
"Bombus",NA,"hortorum",NA,"España","Asturias","La Caridad",NA,NA,NA,"1980",5,4,NA,NA,"Eva Mª Gayol","",NA,NA,NA,1,NA,NA,NA,"Oviedo Museum",NA,NA,"87_NOCOMPLEXHymenopteros_OVIEDO_202310241840"
"Bombus",NA,"hortorum",NA,"España","Asturias","Las Caldas",NA,NA,NA,"1978",4,25,NA,NA,"J. Manuel Eiro","",NA,NA,NA,1,NA,NA,NA,"Oviedo Museum","Sobre zarzas",NA,"87_NOCOMPLEXHymenopteros_OVIEDO_202310241841"
"Bombus",NA,"hortorum",NA,"España","Asturias","Oviedo",NA,NA,NA,NA,NA,NA,NA,NA,"Mª Rosario Blanco","Mª Rosario Blanco",NA,NA,NA,1,NA,NA,NA,"Oviedo Museum",NA,NA,"87_NOCOMPLEXHymenopteros_OVIEDO_202310241842"
"Bombus",NA,"hortorum",NA,"España","Asturias","Los Llanos",NA,NA,NA,"1978",5,10,NA,NA,"C. Sánchez López","",NA,NA,NA,1,NA,NA,NA,"Oviedo Museum","Prado",NA,"87_NOCOMPLEXHymenopteros_OVIEDO_202310241843"
"Bombus",NA,"hortorum",NA,"España","Asturias","Monte Naranco (Oviedo)",NA,NA,NA,"1989",5,6,NA,NA,"Ana J. Silva Glez","Ana J. Silva Glez",NA,NA,NA,1,NA,NA,NA,"Oviedo Museum",NA,NA,"87_NOCOMPLEXHymenopteros_OVIEDO_202310241844"
"Bombus",NA,"hortorum",NA,"España","Asturias","Trubia",NA,NA,NA,"1978",10,27,NA,NA,"Fco Martínez","",NA,NA,NA,1,NA,NA,NA,"Oviedo Museum","Prado",NA,"87_NOCOMPLEXHymenopteros_OVIEDO_202310241845"
"Bombus",NA,"hortorum",NA,"España","Asturias","La Manjoya",NA,NA,NA,"1983",5,12,NA,NA,"Alfonso Botas","",NA,NA,NA,1,NA,NA,NA,"Oviedo Museum",NA,NA,"87_NOCOMPLEXHymenopteros_OVIEDO_202310241846"
"Bombus",NA,"hortorum",NA,"España","Asturias","Oviedo",NA,NA,NA,"1983",5,24,NA,NA,"Ángel Arriaga","",NA,NA,NA,1,NA,NA,NA,"Oviedo Museum",NA,"Abejorro","87_NOCOMPLEXHymenopteros_OVIEDO_202310241847"
"Bombus",NA,"ruderatus",NA,"España","Asturias","Fitoria",NA,NA,NA,"1978",5,19,NA,NA,"Brumo Sánchez","",NA,NA,NA,1,NA,NA,NA,"Oviedo Museum","Borde de camino",NA,"87_NOCOMPLEXHymenopteros_OVIEDO_202310241848"
"Bombus",NA,"hortorum/ruderatus",NA,"España","Asturias","Xivares (Candás)",NA,NA,NA,NA,NA,NA,NA,NA,"N. Truébano","",NA,NA,NA,1,NA,NA,NA,"Oviedo Museum",NA,NA,"87_NOCOMPLEXHymenopteros_OVIEDO_202310241849"
"Bombus",NA,"hortorum/ruderatus",NA,"España","Asturias","Pola de Lena",NA,NA,NA,"1980",5,23,NA,NA,"Iluminada","",NA,NA,NA,1,NA,NA,NA,"Oviedo Museum",NA,NA,"87_NOCOMPLEXHymenopteros_OVIEDO_202310241850"
"Bombus",NA,"hortorum/ruderatus",NA,"España","Asturias","Lieres",NA,NA,NA,NA,NA,NA,NA,NA,"José Sors Fdez","",NA,NA,NA,1,NA,NA,NA,"Oviedo Museum",NA,NA,"87_NOCOMPLEXHymenopteros_OVIEDO_202310241851"
"Bombus",NA,"hortorum",NA,"España","Asturias","Celles",NA,NA,NA,"1990",7,18,NA,NA,"Susana F. San Narciso","Susana F. San Narciso",NA,NA,NA,1,NA,NA,NA,"Oviedo Museum",NA,NA,"87_NOCOMPLEXHymenopteros_OVIEDO_202310241852"
"Bombus",NA,"hortorum",NA,"España","Asturias","Robledal de Tragamon",NA,NA,NA,"1991",5,21,NA,NA,"Román Martínez Rey","Román Martínez Rey",NA,NA,NA,1,NA,NA,NA,"Oviedo Museum",NA,NA,"87_NOCOMPLEXHymenopteros_OVIEDO_202310241853"
"Bombus",NA,"hortorum",NA,"España","Asturias","La Isla",NA,NA,NA,"1991",6,1,NA,NA,"Rafael G-Quirós Fdez","Rafael Glez-Quirós F.",NA,NA,NA,1,NA,NA,NA,"Oviedo Museum",NA,NA,"87_NOCOMPLEXHymenopteros_OVIEDO_202310241854"
"Bombus",NA,"hortorum",NA,"España",NA,"La Providencia",NA,NA,NA,"1990",8,5,NA,NA,"Celestino Glez","Celestino Glez",NA,NA,NA,1,NA,NA,NA,"Oviedo Museum",NA,NA,"87_NOCOMPLEXHymenopteros_OVIEDO_202310241855"
"Bombus",NA,"hortorum",NA,"España","Asturias","Las Nieves (Pajares)",NA,NA,NA,"1983",5,24,NA,NA,"José Manuel Barros","Ana R. Barros Alonso",NA,NA,NA,1,NA,NA,NA,"Oviedo Museum",NA,"Volando","87_NOCOMPLEXHymenopteros_OVIEDO_202310241856"
"Bombus",NA,"hortorum",NA,"España","Asturias","Oviedo",NA,NA,NA,NA,NA,NA,NA,NA,"Felipe Garrido","Felipe Garrido",NA,1,NA,0,NA,NA,NA,"Oviedo Museum","Ciudad",NA,"87_NOCOMPLEXHymenopteros_OVIEDO_202310241857"
"Bombus",NA,"hortorum",NA,"España","Asturias","El Estando, Deva",NA,NA,NA,"1988",6,12,NA,NA,"R. García Piquero","M. J. Lara",NA,NA,NA,1,NA,NA,NA,"Oviedo Museum",NA,NA,"87_NOCOMPLEXHymenopteros_OVIEDO_202310241858"
"Bombus",NA,"hortorum",NA,"España","Cantabria","Astillero",NA,NA,NA,"1984",7,10,NA,NA,"Blanca R. Laza","",NA,NA,NA,1,NA,NA,NA,"Oviedo Museum",NA,NA,"87_NOCOMPLEXHymenopteros_OVIEDO_202310241859"
"Bombus",NA,"hortorum/ruderatus",NA,"España","Cantabria","Sta. Cruz de Iguña",NA,NA,NA,"1986",4,20,NA,NA,"Carmen Gutiérrez","",1,NA,NA,0,NA,NA,NA,"Oviedo Museum",NA,NA,"87_NOCOMPLEXHymenopteros_OVIEDO_202310241860"
"Bombus",NA,"hortorum/ruderatus",NA,"España","Asturias","Candás",NA,NA,NA,"1974",7,9,NA,NA,"M. A. Álvarez","",NA,NA,NA,1,NA,NA,NA,"Oviedo Museum",NA,NA,"87_NOCOMPLEXHymenopteros_OVIEDO_202310241861"
"Bombus",NA,"hortorum/ruderatus",NA,"España","Asturias","Naranco (Oviedo)",NA,NA,NA,"1983",6,4,NA,NA,"Ángel L. Pérez Ares","Ángel L. Pérez Ares",NA,NA,NA,1,NA,NA,NA,"Oviedo Museum",NA,NA,"87_NOCOMPLEXHymenopteros_OVIEDO_202310241862"
"Bombus",NA,"hortorum/ruderatus",NA,"España","Asturias","Oviedo",NA,NA,NA,NA,NA,NA,NA,NA,"Esther Lonas","",NA,NA,NA,1,NA,NA,NA,"Oviedo Museum","Jardín",NA,"87_NOCOMPLEXHymenopteros_OVIEDO_202310241863"
"Bombus",NA,"hortorum/ruderatus",NA,"España","Asturias","San Claudio",NA,NA,NA,NA,NA,NA,NA,NA,"M. Rita Álvarez","",NA,NA,NA,1,NA,NA,NA,"Oviedo Museum",NA,NA,"87_NOCOMPLEXHymenopteros_OVIEDO_202310241864"
"Bombus",NA,"hortorum",NA,"España","Asturias","Oviedo",NA,NA,NA,"1983",6,10,NA,NA,"Mª Felisa Sainz","",NA,NA,NA,1,NA,NA,NA,"Oviedo Museum",NA,NA,"87_NOCOMPLEXHymenopteros_OVIEDO_202310241865"
"Bombus",NA,"hortorum",NA,"España","Burgos","Edesa",NA,NA,NA,"1991",3,28,NA,NA,"Begoña Baranda","Begoña Baranda",NA,NA,NA,1,NA,NA,NA,"Oviedo Museum",NA,NA,"87_NOCOMPLEXHymenopteros_OVIEDO_202310241866"
"Bombus",NA,"hortorum",NA,"España","Asturias","Oviedo (Junto a la facultad de Biología)",NA,NA,NA,"1986",6,1,NA,NA,"A. Diego Alvarado","A. Diego Alvarado",1,NA,NA,0,NA,NA,NA,"Oviedo Museum","Sobre Lamium maculatum",NA,"87_NOCOMPLEXHymenopteros_OVIEDO_202310241867"
"Bombus",NA,"muscorum",NA,"España","Asturias","Oviedo",NA,NA,NA,"1989",5,1,NA,NA,"Antonio Palacios","Antonio Palacios",1,NA,NA,0,NA,NA,NA,"Oviedo Museum",NA,NA,"87_NOCOMPLEXHymenopteros_OVIEDO_202310241868"
"Bombus",NA,"pascuorum",NA,"España","Vizcaya","Ereño",NA,NA,NA,"1989",5,27,NA,NA,"R. Echeandia","",NA,NA,NA,1,NA,NA,NA,"Oviedo Museum",NA,NA,"87_NOCOMPLEXHymenopteros_OVIEDO_202310241869"
"Bombus",NA,"pascuorum",NA,"España","Asturias","Sotrondio",NA,NA,NA,"1980",7,7,NA,NA,"Joaquín Ángel Vallina Gil","",NA,NA,NA,1,NA,NA,NA,"Oviedo Museum",NA,NA,"87_NOCOMPLEXHymenopteros_OVIEDO_202310241870"
"Bombus",NA,"pascuorum",NA,"España","Asturias","Somió",NA,NA,NA,"1981",5,28,NA,NA,"Luis Mero","",NA,NA,NA,1,NA,NA,NA,"Oviedo Museum",NA,NA,"87_NOCOMPLEXHymenopteros_OVIEDO_202310241871"
"Bombus",NA,"pascuorum/muscorum",NA,"España","Asturias","Valdecuna",NA,NA,NA,"1991",4,20,NA,NA,"M. Pelaez Cruz","M. Pelaez Cruz",NA,NA,NA,1,NA,NA,NA,"Oviedo Museum",NA,NA,"87_NOCOMPLEXHymenopteros_OVIEDO_202310241872"
"Bombus",NA,"pascuorum/muscorum",NA,"España","Asturias","Deva",NA,NA,NA,"1989",5,27,NA,NA,"Fdo Álvarez","Fdo Álvarez",NA,NA,NA,1,NA,NA,NA,"Oviedo Museum",NA,NA,"87_NOCOMPLEXHymenopteros_OVIEDO_202310241873"
"Bombus",NA,"pascuorum/muscorum",NA,"España","Asturias","Llorianes (Valdesoto)",NA,NA,NA,"1983",3,12,NA,NA,"Luis F. Sierra","Marta Sierra",NA,NA,NA,1,NA,NA,NA,"Oviedo Museum",NA,NA,"87_NOCOMPLEXHymenopteros_OVIEDO_202310241874"
"Bombus",NA,"pascuorum/muscorum",NA,"España","Asturias","Oviedo",NA,NA,NA,"1989",3,19,NA,NA,"Jorge González","Jorge González",NA,NA,NA,1,NA,NA,NA,"Oviedo Museum",NA,NA,"87_NOCOMPLEXHymenopteros_OVIEDO_202310241875"
"Bombus",NA,"pascuorum/muscorum",NA,"España","Asturias","Gijón",NA,NA,NA,"1987",6,5,NA,NA,"N. Blanco Hevia","N. Blanco Hevia",NA,NA,NA,1,NA,NA,NA,"Oviedo Museum",NA,NA,"87_NOCOMPLEXHymenopteros_OVIEDO_202310241876"
"Bombus",NA,"pascuorum/muscorum",NA,"España","Asturias","Ambas",NA,NA,NA,"1989",4,22,NA,NA,"E. Eguilegor","E. Eguilegor",NA,NA,NA,1,NA,NA,NA,"Oviedo Museum",NA,NA,"87_NOCOMPLEXHymenopteros_OVIEDO_202310241877"
"Bombus",NA,"pascuorum/muscorum",NA,"España","Asturias","La Talá",NA,NA,NA,"1984",4,23,NA,NA,"L. Carrera","",NA,NA,NA,1,NA,NA,NA,"Oviedo Museum","Sobre una flor","Tiene moho","87_NOCOMPLEXHymenopteros_OVIEDO_202310241878"
"Bombus",NA,"pascuorum/muscorum",NA,"España","Asturias","Gijón",NA,NA,NA,"1991",5,25,NA,NA,"Luis Valle","Mª Isabel Sánchez",NA,NA,NA,1,NA,NA,NA,"Oviedo Museum",NA,NA,"87_NOCOMPLEXHymenopteros_OVIEDO_202310241879"
"Bombus",NA,"pascuorum/muscorum",NA,"España","Asturias","Prado San Timoteo (Luarca)",NA,NA,NA,"1990",10,22,NA,NA,"Ana Murguizo","Ana Murguizo",NA,NA,NA,1,NA,NA,NA,"Oviedo Museum",NA,NA,"87_NOCOMPLEXHymenopteros_OVIEDO_202310241880"
"Bombus",NA,"pascuorum/muscorum",NA,"España","Asturias","Vioño",NA,NA,NA,"1986",6,1,NA,NA,"M. J. Calvo Glez","",1,NA,NA,0,NA,NA,NA,"Oviedo Museum",NA,NA,"87_NOCOMPLEXHymenopteros_OVIEDO_202310241881"
"Bombus",NA,"muscorum",NA,"España","Asturias","Latores",NA,NA,NA,"1986",5,20,NA,NA,"Manuel Naves","Manuel Naves",1,NA,NA,0,NA,NA,NA,"Oviedo Museum",NA,NA,"87_NOCOMPLEXHymenopteros_OVIEDO_202310241882"
"Bombus",NA,"pascuorum/muscorum",NA,"España","Asturias","La Ñora",NA,NA,NA,"1986",8,17,NA,NA,"R. M. García","",NA,NA,NA,1,NA,NA,NA,"Oviedo Museum",NA,NA,"87_NOCOMPLEXHymenopteros_OVIEDO_202310241883"
"Bombus",NA,"muscorum",NA,"España","Asturias","Quirós",NA,NA,NA,"1986",10,30,NA,NA,"L. Riestra","",NA,NA,NA,1,NA,NA,NA,"Oviedo Museum",NA,"Volando","87_NOCOMPLEXHymenopteros_OVIEDO_202310241884"
"Bombus",NA,"pascuorum/muscorum",NA,NA,NA,"Salinas",NA,NA,NA,"1983",8,21,NA,NA,"D. Sors Fernández","",NA,NA,NA,1,NA,NA,NA,"Oviedo Museum",NA,NA,"87_NOCOMPLEXHymenopteros_OVIEDO_202310241885"
"Bombus",NA,"pascuorum/muscorum",NA,"España","Asturias","Alles",NA,NA,NA,"1988",7,16,NA,NA,"Javier Gil Jugrero","",1,NA,NA,0,NA,NA,NA,"Oviedo Museum",NA,NA,"87_NOCOMPLEXHymenopteros_OVIEDO_202310241886"
"Bombus",NA,"pascuorum",NA,"España","Asturias","La Isla",NA,NA,NA,"1991",6,1,NA,NA,"Rafael G.-Quirós Fdez","Rafael G.-Quirós Fdez",NA,NA,NA,1,NA,NA,NA,"Oviedo Museum",NA,NA,"87_NOCOMPLEXHymenopteros_OVIEDO_202310241887"
"Bombus",NA,"pascuorum",NA,"España","Asturias","Luanco",NA,NA,NA,"1990",9,16,NA,NA,"Roberto Juana","Roberto Grana",NA,NA,NA,1,NA,NA,NA,"Oviedo Museum",NA,NA,"87_NOCOMPLEXHymenopteros_OVIEDO_202310241888"
"Bombus",NA,"pascuorum/muscorum",NA,"España","Asturias","La Isla",NA,NA,NA,"1991",6,2,NA,NA,"Rafael G.-Quirós Fdez","Rafael G.-Quirós Fdez",NA,NA,NA,1,NA,NA,NA,"Oviedo Museum",NA,NA,"87_NOCOMPLEXHymenopteros_OVIEDO_202310241889"
"Bombus",NA,"pascuorum/muscorum",NA,"España","Asturias","Ules",NA,NA,NA,"1982",4,27,NA,NA,"J. Lobera","J. Lobera",NA,NA,NA,1,NA,NA,NA,"Oviedo Museum",NA,NA,"87_NOCOMPLEXHymenopteros_OVIEDO_202310241890"
"Bombus",NA,"pascuorum/muscorum",NA,"España","Lugo","Monforte de Lemos",NA,NA,NA,"1994",3,28,NA,NA,"Maceda Sélymes","Maceda Sélymes",NA,NA,NA,1,NA,NA,NA,"Oviedo Museum",NA,NA,"87_NOCOMPLEXHymenopteros_OVIEDO_202310241891"
"Bombus",NA,"pascuorum",NA,"España","Asturias","Avilés",NA,NA,NA,"1991",11,20,NA,NA,"Elvira López","Lola Granados",NA,NA,NA,1,NA,NA,NA,"Oviedo Museum",NA,NA,"87_NOCOMPLEXHymenopteros_OVIEDO_202310241892"
"Bombus",NA,"muscorum",NA,"España","Asturias","Pola de Lena",NA,NA,NA,"1987",6,6,NA,NA,"C. Estórez","",NA,NA,NA,1,NA,NA,NA,"Oviedo Museum",NA,NA,"87_NOCOMPLEXHymenopteros_OVIEDO_202310241893"
"Bombus",NA,"pascuorum",NA,"España","Asturias","S. Antolín de Ibias",NA,NA,NA,"1989",7,11,NA,NA,"L. Valle","",NA,NA,NA,1,NA,NA,NA,"Oviedo Museum","Camino",NA,"87_NOCOMPLEXHymenopteros_OVIEDO_202310241894"
"Bombus",NA,"pascuorum/muscorum",NA,"España","Asturias","S. Antolín de Ibias",NA,NA,NA,"1989",7,11,NA,NA,"L. Valle","",NA,NA,NA,1,NA,NA,NA,"Oviedo Museum","Camino",NA,"87_NOCOMPLEXHymenopteros_OVIEDO_202310241895"
"Bombus",NA,"pascuorum/muscorum",NA,"España","Asturias","La Barraca-Riaño",NA,NA,NA,"1994",5,2,NA,NA,"A. Noval","A. Noval",NA,NA,NA,1,NA,NA,NA,"Oviedo Museum",NA,NA,"87_NOCOMPLEXHymenopteros_OVIEDO_202310241896"
"Bombus",NA,"pascuorum/muscorum",NA,"España","Asturias","Muros del Nalón",NA,NA,NA,"1993",8,18,NA,NA,"E. Rodríguez Suárez","C. Parón Iturmendi",NA,NA,NA,1,NA,NA,NA,"Oviedo Museum",NA,NA,"87_NOCOMPLEXHymenopteros_OVIEDO_202310241897"
"Bombus",NA,"pascuorum",NA,"España","Asturias","Sta Mª",NA,NA,NA,"1994",6,4,NA,NA,"Patricia Alonso","Patricia Alonso",NA,NA,NA,1,NA,NA,NA,"Oviedo Museum",NA,NA,"87_NOCOMPLEXHymenopteros_OVIEDO_202310241898"
"Bombus",NA,"pascuorum",NA,"España","Asturias","Tiñana",NA,NA,NA,"1994",5,1,NA,NA,"E. Rosal Fraga","E. Rosal Fraga",NA,NA,NA,1,NA,NA,NA,"Oviedo Museum",NA,NA,"87_NOCOMPLEXHymenopteros_OVIEDO_202310241899"
"Bombus",NA,"pascuorum",NA,"España","Navarra","Pamplona",NA,NA,NA,"1982",8,12,NA,NA,NA,"",NA,NA,NA,1,NA,NA,NA,"Oviedo Museum",NA,NA,"87_NOCOMPLEXHymenopteros_OVIEDO_202310241900"
"Bombus",NA,"muscorum",NA,"España","Asturias","Peón",NA,NA,NA,"1994",5,14,NA,NA,"Carmela Menéndez","Carmela Menéndez",NA,NA,NA,1,NA,NA,NA,"Oviedo Museum",NA,NA,"87_NOCOMPLEXHymenopteros_OVIEDO_202310241901"
"Bombus",NA,"pascuorum/muscorum",NA,"España","Asturias","S. Cristóbal (Avilés)",NA,NA,NA,"1994",5,4,NA,NA,"Higinio López","Álvaro López",NA,NA,NA,1,NA,NA,NA,"Oviedo Museum",NA,NA,"87_NOCOMPLEXHymenopteros_OVIEDO_202310241902"
"Bombus",NA,"pascuorum/muscorum",NA,"España","Lugo","Monforte de Lemos",NA,NA,NA,"1994",3,28,NA,NA,"Maceda Sélymes","Maceda Sélymes",NA,NA,NA,1,NA,NA,NA,"Oviedo Museum",NA,NA,"87_NOCOMPLEXHymenopteros_OVIEDO_202310241903"
"Bombus",NA,"pascuorum",NA,"España","Asturias","Pravia",NA,NA,NA,"1994",6,4,NA,NA,"Argiloa Ceberio","Argiloa Ceberio",NA,NA,NA,1,NA,NA,NA,"Oviedo Museum",NA,NA,"87_NOCOMPLEXHymenopteros_OVIEDO_202310241904"
"Bombus",NA,"pascuorum",NA,"España","Asturias","Germonde",NA,NA,NA,"1990",8,25,NA,NA,"J. Ramón Glez Glez","",NA,NA,NA,1,NA,NA,NA,"Oviedo Museum",NA,NA,"87_NOCOMPLEXHymenopteros_OVIEDO_202310241905"
"Bombus",NA,"pascuorum",NA,"España","Asturias","Salas",NA,NA,NA,"1982",5,4,NA,NA,"C. Martínez","",NA,NA,NA,1,NA,NA,NA,"Oviedo Museum",NA,"Tiene moho","87_NOCOMPLEXHymenopteros_OVIEDO_202310241906"
"Bombus",NA,"pascuorum/muscorum",NA,"España","Asturias","La Ñora",NA,NA,NA,"1991",4,20,NA,NA,"M. A. Paredes","M. A. Paredes",NA,NA,NA,1,NA,NA,NA,"Oviedo Museum",NA,NA,"87_NOCOMPLEXHymenopteros_OVIEDO_202310241907"
"Bombus",NA,"pascuorum/muscorum",NA,"España","Palencia","San Salvador de Cantamuda",NA,NA,NA,"1986",7,16,NA,NA,"José Llorente","",NA,NA,NA,1,NA,NA,NA,"Oviedo Museum",NA,NA,"87_NOCOMPLEXHymenopteros_OVIEDO_202310241908"
"Bombus",NA,"pascuorum",NA,"España","Cantabria","Santander",NA,NA,NA,"1992",7,27,NA,NA,"Ángel Serdio","Ángel Serdio",NA,NA,NA,1,NA,NA,NA,"Oviedo Museum",NA,NA,"87_NOCOMPLEXHymenopteros_OVIEDO_202310241909"
"Bombus",NA,"pascuorum",NA,"España","Cantabria","Bedoya",NA,NA,NA,"1993",8,27,NA,NA,"Ángela F. Roiz","Ángela F. Roiz",NA,NA,NA,1,NA,NA,NA,"Oviedo Museum",NA,NA,"87_NOCOMPLEXHymenopteros_OVIEDO_202310241910"
"Bombus",NA,"pascuorum",NA,"España","Asturias","Oviedo",NA,NA,NA,"1992",10,19,NA,NA,"Magdalena Sanz","M. Sanz",NA,NA,NA,1,NA,NA,NA,"Oviedo Museum",NA,"Tiene moho","87_NOCOMPLEXHymenopteros_OVIEDO_202310241911"
"Bombus",NA,"pascuorum",NA,"España","Asturias","Tapia de Casariego",NA,NA,NA,"1993",7,27,NA,NA,"Judith F. Casero","Judith F. Casero",1,NA,NA,0,NA,NA,NA,"Oviedo Museum",NA,NA,"87_NOCOMPLEXHymenopteros_OVIEDO_202310241912"
"Bombus",NA,"pascuorum/muscorum",NA,"España","Asturias","La Hueria (Urbies)",NA,NA,NA,"1981",7,25,NA,NA,"Aurora Zapico","",1,NA,NA,0,NA,NA,NA,"Oviedo Museum",NA,NA,"87_NOCOMPLEXHymenopteros_OVIEDO_202310241913"
"Bombus",NA,"pascuorum/muscorum",NA,"España","Asturias","Sta Bárbara (Sotrondio)",NA,NA,NA,"1981",9,9,NA,NA,"Aurora Zapico","",NA,NA,NA,1,NA,NA,NA,"Oviedo Museum",NA,NA,"87_NOCOMPLEXHymenopteros_OVIEDO_202310241914"
"Bombus",NA,"pascuorum/muscorum",NA,"España","Pontevedra","Meaño",NA,NA,NA,"1988",7,30,NA,NA,"R. Trabazo","R. Trabazo",NA,NA,NA,1,NA,NA,NA,"Oviedo Museum","Interior",NA,"87_NOCOMPLEXHymenopteros_OVIEDO_202310241915"
"Bombus",NA,"pascuorum",NA,"España","Asturias","Oviedo",NA,NA,NA,"1980",6,29,NA,NA,"A. Bode","Abel J. Martín",NA,NA,NA,1,NA,NA,NA,"Oviedo Museum",NA,"Tiene moho","87_NOCOMPLEXHymenopteros_OVIEDO_202310241916"
"Bombus",NA,"pascuorum",NA,"España",NA,"Feme-El Ferrol",NA,NA,NA,"1982",4,6,NA,NA,NA,"",NA,NA,NA,1,NA,NA,NA,"Oviedo Museum",NA,"Tiene moho","87_NOCOMPLEXHymenopteros_OVIEDO_202310241917"
"Bombus",NA,"pascuorum/muscorum",NA,"España","Asturias","Lastres",NA,NA,NA,"1990",6,17,NA,NA,"Ramón Garrido","Ramón Garrido",1,NA,NA,0,NA,NA,NA,"Oviedo Museum","Prado","Tiene moho","87_NOCOMPLEXHymenopteros_OVIEDO_202310241918"
"Bombus",NA,"pascuorum",NA,"España","Asturias","Pola de Lena (Valle El Peral)",NA,NA,NA,"1990",8,6,NA,NA,"Susana Acevedo","Susana L. Acevedo",NA,NA,NA,1,NA,NA,NA,"Oviedo Museum","Sobre zarzas",NA,"87_NOCOMPLEXHymenopteros_OVIEDO_202310241919"
"Bombus",NA,"pascuorum/muscorum",NA,"España","Cantabria","Villar",NA,NA,NA,"1993",8,8,NA,NA,"Marta Gatón","Marta Gatón",NA,NA,NA,1,NA,NA,NA,"Oviedo Museum",NA,NA,"87_NOCOMPLEXHymenopteros_OVIEDO_202310241920"
"Bombus",NA,"pascuorum/muscorum",NA,"España","Asturias","El Castro",NA,NA,NA,"1993",9,2,NA,NA,"Ricardo R. Fdez","",NA,NA,NA,1,NA,NA,NA,"Oviedo Museum",NA,NA,"87_NOCOMPLEXHymenopteros_OVIEDO_202310241921"
"Bombus",NA,"pascuorum/muscorum",NA,"España","Asturias","Torrón",NA,NA,NA,"1990",5,20,NA,NA,"C. Felgueres","C. Felgueres",NA,NA,NA,1,NA,NA,NA,"Oviedo Museum","Sobre una flor",NA,"87_NOCOMPLEXHymenopteros_OVIEDO_202310241922"
"Bombus",NA,"pascuorum/muscorum",NA,"España","Asturias","Luarca",NA,NA,NA,"1989",10,24,NA,NA,"Clara Fdez","Clara Fdez Ochoa",NA,NA,NA,1,NA,NA,NA,"Oviedo Museum",NA,NA,"87_NOCOMPLEXHymenopteros_OVIEDO_202310241923"
"Bombus",NA,"pascuorum/muscorum",NA,"España","Asturias","El playón de Bayas",NA,NA,NA,"1993",3,18,NA,NA,"M. Antoñanzas","M. Antoñanzas",NA,NA,NA,1,NA,NA,NA,"Oviedo Museum",NA,NA,"87_NOCOMPLEXHymenopteros_OVIEDO_202310241924"
"Bombus",NA,"pascuorum/muscorum",NA,NA,NA,"Pedovella",NA,NA,NA,NA,NA,NA,NA,NA,"Juan José Castro","",NA,NA,NA,1,NA,NA,NA,"Oviedo Museum",NA,NA,"87_NOCOMPLEXHymenopteros_OVIEDO_202310241925"
"Bombus",NA,"pascuorum",NA,"España","Cantabria","Pte. San Miguel",NA,NA,NA,"1994",5,25,NA,NA,"A. Gómez Espina","Ángeles Gómez",NA,NA,NA,1,NA,NA,NA,"Oviedo Museum",NA,NA,"87_NOCOMPLEXHymenopteros_OVIEDO_202310241926"
"Bombus",NA,"pascuorum",NA,"España","Asturias","Pruvia",NA,NA,NA,"1990",8,2,NA,NA,"Hugo Mortera","Hugo Mortera",NA,NA,NA,1,NA,NA,NA,"Oviedo Museum",NA,NA,"87_NOCOMPLEXHymenopteros_OVIEDO_202310241927"
"Bombus",NA,"pascuorum",NA,"España","Guipúzcoa","Fuenterrabía",NA,NA,NA,NA,NA,NA,NA,NA,"Mª Jesús Eceiza","Mª Jesús Eceiza",NA,NA,NA,1,NA,NA,NA,"Oviedo Museum",NA,NA,"87_NOCOMPLEXHymenopteros_OVIEDO_202310241928"
"Bombus",NA,"pascuorum",NA,"España","Asturias","Playa de Aguilo (Soto del Barco)",NA,NA,NA,NA,NA,NA,NA,NA,"María J. Cabal","María J. Cabal",NA,NA,NA,1,NA,NA,NA,"Oviedo Museum",NA,NA,"87_NOCOMPLEXHymenopteros_OVIEDO_202310241929"
"Eucera",NA,"longicornis",NA,"España","Asturias","Llanes",NA,NA,NA,"1983",4,7,NA,NA,"Gregorio Valiente","",NA,1,NA,0,NA,NA,NA,"Oviedo Museum","Prado",NA,"87_NOCOMPLEXHymenopteros_OVIEDO_202310241930"
"Eucera",NA,"longicornis",NA,"España","Asturias","Pola de Siero",NA,NA,NA,"1983",5,28,NA,NA,"R. Cueva","",NA,1,NA,0,NA,NA,NA,"Oviedo Museum",NA,"Tiene moho","87_NOCOMPLEXHymenopteros_OVIEDO_202310241931"
"Eucera",NA,"longicornis",NA,"España",NA,"Fuente la Plata",NA,NA,NA,"1987",5,15,NA,NA,"Arantxa Ugalde","Arantxa Ugalde",NA,1,NA,0,NA,NA,NA,"Oviedo Museum",NA,NA,"87_NOCOMPLEXHymenopteros_OVIEDO_202310241932"
"Eucera",NA,"longicornis",NA,"España","Asturias","Cabueñes",NA,NA,NA,"1980",5,25,NA,NA,"S. Solano","",NA,NA,NA,1,NA,NA,NA,"Oviedo Museum",NA,NA,"87_NOCOMPLEXHymenopteros_OVIEDO_202310241933"
"Eucera",NA,"sp.",NA,"España","Cantabria","Astillero",NA,NA,NA,"1984",7,10,NA,NA,"Blanca R. Laza","",NA,1,NA,0,NA,NA,NA,"Oviedo Museum",NA,NA,"87_NOCOMPLEXHymenopteros_OVIEDO_202310241934"
"Eucera",NA,"longicornis",NA,"España","Asturias","Fuente de la Plata",NA,NA,NA,"1988",5,29,NA,NA,"Juan I. Leiva","Juan I. Leiva",NA,1,NA,0,NA,NA,NA,"Oviedo Museum",NA,NA,"87_NOCOMPLEXHymenopteros_OVIEDO_202310241935"
"Eucera",NA,"sp.",NA,"España",NA,"San Martín",NA,NA,NA,"1983",6,8,NA,NA,"Mª Dolores Rivas","Mª Dolores Rivas",NA,1,NA,0,NA,NA,NA,"Oviedo Museum",NA,"Tiene moho","87_NOCOMPLEXHymenopteros_OVIEDO_202310241936"
"Eucera",NA,"longicornis",NA,"España","Asturias","Oviedo",NA,NA,NA,"1983",5,4,NA,NA,"A. Anadón","",NA,NA,NA,1,NA,NA,NA,"Oviedo Museum","En un seto",NA,"87_NOCOMPLEXHymenopteros_OVIEDO_202310241937"
"Eucera",NA,"sp.",NA,"España","Asturias","Oviedo",NA,NA,NA,"1986",5,20,NA,NA,"Enrique Gómez","",NA,NA,NA,1,NA,NA,NA,"Oviedo Museum",NA,NA,"87_NOCOMPLEXHymenopteros_OVIEDO_202310241938"
"Eucera",NA,"longicornis",NA,"España","Asturias","Oviedo",NA,NA,NA,NA,NA,NA,NA,NA,"Isolina Martínez","A. Anadón  A. Quero",NA,1,NA,0,NA,NA,NA,"Oviedo Museum",NA,NA,"87_NOCOMPLEXHymenopteros_OVIEDO_202310241939"
"Eucera",NA,"longicornis",NA,"España","Asturias","Poo de Llanes",NA,NA,NA,"1988",5,10,NA,NA,"Teresa Suárez Glez","Teresa Suárez Glez",NA,NA,NA,1,NA,NA,NA,"Oviedo Museum",NA,NA,"87_NOCOMPLEXHymenopteros_OVIEDO_202310241940"
"Eucera",NA,"longicornis",NA,"España","Asturias","Manzaneda",NA,NA,NA,"1982",5,15,NA,NA,"Cecilia López","",NA,1,NA,0,NA,NA,NA,"Oviedo Museum",NA,NA,"87_NOCOMPLEXHymenopteros_OVIEDO_202310241941"
"Eucera",NA,"longicornis",NA,"España","Asturias","Oviedo",NA,NA,NA,"1986",5,20,NA,NA,"T. Sobrino","T. Sobrino",NA,1,NA,0,NA,NA,NA,"Oviedo Museum",NA,NA,"87_NOCOMPLEXHymenopteros_OVIEDO_202310241942"
"Eucera",NA,"longicornis",NA,"España","Asturias","Braña Vermix (Peón)",NA,NA,NA,"1976",5,11,NA,NA,"M. Truébano","A. Anadón  A. Quero",NA,1,NA,0,NA,NA,NA,"Oviedo Museum",NA,NA,"87_NOCOMPLEXHymenopteros_OVIEDO_202310241943"
"Eucera",NA,"longicornis",NA,"España","Asturias","Trubia",NA,NA,NA,NA,NA,NA,NA,NA,"P. Ciscar Gómez","",NA,1,NA,0,NA,NA,NA,"Oviedo Museum",NA,"Tiene moho","87_NOCOMPLEXHymenopteros_OVIEDO_202310241944"
"Eucera",NA,"longicornis",NA,"España","Asturias","Gijón",NA,NA,NA,"1983",4,16,NA,NA,"Miguel Fanjul","",NA,1,NA,0,NA,NA,NA,"Oviedo Museum",NA,NA,"87_NOCOMPLEXHymenopteros_OVIEDO_202310241945"
"Eucera",NA,"longicornis",NA,"España","Asturias","Latores",NA,NA,NA,"1997",4,23,NA,NA,"C. Rguez del Valle","C. Rguez del Valle",NA,NA,NA,1,NA,NA,NA,"Oviedo Museum",NA,NA,"87_NOCOMPLEXHymenopteros_OVIEDO_202310241946"
"Eucera",NA,"clypeata",NA,"España","Asturias","Poo",NA,NA,NA,"1988",5,12,NA,NA,"J. R. Fdz López","J. R. Fdz López",NA,NA,NA,1,NA,NA,NA,"Oviedo Museum","Sobre zarzas",NA,"87_NOCOMPLEXHymenopteros_OVIEDO_202310241947"
"Eucera",NA,"longicornis",NA,"España","Asturias","Castañeda",NA,NA,NA,"1987",4,23,NA,NA,"Ángel García","M. J. Villaverde",NA,NA,NA,1,NA,NA,NA,"Oviedo Museum","Suelo",NA,"87_NOCOMPLEXHymenopteros_OVIEDO_202310241948"
"Eucera",NA,"longicornis",NA,"España","Asturias","Oviedo",NA,NA,NA,"1987",5,12,NA,NA,"Mª Luz Yáñez","Mª Luz Yáñez",NA,NA,NA,1,NA,NA,NA,"Oviedo Museum","Prados",NA,"87_NOCOMPLEXHymenopteros_OVIEDO_202310241949"
"Eucera",NA,"sp.",NA,"España","Asturias","Rodiles",NA,NA,NA,"1983",5,29,NA,NA,"Esther Orviz Glez","Esther Orviz Glez",NA,1,NA,0,NA,NA,NA,"Oviedo Museum","Volando sobre pradera",NA,"87_NOCOMPLEXHymenopteros_OVIEDO_202310241950"
"Eucera",NA,"longicornis",NA,"España","Asturias","Meres",NA,NA,NA,"1987",5,28,NA,NA,"S. Carbajal","S. Carbajal",NA,NA,NA,1,NA,NA,NA,"Oviedo Museum","Prado-pomarada",NA,"87_NOCOMPLEXHymenopteros_OVIEDO_202310241951"
"Eucera",NA,"longicornis",NA,"España","Asturias","Cerca del Centro Asturiano Naranco (Oviedo)",NA,NA,NA,"1987",5,24,NA,NA,"R. Cernuda","",NA,NA,NA,1,NA,NA,NA,"Oviedo Museum","En un prado sobre Anthyllis vulneraria",NA,"87_NOCOMPLEXHymenopteros_OVIEDO_202310241952"
"Eucera",NA,"longicornis",NA,"España","Asturias","Las Segadas",NA,NA,NA,"1987",5,24,NA,NA,"C. Martínez","C. Martínez Carrera",NA,1,NA,0,NA,NA,NA,"Oviedo Museum",NA,NA,"87_NOCOMPLEXHymenopteros_OVIEDO_202310241953"
"Eucera",NA,"longicornis",NA,"España","Asturias","Llorianes (Valdesoto)",NA,NA,NA,"1983",5,29,NA,NA,"M. Sierra","M. Sierra",NA,NA,NA,1,NA,NA,NA,"Oviedo Museum",NA,"Tiene moho","87_NOCOMPLEXHymenopteros_OVIEDO_202310241954"
"Eucera",NA,"sp.",NA,"España","Asturias","Parque de invierno (Oviedo)",NA,NA,NA,"1987",5,22,NA,NA,"C. Alonso Blanco","C. Alonso Blanco",NA,1,NA,0,NA,NA,NA,"Oviedo Museum",NA,NA,"87_NOCOMPLEXHymenopteros_OVIEDO_202310241955"
"Eucera",NA,"longicornis",NA,"España","Asturias","Pénjamo (La Felguera)",NA,NA,NA,"1983",5,21,NA,NA,"Ana Mª Gutiérrez","",NA,1,NA,0,NA,NA,NA,"Oviedo Museum",NA,"Tiene moho","87_NOCOMPLEXHymenopteros_OVIEDO_202310241956"
"Eucera",NA,"sp.",NA,"España","Salamanca","Salamanca",NA,NA,NA,"1979",6,17,NA,NA,"José F. García","José F. García",NA,1,NA,0,NA,NA,NA,"Oviedo Museum",NA,NA,"87_NOCOMPLEXHymenopteros_OVIEDO_202310241957"
"Eucera",NA,"longicornis",NA,"España","Asturias","Pénjamo (La Felguera)",NA,NA,NA,"1983",5,21,NA,NA,"Glez-Pola Villa M.","",NA,1,NA,0,NA,NA,NA,"Oviedo Museum",NA,NA,"87_NOCOMPLEXHymenopteros_OVIEDO_202310241958"
"Eucera",NA,"longicornis",NA,"España","Asturias","La Caridad",NA,NA,NA,"1986",5,24,NA,NA,"J. Rodrigo Fdez Lpz","J. Rodrigo Fdez Lpz",NA,NA,NA,1,NA,NA,NA,"Oviedo Museum",NA,NA,"87_NOCOMPLEXHymenopteros_OVIEDO_202310241959"
"Eucera",NA,"sp.",NA,"España","Asturias","Naranco (Oviedo)",NA,NA,NA,"1981",6,2,NA,NA,"Ana Cristina Arias","",NA,1,NA,0,NA,NA,NA,"Oviedo Museum","Sobre flor","Tiene moho","87_NOCOMPLEXHymenopteros_OVIEDO_202310241960"
"Eucera",NA,"longicornis",NA,"España","Asturias","La Coria",NA,NA,NA,NA,NA,NA,NA,NA,"C. Bonhome","C. Bonhome",NA,NA,NA,1,NA,NA,NA,"Oviedo Museum",NA,NA,"87_NOCOMPLEXHymenopteros_OVIEDO_202310241961"
"Eucera",NA,"longicornis",NA,"España","Asturias","Naranco (Oviedo)",NA,NA,NA,NA,NA,NA,NA,NA,"C. Muñoz Hdez","",NA,NA,NA,1,NA,NA,NA,"Oviedo Museum",NA,"Tiene moho","87_NOCOMPLEXHymenopteros_OVIEDO_202310241962"
"Eucera",NA,"longicornis",NA,"España","Asturias","Oviedo",NA,NA,NA,"1987",5,16,NA,NA,"M. N. García Martín","M. N. García Martín",NA,NA,NA,1,NA,NA,NA,"Oviedo Museum",NA,NA,"87_NOCOMPLEXHymenopteros_OVIEDO_202310241963"
"Eucera",NA,"sp.",NA,"España","Asturias","Oviedo",NA,NA,NA,NA,NA,NA,NA,NA,"Rita Fdez","",NA,NA,NA,1,NA,NA,NA,"Oviedo Museum",NA,NA,"87_NOCOMPLEXHymenopteros_OVIEDO_202310241964"
"Eucera",NA,"sp.",NA,"España","Asturias","Oviedo",NA,NA,NA,"1987",7,25,NA,NA,"José G. Longedo","Daniel Urdinguio",NA,1,NA,0,NA,NA,NA,"Oviedo Museum","Prado",NA,"87_NOCOMPLEXHymenopteros_OVIEDO_202310241965"
"Eucera",NA,"longicornis",NA,"España","Asturias","Trubia",NA,NA,NA,"1987",5,12,NA,NA,"C.Palacios","L. Palacios",NA,NA,NA,1,NA,NA,NA,"Oviedo Museum",NA,NA,"87_NOCOMPLEXHymenopteros_OVIEDO_202310241966"
"Eucera",NA,"longicornis",NA,"España","Asturias","Fuente de la plata",NA,NA,NA,"1986",6,5,NA,NA,"Macho Leiva Moreno","Macho Leiva Moreno",NA,NA,NA,1,NA,NA,NA,"Oviedo Museum","Pastizal",NA,"87_NOCOMPLEXHymenopteros_OVIEDO_202310241967"
"Eucera",NA,"longicornis",NA,"España","Asturias","Cabo Peñas",NA,NA,NA,"1987",5,10,NA,NA,"C. J. Villalba","C. J. Villalba",NA,NA,NA,1,NA,NA,NA,"Oviedo Museum","Brezal-tojal, sobre Lotus sp.",NA,"87_NOCOMPLEXHymenopteros_OVIEDO_202310241968"
"Eucera",NA,"longicornis",NA,"España","Cáceres","Cáceres",NA,NA,NA,"1976",4,15,NA,NA,"C. Bravo","",NA,NA,NA,1,NA,NA,NA,"Oviedo Museum",NA,"Tiene moho","87_NOCOMPLEXHymenopteros_OVIEDO_202310241969"
"Eucera",NA,"sp.",NA,"España","Asturias","Braá Vermix (Peón)",NA,NA,NA,"1976",5,1,NA,NA,"P. Mortera","A. Anadón",NA,NA,NA,1,NA,NA,NA,"Oviedo Museum",NA,NA,"87_NOCOMPLEXHymenopteros_OVIEDO_202310241970"
"Eucera",NA,"sp.",NA,"España","Asturias","Gijón",NA,NA,NA,"1982",6,1,NA,NA,"Mª Adela Fuertes","",NA,NA,NA,1,NA,NA,NA,"Oviedo Museum",NA,"Tiene moho","87_NOCOMPLEXHymenopteros_OVIEDO_202310241971"
"Eucera",NA,"longicornis",NA,"España","Asturias","Pontón",NA,NA,NA,"1990",4,19,NA,NA,"J. N. Cigarría","J. Cigarría",NA,NA,NA,1,NA,NA,NA,"Oviedo Museum",NA,NA,"87_NOCOMPLEXHymenopteros_OVIEDO_202310241972"
"Eucera",NA,"sp.",NA,"España","Asturias","Langreo",NA,NA,NA,"1983",6,2,NA,NA,"E. Coto García","",NA,1,NA,0,NA,NA,NA,"Oviedo Museum","Jardín",NA,"87_NOCOMPLEXHymenopteros_OVIEDO_202310241973"
"Eucera",NA,"sp.",NA,"España","Asturias","Salamir",NA,NA,NA,"2006",4,15,NA,NA,"Daniel García Estrada","Daniel García Estrada",NA,NA,NA,1,NA,NA,NA,"Oviedo Museum","Prados",NA,"87_NOCOMPLEXHymenopteros_OVIEDO_202310241974"
"Eucera",NA,"tuberculata",NA,"España","Asturias","Posada de Llanera",NA,NA,NA,"1996",4,7,NA,NA,"Juan M. Mateos","Juan M. Mateos",NA,NA,NA,1,NA,NA,NA,"Oviedo Museum",NA,NA,"87_NOCOMPLEXHymenopteros_OVIEDO_202310241975"
"Eucera",NA,"longicornis",NA,"España","Asturias","La Bolgachina",NA,NA,NA,"1991",6,1,NA,NA,"Mª Isabel Sánchez","Mª Isabel Sánchez",NA,NA,NA,1,NA,NA,NA,"Oviedo Museum",NA,NA,"87_NOCOMPLEXHymenopteros_OVIEDO_202310241976"
"Eucera",NA,"longicornis",NA,"España","Asturias","La Isla",NA,NA,NA,"1991",6,1,NA,NA,"Rafael G.-Quirós Fdez","Rafael Glez-Quirós",NA,NA,NA,1,NA,NA,NA,"Oviedo Museum",NA,"Tiene moho","87_NOCOMPLEXHymenopteros_OVIEDO_202310241977"
"Eucera",NA,"longicornis",NA,"España","Asturias","Ceares",NA,NA,NA,"1990",10,30,NA,NA,"Luis Valle Queipo","Isabel Sánchez",NA,1,NA,0,NA,NA,NA,"Oviedo Museum",NA,NA,"87_NOCOMPLEXHymenopteros_OVIEDO_202310241978"
"Eucera",NA,"longicornis",NA,"España","Asturias","Jove",NA,NA,NA,"1991",5,26,NA,NA,"Mª Jesús Glez","Mª Jesús Glez",NA,1,NA,0,NA,NA,NA,"Oviedo Museum",NA,NA,"87_NOCOMPLEXHymenopteros_OVIEDO_202310241979"
"Eucera",NA,"sp.",NA,"España","Salamanca","Béjar",NA,NA,NA,"1978",8,15,NA,NA,"C. Blanco","",NA,1,NA,0,NA,NA,NA,"Oviedo Museum",NA,NA,"87_NOCOMPLEXHymenopteros_OVIEDO_202310241980"
"Eucera",NA,"longicornis",NA,"España","Asturias","El CAU (Oviedo)",NA,NA,NA,"1991",5,14,NA,NA,"Loren Pérez Melero","Loren Pérez Melero",NA,1,NA,0,NA,NA,NA,"Oviedo Museum",NA,NA,"87_NOCOMPLEXHymenopteros_OVIEDO_202310241981"
"Eucera",NA,"sp.",NA,"España",NA,"La Isla",NA,NA,NA,NA,NA,NA,NA,NA,"José A. Isla","José A. Isla",NA,1,NA,0,NA,NA,NA,"Oviedo Museum",NA,NA,"87_NOCOMPLEXHymenopteros_OVIEDO_202310241982"
"Eucera",NA,"longicornis",NA,"España","Asturias","Oviedo",NA,NA,NA,"1997",4,24,NA,NA,"Germán Orizaola","Germán Orizaola",NA,1,NA,0,NA,NA,NA,"Oviedo Museum",NA,NA,"87_NOCOMPLEXHymenopteros_OVIEDO_202310241983"
"Eucera",NA,"longicornis",NA,"España","Asturias","El Berrón",NA,NA,NA,"2005",6,11,NA,NA,"Luis S. V.","Luis S. V.",NA,1,NA,0,NA,NA,NA,"Oviedo Museum","Prado",NA,"87_NOCOMPLEXHymenopteros_OVIEDO_202310241984"
"Eucera",NA,"sp.",NA,"España","Asturias","Soto del Barco",NA,NA,NA,NA,NA,NA,NA,NA,"Rebeca G.","Rebeca G.",NA,1,NA,0,NA,NA,NA,"Oviedo Museum",NA,NA,"87_NOCOMPLEXHymenopteros_OVIEDO_202310241985"
"Eucera",NA,"longicornis",NA,"España","Asturias","Latores",NA,NA,NA,"1997",4,24,NA,NA,"I. Gutiérrez Martínez","I. Gutiérrez Martínez",NA,1,NA,0,NA,NA,NA,"Oviedo Museum",NA,NA,"87_NOCOMPLEXHymenopteros_OVIEDO_202310241986"
"Eucera",NA,"longicornis",NA,"España","Asturias","Oviedo",NA,NA,NA,"1995",4,10,NA,NA,"L. J. Rodríguez","C. Vázquez",NA,1,NA,0,NA,NA,NA,"Oviedo Museum",NA,NA,"87_NOCOMPLEXHymenopteros_OVIEDO_202310241987"
"Anthophora",NA,"sp.",NA,"España","Asturias","P. P. Tomás (Oviedo)",NA,NA,NA,"1996",3,18,NA,NA,"L. Frechilla","L. Frechilla",NA,NA,NA,1,NA,NA,NA,"Oviedo Museum","Prado",NA,"87_NOCOMPLEXHymenopteros_OVIEDO_202310241988"
"Anthophora",NA,"sp.",NA,"España","Asturias","Rodiles",NA,NA,NA,"1997",5,1,NA,NA,"J. Antuña","",NA,NA,NA,1,NA,NA,NA,"Oviedo Museum",NA,NA,"87_NOCOMPLEXHymenopteros_OVIEDO_202310241989"
"Eucera",NA,"longicornis",NA,"España","Asturias","Gijón",NA,NA,NA,"1982",5,10,NA,NA,"I. Pomar Amillo","I. Pomar Amillo, A. Núñez det. 2021",NA,1,NA,0,NA,NA,NA,"Oviedo Museum","Jardín","Tiene moho","87_NOCOMPLEXHymenopteros_OVIEDO_202310241990"
"Eucera",NA,"longicornis",NA,"España","Asturias","Santurio",NA,NA,NA,"1981",5,12,NA,NA,"Luis Moro","A. Núñez det. 2021",NA,NA,NA,1,NA,NA,NA,"Oviedo Museum",NA,"Tiene moho","87_NOCOMPLEXHymenopteros_OVIEDO_202310241991"
"Eucera",NA,"nigrescens",NA,"España","Asturias","Oviedo",NA,NA,NA,"1989",4,19,NA,NA,"Jorge González","Jorge González, A. Núñez det. 2021",NA,1,NA,0,NA,NA,NA,"Oviedo Museum",NA,NA,"87_NOCOMPLEXHymenopteros_OVIEDO_202310241992"
"Eucera",NA,"sp.",NA,"España","Asturias","Luanco",NA,NA,NA,"1988",6,19,NA,NA,"Ana Mª Glez Antuña","Ana Mª Glez Antuña",NA,NA,NA,1,NA,NA,NA,"Oviedo Museum",NA,NA,"87_NOCOMPLEXHymenopteros_OVIEDO_202310241993"
"Eucera",NA,"sp.",NA,"España","Asturias","Somió",NA,NA,NA,"1990",6,6,NA,NA,NA,"",NA,NA,NA,1,NA,NA,NA,"Oviedo Museum",NA,NA,"87_NOCOMPLEXHymenopteros_OVIEDO_202310241994"
"Eucera",NA,"sp.",NA,"España","Asturias","Cotaron",NA,NA,NA,"1987",4,26,NA,NA,"Mª Salud Pacada","",NA,NA,NA,1,NA,NA,NA,"Oviedo Museum",NA,NA,"87_NOCOMPLEXHymenopteros_OVIEDO_202310241995"
"Eucera",NA,"sp.",NA,"España","Asturias","Oviedo",NA,NA,NA,"1987",5,2,NA,NA,"M. Rguez Pérez","M. Rguez Pérez",NA,NA,NA,1,NA,NA,NA,"Oviedo Museum",NA,NA,"87_NOCOMPLEXHymenopteros_OVIEDO_202310241996"
"Eucera",NA,"longicornis",NA,"España","Asturias","Navia",NA,NA,NA,NA,NA,NA,NA,NA,"Fidela Pérez","Fidela Pérez",NA,NA,NA,1,NA,NA,NA,"Oviedo Museum",NA,NA,"87_NOCOMPLEXHymenopteros_OVIEDO_202310241997"
"Eucera",NA,"sp.",NA,"España","Asturias","Santuario",NA,NA,NA,"1981",5,12,NA,NA,"Luis Moro","",1,NA,NA,0,NA,NA,NA,"Oviedo Museum",NA,NA,"87_NOCOMPLEXHymenopteros_OVIEDO_202310241998"
"Eucera",NA,"longicornis",NA,"España","Asturias","Oviedo",NA,NA,NA,"1989",4,19,NA,NA,"Jorge González","Jorge González",1,NA,NA,0,NA,NA,NA,"Oviedo Museum",NA,NA,"87_NOCOMPLEXHymenopteros_OVIEDO_202310241999"
"Eucera",NA,"sp.",NA,"España","Asturias","Soto de Rey",NA,NA,NA,"1986",5,31,NA,NA,"Julio Iglesias","",NA,NA,NA,1,NA,NA,NA,"Oviedo Museum","Matorral",NA,"87_NOCOMPLEXHymenopteros_OVIEDO_202310242000"
"Eucera",NA,"sp.",NA,"España","Asturias","Abantro (Campo de Caso)",NA,NA,NA,"1987",5,28,NA,NA,"D. Pardo Carneado","",NA,NA,NA,1,NA,NA,NA,"Oviedo Museum","En una flor",NA,"87_NOCOMPLEXHymenopteros_OVIEDO_202310242001"
"Eucera",NA,"sp.",NA,"España","Asturias","Peñaullán",NA,NA,NA,"1982",5,23,NA,NA,"Ana Suárez","",NA,NA,NA,1,NA,NA,NA,"Oviedo Museum","Prado",NA,"87_NOCOMPLEXHymenopteros_OVIEDO_202310242002"
"Eucera",NA,"sp.",NA,"España","Asturias","Espinedo",NA,NA,NA,"1980",5,11,NA,NA,"Ana Concepción","",NA,NA,NA,1,NA,NA,NA,"Oviedo Museum","Huerta",NA,"87_NOCOMPLEXHymenopteros_OVIEDO_202310242003"
"Eucera",NA,"sp.",NA,"España","Asturias","S. Cristóbal (Avilés)",NA,NA,NA,NA,NA,NA,NA,NA,NA,"A. Anadón",NA,NA,NA,1,NA,NA,NA,"Oviedo Museum",NA,NA,"87_NOCOMPLEXHymenopteros_OVIEDO_202310242004"
"Dasypoda",NA,"plumipes",NA,"España","Pontevedra","Panjón",NA,NA,NA,"1972",7,23,NA,NA,"R. Anadón","",NA,NA,NA,1,NA,NA,NA,"Oviedo Museum",NA,NA,"87_NOCOMPLEXHymenopteros_OVIEDO_202310242005"
"Dasypoda",NA,"plumipes",NA,"España","Valladolid","Valladolid",NA,NA,NA,"1982",8,28,NA,NA,"H. Caballero","H. Caballero",NA,NA,NA,1,NA,NA,NA,"Oviedo Museum","Junto a canal","Tiene moho","87_NOCOMPLEXHymenopteros_OVIEDO_202310242006"
"Dasypoda",NA,"plumipes",NA,"España","Salamanca","La Alberca",NA,NA,NA,"1982",8,15,NA,NA,"F. Caballero","",NA,NA,NA,1,NA,NA,NA,"Oviedo Museum",NA,NA,"87_NOCOMPLEXHymenopteros_OVIEDO_202310242007"
"Dasypoda",NA,"plumipes",NA,"España","Asturias","S. Juan de Nieva (Avilés)",NA,NA,NA,"1977",7,12,NA,NA,"Mª Elena Díaz S.","A. Anadón",NA,NA,NA,1,NA,NA,NA,"Oviedo Museum","Sobre planta",NA,"87_NOCOMPLEXHymenopteros_OVIEDO_202310242008"
"Dasypoda",NA,NA,NA,"España","Pontevedra","Panjón",NA,NA,NA,"1972",7,23,NA,NA,"R. Anadón","A. Anadón",NA,NA,NA,1,NA,NA,NA,"Oviedo Museum",NA,NA,"87_NOCOMPLEXHymenopteros_OVIEDO_202310242009"
"Dasypoda",NA,NA,NA,"España","Pontevedra","Panjón",NA,NA,NA,"1972",7,23,NA,NA,"R. Anadón","",NA,NA,NA,1,NA,NA,NA,"Oviedo Museum",NA,NA,"87_NOCOMPLEXHymenopteros_OVIEDO_202310242010"
"Dasypoda",NA,"sp.",NA,"España","Pontevedra","Panjón",NA,NA,NA,"1972",7,22,NA,NA,"R. Anadón","",NA,NA,NA,1,NA,NA,NA,"Oviedo Museum",NA,NA,"87_NOCOMPLEXHymenopteros_OVIEDO_202310242011"
"Dasypoda",NA,"sp.",NA,"España","Palencia","Monte El Viejo",NA,NA,NA,"1983",8,28,NA,NA,"Mª José García","Mª José García",NA,1,NA,0,NA,NA,NA,"Oviedo Museum",NA,NA,"87_NOCOMPLEXHymenopteros_OVIEDO_202310242012"
"Dasypoda",NA,"sp.",NA,"España","Zamora","Zamora",NA,NA,NA,"1987",4,16,NA,NA,"P. Morán","A. Martín Pendás",1,NA,NA,0,NA,NA,NA,"Oviedo Museum",NA,NA,"87_NOCOMPLEXHymenopteros_OVIEDO_202310242013"
"Panurgus",NA,NA,NA,"España","León","La Bañeza",NA,NA,NA,"1980",7,18,NA,NA,"Ana Quero","A. Anadón",NA,NA,NA,1,NA,NA,NA,"Oviedo Museum","Cerca de río",NA,"87_NOCOMPLEXHymenopteros_OVIEDO_202310242014"
"Panurgus",NA,"sp.",NA,"España","Pontevedra","Panjón",NA,NA,NA,"1972",8,3,NA,NA,"R. Aänadón","",NA,NA,NA,1,NA,NA,NA,"Oviedo Museum",NA,NA,"87_NOCOMPLEXHymenopteros_OVIEDO_202310242015"
"Panurgus",NA,"sp.",NA,"España","Pontevedra","Panjón",NA,NA,NA,"1972",8,4,NA,NA,"R. Aänadón","",NA,NA,NA,1,NA,NA,NA,"Oviedo Museum",NA,NA,"87_NOCOMPLEXHymenopteros_OVIEDO_202310242016"
"Panurgus",NA,"sp.",NA,"España","Pontevedra","Panjón",NA,NA,NA,"1972",7,23,NA,NA,"R. Anadón","",NA,NA,NA,1,NA,NA,NA,"Oviedo Museum",NA,NA,"87_NOCOMPLEXHymenopteros_OVIEDO_202310242017"
"Panurgus",NA,"sp.",NA,"España","Pontevedra","Panjón",NA,NA,NA,"1972",7,23,NA,NA,"R. Anadón","",NA,NA,NA,1,NA,NA,NA,"Oviedo Museum",NA,NA,"87_NOCOMPLEXHymenopteros_OVIEDO_202310242018"
"Panurgus",NA,"sp.",NA,"España","Pontevedra","Panjón",NA,NA,NA,"1972",7,23,NA,NA,"R. Anadón","",NA,NA,NA,1,NA,NA,NA,"Oviedo Museum",NA,NA,"87_NOCOMPLEXHymenopteros_OVIEDO_202310242019"
"Panurgus",NA,"sp.",NA,"España","Pontevedra","Panjón",NA,NA,NA,"1972",7,23,NA,NA,"R. Anadón","",NA,NA,NA,1,NA,NA,NA,"Oviedo Museum",NA,NA,"87_NOCOMPLEXHymenopteros_OVIEDO_202310242020"
"Panurgus",NA,"sp.",NA,"España","Pontevedra","Panjón",NA,NA,NA,"1972",7,23,NA,NA,"R. Anadón","",NA,NA,NA,1,NA,NA,NA,"Oviedo Museum",NA,NA,"87_NOCOMPLEXHymenopteros_OVIEDO_202310242021"
"Panurgus",NA,"sp.",NA,"España","Pontevedra","Hio",NA,NA,NA,"1980",8,10,NA,NA,"A. Anadón","",NA,NA,NA,1,NA,NA,NA,"Oviedo Museum",NA,NA,"87_NOCOMPLEXHymenopteros_OVIEDO_202310242022"
"Panurgus",NA,NA,NA,"España","Navarra","Mendivil",NA,NA,NA,"1977",7,8,NA,NA,"A. Anadón","Elvira Flamarique",NA,NA,NA,1,NA,NA,NA,"Oviedo Museum",NA,"Tiene moho","87_NOCOMPLEXHymenopteros_OVIEDO_202310242023"
"Colletes",NA,"sp.",NA,"España","Pontevedra","Panjón",NA,NA,NA,"1972",8,3,NA,NA,"R. Anadón","",NA,NA,NA,1,NA,NA,NA,"Oviedo Museum",NA,NA,"87_NOCOMPLEXHymenopteros_OVIEDO_202310242024"
"Panurgus",NA,NA,NA,"España","Navarra","Mendivil",NA,NA,NA,"1977",7,8,NA,NA,"E. Flamarique","A. Anadón",NA,NA,NA,1,NA,NA,NA,"Oviedo Museum",NA,NA,"87_NOCOMPLEXHymenopteros_OVIEDO_202310242025"
"Panurgus",NA,"sp.",NA,"España","León","La Bañeza",NA,NA,NA,"1980",7,18,NA,NA,"Ana Quero","",NA,NA,NA,1,NA,NA,NA,"Oviedo Museum","Cerca de río",NA,"87_NOCOMPLEXHymenopteros_OVIEDO_202310242026"
"Panurgus",NA,"sp.",NA,"España","León","La Bañeza",NA,NA,NA,"1980",7,18,NA,NA,"Ana Quero","",NA,NA,NA,1,NA,NA,NA,"Oviedo Museum","Cerca de río",NA,"87_NOCOMPLEXHymenopteros_OVIEDO_202310242027"
"Panurgus",NA,"sp.",NA,"España","León","La Bañeza",NA,NA,NA,"1980",7,18,NA,NA,"Ana Quero","",NA,NA,NA,1,NA,NA,NA,"Oviedo Museum","Cerca de río",NA,"87_NOCOMPLEXHymenopteros_OVIEDO_202310242028"
"Andrena",NA,"hattorfiana",NA,"España","Asturias","Perlora",NA,NA,NA,"1979",3,1,NA,NA,"Suárez Suárez","A. Anadón, A. Núñez",1,NA,NA,0,NA,NA,NA,"Oviedo Museum","Sobre flor","Tiene moho","87_NOCOMPLEXHymenopteros_OVIEDO_202310242029"
"Andrea",NA,"florea",NA,"España","Asturias","San Andrés (Trubia)",NA,NA,NA,"1993",5,20,NA,NA,"A. Fdez García","A. Fdez García, A. Núñez",NA,1,NA,0,NA,NA,NA,"Oviedo Museum","Márgen río Trubia",NA,"87_NOCOMPLEXHymenopteros_OVIEDO_202310242030"
"Andrena",NA,"cineraria",NA,"España","Asturias","Teverga",NA,NA,NA,"1978",5,15,NA,NA,"C. Castillo","A. Anadón, A. Núñez",1,NA,NA,0,NA,NA,NA,"Oviedo Museum",NA,NA,"87_NOCOMPLEXHymenopteros_OVIEDO_202310242031"
"Andrena",NA,"flavipes",NA,"España","Valladolid","Cogeces del Monte",NA,NA,NA,"1991",3,29,NA,NA,"P. Velasco Vallejo","P. Velasco Vallejo, A. Núñez",NA,1,NA,0,NA,NA,NA,"Oviedo Museum",NA,NA,"87_NOCOMPLEXHymenopteros_OVIEDO_202310242032"
"Andrena",NA,"schenki",NA,"España","Asturias","Corias",NA,NA,NA,"1978",7,25,NA,NA,NA,"A. Núñez",1,NA,NA,0,NA,NA,NA,"Oviedo Museum",NA,NA,"87_NOCOMPLEXHymenopteros_OVIEDO_202310242033"
"Anthophora",NA,"plumipes",NA,"España","Asturias","Casa Cima",NA,NA,NA,"2009",3,20,NA,NA,"Iria Baraggua","A. Núñez",NA,1,NA,0,NA,NA,NA,"Oviedo Museum",NA,NA,"87_NOCOMPLEXHymenopteros_OVIEDO_202310242034"
"Megachile",NA,"lagopoda",NA,"España","Asturias","La Atalaya",NA,NA,NA,"1991",8,5,NA,NA,"Pedro García Ramón","Pedro García Ramón, A. Núñez",NA,1,NA,0,NA,NA,NA,"Oviedo Museum",NA,NA,"87_NOCOMPLEXHymenopteros_OVIEDO_202310242035"
"Eucera",NA,"nigrescens",NA,"España","Cantabria","Suances",NA,NA,NA,"1987",5,28,NA,NA,"Mª José S. Cacho","Mª José S. Cacho, A. Núñez",1,NA,NA,0,NA,NA,NA,"Oviedo Museum",NA,NA,"87_NOCOMPLEXHymenopteros_OVIEDO_202310242036"
"Eucera",NA,"nigrescens",NA,"España","Valladolid","Villalón de Campos",NA,NA,NA,"1993",5,9,NA,NA,"Santiago Pérez Calvo","A. Núñez",1,NA,NA,0,NA,NA,NA,"Oviedo Museum",NA,NA,"87_NOCOMPLEXHymenopteros_OVIEDO_202310242037"
"Anthophora",NA,"pubescens",NA,"España","Salamanca","Batuecas",NA,NA,NA,"1980",9,28,NA,NA,"M. J. Gañán","M. J. Gañán, A. Núñez",1,NA,NA,0,NA,NA,NA,"Oviedo Museum",NA,NA,"87_NOCOMPLEXHymenopteros_OVIEDO_202310242038"
"Anthophora",NA,"fluvitarsis",NA,"España","León","Urdiales del Páramo",NA,NA,NA,"1983",5,26,NA,NA,"Fdo. Bfton","A. Núñez",NA,1,NA,0,NA,NA,NA,"Oviedo Museum","Flor tu dia",NA,"87_NOCOMPLEXHymenopteros_OVIEDO_202310242039"
"Melecta",NA,"albifrons",NA,"España",NA,"Gallegos",NA,NA,NA,"1987",5,18,NA,NA,"Olga Fdz Prieto","A. Núñez",1,NA,NA,0,NA,NA,NA,"Oviedo Museum",NA,NA,"87_NOCOMPLEXHymenopteros_OVIEDO_202310242040"
"Melecta",NA,"albifrons",NA,"España","Asturias","Somiedo",NA,NA,NA,"1977",5,10,NA,NA,"Héctor Centeno","A. Anadón, A. Núñez",1,NA,NA,0,NA,NA,NA,"Oviedo Museum","Prado",NA,"87_NOCOMPLEXHymenopteros_OVIEDO_202310242041"
"Melecta",NA,"albifrons",NA,"España",NA,"Gallegos",NA,NA,NA,"1987",4,16,NA,NA,"Olga Fdz Prieto","A. Núñez",NA,1,NA,0,NA,NA,NA,"Oviedo Museum",NA,"Tiene moho","87_NOCOMPLEXHymenopteros_OVIEDO_202310242042"
"Andrena",NA,"sp.",NA,"España","Burgos","Edesa Montija",NA,NA,NA,"1991",3,30,NA,NA,"B. Baranda","B. Baranda, A. Núñez",1,NA,NA,0,NA,NA,NA,"Oviedo Museum",NA,NA,"87_NOCOMPLEXHymenopteros_OVIEDO_202310242043"
"Colletes",NA,"hederae",NA,"España","Asturias","Luarca",NA,NA,NA,NA,NA,NA,NA,NA,"A. Busto","A. Núñez",1,NA,NA,0,NA,NA,NA,"Oviedo Museum",NA,NA,"87_NOCOMPLEXHymenopteros_OVIEDO_202310242044"
"Colletes",NA,"cunicularius",NA,"España","Asturias","Rodiles",NA,NA,NA,"2019",2,24,NA,NA,"A. Anadón","A. Núñez",NA,1,NA,0,NA,NA,NA,"Oviedo Museum","Nidos arena. Ciento",NA,"87_NOCOMPLEXHymenopteros_OVIEDO_202310242045"
"Hylaeus",NA,"variegatus",NA,"España","Valladolid","Simancas",NA,NA,NA,"1978",7,13,NA,NA,"M. A. Aranda","A. Anadón, A. Núñez",NA,1,NA,0,NA,NA,NA,"Oviedo Museum",NA,NA,"87_NOCOMPLEXHymenopteros_OVIEDO_202310242046"
"Halictus",NA,"quadricinctus",NA,"España","Burgos","Sedano",NA,NA,NA,"1982",8,7,NA,NA,"M. J. Darián","A. Núñez",1,NA,NA,0,NA,NA,NA,"Oviedo Museum",NA,NA,"87_NOCOMPLEXHymenopteros_OVIEDO_202310242047"
"Halictus",NA,"scabiosae",NA,"España","Asturias","Caces",NA,NA,NA,"2009",8,11,NA,NA,"José M. Suárez","José M. Suárez, A. Núñez",NA,1,NA,0,NA,NA,NA,"Oviedo Museum","Matorral",NA,"87_NOCOMPLEXHymenopteros_OVIEDO_202310242048"
"Halictus",NA,"scabiosae",NA,"España","Asturias","Sestiello",NA,NA,NA,"2010",6,10,NA,NA,"Santiago García Glez","A. Núñez",1,NA,NA,0,NA,NA,NA,"Oviedo Museum","Prado",NA,"87_NOCOMPLEXHymenopteros_OVIEDO_202310242049"
"Lasioglossum",NA,"nigripes",NA,"España","Asturias","Posada de Llanera",NA,NA,NA,"1996",4,25,NA,NA,"Juan M. Mateos","Juan M. Mateos, A. Núñez",1,NA,NA,0,NA,NA,NA,"Oviedo Museum",NA,NA,"87_NOCOMPLEXHymenopteros_OVIEDO_202310242050"
"Lasioglossum",NA,"morio",NA,"España","Pontevedra","Isla Estela",NA,NA,NA,"1981",8,21,NA,NA,"A. Anadón","A. Núñez",NA,1,NA,0,NA,NA,NA,"Oviedo Museum",NA,NA,"87_NOCOMPLEXHymenopteros_OVIEDO_202310242051"
"Halictus",NA,"scabiosae",NA,"España","Asturias","Oviedo",NA,NA,NA,"2009",9,21,NA,NA,"Raquel Pereda","A. Núñez",NA,1,NA,0,NA,NA,NA,"Oviedo Museum","Pista finlandesa",NA,"87_NOCOMPLEXHymenopteros_OVIEDO_202310242052"
"Halictus",NA,"scabiosae",NA,"España","Asturias","Corao",NA,NA,NA,"2009",5,7,NA,NA,"Denisse Pantín Díaz","Denisse Pantín Díaz, A. Núñez",NA,1,NA,0,NA,NA,NA,"Oviedo Museum","Camino",NA,"87_NOCOMPLEXHymenopteros_OVIEDO_202310242053"
"Sphecodes",NA,"monilicornis",NA,"España","Asturias","Rodiles",NA,NA,NA,"1997",7,6,NA,NA,"J. Antuña","A. Núñez",1,NA,NA,0,NA,NA,NA,"Oviedo Museum",NA,NA,"87_NOCOMPLEXHymenopteros_OVIEDO_202310242054"
"Andrena",NA,"labiata",NA,"España","Cantabria","Villar",NA,NA,NA,"1993",8,18,NA,NA,"Marta Gatón","Marta Gatón, A. Núñez",1,NA,NA,0,NA,NA,NA,"Oviedo Museum",NA,NA,"87_NOCOMPLEXHymenopteros_OVIEDO_202310242055"
"Osmia",NA,"niveata",NA,"España","Asturias","Oviedo",NA,NA,NA,"1980",5,28,NA,NA,"J. A. Blanco","J. A. Blanco, A. Núñez",NA,1,NA,0,NA,NA,NA,"Oviedo Museum",NA,NA,"87_NOCOMPLEXHymenopteros_OVIEDO_202310242056"
"Nomiapis",NA,"diversipes",NA,"España","León","Veguellina",NA,NA,NA,"1982",7,8,NA,NA,"M. C. Gutiérrez","A. Núñez",NA,1,NA,0,NA,NA,NA,"Oviedo Museum",NA,NA,"87_NOCOMPLEXHymenopteros_OVIEDO_202310242057"
"Osmia",NA,"niveata",NA,"España","Asturias","Avilés",NA,NA,NA,"1980",5,25,NA,NA,"F. Sotodosos","A. Núñez",1,NA,NA,0,NA,NA,NA,"Oviedo Museum",NA,NA,"87_NOCOMPLEXHymenopteros_OVIEDO_202310242058"
"Megachile",NA,"leachella",NA,"España","Pontevedra","Monteferro",NA,NA,NA,"1981",8,16,NA,NA,"A. Anadón","A. Núñez",NA,1,NA,0,NA,NA,NA,"Oviedo Museum",NA,NA,"87_NOCOMPLEXHymenopteros_OVIEDO_202310242059"
"Osmia",NA,"bicolor",NA,"España","Asturias","Monte Naranco",NA,NA,NA,"1982",4,7,NA,NA,"M. Cruz Martín","A. Núñez",NA,1,NA,0,NA,NA,NA,"Oviedo Museum","Borde camino",NA,"87_NOCOMPLEXHymenopteros_OVIEDO_202310242060"
"Megachile",NA,"centuncularis",NA,"España","Asturias","Tiñana",NA,NA,NA,"1987",5,24,NA,NA,"Mª Ángeles G.","A. Núñez",1,NA,NA,0,NA,NA,NA,"Oviedo Museum",NA,NA,"87_NOCOMPLEXHymenopteros_OVIEDO_202310242061"
"Osmia",NA,"aurulenta",NA,"España","Asturias","Valdedios",NA,NA,NA,"1989",5,14,NA,NA,"V. L. Doriga","V. L. Doriga, A. Núñez",1,NA,NA,0,NA,NA,NA,"Oviedo Museum",NA,NA,"87_NOCOMPLEXHymenopteros_OVIEDO_202310242062"
"Hoplitis",NA,"adunca",NA,"España","Asturias","Rodiles",NA,NA,NA,"1997",7,6,NA,NA,"J. Antuña","A. Núñez",1,NA,NA,0,NA,NA,NA,"Oviedo Museum",NA,NA,"87_NOCOMPLEXHymenopteros_OVIEDO_202310242063"
"Megachile",NA,"lagopoda",NA,"España","Asturias","El Cristo (Oviedo)",NA,NA,NA,"1986",6,8,NA,NA,"Carlos M. Martínez","A. Anadón, A. Núñez",NA,1,NA,0,NA,NA,NA,"Oviedo Museum",NA,NA,"87_NOCOMPLEXHymenopteros_OVIEDO_202310242064"
"Coelioxys",NA,"inermis",NA,"España","Asturias","Gijón",NA,NA,NA,"1979",8,4,NA,NA,"P. Figaredo","A. Núñez",1,NA,NA,0,NA,NA,NA,"Oviedo Museum",NA,NA,"87_NOCOMPLEXHymenopteros_OVIEDO_202310242065"
"Megachile",NA,"lagopoda",NA,"España","Salamanca","La Alberca",NA,NA,NA,"1982",8,13,NA,NA,"H. Caballero","A. Núñez",NA,1,NA,0,NA,NA,NA,"Oviedo Museum","Sobre flores",NA,"87_NOCOMPLEXHymenopteros_OVIEDO_202310242066"
"Osmia",NA,"bicornis",NA,"España","Huesca","Torla",NA,NA,NA,"2006",7,12,NA,NA,"Pilar J. B.","Pilar J. B., A. Núñez",1,NA,NA,0,NA,NA,NA,"Oviedo Museum",NA,NA,"87_NOCOMPLEXHymenopteros_OVIEDO_202310242067"
"Megachile",NA,"pilidens",NA,"España","Pontevedra","Panjón",NA,NA,NA,"1980",8,15,NA,NA,"A. Anadón","A. Núñez",1,NA,NA,0,NA,NA,NA,"Oviedo Museum",NA,NA,"87_NOCOMPLEXHymenopteros_OVIEDO_202310242068"
"Megachile",NA,"ericetorum",NA,"España","León","El Campo",NA,NA,NA,"1980",7,27,NA,NA,"Ana Jesús Glez Fdez","A. Núñez",1,NA,NA,0,NA,NA,NA,"Oviedo Museum",NA,NA,"87_NOCOMPLEXHymenopteros_OVIEDO_202310242069"
"Dasypoda",NA,"argentata",NA,"España","Asturias","Mª Eugenia",NA,NA,NA,"2010",6,14,NA,NA,"Omar Cots","Omar Cots, A. Núñez",NA,1,NA,0,NA,NA,NA,"Oviedo Museum","Prado, sobre flor",NA,"87_NOCOMPLEXHymenopteros_OVIEDO_202310242070"
"Dasypoda",NA,"argentata",NA,"España","Lugo","Bailremos",NA,NA,NA,"2008",7,18,NA,NA,"Eusa Díaz","Eusa Díaz, A. Núñez",NA,1,NA,0,NA,NA,NA,"Oviedo Museum",NA,NA,"87_NOCOMPLEXHymenopteros_OVIEDO_202310242071"
"Dasypoda",NA,"hirtipes",NA,"España","Asturias","Salinas",NA,NA,NA,"1983",8,21,NA,NA,"D. Sor. Fernández","A. Anadón, A. Núñez",1,NA,NA,0,NA,NA,NA,"Oviedo Museum",NA,NA,"87_NOCOMPLEXHymenopteros_OVIEDO_202310242072"
"Dasypoda",NA,"argentata",NA,"España","Asturias","Cristo (Oviedo)",NA,NA,NA,"1994",7,12,NA,NA,"Mª J. Villamor","Mª J. Villamor, A. Núñez",1,NA,NA,0,NA,NA,NA,"Oviedo Museum",NA,NA,"87_NOCOMPLEXHymenopteros_OVIEDO_202310242073"
"Bombus",NA,"pascuorum/humilis",NA,"España","Asturias","Veriña",NA,NA,NA,"1997",7,12,NA,NA,"José L. Huerta","Sandra Martínez",NA,NA,NA,1,NA,NA,NA,"Oviedo Museum",NA,NA,"87_NOCOMPLEXHymenopteros_OVIEDO_202310242074"
"Bombus",NA,"pascuorum",NA,"España","Asturias","Picu Villa",NA,NA,NA,"1998",5,16,NA,NA,"Manuel Infiesta","Susana Prieto",NA,NA,NA,1,NA,NA,NA,"Oviedo Museum",NA,NA,"87_NOCOMPLEXHymenopteros_OVIEDO_202310242075"
"Bombus",NA,"pascuorum",NA,"España","Asturias","La Furta (Nubledo)",NA,NA,NA,"1977",8,5,NA,NA,"Rocío Rosa García","Rocío Rosa García",NA,NA,NA,1,NA,NA,NA,"Oviedo Museum",NA,NA,"87_NOCOMPLEXHymenopteros_OVIEDO_202310242076"
"Bombus",NA,"pascuorum/muscorum/humilis",NA,"España","Asturias","Navia",NA,NA,NA,"1997",9,2,NA,NA,"Nieves Rgdz","Silvia Martínez",NA,NA,NA,1,NA,NA,NA,"Oviedo Museum",NA,NA,"87_NOCOMPLEXHymenopteros_OVIEDO_202310242077"
"Bombus",NA,"pascuorum/humilis",NA,"España","Asturias","Salinas",NA,NA,NA,"1997",6,27,NA,NA,"Rafael Fdz","Consuelo Fdz",NA,NA,NA,1,NA,NA,NA,"Oviedo Museum",NA,NA,"87_NOCOMPLEXHymenopteros_OVIEDO_202310242078"
"Bombus",NA,"pascuorum",NA,"España","Cantabria","Linto",NA,NA,NA,NA,NA,NA,NA,NA,"Paulino Pascual","Marta Pascual",NA,NA,NA,1,NA,NA,NA,"Oviedo Museum",NA,NA,"87_NOCOMPLEXHymenopteros_OVIEDO_202310242079"
"Bombus",NA,"pascuorum",NA,"España","Asturias","Los Alfilorios",NA,NA,NA,"1997",2,26,NA,NA,"P. Ramas","P. Ramas",NA,NA,NA,1,NA,NA,NA,"Oviedo Museum",NA,"Tiene un ácaro bajo el ala izquierda","87_NOCOMPLEXHymenopteros_OVIEDO_202310242080"
"Bombus",NA,"pascuorum",NA,"España","Asturias","Los Pontones (Telledo)",NA,NA,NA,"1998",8,10,NA,NA,"C. Fdez Martín","C. Fdez Martín",NA,NA,NA,1,NA,NA,NA,"Oviedo Museum",NA,NA,"87_NOCOMPLEXHymenopteros_OVIEDO_202310242081"
"Bombus",NA,"pascuorum",NA,"España","Asturias","Somio",NA,NA,NA,"1997",7,3,NA,NA,"Vanesa A. F.","Vanesa A. Faes",NA,NA,NA,1,NA,NA,NA,"Oviedo Museum",NA,NA,"87_NOCOMPLEXHymenopteros_OVIEDO_202310242082"
"Bombus",NA,"muscorum",NA,"España","Asturias","Parque P. Tomás (Oviedo)",NA,NA,NA,"1998",3,4,NA,NA,"Mª José Llera","Mª José Llera",NA,NA,NA,1,NA,NA,NA,"Oviedo Museum","Parque",NA,"87_NOCOMPLEXHymenopteros_OVIEDO_202310242083"
"Bombus",NA,"pascuorum",NA,"España","Asturias","Ponga",NA,NA,NA,"1997",4,6,NA,NA,"Ana Mª Camín","Ana Mª Camín",NA,NA,NA,1,NA,NA,NA,"Oviedo Museum",NA,NA,"87_NOCOMPLEXHymenopteros_OVIEDO_202310242084"
"Bombus",NA,"pascuorum",NA,"España","Asturias","Sietes",NA,NA,NA,"1996",4,14,NA,NA,"Gonzalo Alonso","Isabel Mojardin",NA,NA,NA,1,NA,NA,NA,"Oviedo Museum",NA,NA,"87_NOCOMPLEXHymenopteros_OVIEDO_202310242085"
"Bombus",NA,"pascuorum/muscorum/humilis",NA,"España","Asturias","Latores",NA,NA,NA,NA,NA,NA,NA,NA,"David Muñoz Martínez","David Muñoz",NA,NA,NA,1,NA,NA,NA,"Oviedo Museum",NA,NA,"87_NOCOMPLEXHymenopteros_OVIEDO_202310242086"
"Bombus",NA,"pascuorum/muscorum/humilis",NA,"España","Asturias","Piedras Blancas",NA,NA,NA,"1997",9,15,NA,NA,"Paula García","Paula García",NA,NA,NA,1,NA,NA,NA,"Oviedo Museum",NA,NA,"87_NOCOMPLEXHymenopteros_OVIEDO_202310242087"
"Bombus",NA,"pascuorum/muscorum/humilis",NA,"España","Asturias","Santullano",NA,NA,NA,"1998",4,26,NA,NA,"Idurre Larrarabal","Idurre Larrarabal",NA,1,NA,0,NA,NA,NA,"Oviedo Museum",NA,NA,"87_NOCOMPLEXHymenopteros_OVIEDO_202310242088"
"Bombus",NA,"pascuorum/muscorum/humilis",NA,"España","Asturias","Vega",NA,NA,NA,"1998",5,10,NA,NA,"Susana Prieto","Marco A. Varela",NA,NA,NA,1,NA,NA,NA,"Oviedo Museum",NA,NA,"87_NOCOMPLEXHymenopteros_OVIEDO_202310242089"
"Bombus",NA,"pascuorum/muscorum/humilis",NA,"España","Asturias","Solomir",NA,NA,NA,"1997",5,2,NA,NA,"I. Gutiérrez Martínez","I. Gutiérrez Martínez",NA,NA,NA,1,NA,NA,NA,"Oviedo Museum",NA,NA,"87_NOCOMPLEXHymenopteros_OVIEDO_202310242090"
"Bombus",NA,"muscorum/humilis",NA,"España","Asturias","Luarca",NA,NA,NA,NA,NA,NA,NA,NA,"Juan M. Mateos","Juan M. Mateos",NA,NA,NA,1,NA,NA,NA,"Oviedo Museum",NA,NA,"87_NOCOMPLEXHymenopteros_OVIEDO_202310242091"
"Bombus",NA,"pascuorum",NA,"España","Asturias","Pancar",NA,NA,NA,"1997",11,22,NA,NA,"J. A. García Fuentes","J. A. García Fuentes",NA,NA,NA,1,NA,NA,NA,"Oviedo Museum",NA,NA,"87_NOCOMPLEXHymenopteros_OVIEDO_202310242092"
"Bombus",NA,"pascuorum",NA,"España","Asturias","Ruta del oso",NA,NA,NA,"1996",11,19,NA,NA,"Andrés Pérez","Andrés Pérez",NA,NA,NA,1,NA,NA,NA,"Oviedo Museum",NA,NA,"87_NOCOMPLEXHymenopteros_OVIEDO_202310242093"
"Bombus",NA,"pascuorum",NA,"España","Asturias","Cayón",NA,NA,NA,"2003",7,8,NA,NA,"S. Tolivia","",NA,NA,NA,1,NA,NA,NA,"Oviedo Museum",NA,NA,"87_NOCOMPLEXHymenopteros_OVIEDO_202310242094"
"Bombus",NA,"pascuorum",NA,"España","Cantabria","La Penilla",NA,NA,NA,NA,NA,NA,NA,NA,"H. Glez Schez","H. Glez Schez",NA,NA,NA,1,NA,NA,NA,"Oviedo Museum",NA,"Tiene moho","87_NOCOMPLEXHymenopteros_OVIEDO_202310242095"
"Bombus",NA,"pascuorum/muscorum/humilis",NA,"España","Asturias","Latores",NA,NA,NA,"1997",4,14,NA,NA,"Manuel A. Alcántara","Manuel A. Alcántara",NA,NA,NA,1,NA,NA,NA,"Oviedo Museum",NA,NA,"87_NOCOMPLEXHymenopteros_OVIEDO_202310242096"
"Bombus",NA,"pascuorum/muscorum/humilis",NA,"España","Asturias","El Carbayo (Ciaño)",NA,NA,NA,"1996",5,22,NA,NA,"N. Fdez Alberti","M. T. Vázquez",NA,NA,NA,1,NA,NA,NA,"Oviedo Museum",NA,NA,"87_NOCOMPLEXHymenopteros_OVIEDO_202310242097"
"Bombus",NA,"pascuorum",NA,"España","Asturias","Luarca",NA,NA,NA,"1995",11,2,NA,NA,"Sonia Cabo","Sonia Cabo",NA,NA,NA,1,NA,NA,NA,"Oviedo Museum",NA,NA,"87_NOCOMPLEXHymenopteros_OVIEDO_202310242098"
"Bombus",NA,"pascuorum",NA,"España","Asturias","S. Andrés",NA,NA,NA,"1997",8,18,NA,NA,"Mario Busto","Mario Busto",1,NA,NA,0,NA,NA,NA,"Oviedo Museum",NA,NA,"87_NOCOMPLEXHymenopteros_OVIEDO_202310242099"
"Bombus",NA,"pascuorum",NA,"España","Asturias","Oviedo",NA,NA,NA,"1997",4,24,NA,NA,"Germán Orizaola","Germán Orizaola",1,NA,NA,0,NA,NA,NA,"Oviedo Museum",NA,NA,"87_NOCOMPLEXHymenopteros_OVIEDO_202310242100"
"Bombus",NA,"pascuorum/muscorum/humilis",NA,"España","Asturias","Pola de Somiedo",NA,NA,NA,"1997",11,4,NA,NA,"Mª José Sierra","Mª José Sierra",NA,NA,NA,1,NA,NA,NA,"Oviedo Museum",NA,NA,"87_NOCOMPLEXHymenopteros_OVIEDO_202310242101"
NA,NA,NA,NA,"España","Asturias","Susacasa Nembro",NA,NA,NA,"1997",8,5,NA,NA,"Rocío Rosa García","Rocío Rosa García",NA,NA,NA,1,NA,NA,NA,"Oviedo Museum",NA,NA,"87_NOCOMPLEXHymenopteros_OVIEDO_202310242102"
"Bombus",NA,"pascuorum",NA,"España","Navarra","Carcastillo",NA,NA,NA,"1997",7,20,NA,NA,"Verónica González Baquero","Verónica González Baquero",NA,NA,NA,1,NA,NA,NA,"Oviedo Museum",NA,NA,"87_NOCOMPLEXHymenopteros_OVIEDO_202310242103"
"Bombus",NA,"pascuorum",NA,"España","Asturias","Los Pontones (Telledo)",NA,NA,NA,"1998",8,10,NA,NA,"C. Fdez Martín","C. Fdez Martín",NA,NA,NA,1,NA,NA,NA,"Oviedo Museum",NA,NA,"87_NOCOMPLEXHymenopteros_OVIEDO_202310242104"
"Bombus",NA,"pascuorum/muscorum/humilis",NA,"España","Cantabria","Soto Marina",NA,NA,NA,"1997",7,3,NA,NA,"A. Sierra","A. Sierra",NA,NA,NA,1,NA,NA,NA,"Oviedo Museum",NA,NA,"87_NOCOMPLEXHymenopteros_OVIEDO_202310242105"
"Bombus",NA,"muscorum/humilis",NA,"España","Asturias","Ciaño",NA,NA,NA,"1996",5,10,NA,NA,"M. T. Vázquez","E. Hilla Merchán",1,NA,NA,0,NA,NA,NA,"Oviedo Museum",NA,NA,"87_NOCOMPLEXHymenopteros_OVIEDO_202310242106"
NA,NA,NA,NA,"España","Asturias","Villar (Luarca)",NA,NA,NA,NA,NA,NA,NA,NA,"J. L. Ortiz Suárez","J. L. Ortiz Suárez",1,NA,NA,0,NA,NA,NA,"Oviedo Museum",NA,NA,"87_NOCOMPLEXHymenopteros_OVIEDO_202310242107"
"Psithyrus",NA,"campestris",NA,"España","Asturias","Veriña",NA,NA,NA,"1997",7,18,NA,NA,"Jose L. Huerta","Sandra Martínez",1,NA,NA,0,NA,NA,NA,"Oviedo Museum",NA,NA,"87_NOCOMPLEXHymenopteros_OVIEDO_202310242108"
"Bombus",NA,"sylvarum",NA,"España","Asturias","Oviedo",NA,NA,NA,"1997",2,18,NA,NA,"David del Corral","David del Corral",NA,NA,NA,1,NA,NA,NA,"Oviedo Museum",NA,NA,"87_NOCOMPLEXHymenopteros_OVIEDO_202310242109"
"Bombus",NA,"sylvarum",NA,"España","Asturias","Soto del Barco",NA,NA,NA,"1998",7,23,NA,NA,"Rebeca G.","Rebeca G.",NA,NA,NA,1,NA,NA,NA,"Oviedo Museum",NA,NA,"87_NOCOMPLEXHymenopteros_OVIEDO_202310242110"
"Psithyrus",NA,"campestris",NA,"España","Asturias","Vega'l Rei",NA,NA,NA,"1995",7,25,NA,NA,"R. Ordiales","R. Ordiales",NA,NA,NA,1,NA,NA,NA,"Oviedo Museum",NA,NA,"87_NOCOMPLEXHymenopteros_OVIEDO_202310242111"
"Bombus",NA,"sylvarum",NA,"España","Asturias","Deva",NA,NA,NA,NA,NA,NA,NA,NA,"Patricia Mdez","Patricia Mdez",NA,NA,NA,1,NA,NA,NA,"Oviedo Museum",NA,NA,"87_NOCOMPLEXHymenopteros_OVIEDO_202310242112"
NA,NA,NA,NA,"España","Cantabria","Monte Teja",NA,NA,NA,NA,NA,NA,NA,NA,"Marta Pascual","Marta Pascual",NA,NA,NA,1,NA,NA,NA,"Oviedo Museum",NA,NA,"87_NOCOMPLEXHymenopteros_OVIEDO_202310242113"
"Psithyrus",NA,"campestris",NA,"España",NA,"Terrona",NA,NA,NA,NA,NA,NA,NA,NA,"Xuacu Izq.","Arturo Madera",NA,NA,NA,1,NA,NA,NA,"Oviedo Museum",NA,NA,"87_NOCOMPLEXHymenopteros_OVIEDO_202310242114"
"Bombus",NA,"pascuorum/muscorum/humilis",NA,"España","Asturias","El Villar (Luarca)",NA,NA,NA,"1996",10,22,NA,NA,"M. García López","M. García López",1,NA,NA,0,NA,NA,NA,"Oviedo Museum",NA,NA,"87_NOCOMPLEXHymenopteros_OVIEDO_202310242115"
"Bombus",NA,"lucorum",NA,"España","Asturias","Sta Rosa",NA,NA,NA,"2003",10,25,NA,NA,"María González","Maria Glez",NA,NA,NA,1,NA,NA,NA,"Oviedo Museum","Alrededor de sebe",NA,"87_NOCOMPLEXHymenopteros_OVIEDO_202310242116"
"Bombus",NA,"lucorum",NA,"España","Asturias","El Cantu (Cenera)",NA,NA,NA,"2004",10,22,NA,NA,"M. Vázquez","Miguel Vqz",NA,NA,NA,1,NA,NA,NA,"Oviedo Museum","Campo",NA,"87_NOCOMPLEXHymenopteros_OVIEDO_202310242117"
"Bombus",NA,"lucorum",NA,"España","Asturias","Oviedo",NA,NA,NA,"2004",10,26,NA,NA,"Manuel Villa","Manuel Villa",NA,NA,NA,1,NA,NA,NA,"Oviedo Museum","Prado",NA,"87_NOCOMPLEXHymenopteros_OVIEDO_202310242118"
"Bombus",NA,"lucorum",NA,"España","Asturias","Nembra",NA,NA,NA,"2004",12,20,NA,NA,"Mª Jesús García","Beatriz García",NA,NA,NA,1,NA,NA,NA,"Oviedo Museum","Casa",NA,"87_NOCOMPLEXHymenopteros_OVIEDO_202310242119"
"Bombus",NA,"lucorum",NA,"España","Asturias","Severies",NA,NA,NA,"2004",10,12,NA,NA,"Adrián Huerta","Adrián Huerta",NA,NA,NA,1,NA,NA,NA,"Oviedo Museum","Prado",NA,"87_NOCOMPLEXHymenopteros_OVIEDO_202310242120"
"Bombus",NA,"sp.",NA,"España","Asturias","Prubia",NA,NA,NA,"1997",4,10,NA,NA,"E. Hilla Merchán","E. Hilla Merchán",NA,NA,NA,1,NA,NA,NA,"Oviedo Museum",NA,NA,"87_NOCOMPLEXHymenopteros_OVIEDO_202310242121"
"Bombus",NA,"terrestris",NA,"España","Asturias","Mieres",NA,NA,NA,NA,NA,NA,NA,NA,"Noemí Torrado","Noemí Torrado",NA,NA,NA,1,NA,NA,NA,"Oviedo Museum",NA,NA,"87_NOCOMPLEXHymenopteros_OVIEDO_202310242122"
"Bombus",NA,"lucorum",NA,"España","Asturias","Priandi",NA,NA,NA,"2004",6,6,NA,NA,"Patricia Pérez","Beatriz Cantora",NA,NA,NA,1,NA,NA,NA,"Oviedo Museum","Monte",NA,"87_NOCOMPLEXHymenopteros_OVIEDO_202310242123"
"Bombus",NA,"hortorum",NA,"España","Asturias","Oviedo",NA,NA,NA,"2004",9,8,NA,NA,"Mercedes Álvarez","Mercedes Álvarez",NA,NA,NA,1,NA,NA,NA,"Oviedo Museum","Terraza",NA,"87_NOCOMPLEXHymenopteros_OVIEDO_202310242124"
"Bombus",NA,"lucorum",NA,"España","Asturias","Fonciello",NA,NA,NA,"2001",9,30,NA,NA,"Pablo Fonseca","Pablo Fonseca",NA,NA,NA,1,NA,NA,NA,"Oviedo Museum","Pastizal",NA,"87_NOCOMPLEXHymenopteros_OVIEDO_202310242125"
"Bombus",NA,"lucorum",NA,"España","Asturias","Fresnedo",NA,NA,NA,"2002",2,6,NA,NA,"Pablo Glez Areces","Pablo Glez Areces",1,NA,NA,0,NA,NA,NA,"Oviedo Museum",NA,NA,"87_NOCOMPLEXHymenopteros_OVIEDO_202310242126"
"Bombus",NA,"lucorum",NA,"España","Asturias","Cudillero",NA,NA,NA,"2001",11,17,NA,NA,"Carlos Glez","Carlos Glez",NA,NA,NA,1,NA,NA,NA,"Oviedo Museum",NA,NA,"87_NOCOMPLEXHymenopteros_OVIEDO_202310242127"
"Bombus",NA,"terrestris",NA,"España","Asturias","Cenera",NA,NA,NA,"2001",10,26,NA,NA,"Ana Colunga","Ana Colunga",NA,NA,NA,1,NA,NA,NA,"Oviedo Museum","Pradera",NA,"87_NOCOMPLEXHymenopteros_OVIEDO_202310242128"
"Bombus",NA,"muscorum",NA,"España","Asturias","Siero",NA,NA,NA,"2005",3,3,NA,NA,"Manuel Bartolomé","Manuel Bartolomé",NA,NA,NA,1,NA,NA,NA,"Oviedo Museum","Pradera","Tiene moho","87_NOCOMPLEXHymenopteros_OVIEDO_202310242129"
"Bombus",NA,"pascuorum",NA,"España","Asturias","Porciles (Espinaredo)",NA,NA,NA,"2005",4,29,NA,NA,"D. Alonso Novoa","D. Alonso Novoa",NA,NA,NA,1,NA,NA,NA,"Oviedo Museum",NA,NA,"87_NOCOMPLEXHymenopteros_OVIEDO_202310242130"
"Bombus",NA,"pascuorum",NA,"España","Asturias","Mieres",NA,NA,NA,"2005",7,6,NA,NA,"Víctor García","V. M. García",1,NA,NA,0,NA,NA,NA,"Oviedo Museum",NA,NA,"87_NOCOMPLEXHymenopteros_OVIEDO_202310242131"
"Bombus",NA,"muscorum/humilis",NA,"España","Asturias","Parque Purificación (Oviedo)",NA,NA,NA,"2005",9,19,NA,NA,"D. Glez","D. Glez",NA,NA,NA,1,NA,NA,NA,"Oviedo Museum",NA,NA,"87_NOCOMPLEXHymenopteros_OVIEDO_202310242132"
"Bombus",NA,"pascuorum",NA,"España","Asturias","Cuérigo",NA,NA,NA,"2004",10,22,NA,NA,"Cristina Miranda","Cristina M. C.",NA,NA,NA,1,NA,NA,NA,"Oviedo Museum","Prado",NA,"87_NOCOMPLEXHymenopteros_OVIEDO_202310242133"
"Bombus",NA,"pascuorum",NA,"España","Asturias","Pravia",NA,NA,NA,"2005",8,20,NA,NA,"Mercedes Álvarez","Mercedes Álvarez",NA,NA,NA,1,NA,NA,NA,"Oviedo Museum","Prado",NA,"87_NOCOMPLEXHymenopteros_OVIEDO_202310242134"
"Bombus",NA,"pascuorum",NA,"España","Asturias","Finca \"El Pumarín\" (Espinedo)",NA,NA,NA,"2005",8,24,NA,NA,"Laura Ortiz","L. Ortiz",NA,NA,NA,1,NA,NA,NA,"Oviedo Museum",NA,NA,"87_NOCOMPLEXHymenopteros_OVIEDO_202310242135"
"Bombus",NA,"hortorum",NA,"España","Asturias","Fresnedo",NA,NA,NA,"2002",1,16,NA,NA,"Pablo Glez Areces","Pablo Glez Areces",NA,NA,NA,1,NA,NA,NA,"Oviedo Museum",NA,NA,"87_NOCOMPLEXHymenopteros_OVIEDO_202310242136"
"Bombus",NA,"terrestris",NA,"España","Asturias","Tremañes",NA,NA,NA,"2001",10,28,NA,NA,"Silvia L. Pérez C.","",NA,NA,NA,1,NA,NA,NA,"Oviedo Museum",NA,NA,"87_NOCOMPLEXHymenopteros_OVIEDO_202310242137"
"Bombus",NA,"lucorum",NA,"España","Asturias","Oviedo",NA,NA,NA,"2001",11,23,NA,NA,"Ana Pérez","Ana Pérez",NA,NA,NA,1,NA,NA,NA,"Oviedo Museum",NA,NA,"87_NOCOMPLEXHymenopteros_OVIEDO_202310242138"
"Bombus",NA,"pascuorum",NA,"España","Asturias","Cenera",NA,NA,NA,"2001",10,23,NA,NA,"María López","",NA,NA,NA,1,NA,NA,NA,"Oviedo Museum",NA,NA,"87_NOCOMPLEXHymenopteros_OVIEDO_202310242139"
"Bombus",NA,"pascuorum",NA,"España","Asturias","Cenera",NA,NA,NA,NA,NA,NA,NA,NA,"David Arias Matas","David Arias Matas",NA,NA,NA,1,NA,NA,NA,"Oviedo Museum",NA,NA,"87_NOCOMPLEXHymenopteros_OVIEDO_202310242140"
"Bombus",NA,"terrestris",NA,"España","Asturias","Cenera",NA,NA,NA,"2002",11,17,NA,NA,"J. Junco","J. Junco",NA,NA,NA,1,NA,NA,NA,"Oviedo Museum","Área recreativa",NA,"87_NOCOMPLEXHymenopteros_OVIEDO_202310242141"
"Apis",NA,"mellifera",NA,"España","Asturias","Cenera",NA,NA,NA,"2002",10,25,NA,NA,"David Barjollo","David Barjollo",NA,NA,NA,1,NA,NA,NA,"Oviedo Museum","Pradera","Tiene moho","87_NOCOMPLEXHymenopteros_OVIEDO_202310242142"
"Bombus",NA,"terrestris",NA,NA,NA,"Tineo",NA,NA,NA,"2001",10,20,NA,NA,"Beatriz Mateos","",1,NA,NA,0,NA,NA,NA,"Oviedo Museum",NA,NA,"87_NOCOMPLEXHymenopteros_OVIEDO_202310242143"
"Bombus",NA,"hortorum",NA,"España","Asturias","Llosalín",NA,NA,NA,"2002",5,1,NA,NA,"Pablo Cuesta de D.","",NA,NA,NA,1,NA,NA,NA,"Oviedo Museum",NA,"El Sotalín. Tiene moho","87_NOCOMPLEXHymenopteros_OVIEDO_202310242144"
"Bombus",NA,"pascuorum",NA,"España","Cantabria","Silió",NA,NA,NA,NA,NA,NA,NA,NA,"Román Gómez","",NA,NA,NA,1,NA,NA,NA,"Oviedo Museum","Monte bajo",NA,"87_NOCOMPLEXHymenopteros_OVIEDO_202310242145"
"Bombus",NA,"sp.",NA,"España","Asturias","Granda",NA,NA,NA,NA,NA,NA,NA,NA,"Juan Gómez","J. Gómez Navedo",NA,NA,NA,1,NA,NA,NA,"Oviedo Museum",NA,NA,"87_NOCOMPLEXHymenopteros_OVIEDO_202310242146"
"Bombus",NA,"pascuorum",NA,"España","Asturias","Las Mazas",NA,NA,NA,"2002",2,11,NA,NA,"B. G. Quintana","B. G. Quintana",NA,NA,NA,1,NA,NA,NA,"Oviedo Museum","Prado",NA,"87_NOCOMPLEXHymenopteros_OVIEDO_202310242147"
"Bombus",NA,"terrestris",NA,"España","Asturias","Porceyo",NA,NA,NA,"1996",3,15,NA,NA,"Guimar S. S.","Guimar S. S.",NA,NA,NA,1,NA,NA,NA,"Oviedo Museum",NA,NA,"87_NOCOMPLEXHymenopteros_OVIEDO_202310242148"
"Bombus",NA,"terrestris/lucorum",NA,"España","Asturias","Luces",NA,NA,NA,"2002",1,10,NA,NA,"J. Alonso","J. Alonso",NA,NA,NA,1,NA,NA,NA,"Oviedo Museum","Jardín",NA,"87_NOCOMPLEXHymenopteros_OVIEDO_202310242149"
"Bombus",NA,"terrestris",NA,"España","Asturias","Urbies",NA,NA,NA,"2001",12,9,NA,NA,"Lucía Cabeza","",NA,NA,NA,1,NA,NA,NA,"Oviedo Museum",NA,NA,"87_NOCOMPLEXHymenopteros_OVIEDO_202310242150"
"Bombus",NA,"terrestris",NA,"España","Asturias","Hevia",NA,NA,NA,"2002",10,16,NA,NA,"Mariano Palacio Suárez","Mariano Palacio 31/06/2003",NA,NA,NA,1,NA,NA,NA,"Oviedo Museum","Sotobosque",NA,"87_NOCOMPLEXHymenopteros_OVIEDO_202310242151"
"Bombus",NA,"terrestris/lucorum",NA,"España","Asturias","Valleya",NA,NA,NA,"2003",5,23,NA,NA,"B. Roces","B. Roces",1,NA,NA,0,NA,NA,NA,"Oviedo Museum","Prado",NA,"87_NOCOMPLEXHymenopteros_OVIEDO_202310242152"
"Bombus",NA,"terrestris",NA,"España","Asturias","Ablaña",NA,NA,NA,"2002",7,13,NA,NA,"Pelayo Álvarez","Pelayo Álvarez",1,NA,NA,0,NA,NA,NA,"Oviedo Museum","Paseo fluvial",NA,"87_NOCOMPLEXHymenopteros_OVIEDO_202310242153"
"Bombus",NA,"terrestris",NA,"España","Asturias","Riosa",NA,NA,NA,"2001",10,26,NA,NA,"Carme Llera","Carme Llera",NA,NA,NA,1,NA,NA,NA,"Oviedo Museum",NA,"Tiene moho","87_NOCOMPLEXHymenopteros_OVIEDO_202310242154"
"Bombus",NA,"sylvarum",NA,"España","Cantabria","Sierra de Cartes",NA,NA,NA,"1996",8,16,NA,NA,"Juan Gómez","J. Gómez Navedo",NA,NA,NA,1,NA,NA,NA,"Oviedo Museum",NA,"Tiene moho","87_NOCOMPLEXHymenopteros_OVIEDO_202310242155"
"Bombus",NA,"sylvarum",NA,"España","Asturias","El Entrego",NA,NA,NA,"2002",12,5,NA,NA,"R. Canis","R. Canis",NA,NA,NA,1,NA,NA,NA,"Oviedo Museum",NA,NA,"87_NOCOMPLEXHymenopteros_OVIEDO_202310242156"
"Bombus",NA,"terrestris",NA,"España","León","Villar del Puerto",NA,NA,NA,"2001",11,2,NA,NA,"Fernando Glez","",NA,NA,NA,1,NA,NA,NA,"Oviedo Museum",NA,"Tiene moho","87_NOCOMPLEXHymenopteros_OVIEDO_202310242157"
"Bombus",NA,"pratorum",NA,"España","Asturias","Cenera",NA,NA,NA,"2002",10,25,NA,NA,"David Barjollo","David Barjollo",NA,NA,NA,1,NA,NA,NA,"Oviedo Museum","Pradera",NA,"87_NOCOMPLEXHymenopteros_OVIEDO_202310242158"
"Bombus",NA,"pascuorum",NA,"España","Asturias","Ruta del Alba",NA,NA,NA,"2003",5,21,NA,NA,"M. Fernández","M. Fernández",1,NA,NA,0,NA,NA,NA,"Oviedo Museum","Prado",NA,"87_NOCOMPLEXHymenopteros_OVIEDO_202310242159"
"Bombus",NA,"lapidarius",NA,"España","Asturias","Peloño",NA,NA,NA,"1975",5,1,NA,NA,"J. A. Prieto","Anadón-Quero",NA,NA,NA,1,NA,NA,NA,"Oviedo Museum",NA,NA,"87_NOCOMPLEXHymenopteros_OVIEDO_202310242160"
"Bombus",NA,"lapidarius",NA,"Francia",NA,"Las Landas",NA,NA,NA,"1995",7,23,NA,NA,"Ana Arrien","Begoña Sastre",NA,NA,NA,1,NA,NA,NA,"Oviedo Museum",NA,NA,"87_NOCOMPLEXHymenopteros_OVIEDO_202310242161"
"Psithyrus",NA,"campestris",NA,"España","Asturias","La Manjoya",NA,NA,NA,"1995",8,10,NA,NA,"Carmen Alonso","J. L. Glez Vecino",NA,NA,NA,1,NA,NA,NA,"Oviedo Museum",NA,NA,"87_NOCOMPLEXHymenopteros_OVIEDO_202310242162"
"Apis",NA,"mellifera",NA,"España","Asturias","Cenua",NA,NA,NA,"2001",10,26,NA,NA,"Lucía Rguez Menéndez","Lucía Rguez Menéndez",NA,NA,NA,1,NA,NA,NA,"Oviedo Museum",NA,NA,"87_NOCOMPLEXHymenopteros_OVIEDO_202310242163"
"Apis",NA,"mellifera",NA,"España","Asturias","Cenua",NA,NA,NA,"2001",10,26,NA,NA,"Lucía Rguez Menéndez","Lucía Rguez Menéndez",NA,NA,NA,1,NA,NA,NA,"Oviedo Museum",NA,NA,"87_NOCOMPLEXHymenopteros_OVIEDO_202310242164"
"Bombus",NA,"pascuorum",NA,"España","Cantabria","Suances",NA,NA,NA,"1995",7,10,NA,NA,"Juan Glez Rguez","Juan Glez Rguez",NA,NA,NA,1,NA,NA,NA,"Oviedo Museum","Jardín de casa",NA,"87_NOCOMPLEXHymenopteros_OVIEDO_202310242165"
"Bombus",NA,"distinguendus",NA,"España","Asturias","La Manjoya",NA,NA,NA,"1995",8,11,NA,NA,"Carmen Alonso","J. L. Glez Vecino",NA,NA,NA,1,NA,NA,NA,"Oviedo Museum",NA,NA,"87_NOCOMPLEXHymenopteros_OVIEDO_202310242166"
"Psithyrus",NA,"campestris",NA,"España","Asturias","Pto. Tarna",NA,NA,NA,"1995",8,26,NA,NA,"L. Frechilla","L. Frechilla",NA,NA,NA,1,NA,NA,NA,"Oviedo Museum","Brezal",NA,"87_NOCOMPLEXHymenopteros_OVIEDO_202310242167"
"Apis",NA,"mellifera",NA,"España","Asturias","Valdecuna",NA,NA,NA,NA,NA,NA,NA,NA,"Carmen Viesca","Carmen Viesca",NA,NA,NA,1,NA,NA,NA,"Oviedo Museum","Pradera",NA,"87_NOCOMPLEXHymenopteros_OVIEDO_202310242168"
"Apis",NA,"mellifera",NA,"España","Cantabria","Suances",NA,NA,NA,"1995",7,10,NA,NA,"Juan Glez Rguez","Juan Glez Rguez",NA,NA,NA,1,NA,NA,NA,"Oviedo Museum","Jardín de casa",NA,"87_NOCOMPLEXHymenopteros_OVIEDO_202310242169"
"Apis",NA,"mellifera",NA,"España","Asturias","La Caba",NA,NA,NA,"2001",11,7,NA,NA,"David Arias Matas","David Arias Matas",NA,NA,NA,1,NA,NA,NA,"Oviedo Museum",NA,NA,"87_NOCOMPLEXHymenopteros_OVIEDO_202310242170"
"Apis",NA,"mellifera",NA,"España","Asturias","Pola de Laviana",NA,NA,NA,"2006",6,1,NA,NA,"P. Buelga","María Buelga",NA,NA,NA,1,NA,NA,NA,"Oviedo Museum","Prado",NA,"87_NOCOMPLEXHymenopteros_OVIEDO_202310242171"
"Eucera",NA,"longicornis",NA,"España","Asturias","Porceyo",NA,NA,NA,"1997",7,23,NA,NA,"Ana Camin Vallín","Ana C. V.",NA,1,NA,0,NA,NA,NA,"Oviedo Museum",NA,NA,"87_NOCOMPLEXHymenopteros_OVIEDO_202310242172"
"Apis",NA,"mellifera",NA,"España","Asturias","Cenera",NA,NA,NA,"2001",10,26,NA,NA,"Aida Solís","Aida Solís",NA,NA,NA,1,NA,NA,NA,"Oviedo Museum",NA,NA,"87_NOCOMPLEXHymenopteros_OVIEDO_202310242173"
"Apis",NA,"mellifera",NA,"España","Asturias","Luarca",NA,NA,NA,NA,NA,NA,NA,NA,"Yvonne Valles","Yvonne Valles",NA,NA,NA,1,NA,NA,NA,"Oviedo Museum",NA,NA,"87_NOCOMPLEXHymenopteros_OVIEDO_202310242174"
"Apis",NA,"mellifera",NA,"España","Asturias","Villar (Luarca)",NA,NA,NA,"1996",10,23,NA,NA,"C. A. Pola","C. A. Pola",NA,NA,NA,1,NA,NA,NA,"Oviedo Museum",NA,NA,"87_NOCOMPLEXHymenopteros_OVIEDO_202310242175"
"Apis",NA,"mellifera",NA,"España","Asturias","Monteana",NA,NA,NA,"2005",9,18,NA,NA,"Ana Fdez","Ana Fdez",NA,NA,NA,1,NA,NA,NA,"Oviedo Museum","Prado",NA,"87_NOCOMPLEXHymenopteros_OVIEDO_202310242176"
"Apis",NA,"mellifera",NA,"España","Asturias","Cenera",NA,NA,NA,"2005",11,11,NA,NA,"Davinia Álvarez","Davinia Álvarez",NA,NA,NA,1,NA,NA,NA,"Oviedo Museum","Prado",NA,"87_NOCOMPLEXHymenopteros_OVIEDO_202310242177"
"Apis",NA,"mellifera",NA,"España","Asturias","Mieres",NA,NA,NA,"2005",11,24,NA,NA,"Estefanía García","",NA,NA,NA,1,NA,NA,NA,"Oviedo Museum","Parque",NA,"87_NOCOMPLEXHymenopteros_OVIEDO_202310242178"
"Apis",NA,"mellifera",NA,"España","Asturias","Villar",NA,NA,NA,"1995",10,31,NA,NA,"Joaquín Pérez","Joaquín Pérez",NA,NA,NA,1,NA,NA,NA,"Oviedo Museum","Sobre hiedra",NA,"87_NOCOMPLEXHymenopteros_OVIEDO_202310242179"
"Apis",NA,"mellifera",NA,"España","Asturias","La Collada",NA,NA,NA,NA,NA,NA,NA,NA,"M. A. García Pieda","M. A. García Pieda",NA,NA,NA,1,NA,NA,NA,"Oviedo Museum",NA,NA,"87_NOCOMPLEXHymenopteros_OVIEDO_202310242180"
"Apis",NA,"mellifera",NA,"España","Asturias","Hevia",NA,NA,NA,"2001",11,15,NA,NA,"Manuel Glez Glez","Manuel Glez",NA,NA,NA,1,NA,NA,NA,"Oviedo Museum","Prado",NA,"87_NOCOMPLEXHymenopteros_OVIEDO_202310242181"
"Apis",NA,"mellifera",NA,"España","Asturias","Cenera",NA,NA,NA,"2002",2,25,NA,NA,"Carlos López","Abel Vega",NA,NA,NA,1,NA,NA,NA,"Oviedo Museum","Prado",NA,"87_NOCOMPLEXHymenopteros_OVIEDO_202310242182"
"Apis",NA,"mellifera",NA,"España","Asturias","Cenera",NA,NA,NA,"2003",4,18,NA,NA,"J. Junco","J. Junco",NA,NA,NA,1,NA,NA,NA,"Oviedo Museum","Área recreativa",NA,"87_NOCOMPLEXHymenopteros_OVIEDO_202310242183"
"Apis",NA,"mellifera",NA,"España","Asturias","Oviñana",NA,NA,NA,"2003",1,5,NA,NA,"Antonio Álvarez","Antonio Álvarez",NA,NA,NA,1,NA,NA,NA,"Oviedo Museum",NA,"Tiene moho","87_NOCOMPLEXHymenopteros_OVIEDO_202310242184"
"Apis",NA,"mellifera",NA,"España","Asturias","Gijón",NA,NA,NA,"2003",7,6,NA,NA,"M. Vigil","M. Vigil",NA,NA,NA,1,NA,NA,NA,"Oviedo Museum",NA,NA,"87_NOCOMPLEXHymenopteros_OVIEDO_202310242185"
"Apis",NA,"mellifera",NA,"España","Asturias","Borres",NA,NA,NA,"2002",1,27,NA,NA,"Iván F. M.","Iván F. M.",NA,NA,NA,1,NA,NA,NA,"Oviedo Museum","Sobre castaño",NA,"87_NOCOMPLEXHymenopteros_OVIEDO_202310242186"
"Apis",NA,"mellifera",NA,"España","Asturias","Amandi",NA,NA,NA,"2001",10,28,NA,NA,"Dolores Busto","Dolores Busto",NA,NA,NA,1,NA,NA,NA,"Oviedo Museum",NA,NA,"87_NOCOMPLEXHymenopteros_OVIEDO_202310242187"
"Apis",NA,"mellifera",NA,"España","Asturias","Cenera",NA,NA,NA,"2001",10,26,NA,NA,"Patricia Puente Garc.","",NA,NA,NA,1,NA,NA,NA,"Oviedo Museum",NA,NA,"87_NOCOMPLEXHymenopteros_OVIEDO_202310242188"
"Apis",NA,"mellifera",NA,"España","Asturias","Las Mazas",NA,NA,NA,"2002",1,13,NA,NA,"B. G. Quintana","B. G. Quintana",NA,NA,NA,1,NA,NA,NA,"Oviedo Museum","Estiércol",NA,"87_NOCOMPLEXHymenopteros_OVIEDO_202310242189"
"Apis",NA,"mellifera",NA,"España","Asturias","Pola de Lena",NA,NA,NA,"2002",1,10,NA,NA,"Beatriz Fdz Perera","",NA,NA,NA,1,NA,NA,NA,"Oviedo Museum",NA,NA,"87_NOCOMPLEXHymenopteros_OVIEDO_202310242190"
"Apis",NA,"mellifera",NA,"España","Asturias","Fastias",NA,NA,NA,"2001",11,4,NA,NA,"Almudena Suárez","",NA,NA,NA,1,NA,NA,NA,"Oviedo Museum",NA,NA,"87_NOCOMPLEXHymenopteros_OVIEDO_202310242191"
"Apis",NA,"mellifera",NA,"España","Asturias","Fastias",NA,NA,NA,"2001",10,14,NA,NA,"Almudena Suárez","",NA,NA,NA,1,NA,NA,NA,"Oviedo Museum",NA,NA,"87_NOCOMPLEXHymenopteros_OVIEDO_202310242192"
"Apis",NA,"mellifera",NA,"España","Asturias","Brañes",NA,NA,NA,"2005",2,4,NA,NA,"Julio Díaz","Julio Díaz",NA,NA,NA,1,NA,NA,NA,"Oviedo Museum","Manzano",NA,"87_NOCOMPLEXHymenopteros_OVIEDO_202310242193"
"Apis",NA,"mellifera",NA,"España","Navarra","Viana",NA,NA,NA,"2009",11,21,NA,NA,"Aintzane Cariñanos Ruiz","Aintzane Cariñanos Ruiz",NA,NA,NA,1,NA,NA,NA,"Oviedo Museum","Pinar",NA,"87_NOCOMPLEXHymenopteros_OVIEDO_202310242194"
"Apis",NA,"mellifera",NA,"España","Asturias","\"El Cantu\" (Cenera)",NA,NA,NA,"2004",10,22,NA,NA,"M. Vecino","M. Vecino",NA,NA,NA,1,NA,NA,NA,"Oviedo Museum",NA,NA,"87_NOCOMPLEXHymenopteros_OVIEDO_202310242195"
"Apis",NA,"mellifera",NA,"España","Asturias","Logrezana",NA,NA,NA,NA,NA,NA,NA,NA,"Noel López","Noel López",NA,NA,NA,1,NA,NA,NA,"Oviedo Museum",NA,NA,"87_NOCOMPLEXHymenopteros_OVIEDO_202310242196"
"Apis",NA,"mellifera",NA,"España","Asturias","Cenera",NA,NA,NA,"2001",10,19,NA,NA,"Beatriz Mateos","",NA,NA,NA,1,NA,NA,NA,"Oviedo Museum",NA,NA,"87_NOCOMPLEXHymenopteros_OVIEDO_202310242197"
"Apis",NA,"mellifera",NA,"España","Asturias","Monte Naranco (Oviedo)",NA,NA,NA,NA,NA,NA,NA,NA,"Silvia Baizán","Silvia Baizán",NA,NA,NA,1,NA,NA,NA,"Oviedo Museum",NA,NA,"87_NOCOMPLEXHymenopteros_OVIEDO_202310242198"
"Apis",NA,"mellifera",NA,"España","Asturias","Cenera",NA,NA,NA,"2001",10,26,NA,NA,"Dolores Somarriba","Dolores Somarriba",NA,NA,NA,1,NA,NA,NA,"Oviedo Museum",NA,NA,"87_NOCOMPLEXHymenopteros_OVIEDO_202310242199"
"Apis",NA,"mellifera",NA,"España","Asturias","Cenera",NA,NA,NA,"2001",10,26,NA,NA,"Lucía F. Trujillo","",NA,NA,NA,1,NA,NA,NA,"Oviedo Museum",NA,NA,"87_NOCOMPLEXHymenopteros_OVIEDO_202310242200"
"Apis",NA,"mellifera",NA,"España","Asturias","Cenera",NA,NA,NA,"2001",11,16,NA,NA,"Lucía Cabeza","",NA,NA,NA,1,NA,NA,NA,"Oviedo Museum",NA,NA,"87_NOCOMPLEXHymenopteros_OVIEDO_202310242201"
"Apis",NA,"mellifera",NA,"España","León","Villar del Puerto",NA,NA,NA,"2001",11,2,NA,NA,"F. González","",NA,NA,NA,1,NA,NA,NA,"Oviedo Museum",NA,NA,"87_NOCOMPLEXHymenopteros_OVIEDO_202310242202"
"Apis",NA,"mellifera",NA,"España","Asturias","Laviana",NA,NA,NA,"2001",12,7,NA,NA,"Verónica Jemes","Verónica Jemes",NA,NA,NA,1,NA,NA,NA,"Oviedo Museum",NA,NA,"87_NOCOMPLEXHymenopteros_OVIEDO_202310242203"
"Apis",NA,"mellifera",NA,"España","Asturias","Ablaña",NA,NA,NA,"2002",8,11,NA,NA,"Pelayo Álvarez","Pelayo Álvarez",NA,NA,NA,1,NA,NA,NA,"Oviedo Museum","Paseo fluvial",NA,"87_NOCOMPLEXHymenopteros_OVIEDO_202310242204"
"Apis",NA,"mellifera",NA,"España","Asturias","Cangas del Narcea",NA,NA,NA,"2003",5,18,NA,NA,"Enrique Jardón","Enrique Jardón",NA,NA,NA,1,NA,NA,NA,"Oviedo Museum","Prado","Tiene moho","87_NOCOMPLEXHymenopteros_OVIEDO_202310242205"
"Bombus",NA,"terrestris/lucorum",NA,"España","Asturias","Naranco (Oviedo)",NA,NA,NA,"1995",6,22,NA,NA,"Lucía García","Lucía Gª Vallina",NA,NA,NA,1,NA,NA,NA,"Oviedo Museum",NA,NA,"87_NOCOMPLEXHymenopteros_OVIEDO_202310242206"
"Bombus",NA,"terrestris/lucorum",NA,"España","Asturias","Cortés",NA,NA,NA,"1995",11,5,NA,NA,"Sergio Álvarez R.","Sergio Álvarez R.",NA,NA,NA,1,NA,NA,NA,"Oviedo Museum",NA,NA,"87_NOCOMPLEXHymenopteros_OVIEDO_202310242207"
"Bombus",NA,"hortorum",NA,"España","Asturias","Villaviciosa",NA,NA,NA,"1995",3,19,NA,NA,"P. Valdés García","P. Valdés García",NA,NA,NA,1,NA,NA,NA,"Oviedo Museum","En Inmio",NA,"87_NOCOMPLEXHymenopteros_OVIEDO_202310242208"
"Bombus",NA,"terrestris/lucorum",NA,"España","Asturias","Porceyo",NA,NA,NA,"1996",4,10,NA,NA,"Amelia Valdés Vitienes","Mª Teresa Mieres Valdés",NA,NA,NA,1,NA,NA,NA,"Oviedo Museum",NA,NA,"87_NOCOMPLEXHymenopteros_OVIEDO_202310242209"
"Bombus",NA,"hortorum",NA,"España","Asturias","Sardíu",NA,NA,NA,"1996",4,2,NA,NA,"Tatiana Pérez","Tatiana Pérez",NA,NA,NA,1,NA,NA,NA,"Oviedo Museum",NA,NA,"87_NOCOMPLEXHymenopteros_OVIEDO_202310242210"
"Bombus",NA,"terrestris/lucorum",NA,"España","León","Vegarada",NA,NA,NA,"1995",6,27,NA,NA,"Andrés Fdz","Andrés Fdz",NA,NA,NA,1,NA,NA,NA,"Oviedo Museum",NA,NA,"87_NOCOMPLEXHymenopteros_OVIEDO_202310242211"
"Bombus",NA,"lucorum",NA,"España","Asturias","Villar (Luarca)",NA,NA,NA,"1995",11,1,NA,NA,"J. L. Glez Vecino","J. L. Glez Vecino",NA,NA,NA,1,NA,NA,NA,"Oviedo Museum",NA,NA,"87_NOCOMPLEXHymenopteros_OVIEDO_202310242212"
"Bombus",NA,"terrestris/lucorum",NA,"España","Asturias","Gijón",NA,NA,NA,"1995",7,25,NA,NA,"Eduardo Díaz","Eduardo Díaz",NA,NA,NA,1,NA,NA,NA,"Oviedo Museum","Prado",NA,"87_NOCOMPLEXHymenopteros_OVIEDO_202310242213"
"Bombus",NA,"terrestris/lucorum",NA,"España","Cantabria","Suances",NA,NA,NA,"1995",7,10,NA,NA,"Juan Glez Rguez","Juan Glez Rguez",NA,NA,NA,1,NA,NA,NA,"Oviedo Museum","Jardín de casa",NA,"87_NOCOMPLEXHymenopteros_OVIEDO_202310242214"
"Bombus",NA,"lucorum",NA,"España","Asturias","El Berrón",NA,NA,NA,"1999",6,3,NA,NA,"L. Elguezabal","L. Elguezabal",NA,NA,NA,1,NA,NA,NA,"Oviedo Museum",NA,NA,"87_NOCOMPLEXHymenopteros_OVIEDO_202310242215"
"Bombus",NA,"hortorum",NA,"España","Orense","La Rua",NA,NA,NA,NA,NA,NA,NA,NA,"Olga Sáez","Olga Sáez",NA,NA,NA,1,NA,NA,NA,"Oviedo Museum",NA,NA,"87_NOCOMPLEXHymenopteros_OVIEDO_202310242216"
"Bombus",NA,"terrestris/lucorum",NA,"España","Vizcaya","Algorta",NA,NA,NA,"1995",8,1,NA,NA,"Begoña Sastre","Begoña Sastre",NA,NA,NA,1,NA,NA,NA,"Oviedo Museum",NA,NA,"87_NOCOMPLEXHymenopteros_OVIEDO_202310242217"
"Bombus",NA,"hortorum",NA,"España","Asturias","Caldones",NA,NA,NA,"1997",5,28,NA,NA,"P. A. Álvarez","",NA,NA,NA,1,NA,NA,NA,"Oviedo Museum",NA,NA,"87_NOCOMPLEXHymenopteros_OVIEDO_202310242218"
"Bombus",NA,"hortorum",NA,"España","Asturias","Oviedo",NA,NA,NA,"1995",4,24,NA,NA,"Alberto Luengo","Alberto Luengo",NA,NA,NA,1,NA,NA,NA,"Oviedo Museum",NA,NA,"87_NOCOMPLEXHymenopteros_OVIEDO_202310242219"
"Bombus",NA,"hortorum",NA,"España","Asturias","El Orrín (Infiesto)",NA,NA,NA,"1994",9,29,NA,NA,"A. Azcaitia","A. Azcaitia",NA,NA,NA,1,NA,NA,NA,"Oviedo Museum",NA,NA,"87_NOCOMPLEXHymenopteros_OVIEDO_202310242220"
"Bombus",NA,"terrestris",NA,"España","Asturias","La Foz",NA,NA,NA,"1998",8,6,NA,NA,"Nuria Glez Fdez","Nuria Glez Fdez",NA,NA,NA,1,NA,NA,NA,"Oviedo Museum",NA,NA,"87_NOCOMPLEXHymenopteros_OVIEDO_202310242221"
"Psithyrus",NA,"campestris",NA,"España","Asturias","Pruvia",NA,NA,NA,"1989",9,29,NA,NA,"Brezal L. Valle","",1,NA,NA,0,NA,NA,NA,"Oviedo Museum",NA,NA,"87_NOCOMPLEXHymenopteros_OVIEDO_202310242222"
"Bombus",NA,"soroeensis",NA,"España","Asturias","Oviedo",NA,NA,NA,"1995",6,23,NA,NA,"Jesús del Olmo","Begoña Sastre",NA,NA,NA,1,NA,NA,NA,"Oviedo Museum",NA,NA,"87_NOCOMPLEXHymenopteros_OVIEDO_202310242223"
"Bombus",NA,"terrestris/lucorum",NA,"España","Asturias","Luarca",NA,NA,NA,"1995",11,1,NA,NA,"Alejandro Varas","Alejandro Varas",NA,NA,NA,1,NA,NA,NA,"Oviedo Museum",NA,NA,"87_NOCOMPLEXHymenopteros_OVIEDO_202310242224"
"Bombus",NA,"terrestris/lucorum",NA,"España","Asturias","Oviedo",NA,NA,NA,"1996",4,16,NA,NA,"Belén Sáinz S.","Belén Sáinz Suescon",1,NA,NA,0,NA,NA,NA,"Oviedo Museum",NA,NA,"87_NOCOMPLEXHymenopteros_OVIEDO_202310242225"
"Bombus",NA,"terrestris/lucorum",NA,"España","Asturias","Luarca",NA,NA,NA,"1995",11,2,NA,NA,"B. Sáinz S.","Belén Sáinz Suescon",NA,NA,NA,1,NA,NA,NA,"Oviedo Museum",NA,NA,"87_NOCOMPLEXHymenopteros_OVIEDO_202310242226"
"Bombus",NA,"terrestris/lucorum",NA,"España","Asturias","Deva",NA,NA,NA,"1995",7,25,NA,NA,"C. Vázquez","C. Vázquez",NA,NA,NA,1,NA,NA,NA,"Oviedo Museum",NA,NA,"87_NOCOMPLEXHymenopteros_OVIEDO_202310242227"
"Bombus",NA,"terrestris/lucorum",NA,"España","Asturias","El Orrín (Infiesto)",NA,NA,NA,"1995",3,19,NA,NA,"A. Azcaitia","A. Azcaitia",NA,NA,NA,1,NA,NA,NA,"Oviedo Museum",NA,NA,"87_NOCOMPLEXHymenopteros_OVIEDO_202310242228"
"Bombus",NA,"lucorum/soroeensis",NA,"España","Asturias","Luarca",NA,NA,NA,"1995",4,26,NA,NA,"Clara Glez Muñoz","Clara Glez Muñoz",1,NA,NA,0,NA,NA,NA,"Oviedo Museum",NA,NA,"87_NOCOMPLEXHymenopteros_OVIEDO_202310242229"
"Psithyrus",NA,"sp.",NA,"España","León","Vegarada",NA,NA,NA,"1996",4,21,NA,NA,"Andrés Fdz","Andrés Fdz",NA,NA,NA,1,NA,NA,NA,"Oviedo Museum",NA,NA,"87_NOCOMPLEXHymenopteros_OVIEDO_202310242230"
"Bombus","sylvestris/Psithyrus","campestris",NA,"España","Asturias","Fitoria",NA,NA,NA,"1986",5,31,NA,NA,"Buenaventura Fdez F.","",NA,1,NA,0,NA,NA,NA,"Oviedo Museum",NA,NA,"87_NOCOMPLEXHymenopteros_OVIEDO_202310242231"
"Bombus",NA,"lucorum",NA,"España","Asturias","P. P. Tomás (Oviedo)",NA,NA,NA,"1995",10,18,NA,NA,"L. Frechilla","L. Frechilla",NA,NA,NA,1,NA,NA,NA,"Oviedo Museum","Prado",NA,"87_NOCOMPLEXHymenopteros_OVIEDO_202310242232"
"Bombus",NA,"lucorum",NA,"España","Asturias","La Felguera",NA,NA,NA,"1995",8,2,NA,NA,"J. A. Vigil Lagranda","J. A. Vigil Lagranda",NA,NA,NA,1,NA,NA,NA,"Oviedo Museum","Vivienda",NA,"87_NOCOMPLEXHymenopteros_OVIEDO_202310242233"
"Bombus",NA,"terrestris",NA,"España","Asturias","Rodiles",NA,NA,NA,"1997",10,4,NA,NA,"Jose Antonio Antuña","J. Antuña",1,NA,NA,0,NA,NA,NA,"Oviedo Museum",NA,NA,"87_NOCOMPLEXHymenopteros_OVIEDO_202310242234"
"Bombus",NA,"sp.",NA,"España","Asturias","Luanco",NA,NA,NA,"1994",8,6,NA,NA,"M. D. Artime G.","M. D. Artime G.",NA,NA,NA,1,NA,NA,NA,"Oviedo Museum",NA,NA,"87_NOCOMPLEXHymenopteros_OVIEDO_202310242235"
"Bombus",NA,"pascuorum",NA,"España","Asturias","Deva",NA,NA,NA,"1994",8,18,NA,NA,"Clara Glez Muñoz","Clara Glez Muñoz",NA,NA,NA,1,NA,NA,NA,"Oviedo Museum",NA,NA,"87_NOCOMPLEXHymenopteros_OVIEDO_202310242236"
"Bombus",NA,"pascuorum",NA,"España",NA,"Ablanedo",NA,NA,NA,"1994",10,26,NA,NA,"Puri Pérez","Puri Pérez",NA,NA,NA,1,NA,NA,NA,"Oviedo Museum",NA,NA,"87_NOCOMPLEXHymenopteros_OVIEDO_202310242237"
"Bombus",NA,"pascuorum",NA,"España","Asturias","Deva",NA,NA,NA,"1995",9,3,NA,NA,"C. Vázquez","C. Vázquez",NA,NA,NA,1,NA,NA,NA,"Oviedo Museum",NA,NA,"87_NOCOMPLEXHymenopteros_OVIEDO_202310242238"
"Bombus",NA,"pascuorum",NA,"España","Asturias","Sardiu",NA,NA,NA,"1996",6,4,NA,NA,"Tatiana Pérez","Tatiana Pérez",1,NA,NA,0,NA,NA,NA,"Oviedo Museum",NA,NA,"87_NOCOMPLEXHymenopteros_OVIEDO_202310242239"
"Bombus",NA,"pascuorum",NA,"España","Asturias","Latores",NA,NA,NA,NA,NA,NA,NA,NA,"David Muñoz","David Muñoz",NA,NA,NA,1,NA,NA,NA,"Oviedo Museum",NA,NA,"87_NOCOMPLEXHymenopteros_OVIEDO_202310242240"
"Bombus",NA,"pascuorum/muscorum/humilis",NA,"España","Asturias","Luarca",NA,NA,NA,"1995",11,1,NA,NA,"Alejandro Varas","Alejandro Varas",1,NA,NA,0,NA,NA,NA,"Oviedo Museum",NA,NA,"87_NOCOMPLEXHymenopteros_OVIEDO_202310242241"
"Bombus",NA,"pascuorum/muscorum/humilis",NA,"España","Asturias","Sietes",NA,NA,NA,"1995",8,27,NA,NA,"Gonzalo Alonso","Gonzalo Alonso",NA,NA,NA,1,NA,NA,NA,"Oviedo Museum",NA,NA,"87_NOCOMPLEXHymenopteros_OVIEDO_202310242242"
"Bombus",NA,"pascuorum/muscorum/humilis",NA,"España","Asturias","Viesques",NA,NA,NA,"1994",5,10,NA,NA,"M. J. L. B.","M. J. L. B.",NA,NA,NA,1,NA,NA,NA,"Oviedo Museum",NA,NA,"87_NOCOMPLEXHymenopteros_OVIEDO_202310242243"
"Bombus",NA,"pratorum",NA,"España","Asturias","El Orrín (Infiesto)",NA,NA,NA,"1995",3,18,NA,NA,"A. Azcoitia","A. Azcoitia",NA,NA,NA,1,NA,NA,NA,"Oviedo Museum",NA,NA,"87_NOCOMPLEXHymenopteros_OVIEDO_202310242244"
"Bombus",NA,"pratorum",NA,"España","Asturias","Embalse de la Granda",NA,NA,NA,"1994",3,20,NA,NA,"A. Quirós","A. Quirós",NA,NA,NA,1,NA,NA,NA,"Oviedo Museum","Libando, Lamium maculatum",NA,"87_NOCOMPLEXHymenopteros_OVIEDO_202310242245"
"Bombus",NA,"sp.",NA,"España","Asturias","Viesques",NA,NA,NA,"1995",8,20,NA,NA,"C. Vázquez","C. Vázquez",1,NA,NA,0,NA,NA,NA,"Oviedo Museum",NA,NA,"87_NOCOMPLEXHymenopteros_OVIEDO_202310242246"
"Bombus",NA,"sp.",NA,"España","Asturias","Soto de Llanera",NA,NA,NA,"1995",10,18,NA,NA,"Sergio Álvarez R.","Sergio Álvarez R.",1,NA,NA,0,NA,NA,NA,"Oviedo Museum",NA,NA,"87_NOCOMPLEXHymenopteros_OVIEDO_202310242247"
"Bombus",NA,"pascuorum",NA,"España","Asturias","Serín",NA,NA,NA,"1995",10,21,NA,NA,"B. Sáinz S.","Belén Sáinz S.",NA,NA,NA,1,NA,NA,NA,"Oviedo Museum",NA,NA,"87_NOCOMPLEXHymenopteros_OVIEDO_202310242248"
"Bombus",NA,"pascuorum",NA,"España","Asturias","Lago Ñora",NA,NA,NA,"1994",8,4,NA,NA,"J. C. Fdez Rguez","J. C. Fdez Rguez",NA,NA,NA,1,NA,NA,NA,"Oviedo Museum",NA,NA,"87_NOCOMPLEXHymenopteros_OVIEDO_202310242249"
"Bombus",NA,"muscorum/humilis",NA,"España","Asturias","Naranco (Oviedo)",NA,NA,NA,"1995",9,9,NA,NA,"Seandino García","Lucía Gª Vallina",NA,NA,NA,1,NA,NA,NA,"Oviedo Museum",NA,NA,"87_NOCOMPLEXHymenopteros_OVIEDO_202310242250"
"Bombus",NA,"sylvarum",NA,"España","Asturias","La Foz",NA,NA,NA,"1998",7,30,NA,NA,"Nuria Glez Fdez","Nuria Glez Fdez",NA,NA,NA,1,NA,NA,NA,"Oviedo Museum",NA,NA,"87_NOCOMPLEXHymenopteros_OVIEDO_202310242251"
"Xylocopa",NA,"violacea",NA,"España","León","Curueño",NA,NA,NA,"2008",6,1,NA,NA,"J. J. Cadenas","J. J. Cadenas, Marián Álvarez det. 2021",NA,1,NA,0,NA,NA,NA,"Oviedo Museum","Jardín",NA,"87_NOCOMPLEXHymenopteros_OVIEDO_202310242252"
"Xylocopa","(X.)","violacea",NA,"España","Orense","Cerreda",NA,NA,NA,"2009",7,28,NA,NA,"Tamara","Tamara, Marián Álvarez det. 2021",NA,1,NA,0,NA,NA,NA,"Oviedo Museum",NA,NA,"87_NOCOMPLEXHymenopteros_OVIEDO_202310242253"
"Xylocopa",NA,"violacea",NA,"España","Asturias","Oviedo",NA,NA,NA,"2010",5,22,NA,NA,"Arcadio Martínez","Arcadio Martínez, A. Núñez",1,NA,NA,0,NA,NA,NA,"Oviedo Museum",NA,NA,"87_NOCOMPLEXHymenopteros_OVIEDO_202310242254"
"Xylocopa",NA,"violacea",NA,"España","Orense","Luintra",NA,NA,NA,"2009",7,15,NA,NA,"Tamara","A. Núñez",1,NA,NA,0,NA,NA,NA,"Oviedo Museum",NA,NA,"87_NOCOMPLEXHymenopteros_OVIEDO_202310242255"
"Xylocopa",NA,"violacea",NA,"España","Burgos","Burgos",NA,NA,NA,"2006",4,22,NA,NA,"Luz Mª Cano","Luz Mª Cano, A. Núñez 2021",1,NA,NA,0,NA,NA,NA,"Oviedo Museum",NA,NA,"87_NOCOMPLEXHymenopteros_OVIEDO_202310242256"
"Xylocopa",NA,"violacea",NA,"España","Zamora","Benavente",NA,NA,NA,"2009",8,26,NA,NA,"B. Peralta","B. Peralta, A. Núñez 2021",1,NA,NA,0,NA,NA,NA,"Oviedo Museum",NA,NA,"87_NOCOMPLEXHymenopteros_OVIEDO_202310242257"
"Xylocopa",NA,"valga",NA,"España","Valladolid","Valladolid",NA,NA,NA,"1982",8,28,NA,NA,"H. Caballero","H. Caballero, Alejandro Núñez det. 2021",1,NA,NA,0,NA,NA,NA,"Oviedo Museum","Junto a canal","Creo que tiene insectos plaga","87_NOCOMPLEXHymenopteros_OVIEDO_202310242258"
"Xylocopa",NA,"valga",NA,"España","Asturias","Sestiello",NA,NA,NA,"2010",6,10,NA,NA,"Santiago García Glez","A. Núñez",NA,1,NA,0,NA,NA,NA,"Oviedo Museum","Prado",NA,"87_NOCOMPLEXHymenopteros_OVIEDO_202310242259"
"Xylocopa",NA,"valga",NA,"España","Asturias","Felechosa",NA,NA,NA,"2006",5,25,NA,NA,"D. Corta Diego","D. Corta Diego, A. Núñez",NA,1,NA,0,NA,NA,NA,"Oviedo Museum",NA,NA,"87_NOCOMPLEXHymenopteros_OVIEDO_202310242260"
"Xylocopa",NA,"violacea",NA,"España","Palencia","Revenga",NA,NA,NA,"2009",8,3,NA,NA,"Joaquín Rodríguez","David Rodríguez, Alejandro Núñez det. 2021",1,NA,NA,0,NA,NA,NA,"Oviedo Museum",NA,NA,"87_NOCOMPLEXHymenopteros_OVIEDO_202310242261"
"Apis",NA,"mellifera",NA,"España","Asturias","Villar (Luarca)",NA,NA,NA,"1995",10,31,NA,NA,"Guiomar S. S.","",NA,NA,NA,1,NA,NA,NA,"Oviedo Museum",NA,NA,"87_NOCOMPLEXHymenopteros_OVIEDO_202310242262"
"Apis",NA,"mellifera",NA,"España","Asturias","Cenera",NA,NA,NA,"2006",10,6,NA,NA,"Raúl Boto","Raúl Boto",NA,NA,NA,1,NA,NA,NA,"Oviedo Museum","Prado",NA,"87_NOCOMPLEXHymenopteros_OVIEDO_202310242263"
"Apis",NA,"mellifera",NA,"España","Asturias","Cenera",NA,NA,NA,NA,NA,NA,NA,NA,"Ivan Alvz. Alvz.","Ivan Alvz. Alvz.",NA,NA,NA,1,NA,NA,NA,"Oviedo Museum","Prado",NA,"87_NOCOMPLEXHymenopteros_OVIEDO_202310242264"
"Apis",NA,"mellifera",NA,"España","Asturias","Navelgas",NA,NA,NA,"2006",4,2,NA,NA,"J. Bueno Pardo","Lesly Arbesú",NA,NA,NA,1,NA,NA,NA,"Oviedo Museum",NA,NA,"87_NOCOMPLEXHymenopteros_OVIEDO_202310242265"
"Apis",NA,"mellifera",NA,"España","Asturias","Arriondas",NA,NA,NA,NA,NA,NA,NA,NA,"Belén Glez","Belén Glez",NA,NA,NA,1,NA,NA,NA,"Oviedo Museum",NA,"Abeja","87_NOCOMPLEXHymenopteros_OVIEDO_202310242266"
"Apis",NA,"mellifera",NA,"España","Asturias","Pola de Siero",NA,NA,NA,"2008",10,16,NA,NA,"J. Mejuto","J. Mejuto",NA,NA,NA,1,NA,NA,NA,"Oviedo Museum","Prado",NA,"87_NOCOMPLEXHymenopteros_OVIEDO_202310242267"
"Apis",NA,"mellifera",NA,"España","Asturias","Casa Cima",NA,NA,NA,"2009",3,20,NA,NA,"Iria Baragaño","Iria Baragaño",NA,NA,NA,1,NA,NA,NA,"Oviedo Museum",NA,NA,"87_NOCOMPLEXHymenopteros_OVIEDO_202310242268"
"Apis",NA,"mellifera",NA,"España","Asturias","Cenera",NA,NA,NA,"2003",10,24,NA,NA,"J. Baró","Héctor Gorán",NA,NA,NA,1,NA,NA,NA,"Oviedo Museum","Prado",NA,"87_NOCOMPLEXHymenopteros_OVIEDO_202310242269"
"Apis",NA,"mellifera",NA,"Ecuador","Manabí","San Francisco de Novillo",NA,NA,NA,"2009",3,21,NA,NA,"Laura Calle","",NA,NA,NA,1,NA,NA,NA,"Oviedo Museum",NA,NA,"87_NOCOMPLEXHymenopteros_OVIEDO_202310242270"
"Bombus",NA,"pascuorum",NA,"España","Orense","Luintra",NA,NA,NA,"2009",7,1,NA,NA,"Tamara","Tamara Miguel",NA,1,NA,0,NA,NA,NA,"Oviedo Museum",NA,NA,"87_NOCOMPLEXHymenopteros_OVIEDO_202310242271"
"Bombus",NA,"pascuorum",NA,"España","Orense","Luintra",NA,NA,NA,"2008",10,11,NA,NA,"Tamara","Tania Gómez",NA,NA,NA,1,NA,NA,NA,"Oviedo Museum",NA,NA,"87_NOCOMPLEXHymenopteros_OVIEDO_202310242272"
"Bombus",NA,"sp.",NA,"España","Asturias","Senda del Peñafrancia",NA,NA,NA,"2009",3,21,NA,NA,"Luis de Pedro","Luis de Pedro",NA,NA,NA,1,NA,NA,NA,"Oviedo Museum",NA,NA,"87_NOCOMPLEXHymenopteros_OVIEDO_202310242273"
"Bombus",NA,"sp.",NA,"España","Asturias","Turbera (La Espina)",NA,NA,NA,"2006",5,26,NA,NA,"A. Argüelles","A. Argüelles",NA,NA,NA,1,NA,NA,NA,"Oviedo Museum",NA,NA,"87_NOCOMPLEXHymenopteros_OVIEDO_202310242274"
"Bombus",NA,"pascuorum",NA,"España","Asturias","Les Pieces (Sama de Langreo)",NA,NA,NA,"2005",7,15,NA,NA,"Alejandro Torre","A. Torre",NA,NA,NA,1,NA,NA,NA,"Oviedo Museum",NA,NA,"87_NOCOMPLEXHymenopteros_OVIEDO_202310242275"
"Bombus",NA,"pascuorum",NA,"España","Asturias","Mieres",NA,NA,NA,"2009",10,22,NA,NA,"Isaac Cámara","Isaac Cámara",NA,NA,NA,1,NA,NA,NA,"Oviedo Museum","Prado","Tiene moho","87_NOCOMPLEXHymenopteros_OVIEDO_202310242276"
"Bombus",NA,"terresttris/lucorum",NA,"España","Asturias","Pola de Siero",NA,NA,NA,"2010",7,3,NA,NA,"Sabino Ania","Sabino Ania",NA,NA,NA,1,NA,NA,NA,"Oviedo Museum","Pastizal","Tiene moho","87_NOCOMPLEXHymenopteros_OVIEDO_202310242277"
"Apis",NA,"mellifera",NA,"España","Zamora","S. Pedro (Zamora)",NA,NA,NA,"2007",7,10,NA,NA,"A. Souto","A. Souto",NA,NA,NA,1,NA,NA,NA,"Oviedo Museum",NA,NA,"87_NOCOMPLEXHymenopteros_OVIEDO_202310242278"
"Bombus",NA,"muscorum/humilis",NA,"España","Asturias","Cenera",NA,NA,NA,"2008",10,10,NA,NA,"Álvaro Pencios","Álvaro Pencios",NA,NA,NA,1,NA,NA,NA,"Oviedo Museum",NA,NA,"87_NOCOMPLEXHymenopteros_OVIEDO_202310242279"
"Psithyrus",NA,"campestris",NA,"España","Asturias","Oviedo",NA,NA,NA,"2009",9,21,NA,NA,"Raquel Pereda","F. Cuervo",1,NA,NA,0,NA,NA,NA,"Oviedo Museum","Pista finlandesa",NA,"87_NOCOMPLEXHymenopteros_OVIEDO_202310242280"
"Bombus",NA,"pascuorum",NA,"España","Asturias","Oviedo",NA,NA,NA,"2010",7,2,NA,NA,"Tamara Fdez Vicente","Tamara Fdez Vicente",NA,NA,NA,1,NA,NA,NA,"Oviedo Museum",NA,NA,"87_NOCOMPLEXHymenopteros_OVIEDO_202310242281"
"Bombus",NA,"pascuorum",NA,"España","Asturias","Cenera",NA,NA,NA,"2009",10,9,NA,NA,"Eduardo Mocoroa","Eduardo Mocoroa",NA,NA,NA,1,NA,NA,NA,"Oviedo Museum","Prado",NA,"87_NOCOMPLEXHymenopteros_OVIEDO_202310242282"
"Bombus",NA,"pascuorum",NA,"España","Asturias","La Vega",NA,NA,NA,"2006",11,25,NA,NA,"Andrea Fernández","Andrea Fernández",NA,NA,NA,1,NA,NA,NA,"Oviedo Museum",NA,NA,"87_NOCOMPLEXHymenopteros_OVIEDO_202310242283"
"Bombus",NA,"terrestris/soroeensis",NA,"España","Asturias","Tol/El Vallín (Luarca)",NA,NA,NA,NA,NA,NA,NA,NA,"Celia M./Lidia R.","",1,NA,NA,0,NA,NA,NA,"Oviedo Museum",NA,"Hay dos etiquetas con distinta localidad y recolector","87_NOCOMPLEXHymenopteros_OVIEDO_202310242284"
"Bombus",NA,"pascuorum",NA,"España","Islas Baleares","Menorca",NA,NA,NA,NA,10,23,NA,NA,"David Rodríguez","David Rodríguez",NA,NA,NA,1,NA,NA,NA,"Oviedo Museum",NA,NA,"87_NOCOMPLEXHymenopteros_OVIEDO_202310242285"
"Bombus",NA,"sylvarum",NA,"España","Asturias","Agües",NA,NA,NA,"2009",8,14,NA,NA,"José M. Suárez","José M. Suárez",NA,NA,NA,1,NA,NA,NA,"Oviedo Museum","Camino",NA,"87_NOCOMPLEXHymenopteros_OVIEDO_202310242286"
"Bombus",NA,"pratorum",NA,"España","Asturias","Mieres",NA,NA,NA,"2009",10,22,NA,NA,"Isaac Cámara","Isaac Cámara",NA,NA,NA,1,NA,NA,NA,"Oviedo Museum","Prado","Tiene moho","87_NOCOMPLEXHymenopteros_OVIEDO_202310242287"
"Bombus",NA,"pascuorum",NA,"España","Asturias","Arriondas",NA,NA,NA,NA,NA,NA,NA,NA,"Belén Glez","Belén Glez",NA,NA,NA,1,NA,NA,NA,"Oviedo Museum",NA,"Apidae","87_NOCOMPLEXHymenopteros_OVIEDO_202310242288"
"Bombus",NA,"pascuorum",NA,"España","Asturias","Degaña",NA,NA,NA,"2009",10,3,NA,NA,"José Mª Chacón","José Mª Chacón",NA,NA,NA,1,NA,NA,NA,"Oviedo Museum","Camino",NA,"87_NOCOMPLEXHymenopteros_OVIEDO_202310242289"
"Bombus",NA,"pascuorum",NA,"España","Asturias","Rodiles",NA,NA,NA,"2009",11,2,NA,NA,"Malena Fdez Nora","Malena Fdez Nora",NA,NA,NA,1,NA,NA,NA,"Oviedo Museum","Eucaliptal",NA,"87_NOCOMPLEXHymenopteros_OVIEDO_202310242290"
"Psithyrus",NA,"campestris",NA,"España","Asturias","Colias",NA,NA,NA,"2008",10,2,NA,NA,"Rosa Gallego","Irene Solís",NA,NA,NA,1,NA,NA,NA,"Oviedo Museum","Campo",NA,"87_NOCOMPLEXHymenopteros_OVIEDO_202310242291"
"Bombus",NA,"muscorum/humilis",NA,"España","Asturias","Oviedo",NA,NA,NA,"2010",5,9,NA,NA,"Sergio Álvarez","Sergio Álvarez",1,NA,NA,0,NA,NA,NA,"Oviedo Museum","Prado",NA,"87_NOCOMPLEXHymenopteros_OVIEDO_202310242292"
"Andrena",NA,"sp.",NA,"España","Asturias","Cangas del Narcea",NA,NA,NA,"2010",4,11,NA,NA,"Marta Méndez","Marián Álvarez det. 2021",1,NA,NA,0,NA,NA,NA,"Oviedo Museum",NA,NA,"87_NOCOMPLEXHymenopteros_OVIEDO_202310242293"
"Bombus",NA,"sp.",NA,"España",NA,"Agüera",NA,NA,NA,"2009",9,4,NA,NA,"Lucía A.","",1,NA,NA,0,NA,NA,NA,"Oviedo Museum",NA,NA,"87_NOCOMPLEXHymenopteros_OVIEDO_202310242294"
"Apis",NA,"mellifera",NA,"España","Asturias","Llanes",NA,NA,NA,"2008",10,10,NA,NA,"A. Álvarez Junco","A. Álvarez Junco, Marián Álvarez det. 2021",1,NA,NA,0,NA,NA,NA,"Oviedo Museum","Romero",NA,"87_NOCOMPLEXHymenopteros_OVIEDO_202310242295"
"Apis",NA,"mellifera",NA,"España","Asturias","Veriña",NA,NA,NA,"2009",5,23,NA,NA,"A. Somoano","A. Somoano, Marián Álvarez det. 2021",1,NA,NA,0,NA,NA,NA,"Oviedo Museum",NA,NA,"87_NOCOMPLEXHymenopteros_OVIEDO_202310242296"
"Apis",NA,"mellifera",NA,"España","Asturias","Cenera",NA,NA,NA,"2008",10,10,NA,NA,"J. C. Álvarez","J. C. Álvarez, Marián Álvarez det. 2021",1,NA,NA,0,NA,NA,NA,"Oviedo Museum",NA,NA,"87_NOCOMPLEXHymenopteros_OVIEDO_202310242297"
"Apis",NA,"mellifera",NA,"España","Asturias","Pola de Siero",NA,NA,NA,"2010",7,3,NA,NA,"Sabino Ania","Sabino Ania, Marián Álvarez det. 2021",1,NA,NA,0,NA,NA,NA,"Oviedo Museum",NA,NA,"87_NOCOMPLEXHymenopteros_OVIEDO_202310242298"
"Apis",NA,"mellifera",NA,"España","Asturias","Langreo",NA,NA,NA,"2009",6,18,NA,NA,"Verónica Gómez","Susana Expósito, Marián Álvarez det. 2021",1,NA,NA,0,NA,NA,NA,"Oviedo Museum",NA,NA,"87_NOCOMPLEXHymenopteros_OVIEDO_202310242299"
"Apis",NA,"mellifera",NA,"España","Asturias","Sto Emiliano",NA,NA,NA,"2009",4,11,NA,NA,"B. Arteaga","B. Arteaga, Marián Álvarez det. 2021",1,NA,NA,0,NA,NA,NA,"Oviedo Museum",NA,NA,"87_NOCOMPLEXHymenopteros_OVIEDO_202310242300"
"Apis",NA,"mellifera",NA,"España","Asturias","Sto Emiliano",NA,NA,NA,"2009",4,25,NA,NA,"B. Arteaga","B. Arteaga, Marián Álvarez det. 2021",1,NA,NA,0,NA,NA,NA,"Oviedo Museum",NA,NA,"87_NOCOMPLEXHymenopteros_OVIEDO_202310242301"
"Apis",NA,"mellifera",NA,"España","Asturias","Gijón",NA,NA,NA,"2010",7,5,NA,NA,"L. Valledor Pereiras","L. Valledor Pereiras, Marián Álvarez det. 2021",1,NA,NA,0,NA,NA,NA,"Oviedo Museum","Jardín casa",NA,"87_NOCOMPLEXHymenopteros_OVIEDO_202310242302"
"Apis",NA,"mellifera",NA,"España","Asturias","Mieres",NA,NA,NA,"2009",11,14,NA,NA,"Sandra Pérez Pérez","Sandra Pérez Pérez, Marián Álvarez det. 2021",1,NA,NA,0,NA,NA,NA,"Oviedo Museum",NA,NA,"87_NOCOMPLEXHymenopteros_OVIEDO_202310242303"
"Apis",NA,"mellifera",NA,"España","Asturias","Cenera",NA,NA,NA,"2009",10,9,NA,NA,"Beatriz Román","Marián Álvarez det. 2021",1,NA,NA,0,NA,NA,NA,"Oviedo Museum","Pradera",NA,"87_NOCOMPLEXHymenopteros_OVIEDO_202310242304"
"Apis",NA,"mellifera",NA,"España","Asturias","Pajares",NA,NA,NA,"2010",6,27,NA,NA,"Jonathan Arias","Marián Álvarez det. 2021",1,NA,NA,0,NA,NA,NA,"Oviedo Museum",NA,NA,"87_NOCOMPLEXHymenopteros_OVIEDO_202310242305"
"Apis",NA,"mellifera",NA,"España","Asturias","Bueño",NA,NA,NA,"2010",6,7,NA,NA,"Pablo Rguez Gómez","Pablo Rguez Gómez, Marián Álvarez det. 2021",1,NA,NA,0,NA,NA,NA,"Oviedo Museum","Prado",NA,"87_NOCOMPLEXHymenopteros_OVIEDO_202310242306"
"Apis",NA,"mellifera",NA,"España","Asturias","Mieres",NA,NA,NA,"2007",11,4,NA,NA,"B. Viguera","B. Viguera, Marián Álvarez det. 2021",1,NA,NA,0,NA,NA,NA,"Oviedo Museum","Flor (prado)",NA,"87_NOCOMPLEXHymenopteros_OVIEDO_202310242307"
"Apis",NA,"mellifera",NA,"España","Asturias","Cenera",NA,NA,NA,"2009",10,9,NA,NA,"Ignacio Ribacoba","Esther Ortiz, Marián Álvarez det. 2021",1,NA,NA,0,NA,NA,NA,"Oviedo Museum","Prado",NA,"87_NOCOMPLEXHymenopteros_OVIEDO_202310242308"
"Apis",NA,"mellifera",NA,"España","Álava","Marquinez",NA,NA,NA,"2009",10,31,NA,NA,"Vicente Egurcegui","Marián Álvarez det. 2021",1,NA,NA,0,NA,NA,NA,"Oviedo Museum","Prado",NA,"87_NOCOMPLEXHymenopteros_OVIEDO_202310242309"
"Apis",NA,"mellifera",NA,"España","Asturias","Baiña",NA,NA,NA,"2010",5,26,NA,NA,"Rubén Quiroga","Marián Álvarez det. 2021",1,NA,NA,0,NA,NA,NA,"Oviedo Museum",NA,NA,"87_NOCOMPLEXHymenopteros_OVIEDO_202310242310"
"Apis",NA,"mellifera",NA,"España","Asturias","Mieres",NA,NA,NA,"2010",3,24,NA,NA,"Sonia Cedrún Fdez","Sonia Cedrún Fdez, Marián Álvarez det. 2021",1,NA,NA,0,NA,NA,NA,"Oviedo Museum","Paseo",NA,"87_NOCOMPLEXHymenopteros_OVIEDO_202310242311"
"Apis",NA,"mellifera",NA,"España","Asturias","Argüero",NA,NA,NA,"2009",10,6,NA,NA,"Iván fdez","Iván fdez, Marián Álvarez det. 2021",1,NA,NA,0,NA,NA,NA,"Oviedo Museum","Pradera",NA,"87_NOCOMPLEXHymenopteros_OVIEDO_202310242312"
"Apis",NA,"mellifera",NA,"España","Asturias","Cenera",NA,NA,NA,"2009",10,9,NA,NA,"Isaac Cámara","Isaac Cámara, Marián Álvarez det. 2021",1,NA,NA,0,NA,NA,NA,"Oviedo Museum","Prado",NA,"87_NOCOMPLEXHymenopteros_OVIEDO_202310242313"
"Apis",NA,"mellifera",NA,"España","Asturias","Sto Emiliano",NA,NA,NA,"2009",4,11,NA,NA,"B. Arteaga","B. Arteaga, Marián Álvarez det. 2021",1,NA,NA,0,NA,NA,NA,"Oviedo Museum",NA,NA,"87_NOCOMPLEXHymenopteros_OVIEDO_202310242314"
"Apis",NA,"mellifera",NA,"España","Asturias","La Felguera",NA,NA,NA,"2009",6,2,NA,NA,"N. Suárez Coya","N. Suárez Coya, Marián Álvarez det. 2021",1,NA,NA,0,NA,NA,NA,"Oviedo Museum","Mi casa",NA,"87_NOCOMPLEXHymenopteros_OVIEDO_202310242315"
"Apis",NA,"mellifera",NA,"España","Asturias","Proaza",NA,NA,NA,"2007",6,23,NA,NA,"Zoilo González","Cristina F. Secades, Marián Álvarez det. 2021",NA,1,NA,0,NA,NA,NA,"Oviedo Museum",NA,NA,"87_NOCOMPLEXHymenopteros_OVIEDO_202310242316"
"Apis",NA,"mellifera",NA,"España","Asturias","Cenera",NA,NA,NA,"2009",10,9,NA,NA,"Eduardo Mocoroa","Eduardo Mocoroa, Marián Álvarez det. 2021",1,NA,NA,0,NA,NA,NA,"Oviedo Museum","Prado",NA,"87_NOCOMPLEXHymenopteros_OVIEDO_202310242317"
"Apis",NA,"mellifera",NA,"España","Asturias","Cayés",NA,NA,NA,"2010",7,11,NA,NA,"Verónica Glez G.","Verónica Glez G., Marián Álvarez det. 2021",1,NA,NA,0,NA,NA,NA,"Oviedo Museum",NA,NA,"87_NOCOMPLEXHymenopteros_OVIEDO_202310242318"
"Apis",NA,"mellifera",NA,"España","Asturias","Ladera del monte Naranco (Oviedo)",NA,NA,NA,"2008",8,27,NA,NA,"Mª Margarita García","Marián Álvarez det. 2021",1,NA,NA,0,NA,NA,NA,"Oviedo Museum",NA,NA,"87_NOCOMPLEXHymenopteros_OVIEDO_202310242319"
"Apis",NA,"mellifera",NA,"España","Asturias","Cenera",NA,NA,NA,"2008",10,10,NA,NA,"Irene Solís","Marián Álvarez det. 2021",1,NA,NA,0,NA,NA,NA,"Oviedo Museum","Campo",NA,"87_NOCOMPLEXHymenopteros_OVIEDO_202310242320"
"Apis",NA,"mellifera",NA,"España","Asturias","Vega de Sariego",NA,NA,NA,"2006",7,19,NA,NA,"Andrea Fernández","Andrea Fernández",NA,1,NA,0,NA,NA,NA,"Oviedo Museum",NA,NA,"87_NOCOMPLEXHymenopteros_OVIEDO_202310242321"
"Apis",NA,"mellifera",NA,"España","Asturias","Oviedo",NA,NA,NA,"2008",6,25,NA,NA,"J. J. Cadenas","J. J. Cadenas, Marián Álvarez det. 2021",1,NA,NA,0,NA,NA,NA,"Oviedo Museum",NA,NA,"87_NOCOMPLEXHymenopteros_OVIEDO_202310242322"
"Apis",NA,"mellifera",NA,"España","Asturias","Meres",NA,NA,NA,NA,NA,NA,NA,NA,"Bea G. Sánchez","Bea G. Sánchez, Marián Álvarez det. 2021",1,NA,NA,0,NA,NA,NA,"Oviedo Museum",NA,NA,"87_NOCOMPLEXHymenopteros_OVIEDO_202310242323"
"Apis",NA,"mellifera",NA,"España","Asturias","Oviedo",NA,NA,NA,"2010",6,27,NA,NA,"Ana Glez de Sela","Ana Glez de Sela, Marián Álvarez det. 2021",1,NA,NA,0,NA,NA,NA,"Oviedo Museum","Robledal",NA,"87_NOCOMPLEXHymenopteros_OVIEDO_202310242324"
"Apis",NA,"mellifera",NA,"España","Asturias","Cenera",NA,NA,NA,"2005",11,11,NA,NA,"Hugo R. Gibello","Hugo R. Gibello, Marián Álvarez det. 2021",1,NA,NA,0,NA,NA,NA,"Oviedo Museum","Flores",NA,"87_NOCOMPLEXHymenopteros_OVIEDO_202310242325"
"Bombus","(Throracobombud/","sylvarum)",NA,"España","Asturias","Oviedo",NA,NA,NA,"2009",9,21,NA,NA,"Raquel Pereda","F. Cuervo, Marián Álvarez det. 2021",NA,1,NA,0,NA,NA,NA,"Oviedo Museum","Pista finlandesa",NA,"87_NOCOMPLEXHymenopteros_OVIEDO_202310242326"
"Bombus",NA,"lucorum",NA,"España","Cantabria","Soto La Marina",NA,NA,NA,"1997",9,20,NA,NA,"A. Sierra","A. Sierra",NA,NA,NA,1,NA,NA,NA,"Oviedo Museum",NA,NA,"87_NOCOMPLEXHymenopteros_OVIEDO_202310242327"
"Bombus",NA,"lucorum",NA,"España","Asturias","Luarca",NA,NA,NA,"1996",10,22,NA,NA,"M. Gutiérrez","M. Gutiérrez",NA,NA,NA,1,NA,NA,NA,"Oviedo Museum",NA,NA,"87_NOCOMPLEXHymenopteros_OVIEDO_202310242328"
"Bombus",NA,"terrestris",NA,"España","Asturias","Susacasa Nembro",NA,NA,NA,"1998",3,1,NA,NA,"Rocío Rosa García","Rocío Rosa García",NA,NA,NA,1,NA,NA,NA,"Oviedo Museum",NA,NA,"87_NOCOMPLEXHymenopteros_OVIEDO_202310242329"
"Bombus",NA,"terrestris/lucorum",NA,"España","Asturias","Luarca",NA,NA,NA,"1996",10,26,NA,NA,"Andrés Ordiz Fdez","Andrés Ordiz Fdez",NA,NA,NA,1,NA,NA,NA,"Oviedo Museum",NA,NA,"87_NOCOMPLEXHymenopteros_OVIEDO_202310242330"
"Bombus",NA,"sp.",NA,"España","Asturias","Campo Caso",NA,NA,NA,"1997",7,12,NA,NA,"Consuelo Fdez","Consuelo Fdez",NA,NA,NA,1,NA,NA,NA,"Oviedo Museum",NA,NA,"87_NOCOMPLEXHymenopteros_OVIEDO_202310242331"
"Bombus",NA,"terrestris/lucorum",NA,"España","Asturias","Latores",NA,NA,NA,NA,NA,NA,NA,NA,"David Muñoz Martínez","David Muñoz",1,NA,NA,0,NA,NA,NA,"Oviedo Museum",NA,NA,"87_NOCOMPLEXHymenopteros_OVIEDO_202310242332"
"Bombus",NA,"terrestris/lucorum",NA,"España","Asturias","Vallín",NA,NA,NA,"1997",9,15,NA,NA,"Isabel García","Paula García",NA,NA,NA,1,NA,NA,NA,"Oviedo Museum",NA,NA,"87_NOCOMPLEXHymenopteros_OVIEDO_202310242333"
"Bombus",NA,"terrestris",NA,"España","Asturias","Pruvia",NA,NA,NA,"1996",5,10,NA,NA,"E. Hilla Merchán","E. Hilla Merchán",1,NA,NA,0,NA,NA,NA,"Oviedo Museum",NA,NA,"87_NOCOMPLEXHymenopteros_OVIEDO_202310242334"
"Bombus",NA,"terrestris",NA,"España","Asturias","Los Maizales",NA,NA,NA,"1997",8,15,NA,NA,"Mª José Sierra","",1,NA,NA,0,NA,NA,NA,"Oviedo Museum",NA,NA,"87_NOCOMPLEXHymenopteros_OVIEDO_202310242335"
"Bombus",NA,"terrestris/lucorum",NA,"España","Cantabria","Santander",NA,NA,NA,"1995",12,27,NA,NA,"Pilar García","M. Magdalena",NA,NA,NA,1,NA,NA,NA,"Oviedo Museum",NA,NA,"87_NOCOMPLEXHymenopteros_OVIEDO_202310242336"
"Bombus",NA,"lucorum",NA,"España","Zamora","Lubián",NA,NA,NA,"1996",7,7,NA,NA,"Luis Arronte","J C. Arronte",NA,NA,NA,1,NA,NA,NA,"Oviedo Museum",NA,NA,"87_NOCOMPLEXHymenopteros_OVIEDO_202310242337"
"Bombus",NA,"terrestris/lucorum",NA,"España","Asturias","Luarca",NA,NA,NA,"1996",10,22,NA,NA,"Ana E. Rguez Gtrez","Ana E. Rguez Gtrez",1,NA,NA,0,NA,NA,NA,"Oviedo Museum",NA,NA,"87_NOCOMPLEXHymenopteros_OVIEDO_202310242338"
"Bombus",NA,"terrestris/lucorum",NA,"España","Asturias","San Juan de la Arena",NA,NA,NA,"1996",8,20,NA,NA,"S. Álvarez Estrada","S. Álvarez Estrada",NA,NA,NA,1,NA,NA,NA,"Oviedo Museum",NA,NA,"87_NOCOMPLEXHymenopteros_OVIEDO_202310242339"
"Bombus",NA,"hortorum",NA,"España","Asturias","Deva",NA,NA,NA,"1999",4,25,NA,NA,"Jaime Mier","Jaime Mier",NA,NA,NA,1,NA,NA,NA,"Oviedo Museum",NA,NA,"87_NOCOMPLEXHymenopteros_OVIEDO_202310242340"
"Bombus",NA,"terrestris",NA,"España","Asturias","Villar (Luarca)",NA,NA,NA,"1996",10,22,NA,NA,"C. Arduengo","C. Arduengo",NA,NA,NA,1,NA,NA,NA,"Oviedo Museum",NA,NA,"87_NOCOMPLEXHymenopteros_OVIEDO_202310242341"
"Bombus",NA,"terrestris/lucorum",NA,"España","Asturias","La Providencia",NA,NA,NA,"1998",4,28,NA,NA,"Paula Blanco","Marta Pascual",1,NA,NA,0,NA,NA,NA,"Oviedo Museum",NA,NA,"87_NOCOMPLEXHymenopteros_OVIEDO_202310242342"
"Bombus",NA,"lucorum",NA,"España","Asturias","Somió",NA,NA,NA,"1998",2,28,NA,NA,"Vanesa A. Faes","Vanesa A. Faes",NA,NA,NA,1,NA,NA,NA,"Oviedo Museum",NA,NA,"87_NOCOMPLEXHymenopteros_OVIEDO_202310242343"
"Bombus",NA,"terrestris/lucorum",NA,"España","Asturias","Porceyo",NA,NA,NA,"1995",7,8,NA,NA,"Fernando Fdz. Alv.","Fernando Fdz. Alv.",NA,NA,NA,1,NA,NA,NA,"Oviedo Museum",NA,NA,"87_NOCOMPLEXHymenopteros_OVIEDO_202310242344"
"Bombus",NA,"lucorum",NA,"España","Asturias","Recta de Peñaflor",NA,NA,NA,"1997",10,10,NA,NA,"Miguel López","Miguel López",1,NA,NA,0,NA,NA,NA,"Oviedo Museum",NA,NA,"87_NOCOMPLEXHymenopteros_OVIEDO_202310242345"
"Bombus",NA,"terrestris/lucorum",NA,"España","Asturias","Posada de Llanera",NA,NA,NA,"1995",11,17,NA,NA,"Juan M. Mateos","Juan M. Mateos",NA,NA,NA,1,NA,NA,NA,"Oviedo Museum",NA,"Tiene moho","87_NOCOMPLEXHymenopteros_OVIEDO_202310242346"
"Bombus",NA,"terrestris",NA,"España","Asturias","Naranco (Oviedo)",NA,NA,NA,"1998",3,7,NA,NA,"Mª José Llera","Mª José Llera",NA,NA,NA,1,NA,NA,NA,"Oviedo Museum",NA,"Tiene moho","87_NOCOMPLEXHymenopteros_OVIEDO_202310242347"
"Bombus",NA,"terrestris/lucorum",NA,"España","Cantabria","Liencres",NA,NA,NA,"1996",7,20,NA,NA,"Carlos Revilla","Carlos Revilla",1,NA,NA,0,NA,NA,NA,"Oviedo Museum",NA,NA,"87_NOCOMPLEXHymenopteros_OVIEDO_202310242348"
"Bombus",NA,"terrestris/lucorum",NA,"España","Asturias","Picu Villa",NA,NA,NA,"1998",5,16,NA,NA,"Susana Prieto","Susana Prieto",NA,NA,NA,1,NA,NA,NA,"Oviedo Museum",NA,NA,"87_NOCOMPLEXHymenopteros_OVIEDO_202310242349"
"Bombus",NA,"terrestris/lucorum",NA,"España","Asturias","Peón",NA,NA,NA,"1997",10,26,NA,NA,"Ovidio Rguez","Nieves Rdgz García",NA,NA,NA,1,NA,NA,NA,"Oviedo Museum",NA,NA,"87_NOCOMPLEXHymenopteros_OVIEDO_202310242350"
"Bombus",NA,"terrestris/lucorum",NA,"España","Asturias","Luarca",NA,NA,NA,"1996",10,23,NA,NA,"Mercha Barona","M. Barona",NA,NA,NA,1,NA,NA,NA,"Oviedo Museum",NA,NA,"87_NOCOMPLEXHymenopteros_OVIEDO_202310242351"
"Bombus",NA,"lucorum",NA,"España","Asturias","El Carbayo (Ciaño)",NA,NA,NA,"1996",5,25,NA,NA,"M. T. Vázquez","M. T. Vázquez",NA,NA,NA,1,NA,NA,NA,"Oviedo Museum",NA,NA,"87_NOCOMPLEXHymenopteros_OVIEDO_202310242352"
"Bombus",NA,"lucorum",NA,"España","Asturias","Santullano",NA,NA,NA,"1998",4,26,NA,NA,"Idurre Larrarabal","Idurre Larrarabal",NA,NA,NA,1,NA,NA,NA,"Oviedo Museum",NA,NA,"87_NOCOMPLEXHymenopteros_OVIEDO_202310242353"
"Bombus",NA,"terrestris/lucorum",NA,"España","León","Barrio de la Puente",NA,NA,NA,NA,NA,NA,NA,NA,"B. Gómez Malgor","B. Gómez Malgor",NA,NA,NA,1,NA,NA,NA,"Oviedo Museum",NA,NA,"87_NOCOMPLEXHymenopteros_OVIEDO_202310242354"
"Bombus",NA,"terrestris",NA,"España","Asturias","Oviedo",NA,NA,NA,"1996",10,19,NA,NA,"Presen Ordiérez","Silvia Vegao",NA,NA,NA,1,NA,NA,NA,"Oviedo Museum",NA,"Tiene moho","87_NOCOMPLEXHymenopteros_OVIEDO_202310242355"
"Bombus",NA,"lucorum",NA,"España","Asturias","Tamón",NA,NA,NA,"1998",2,8,NA,NA,"C. Prendes","Mario Busto",NA,NA,NA,1,NA,NA,NA,"Oviedo Museum",NA,NA,"87_NOCOMPLEXHymenopteros_OVIEDO_202310242356"
"Bombus",NA,"terrestris",NA,"España","Asturias","Mercasturias",NA,NA,NA,"1998",5,9,NA,NA,"Laura R. G.","Laura R. G.",1,NA,NA,0,NA,NA,NA,"Oviedo Museum",NA,NA,"87_NOCOMPLEXHymenopteros_OVIEDO_202310242357"
"Bombus",NA,"terrestris/lucorum",NA,"España","Cantabria","Vargas",NA,NA,NA,"1997",5,3,NA,NA,"Chona C.","Sara C. V.",NA,NA,NA,1,NA,NA,NA,"Oviedo Museum",NA,NA,"87_NOCOMPLEXHymenopteros_OVIEDO_202310242358"
"Bombus",NA,"lucorum",NA,"España","Asturias","Luarca",NA,NA,NA,"1996",10,22,NA,NA,"Felipe Glez","Felipe Glez",NA,NA,NA,1,NA,NA,NA,"Oviedo Museum",NA,NA,"87_NOCOMPLEXHymenopteros_OVIEDO_202310242359"
"Bombus",NA,"lucorum",NA,"España","Asturias","Cangas de Onís",NA,NA,NA,"1998",3,15,NA,NA,"B. V. Sobrecueva","",NA,NA,NA,1,NA,NA,NA,"Oviedo Museum",NA,NA,"87_NOCOMPLEXHymenopteros_OVIEDO_202310242360"
"Bombus",NA,"terrestris/lucorum",NA,"España","Asturias","El Cristo (Oviedo)",NA,NA,NA,"1998",5,6,NA,NA,"Vitor X. Melero","Vitor X. Melero",NA,NA,NA,1,NA,NA,NA,"Oviedo Museum",NA,NA,"87_NOCOMPLEXHymenopteros_OVIEDO_202310242361"
"Bombus",NA,"terrestris/lucorum",NA,"España","Asturias","Oviedo",NA,NA,NA,"1996",11,27,NA,NA,"J. Julio Vicente","Andrés Pérez",NA,NA,NA,1,NA,NA,NA,"Oviedo Museum",NA,NA,"87_NOCOMPLEXHymenopteros_OVIEDO_202310242362"
"Bombus",NA,"terrestris/lucorum",NA,"España","Asturias","Los Arrudos",NA,NA,NA,"1997",8,17,NA,NA,"Sandra Martínez","Sandra Martínez",NA,NA,NA,1,NA,NA,NA,"Oviedo Museum",NA,NA,"87_NOCOMPLEXHymenopteros_OVIEDO_202310242363"
"Bombus",NA,"terrestris",NA,"España","Asturias","La Raíz",NA,NA,NA,"1997",8,8,NA,NA,"Lara Seoane","Lara Seoane",NA,NA,NA,1,NA,NA,NA,"Oviedo Museum",NA,NA,"87_NOCOMPLEXHymenopteros_OVIEDO_202310242364"
"Bombus",NA,"terrestris/lucorum",NA,"España","Asturias","La Manjoya",NA,NA,NA,NA,NA,NA,NA,NA,"Noe Álvarez","Noe Álvarez",NA,NA,NA,1,NA,NA,NA,"Oviedo Museum",NA,NA,"87_NOCOMPLEXHymenopteros_OVIEDO_202310242365"
"Bombus",NA,"terrestris/lucorum",NA,"España","Asturias","C/ Magnus Blickstad nº 54 12-B",NA,NA,NA,NA,NA,NA,NA,NA,"R. B. Alba","R. Olalla",1,NA,NA,0,NA,NA,NA,"Oviedo Museum",NA,NA,"87_NOCOMPLEXHymenopteros_OVIEDO_202310242366"
"Bombus",NA,"terrestris/lucorum",NA,"España","Asturias","Luarca",NA,NA,NA,"1996",10,22,NA,NA,"Carmen Gutiérrez","Carmen Gutiérrez",NA,NA,NA,1,NA,NA,NA,"Oviedo Museum",NA,NA,"87_NOCOMPLEXHymenopteros_OVIEDO_202310242367"
"Bombus",NA,"terrestris",NA,"España","Asturias","Porceyo",NA,NA,NA,"1996",12,18,NA,NA,"Ana Conú Vallas","Ana C. V.",NA,NA,NA,1,NA,NA,NA,"Oviedo Museum",NA,NA,"87_NOCOMPLEXHymenopteros_OVIEDO_202310242368"
"Bombus",NA,"hortorum",NA,"España","Asturias","Oviedo",NA,NA,NA,"1997",4,17,NA,NA,"Fernando Ayon","Andrés Pérez",NA,NA,NA,1,NA,NA,NA,"Oviedo Museum",NA,NA,"87_NOCOMPLEXHymenopteros_OVIEDO_202310242369"
"Bombus",NA,"terrestris/lucorum",NA,"España","Asturias","Campomanes",NA,NA,NA,NA,NA,NA,NA,NA,"Joaquín Izquierdo","Arturo Madera",NA,NA,NA,1,NA,NA,NA,"Oviedo Museum",NA,NA,"87_NOCOMPLEXHymenopteros_OVIEDO_202310242370"
"Bombus",NA,"terrestris",NA,"España","Cantabria","Otañes",NA,NA,NA,"1996",8,14,NA,NA,"Germán Orizaola","Germán Orizaola",NA,NA,NA,1,NA,NA,NA,"Oviedo Museum",NA,NA,"87_NOCOMPLEXHymenopteros_OVIEDO_202310242371"
"Bombus",NA,"hortorum",NA,"España","Asturias","Sierra del Sueve",NA,NA,NA,"1980",5,11,NA,NA,"E. Ferreras","",NA,NA,NA,1,NA,NA,NA,"Oviedo Museum",NA,"Tiene moho","87_NOCOMPLEXHymenopteros_OVIEDO_202310242372"
"Bombus",NA,"terrestris/lucorum",NA,"España","Palencia","Parque Natural de las Tuerces",NA,NA,NA,"1996",9,28,NA,NA,"Manuel A. Alcántara","Manuel A. Alcántara",NA,NA,NA,1,NA,NA,NA,"Oviedo Museum",NA,NA,"87_NOCOMPLEXHymenopteros_OVIEDO_202310242373"
"Bombus",NA,"terrestris",NA,"España","Asturias","Teverga",NA,NA,NA,"1998",8,29,NA,NA,"Rebeca Coca","Verónica González Baquero",1,NA,NA,0,NA,NA,NA,"Oviedo Museum",NA,NA,"87_NOCOMPLEXHymenopteros_OVIEDO_202310242374"
"Bombus",NA,"terrestris",NA,"España","Asturias","El Bibio",NA,NA,NA,"1997",7,9,NA,NA,"Mª José Sierra","Mª José Sierra",1,NA,NA,0,NA,NA,NA,"Oviedo Museum",NA,NA,"87_NOCOMPLEXHymenopteros_OVIEDO_202310242375"
"Bombus",NA,"hortorum",NA,"España","Asturias","Oviedo",NA,NA,NA,"1997",3,13,NA,NA,"J. M. M. Gil","J. M. M. Gil",1,NA,NA,0,NA,NA,NA,"Oviedo Museum",NA,NA,"87_NOCOMPLEXHymenopteros_OVIEDO_202310242376"
"Bombus",NA,"terrestris/lucorum",NA,"España","Asturias","Pancar",NA,NA,NA,"1996",8,15,NA,NA,"J. A. García Fuertes","J. A. García Fuertes",NA,NA,NA,1,NA,NA,NA,"Oviedo Museum",NA,NA,"87_NOCOMPLEXHymenopteros_OVIEDO_202310242377"
"Bombus",NA,"terrestris/soroeensis",NA,"España","Asturias","Cabueñes",NA,NA,NA,NA,NA,NA,NA,NA,"J. L. L. Castaño","J. L. L. Castaño",NA,NA,NA,1,NA,NA,NA,"Oviedo Museum",NA,NA,"87_NOCOMPLEXHymenopteros_OVIEDO_202310242378"
"Bombus",NA,"terrestris",NA,"España","Cantabria","Riclones",NA,NA,NA,"1997",9,29,NA,NA,"David del Corral","David del Corral",1,NA,NA,0,NA,NA,NA,"Oviedo Museum",NA,NA,"87_NOCOMPLEXHymenopteros_OVIEDO_202310242379"
"Bombus",NA,"lucorum",NA,"España","Asturias","Luanco",NA,NA,NA,"1997",8,5,NA,NA,"R. Rosa Gª","L. Veiga Díaz",NA,NA,NA,1,NA,NA,NA,"Oviedo Museum",NA,NA,"87_NOCOMPLEXHymenopteros_OVIEDO_202310242380"
"Bombus",NA,"lucorum",NA,"España","Cantabria","Santander",NA,NA,NA,"1997",8,30,NA,NA,"Marta P.","C. Lozano",1,NA,NA,0,NA,NA,NA,"Oviedo Museum",NA,NA,"87_NOCOMPLEXHymenopteros_OVIEDO_202310242381"
"Bombus",NA,"terrestris",NA,"España","Asturias","Pruvia de Arriba",NA,NA,NA,"1998",4,18,NA,NA,"Marco A. Varela","Marco A. Varela",NA,NA,NA,1,NA,NA,NA,"Oviedo Museum",NA,NA,"87_NOCOMPLEXHymenopteros_OVIEDO_202310242382"
"Bombus",NA,"terrestris/lucorum",NA,"España","Asturias","Granda",NA,NA,NA,NA,NA,NA,NA,NA,"Juan Gómez","J. Gómez Navedo",NA,NA,NA,1,NA,NA,NA,"Oviedo Museum",NA,NA,"87_NOCOMPLEXHymenopteros_OVIEDO_202310242383"
"Bombus",NA,"lucorum/soroeensis",NA,"España","Lérida","Valle de Arán",NA,NA,NA,"1998",9,1,NA,NA,"Jose E. Cespedes","Jose E. Cespedes",NA,NA,NA,1,NA,NA,NA,"Oviedo Museum",NA,NA,"87_NOCOMPLEXHymenopteros_OVIEDO_202310242384"
"Bombus",NA,"lucorum",NA,"España","Asturias","Vega'l Rei",NA,NA,NA,"1995",7,25,NA,NA,"R. Ordiales","R. Ordiales",NA,NA,NA,1,NA,NA,NA,"Oviedo Museum",NA,NA,"87_NOCOMPLEXHymenopteros_OVIEDO_202310242385"
"Bombus",NA,"lucorum",NA,"España","Asturias","Pola de Lena",NA,NA,NA,"1997",12,3,NA,NA,"C. Fdez Martín","C. Fdez Martín",NA,NA,NA,1,NA,NA,NA,"Oviedo Museum",NA,NA,"87_NOCOMPLEXHymenopteros_OVIEDO_202310242386"
"Bombus",NA,"hortorum",NA,"España","Asturias","Villar (Luarca)",NA,NA,NA,"1996",10,24,NA,NA,"C. A. Pola","C. A. Pola",NA,NA,NA,1,NA,NA,NA,"Oviedo Museum",NA,NA,"87_NOCOMPLEXHymenopteros_OVIEDO_202310242387"
"Bombus",NA,"terrestris",NA,"España",NA,"La Isla",NA,NA,NA,NA,NA,NA,NA,NA,"José A. Isla","José A. Isla",1,NA,NA,0,NA,NA,NA,"Oviedo Museum",NA,NA,"87_NOCOMPLEXHymenopteros_OVIEDO_202310242388"
"Bombus",NA,"lucorum/soroeensis",NA,"España","Asturias","Monasterio de Hermo",NA,NA,NA,"1996",7,20,NA,NA,"J. M. Cano Arias","J. M. Cano Arias",NA,NA,NA,1,NA,NA,NA,"Oviedo Museum",NA,NA,"87_NOCOMPLEXHymenopteros_OVIEDO_202310242389"
"Bombus",NA,"hortorum",NA,"España","Asturias","Solomir",NA,NA,NA,"1997",5,2,NA,NA,"I. Gutiérrez Martínez","I. Gutiérrez Martínez",NA,NA,NA,1,NA,NA,NA,"Oviedo Museum",NA,NA,"87_NOCOMPLEXHymenopteros_OVIEDO_202310242390"
"Bombus",NA,"hortorum",NA,"España","Asturias","Grado",NA,NA,NA,"1997",2,23,NA,NA,"Juan Luengo","Juan Luengo",NA,NA,NA,1,NA,NA,NA,"Oviedo Museum",NA,NA,"87_NOCOMPLEXHymenopteros_OVIEDO_202310242391"
"Bombus",NA,"terrestris/lucorum",NA,"España","Asturias","Luarca",NA,NA,NA,NA,NA,NA,NA,NA,"Yvonne Valles","Yvonne Valles",NA,NA,NA,1,NA,NA,NA,"Oviedo Museum",NA,NA,"87_NOCOMPLEXHymenopteros_OVIEDO_202310242392"
"Bombus",NA,"lucorum",NA,"España","Asturias","Latores",NA,NA,NA,"1997",4,14,NA,NA,"Manuel A. Alcántara","Manuel A. Alcántara",1,NA,NA,0,NA,NA,NA,"Oviedo Museum",NA,NA,"87_NOCOMPLEXHymenopteros_OVIEDO_202310242393"
"Bombus",NA,"hortorum",NA,"España","Asturias","Mieres",NA,NA,NA,"1997",5,6,NA,NA,"M. Lamelas","M. Lamelas",NA,NA,NA,1,NA,NA,NA,"Oviedo Museum",NA,NA,"87_NOCOMPLEXHymenopteros_OVIEDO_202310242394"
"Bombus",NA,"hortorum",NA,"España","Cantabria","Vargas",NA,NA,NA,NA,NA,NA,NA,NA,"Sara Ceballos","María P. Mora",NA,NA,NA,1,NA,NA,NA,"Oviedo Museum",NA,NA,"87_NOCOMPLEXHymenopteros_OVIEDO_202310242395"
"Bombus",NA,"terrestris",NA,"España","León","Rodiezmo",NA,NA,NA,"2008",7,24,NA,NA,"A. Huelga","A. Huelga",NA,NA,NA,1,NA,NA,NA,"Oviedo Museum","Flores",NA,"87_NOCOMPLEXHymenopteros_OVIEDO_202310242396"
"Bombus",NA,"hortorum",NA,"España","Asturias","Bustantigo",NA,NA,NA,"2008",5,2,NA,NA,"J. L. Méndez Blanco","J. L. Méndez Blanco",NA,NA,NA,1,NA,NA,NA,"Oviedo Museum","Huerta",NA,"87_NOCOMPLEXHymenopteros_OVIEDO_202310242397"
"Bombus",NA,"terrestris",NA,"España","Asturias","Oviedo",NA,NA,NA,NA,NA,NA,NA,NA,"A. Zapico","A. Zapico",NA,NA,NA,1,NA,NA,NA,"Oviedo Museum","Sobre cortina","Tiene moho","87_NOCOMPLEXHymenopteros_OVIEDO_202310242398"
"Bombus",NA,"lucorum",NA,"España","Asturias","Naranco (Oviedo)",NA,NA,NA,"2006",4,26,NA,NA,"D. Carta Diego","D. Carta Diego",1,NA,NA,0,NA,NA,NA,"Oviedo Museum",NA,NA,"87_NOCOMPLEXHymenopteros_OVIEDO_202310242399"
"Bombus",NA,"terrestris/lucorum",NA,"España","Asturias","Sta. Marina",NA,NA,NA,"2006",11,4,NA,NA,"Sonia Fernández Glez","",NA,NA,NA,1,NA,NA,NA,"Oviedo Museum",NA,NA,"87_NOCOMPLEXHymenopteros_OVIEDO_202310242400"
"Bombus",NA,"hortorum",NA,"España","Asturias","Rasón (Moreda)",NA,NA,NA,"2006",7,11,NA,NA,"Lorena Espina","Lorena Espina",NA,NA,NA,1,NA,NA,NA,"Oviedo Museum",NA,NA,"87_NOCOMPLEXHymenopteros_OVIEDO_202310242401"
"Bombus",NA,"hortorum",NA,"España","Asturias","La Peña",NA,NA,NA,"2005",3,27,NA,NA,"Judith Vidal Fdez","Judith Vidal Fdez",NA,NA,NA,1,NA,NA,NA,"Oviedo Museum",NA,NA,"87_NOCOMPLEXHymenopteros_OVIEDO_202310242402"
"Bombus",NA,"terrestris/lucorum",NA,"España","Asturias","Gijón",NA,NA,NA,"2006",2,15,NA,NA,"Guzmán García","Laura García",1,NA,NA,0,NA,NA,NA,"Oviedo Museum",NA,NA,"87_NOCOMPLEXHymenopteros_OVIEDO_202310242403"
"Bombus",NA,"hortorum",NA,"España","Asturias","Villele",NA,NA,NA,"2005",3,24,NA,NA,"Judith Vidal Fdez","Judith Vidal Fdez",NA,NA,NA,1,NA,NA,NA,"Oviedo Museum",NA,NA,"87_NOCOMPLEXHymenopteros_OVIEDO_202310242404"
"Bombus",NA,"terrestris/lucorum",NA,"España","Asturias","Avilés",NA,NA,NA,"2006",5,5,NA,NA,"Alejandro Vivas","Alejandro Vivas",NA,NA,NA,1,NA,NA,NA,"Oviedo Museum",NA,NA,"87_NOCOMPLEXHymenopteros_OVIEDO_202310242405"
"Bombus",NA,"lucorum",NA,"España","León","Robledo de Caldas",NA,NA,NA,NA,NA,NA,NA,NA,"Graciela Calzón","Graciela Calzón",NA,NA,NA,1,NA,NA,NA,"Oviedo Museum",NA,NA,"87_NOCOMPLEXHymenopteros_OVIEDO_202310242406"
"Bombus",NA,"terrestris",NA,"España","Asturias","Muñás",NA,NA,NA,"2006",8,14,NA,NA,"Yoana Castro","Yoana Castro",NA,NA,NA,1,NA,NA,NA,"Oviedo Museum","Campo",NA,"87_NOCOMPLEXHymenopteros_OVIEDO_202310242407"
"Bombus",NA,"terrestris",NA,"España","Asturias","Pañeda Nueva",NA,NA,NA,"2005",10,6,NA,NA,"Héctor Cabezas","Héctor Cabezas",NA,NA,NA,1,NA,NA,NA,"Oviedo Museum","Pradera",NA,"87_NOCOMPLEXHymenopteros_OVIEDO_202310242408"
"Bombus",NA,"terrestris/lucorum",NA,"España","Asturias","Tineo",NA,NA,NA,"2003",10,17,NA,NA,"Begoña Alv.","Begoña Alv.",NA,NA,NA,1,NA,NA,NA,"Oviedo Museum","Pinar","Tiene moho","87_NOCOMPLEXHymenopteros_OVIEDO_202310242409"
"Bombus",NA,"hortorum",NA,"España","Asturias","Oviedo",NA,NA,NA,NA,NA,NA,NA,NA,"Eli Monteagudo","Marta Prada",NA,NA,NA,1,NA,NA,NA,"Oviedo Museum",NA,NA,"87_NOCOMPLEXHymenopteros_OVIEDO_202310242410"
"Bombus",NA,"terrestris",NA,"España","Asturias","Sariego",NA,NA,NA,"2006",6,6,NA,NA,"Sergio Carpio","Sergio Carpio",NA,NA,NA,1,NA,NA,NA,"Oviedo Museum","Huerta",NA,"87_NOCOMPLEXHymenopteros_OVIEDO_202310242411"
"Bombus","wurfleini","pyrenaicus",NA,"España","Asturias","Bandujo",NA,NA,NA,"1997",8,3,NA,NA,"Rocío Rosa García","Rocío Rosa García",NA,NA,NA,1,NA,NA,NA,"Oviedo Museum",NA,NA,"87_NOCOMPLEXHymenopteros_OVIEDO_202310242412"
"Bombus",NA,"soroeensis",NA,"España","Asturias","Pola de Somiedo",NA,NA,NA,"2006",8,12,NA,NA,"Isaac Álvarez","Isaac Álvarez",NA,NA,NA,1,NA,NA,NA,"Oviedo Museum","Flor",NA,"87_NOCOMPLEXHymenopteros_OVIEDO_202310242413"
"Bombus",NA,"sp.",NA,"España","Asturias","San Juan de la Arena",NA,NA,NA,"2006",6,12,NA,NA,"Sofía López","Sofía López",NA,NA,NA,1,NA,NA,NA,"Oviedo Museum",NA,NA,"87_NOCOMPLEXHymenopteros_OVIEDO_202310242414"
"Bombus",NA,"lucorum",NA,"España","Asturias","Mieres",NA,NA,NA,"2006",4,5,NA,NA,"Jesús Pallo","Iñaki Pallo",NA,NA,NA,1,NA,NA,NA,"Oviedo Museum",NA,NA,"87_NOCOMPLEXHymenopteros_OVIEDO_202310242415"
"Bombus",NA,"lucorum",NA,"España","Cantabria","Escobedo",NA,NA,NA,"2003",9,5,NA,NA,"S. Álvarez","S. Álvarez",NA,NA,NA,1,NA,NA,NA,"Oviedo Museum","Jardín",NA,"87_NOCOMPLEXHymenopteros_OVIEDO_202310242416"
"Bombus",NA,"terrestris",NA,"España","Asturias","Cenera",NA,NA,NA,"2007",10,26,NA,NA,"I. Martínez","",NA,NA,NA,1,NA,NA,NA,"Oviedo Museum",NA,"Tiene moho","87_NOCOMPLEXHymenopteros_OVIEDO_202310242417"
"Bombus",NA,"terrestris/lucorum",NA,"España","Asturias","Paseo Parque de Invierno (Oviedo)",NA,NA,NA,"2009",5,15,NA,NA,"Clara Isabel","J. Dugnol",NA,NA,NA,1,NA,NA,NA,"Oviedo Museum",NA,NA,"87_NOCOMPLEXHymenopteros_OVIEDO_202310242418"
"Bombus",NA,"lucorum",NA,"España","Asturias","Campo de Caso",NA,NA,NA,"2008",9,3,NA,NA,"Lidia Aladro Calvo","Lidia Aladro Calvo",NA,NA,NA,1,NA,NA,NA,"Oviedo Museum","Planta",NA,"87_NOCOMPLEXHymenopteros_OVIEDO_202310242419"
"Bombus",NA,"sp.",NA,"España","Cantabria","Liencres",NA,NA,NA,"1997",8,16,NA,NA,"A. Sierra","A. Sierra",1,NA,NA,0,NA,NA,NA,"Oviedo Museum",NA,NA,"87_NOCOMPLEXHymenopteros_OVIEDO_202310242420"
"Bombus",NA,"sp.",NA,"España","Cantabria","Llano",NA,NA,NA,"1996",7,25,NA,NA,"Sara C.","Sara C.",NA,NA,NA,1,NA,NA,NA,"Oviedo Museum",NA,NA,"87_NOCOMPLEXHymenopteros_OVIEDO_202310242421"
"Bombus",NA,"lucorum",NA,"España","Lugo","Sestelo",NA,NA,NA,"2007",8,17,NA,NA,"M. Gavieiro","M. Gavieiro",NA,NA,NA,1,NA,NA,NA,"Oviedo Museum",NA,NA,"87_NOCOMPLEXHymenopteros_OVIEDO_202310242422"
"Bombus",NA,"terrestris/lucorum",NA,"España","León","Cármenes",NA,NA,NA,"2006",8,20,NA,NA,"Víctor Collar","Víctor Collar",NA,NA,NA,1,NA,NA,NA,"Oviedo Museum","Prado",NA,"87_NOCOMPLEXHymenopteros_OVIEDO_202310242423"
"Bombus",NA,"terrestris/lucorum",NA,"España","Asturias","La Pedrera (Mareo)",NA,NA,NA,"2006",6,18,NA,NA,"Liberto Suárez","Gisela",1,NA,NA,0,NA,NA,NA,"Oviedo Museum",NA,NA,"87_NOCOMPLEXHymenopteros_OVIEDO_202310242424"
"Bombus",NA,"terrestris/lucorum",NA,"España","Asturias","Limés",NA,NA,NA,"2002",11,10,NA,NA,"Víctor M. Martínez","Víctor M. Martínez",NA,NA,NA,1,NA,NA,NA,"Oviedo Museum","Prado",NA,"87_NOCOMPLEXHymenopteros_OVIEDO_202310242425"
"Bombus",NA,"terrestris",NA,"España","Asturias","El Rodaco",NA,NA,NA,"2007",10,30,NA,NA,"A. de Quevedo R.","I. Rey Prieto",NA,NA,NA,1,NA,NA,NA,"Oviedo Museum","Sobre madroño",NA,"87_NOCOMPLEXHymenopteros_OVIEDO_202310242426"
"Bombus",NA,"lucorum",NA,"España","Asturias","Salamir",NA,NA,NA,"2008",1,19,NA,NA,"Andrea Arango","Andrea Arango",1,NA,NA,0,NA,NA,NA,"Oviedo Museum",NA,NA,"87_NOCOMPLEXHymenopteros_OVIEDO_202310242427"
"Bombus",NA,"terrestris/lucorum",NA,"España","Asturias","El Rodaco",NA,NA,NA,"2007",10,28,NA,NA,"A. Quevedo Rojo","A. Quevedo Rojo",NA,NA,NA,1,NA,NA,NA,"Oviedo Museum","Sobre madroño",NA,"87_NOCOMPLEXHymenopteros_OVIEDO_202310242428"
"Bombus",NA,"terrestris/lucorum",NA,"España","Asturias","Orviz",NA,NA,NA,"2009",10,23,NA,NA,"J. Fdez Alv.","J. Fdez Alv.",NA,NA,NA,1,NA,NA,NA,"Oviedo Museum","Prado",NA,"87_NOCOMPLEXHymenopteros_OVIEDO_202310242429"
"Bombus",NA,"terrestris/lucorum",NA,"España","Asturias","Grado",NA,NA,NA,"2008",10,16,NA,NA,"Alba de Quevedo R.","Cristina G. F. M.",1,NA,NA,0,NA,NA,NA,"Oviedo Museum","Jardín",NA,"87_NOCOMPLEXHymenopteros_OVIEDO_202310242430"
"Bombus",NA,"terrestris",NA,"España","Asturias","Paseo río Candas (Ablaña)",NA,NA,NA,"2009",12,12,NA,NA,"Malena Fdez Nora","Malena Fernández",NA,NA,NA,1,NA,NA,NA,"Oviedo Museum","Paseo río Candas","Tiene moho","87_NOCOMPLEXHymenopteros_OVIEDO_202310242431"
"Bombus",NA,"terrestris/lucorum",NA,"España","Asturias","Viella",NA,NA,NA,"2010",1,6,NA,NA,"Carmen Cima","Carmen Cima",1,NA,NA,0,NA,NA,NA,"Oviedo Museum","Prado",NA,"87_NOCOMPLEXHymenopteros_OVIEDO_202310242432"
"Bombus",NA,"terrestris",NA,"España","Asturias","La Fresneda",NA,NA,NA,"2004",12,10,NA,NA,"Íñigo Hidalgo","Íñigo Hidalgo",1,NA,NA,0,NA,NA,NA,"Oviedo Museum",NA,NA,"87_NOCOMPLEXHymenopteros_OVIEDO_202310242433"
"Bombus",NA,"terrestris/lucorum",NA,"España","Asturias","Degaña",NA,NA,NA,"2009",11,5,NA,NA,"José Mª Chacón","José Mª Chacón",NA,NA,NA,1,NA,NA,NA,"Oviedo Museum","Camino",NA,"87_NOCOMPLEXHymenopteros_OVIEDO_202310242434"
"Bombus",NA,"terrestris/lucorum",NA,"España","Asturias","Gijón",NA,NA,NA,"2009",11,30,NA,NA,"J. M. Chacón","J. M. Pardo",NA,NA,NA,1,NA,NA,NA,"Oviedo Museum",NA,NA,"87_NOCOMPLEXHymenopteros_OVIEDO_202310242435"
"Bombus",NA,"terrestris",NA,"España","Asturias","Salinas",NA,NA,NA,"2009",11,28,NA,NA,"Diego Fdez","D. Fernández",NA,NA,NA,1,NA,NA,NA,"Oviedo Museum","Pinar",NA,"87_NOCOMPLEXHymenopteros_OVIEDO_202310242436"
"Bombus",NA,"terrestris/lucorum",NA,"España","Asturias","Parades",NA,NA,NA,"2009",12,9,NA,NA,"Celia López","Celia López",NA,NA,NA,1,NA,NA,NA,"Oviedo Museum","Prado",NA,"87_NOCOMPLEXHymenopteros_OVIEDO_202310242437"
"Bombus",NA,"terrestris/lucorum",NA,"España","Asturias","Orviz",NA,NA,NA,"2009",10,23,NA,NA,"J. Fdez Alv.","Aitor Rodríguez",NA,NA,NA,1,NA,NA,NA,"Oviedo Museum","Prado",NA,"87_NOCOMPLEXHymenopteros_OVIEDO_202310242438"
"Bombus",NA,"terrestris/lucorum",NA,"España","Asturias","Sto. Emiliano",NA,NA,NA,"2009",4,11,NA,NA,"B. Arteaga Cab.","B. Arteaga",NA,NA,NA,1,NA,NA,NA,"Oviedo Museum",NA,NA,"87_NOCOMPLEXHymenopteros_OVIEDO_202310242439"
"Bombus",NA,"hortorum",NA,"España","Asturias","Cenera",NA,NA,NA,"2009",10,9,NA,NA,"Paula Moreno Díaz","Paula Moreno Díaz",NA,NA,NA,1,NA,NA,NA,"Oviedo Museum",NA,NA,"87_NOCOMPLEXHymenopteros_OVIEDO_202310242440"
"Bombus",NA,"terrestris/lucorum",NA,"España","Asturias","Brañes",NA,NA,NA,"2009",10,24,NA,NA,"Paula Moreno Díaz","Paula Moreno Díaz",1,NA,NA,0,NA,NA,NA,"Oviedo Museum",NA,NA,"87_NOCOMPLEXHymenopteros_OVIEDO_202310242441"
"Bombus",NA,"hortorum",NA,"España","Asturias","Castañedo",NA,NA,NA,"2009",10,12,NA,NA,"Juan José Garaot","Juan José Garaot",NA,NA,NA,1,NA,NA,NA,"Oviedo Museum","Prado","Tiene moho","87_NOCOMPLEXHymenopteros_OVIEDO_202310242442"
"Bombus",NA,"terrestris",NA,"España","Asturias","Oles",NA,NA,NA,"2009",7,10,NA,NA,"Alejandro Lomba","Alejandro Lomba",NA,NA,NA,1,NA,NA,NA,"Oviedo Museum","Matorral",NA,"87_NOCOMPLEXHymenopteros_OVIEDO_202310242443"
"Bombus",NA,"terrestris",NA,"España","Asturias","Aboño",NA,NA,NA,NA,NA,NA,NA,NA,"V. Rojas","V. Rojas",NA,NA,NA,1,NA,NA,NA,"Oviedo Museum",NA,NA,"87_NOCOMPLEXHymenopteros_OVIEDO_202310242444"
"Bombus",NA,"hortorum",NA,"España","Asturias","Llendecastiello",NA,NA,NA,"2009",4,18,NA,NA,"B. Peralta","B. Peralta",NA,NA,NA,1,NA,NA,NA,"Oviedo Museum",NA,NA,"87_NOCOMPLEXHymenopteros_OVIEDO_202310242445"
"Bombus",NA,"terrestris",NA,"España","Asturias","Purificación Tomás (Oviedo)",NA,NA,NA,"2009",9,6,NA,NA,"Alberto Villanueva","Alberto Villanueva",NA,NA,NA,1,NA,NA,NA,"Oviedo Museum",NA,NA,"87_NOCOMPLEXHymenopteros_OVIEDO_202310242446"
"Bombus",NA,"hortorum",NA,"España","Asturias","Granda",NA,NA,NA,NA,NA,NA,NA,NA,"Andrés González","Iria Baragaño",NA,NA,NA,1,NA,NA,NA,"Oviedo Museum",NA,NA,"87_NOCOMPLEXHymenopteros_OVIEDO_202310242447"
"Bombus",NA,"terrestris",NA,"España","Asturias","Mieres",NA,NA,NA,"2009",11,6,NA,NA,"Sandra Pérez Pérez","Sandra Pérez Pérez",NA,NA,NA,1,NA,NA,NA,"Oviedo Museum",NA,NA,"87_NOCOMPLEXHymenopteros_OVIEDO_202310242448"
"Bombus",NA,"terrestris/lucorum",NA,"España","Lugo","Foz",NA,NA,NA,"2009",4,9,NA,NA,"Iria Baragaño","S. San Martín",NA,NA,NA,1,NA,NA,NA,"Oviedo Museum",NA,NA,"87_NOCOMPLEXHymenopteros_OVIEDO_202310242449"
"Bombus",NA,"lucorum",NA,"España","Asturias","Lugones",NA,NA,NA,"2010",7,6,NA,NA,"Pablo Fernánd.","",NA,NA,NA,1,NA,NA,NA,"Oviedo Museum",NA,NA,"87_NOCOMPLEXHymenopteros_OVIEDO_202310242450"
"Bombus",NA,"lucorum",NA,"España","Asturias","Cudeña",NA,NA,NA,"2007",11,18,NA,NA,"P. Fernández Riesgo","P. Fdez Riesgo",1,NA,NA,0,NA,NA,NA,"Oviedo Museum","Prado",NA,"87_NOCOMPLEXHymenopteros_OVIEDO_202310242451"
"Bombus",NA,"hortorum",NA,"España","Asturias","Oles",NA,NA,NA,"2009",7,20,NA,NA,"Alejandro Lomba","Alejandro Lomba",NA,NA,NA,1,NA,NA,NA,"Oviedo Museum","Prado","Tiene moho","87_NOCOMPLEXHymenopteros_OVIEDO_202310242452"
"Bombus",NA,"terrestris",NA,"España","Islas Baleares","Menorca",NA,NA,NA,"2008",10,23,NA,NA,"David Rodríguez","David Rodríguez",NA,NA,NA,1,NA,NA,NA,"Oviedo Museum",NA,NA,"87_NOCOMPLEXHymenopteros_OVIEDO_202310242453"
"Bombus",NA,"terrestris",NA,"España","Asturias","Taja",NA,NA,NA,"2009",7,30,NA,NA,"Nuria Álvarez Suárez","Nuria Álvarez Suárez",NA,NA,NA,1,NA,NA,NA,"Oviedo Museum",NA,NA,"87_NOCOMPLEXHymenopteros_OVIEDO_202310242454"
"Bombus",NA,"pascuorum",NA,"España","Asturias","La Moratina",NA,NA,NA,"2009",11,22,NA,NA,"Isabel Sánchez Flór","Isabel Sánchez Flórez",NA,NA,NA,1,NA,NA,NA,"Oviedo Museum",NA,NA,"87_NOCOMPLEXHymenopteros_OVIEDO_202310242455"
"Bombus",NA,"hortorum",NA,"España","Asturias","Urbies",NA,NA,NA,"2009",9,20,NA,NA,"Daniel Morant","Daniel Morant",NA,NA,NA,1,NA,NA,NA,"Oviedo Museum","Prado",NA,"87_NOCOMPLEXHymenopteros_OVIEDO_202310242456"
"Bombus",NA,"lucorum",NA,"España","Asturias","Villarcazo",NA,NA,NA,"2010",5,28,NA,NA,"Ana Teresa Villar","Ana Teresa Villar",NA,NA,NA,1,NA,NA,NA,"Oviedo Museum","Monte",NA,"87_NOCOMPLEXHymenopteros_OVIEDO_202310242457"
"Bombus",NA,"terrestris",NA,"España","Asturias","Naves",NA,NA,NA,"2009",4,12,NA,NA,"A. Álvarez Junco","A. Álvarez Junco",NA,NA,NA,1,NA,NA,NA,"Oviedo Museum","Surfinia",NA,"87_NOCOMPLEXHymenopteros_OVIEDO_202310242458"
"Bombus",NA,"hortorum",NA,"España","Asturias","Arbón",NA,NA,NA,NA,NA,NA,NA,NA,"Ana B. Anes","A. Anes",NA,NA,NA,1,NA,NA,NA,"Oviedo Museum",NA,NA,"87_NOCOMPLEXHymenopteros_OVIEDO_202310242459"
"Bombus",NA,"terrestris",NA,"España","Asturias","Bendon",NA,NA,NA,"2008",10,9,NA,NA,"Omar Menéndez","Omar Menéndez",NA,NA,NA,1,NA,NA,NA,"Oviedo Museum",NA,NA,"87_NOCOMPLEXHymenopteros_OVIEDO_202310242460"
"Bombus",NA,"pascuorum",NA,"España","Asturias","Llendecastiello",NA,NA,NA,"2009",4,18,NA,NA,"B. Peralta","B. Peralta",NA,NA,NA,1,NA,NA,NA,"Oviedo Museum",NA,NA,"87_NOCOMPLEXHymenopteros_OVIEDO_202310242461"
"Bombus",NA,"terrestris/lucorum",NA,"España","Asturias","Pravia",NA,NA,NA,"2007",6,1,NA,NA,"L. M. Pesquera","Ainoa Pravia",NA,NA,NA,1,NA,NA,NA,"Oviedo Museum",NA,NA,"87_NOCOMPLEXHymenopteros_OVIEDO_202310242462"
"Bombus",NA,"soroeensis",NA,"España","Asturias","El Vallín (Luarca)",NA,NA,NA,NA,NA,NA,NA,NA,"Lidia R.","Lidia R.",NA,NA,NA,1,NA,NA,NA,"Oviedo Museum",NA,NA,"87_NOCOMPLEXHymenopteros_OVIEDO_202310242463"
"Bombus",NA,"pascuorum",NA,"España","Asturias","Granda",NA,NA,NA,NA,NA,NA,NA,NA,"Andrés M.","Andrés M.",NA,NA,NA,1,NA,NA,NA,"Oviedo Museum",NA,"Es posible que tenga insectos plaga","87_NOCOMPLEXHymenopteros_OVIEDO_202310242464"
"Bombus",NA,"pascuorum",NA,"España","Asturias","El Vallín (Luarca)",NA,NA,NA,NA,NA,NA,NA,NA,"Lidia Rubio","Lidia Rubio",NA,NA,NA,1,NA,NA,NA,"Oviedo Museum",NA,NA,"87_NOCOMPLEXHymenopteros_OVIEDO_202310242465"
"Bombus",NA,"lucorum",NA,"España","Asturias","Gijón",NA,NA,NA,"2007",5,27,NA,NA,"R. Navais","R. Navais",NA,NA,NA,1,NA,NA,NA,"Oviedo Museum",NA,NA,"87_NOCOMPLEXHymenopteros_OVIEDO_202310242466"
"Bombus",NA,"pratorum",NA,"España","Asturias","Proaza",NA,NA,NA,"2007",5,7,NA,NA,"Ainoa Pravia","Ainoa Pravia",NA,NA,NA,1,NA,NA,NA,"Oviedo Museum","Senda del Oso",NA,"87_NOCOMPLEXHymenopteros_OVIEDO_202310242467"
"Bombus",NA,"lucorum",NA,"España","Asturias","Luanco",NA,NA,NA,"2007",5,12,NA,NA,"Cristina F. Secades","Cristina F. Secades",NA,NA,NA,1,NA,NA,NA,"Oviedo Museum",NA,NA,"87_NOCOMPLEXHymenopteros_OVIEDO_202310242468"
"Bombus",NA,"sp.",NA,"España","Asturias","La Isla",NA,NA,NA,"2008",3,1,NA,NA,"I. Neira Artidiello","I. Neira Artidiello",NA,NA,NA,1,NA,NA,NA,"Oviedo Museum",NA,NA,"87_NOCOMPLEXHymenopteros_OVIEDO_202310242469"
"Bombus",NA,"pascuorum/muscorum/humilis",NA,"España","Asturias","Soto de Llanera",NA,NA,NA,"2006",5,25,NA,NA,"A. Velasco","A. Velasco",NA,NA,NA,1,NA,NA,NA,"Oviedo Museum",NA,NA,"87_NOCOMPLEXHymenopteros_OVIEDO_202310242470"
"Bombus",NA,"hortorum",NA,"España","Asturias","El Campón (Salinas)",NA,NA,NA,"2005",3,18,NA,NA,"D. Martínez Rguez","Dani M. R.",NA,NA,NA,1,NA,NA,NA,"Oviedo Museum",NA,NA,"87_NOCOMPLEXHymenopteros_OVIEDO_202310242471"
"Bombus",NA,"lucorum",NA,"España","Asturias","Villademar",NA,NA,NA,"2002",9,27,NA,NA,"Dani Mtnz Rguez","Dani M. R.",NA,NA,NA,1,NA,NA,NA,"Oviedo Museum",NA,"Tiene moho","87_NOCOMPLEXHymenopteros_OVIEDO_202310242472"
"Bombus",NA,"hortorum",NA,"España","Asturias","Corao",NA,NA,NA,"2009",6,9,NA,NA,"Denisse Pantín Díaz","Denisse Pantín Díaz",NA,NA,NA,1,NA,NA,NA,"Oviedo Museum","Jardín",NA,"87_NOCOMPLEXHymenopteros_OVIEDO_202310242473"
"Bombus",NA,"lucorum",NA,"España","Asturias","La Mata",NA,NA,NA,"2009",8,20,NA,NA,"Miriam Fdez Auello","Miriam Fdez Auello",NA,NA,NA,1,NA,NA,NA,"Oviedo Museum","Camino",NA,"87_NOCOMPLEXHymenopteros_OVIEDO_202310242474"
"Bombus",NA,"pascuorum",NA,"España","Asturias","San Martín",NA,NA,NA,"2009",7,22,NA,NA,"Miriam Fdez Auello","Miriam Fdez Auello",NA,NA,NA,1,NA,NA,NA,"Oviedo Museum","Camino",NA,"87_NOCOMPLEXHymenopteros_OVIEDO_202310242475"
"Psithyrus",NA,"campestris",NA,"España","Asturias","Pola de Lena",NA,NA,NA,"2005",4,25,NA,NA,"J. C. Álvarez","J. C. Álvarez",NA,NA,NA,1,NA,NA,NA,"Oviedo Museum",NA,NA,"87_NOCOMPLEXHymenopteros_OVIEDO_202310242476"
"Bombus",NA,"soroeensis",NA,"España","Asturias","Naranco (Oviedo)",NA,NA,NA,"2009",8,3,NA,NA,"Gerardo Martín López","Gerardo M. L.",1,NA,NA,0,NA,NA,NA,"Oviedo Museum","Camino",NA,"87_NOCOMPLEXHymenopteros_OVIEDO_202310242477"
"Psithyrus",NA,"campestris",NA,"España","Asturias","Monte Naranco (Oviedo)",NA,NA,NA,"2009",10,18,NA,NA,"Alba Casona Baquet","Alba Casona Baquet",NA,1,NA,0,NA,NA,NA,"Oviedo Museum","Jardín",NA,"87_NOCOMPLEXHymenopteros_OVIEDO_202310242478"
"Bombus",NA,"ruderatus/hortorum",NA,"España","Asturias","Parque de invierno (Oviedo)",NA,NA,NA,"2006",4,8,NA,NA,"Carmen Alonso Soto","Clara Álvarez Alonso",NA,NA,NA,1,NA,NA,NA,"Oviedo Museum","Parque",NA,"87_NOCOMPLEXHymenopteros_OVIEDO_202310242479"
"Bombus",NA,"pascuorum",NA,"España","Asturias","San Miguel de Lillo",NA,NA,NA,"2009",10,23,NA,NA,"J. Martínez","Celia López",NA,NA,NA,1,NA,NA,NA,"Oviedo Museum","Pradera",NA,"87_NOCOMPLEXHymenopteros_OVIEDO_202310242480"
"Bombus",NA,"terrestris/lucorum",NA,"España","Asturias","Pola de Siero",NA,NA,NA,"2010",7,3,NA,NA,"Sabino Ania","Sabino Ania",NA,NA,NA,1,NA,NA,NA,"Oviedo Museum",NA,"Tiene moho","87_NOCOMPLEXHymenopteros_OVIEDO_202310242481"
"Bombus",NA,"hortorum",NA,"España","Asturias","Doñajuandi",NA,NA,NA,"2010",3,21,NA,NA,"C. Otero","C. Otero",NA,NA,NA,1,NA,NA,NA,"Oviedo Museum",NA,NA,"87_NOCOMPLEXHymenopteros_OVIEDO_202310242482"
"Bombus",NA,"terrestris",NA,"España","Asturias","Raíces Nuevo",NA,NA,NA,"2009",10,29,NA,NA,"Diego Fdez","D. Fernández",1,NA,NA,0,NA,NA,NA,"Oviedo Museum",NA,NA,"87_NOCOMPLEXHymenopteros_OVIEDO_202310242483"
"Bombus",NA,"terrestris/lucorum",NA,"España","Asturias","Gijón",NA,NA,NA,"2010",6,30,NA,NA,"L. Valledor Pereiras","L. Valledor Pereiras",NA,NA,NA,1,NA,NA,NA,"Oviedo Museum","Casa",NA,"87_NOCOMPLEXHymenopteros_OVIEDO_202310242484"
"Bombus",NA,"pascuorum/muscorum/humilis",NA,"España","Asturias","Perlora",NA,NA,NA,"2009",3,20,NA,NA,"Paula López","Paula López",NA,NA,NA,1,NA,NA,NA,"Oviedo Museum",NA,NA,"87_NOCOMPLEXHymenopteros_OVIEDO_202310242485"
"Bombus",NA,"lucorum",NA,"España","Asturias","Parque San Francisco (Oviedo)",NA,NA,NA,"2008",4,15,NA,NA,"Álvaro Bode","A. Bode",NA,NA,NA,1,NA,NA,NA,"Oviedo Museum",NA,NA,"87_NOCOMPLEXHymenopteros_OVIEDO_202310242486"
"Bombus",NA,"pascuorum",NA,"España","Asturias","Baiña",NA,NA,NA,"2010",4,23,NA,NA,"Rubén Quiroga","Rubén Quiroga",1,NA,NA,0,NA,NA,NA,"Oviedo Museum","Jardín",NA,"87_NOCOMPLEXHymenopteros_OVIEDO_202310242487"
"Bombus",NA,"pascuorum/muscorum/humilis",NA,"España","Asturias","Vallobil",NA,NA,NA,"2009",6,24,NA,NA,"S. San Martín","S. San Martín",NA,NA,NA,1,NA,NA,NA,"Oviedo Museum",NA,"Tiene moho","87_NOCOMPLEXHymenopteros_OVIEDO_202310242488"
"Bombus",NA,"pascuorum",NA,"España","Asturias","Ranón",NA,NA,NA,"2009",11,27,NA,NA,"Diego Fdez","D. Fernández",NA,NA,NA,1,NA,NA,NA,"Oviedo Museum","Prado",NA,"87_NOCOMPLEXHymenopteros_OVIEDO_202310242489"
"Bombus",NA,"sp.",NA,"España","Álava","Marquinez",NA,NA,NA,"2009",10,31,NA,NA,"Vicente Egurcegui","Esther Ortiz",NA,NA,NA,1,NA,NA,NA,"Oviedo Museum","Prado",NA,"87_NOCOMPLEXHymenopteros_OVIEDO_202310242490"
"Bombus",NA,"pascuorum",NA,"España","Asturias","Cangas del Narcea",NA,NA,NA,"2009",8,2,NA,NA,"I. Rguez Arias","I. Rguez Arias",NA,NA,NA,1,NA,NA,NA,"Oviedo Museum",NA,NA,"87_NOCOMPLEXHymenopteros_OVIEDO_202310242491"
"Bombus",NA,"terrestris",NA,"España","Asturias","Argüero",NA,NA,NA,"2009",10,13,NA,NA,"Iván Fdez","Iván Fdez",NA,NA,NA,1,NA,NA,NA,"Oviedo Museum","Pradera",NA,"87_NOCOMPLEXHymenopteros_OVIEDO_202310242492"
"Bombus",NA,"pascuorum",NA,"España","Asturias","Casa Cima",NA,NA,NA,"2009",3,20,NA,NA,"Iria Baragaño","Iria Baragaño",NA,NA,NA,1,NA,NA,NA,"Oviedo Museum",NA,NA,"87_NOCOMPLEXHymenopteros_OVIEDO_202310242493"
"Bombus",NA,"lucorum",NA,"España","Asturias","Barres",NA,NA,NA,"2008",3,25,NA,NA,"E. Montes","E. Montes",NA,NA,NA,1,NA,NA,NA,"Oviedo Museum",NA,NA,"87_NOCOMPLEXHymenopteros_OVIEDO_202310242494"
"Bombus",NA,"lucorum",NA,"España","Asturias","Aranda",NA,NA,NA,NA,NA,NA,NA,NA,"Andrés A. R.","Andrés A. R.",NA,NA,NA,1,NA,NA,NA,"Oviedo Museum",NA,NA,"87_NOCOMPLEXHymenopteros_OVIEDO_202310242495"
"Bombus",NA,"lucorum",NA,"España","Asturias","Mieres",NA,NA,NA,"2009",10,22,NA,NA,"Isaac Cámara","Isaac Cámara",1,NA,NA,0,NA,NA,NA,"Oviedo Museum","Prado",NA,"87_NOCOMPLEXHymenopteros_OVIEDO_202310242496"
"Bombus",NA,"soroeensis",NA,"España","Asturias","Mieres",NA,NA,NA,"2007",11,4,NA,NA,"B. Viguera","B. Viguera",NA,NA,NA,1,NA,NA,NA,"Oviedo Museum","Arbusto (flor)",NA,"87_NOCOMPLEXHymenopteros_OVIEDO_202310242497"
"Bombus",NA,"terrestris/lucorum/soroeensis",NA,"España","Asturias","Sta. Eugenia",NA,NA,NA,"2010",6,14,NA,NA,"Omar Cots","Omar Cots",NA,NA,NA,1,NA,NA,NA,"Oviedo Museum","Prado, sobre flor",NA,"87_NOCOMPLEXHymenopteros_OVIEDO_202310242498"
"Bombus",NA,"hortorum",NA,"España","Asturias","Granda",NA,NA,NA,NA,NA,NA,NA,NA,"Andrés AN","Andrés AN",NA,NA,NA,1,NA,NA,NA,"Oviedo Museum",NA,NA,"87_NOCOMPLEXHymenopteros_OVIEDO_202310242499"
"Bombus",NA,"pascuorum",NA,"España","Asturias","El Vallín (Luarca)",NA,NA,NA,NA,NA,NA,NA,NA,"Lidia Rubio","",1,NA,NA,0,NA,NA,NA,"Oviedo Museum",NA,NA,"87_NOCOMPLEXHymenopteros_OVIEDO_202310242500"
"Bombus",NA,"lucorum",NA,"España",NA,"Agüera",NA,NA,NA,"2009",9,4,NA,NA,"Lucía A.","",NA,NA,NA,1,NA,NA,NA,"Oviedo Museum",NA,NA,"87_NOCOMPLEXHymenopteros_OVIEDO_202310242501"
"Bombus",NA,"terrestris",NA,"España","Asturias","Tol",NA,NA,NA,NA,NA,NA,NA,NA,"Celia M.","",NA,NA,NA,1,NA,NA,NA,"Oviedo Museum",NA,NA,"87_NOCOMPLEXHymenopteros_OVIEDO_202310242502"
"Bombus",NA,"pascuorum/muscorum/humilis",NA,NA,NA,"Turon",NA,NA,NA,"2009",8,8,NA,NA,"Ángela Madera","Sara Fernández",NA,NA,NA,1,NA,NA,NA,"Oviedo Museum",NA,NA,"87_NOCOMPLEXHymenopteros_OVIEDO_202310242503"
"Bombus",NA,"hortorum/ruderatus",NA,"España","Asturias","Oviedo",NA,NA,NA,"2010",5,16,NA,NA,"Arcadio Martínez","A. Martínez",NA,NA,NA,1,NA,NA,NA,"Oviedo Museum",NA,NA,"87_NOCOMPLEXHymenopteros_OVIEDO_202310242504"
"Bombus",NA,"terrestris/lucorum",NA,"España","Asturias","Riaño",NA,NA,NA,"2005",11,4,NA,NA,"Hugo R. Gibello","Hugo R. Gibello",NA,NA,NA,1,NA,NA,NA,"Oviedo Museum","Rosal",NA,"87_NOCOMPLEXHymenopteros_OVIEDO_202310242505"
"Bombus",NA,"lucorum",NA,"España","Asturias","Robledo",NA,NA,NA,"2006",12,24,NA,NA,"Raúl Boto","Raúl Boto",NA,NA,NA,1,NA,NA,NA,"Oviedo Museum","Prado",NA,"87_NOCOMPLEXHymenopteros_OVIEDO_202310242506"
"Bombus",NA,"lucorum",NA,"España","Cantabria","Monte",NA,NA,NA,"2005",10,26,NA,NA,"Federico Toca","Federico Toca",NA,NA,NA,1,NA,NA,NA,"Oviedo Museum",NA,NA,"87_NOCOMPLEXHymenopteros_OVIEDO_202310242507"
"Bombus",NA,"lucorum",NA,"España","Asturias","Barres",NA,NA,NA,"2007",4,29,NA,NA,"T. Sánchez","T. Sánchez",NA,NA,NA,1,NA,NA,NA,"Oviedo Museum",NA,NA,"87_NOCOMPLEXHymenopteros_OVIEDO_202310242508"
"Bombus",NA,"soroeensis",NA,"España","Asturias","El Cristo (Oviedo)",NA,NA,NA,"2007",4,13,NA,NA,"Laure Álvarez","Laure Álvarez",NA,NA,NA,1,NA,NA,NA,"Oviedo Museum",NA,NA,"87_NOCOMPLEXHymenopteros_OVIEDO_202310242509"
"Bombus",NA,"lucorum",NA,"España","Asturias","Oviedo",NA,NA,NA,"2008",7,7,NA,NA,"J. J. Ablanedo","J. J. Ablanedo",NA,NA,NA,1,NA,NA,NA,"Oviedo Museum",NA,NA,"87_NOCOMPLEXHymenopteros_OVIEDO_202310242510"
"Bombus",NA,"hortorum",NA,"España","Asturias","Oviedo",NA,NA,NA,"2008",7,10,NA,NA,"Elisa Díaz","Elisa Díaz",NA,NA,NA,1,NA,NA,NA,"Oviedo Museum",NA,NA,"87_NOCOMPLEXHymenopteros_OVIEDO_202310242511"
"Bombus",NA,"pascuorum",NA,"España","Asturias","Salinas",NA,NA,NA,"2005",3,18,NA,NA,"Alicia Valdés","Alicia Valdés",1,NA,NA,0,NA,NA,NA,"Oviedo Museum",NA,NA,"87_NOCOMPLEXHymenopteros_OVIEDO_202310242512"
"Bombus",NA,"sp.",NA,"España","Asturias","El Rebollar-La Mata",NA,NA,NA,"2007",5,12,NA,NA,"M. F. Echevarria","M. F. Echevarria",NA,NA,NA,1,NA,NA,NA,"Oviedo Museum",NA,NA,"87_NOCOMPLEXHymenopteros_OVIEDO_202310242513"
"Bombus",NA,"lucorum",NA,"España","Asturias","La Felguera",NA,NA,NA,"2006",7,19,NA,NA,"LM. Pesquera","LM. Pesquera",NA,NA,NA,1,NA,NA,NA,"Oviedo Museum",NA,NA,"87_NOCOMPLEXHymenopteros_OVIEDO_202310242514"
"Bombus",NA,"pascuorum/muscorum/humilis",NA,"España","Asturias","San Miguel de Arroes",NA,NA,NA,"2005",4,20,NA,NA,"A. Rubiera Freya","A. Rubiera Freya",NA,NA,NA,1,NA,NA,NA,"Oviedo Museum",NA,NA,"87_NOCOMPLEXHymenopteros_OVIEDO_202310242515"
"Bombus",NA,"soroeensis",NA,"España","Asturias","Almuña (Luarca)",NA,NA,NA,NA,NA,NA,NA,NA,"Lidia Rubio","",1,NA,NA,0,NA,NA,NA,"Oviedo Museum",NA,NA,"87_NOCOMPLEXHymenopteros_OVIEDO_202310242516"
"Bombus",NA,"terrestris",NA,"España","Asturias","Tol",NA,NA,NA,NA,NA,NA,NA,NA,"Celia Méndez","",1,NA,NA,0,NA,NA,NA,"Oviedo Museum",NA,NA,"87_NOCOMPLEXHymenopteros_OVIEDO_202310242517"
"Bombus",NA,"lucorum",NA,"España","Asturias","La Fresneda",NA,NA,NA,"2005",11,5,NA,NA,"A. Velasco","",NA,NA,NA,1,NA,NA,NA,"Oviedo Museum",NA,NA,"87_NOCOMPLEXHymenopteros_OVIEDO_202310242518"
"Bombus",NA,"pascuorum",NA,"España","Asturias","Lada",NA,NA,NA,"2005",10,26,NA,NA,"Hugo R. Gibello","Hugo R. Gibello",NA,NA,NA,1,NA,NA,NA,"Oviedo Museum","Castañal",NA,"87_NOCOMPLEXHymenopteros_OVIEDO_202310242519"
"Bombus",NA,"pascuorum",NA,"España","Asturias","Deva",NA,NA,NA,"2008",7,12,NA,NA,"J. Cuesta","",NA,NA,NA,1,NA,NA,NA,"Oviedo Museum",NA,NA,"87_NOCOMPLEXHymenopteros_OVIEDO_202310242520"
"Bombus",NA,"pascuorum/muscorum/humilis",NA,"España","Asturias","Cenera",NA,NA,NA,"2009",10,9,NA,NA,"Sonia Cedrún Fdez","Sonia Cedrún Fdez",1,NA,NA,0,NA,NA,NA,"Oviedo Museum","Prado",NA,"87_NOCOMPLEXHymenopteros_OVIEDO_202310242521"
"Bombus",NA,"lapidarius",NA,"España","Huesca","Torla",NA,NA,NA,"2006",4,14,NA,NA,"Pilar J. B.","Pilar J. B.",1,NA,NA,0,NA,NA,NA,"Oviedo Museum",NA,NA,"87_NOCOMPLEXHymenopteros_OVIEDO_202310242522"
"Bombus",NA,"terrestris",NA,"España","Asturias","Oviedo",NA,NA,NA,"2007",10,7,NA,NA,"A. Mieres","A. Mieres",1,NA,NA,0,NA,NA,NA,"Oviedo Museum","Prado","Tiene moho","87_NOCOMPLEXHymenopteros_OVIEDO_202310242523"
"Bombus",NA,"lucorum",NA,"España","Asturias","Logrezana",NA,NA,NA,"2010",10,30,NA,NA,"María Fuentes Fdez","María Fuentes Fdez",NA,NA,NA,1,NA,NA,NA,"Oviedo Museum",NA,NA,"87_NOCOMPLEXHymenopteros_OVIEDO_202310242524"
"Bombus",NA,"lucorum",NA,"España","Asturias","Peruyera",NA,NA,NA,"2007",2,4,NA,NA,"Jorge Vallina","",NA,NA,NA,1,NA,NA,NA,"Oviedo Museum",NA,NA,"87_NOCOMPLEXHymenopteros_OVIEDO_202310242525"
"Bombus",NA,"terrestris/lucorum",NA,"España",NA,"Terain (Villaviciosa)",NA,NA,NA,"2006",11,15,NA,NA,"Felipe Valdés Pando","Felipe Valdés Pando",NA,NA,NA,1,NA,NA,NA,"Oviedo Museum","Prado",NA,"87_NOCOMPLEXHymenopteros_OVIEDO_202310242526"
"Bombus",NA,"lucorum",NA,"España","Asturias","La Riera",NA,NA,NA,"2006",12,19,NA,NA,"Minerva Suárez Hevia","Minerva Suárez Hevia",NA,NA,NA,1,NA,NA,NA,"Oviedo Museum","Prado",NA,"87_NOCOMPLEXHymenopteros_OVIEDO_202310242527"
"Bombus",NA,"terrestris",NA,"España","Asturias","Fitoria",NA,NA,NA,"2001",10,20,NA,NA,"M. Camporro","",1,NA,NA,0,NA,NA,NA,"Oviedo Museum",NA,"Tiene moho","87_NOCOMPLEXHymenopteros_OVIEDO_202310242528"
"Bombus",NA,"terrestris",NA,"España","Asturias","Prunales",NA,NA,NA,NA,NA,NA,NA,NA,"Sergio Souto","",1,NA,NA,0,NA,NA,NA,"Oviedo Museum",NA,NA,"87_NOCOMPLEXHymenopteros_OVIEDO_202310242529"
"Bombus",NA,"lucorum",NA,"España","Asturias","Otur (Luarca)",NA,NA,NA,"2007",3,17,NA,NA,"Vanessa Oroza","Vanessa Oroza",NA,NA,NA,1,NA,NA,NA,"Oviedo Museum",NA,NA,"87_NOCOMPLEXHymenopteros_OVIEDO_202310242530"
"Bombus",NA,"lucorum",NA,"España","Asturias","El Subidorio (Valle de Turón)",NA,NA,NA,"2010",10,14,NA,NA,"Daniel Levy","Daniel Levy",NA,NA,NA,1,NA,NA,NA,"Oviedo Museum",NA,NA,"87_NOCOMPLEXHymenopteros_OVIEDO_202310242531"
"Bombus",NA,"lucorum",NA,"España","Asturias","Cenera",NA,NA,NA,"2006",10,6,NA,NA,"Alejandro Sánchez","",NA,NA,NA,1,NA,NA,NA,"Oviedo Museum",NA,"Tiene moho","87_NOCOMPLEXHymenopteros_OVIEDO_202310242532"
"Bombus",NA,"lucorum",NA,"España","Asturias","Otur (Luarca)",NA,NA,NA,"2007",3,17,NA,NA,"Vanessa Oroza","Vanessa Oroza",NA,NA,NA,1,NA,NA,NA,"Oviedo Museum",NA,NA,"87_NOCOMPLEXHymenopteros_OVIEDO_202310242533"
"Bombus",NA,"terrestris",NA,"España","Asturias","Pervera",NA,NA,NA,"2010",9,20,NA,NA,"Ignacio Fdez Tuya","",NA,NA,NA,1,NA,NA,NA,"Oviedo Museum",NA,NA,"87_NOCOMPLEXHymenopteros_OVIEDO_202310242534"
"Bombus",NA,"pratorum",NA,"España","Asturias","Naranco (Oviedo)",NA,NA,NA,"2008",4,10,NA,NA,"Sergio Glez Pérez","Sergio Glez Pérez",NA,NA,NA,1,NA,NA,NA,"Oviedo Museum",NA,NA,"87_NOCOMPLEXHymenopteros_OVIEDO_202310242535"
"Bombus",NA,"terrestris/soroeensis",NA,NA,NA,"Segines (Chavos)",NA,NA,NA,"2008",8,1,NA,NA,"Adolfo Dos Santos","Adolfo Dos Santos",1,NA,NA,0,NA,NA,NA,"Oviedo Museum",NA,NA,"87_NOCOMPLEXHymenopteros_OVIEDO_202310242536"
"Bombus",NA,"hortorum/ruderatus",NA,"España","Asturias","Lamanjoya",NA,NA,NA,"1998",6,24,NA,NA,"A. Anadón","",NA,NA,NA,1,NA,NA,NA,"Oviedo Museum","Bosquete","Trampa Malaise","87_NOCOMPLEXHymenopteros_OVIEDO_202310242537"
"Bombus",NA,"hortorum",NA,"España","Asturias","Villoria",NA,NA,NA,NA,NA,NA,NA,NA,"Sofía Puente","",NA,NA,NA,1,NA,NA,NA,"Oviedo Museum",NA,NA,"87_NOCOMPLEXHymenopteros_OVIEDO_202310242538"
"Bombus",NA,"lucorum",NA,"España","Asturias","Mieres",NA,NA,NA,"2007",8,29,NA,NA,"Alba Prida Ortiz","Alba Prida Ortiz",1,NA,NA,0,NA,NA,NA,"Oviedo Museum","Puente","Tiene algo en la base de las alas","87_NOCOMPLEXHymenopteros_OVIEDO_202310242539"
"Bombus",NA,"sp.",NA,"España","Asturias","Ares",NA,NA,NA,"2008",4,1,NA,NA,"Pablo G. Vallina","P. G. Vallina",NA,NA,NA,1,NA,NA,NA,"Oviedo Museum",NA,NA,"87_NOCOMPLEXHymenopteros_OVIEDO_202310242540"
"Bombus",NA,"lucorum",NA,"España","Asturias","Oviedo",NA,NA,NA,"2010",12,28,NA,NA,"Laura G. Solé","Laura G. Solé",NA,NA,NA,1,NA,NA,NA,"Oviedo Museum","Carretera",NA,"87_NOCOMPLEXHymenopteros_OVIEDO_202310242541"
"Bombus",NA,"soroeensis",NA,"España","Asturias","Llaranes",NA,NA,NA,"2007",9,20,NA,NA,"Mercades Díaz","Luis Cabrero",NA,NA,NA,1,NA,NA,NA,"Oviedo Museum",NA,NA,"87_NOCOMPLEXHymenopteros_OVIEDO_202310242542"
"Bombus",NA,"terrestris/lucorum/soroeensis",NA,"España","Asturias","Barros",NA,NA,NA,NA,NA,NA,NA,NA,"Alba Fanjul","A. Fanjul Espinar",1,NA,NA,0,NA,NA,NA,"Oviedo Museum","Pradera",NA,"87_NOCOMPLEXHymenopteros_OVIEDO_202310242543"
"Bombus",NA,"terrestris",NA,"España","Asturias","Grado",NA,NA,NA,"2006",11,23,NA,NA,"Lorena Verdasco","Lorena Verdasco",NA,NA,NA,1,NA,NA,NA,"Oviedo Museum",NA,"Comido por insectos plaga","87_NOCOMPLEXHymenopteros_OVIEDO_202310242544"
"Bombus",NA,"terrestris",NA,"España","Asturias","Bemiego",NA,NA,NA,"2006",10,22,NA,NA,"Javier Menéndez","Javier Menéndez",NA,NA,NA,1,NA,NA,NA,"Oviedo Museum","Prado",NA,"87_NOCOMPLEXHymenopteros_OVIEDO_202310242545"
"Bombus",NA,"soroeensis",NA,"España","Asturias","L'Angliru",NA,NA,NA,"2010",9,21,NA,NA,"Silvia Corral B.","Silvia Corral B.",NA,NA,NA,1,NA,NA,NA,"Oviedo Museum",NA,NA,"87_NOCOMPLEXHymenopteros_OVIEDO_202310242546"
"Bombus",NA,"lucorum",NA,"España","Asturias","San Adriano",NA,NA,NA,"2006",11,13,NA,NA,"Miguel Baigorri","Miguel Baigorri",NA,NA,NA,1,NA,NA,NA,"Oviedo Museum","Prado",NA,"87_NOCOMPLEXHymenopteros_OVIEDO_202310242547"
"Bombus",NA,"hortorum",NA,"España","Asturias","Ribota",NA,NA,NA,"2007",9,4,NA,NA,"Pamela García","Pamela García",1,NA,NA,0,NA,NA,NA,"Oviedo Museum",NA,NA,"87_NOCOMPLEXHymenopteros_OVIEDO_202310242548"
"Bombus",NA,"hortorum",NA,"España","Lugo","Santalla",NA,NA,NA,"2008",3,20,NA,NA,"J. L. Alonso Sobrado","J. L. Alonso Sobrado",NA,NA,NA,1,NA,NA,NA,"Oviedo Museum",NA,NA,"87_NOCOMPLEXHymenopteros_OVIEDO_202310242549"
"Bombus",NA,"pascuorum/muscorum/humilis",NA,"España","Asturias","Tineo",NA,NA,NA,"2010",11,25,NA,NA,"Arturo Ávila","",NA,NA,NA,1,NA,NA,NA,"Oviedo Museum",NA,NA,"87_NOCOMPLEXHymenopteros_OVIEDO_202310242550"
"Bombus",NA,"pascuorum",NA,"España","Asturias","Ules",NA,NA,NA,"2010",9,29,NA,NA,"Helena Glez","Helena Glez",NA,NA,NA,1,NA,NA,NA,"Oviedo Museum","Campo",NA,"87_NOCOMPLEXHymenopteros_OVIEDO_202310242551"
"Bombus",NA,"pascuorum",NA,"España","Asturias","Naranco (Oviedo)",NA,NA,NA,"2010",10,16,NA,NA,"L. García Solé","Laura G. Solé",1,NA,NA,0,NA,NA,NA,"Oviedo Museum","Prado",NA,"87_NOCOMPLEXHymenopteros_OVIEDO_202310242552"
"Bombus",NA,"pascuorum",NA,"España","Asturias","Biedes",NA,NA,NA,"2010",9,21,NA,NA,"Javier Díaz","Javier Díaz",1,NA,NA,0,NA,NA,NA,"Oviedo Museum",NA,"Tiene algo pegado en una pata","87_NOCOMPLEXHymenopteros_OVIEDO_202310242553"
"Bombus",NA,"sp.",NA,"España","Asturias","El Juaco (La Foz)",NA,NA,NA,"2007",9,1,NA,NA,"Jaime Díaz","Jaime Díaz",NA,NA,NA,1,NA,NA,NA,"Oviedo Museum","Flores",NA,"87_NOCOMPLEXHymenopteros_OVIEDO_202310242554"
"Bombus",NA,"sp.",NA,"España","Zaragoza","Zaragoza",NA,NA,NA,"2007",11,13,NA,NA,"Manuel García","Héctor Garcle",NA,NA,NA,1,NA,NA,NA,"Oviedo Museum",NA,NA,"87_NOCOMPLEXHymenopteros_OVIEDO_202310242555"
"Apis",NA,"mellifera",NA,"España","Asturias","Felguerina",NA,NA,NA,"2007",9,9,NA,NA,"Pamela García","Pamela García",NA,NA,NA,1,NA,NA,NA,"Oviedo Museum",NA,NA,"87_NOCOMPLEXHymenopteros_OVIEDO_202310242556"
"Apis",NA,"mellifera",NA,"España","Asturias","La Felguera",NA,NA,NA,"2005",3,17,NA,NA,"Óscar López","Óscar López",NA,NA,NA,1,NA,NA,NA,"Oviedo Museum","Jardín",NA,"87_NOCOMPLEXHymenopteros_OVIEDO_202310242557"
"Apis",NA,"mellifera",NA,"España","Asturias","Cenera",NA,NA,NA,"2006",10,6,NA,NA,"Alejandro Sánchez","",NA,NA,NA,1,NA,NA,NA,"Oviedo Museum",NA,NA,"87_NOCOMPLEXHymenopteros_OVIEDO_202310242558"
"Apis",NA,"mellifera",NA,"España","Asturias","Sobrobio",NA,NA,NA,"2010",9,25,NA,NA,"Amador García","Rocío García",NA,1,NA,0,NA,NA,NA,"Oviedo Museum","Colmena",NA,"87_NOCOMPLEXHymenopteros_OVIEDO_202310242559"
"Apis",NA,"mellifera",NA,"España","Asturias","Sobrobio",NA,NA,NA,"2010",9,25,NA,NA,"Amador García Abella","Rocío García",NA,1,NA,0,NA,NA,NA,"Oviedo Museum","Colmena",NA,"87_NOCOMPLEXHymenopteros_OVIEDO_202310242560"
"Dasypoda",NA,"altercator",NA,"España","Asturias","Naranco (Oviedo)",NA,NA,NA,"2010",10,16,NA,NA,"L. García Solé","Laura G. Solé",NA,NA,NA,1,NA,NA,NA,"Oviedo Museum","Prado",NA,"87_NOCOMPLEXHymenopteros_OVIEDO_202310242561"
"Apis",NA,"mellifera",NA,"España","Asturias","Piñeres",NA,NA,NA,"2010",9,15,NA,NA,"Jairo García","Jairo García",NA,NA,NA,1,NA,NA,NA,"Oviedo Museum",NA,NA,"87_NOCOMPLEXHymenopteros_OVIEDO_202310242562"
"Apis",NA,"mellifera",NA,"España","Asturias","Biedes",NA,NA,NA,"2010",10,28,NA,NA,"Javier Díaz","Javier Díaz",NA,NA,NA,1,NA,NA,NA,"Oviedo Museum",NA,NA,"87_NOCOMPLEXHymenopteros_OVIEDO_202310242563"
"Apis",NA,"mellifera",NA,"España","Asturias","Avilés",NA,NA,NA,"2005",5,13,NA,NA,"M. E. Suárez Glez","M. Toriello Suárez",NA,NA,NA,1,NA,NA,NA,"Oviedo Museum",NA,NA,"87_NOCOMPLEXHymenopteros_OVIEDO_202310242564"
"Apis",NA,"mellifera",NA,"España","Asturias","Oviedo",NA,NA,NA,NA,NA,NA,NA,NA,"Javier Fdez Fdez","",NA,NA,NA,1,NA,NA,NA,"Oviedo Museum",NA,NA,"87_NOCOMPLEXHymenopteros_OVIEDO_202310242565"
"Apis",NA,"mellifera",NA,"España","Asturias","Salas",NA,NA,NA,"2010",10,12,NA,NA,"María Mtnez Fdez","María Mtnz",NA,NA,NA,1,NA,NA,NA,"Oviedo Museum","Monte",NA,"87_NOCOMPLEXHymenopteros_OVIEDO_202310242566"
"Apis",NA,"mellifera",NA,"España","Asturias","Mieres",NA,NA,NA,"2007",7,3,NA,NA,"Sergio Jorge","",NA,NA,NA,1,NA,NA,NA,"Oviedo Museum","Estación de tren",NA,"87_NOCOMPLEXHymenopteros_OVIEDO_202310242567"
"Apis",NA,"mellifera",NA,"España","Asturias","Andarujo",NA,NA,NA,"2007",10,30,NA,NA,"Aladino Díaz","",NA,NA,NA,1,NA,NA,NA,"Oviedo Museum","Jardín",NA,"87_NOCOMPLEXHymenopteros_OVIEDO_202310242568"
"Apis",NA,"mellifera",NA,"España","Asturias","Cenera",NA,NA,NA,"2007",10,24,NA,NA,"Miguel A. Coto","Miguel A. Coto",NA,NA,NA,1,NA,NA,NA,"Oviedo Museum",NA,NA,"87_NOCOMPLEXHymenopteros_OVIEDO_202310242569"
"Apis",NA,"mellifera",NA,"España",NA,"Celles",NA,NA,NA,"2007",4,15,NA,NA,"Enrique Prado","Enrique Prado",NA,NA,NA,1,NA,NA,NA,"Oviedo Museum",NA,NA,"87_NOCOMPLEXHymenopteros_OVIEDO_202310242570"
"Apis",NA,"mellifera",NA,"España","Asturias","Villar",NA,NA,NA,"2007",8,19,NA,NA,"Úrsula G. R.","Úrsula G. R.",NA,NA,NA,1,NA,NA,NA,"Oviedo Museum","Prado",NA,"87_NOCOMPLEXHymenopteros_OVIEDO_202310242571"
"Apis",NA,"mellifera",NA,"España","Asturias","Andarujo",NA,NA,NA,"2007",11,15,NA,NA,"Verónica Gómez","Verónica Gómez",NA,NA,NA,1,NA,NA,NA,"Oviedo Museum",NA,NA,"87_NOCOMPLEXHymenopteros_OVIEDO_202310242572"
"Apis",NA,"mellifera",NA,"España","Asturias","Cenera",NA,NA,NA,"2005",11,11,NA,NA,"Carolina Fdez Fdez","Carolina Fdez Fdez",NA,NA,NA,1,NA,NA,NA,"Oviedo Museum","Merendero",NA,"87_NOCOMPLEXHymenopteros_OVIEDO_202310242573"
"Apis",NA,"mellifera",NA,"España","Asturias","Las Regueras",NA,NA,NA,"2007",4,5,NA,NA,"Patricia Llana G.","Patricia Llana",NA,NA,NA,1,NA,NA,NA,"Oviedo Museum",NA,NA,"87_NOCOMPLEXHymenopteros_OVIEDO_202310242574"
"Apis",NA,"mellifera",NA,"España","Asturias","Cenera",NA,NA,NA,"2006",10,6,NA,NA,"Alba Prida Ortiz","Alba Prida Ortiz",NA,NA,NA,1,NA,NA,NA,"Oviedo Museum","Prado","Tiene moho","87_NOCOMPLEXHymenopteros_OVIEDO_202310242575"
"Apis",NA,"mellifera",NA,"España","Asturias","San Adriano",NA,NA,NA,"2006",11,13,NA,NA,"Miguel Baigorri","Miguel Baigorri",NA,NA,NA,1,NA,NA,NA,"Oviedo Museum","Prado",NA,"87_NOCOMPLEXHymenopteros_OVIEDO_202310242576"
"Apis",NA,"mellifera",NA,"España","Asturias","El Puntal",NA,NA,NA,"2008",8,21,NA,NA,"Hernán García","Hernán García",NA,NA,NA,1,NA,NA,NA,"Oviedo Museum","Flor bogambilla",NA,"87_NOCOMPLEXHymenopteros_OVIEDO_202310242577"
"Apis",NA,"mellifera",NA,"España","Asturias","La Braña",NA,NA,NA,NA,NA,NA,NA,NA,"Sergio Souto","",NA,NA,NA,1,NA,NA,NA,"Oviedo Museum",NA,NA,"87_NOCOMPLEXHymenopteros_OVIEDO_202310242578"
"Apis",NA,"mellifera",NA,"España","León","Villar de Mazarife",NA,NA,NA,NA,NA,NA,NA,NA,"Eva Ardora","",NA,NA,NA,1,NA,NA,NA,"Oviedo Museum",NA,NA,"87_NOCOMPLEXHymenopteros_OVIEDO_202310242579"
"Apis",NA,"mellifera",NA,"España","León","Maraña",NA,NA,NA,"2006",11,18,NA,NA,"Javier del Blanco","",NA,NA,NA,1,NA,NA,NA,"Oviedo Museum","Camino",NA,"87_NOCOMPLEXHymenopteros_OVIEDO_202310242580"
"Apis",NA,"mellifera",NA,"España","Asturias","Proaza",NA,NA,NA,"2006",10,21,NA,NA,"Alejandro Álvarez","",NA,NA,NA,1,NA,NA,NA,"Oviedo Museum",NA,NA,"87_NOCOMPLEXHymenopteros_OVIEDO_202310242581"
"Apis",NA,"mellifera",NA,"España","Asturias","Mardana",NA,NA,NA,"2008",1,3,NA,NA,"Aladino Díaz","",NA,NA,NA,1,NA,NA,NA,"Oviedo Museum","Prado",NA,"87_NOCOMPLEXHymenopteros_OVIEDO_202310242582"
"Apis",NA,"mellifera",NA,"España","Asturias","Mieres",NA,NA,NA,NA,NA,NA,NA,NA,"C. Prendes Pérez","C. Prendes Pérez",NA,NA,NA,1,NA,NA,NA,"Oviedo Museum",NA,NA,"87_NOCOMPLEXHymenopteros_OVIEDO_202310242583"
"Apis",NA,"mellifera",NA,"España","Asturias","Parque Isabel de la Católica (Gijón)",NA,NA,NA,"2007",6,8,NA,NA,"Tamara Vallina","",NA,NA,NA,1,NA,NA,NA,"Oviedo Museum",NA,NA,"87_NOCOMPLEXHymenopteros_OVIEDO_202310242584"
"Apis",NA,"mellifera",NA,"España","Asturias",NA,NA,NA,NA,NA,NA,NA,NA,NA,"Marta Fdez","Marta Fdez",NA,NA,NA,1,NA,NA,NA,"Oviedo Museum",NA,NA,"87_NOCOMPLEXHymenopteros_OVIEDO_202310242585"
"Apis",NA,"mellifera",NA,"España","Asturias","Mieres",NA,NA,NA,NA,NA,NA,NA,NA,"Alicia Fdez Braña","Alicia Fdez",NA,NA,NA,1,NA,NA,NA,"Oviedo Museum",NA,NA,"87_NOCOMPLEXHymenopteros_OVIEDO_202310242586"
"Apis",NA,"mellifera",NA,"España","Asturias","Tuernes el Grande",NA,NA,NA,"2006",12,7,NA,NA,"Ainhoa Noriega","",NA,NA,NA,1,NA,NA,NA,"Oviedo Museum","Casa",NA,"87_NOCOMPLEXHymenopteros_OVIEDO_202310242587"
"Apis",NA,"mellifera",NA,"España","Asturias","Mieres",NA,NA,NA,"2007",6,20,NA,NA,"Ana Sampedro Fdez","",NA,NA,NA,1,NA,NA,NA,"Oviedo Museum",NA,NA,"87_NOCOMPLEXHymenopteros_OVIEDO_202310242588"
"Apis",NA,"mellifera",NA,"España","Asturias","El Berrón",NA,NA,NA,"2007",9,3,NA,NA,"Héctor Cabezas","",NA,NA,NA,1,NA,NA,NA,"Oviedo Museum","Flor",NA,"87_NOCOMPLEXHymenopteros_OVIEDO_202310242589"
"Apis",NA,"mellifera",NA,"España","Asturias","Cenera",NA,NA,NA,"2005",11,11,NA,NA,"Ariana Vegas","Ariana Vegas Mtnez",NA,NA,NA,1,NA,NA,NA,"Oviedo Museum","Área recreativa",NA,"87_NOCOMPLEXHymenopteros_OVIEDO_202310242590"
"Apis",NA,"mellifera",NA,"España","Asturias","Cenera",NA,NA,NA,"2005",11,11,NA,NA,"E. Sánchez Vena","E. Sánchez Vena",NA,NA,NA,1,NA,NA,NA,"Oviedo Museum",NA,NA,"87_NOCOMPLEXHymenopteros_OVIEDO_202310242591"
"Apis",NA,"mellifera",NA,"España","Asturias","Valliniello",NA,NA,NA,"2006",6,24,NA,NA,"Sara Vidal Guerra","Sara Vidal Guerra",NA,NA,NA,1,NA,NA,NA,"Oviedo Museum","Área recreativa",NA,"87_NOCOMPLEXHymenopteros_OVIEDO_202310242592"
"Apis",NA,"mellifera",NA,"España","Asturias","Espinedo",NA,NA,NA,"2007",7,30,NA,NA,"Jesús Ortiz","Jesús Ortiz",NA,NA,NA,1,NA,NA,NA,"Oviedo Museum","Huerta",NA,"87_NOCOMPLEXHymenopteros_OVIEDO_202310242593"
"Apis",NA,"mellifera",NA,"España","Asturias","Villar (Luarca)",NA,NA,NA,"1994",10,26,NA,NA,"Brezo Martínez","Brezo Mtz.",NA,NA,NA,1,NA,NA,NA,"Oviedo Museum","Sobre Hedera",NA,"87_NOCOMPLEXHymenopteros_OVIEDO_202310242594"
"Apis",NA,"mellifera",NA,"España","Asturias","El Entrego",NA,NA,NA,"1987",4,18,NA,NA,"José Antonio Ferreiro Ríos","J. Antonio Ferreiro Ríos",NA,NA,NA,1,NA,NA,NA,"Oviedo Museum",NA,NA,"87_NOCOMPLEXHymenopteros_OVIEDO_202310242595"
"Apis",NA,"mellifera",NA,"España","Asturias","Oviedo",NA,NA,NA,"1994",1,29,NA,NA,"Pedro Bella","Mª José Bañuelos",NA,NA,NA,1,NA,NA,NA,"Oviedo Museum",NA,NA,"87_NOCOMPLEXHymenopteros_OVIEDO_202310242596"
"Apis",NA,"mellifera",NA,"España",NA,"Villarín",NA,NA,NA,NA,NA,NA,NA,NA,"Pablo M. P.","Pablo M. P.",NA,NA,NA,1,NA,NA,NA,"Oviedo Museum","Flores",NA,"87_NOCOMPLEXHymenopteros_OVIEDO_202310242597"
"Apis",NA,"mellifera",NA,NA,NA,"Piedras Blancas",NA,NA,NA,"2006",10,12,NA,NA,"Eloy Alonso","Eloy Alonso",NA,NA,NA,1,NA,NA,NA,"Oviedo Museum","Jardín",NA,"87_NOCOMPLEXHymenopteros_OVIEDO_202310242598"
"Apis",NA,"mellifera",NA,"España","Asturias","Mieres",NA,NA,NA,"2007",11,6,NA,NA,"I. Rey Prieto","I. Rey Prieto",NA,NA,NA,1,NA,NA,NA,"Oviedo Museum",NA,NA,"87_NOCOMPLEXHymenopteros_OVIEDO_202310242599"
"Apis",NA,"mellifera",NA,"España","Asturias","Cabueñes",NA,NA,NA,"1997",10,2,NA,NA,"Jaime Mier","Jaime Mier",NA,NA,NA,1,NA,NA,NA,"Oviedo Museum",NA,NA,"87_NOCOMPLEXHymenopteros_OVIEDO_202310242600"
"Apis",NA,"mellifera",NA,"España","Asturias","Villar (Luarca)",NA,NA,NA,"1995",10,30,NA,NA,"Covadonga V. P.","Covadonga Vázquez",NA,NA,NA,1,NA,NA,NA,"Oviedo Museum",NA,NA,"87_NOCOMPLEXHymenopteros_OVIEDO_202310242601"
"Apis",NA,"mellifera",NA,"España","Asturias","Serín",NA,NA,NA,"1994",11,25,NA,NA,"J. J. Porta Allende","J. J. Porta Allende",NA,NA,NA,1,NA,NA,NA,"Oviedo Museum","Mañana, hierba, cópula",NA,"87_NOCOMPLEXHymenopteros_OVIEDO_202310242602"
"Apis",NA,"mellifera",NA,"España","Asturias","Viesques",NA,NA,NA,"1995",7,12,NA,NA,"C. Vázquez","C. Vázquez",NA,NA,NA,1,NA,NA,NA,"Oviedo Museum",NA,NA,"87_NOCOMPLEXHymenopteros_OVIEDO_202310242603"
"Apis",NA,"mellifera",NA,"España","Asturias","Cenera",NA,NA,NA,"2005",11,11,NA,NA,"Iñaki Pallo","Iñaki Pallo",NA,NA,NA,1,NA,NA,NA,"Oviedo Museum",NA,NA,"87_NOCOMPLEXHymenopteros_OVIEDO_202310242604"
"Apis",NA,"mellifera",NA,"España","Asturias","Sienra",NA,NA,NA,"2005",2,26,NA,NA,"Judith Vidal Fdez","Judith Vidal Fdez",NA,NA,NA,1,NA,NA,NA,"Oviedo Museum",NA,NA,"87_NOCOMPLEXHymenopteros_OVIEDO_202310242605"
"Anthidium",NA,"manicatum",NA,"España","Asturias","Arriondas",NA,NA,NA,NA,NA,NA,NA,NA,"Belén Glez","Belén Glez, Alejandro Núñez Carbajal 2021",1,NA,NA,0,NA,NA,NA,"Oviedo Museum",NA,NA,"87_NOCOMPLEXHymenopteros_OVIEDO_202310242606"
"Anthophora",NA,"biciliata",NA,"España","Pontevedra","Panjón",NA,NA,NA,"1972",7,23,NA,NA,"R. Anadón","A. Núñez",1,NA,NA,0,NA,NA,NA,"Oviedo Museum",NA,NA,"87_NOCOMPLEXHymenopteros_OVIEDO_202310242607"
"Nomada",NA,"hispanica",NA,"España","Asturias","P. P. Tomás (Oviedo)",NA,NA,NA,"1996",3,24,NA,NA,"L. Frechilla","L. Frechilla, A. Núñez",1,NA,NA,0,NA,NA,NA,"Oviedo Museum","Prado",NA,"87_NOCOMPLEXHymenopteros_OVIEDO_202310242608"
"Nomada",NA,"hispanica",NA,"España","Asturias","Pruvia de Arriba",NA,NA,NA,"1998",4,18,NA,NA,"Marco A. Varela","Marco A. Varela, Piluca AF det 2021",1,NA,NA,0,NA,NA,NA,"Oviedo Museum",NA,NA,"87_NOCOMPLEXHymenopteros_OVIEDO_202310242609"
"Nomada",NA,"flava",NA,"España","Asturias","Mieres",NA,NA,NA,"1986",4,16,NA,NA,"Guzmán Concejo","Alejandro Núñez Carbajal 2021",1,NA,NA,0,NA,NA,NA,"Oviedo Museum",NA,NA,"87_NOCOMPLEXHymenopteros_OVIEDO_202310242610"
"Nomada",NA,"sexfasciata",NA,"España","Asturias","Ribadesella",NA,NA,NA,NA,NA,NA,NA,NA,"Gloria Garzón","Alejandro Núñez Carbajal 2021",1,NA,NA,0,NA,NA,NA,"Oviedo Museum",NA,NA,"87_NOCOMPLEXHymenopteros_OVIEDO_202310242611"
"Megachile",NA,"pilidens",NA,"España","León","La Robla",NA,NA,NA,NA,NA,NA,NA,NA,"Elena G.","E. B. G., A. Núñez",NA,1,NA,0,NA,NA,NA,"Oviedo Museum",NA,NA,"87_NOCOMPLEXHymenopteros_OVIEDO_202310242612"
"Megachile",NA,"pilidens",NA,"España","Pontevedra","Monteferro",NA,NA,NA,"1981",8,16,NA,NA,"A. Anadón","A. Anadón, A. Núñez",1,NA,NA,0,NA,NA,NA,"Oviedo Museum",NA,NA,"87_NOCOMPLEXHymenopteros_OVIEDO_202310242613"
"Melecta",NA,"italica",NA,"España","Asturias","Teboyas",NA,NA,NA,"1978",4,30,NA,NA,NA,"A. Núñez",1,NA,NA,0,NA,NA,NA,"Oviedo Museum","Matorral",NA,"87_NOCOMPLEXHymenopteros_OVIEDO_202310242614"
"Anthidium",NA,"manicatum",NA,"España","Asturias","Panjón",NA,NA,NA,"1983",8,4,NA,NA,"A. Anadón","Alejandro Núñez Carbajal 2021",1,NA,NA,0,NA,NA,NA,"Oviedo Museum","Campo cerca de río",NA,"87_NOCOMPLEXHymenopteros_OVIEDO_202310242615"
"Amegilla",NA,"ochroleuca",NA,"España","Cantabria","Santander",NA,NA,NA,"1975",3,27,NA,NA,"Marta de la Hoz","Anadón-Quero, A. Núñez",1,NA,NA,0,NA,NA,NA,"Oviedo Museum",NA,NA,"87_NOCOMPLEXHymenopteros_OVIEDO_202310242616"
"Megachile",NA,"centuncularis",NA,"España","Asturias","Luanco",NA,NA,NA,"1992",9,15,NA,NA,NA,"Fernando F. Cobas, A. Núñez",1,NA,NA,0,NA,NA,NA,"Oviedo Museum",NA,NA,"87_NOCOMPLEXHymenopteros_OVIEDO_202310242617"
"Eucera",NA,"nigrilabris",NA,"España","Asturias","Somió",NA,NA,NA,"1993",8,8,NA,NA,"Guillermo G. Soto","Guillermo G. Soto, Piluca Álvarez 2021",1,NA,NA,0,NA,NA,NA,"Oviedo Museum",NA,NA,"87_NOCOMPLEXHymenopteros_OVIEDO_202310242618"
"Eucera",NA,"clypeata",NA,"España","Asturias","Lavadero (Deva)",NA,NA,NA,"1991",5,11,NA,NA,"C. Viña","Cris Viña Herbón, A. Núñez",1,NA,NA,0,NA,NA,NA,"Oviedo Museum",NA,NA,"87_NOCOMPLEXHymenopteros_OVIEDO_202310242619"
"Bombus",NA,"terrestris",NA,"España","Asturias","Paredes",NA,NA,NA,"2011",5,25,NA,NA,"Noelia Salgado Arias","Noelia Salgado",NA,NA,NA,1,NA,NA,NA,"Oviedo Museum",NA,NA,"87_NOCOMPLEXHymenopteros_OVIEDO_202310242620"
"Halictus",NA,"sp.",NA,"España","Asturias","Cenera",NA,NA,NA,"2010",9,17,NA,NA,"Noelia Salgado Arias","Noelia S. A.",NA,NA,NA,1,NA,NA,NA,"Oviedo Museum",NA,NA,"87_NOCOMPLEXHymenopteros_OVIEDO_202310242621"
"Chelostoma",NA,"florisomne",NA,"España","Asturias","Trubia",NA,NA,NA,"1987",6,12,NA,NA,"L. Palacios","L. Palacios, A. Anadón",NA,NA,NA,1,NA,NA,NA,"Oviedo Museum","Sobre flores",NA,"87_NOCOMPLEXHymenopteros_OVIEDO_202310242622"
"Osmia",NA,"leaiana",NA,"España","Asturias","Villar (Luarca)",NA,NA,NA,"1989",10,25,NA,NA,"Nerea Aperribai","LOAM 2013",1,NA,NA,0,NA,NA,NA,"Oviedo Museum",NA,NA,"87_NOCOMPLEXHymenopteros_OVIEDO_202310242623"
"Andrena",NA,"thoracica",NA,"España","Asturias","Sueve",NA,NA,NA,"1994",4,24,NA,NA,"Ana Benito","Ana Benito",NA,NA,NA,1,NA,NA,NA,"Oviedo Museum",NA,NA,"87_NOCOMPLEXHymenopteros_OVIEDO_202310242624"
"Andrena",NA,"agilissima",NA,"España","Asturias","Gijón",NA,NA,NA,"1996",5,4,NA,NA,"Eduardo Díaz","Eduardo Díaz, LOAM 2011",1,NA,NA,0,NA,NA,NA,"Oviedo Museum","Pradera","Creo que tiene insectos plaga","87_NOCOMPLEXHymenopteros_OVIEDO_202310242625"
"Andrena",NA,"trimmerana",NA,"España","Asturias","Portizuelo (Luarca)",NA,NA,NA,"1990",10,22,NA,NA,"A. Anadón","LOAM 2005",1,NA,NA,0,NA,NA,NA,"Oviedo Museum",NA,NA,"87_NOCOMPLEXHymenopteros_OVIEDO_202310242626"
"Lithurgus","cornutus","fuscipennis",NA,"España","Pontevedra","Panjón",NA,NA,NA,"1980",8,15,NA,NA,"A. Anadón","A. Anadón, LOAM 2004",1,NA,NA,0,NA,NA,NA,"Oviedo Museum",NA,NA,"87_NOCOMPLEXHymenopteros_OVIEDO_202310242627"
"Osmia",NA,"leaiana",NA,"España","Asturias","Parque de invierno (Oviedo)",NA,NA,NA,"1991",4,23,NA,NA,"Mª Rosario Ruiz","Mª Rosario Ruiz, LOAM 2013",NA,1,NA,0,NA,NA,NA,"Oviedo Museum",NA,NA,"87_NOCOMPLEXHymenopteros_OVIEDO_202310242628"
"Lasioglossum",NA,"albipes",NA,"España","Asturias","Pancar",NA,NA,NA,"1996",8,21,NA,NA,"J. A. García Fuertes","J. A. García Fuertes, LOAM 2014",1,NA,NA,0,NA,NA,NA,"Oviedo Museum",NA,NA,"87_NOCOMPLEXHymenopteros_OVIEDO_202310242629"
"Ceratina",NA,"chalcites",NA,"España","Asturias","Careses (Pola de Siero)",NA,NA,NA,"1986",5,15,NA,NA,"M. A.","LOAM 2014",NA,1,NA,0,NA,NA,NA,"Oviedo Museum","Sobre flores",NA,"87_NOCOMPLEXHymenopteros_OVIEDO_202310242630"
"Lithurgus",NA,"chrysurus",NA,"España","Burgos","Hoyos del Tozo",NA,NA,NA,"1988",7,10,NA,NA,"J. L. Benito","J. L. Benito, A. Núñez",1,NA,NA,0,NA,NA,NA,"Oviedo Museum",NA,NA,"87_NOCOMPLEXHymenopteros_OVIEDO_202310242631"
"Anthidium",NA,"laeviventris",NA,"España","Vizcaya","Laukariz",NA,NA,NA,"1981",8,23,NA,NA,"M. I. Saloña","LOAM 2016",NA,NA,NA,1,NA,NA,NA,"Oviedo Museum","Matorral",NA,"87_NOCOMPLEXHymenopteros_OVIEDO_202310242632"
"Halictus",NA,"scabiosae",NA,"España","León","Ponferrada",NA,NA,NA,"1989",5,7,NA,NA,"Claudia Martínez","LOAM 2014",1,NA,NA,0,NA,NA,NA,"Oviedo Museum",NA,NA,"87_NOCOMPLEXHymenopteros_OVIEDO_202310242633"
"Nomada",NA,"succincta",NA,"España","Asturias","Careses",NA,NA,NA,"1986",5,18,NA,NA,"Alfredo Glez","Alfredo Glez, LOAM 2005",1,NA,NA,0,NA,NA,NA,"Oviedo Museum","Sobre flores de rábano",NA,"87_NOCOMPLEXHymenopteros_OVIEDO_202310242634"
"Megachile",NA,"willughbiella",NA,"España","Zamora","S. Miguel del Valle",NA,NA,NA,"1993",8,12,NA,NA,"C. Iturmendi","C. Pavón Iturmendi, A. Núñez",NA,1,NA,0,NA,NA,NA,"Oviedo Museum",NA,NA,"87_NOCOMPLEXHymenopteros_OVIEDO_202310242635"
"Eucera",NA,"eucnemidea",NA,"España","Asturias","Tiñana",NA,NA,NA,"1994",6,4,NA,NA,"Epifanía del Río","Aurora Ferreras, A. Núñez",1,NA,NA,0,NA,NA,NA,"Oviedo Museum",NA,NA,"87_NOCOMPLEXHymenopteros_OVIEDO_202310242636"
"Dasypoda",NA,"vishaga",NA,"España","Asturias","Coviella",NA,NA,NA,"1992",9,1,NA,NA,"R. Luis Cabo","LOAM 2014",NA,1,NA,0,NA,NA,NA,"Oviedo Museum",NA,NA,"87_NOCOMPLEXHymenopteros_OVIEDO_202310242637"
"Melecta",NA,"albifrons",NA,"España","Asturias","Peroño (Luanco)",NA,NA,NA,NA,NA,NA,NA,NA,"M. Echeverría","M. Echeverría, LOAM 2013",1,NA,NA,0,NA,NA,NA,"Oviedo Museum",NA,NA,"87_NOCOMPLEXHymenopteros_OVIEDO_202310242638"
"Thyreus",NA,"ramosus",NA,"España","Cantabria","Toporias",NA,NA,NA,"1987",4,18,NA,NA,"B. Pérez G. Arez","B. Pérez G. Arez, LOAM 2005",1,NA,NA,0,NA,NA,NA,"Oviedo Museum",NA,NA,"87_NOCOMPLEXHymenopteros_OVIEDO_202310242639"
"Andrena",NA,"agilissima",NA,"España","Asturias","Poo de Llanes",NA,NA,NA,"1988",5,9,NA,NA,"Olivia Pradilles","Olivia Pradilles, LOAM 2016",1,NA,NA,0,NA,NA,NA,"Oviedo Museum",NA,NA,"87_NOCOMPLEXHymenopteros_OVIEDO_202310242640"
"Colletes",NA,"bederae",NA,"España","Asturias","Luarca",NA,NA,NA,"1996",10,23,NA,NA,"M. Barona","M. Barona, LOAM 2014",1,NA,NA,0,NA,NA,NA,"Oviedo Museum",NA,"Tiene moho","87_NOCOMPLEXHymenopteros_OVIEDO_202310242641"
"Epeolus",NA,"fallax",NA,"España","Asturias","Soto de Llanera",NA,NA,NA,"1995",10,24,NA,NA,"Sergio Álvarez R.","Sergio Álvarez R., A. Núñez",1,NA,NA,0,NA,NA,NA,"Oviedo Museum",NA,NA,"87_NOCOMPLEXHymenopteros_OVIEDO_202310242642"
"Dasypoda",NA,"altercator",NA,"España","Asturias","Mareo",NA,NA,NA,"1993",4,24,NA,NA,"Ángeles Mtez","Ángeles Mtez",NA,NA,NA,1,NA,NA,NA,"Oviedo Museum",NA,NA,"87_NOCOMPLEXHymenopteros_OVIEDO_202310242643"
"Coelioxys",NA,"aurolimbata",NA,"España","Burgos","Castrillo del Val",NA,NA,NA,"1988",7,28,NA,NA,"J. L. Benito","J. L. Benito, LOAM 2004",1,NA,NA,0,NA,NA,NA,"Oviedo Museum",NA,NA,"87_NOCOMPLEXHymenopteros_OVIEDO_202310242644"
"Bombus","hortorum","hortorum X asturiensis",NA,"España","Cantabria","Bimón",NA,NA,NA,"2004",10,24,NA,NA,"Enol García","Enol García, L. Castro 2012",1,NA,NA,0,NA,NA,NA,"Oviedo Museum","Pradera",NA,"87_NOCOMPLEXHymenopteros_OVIEDO_202310242645"
"Andrena","gallica","assimilis",NA,"España","Asturias","Oviedo",NA,NA,NA,"1991",3,10,NA,NA,"F. Javier Ansorena","F. Javier Ansorena, LOAM 2004",1,NA,NA,0,NA,NA,NA,"Oviedo Museum",NA,NA,"87_NOCOMPLEXHymenopteros_OVIEDO_202310242646"
"Dasypoda",NA,"visnaga",NA,"España","Palencia","Monte El Viejo",NA,NA,NA,"1983",8,28,NA,NA,"Mª José García","Mª José García, LOAM 2011",1,NA,NA,0,NA,NA,NA,"Oviedo Museum",NA,NA,"87_NOCOMPLEXHymenopteros_OVIEDO_202310242647"
"Andrena",NA,"sp.",NA,NA,NA,"Lolloto",NA,NA,NA,"1983",6,2,NA,NA,"Mª Cruz Roza Manzano","Javier Roza Manzano, LOAM 2011",NA,NA,NA,1,NA,NA,NA,"Oviedo Museum","Sobre rosal",NA,"87_NOCOMPLEXHymenopteros_OVIEDO_202310242648"
"Lasioglossum",NA,"nigripes",NA,"España","Asturias","Castiello",NA,NA,NA,"1998",5,17,NA,NA,"Nieves Rodríguez","Nieves Rguez, A. Núñez",1,NA,NA,0,NA,NA,NA,"Oviedo Museum",NA,NA,"87_NOCOMPLEXHymenopteros_OVIEDO_202310242649"
"Halictus",NA,"sp.",NA,"España","Asturias","Oviedo",NA,NA,NA,"2006",3,15,NA,NA,"J. Bueno Pardo","J. Bueno Pardo",1,NA,NA,0,NA,NA,NA,"Oviedo Museum",NA,NA,"87_NOCOMPLEXHymenopteros_OVIEDO_202310242650"
"Andrena",NA,"sp.",NA,"España","Asturias","Balmori",NA,NA,NA,"2006",7,26,NA,NA,"E. Sánchez Vena","E. Sánchez Vena",NA,NA,NA,1,NA,NA,NA,"Oviedo Museum","Prado",NA,"87_NOCOMPLEXHymenopteros_OVIEDO_202310242651"
"Bombus",NA,"lucorum",NA,"España","Asturias","Villamayor",NA,NA,NA,"1993",4,20,NA,NA,"Conchita Gálvez","Conchita Gálvez",NA,NA,NA,1,NA,NA,NA,"Oviedo Museum",NA,NA,"87_NOCOMPLEXHymenopteros_OVIEDO_202310242652"
"Bombus",NA,"terrestris/lucorum",NA,"España","Asturias","Lugones",NA,NA,NA,"1982",3,27,NA,NA,"Rafael Sánchez M.","",1,NA,NA,0,NA,NA,NA,"Oviedo Museum",NA,"Tiene moho","87_NOCOMPLEXHymenopteros_OVIEDO_202310242653"
"Bombus",NA,"terrestris",NA,"España",NA,"Rodiles",NA,NA,NA,"1988",4,7,NA,NA,"Ester Orviz","Nerea Urizar",NA,NA,NA,1,NA,NA,NA,"Oviedo Museum","En prado",NA,"87_NOCOMPLEXHymenopteros_OVIEDO_202310242654"
"Bombus",NA,"terrestris",NA,"España","Asturias","Carril bici Naranco (Oviedo)",NA,NA,NA,"1988",1,30,NA,NA,"Juan Carlos Ruiz","Juan Carlos Ruiz",NA,NA,NA,1,NA,NA,NA,"Oviedo Museum","Carril bici","Tiene moho","87_NOCOMPLEXHymenopteros_OVIEDO_202310242655"
"Bombus",NA,"terrestris",NA,"España","Guipúzcoa","Elgóibar",NA,NA,NA,"1986",7,17,NA,NA,"M. Arriola","Eva Aguirre",NA,NA,NA,1,NA,NA,NA,"Oviedo Museum",NA,"Tiene moho","87_NOCOMPLEXHymenopteros_OVIEDO_202310242656"
"Bombus",NA,"terrestris/lucorum",NA,"España","Cantabria","Santander (cercanías)",NA,NA,NA,NA,NA,NA,NA,NA,NA,"",NA,NA,NA,1,NA,NA,NA,"Oviedo Museum",NA,NA,"87_NOCOMPLEXHymenopteros_OVIEDO_202310242657"
"Bombus",NA,"hortorum",NA,"España","Asturias","Oviedo",NA,NA,NA,NA,NA,NA,NA,NA,"Javier Fdez Fdez","",NA,NA,NA,1,NA,NA,NA,"Oviedo Museum",NA,NA,"87_NOCOMPLEXHymenopteros_OVIEDO_202310242658"
"Bombus",NA,"terrestris",NA,"España","Asturias","Contrueces",NA,NA,NA,"1993",4,3,NA,NA,"Ángeles Mtez","Ángeles Mtez",1,NA,NA,0,NA,NA,NA,"Oviedo Museum",NA,NA,"87_NOCOMPLEXHymenopteros_OVIEDO_202310242659"
"Bombus",NA,"terrestris",NA,"España","Asturias","Oviedo (facultad)",NA,NA,NA,"1992",11,11,NA,NA,"Antonio Fernández","Antonio Fernández",NA,NA,NA,1,NA,NA,NA,"Oviedo Museum",NA,NA,"87_NOCOMPLEXHymenopteros_OVIEDO_202310242660"
"Bombus",NA,"terrestris/lucorum",NA,"España","Asturias","Tineo",NA,NA,NA,"1992",11,8,NA,NA,"César García","Elvira García",NA,NA,NA,1,NA,NA,NA,"Oviedo Museum",NA,NA,"87_NOCOMPLEXHymenopteros_OVIEDO_202310242661"
"Bombus",NA,"terrestris",NA,"España","Asturias","Mieres",NA,NA,NA,"1981",3,20,NA,NA,"A. Abril","A. Abril",NA,NA,NA,1,NA,NA,NA,"Oviedo Museum","Huerta",NA,"87_NOCOMPLEXHymenopteros_OVIEDO_202310242662"
"Bombus",NA,"terrestris",NA,"España","Asturias","Oviñana",NA,NA,NA,"1982",2,27,NA,NA,"J. A. Cabal","",NA,NA,NA,1,NA,NA,NA,"Oviedo Museum",NA,"Tiene moho","87_NOCOMPLEXHymenopteros_OVIEDO_202310242663"
"Bombus",NA,"lucorum",NA,"España","Asturias","La Isla",NA,NA,NA,"1982",5,7,NA,NA,"Mª José Álvarez","",NA,NA,NA,1,NA,NA,NA,"Oviedo Museum","Prado con flores","Tiene moho","87_NOCOMPLEXHymenopteros_OVIEDO_202310242664"
"Bombus",NA,"lucorum",NA,"España","Asturias","La Isla",NA,NA,NA,"1981",5,1,NA,NA,"Margarita Ojea","Margarita Ojea",NA,NA,NA,1,NA,NA,NA,"Oviedo Museum",NA,"Tiene moho","87_NOCOMPLEXHymenopteros_OVIEDO_202310242665"
"Bombus",NA,"terrestris",NA,"España","Cantabria","Luena",NA,NA,NA,"1981",6,2,NA,NA,"P. Fernández","P. Fernández",NA,NA,NA,1,NA,NA,NA,"Oviedo Museum",NA,"Tiene moho","87_NOCOMPLEXHymenopteros_OVIEDO_202310242666"
"Bombus",NA,"terrestris",NA,"España","Asturias","Piedras Blancas",NA,NA,NA,"1992",7,15,NA,NA,"Paqui Morán","",NA,NA,NA,1,NA,NA,NA,"Oviedo Museum",NA,NA,"87_NOCOMPLEXHymenopteros_OVIEDO_202310242667"
"Bombus",NA,"terrestris",NA,"España","Cantabria","Lebeña",NA,NA,NA,"1992",8,6,NA,NA,"Ángela Fdez","Ángel Serdio",NA,NA,NA,1,NA,NA,NA,"Oviedo Museum",NA,"Tiene moho","87_NOCOMPLEXHymenopteros_OVIEDO_202310242668"
"Bombus",NA,"soroeensis",NA,"España","Asturias","Mares",NA,NA,NA,"1993",4,24,NA,NA,"Ángeles Mtez","Ángeles Mtez",1,NA,NA,0,NA,NA,NA,"Oviedo Museum",NA,NA,"87_NOCOMPLEXHymenopteros_OVIEDO_202310242669"
"Bombus",NA,"terrestris/lucorum",NA,"España",NA,"Piedras Blancas",NA,NA,NA,NA,NA,NA,NA,NA,"Juan José Castro","",NA,NA,NA,1,NA,NA,NA,"Oviedo Museum",NA,"Tiene moho","87_NOCOMPLEXHymenopteros_OVIEDO_202310242670"
"Bombus",NA,"lucorum",NA,"España","Asturias","Arnao",NA,NA,NA,"1993",8,15,NA,NA,"Ricardo R. Fdez","",NA,NA,NA,1,NA,NA,NA,"Oviedo Museum",NA,"Tiene moho","87_NOCOMPLEXHymenopteros_OVIEDO_202310242671"
"Bombus",NA,"lucorum",NA,"España","Asturias","Oviedo",NA,NA,NA,"1993",5,25,NA,NA,"M. Antoñanzas","M. Antoñanzas",NA,NA,NA,1,NA,NA,NA,"Oviedo Museum",NA,"Tiene moho","87_NOCOMPLEXHymenopteros_OVIEDO_202310242672"
"Bombus",NA,"lucorum",NA,"España","Asturias","Pruvia (Soto de Llanera)",NA,NA,NA,"1992",6,3,NA,NA,"P. Uría Tejero","Pilar Uría Tejero",NA,NA,NA,1,NA,NA,NA,"Oviedo Museum",NA,"Tiene moho","87_NOCOMPLEXHymenopteros_OVIEDO_202310242673"
"Bombus",NA,"lucorum",NA,"España",NA,"Rodiles",NA,NA,NA,"1990",5,12,NA,NA,"Fernando Cardesín","Fernando Cardesín",1,NA,NA,0,NA,NA,NA,"Oviedo Museum","Borde carretera","Recién muerto","87_NOCOMPLEXHymenopteros_OVIEDO_202310242674"
"Bombus",NA,"terrestris",NA,"España","Cantabria","Rasines",NA,NA,NA,"1992",11,10,NA,NA,"A. Bonachea","A. Bonachea",NA,NA,NA,1,NA,NA,NA,"Oviedo Museum",NA,NA,"87_NOCOMPLEXHymenopteros_OVIEDO_202310242675"
"Bombus",NA,"terrestris",NA,"España","Cantabria","Santander",NA,NA,NA,"1992",12,1,NA,NA,"Magdalena Sanz","M. Sanz",1,NA,NA,0,NA,NA,NA,"Oviedo Museum",NA,NA,"87_NOCOMPLEXHymenopteros_OVIEDO_202310242676"
"Bombus",NA,"terrestris",NA,"España","Cantabria","Santander",NA,NA,NA,"1991",10,1,NA,NA,"Ana I. García","Ana I. García",1,NA,NA,0,NA,NA,NA,"Oviedo Museum",NA,"Tiene moho","87_NOCOMPLEXHymenopteros_OVIEDO_202310242677"
"Bombus",NA,"terrestris/lucorum",NA,"España","Asturias","Pajares",NA,NA,NA,"1992",5,31,NA,NA,"A. Fdez Ojanguren","A. Fdez Ojanguren",NA,NA,NA,1,NA,NA,NA,"Oviedo Museum",NA,NA,"87_NOCOMPLEXHymenopteros_OVIEDO_202310242678"
"Bombus",NA,"lucorum",NA,"España","León","Garandilla",NA,NA,NA,"1990",5,6,NA,NA,"M. J. Suárez","M. J. Suárez",NA,NA,NA,1,NA,NA,NA,"Oviedo Museum",NA,NA,"87_NOCOMPLEXHymenopteros_OVIEDO_202310242679"
"Bombus",NA,"soroeensis",NA,"España","Asturias","Bañugues",NA,NA,NA,"1988",8,15,NA,NA,"L. Lozano","L. Lozano",NA,NA,NA,1,NA,NA,NA,"Oviedo Museum",NA,NA,"87_NOCOMPLEXHymenopteros_OVIEDO_202310242680"
"Bombus",NA,"soroeensis",NA,"España","Asturias","Avilés",NA,NA,NA,"1992",6,14,NA,NA,"Sara R. Fdez Fdez","Sara R. Fdez Fdez",NA,NA,NA,1,NA,NA,NA,"Oviedo Museum",NA,NA,"87_NOCOMPLEXHymenopteros_OVIEDO_202310242681"
"Bombus",NA,"terrestris/lucorum/soroeensis",NA,"España","Asturias","Molleda",NA,NA,NA,"1982",5,3,NA,NA,"Francisco García","",NA,NA,NA,1,NA,NA,NA,"Oviedo Museum","Madera","Tiene moho","87_NOCOMPLEXHymenopteros_OVIEDO_202310242682"
"Bombus",NA,"terrestris/soroeensis",NA,"España","Asturias","Riaño",NA,NA,NA,"1992",11,6,NA,NA,"Mar Varela","Mar Varela",NA,NA,NA,1,NA,NA,NA,"Oviedo Museum",NA,NA,"87_NOCOMPLEXHymenopteros_OVIEDO_202310242683"
"Bombus",NA,"terrestris/lucorum",NA,"España","Asturias","Pillarno",NA,NA,NA,"1992",3,10,NA,NA,"R. Julia Rguez","R. Julia Rguez",NA,NA,NA,1,NA,NA,NA,"Oviedo Museum",NA,NA,"87_NOCOMPLEXHymenopteros_OVIEDO_202310242684"
"Bombus",NA,"terrestris/lucorum/soroeensis",NA,"España","Asturias","La Isla",NA,NA,NA,"1983",5,5,NA,NA,"A. Fonseca","A. Fonseca",NA,NA,NA,1,NA,NA,NA,"Oviedo Museum","Prado siega sobre flor","Tiene moho","87_NOCOMPLEXHymenopteros_OVIEDO_202310242685"
"Bombus",NA,"terrestris/lucorum",NA,"España","Guipúzcoa","San Sebastián",NA,NA,NA,"1989",8,28,NA,NA,"I. Garai","I. Garai",NA,NA,NA,1,NA,NA,NA,"Oviedo Museum",NA,"Tiene moho","87_NOCOMPLEXHymenopteros_OVIEDO_202310242686"
"Bombus",NA,"terrestris/lucorum/soroeensis",NA,"España","Asturias","Salave",NA,NA,NA,"1990",5,28,NA,NA,"Damiana González Fernández","Carlos J. Fco",NA,NA,NA,1,NA,NA,NA,"Oviedo Museum",NA,NA,"87_NOCOMPLEXHymenopteros_OVIEDO_202310242687"
"Bombus",NA,"terrestris/lucorum/soroeensis",NA,"España","Asturias","Vallinas",NA,NA,NA,"1982",5,23,NA,NA,"E. Sierra","",1,NA,NA,0,NA,NA,NA,"Oviedo Museum",NA,"Tiene moho","87_NOCOMPLEXHymenopteros_OVIEDO_202310242688"
"Bombus",NA,"terrestris/lucorum/soroeensis",NA,"España","Asturias","La Manjoya",NA,NA,NA,NA,NA,NA,NA,NA,"Adela Martínez","",NA,NA,NA,1,NA,NA,NA,"Oviedo Museum",NA,"Tiene moho","87_NOCOMPLEXHymenopteros_OVIEDO_202310242689"
"Bombus",NA,"terrestris/lucorum",NA,"España","Asturias","Oviedo",NA,NA,NA,"1980",8,16,NA,NA,"A. Bode","A. Bode",1,NA,NA,0,NA,NA,NA,"Oviedo Museum",NA,"Tiene moho","87_NOCOMPLEXHymenopteros_OVIEDO_202310242690"
"Bombus",NA,"terrestris/lucorum/soroeensis",NA,"España","Asturias","Trasona",NA,NA,NA,"1982",5,5,NA,NA,"A. Villarón","",NA,NA,NA,1,NA,NA,NA,"Oviedo Museum",NA,NA,"87_NOCOMPLEXHymenopteros_OVIEDO_202310242691"
"Bombus",NA,"terrestris/lucorum/soroeensis",NA,"España","Asturias","Naranco (Oviedo)",NA,NA,NA,"1990",6,23,NA,NA,"M. José Saiz","M. José Saiz",NA,NA,NA,1,NA,NA,NA,"Oviedo Museum",NA,NA,"87_NOCOMPLEXHymenopteros_OVIEDO_202310242692"
"Bombus",NA,"terrestris/lucorum/soroeensis",NA,"España","Asturias","Salave",NA,NA,NA,"1990",5,23,NA,NA,"Damiana González Fernández","Damiana González Fernández",NA,NA,NA,1,NA,NA,NA,"Oviedo Museum",NA,NA,"87_NOCOMPLEXHymenopteros_OVIEDO_202310242693"
"Bombus",NA,"terrestris/lucorum/soroeensis",NA,"España","Asturias","Oviedo",NA,NA,NA,"1990",6,10,NA,NA,"J. Riera","J. Riera",NA,NA,NA,1,NA,NA,NA,"Oviedo Museum",NA,"Tiene moho","87_NOCOMPLEXHymenopteros_OVIEDO_202310242694"
"Bombus",NA,"terrestris/lucorum/soroeensis",NA,"España","Asturias","Naranco (Oviedo)",NA,NA,NA,"1982",6,19,NA,NA,"D. Fuente","",NA,NA,NA,1,NA,NA,NA,"Oviedo Museum",NA,"Tiene moho","87_NOCOMPLEXHymenopteros_OVIEDO_202310242695"
"Bombus",NA,"terrestris/lucorum",NA,"España","Asturias","Pola de Lena",NA,NA,NA,"1992",8,12,NA,NA,"Julia Argüelles","Julia Argüelles",NA,NA,NA,1,NA,NA,NA,"Oviedo Museum",NA,NA,"87_NOCOMPLEXHymenopteros_OVIEDO_202310242696"
"Bombus",NA,"terrestris/lucorum",NA,"España","León","Lorenzana",NA,NA,NA,"1982",8,25,NA,NA,"M. C. Gutiérrez","",1,NA,NA,0,NA,NA,NA,"Oviedo Museum",NA,"Tiene moho","87_NOCOMPLEXHymenopteros_OVIEDO_202310242697"
"Bombus",NA,"terrestris/lucorum",NA,"España","Asturias","Perlora",NA,NA,NA,"1981",7,26,NA,NA,"Gracia Fdez","Gracia Fdez",NA,NA,NA,1,NA,NA,NA,"Oviedo Museum",NA,"Tiene moho","87_NOCOMPLEXHymenopteros_OVIEDO_202310242698"
"Bombus",NA,"terrestris/lucorum",NA,"España","Asturias","Luarca",NA,NA,NA,NA,NA,NA,NA,NA,"Elena","",NA,NA,NA,1,NA,NA,NA,"Oviedo Museum",NA,"Tiene moho","87_NOCOMPLEXHymenopteros_OVIEDO_202310242699"
"Bombus",NA,"terrestris/lucorum/soroeensis",NA,"España","Asturias","S. Pedro (Soto de Luiña)",NA,NA,NA,"1989",7,13,NA,NA,"Nieves Egocheaga","N. Egocheaga",NA,NA,NA,1,NA,NA,NA,"Oviedo Museum",NA,NA,"87_NOCOMPLEXHymenopteros_OVIEDO_202310242700"
"Bombus",NA,"lucorum",NA,"España","Álava","Vitoria",NA,NA,NA,"1992",7,27,NA,NA,"J. Zalama Tena","Juan Zalama",1,NA,NA,0,NA,NA,NA,"Oviedo Museum",NA,"Tiene moho","87_NOCOMPLEXHymenopteros_OVIEDO_202310242701"
"Bombus",NA,"lucorum",NA,"España","Asturias","El Cordal (Moreda)",NA,NA,NA,"1992",11,8,NA,NA,"Mª Julia Glez Santos","Mª Julia Glez",1,NA,NA,0,NA,NA,NA,"Oviedo Museum",NA,"Tiene moho","87_NOCOMPLEXHymenopteros_OVIEDO_202310242702"
"Bombus",NA,"terrestris/lucorum/soroeensis",NA,"España","Asturias","La Isla",NA,NA,NA,"1982",5,4,NA,NA,"J. Lobera","J. Lobera",1,NA,NA,0,NA,NA,NA,"Oviedo Museum",NA,"Tiene moho","87_NOCOMPLEXHymenopteros_OVIEDO_202310242703"
"Bombus",NA,"terrestris/lucorum/soroeensis",NA,"España","Asturias","Lastres",NA,NA,NA,"1990",5,13,NA,NA,"Ramón Garrido","Ramón Garrido",NA,NA,NA,1,NA,NA,NA,"Oviedo Museum","Prado",NA,"87_NOCOMPLEXHymenopteros_OVIEDO_202310242704"
"Bombus",NA,"lucorum/soroeensis",NA,"España","Asturias","Chalana",NA,NA,NA,"1993",8,20,NA,NA,"Antonio Fernández","Antonio Fernández",1,NA,NA,0,NA,NA,NA,"Oviedo Museum",NA,NA,"87_NOCOMPLEXHymenopteros_OVIEDO_202310242705"
"Bombus",NA,"terrestris/lucorum/soroeensis",NA,"España","Álava","Vitoria",NA,NA,NA,"1992",7,14,NA,NA,"Juan Zalama","Juan Zalama",NA,1,NA,0,NA,NA,NA,"Oviedo Museum",NA,"Tiene moho","87_NOCOMPLEXHymenopteros_OVIEDO_202310242706"
"Bombus",NA,"terrestris/lucorum",NA,"España","Cantabria","Bedoya",NA,NA,NA,"1993",7,10,NA,NA,"Ángela F. Roiz","Ángela F. Roiz",NA,NA,NA,1,NA,NA,NA,"Oviedo Museum",NA,"Tiene moho","87_NOCOMPLEXHymenopteros_OVIEDO_202310242707"
"Psithyrus",NA,"campestris/rupestris",NA,"España","Asturias","La Nisal",NA,NA,NA,"2006",11,4,NA,NA,"Daniel Rodríguez Fdez","Daniel Rodríguez Fdez",NA,NA,NA,1,NA,NA,NA,"Oviedo Museum","Prado",NA,"87_NOCOMPLEXHymenopteros_OVIEDO_202310242708"
"Bombus",NA,"terrestris/lucorum",NA,"España","Cantabria","Isla",NA,NA,NA,"1992",7,7,NA,NA,"Marta Pérez Lastra","A. Pérez Lastra",NA,NA,NA,1,NA,NA,NA,"Oviedo Museum",NA,NA,"87_NOCOMPLEXHymenopteros_OVIEDO_202310242709"
"Bombus",NA,"terrestris/lucorum",NA,"España","Asturias","Otur (Luarca)",NA,NA,NA,"1992",4,20,NA,NA,"Ángeles Fdez I.","",1,NA,NA,0,NA,NA,NA,"Oviedo Museum",NA,NA,"87_NOCOMPLEXHymenopteros_OVIEDO_202310242710"
"Bombus",NA,"terrestris",NA,"España","Cantabria",NA,NA,NA,NA,"1989",8,15,NA,NA,"Clemen. Arrozam","",NA,NA,NA,1,NA,NA,NA,"Oviedo Museum",NA,"Tiene moho","87_NOCOMPLEXHymenopteros_OVIEDO_202310242711"
"Bombus",NA,"lucorum",NA,"España","Asturias","Luanco",NA,NA,NA,NA,NA,NA,NA,NA,"J. Aurelio Delgado","",NA,NA,NA,1,NA,NA,NA,"Oviedo Museum",NA,"Tiene moho","87_NOCOMPLEXHymenopteros_OVIEDO_202310242712"
"Bombus",NA,"terrestris/lucorum",NA,"España","Asturias","Contrueces",NA,NA,NA,"1993",5,17,NA,NA,"Sonia Glez","Sonia Glez",NA,NA,NA,1,NA,NA,NA,"Oviedo Museum",NA,"Tiene moho","87_NOCOMPLEXHymenopteros_OVIEDO_202310242713"
"Bombus",NA,"terrestris",NA,"España","Asturias","Castiello",NA,NA,NA,"1992",9,15,NA,NA,"A. Remacha","A. Remacha",1,NA,NA,0,NA,NA,NA,"Oviedo Museum",NA,"Tiene moho","87_NOCOMPLEXHymenopteros_OVIEDO_202310242714"
"Bombus",NA,"lucorum",NA,"España","Asturias","Talarén",NA,NA,NA,"2007",10,14,NA,NA,"M. Pérez Glez","M. Pérez Glez",NA,NA,NA,1,NA,NA,NA,"Oviedo Museum",NA,NA,"87_NOCOMPLEXHymenopteros_OVIEDO_202310242715"
"Bombus",NA,"lucorum",NA,"España","Asturias","El Rodaco",NA,NA,NA,NA,NA,NA,NA,NA,"C. Prendes Pérez","C. Prendes Pérez",NA,NA,NA,1,NA,NA,NA,"Oviedo Museum",NA,NA,"87_NOCOMPLEXHymenopteros_OVIEDO_202310242716"
"Bombus",NA,"terrestris/lucorum",NA,"España","Asturias","Tornón",NA,NA,NA,"1990",4,28,NA,NA,"Carlos Felgueres","C. Felgueres",NA,NA,NA,1,NA,NA,NA,"Oviedo Museum","Sobre una flor",NA,"87_NOCOMPLEXHymenopteros_OVIEDO_202310242717"
"Bombus",NA,"lucorum",NA,"España","Asturias","Germonde",NA,NA,NA,"1990",8,12,NA,NA,"J. Ramón Glez Glez","",NA,NA,NA,1,NA,NA,NA,"Oviedo Museum",NA,NA,"87_NOCOMPLEXHymenopteros_OVIEDO_202310242718"
"Bombus",NA,"terrestris/soroeensis",NA,"España","Asturias","Campomanes",NA,NA,NA,"2007",10,21,NA,NA,"Soraya Glez","Soraya Glez",1,NA,NA,0,NA,NA,NA,"Oviedo Museum","Casa",NA,"87_NOCOMPLEXHymenopteros_OVIEDO_202310242719"
"Bombus",NA,"terrestris",NA,"España",NA,"Villar",NA,NA,NA,"2008",1,10,NA,NA,"Ana Mª Rubio D.","Úrsula G. R.",NA,NA,NA,1,NA,NA,NA,"Oviedo Museum","Prado",NA,"87_NOCOMPLEXHymenopteros_OVIEDO_202310242720"
"Bombus",NA,"lucorum",NA,"España","Asturias","Gijón",NA,NA,NA,NA,NA,NA,NA,NA,"Carlos Gutiérrez","Carlos Gutiérrez",NA,NA,NA,1,NA,NA,NA,"Oviedo Museum",NA,NA,"87_NOCOMPLEXHymenopteros_OVIEDO_202310242721"
"Bombus",NA,"sp.",NA,"España",NA,"Celles",NA,NA,NA,"2007",5,5,NA,NA,"J. Javier del Blanco","Enrique Prado",NA,NA,NA,1,NA,NA,NA,"Oviedo Museum",NA,NA,"87_NOCOMPLEXHymenopteros_OVIEDO_202310242722"
"Bombus",NA,"terrestris/lucorum",NA,"España","Asturias","Campos del Cristo (Oviedo)",NA,NA,NA,"1982",5,3,NA,NA,"Jesús Mª Burgués","Jesús Mª Burgués",NA,NA,NA,1,NA,NA,NA,"Oviedo Museum",NA,"Tiene insectos parásitos","87_NOCOMPLEXHymenopteros_OVIEDO_202310242723"
"Bombus",NA,"terrestris/lucorum/soroeensis",NA,"España","Asturias","Tineo",NA,NA,NA,"2007",4,29,NA,NA,"Sergio Jorge","",1,NA,NA,0,NA,NA,NA,"Oviedo Museum","Pinar",NA,"87_NOCOMPLEXHymenopteros_OVIEDO_202310242724"
"Bombus",NA,"terrestris",NA,"España","Asturias","Pravia",NA,NA,NA,NA,NA,NA,NA,NA,"Pablo M. P.","Pablo M. P.",NA,NA,NA,1,NA,NA,NA,"Oviedo Museum","Flores","Tiene moho","87_NOCOMPLEXHymenopteros_OVIEDO_202310242725"
"Bombus",NA,"lucorum",NA,"España","Asturias","Talarén",NA,NA,NA,NA,NA,NA,NA,NA,"Marta Fdez González","Melodi Boosoño",NA,NA,NA,1,NA,NA,NA,"Oviedo Museum",NA,NA,"87_NOCOMPLEXHymenopteros_OVIEDO_202310242726"
"Bombus",NA,"terrestris/lucorum",NA,"España","Asturias","La Nisal",NA,NA,NA,"2006",11,4,NA,NA,"Daniel Rodríguez Fdez","Daniel Rodríguez Fdez",1,NA,NA,0,NA,NA,NA,"Oviedo Museum","Prado",NA,"87_NOCOMPLEXHymenopteros_OVIEDO_202310242727"
"Bombus",NA,"lucorum",NA,"España","Asturias","Sta. Eulalia de Nembro (Luanco)",NA,NA,NA,"2006",10,14,NA,NA,"J. Javier del Blanco","J. Javier del Blanco",1,NA,NA,0,NA,NA,NA,"Oviedo Museum","Prado",NA,"87_NOCOMPLEXHymenopteros_OVIEDO_202310242728"
"Bombus",NA,"pascuorum/muscorum/humilis",NA,"España","Asturias","Somió",NA,NA,NA,"1993",8,13,NA,NA,"Guillermo G. Soto","Guillermo G. Soto",NA,NA,NA,1,NA,NA,NA,"Oviedo Museum",NA,NA,"87_NOCOMPLEXHymenopteros_OVIEDO_202310242729"
"Bombus",NA,"pascuorum/muscorum/humilis",NA,"España","Asturias","El Castro",NA,NA,NA,"1992",7,31,NA,NA,"Paqui Morán","",NA,NA,NA,1,NA,NA,NA,"Oviedo Museum",NA,"Tiene moho","87_NOCOMPLEXHymenopteros_OVIEDO_202310242730"
"Bombus",NA,"pascuorum",NA,"España","Asturias","Riaño",NA,NA,NA,NA,NA,NA,NA,NA,"Mar Varela","Mar Varela",NA,NA,NA,1,NA,NA,NA,"Oviedo Museum",NA,"Tiene moho","87_NOCOMPLEXHymenopteros_OVIEDO_202310242731"
"Bombus",NA,"pascuorum",NA,"España","Asturias","Casa del Puerto",NA,NA,NA,"1992",7,26,NA,NA,"Mª Elvira García","Elvira García",1,NA,NA,0,NA,NA,NA,"Oviedo Museum",NA,"Tiene moho","87_NOCOMPLEXHymenopteros_OVIEDO_202310242732"
"Bombus",NA,"muscorum/humilis",NA,"España","Asturias","Pedroveya (Las Caldas)",NA,NA,NA,"1993",3,13,NA,NA,"A. Fdez García","A. Fdez García",NA,NA,NA,1,NA,NA,NA,"Oviedo Museum","Zona herbácea",NA,"87_NOCOMPLEXHymenopteros_OVIEDO_202310242733"
"Bombus",NA,"pascuorum",NA,"España","Asturias","Cordal del Peón",NA,NA,NA,"1988",7,23,NA,NA,"Carmen de Miguel","Carmen de Miguel",1,NA,NA,0,NA,NA,NA,"Oviedo Museum",NA,NA,"87_NOCOMPLEXHymenopteros_OVIEDO_202310242734"
"Bombus",NA,"pascuorum/humilis",NA,"España","Asturias","Charca de Latores",NA,NA,NA,NA,NA,NA,NA,NA,"F. Graña","",NA,NA,NA,1,NA,NA,NA,"Oviedo Museum","Charca de Latores",NA,"87_NOCOMPLEXHymenopteros_OVIEDO_202310242735"
"Bombus",NA,"pascuorum",NA,"España","Asturias","Avin",NA,NA,NA,"1990",10,23,NA,NA,"María Herrero","María Herrero",NA,NA,NA,1,NA,NA,NA,"Oviedo Museum",NA,NA,"87_NOCOMPLEXHymenopteros_OVIEDO_202310242736"
"Bombus",NA,"pascuorum/muscorum/humilis",NA,"España","Asturias","Olloniego",NA,NA,NA,"1988",6,30,NA,NA,"Paulino Bárcena","Paulino Bárcena",NA,NA,NA,1,NA,NA,NA,"Oviedo Museum",NA,"Tiene moho","87_NOCOMPLEXHymenopteros_OVIEDO_202310242737"
"Bombus",NA,"pascuorum/muscorum/humilis",NA,"España","Asturias","Oviedo",NA,NA,NA,"1989",7,12,NA,NA,"S. Pascual","S. Pascual",NA,NA,NA,1,NA,NA,NA,"Oviedo Museum",NA,"Tiene moho","87_NOCOMPLEXHymenopteros_OVIEDO_202310242738"
"Bombus",NA,"pascuorum/muscorum/humilis",NA,"España","Asturias","La Magdalena",NA,NA,NA,"1992",6,1,NA,NA,"Elvira López Ugarte","Elvira García",NA,NA,NA,1,NA,NA,NA,"Oviedo Museum","En un mato con flores",NA,"87_NOCOMPLEXHymenopteros_OVIEDO_202310242739"
"Bombus",NA,"pascuorum",NA,"España","Asturias","Avín",NA,NA,NA,"1991",10,21,NA,NA,"A. Fdez Ojanguren","A. Fdez Ojanguren",1,NA,NA,0,NA,NA,NA,"Oviedo Museum",NA,NA,"87_NOCOMPLEXHymenopteros_OVIEDO_202310242740"
"Bombus",NA,"pascuorum",NA,"España","Asturias","Campa de Torres",NA,NA,NA,"1982",5,29,NA,NA,"Ana Suárez Díaz","",1,NA,NA,0,NA,NA,NA,"Oviedo Museum","Flores",NA,"87_NOCOMPLEXHymenopteros_OVIEDO_202310242741"
"Bombus",NA,"pascuorum",NA,"España","Asturias","Campos del Cristo (Oviedo)",NA,NA,NA,"1992",5,10,NA,NA,"Jesús Mª Burgués","Jesús Mª Burgués",NA,NA,NA,1,NA,NA,NA,"Oviedo Museum",NA,NA,"87_NOCOMPLEXHymenopteros_OVIEDO_202310242742"
"Bombus",NA,"pascuorum/muscorum/humilis",NA,"España","Asturias","Agones",NA,NA,NA,"1991",9,19,NA,NA,"Antero Mdz C. J.","Antero Mdz C. J.",NA,NA,NA,1,NA,NA,NA,"Oviedo Museum",NA,NA,"87_NOCOMPLEXHymenopteros_OVIEDO_202310242743"
"Bombus",NA,"pascuorum/muscorum/humilis",NA,"España","Asturias","Oviedo",NA,NA,NA,"1993",5,1,NA,NA,"Alberto Luengo","Julia Argüelles",NA,NA,NA,1,NA,NA,NA,"Oviedo Museum",NA,NA,"87_NOCOMPLEXHymenopteros_OVIEDO_202310242744"
"Bombus",NA,"pascuorum/muscorum/humilis",NA,"España","Asturias","Bañugues",NA,NA,NA,"1988",8,10,NA,NA,"L. Lozano","L. Lozano",1,NA,NA,0,NA,NA,NA,"Oviedo Museum",NA,NA,"87_NOCOMPLEXHymenopteros_OVIEDO_202310242745"
"Bombus",NA,"pascuorum/muscorum/humilis",NA,"España","Asturias","Coviella",NA,NA,NA,"1992",9,2,NA,NA,"Luis Cabo","Luis Cabo",NA,NA,NA,1,NA,NA,NA,"Oviedo Museum",NA,NA,"87_NOCOMPLEXHymenopteros_OVIEDO_202310242746"
"Bombus",NA,"pascuorum",NA,"España","Asturias","Santonia",NA,NA,NA,"1982",6,3,NA,NA,"Sheila Prieto","P. Menénd.",NA,NA,NA,1,NA,NA,NA,"Oviedo Museum",NA,"Tiene moho","87_NOCOMPLEXHymenopteros_OVIEDO_202310242747"
"Bombus",NA,"pascuorum",NA,"España","Vizcaya","Fadura",NA,NA,NA,"1981",9,15,NA,NA,"Margarita Ojea","Margarita Ojea",NA,NA,NA,1,NA,NA,NA,"Oviedo Museum","Matorral","Tiene moho","87_NOCOMPLEXHymenopteros_OVIEDO_202310242748"
"Bombus",NA,"pascuorum/muscorum/humilis",NA,"España","León","Pola de Gordón",NA,NA,NA,"1990",7,14,NA,NA,"Gonzalo Rguez","M. J. Rguez Palacio",NA,NA,NA,1,NA,NA,NA,"Oviedo Museum",NA,NA,"87_NOCOMPLEXHymenopteros_OVIEDO_202310242749"
"Bombus",NA,"pascuorum",NA,"España","Cantabria","Rasines",NA,NA,NA,"1993",4,4,NA,NA,"A. Bonachea","A. Bonachea Hdez",NA,NA,NA,1,NA,NA,NA,"Oviedo Museum",NA,NA,"87_NOCOMPLEXHymenopteros_OVIEDO_202310242750"
"Bombus",NA,"pascuorum",NA,"España","Asturias","Luanco",NA,NA,NA,"1992",9,11,NA,NA,"Fernando F. Cobas","Fernando F. Cobas",NA,NA,NA,1,NA,NA,NA,"Oviedo Museum",NA,NA,"87_NOCOMPLEXHymenopteros_OVIEDO_202310242751"
"Bombus",NA,"pascuorum",NA,"España","Asturias","Santurio",NA,NA,NA,"1992",8,12,NA,NA,"Adelino Álvarez","",NA,NA,NA,1,NA,NA,NA,"Oviedo Museum",NA,"Tiene moho, sobre todo la etiqueta","87_NOCOMPLEXHymenopteros_OVIEDO_202310242752"
"Bombus",NA,"pascuorum/muscorum/humilis",NA,"España","Asturias","Teboyas",NA,NA,NA,"1992",5,24,NA,NA,"Sara R. Fdez Fdez","Sara R. Fdez Fdez",1,NA,NA,0,NA,NA,NA,"Oviedo Museum",NA,NA,"87_NOCOMPLEXHymenopteros_OVIEDO_202310242753"
"Bombus",NA,"pascuorum",NA,"España","Asturias","Friera",NA,NA,NA,"1989",9,24,NA,NA,"Gonzalo Rdguez","Gonzalo Rdguez",NA,NA,NA,1,NA,NA,NA,"Oviedo Museum",NA,NA,"87_NOCOMPLEXHymenopteros_OVIEDO_202310242754"
"Bombus",NA,"pascuorum",NA,"España","Asturias","Avín",NA,NA,NA,"1991",10,23,NA,NA,"David Álvarez Fdez","David Álvarez Fdez",1,NA,NA,0,NA,NA,NA,"Oviedo Museum",NA,NA,"87_NOCOMPLEXHymenopteros_OVIEDO_202310242755"
"Bombus",NA,"pascuorum",NA,"España","Asturias","Reguerines",NA,NA,NA,"1993",5,29,NA,NA,"Pilar Iglesias","",NA,NA,NA,1,NA,NA,NA,"Oviedo Museum",NA,NA,"87_NOCOMPLEXHymenopteros_OVIEDO_202310242756"
"Bombus",NA,"pascuorum",NA,"España","Asturias","Bocines",NA,NA,NA,NA,NA,NA,NA,NA,"M. Echeverría","M. Echeverría",NA,NA,NA,1,NA,NA,NA,"Oviedo Museum",NA,NA,"87_NOCOMPLEXHymenopteros_OVIEDO_202310242757"
"Bombus",NA,"pascuorum",NA,"España","Asturias","Oviedo",NA,NA,NA,"1990",5,5,NA,NA,"J. Garai","J. Garai",NA,NA,NA,1,NA,NA,NA,"Oviedo Museum",NA,NA,"87_NOCOMPLEXHymenopteros_OVIEDO_202310242758"
"Bombus",NA,"pascuorum/muscorum/humilis",NA,"España","Asturias","Luanco",NA,NA,NA,"1992",9,15,NA,NA,"Fernando F. Cobas","",NA,NA,NA,1,NA,NA,NA,"Oviedo Museum",NA,NA,"87_NOCOMPLEXHymenopteros_OVIEDO_202310242759"
"Bombus",NA,"pascuorum",NA,"España","Asturias","Villar (Luarca)",NA,NA,NA,"1989",10,23,NA,NA,"Diego Alvarado","Diego Alvarado",NA,NA,NA,1,NA,NA,NA,"Oviedo Museum",NA,NA,"87_NOCOMPLEXHymenopteros_OVIEDO_202310242760"
"Bombus",NA,"pascuorum/muscorum/humilis",NA,"España","León","Paladín",NA,NA,NA,"1988",7,25,NA,NA,"Ana Fe","Eva Aguirre",NA,NA,NA,1,NA,NA,NA,"Oviedo Museum",NA,NA,"87_NOCOMPLEXHymenopteros_OVIEDO_202310242761"
"Bombus",NA,"pascuorum",NA,"España","Asturias","Alles",NA,NA,NA,NA,NA,NA,NA,NA,"J. Gil Vaquero","M. A. Díaz Díaz",NA,NA,NA,1,NA,NA,NA,"Oviedo Museum",NA,NA,"87_NOCOMPLEXHymenopteros_OVIEDO_202310242762"
"Bombus",NA,"pascuorum/muscorum/humilis",NA,"España","Asturias","El Orrin",NA,NA,NA,"1995",3,17,NA,NA,"A. Azcoitia","A. Azcoitia",NA,NA,NA,1,NA,NA,NA,"Oviedo Museum",NA,NA,"87_NOCOMPLEXHymenopteros_OVIEDO_202310242763"
"Bombus",NA,"pascuorum",NA,"España","Zamora","Margen alta del Tera (Sanabria)",NA,NA,NA,"1992",6,30,NA,NA,"Susana Barquero","Prys-Sones, Corbet",NA,NA,NA,1,NA,NA,NA,"Oviedo Museum","En vuelo entre sauces y retama",NA,"87_NOCOMPLEXHymenopteros_OVIEDO_202310242764"
"Bombus",NA,"pascuorum/muscorum/humilis",NA,"España","Asturias","Lago Ñora",NA,NA,NA,"1994",8,4,NA,NA,"J. C. Fernández","Puri Pérez",NA,NA,NA,1,NA,NA,NA,"Oviedo Museum",NA,NA,"87_NOCOMPLEXHymenopteros_OVIEDO_202310242765"
"Bombus",NA,"pascuorum/muscorum/humilis",NA,"España","Asturias","Mardana",NA,NA,NA,"2008",1,3,NA,NA,"Aladino Díaz","",1,NA,NA,0,NA,NA,NA,"Oviedo Museum","Prado","Tiene moho","87_NOCOMPLEXHymenopteros_OVIEDO_202310242766"
"Bombus",NA,"pascuorum",NA,"España",NA,"Andarujo",NA,NA,NA,"2007",11,2,NA,NA,"Verónica Gómez","Verónica Gómez",NA,NA,NA,1,NA,NA,NA,"Oviedo Museum",NA,NA,"87_NOCOMPLEXHymenopteros_OVIEDO_202310242767"
"Bombus",NA,"pascuorum/muscorum/humilis",NA,"España",NA,"Andarujo",NA,NA,NA,"2007",11,11,NA,NA,"Verónica Gómez","Verónica Gómez",NA,NA,NA,1,NA,NA,NA,"Oviedo Museum",NA,"Tiene moho","87_NOCOMPLEXHymenopteros_OVIEDO_202310242768"
"Bombus",NA,"pascuorum/muscorum/humilis",NA,"España","Asturias","Salamio",NA,NA,NA,"2008",1,15,NA,NA,"Andrea Arango","Andrea Arango",NA,NA,NA,1,NA,NA,NA,"Oviedo Museum",NA,NA,"87_NOCOMPLEXHymenopteros_OVIEDO_202310242769"
"Bombus",NA,"pascuorum/muscorum/humilis",NA,"España","Asturias","Sotrondio",NA,NA,NA,NA,NA,NA,NA,NA,"Lucía Ania","Lucía Ania",NA,NA,NA,1,NA,NA,NA,"Oviedo Museum",NA,NA,"87_NOCOMPLEXHymenopteros_OVIEDO_202310242770"
"Bombus",NA,"pascuorum",NA,"España","Asturias","El Andarujo",NA,NA,NA,"2007",10,30,NA,NA,"Aladino Díaz","",NA,NA,NA,1,NA,NA,NA,"Oviedo Museum","Jardín",NA,"87_NOCOMPLEXHymenopteros_OVIEDO_202310242771"
"Bombus",NA,"pascuorum",NA,"España","Asturias","Pravia",NA,NA,NA,NA,NA,NA,NA,NA,"Pablo M. P.","Pablo M. P.",NA,NA,NA,1,NA,NA,NA,"Oviedo Museum","Flores","Tiene moho","87_NOCOMPLEXHymenopteros_OVIEDO_202310242772"
"Bombus",NA,"pascuorum/muscorum/humilis",NA,"España","Asturias","Puente de Cornellana",NA,NA,NA,"2005",5,7,NA,NA,"M. Toriello Suárez","M. Toriello Suárez",NA,NA,NA,1,NA,NA,NA,"Oviedo Museum",NA,NA,"87_NOCOMPLEXHymenopteros_OVIEDO_202310242773"
"Bombus",NA,"pascuorum",NA,"España","Asturias","La Peña",NA,NA,NA,NA,NA,NA,NA,NA,"Judith Vidal Fdez","Judith Vidal Fdez",NA,NA,NA,1,NA,NA,NA,"Oviedo Museum",NA,NA,"87_NOCOMPLEXHymenopteros_OVIEDO_202310242774"
"Bombus",NA,"pascuorum/muscorum/humilis",NA,"España","León","Cármenes",NA,NA,NA,"2006",8,10,NA,NA,"Víctor Collar","Víctor Collar",NA,NA,NA,1,NA,NA,NA,"Oviedo Museum","Prado",NA,"87_NOCOMPLEXHymenopteros_OVIEDO_202310242775"
"Bombus",NA,"pascuorum/muscorum/humilis",NA,"España","Asturias","Cancienes",NA,NA,NA,"2005",10,22,NA,NA,"Laura Rancaño Fdez","Laura Rancaño Fdez",NA,NA,NA,1,NA,NA,NA,"Oviedo Museum","Camino",NA,"87_NOCOMPLEXHymenopteros_OVIEDO_202310242776"
"Bombus",NA,"mesomelas",NA,"España","Asturias","Cenera",NA,NA,NA,"2006",2,24,NA,NA,"Laura García","Laura García",NA,NA,NA,1,NA,NA,NA,"Oviedo Museum",NA,NA,"87_NOCOMPLEXHymenopteros_OVIEDO_202310242777"
"Bombus",NA,"pascuorum",NA,"España","Asturias","Mieres",NA,NA,NA,"2008",8,25,NA,NA,"Ana Pérez","Ana Pérez",1,NA,NA,0,NA,NA,NA,"Oviedo Museum",NA,"Tiene moho","87_NOCOMPLEXHymenopteros_OVIEDO_202310242778"
"Bombus",NA,"distinguendus",NA,"España","Asturias","Mieres",NA,NA,NA,"2007",10,18,NA,NA,"Ana Pérez","Ana Pérez",NA,NA,NA,1,NA,NA,NA,"Oviedo Museum",NA,"Tiene moho","87_NOCOMPLEXHymenopteros_OVIEDO_202310242779"
"Bombus",NA,"pascuorum",NA,"España","Burgos","S. Miguel de Cornezuelo",NA,NA,NA,"2006",4,22,NA,NA,"Luz Mª Cano","Luz Mª Cano",NA,NA,NA,1,NA,NA,NA,"Oviedo Museum",NA,NA,"87_NOCOMPLEXHymenopteros_OVIEDO_202310242780"
"Bombus",NA,"pascuorum/muscorum/humilis",NA,"España","Asturias","Llodares",NA,NA,NA,"2008",5,17,NA,NA,"Aida Heras Rguez","Aida Heras Rguez",1,NA,NA,0,NA,NA,NA,"Oviedo Museum","Trébol",NA,"87_NOCOMPLEXHymenopteros_OVIEDO_202310242781"
"Bombus",NA,"terrestris/lucorum",NA,"España","Asturias","Logrezana",NA,NA,NA,"2005",5,7,NA,NA,"Noel López","Noel López",NA,NA,NA,1,NA,NA,NA,"Oviedo Museum",NA,NA,"87_NOCOMPLEXHymenopteros_OVIEDO_202310242782"
"Bombus",NA,"terrestris/lucorum",NA,"España","Asturias","La Pereda",NA,NA,NA,"2006",3,5,NA,NA,"Isaac M. B.","Isaac M. B.",1,NA,NA,0,NA,NA,NA,"Oviedo Museum","Huerta",NA,"87_NOCOMPLEXHymenopteros_OVIEDO_202310242783"
"Bombus",NA,"terrestris/lucorum",NA,"España","Asturias","Luanco",NA,NA,NA,"2006",4,2,NA,NA,"Covadonga Iglesias L.","Covadonga Iglesias L.",NA,NA,NA,1,NA,NA,NA,"Oviedo Museum","Prado",NA,"87_NOCOMPLEXHymenopteros_OVIEDO_202310242784"
"Bombus",NA,"lucorum",NA,"España","Asturias","Luanco",NA,NA,NA,"2006",6,11,NA,NA,"Covadonga Iglesias L.","Covadonga Iglesias L.",1,NA,NA,0,NA,NA,NA,"Oviedo Museum","Prado",NA,"87_NOCOMPLEXHymenopteros_OVIEDO_202310242785"
"Bombus",NA,"terrestris",NA,"España","Asturias","Luarca",NA,NA,NA,NA,NA,NA,NA,NA,"M. A. García Pieda","M. A. García Pieda",NA,NA,NA,1,NA,NA,NA,"Oviedo Museum",NA,NA,"87_NOCOMPLEXHymenopteros_OVIEDO_202310242786"
"Bombus",NA,"terrestris",NA,"España","Asturias","Villar",NA,NA,NA,"1995",10,31,NA,NA,"Joaquín Pérez","Joaquín Pérez",NA,NA,NA,1,NA,NA,NA,"Oviedo Museum",NA,NA,"87_NOCOMPLEXHymenopteros_OVIEDO_202310242787"
"Bombus",NA,"terrestris",NA,"España","Asturias","Salamir",NA,NA,NA,"2006",4,3,NA,NA,"Daniel García Estrada","Daniel García Estrada",NA,NA,NA,1,NA,NA,NA,"Oviedo Museum","Prado",NA,"87_NOCOMPLEXHymenopteros_OVIEDO_202310242788"
"Bombus",NA,"terrestris/lucorum",NA,"España","Asturias","Sevares",NA,NA,NA,"2006",5,17,NA,NA,"Mª Ana Escotet","Mª Ana Escotet",NA,NA,NA,1,NA,NA,NA,"Oviedo Museum","Prado",NA,"87_NOCOMPLEXHymenopteros_OVIEDO_202310242789"
"Bombus",NA,"terrestris",NA,"España","Asturias","Cartavio",NA,NA,NA,"2006",5,21,NA,NA,"Gabino Braña","Gabino Braña",NA,NA,NA,1,NA,NA,NA,"Oviedo Museum","Jardín",NA,"87_NOCOMPLEXHymenopteros_OVIEDO_202310242790"
"Bombus",NA,"terrestris",NA,"España","Asturias","Avilés",NA,NA,NA,"2005",11,28,NA,NA,"Esther Martínez","Esther Puertas",1,NA,NA,0,NA,NA,NA,"Oviedo Museum","Casa",NA,"87_NOCOMPLEXHymenopteros_OVIEDO_202310242791"
"Bombus",NA,"pratorum",NA,"España","Asturias","Lozana",NA,NA,NA,"2005",11,12,NA,NA,"Sara Peri Valle","Sara Peri Valle",NA,NA,NA,1,NA,NA,NA,"Oviedo Museum","Planta",NA,"87_NOCOMPLEXHymenopteros_OVIEDO_202310242792"
"Bombus",NA,"terrestris",NA,"España","Asturias","Cenera",NA,NA,NA,"2005",11,11,NA,NA,"Maximino Manuel Vicente Rodríguez","Maximino Manuel Vicente Rodríguez",1,NA,NA,0,NA,NA,NA,"Oviedo Museum",NA,NA,"87_NOCOMPLEXHymenopteros_OVIEDO_202310242793"
"Bombus",NA,"terrestris",NA,"España","Asturias","Pola de Laviana",NA,NA,NA,"2006",4,9,NA,NA,"P. Buelga","María Buelga",NA,NA,NA,1,NA,NA,NA,"Oviedo Museum","Sobre Tamarix",NA,"87_NOCOMPLEXHymenopteros_OVIEDO_202310242794"
"Bombus",NA,"terrestris/lucorum",NA,"España","Asturias","Mieres",NA,NA,NA,"2005",11,17,NA,NA,"Estefanía García","",NA,NA,NA,1,NA,NA,NA,"Oviedo Museum","Parque",NA,"87_NOCOMPLEXHymenopteros_OVIEDO_202310242795"
"Anthophora",NA,"sp.",NA,"España","Asturias","Rengos",NA,NA,NA,"2006",5,21,NA,NA,"Rubén Hidalgo","Rubén Hidalgo",NA,NA,NA,1,NA,NA,NA,"Oviedo Museum","Pueblo",NA,"87_NOCOMPLEXHymenopteros_OVIEDO_202310242796"
"Bombus",NA,"terrestris/lucorum",NA,"España","Asturias","Avilés",NA,NA,NA,"2005",11,12,NA,NA,"Tamara A. G. Antós Garrote","Tamara A. G.",NA,NA,NA,1,NA,NA,NA,"Oviedo Museum","Prado",NA,"87_NOCOMPLEXHymenopteros_OVIEDO_202310242797"
"Bombus",NA,"sp.",NA,"España","Asturias","La Collada",NA,NA,NA,NA,NA,NA,NA,NA,"M. A. García Pieda","M. A. García Pieda",NA,NA,NA,1,NA,NA,NA,"Oviedo Museum",NA,"Tiene moho","87_NOCOMPLEXHymenopteros_OVIEDO_202310242798"
"Bombus",NA,"pascuorum",NA,"España","Asturias","Pola de Lena",NA,NA,NA,"2006",4,6,NA,NA,"Ana Fdez","Ana Fdez",NA,NA,NA,1,NA,NA,NA,"Oviedo Museum","Jardín",NA,"87_NOCOMPLEXHymenopteros_OVIEDO_202310242799"
"Bombus",NA,"pascuorum",NA,"España","Asturias","La Atalaya",NA,NA,NA,"1991",7,30,NA,NA,"Pedro García-Rovés","",1,NA,NA,0,NA,NA,NA,"Oviedo Museum",NA,NA,"87_NOCOMPLEXHymenopteros_OVIEDO_202310242800"
"Bombus",NA,"pascuorum",NA,"España","Asturias","Cenera",NA,NA,NA,"2005",11,11,NA,NA,"Ariana Vegas Mtnez","Ariana Vegas",NA,NA,NA,1,NA,NA,NA,"Oviedo Museum","Área recreativa","Tiene moho","87_NOCOMPLEXHymenopteros_OVIEDO_202310242801"
"Anthophora",NA,"sp.",NA,"España","Asturias","Luanco",NA,NA,NA,"2006",4,2,NA,NA,"Covadonga Iglesias L.","Covadonga Iglesias L.",NA,NA,NA,1,NA,NA,NA,"Oviedo Museum","Prado",NA,"87_NOCOMPLEXHymenopteros_OVIEDO_202310242802"
"Osmia",NA,"sp.",NA,"España","León","La Virgen del Camino",NA,NA,NA,"1996",7,21,NA,NA,"M. Gutiérrez","M. Gutiérrez",NA,NA,NA,1,NA,NA,NA,"Oviedo Museum",NA,NA,"87_NOCOMPLEXHymenopteros_OVIEDO_202310242803"
"Apis",NA,"mellifera",NA,"España","Asturias","Quintes",NA,NA,NA,"1996",7,8,NA,NA,"J. M. Cano Arias","J. M. Cano Arias",NA,NA,NA,1,NA,NA,NA,"Oviedo Museum",NA,NA,"87_NOCOMPLEXHymenopteros_OVIEDO_202310242804"
"Apis",NA,"mellifera",NA,"España","Asturias","Llanera",NA,NA,NA,"1980",9,12,NA,NA,"Ana Quero","",NA,NA,NA,1,NA,NA,NA,"Oviedo Museum",NA,NA,"87_NOCOMPLEXHymenopteros_OVIEDO_202310242805"
"Apis",NA,"mellifera",NA,"España","Asturias","Viescas",NA,NA,NA,"2002",11,9,NA,NA,"Hilda Lamar","Hilda Lamar",NA,NA,NA,1,NA,NA,NA,"Oviedo Museum",NA,NA,"87_NOCOMPLEXHymenopteros_OVIEDO_202310242806"
"Andrena",NA,"sp.",NA,"España","Asturias","Castañedo",NA,NA,NA,"2004",1,15,NA,NA,"Jorge Suárez","Jorge Suárez",NA,NA,NA,1,NA,NA,NA,"Oviedo Museum","Prado",NA,"87_NOCOMPLEXHymenopteros_OVIEDO_202310242807"
"Apis",NA,"mellifera",NA,"España","Asturias","El Cristo (Oviedo)",NA,NA,NA,"1998",5,5,NA,NA,"R. Olalla","R. Olalla",NA,NA,NA,1,NA,NA,NA,"Oviedo Museum",NA,NA,"87_NOCOMPLEXHymenopteros_OVIEDO_202310242808"
"Apis",NA,"mellifera",NA,"España","Asturias","Los Maizales",NA,NA,NA,"1997",10,4,NA,NA,"Mª José Sierra","Mª José Sierra",NA,NA,NA,1,NA,NA,NA,"Oviedo Museum",NA,NA,"87_NOCOMPLEXHymenopteros_OVIEDO_202310242809"
"Apis",NA,"mellifera",NA,"España","Asturias","Torazo",NA,NA,NA,"1997",5,25,NA,NA,"Yolanda Corripio","D. de Martino",NA,NA,NA,1,NA,NA,NA,"Oviedo Museum",NA,NA,"87_NOCOMPLEXHymenopteros_OVIEDO_202310242810"
"Apis",NA,"mellifera",NA,"España","Asturias","Susacasa (Nembro)",NA,NA,NA,"1997",7,23,NA,NA,"Rocío Rosa García","Rocío Rosa García",NA,NA,NA,1,NA,NA,NA,"Oviedo Museum",NA,NA,"87_NOCOMPLEXHymenopteros_OVIEDO_202310242811"
"Anthophora",NA,"sp.",NA,"España","Asturias","Lledías",NA,NA,NA,"1998",4,6,NA,NA,"Mª José Llera","Marco A. Varela",NA,NA,NA,1,NA,NA,NA,"Oviedo Museum",NA,NA,"87_NOCOMPLEXHymenopteros_OVIEDO_202310242812"
"Apis",NA,"mellifera",NA,"España","Asturias","Valliniello",NA,NA,NA,"2004",8,7,NA,NA,"Manuel Hdez","Manuel Hdez",NA,NA,NA,1,NA,NA,NA,"Oviedo Museum","Prado",NA,"87_NOCOMPLEXHymenopteros_OVIEDO_202310242813"
"Apis",NA,"mellifera",NA,"España","Asturias","Área recreativa \"El Cantu\"",NA,NA,NA,"2002",10,25,NA,NA,"Elena Vidal García","Elena Vidal García",NA,NA,NA,1,NA,NA,NA,"Oviedo Museum","Área recreativa",NA,"87_NOCOMPLEXHymenopteros_OVIEDO_202310242814"
"Apis",NA,"mellifera",NA,"España","Asturias","Cenera",NA,NA,NA,"2003",10,24,NA,NA,"A. Anadón","",NA,NA,NA,1,NA,NA,NA,"Oviedo Museum","Prado",NA,"87_NOCOMPLEXHymenopteros_OVIEDO_202310242815"
"Apis",NA,"mellifera",NA,"España","Asturias","Oviedo",NA,NA,NA,"2003",10,11,NA,NA,"Zaida Fdez López","Zaida Fdez López",NA,NA,NA,1,NA,NA,NA,"Oviedo Museum","Flor",NA,"87_NOCOMPLEXHymenopteros_OVIEDO_202310242816"
"Apis",NA,"mellifera",NA,"España","Asturias","Limés",NA,NA,NA,"2002",11,20,NA,NA,"Víctor Ml. Martínez","Víctor Ml. Martínez",NA,NA,NA,1,NA,NA,NA,"Oviedo Museum","Prado",NA,"87_NOCOMPLEXHymenopteros_OVIEDO_202310242817"
"Colletes",NA,"sp.",NA,"España","Asturias","Granda",NA,NA,NA,"1996",5,10,NA,NA,"C. A. Pola","C. A. Pola",1,NA,NA,0,NA,NA,NA,"Oviedo Museum",NA,NA,"87_NOCOMPLEXHymenopteros_OVIEDO_202310242818"
"Apis",NA,"mellifera",NA,"España","Asturias","Latores",NA,NA,NA,"1998",5,7,NA,NA,"Miguel López","Miguel López",NA,NA,NA,1,NA,NA,NA,"Oviedo Museum",NA,NA,"87_NOCOMPLEXHymenopteros_OVIEDO_202310242819"
"Apis",NA,"mellifera",NA,"España","Asturias","Luarca",NA,NA,NA,"1996",10,22,NA,NA,"M. T. Vázquez","M. T. Vázquez",NA,NA,NA,1,NA,NA,NA,"Oviedo Museum",NA,NA,"87_NOCOMPLEXHymenopteros_OVIEDO_202310242820"
"Apis",NA,"mellifera",NA,"España","Asturias","Grado",NA,NA,NA,"1997",4,7,NA,NA,"Alicia Polledo","Juan Luengo",NA,1,NA,0,NA,NA,NA,"Oviedo Museum",NA,NA,"87_NOCOMPLEXHymenopteros_OVIEDO_202310242821"
"Apis",NA,"mellifera",NA,"España","Asturias","Pte los Fierros",NA,NA,NA,"2003",11,3,NA,NA,"Marcos Revilla","Marcos Revilla",NA,NA,NA,1,NA,NA,NA,"Oviedo Museum","Prado",NA,"87_NOCOMPLEXHymenopteros_OVIEDO_202310242822"
"Apis",NA,"mellifera",NA,"España","Asturias","Baiña",NA,NA,NA,"2004",6,1,NA,NA,"Ignacio Ocio","Ignacio Ocio",NA,NA,NA,1,NA,NA,NA,"Oviedo Museum","Panal",NA,"87_NOCOMPLEXHymenopteros_OVIEDO_202310242823"
"Apis",NA,"mellifera",NA,"España","Asturias","Fonciello",NA,NA,NA,"2003",10,3,NA,NA,"M. Loredo Prado","M. Loredo Prado",NA,NA,NA,1,NA,NA,NA,"Oviedo Museum",NA,NA,"87_NOCOMPLEXHymenopteros_OVIEDO_202310242824"
"Apis",NA,"mellifera",NA,"España","Asturias","Lieres",NA,NA,NA,"2002",12,8,NA,NA,"Astor Toraño Caicoya","Graciela Rosal Palacio",NA,NA,NA,1,NA,NA,NA,"Oviedo Museum","Sótano",NA,"87_NOCOMPLEXHymenopteros_OVIEDO_202310242825"
"Apis",NA,"mellifera",NA,"España","Asturias","Porceyo",NA,NA,NA,"1997",7,26,NA,NA,"Ana Camín Vallín","Ana Camín Vallín",NA,NA,NA,1,NA,NA,NA,"Oviedo Museum",NA,"Tiene moho","87_NOCOMPLEXHymenopteros_OVIEDO_202310242826"
"Apis",NA,"mellifera",NA,"España","Asturias","Ques (Infiesto)",NA,NA,NA,"1997",7,15,NA,NA,"C. Fdez Cernuda Díaz","L. Veiga Díaz",NA,NA,NA,1,NA,NA,NA,"Oviedo Museum",NA,NA,"87_NOCOMPLEXHymenopteros_OVIEDO_202310242827"
"Apis",NA,"mellifera",NA,"España","Asturias","Somió",NA,NA,NA,"1997",7,17,NA,NA,"Vanesa A. Faes","Vanesa A. Faes",NA,NA,NA,1,NA,NA,NA,"Oviedo Museum",NA,NA,"87_NOCOMPLEXHymenopteros_OVIEDO_202310242828"
"Apis",NA,"mellifera",NA,"España","Asturias","Avilés",NA,NA,NA,NA,NA,NA,NA,NA,"Consuelo Fdez","Patricia Mdez",NA,1,NA,0,NA,NA,NA,"Oviedo Museum",NA,NA,"87_NOCOMPLEXHymenopteros_OVIEDO_202310242829"
"Apis",NA,"mellifera",NA,"España","Asturias","Castañedo",NA,NA,NA,"2003",12,4,NA,NA,"Jorge Suárez","Jorge Suárez",NA,NA,NA,1,NA,NA,NA,"Oviedo Museum",NA,"Tiene moho","87_NOCOMPLEXHymenopteros_OVIEDO_202310242830"
"Apis",NA,"mellifera",NA,"España","Asturias","Ujo",NA,NA,NA,"2003",8,25,NA,NA,"Ángela Alonso","Ángela Alonso",NA,NA,NA,1,NA,NA,NA,"Oviedo Museum","Pradera",NA,"87_NOCOMPLEXHymenopteros_OVIEDO_202310242831"
"Apis",NA,"mellifera",NA,"España","Asturias","Cenera",NA,NA,NA,"2002",10,25,NA,NA,"Graciela Rosal Palacio","Graciela Rosal Palacio",NA,NA,NA,1,NA,NA,NA,"Oviedo Museum","Prado",NA,"87_NOCOMPLEXHymenopteros_OVIEDO_202310242832"
"Apis",NA,"mellifera",NA,"España","Asturias","Castañera",NA,NA,NA,"2003",12,21,NA,NA,"Lorena Cubillas","Lorena Cubillas",NA,NA,NA,1,NA,NA,NA,"Oviedo Museum",NA,NA,"87_NOCOMPLEXHymenopteros_OVIEDO_202310242833"
"Apis",NA,"mellifera",NA,"España","Asturias","Luarca",NA,NA,NA,"1996",10,22,NA,NA,"Carmen Gutiérrez","Carmen Gutiérrez",NA,NA,NA,1,NA,NA,NA,"Oviedo Museum",NA,NA,"87_NOCOMPLEXHymenopteros_OVIEDO_202310242834"
"Apis",NA,"mellifera",NA,"España","Asturias","Mieres",NA,NA,NA,"1997",3,3,NA,NA,"María Lamelas","María Lamelas",NA,NA,NA,1,NA,NA,NA,"Oviedo Museum",NA,NA,"87_NOCOMPLEXHymenopteros_OVIEDO_202310242835"
"Apis",NA,"mellifera",NA,"España","Asturias","Pruvia de Arriba",NA,NA,NA,"1998",4,18,NA,NA,"Marco A. Varela","Marco A. Varela",NA,NA,NA,1,NA,NA,NA,"Oviedo Museum",NA,NA,"87_NOCOMPLEXHymenopteros_OVIEDO_202310242836"
"Andrena",NA,"sp.",NA,"España",NA,"La Isla",NA,NA,NA,NA,NA,NA,NA,NA,"José A. Isla","José A. Isla",NA,NA,NA,1,NA,NA,NA,"Oviedo Museum",NA,NA,"87_NOCOMPLEXHymenopteros_OVIEDO_202310242837"
"Apis",NA,"mellifera",NA,"España","Asturias","Cenera",NA,NA,NA,"2002",10,25,NA,NA,"Daniel Glez","Daniel González",NA,NA,NA,1,NA,NA,NA,"Oviedo Museum","Pradera",NA,"87_NOCOMPLEXHymenopteros_OVIEDO_202310242838"
"Apis",NA,"mellifera",NA,"España","Asturias","Oviedo",NA,NA,NA,"2002",12,15,NA,NA,"María Gayol","María Gayol V.",NA,NA,NA,1,NA,NA,NA,"Oviedo Museum",NA,NA,"87_NOCOMPLEXHymenopteros_OVIEDO_202310242839"
"Apis",NA,"mellifera",NA,"España","Asturias","Mieres",NA,NA,NA,"2002",10,25,NA,NA,"Ana Fdez Ordiz","Ana Fdez Ordiz",NA,NA,NA,1,NA,NA,NA,"Oviedo Museum",NA,NA,"87_NOCOMPLEXHymenopteros_OVIEDO_202310242840"
"Apis",NA,"mellifera",NA,"España","Asturias","Cenera",NA,NA,NA,"2002",10,25,NA,NA,"Astor Toraño","Astor Toraño",NA,NA,NA,1,NA,NA,NA,"Oviedo Museum","Pradera",NA,"87_NOCOMPLEXHymenopteros_OVIEDO_202310242841"
"Apis",NA,"mellifera",NA,"España","Asturias","La Fresneda",NA,NA,NA,"2005",11,3,NA,NA,"Lucía Fdez","Lucía Fernández",NA,NA,NA,1,NA,NA,NA,"Oviedo Museum","Lugar cerrado",NA,"87_NOCOMPLEXHymenopteros_OVIEDO_202310242842"
"Apis",NA,"mellifera",NA,"España","Cantabria","Vargas",NA,NA,NA,"1996",7,22,NA,NA,"Sara C. V.","Sara C. V.",NA,NA,NA,1,NA,NA,NA,"Oviedo Museum",NA,NA,"87_NOCOMPLEXHymenopteros_OVIEDO_202310242843"
"Apis",NA,"mellifera",NA,"España","Asturias","Cangas del Narcea",NA,NA,NA,NA,NA,NA,NA,NA,"María P. Mora","María P. Mora",NA,NA,NA,1,NA,NA,NA,"Oviedo Museum",NA,NA,"87_NOCOMPLEXHymenopteros_OVIEDO_202310242844"
"Apis",NA,"mellifera",NA,"España","Cantabria","La Cueva",NA,NA,NA,NA,NA,NA,NA,NA,"H. Glez Schez","H. Glez Schez",NA,NA,NA,1,NA,NA,NA,"Oviedo Museum",NA,NA,"87_NOCOMPLEXHymenopteros_OVIEDO_202310242845"
"Apis",NA,"mellifera",NA,"España","Asturias","Las Xanas",NA,NA,NA,"1996",3,13,NA,NA,"Isabel Mojardin","Isabel Mojardin",NA,NA,NA,1,NA,NA,NA,"Oviedo Museum",NA,NA,"87_NOCOMPLEXHymenopteros_OVIEDO_202310242846"
"Apis",NA,"mellifera",NA,"España","Asturias","La Faidosa",NA,NA,NA,"2003",12,29,NA,NA,"Lorena Fuentes","Lorena Fuentes",NA,NA,NA,1,NA,NA,NA,"Oviedo Museum",NA,NA,"87_NOCOMPLEXHymenopteros_OVIEDO_202310242847"
"Apis",NA,"mellifera",NA,"España","Asturias","Sieres (Borines)",NA,NA,NA,"2004",4,8,NA,NA,"Lucía Huerta","Lucía Huerta",NA,NA,NA,1,NA,NA,NA,"Oviedo Museum",NA,NA,"87_NOCOMPLEXHymenopteros_OVIEDO_202310242848"
"Apis",NA,"mellifera",NA,"España","Asturias","Illano",NA,NA,NA,"2002",12,7,NA,NA,"Carlos López","Ángela Sánchez",NA,NA,NA,1,NA,NA,NA,"Oviedo Museum","Prado",NA,"87_NOCOMPLEXHymenopteros_OVIEDO_202310242849"
"Apis",NA,"mellifera",NA,"España","Asturias","Oviedo",NA,NA,NA,"2002",10,23,NA,NA,"Carlos López López","Carlos López López",NA,NA,NA,1,NA,NA,NA,"Oviedo Museum","Sobre flores",NA,"87_NOCOMPLEXHymenopteros_OVIEDO_202310242850"
"Apis",NA,"mellifera",NA,"España","Asturias","Granda",NA,NA,NA,NA,NA,NA,NA,NA,"Arturo Madera","Arturo Madera",NA,NA,NA,1,NA,NA,NA,"Oviedo Museum",NA,NA,"87_NOCOMPLEXHymenopteros_OVIEDO_202310242851"
"Apis",NA,"mellifera",NA,"España","Asturias","Cabueñes",NA,NA,NA,NA,NA,NA,NA,NA,"J. L. L. Castaño","J. L. L. Castaño",NA,NA,NA,1,NA,NA,NA,"Oviedo Museum",NA,NA,"87_NOCOMPLEXHymenopteros_OVIEDO_202310242852"
"Apis",NA,"mellifera",NA,"España","Cantabria","Liencres",NA,NA,NA,NA,NA,NA,NA,NA,"Juan Gómez","J. Gómez Navedo",NA,NA,NA,1,NA,NA,NA,"Oviedo Museum",NA,NA,"87_NOCOMPLEXHymenopteros_OVIEDO_202310242853"
"Apis",NA,"mellifera",NA,"España",NA,"La Isla",NA,NA,NA,NA,NA,NA,NA,NA,"José A. Isla","José A. Isla",NA,NA,NA,1,NA,NA,NA,"Oviedo Museum",NA,NA,"87_NOCOMPLEXHymenopteros_OVIEDO_202310242854"
"Apis",NA,"mellifera",NA,"España","Asturias","La Collada",NA,NA,NA,"2003",10,17,NA,NA,"V. Fdez Campos","V. Fdez Campos",NA,NA,NA,1,NA,NA,NA,"Oviedo Museum",NA,NA,"87_NOCOMPLEXHymenopteros_OVIEDO_202310242855"
"Apis",NA,"mellifera",NA,"España","Asturias","Cenera",NA,NA,NA,"2002",10,25,NA,NA,"Yohana López","Yohana López",NA,NA,NA,1,NA,NA,NA,"Oviedo Museum",NA,NA,"87_NOCOMPLEXHymenopteros_OVIEDO_202310242856"
"Apis",NA,"mellifera",NA,"España","Asturias","Cenera",NA,NA,NA,"2002",10,22,NA,NA,"Elena Álvarez Noriega","Elena Álvarez Noriega",NA,NA,NA,1,NA,NA,NA,"Oviedo Museum",NA,NA,"87_NOCOMPLEXHymenopteros_OVIEDO_202310242857"
"Apis",NA,"mellifera",NA,"España","Asturias","Mieres",NA,NA,NA,"2009",3,20,NA,NA,"Pablo Fdez García","Pablo Fdez García",NA,NA,NA,1,NA,NA,NA,"Oviedo Museum",NA,NA,"87_NOCOMPLEXHymenopteros_OVIEDO_202310242858"
"Apis",NA,"mellifera",NA,"España","Asturias","Pura Tomás (Oviedo)",NA,NA,NA,"1996",10,13,NA,NA,"Presen Ordiérez","Silvia Vega O.",NA,NA,NA,1,NA,NA,NA,"Oviedo Museum",NA,NA,"87_NOCOMPLEXHymenopteros_OVIEDO_202310242859"
"Apis",NA,"mellifera",NA,"España","Cantabria","Villanueva de Villaescusa",NA,NA,NA,NA,NA,NA,NA,NA,"Mª Jesús Gonzalo","Marta Pascual",NA,NA,NA,1,NA,NA,NA,"Oviedo Museum",NA,NA,"87_NOCOMPLEXHymenopteros_OVIEDO_202310242860"
"Apis",NA,"mellifera",NA,"España","Asturias","Pancar",NA,NA,NA,"1996",5,6,NA,NA,"J. A. García Fuertes","J. A. García Fuertes",NA,NA,NA,1,NA,NA,NA,"Oviedo Museum",NA,NA,"87_NOCOMPLEXHymenopteros_OVIEDO_202310242861"
"Apis",NA,"mellifera",NA,"España","Cantabria","Santiago de Cartes",NA,NA,NA,"1996",9,21,NA,NA,"Gerardo Merino","",NA,NA,NA,1,NA,NA,NA,"Oviedo Museum",NA,"Creo que tiene moho","87_NOCOMPLEXHymenopteros_OVIEDO_202310242862"
"Apis",NA,"mellifera",NA,"España","Asturias","Infiesto",NA,NA,NA,"2002",10,27,NA,NA,"María Lobo","María Lobo",NA,NA,NA,1,NA,NA,NA,"Oviedo Museum","En una terraza",NA,"87_NOCOMPLEXHymenopteros_OVIEDO_202310242863"
"Apis",NA,"mellifera",NA,"España","Asturias","Villar (Luarca)",NA,NA,NA,NA,NA,NA,NA,NA,"J. L. Ortiz Suárez","J. L. Ortiz Suárez",NA,NA,NA,1,NA,NA,NA,"Oviedo Museum",NA,NA,"87_NOCOMPLEXHymenopteros_OVIEDO_202310242864"
"Apis",NA,"mellifera",NA,"España","Asturias","Cenera",NA,NA,NA,"2002",10,25,NA,NA,"Rocío Díaz Álvarez","Rocío Díaz Álvarez",NA,NA,NA,1,NA,NA,NA,"Oviedo Museum","Prado",NA,"87_NOCOMPLEXHymenopteros_OVIEDO_202310242865"
"Apis",NA,"mellifera",NA,"España","Asturias","Valle de Cenera",NA,NA,NA,"2002",10,25,NA,NA,"Gabriela Fdez-Mata","G. Fdez-Mata",NA,NA,NA,1,NA,NA,NA,"Oviedo Museum",NA,NA,"87_NOCOMPLEXHymenopteros_OVIEDO_202310242866"
"Apis",NA,"mellifera",NA,"España","Asturias","Blimea",NA,NA,NA,"2003",1,24,NA,NA,"Elisa García Alegre","Elisa García Alegre",NA,NA,NA,1,NA,NA,NA,"Oviedo Museum","Prado",NA,"87_NOCOMPLEXHymenopteros_OVIEDO_202310242867"
"Apis",NA,"mellifera",NA,"España","Asturias","La Peral",NA,NA,NA,"1997",5,9,NA,NA,"C. Rguez del Valle","C. Rguez del Valle",NA,NA,NA,1,NA,NA,NA,"Oviedo Museum",NA,NA,"87_NOCOMPLEXHymenopteros_OVIEDO_202310242868"
"Apis",NA,"mellifera",NA,"España","Asturias","Luarca",NA,NA,NA,"1996",10,22,NA,NA,"Felipe Glez","Felipe Glez",NA,NA,NA,1,NA,NA,NA,"Oviedo Museum",NA,NA,"87_NOCOMPLEXHymenopteros_OVIEDO_202310242869"
"Apis",NA,"mellifera",NA,"España","Asturias","Posada de Llanera",NA,NA,NA,"1995",11,17,NA,NA,"Juan M. Mateos","Juan M. Mateos",NA,NA,NA,1,NA,NA,NA,"Oviedo Museum",NA,"Tiene moho","87_NOCOMPLEXHymenopteros_OVIEDO_202310242870"
"Apis",NA,"mellifera",NA,"España","Asturias","Cenera",NA,NA,NA,"2002",10,25,NA,NA,"A. Mtnez Díaz","A. Mtnez Díaz",NA,NA,NA,1,NA,NA,NA,"Oviedo Museum","Área recreativa",NA,"87_NOCOMPLEXHymenopteros_OVIEDO_202310242871"
"Apis",NA,"mellifera",NA,"España","Asturias","Latores",NA,NA,NA,NA,NA,NA,NA,NA,"David Muñoz Martínez","David Muñoz",NA,NA,NA,1,NA,NA,NA,"Oviedo Museum",NA,NA,"87_NOCOMPLEXHymenopteros_OVIEDO_202310242872"
"Apis",NA,"mellifera",NA,"España","Asturias","Maizales",NA,NA,NA,"1997",10,4,NA,NA,"Laura R. G.","Laura R. G.",NA,NA,NA,1,NA,NA,NA,"Oviedo Museum",NA,NA,"87_NOCOMPLEXHymenopteros_OVIEDO_202310242873"
"Apis",NA,"mellifera",NA,"España","Asturias","Luarca",NA,NA,NA,"1998",5,7,NA,NA,"Mario Busto","Mario Busto",NA,NA,NA,1,NA,NA,NA,"Oviedo Museum",NA,NA,"87_NOCOMPLEXHymenopteros_OVIEDO_202310242874"
"Apis",NA,"mellifera",NA,"España","Asturias","Avilés",NA,NA,NA,"1996",6,10,NA,NA,"S. Álvarez Estrada","S. Álvarez Estrada",NA,NA,NA,1,NA,NA,NA,"Oviedo Museum",NA,NA,"87_NOCOMPLEXHymenopteros_OVIEDO_202310242875"
"Apis",NA,"mellifera",NA,"España","Asturias","Luarca",NA,NA,NA,"1996",10,23,NA,NA,"M. Barona","M. Barona",NA,NA,NA,1,NA,NA,NA,"Oviedo Museum",NA,NA,"87_NOCOMPLEXHymenopteros_OVIEDO_202310242876"
"Apis",NA,"mellifera",NA,"España","Cantabria","Las Lavias",NA,NA,NA,"1995",8,4,NA,NA,"Ana Quero","R. Ordiales",NA,NA,NA,1,NA,NA,NA,"Oviedo Museum",NA,NA,"87_NOCOMPLEXHymenopteros_OVIEDO_202310242877"
"Apis",NA,"mellifera",NA,"España","Asturias","Porceyo",NA,NA,NA,"1995",7,16,NA,NA,"Fernando Fdez. Alv.","Fernando Fdez. Alv.",NA,NA,NA,1,NA,NA,NA,"Oviedo Museum",NA,NA,"87_NOCOMPLEXHymenopteros_OVIEDO_202310242878"
"Apis",NA,"mellifera",NA,"España","Asturias","Caldones",NA,NA,NA,"1998",8,28,NA,NA,"P. A. Álvarez","P. A. Álvarez",NA,NA,NA,1,NA,NA,NA,"Oviedo Museum",NA,NA,"87_NOCOMPLEXHymenopteros_OVIEDO_202310242879"
"Apis",NA,"mellifera",NA,"España","Asturias","Castiello",NA,NA,NA,"1998",5,17,NA,NA,"Nieves Rdgz","Nieves Rdgz García",NA,NA,NA,1,NA,NA,NA,"Oviedo Museum",NA,NA,"87_NOCOMPLEXHymenopteros_OVIEDO_202310242880"
"Apis",NA,"mellifera",NA,"España","Asturias","Fresnedo",NA,NA,NA,"1997",6,14,NA,NA,"Vitor X. Melero","Vitor X. Melero",NA,NA,NA,1,NA,NA,NA,"Oviedo Museum",NA,NA,"87_NOCOMPLEXHymenopteros_OVIEDO_202310242881"
"Apis",NA,"mellifera",NA,"España","Asturias","Mieres",NA,NA,NA,"2005",11,21,NA,NA,"Covadonga Iglesias L.","Covadonga Iglesias L.",NA,NA,NA,1,NA,NA,NA,"Oviedo Museum","Prado",NA,"87_NOCOMPLEXHymenopteros_OVIEDO_202310242882"
"Melecta",NA,"luctousa",NA,"España","Asturias","Cuyences",NA,NA,NA,"1996",6,14,NA,NA,"M. Cabal","S. Domínguez",NA,NA,NA,1,NA,NA,NA,"Oviedo Museum",NA,NA,"87_NOCOMPLEXHymenopteros_OVIEDO_202310242883"
"Andrena",NA,"sp.",NA,"España","Asturias","Mieres",NA,NA,NA,NA,NA,NA,NA,NA,"Carmen Viesca","Carmen Viesca",NA,NA,NA,1,NA,NA,NA,"Oviedo Museum","Calle",NA,"87_NOCOMPLEXHymenopteros_OVIEDO_202310242884"
"Andrena",NA,"sp.",NA,"España","Asturias","Luarca",NA,NA,NA,"1996",10,22,NA,NA,"M. T. Vázquez","M. T. Vázquez",NA,NA,NA,1,NA,NA,NA,"Oviedo Museum",NA,NA,"87_NOCOMPLEXHymenopteros_OVIEDO_202310242885"
"Bombus",NA,"hortorum",NA,"España","Asturias","Cazo",NA,NA,NA,"2004",8,19,NA,NA,"D. Outomuro","D. Outomuro",NA,1,NA,0,NA,NA,NA,"Oviedo Museum",NA,NA,"87_NOCOMPLEXHymenopteros_OVIEDO_202310242886"
"Bombus",NA,"terrestris",NA,"España","Asturias","Candas",NA,NA,NA,"2010",10,7,NA,NA,"María Fuentes","Eladio Méndez",NA,NA,NA,1,NA,NA,NA,"Oviedo Museum",NA,NA,"87_NOCOMPLEXHymenopteros_OVIEDO_202310242887"
"Bombus",NA,"terrestris",NA,"España","Asturias","Somió",NA,NA,NA,"2011",6,18,NA,NA,"Álvaro Palacio","Álvaro Palacio",NA,NA,NA,1,NA,NA,NA,"Oviedo Museum",NA,NA,"87_NOCOMPLEXHymenopteros_OVIEDO_202310242888"
"Bombus",NA,"pascuorum",NA,"España","Asturias","Cazo",NA,NA,NA,"2004",8,16,NA,NA,"D. Outomuro","D. Outomuro",NA,1,NA,0,NA,NA,NA,"Oviedo Museum",NA,NA,"87_NOCOMPLEXHymenopteros_OVIEDO_202310242889"
"Andrena",NA,"hattorfiana",NA,"España","Asturias","Somió",NA,NA,NA,"2011",6,18,NA,NA,"Álvaro Palacio","Álvaro Palacio",NA,NA,NA,1,NA,NA,NA,"Oviedo Museum",NA,NA,"87_NOCOMPLEXHymenopteros_OVIEDO_202310242890"
"Apis",NA,"mellifera",NA,"España","Asturias","Cangas de Narcea",NA,NA,NA,"2011",3,11,NA,NA,"Lucas Fdez","Lucas Fdez",NA,NA,NA,1,NA,NA,NA,"Oviedo Museum","Casa",NA,"87_NOCOMPLEXHymenopteros_OVIEDO_202310242891"
"Apis",NA,"mellifera",NA,"España","Asturias","Cazo",NA,NA,NA,"2004",8,14,NA,NA,"D. Outomuro","D. Outomuro",NA,NA,NA,1,NA,NA,NA,"Oviedo Museum",NA,NA,"87_NOCOMPLEXHymenopteros_OVIEDO_202310242892"
"Apis",NA,"mellifera",NA,"España","Asturias","Cangas del Narcea",NA,NA,NA,"2011",6,15,NA,NA,"Higinio Acevedo Lago","Higinio Acevedo Lago",NA,1,NA,0,NA,NA,NA,"Oviedo Museum",NA,NA,"87_NOCOMPLEXHymenopteros_OVIEDO_202310242893"
"Andrena",NA,"sp.",NA,"España","Asturias","Nava",NA,NA,NA,NA,NA,NA,NA,NA,"Aroa Faz","",NA,NA,NA,1,NA,NA,NA,"Oviedo Museum",NA,NA,"87_NOCOMPLEXHymenopteros_OVIEDO_202310242894"
"Apis",NA,"mellifera",NA,"España","Asturias","Cangas del Narcea",NA,NA,NA,"2011",6,15,NA,NA,"Higinio Acevedo Lago","Higinio Acevedo Lago",NA,1,NA,0,NA,NA,NA,"Oviedo Museum",NA,NA,"87_NOCOMPLEXHymenopteros_OVIEDO_202310242895"
"Bombus",NA,"terrestris",NA,"España","Asturias","Cangas del Narcea",NA,NA,NA,"2011",4,20,NA,NA,"Lucas Fdez","Lucas Fdez",NA,NA,NA,1,NA,NA,NA,"Oviedo Museum","Campo",NA,"87_NOCOMPLEXHymenopteros_OVIEDO_202310242896"
"Apis",NA,"mellifera",NA,"España","Asturias","El Fondón (San Justo9",NA,NA,NA,"2009",3,22,NA,NA,"Emilio de Vicente","Reyes de Vicente",NA,NA,NA,1,NA,NA,NA,"Oviedo Museum",NA,NA,"87_NOCOMPLEXHymenopteros_OVIEDO_202310242897"
"Apis",NA,"mellifera",NA,"España","Asturias","Carraspientes",NA,NA,NA,"2010",11,2,NA,NA,"Eladio Méndez","Eladio Méndez",NA,NA,NA,1,NA,NA,NA,"Oviedo Museum",NA,NA,"87_NOCOMPLEXHymenopteros_OVIEDO_202310242898"
"Apis",NA,"mellifera",NA,"España","Asturias","Cangas del Narcea",NA,NA,NA,"2011",6,20,NA,NA,"Higinio Acevedo Lago","Higinio Acevedo Lago",NA,NA,NA,1,NA,NA,NA,"Oviedo Museum",NA,NA,"87_NOCOMPLEXHymenopteros_OVIEDO_202310242899"
"Apis",NA,"mellifera",NA,"España","Asturias","Castropol",NA,NA,NA,"2010",9,18,NA,NA,"Margarita Lpz","Margarita Lpz",NA,NA,NA,1,NA,NA,NA,"Oviedo Museum","Prado",NA,"87_NOCOMPLEXHymenopteros_OVIEDO_202310242900"
"Xylocopa",NA,"violacea",NA,"España","Álava","Zuazo de Cuartango",NA,NA,NA,"1995",7,6,NA,NA,"R. Ocharan","R. Ocharan",NA,NA,NA,1,NA,NA,NA,"Oviedo Museum",NA,"Tiene moho","87_NOCOMPLEXHymenopteros_OVIEDO_202310242901"
"Dioxys",NA,"tridentata",NA,"España","Álava","Arriano",NA,NA,NA,"1995",7,4,NA,NA,"R. Ocharan","R. Ocharan",NA,NA,NA,1,NA,NA,NA,"Oviedo Museum",NA,NA,"87_NOCOMPLEXHymenopteros_OVIEDO_202310242902"
"Apis",NA,"mellifera",NA,"España","Asturias","Villar (Luarca)",NA,NA,NA,"1994",10,27,NA,NA,"Marian G.","Puri Pérez",NA,NA,NA,1,NA,NA,NA,"Oviedo Museum",NA,NA,"87_NOCOMPLEXHymenopteros_OVIEDO_202310242903"
NA,NA,NA,NA,"España","Asturias","Monte la Parte",NA,NA,NA,"1994",9,4,NA,NA,"J. C. Fdez Rguez","J. C. Fdez Rguez",NA,NA,NA,1,NA,NA,NA,"Oviedo Museum",NA,NA,"87_NOCOMPLEXHymenopteros_OVIEDO_202310242904"
"Bombus",NA,"terrestris",NA,"España","Asturias","Mieres",NA,NA,NA,"1981",3,24,NA,NA,"A. Abril","M. F. Velasco",NA,NA,NA,1,NA,NA,NA,"Oviedo Museum","Prado",NA,"87_NOCOMPLEXHymenopteros_OVIEDO_202310242905"
"Apis",NA,"mellifera",NA,"España","Asturias","Cancienes",NA,NA,NA,"1983",5,30,NA,NA,"Alberto Vega","",NA,NA,NA,1,NA,NA,NA,"Oviedo Museum","Monte bajo","Tiene moho","87_NOCOMPLEXHymenopteros_OVIEDO_202310242906"
"Apis",NA,"mellifera",NA,"España","Asturias","Porceyo",NA,NA,NA,"1996",5,14,NA,NA,"Mª Teresa Mieres Valdés","Mª Teresa Mieres Valdés",NA,NA,NA,1,NA,NA,NA,"Oviedo Museum",NA,NA,"87_NOCOMPLEXHymenopteros_OVIEDO_202310242907"
"Bombus",NA,"terrestris",NA,"España","Asturias","Tragamón (Gijón)",NA,NA,NA,"1994",10,13,NA,NA,"M. J. L. B.","M. J. L. B.",NA,NA,NA,1,NA,NA,NA,"Oviedo Museum","Sebe",NA,"87_NOCOMPLEXHymenopteros_OVIEDO_202310242908"
"Bombus",NA,"terrestris",NA,"España","Asturias","Posada",NA,NA,NA,"1975",3,7,NA,NA,"Mª Jesús Fdez Suárez","",1,NA,NA,0,NA,NA,NA,"Oviedo Museum",NA,"Tiene una pata rota","87_NOCOMPLEXHymenopteros_OVIEDO_202310242909"
"Apis",NA,"mellifera",NA,"España","Asturias","Oviedo",NA,NA,NA,"1986",5,9,NA,NA,"Antonio Galán","Antonio Galán",NA,NA,NA,1,NA,NA,NA,"Oviedo Museum","Charca",NA,"87_NOCOMPLEXHymenopteros_OVIEDO_202310242910"
"Bombus",NA,"terrestris",NA,"España","Cantabria","Las Presillas",NA,NA,NA,"1976",4,18,NA,NA,"L. Ceballos","",1,NA,NA,0,NA,NA,NA,"Oviedo Museum",NA,NA,"87_NOCOMPLEXHymenopteros_OVIEDO_202310242911"
"Bombus",NA,"hortorum",NA,"España","Asturias","Las Caldas",NA,NA,NA,"1975",4,12,NA,NA,"J. A. Fdez Coronado","",NA,NA,NA,1,NA,NA,NA,"Oviedo Museum",NA,NA,"87_NOCOMPLEXHymenopteros_OVIEDO_202310242912"
"Apis",NA,"mellifera",NA,"España","Asturias","Manzaneda (Olloniego)",NA,NA,NA,"1986",5,18,NA,NA,"L. Bárcena Rdgz","",NA,NA,NA,1,NA,NA,NA,"Oviedo Museum",NA,NA,"87_NOCOMPLEXHymenopteros_OVIEDO_202310242913"
"Apis",NA,"mellifera",NA,"España","Asturias","CAU (Oviedo)",NA,NA,NA,"1982",4,20,NA,NA,"V.M.S.","",NA,NA,NA,1,NA,NA,NA,"Oviedo Museum",NA,"Tiene moho","87_NOCOMPLEXHymenopteros_OVIEDO_202310242914"
"Bombus",NA,"terrestris/soroeensis",NA,"España","Asturias","Somió",NA,NA,NA,NA,NA,NA,NA,NA,"Luis E. Pérez","",1,NA,NA,0,NA,NA,NA,"Oviedo Museum","Prado",NA,"87_NOCOMPLEXHymenopteros_OVIEDO_202310242915"
"Apis",NA,"mellifera",NA,"España","Asturias","Gijón",NA,NA,NA,"1994",5,25,NA,NA,"Raquel Díaz","Clara Glez Muñoz",NA,NA,NA,1,NA,NA,NA,"Oviedo Museum",NA,NA,"87_NOCOMPLEXHymenopteros_OVIEDO_202310242916"
"Bombus",NA,"terrestris/lucorum",NA,"España","Asturias","Luanco",NA,NA,NA,"1994",10,9,NA,NA,"M. D. Artime García","M. D. Artime García",1,NA,NA,0,NA,NA,NA,"Oviedo Museum",NA,NA,"87_NOCOMPLEXHymenopteros_OVIEDO_202310242917"
"Bombus",NA,"hortorum",NA,"España","Asturias","Sta. Mª Lillo",NA,NA,NA,"1983",5,11,NA,NA,"L. Yáñez Cao","L. Yáñez Cao",NA,NA,NA,1,NA,NA,NA,"Oviedo Museum","Sobre Urtica dioica",NA,"87_NOCOMPLEXHymenopteros_OVIEDO_202310242918"
"Apis",NA,"mellifera",NA,"España","Asturias","Llanes",NA,NA,NA,"1983",4,7,NA,NA,"Gregorio Valiente","",NA,NA,NA,1,NA,NA,NA,"Oviedo Museum","Prado","Tiene moho","87_NOCOMPLEXHymenopteros_OVIEDO_202310242919"
"Bombus",NA,"hortorum",NA,"España","Asturias","Trascastro",NA,NA,NA,"2011",7,7,NA,NA,"Diego Martínez","Diego Martínez",NA,NA,NA,1,NA,NA,NA,"Oviedo Museum","Prado",NA,"87_NOCOMPLEXHymenopteros_OVIEDO_202310242920"
"Apis",NA,"mellifera",NA,"España","Asturias","Vetusta (Oviedo)",NA,NA,NA,"2011",4,12,NA,NA,"Pablo Díaz","Pablo Díaz",NA,NA,NA,1,NA,NA,NA,"Oviedo Museum",NA,NA,"87_NOCOMPLEXHymenopteros_OVIEDO_202310242921"
"Bombus",NA,"terrestris",NA,"España","Asturias","Oviedo",NA,NA,NA,"1990",1,25,NA,NA,"Jon Bereciartua","Jon Bereciartua",NA,NA,NA,1,NA,NA,NA,"Oviedo Museum",NA,"Esta caja tiene insectos plaga","87_NOCOMPLEXHymenopteros_OVIEDO_202310242922"
"Apis",NA,"mellifera",NA,"España","León","Boñar",NA,NA,NA,"1987",7,6,NA,NA,"M. Arbesú","M. Arbesú",NA,NA,NA,1,NA,NA,NA,"Oviedo Museum","Prado","Esta caja tiene insectos plaga","87_NOCOMPLEXHymenopteros_OVIEDO_202310242923"
"Apis",NA,"mellifera",NA,"España","Asturias","Oviedo",NA,NA,NA,"1981",4,26,NA,NA,"Asunción García Peláez","",NA,NA,NA,1,NA,NA,NA,"Oviedo Museum",NA,"Tiene moho","87_NOCOMPLEXHymenopteros_OVIEDO_202310242924"
"Bombus",NA,"terrestris",NA,"España","Asturias","Sama",NA,NA,NA,"1979",5,15,NA,NA,"M. Labrato","",NA,NA,NA,1,NA,NA,NA,"Oviedo Museum","Prado","Tiene moho","87_NOCOMPLEXHymenopteros_OVIEDO_202310242925"
"Apis",NA,"mellifera",NA,"España","Asturias","S. Antolín",NA,NA,NA,NA,NA,NA,NA,NA,NA,"L. Carrera",NA,NA,NA,1,NA,NA,NA,"Oviedo Museum","Orilla río Bedon",NA,"87_NOCOMPLEXHymenopteros_OVIEDO_202310242926"
"Bombus",NA,"soroeensis",NA,"España","Asturias","C. Masaveu (Oviedo)",NA,NA,NA,"1979",5,28,NA,NA,"E. cervantes","",NA,NA,NA,1,NA,NA,NA,"Oviedo Museum",NA,NA,"87_NOCOMPLEXHymenopteros_OVIEDO_202310242927"
"Bombus",NA,"terrestris/soroeensis",NA,"España","Asturias","Oviedo",NA,NA,NA,NA,NA,NA,NA,NA,"Cristina Gutiérrez","",NA,NA,NA,1,NA,NA,NA,"Oviedo Museum","Sobre flor",NA,"87_NOCOMPLEXHymenopteros_OVIEDO_202310242928"
"Apis",NA,"mellifera",NA,"España","Asturias","Naranco (Oviedo)",NA,NA,NA,"1988",7,7,NA,NA,"Gemma E. P.","Gemma E. P.",NA,NA,NA,1,NA,NA,NA,"Oviedo Museum",NA,NA,"87_NOCOMPLEXHymenopteros_OVIEDO_202310242929"
"Apis",NA,"mellifera",NA,"España","Asturias","P. P. Tomás (Oviedo)",NA,NA,NA,"1996",3,24,NA,NA,"L. Frechilla","L. Frechilla",NA,NA,NA,1,NA,NA,NA,"Oviedo Museum","Prado",NA,"87_NOCOMPLEXHymenopteros_OVIEDO_202310242930"
"Apis",NA,"mellifera",NA,"España","Asturias","Luarca",NA,NA,NA,"1995",11,2,NA,NA,"J. L. Glez Vecino","J. L. Glez Vecino",NA,NA,NA,1,NA,NA,NA,"Oviedo Museum","Sobre flor",NA,"87_NOCOMPLEXHymenopteros_OVIEDO_202310242931"
"Bombus",NA,"terrestris",NA,"España","León","Villamañán",NA,NA,NA,"2010",9,15,NA,NA,"Teresa Cortina","Teresa Cortina",NA,NA,NA,1,NA,NA,NA,"Oviedo Museum",NA,NA,"87_NOCOMPLEXHymenopteros_OVIEDO_202310242932"
