"Genus","Subgenus","Species","Subspecies","Country","Province","Locality","Latitude","Longitude","Coordinate.precision","Year","Month","Day","Start.date","End.date","Collector","Determined.by","Female","Male","Worker","Not.specified","Reference.doi","Flowers.visited","Local_ID","Authors.to.give.credit","Any.other.additional.data","Notes.and.queries"
"Bombus","Alpigenobombus","wurflenii","pyrenaicus","Spain","Girona","Nuria",NA,NA,NA,2015,7,10,NA,NA,"C. Ornosa",NA,0,0,1,1,"https://doi.org/10.11646/zootaxa.4237.1.3",NA,"UCME","Ornosa, C.; Torres, F. & de la Rua, P.","",""
"Bombus","Alpigenobombus","wurflenii","pyrenaicus","Spain","Girona","Nuria, Bosc de la Verge",NA,NA,NA,2009,7,24,NA,NA,"C. Ornosa",NA,0,0,1,1,"https://doi.org/10.11646/zootaxa.4237.1.4",NA,"UCME","Ornosa, C.; Torres, F. & de la Rua, P.","",""
"Bombus","Alpigenobombus","wurflenii","pyrenaicus","Spain","Girona","La Molina, Roc Blanco",NA,NA,NA,2009,7,25,NA,NA,"C. Ornosa",NA,0,0,1,1,"https://doi.org/10.11646/zootaxa.4237.1.5",NA,"UCME","Ornosa, C.; Torres, F. & de la Rua, P.","",""
"Bombus","Alpigenobombus","wurflenii","pyrenaicus","Spain","Huesca","Ordesa, Gradas de Soaso",NA,NA,NA,2006,7,4,NA,NA,"C. Ornosa",NA,0,0,1,1,"https://doi.org/10.11646/zootaxa.4237.1.6",NA,"UCME","Ornosa, C.; Torres, F. & de la Rua, P.","",""
"Bombus","Alpigenobombus","wurflenii","pyrenaicus","Spain","Huesca","Ordesa, Gradas de Soaso",NA,NA,NA,2013,7,10,NA,NA,"C. Ornosa",NA,1,0,0,0,"https://doi.org/10.11646/zootaxa.4237.1.7",NA,"UCME","Ornosa, C.; Torres, F. & de la Rua, P.","","Female queen"
"Bombus","Alpigenobombus","wurflenii","pyrenaicus","Spain","Huesca","Ordesa, Gradas de Soaso",NA,NA,NA,2014,8,8,NA,NA,"E. Acosta",NA,2,0,0,0,"https://doi.org/10.11646/zootaxa.4237.1.8",NA,"UMU","Ornosa, C.; Torres, F. & de la Rua, P.","","Female queen"
"Bombus","Alpigenobombus","wurflenii","pyrenaicus","Spain","Lleida","Baños de Tredos",NA,NA,NA,2014,7,10,NA,NA,"C. Ornosa",NA,1,0,0,0,"https://doi.org/10.11646/zootaxa.4237.1.9",NA,"UCME","Ornosa, C.; Torres, F. & de la Rua, P.","","Female queen"
"Bombus","Bombus","lucorum","lucorum","Andorra","Soldeu","Soldeu",NA,NA,NA,2006,7,28,NA,NA,"C. Ornosa",NA,0,1,0,0,"https://doi.org/10.11646/zootaxa.4237.1.10",NA,"UCME","Ornosa, C.; Torres, F. & de la Rua, P.","",""
"Bombus","Bombus","lucorum","lucorum","Spain","Girona","Campodron, ski resort",NA,NA,NA,2009,7,9,NA,NA,"C. Ornosa",NA,0,2,4,0,"https://doi.org/10.11646/zootaxa.4237.1.11",NA,"UCME","Ornosa, C.; Torres, F. & de la Rua, P.","",""
"Bombus","Bombus","lucorum","lucorum","Spain","Girona","Campodron, ski resort",NA,NA,NA,2015,7,8,NA,NA,"C. Ornosa",NA,0,0,1,1,"https://doi.org/10.11646/zootaxa.4237.1.12",NA,"UCME","Ornosa, C.; Torres, F. & de la Rua, P.","",""
"Bombus","Bombus","lucorum","lucorum","Spain","Girona","La Molina, ski resort",NA,NA,NA,2015,7,9,NA,NA,"F. Torres",NA,1,3,4,0,"https://doi.org/10.11646/zootaxa.4237.1.13",NA,"UCME","Ornosa, C.; Torres, F. & de la Rua, P.","","Female queen"
"Bombus","Bombus","lucorum","lucorum","Spain","Girona","La Molina, Alabaus",NA,NA,NA,2015,7,9,NA,NA,"C. Ornosa",NA,0,1,15,0,"https://doi.org/10.11646/zootaxa.4237.1.14",NA,"UCME","Ornosa, C.; Torres, F. & de la Rua, P.","",""
"Bombus","Bombus","lucorum","lucorum","Spain","Girona","Nuria, Pic de l´Aliga",NA,NA,NA,2009,7,24,NA,NA,"C. Ornosa",NA,2,0,2,0,"https://doi.org/10.11646/zootaxa.4237.1.15",NA,"UCME","Ornosa, C.; Torres, F. & de la Rua, P.","","Female queen"
"Bombus","Bombus","lucorum","lucorum","Spain","Girona","Nuria, Bosc de la Verge",NA,NA,NA,2015,7,10,NA,NA,"F. Torres",NA,8,0,0,0,"https://doi.org/10.11646/zootaxa.4237.1.16",NA,"UCME","Ornosa, C.; Torres, F. & de la Rua, P.","","Female queen"
"Bombus","Bombus","lucorum","lucorum","Spain","Huesca","Biescas",NA,NA,NA,2014,8,10,NA,NA,"E. Acosta",NA,0,1,0,0,"https://doi.org/10.11646/zootaxa.4237.1.17",NA,"UMU","Ornosa, C.; Torres, F. & de la Rua, P.","",""
"Bombus","Bombus","lucorum","lucorum","Spain","Huesca","Canfranc, railway station",NA,NA,NA,2006,7,3,NA,NA,"C. Ornosa",NA,0,0,6,1,"https://doi.org/10.11646/zootaxa.4237.1.18",NA,"UCME","Ornosa, C.; Torres, F. & de la Rua, P.","",""
"Bombus","Bombus","lucorum","lucorum","Spain","Huesca","Chia, Mirador, Valle de Benasque",NA,NA,NA,2011,7,14,NA,NA,"C. Ornosa",NA,0,1,0,0,"https://doi.org/10.11646/zootaxa.4237.1.19",NA,"UCME","Ornosa, C.; Torres, F. & de la Rua, P.","",""
"Bombus","Bombus","lucorum","lucorum","Spain","Huesca","Hecho-Anso mountain pass",NA,NA,NA,2014,8,11,NA,NA,"P. De la Rua ",NA,0,2,4,0,"https://doi.org/10.11646/zootaxa.4237.1.20",NA,"UMU","Ornosa, C.; Torres, F. & de la Rua, P.","",""
"Bombus","Bombus","lucorum","lucorum","Spain","Huesca","La Besurta, Ibo de Villamorta",NA,NA,NA,2011,7,15,NA,NA,"C. Ornosa",NA,1,0,2,0,"https://doi.org/10.11646/zootaxa.4237.1.21",NA,"UCME","Ornosa, C.; Torres, F. & de la Rua, P.","","Female queen"
"Bombus","Bombus","lucorum","lucorum","Spain","Huesca","Linas de Broto",NA,NA,NA,2013,7,12,NA,NA,"F. Torres",NA,1,0,0,0,"https://doi.org/10.11646/zootaxa.4237.1.22",NA,"UCME","Ornosa, C.; Torres, F. & de la Rua, P.","","Female queen"
"Bombus","Bombus","lucorum","lucorum","Spain","Huesca","Ordesa, pradera",NA,NA,NA,2006,7,4,NA,NA,"C. Ornosa",NA,0,1,0,0,"https://doi.org/10.11646/zootaxa.4237.1.23",NA,"UCME","Ornosa, C.; Torres, F. & de la Rua, P.","",""
"Bombus","Bombus","lucorum","lucorum","Spain","Huesca","Ordesa, Gradas de Soaso slope",NA,NA,NA,2006,7,4,NA,NA,"C. Ornosa",NA,0,0,1,1,"https://doi.org/10.11646/zootaxa.4237.1.24",NA,"UCME","Ornosa, C.; Torres, F. & de la Rua, P.","",""
"Bombus","Bombus","lucorum","lucorum","Spain","Huesca","Ordesa, Gradas de Soaso slope",NA,NA,NA,2006,7,4,NA,NA,"C. Ornosa",NA,0,8,8,0,"https://doi.org/10.11646/zootaxa.4237.1.25",NA,"UCME","Ornosa, C.; Torres, F. & de la Rua, P.","",""
"Bombus","Bombus","lucorum","lucorum","Spain","Huesca","Ordesa, Gradas de Soaso slope",NA,NA,NA,2014,8,8,NA,NA,"E. Acosta",NA,1,3,2,0,"https://doi.org/10.11646/zootaxa.4237.1.26",NA,"UMU","Ornosa, C.; Torres, F. & de la Rua, P.","","Female queen"
"Bombus","Bombus","lucorum","lucorum","Spain","Huesca","Ordesa, Laña Sarratieto",NA,NA,NA,2013,7,10,NA,NA,"F. Torres",NA,0,1,0,0,"https://doi.org/10.11646/zootaxa.4237.1.27",NA,"UCME","Ornosa, C.; Torres, F. & de la Rua, P.","",""
"Bombus","Bombus","lucorum","lucorum","Spain","Huesca","Panticosa, alto",NA,NA,NA,2006,6,5,NA,NA,"C. Ornosa",NA,0,3,3,0,"https://doi.org/10.11646/zootaxa.4237.1.28",NA,"UCME","Ornosa, C.; Torres, F. & de la Rua, P.","",""
"Bombus","Bombus","lucorum","lucorum","Spain","Huesca","San Nicolas de Bujaruelo",NA,NA,NA,2014,8,9,NA,NA,"P. De la Rua ",NA,0,4,1,0,"https://doi.org/10.11646/zootaxa.4237.1.29",NA,"UMU","Ornosa, C.; Torres, F. & de la Rua, P.","",""
"Bombus","Bombus","lucorum","lucorum","Spain","Huesca","Sort pass track",NA,NA,NA,2012,8,12,NA,NA,"P. De la Rua ",NA,0,0,1,1,"https://doi.org/10.11646/zootaxa.4237.1.30",NA,"UMU Zuriza","Ornosa, C.; Torres, F. & de la Rua, P.","",""
"Bombus","Bombus","lucorum","lucorum","Spain","Huesca","Sort pass track",NA,NA,NA,2006,6,5,NA,NA,"C. Ornosa",NA,0,3,2,0,"https://doi.org/10.11646/zootaxa.4237.1.31",NA,"UCME","Ornosa, C.; Torres, F. & de la Rua, P.","",""
"Bombus","Bombus","lucorum","lucorum","Spain","Huesca","Sort pass track",NA,NA,NA,2009,7,11,NA,NA,"C. Ornosa",NA,0,0,1,1,"https://doi.org/10.11646/zootaxa.4237.1.32",NA,"UCME","Ornosa, C.; Torres, F. & de la Rua, P.","",""
"Bombus","Bombus","lucorum","lucorum","Spain","Huesca","Zuriza track",NA,NA,NA,2014,8,12,NA,NA,"J.A. Acosta",NA,0,1,0,0,"https://doi.org/10.11646/zootaxa.4237.1.33",NA,"UMU","Ornosa, C.; Torres, F. & de la Rua, P.","",""
"Bombus","Bombus","lucorum","lucorum","Spain","Lleida","Aiguestortes, threshold",NA,NA,NA,2006,7,26,NA,NA,"C. Ornosa",NA,0,5,5,0,"https://doi.org/10.11646/zootaxa.4237.1.34",NA,"UCME","Ornosa, C.; Torres, F. & de la Rua, P.","",""
"Bombus","Bombus","lucorum","lucorum","Spain","Lleida","Aiguestortes, threshold",NA,NA,NA,2014,7,7,NA,NA,"C. Ornosa",NA,0,0,2,1,"https://doi.org/10.11646/zootaxa.4237.1.35",NA,"UCME","Ornosa, C.; Torres, F. & de la Rua, P.","",""
"Bombus","Bombus","lucorum","lucorum","Spain","Lleida","Artiga de Lin",NA,NA,NA,2012,8,14,NA,NA,"P. De la Rua ",NA,0,1,0,0,"https://doi.org/10.11646/zootaxa.4237.1.36",NA,"UMU","Ornosa, C.; Torres, F. & de la Rua, P.","",""
"Bombus","Bombus","lucorum","lucorum","Spain","Lleida","Baños de Tredos",NA,NA,NA,2014,7,10,NA,NA,"C. Ornosa",NA,0,0,15,1,"https://doi.org/10.11646/zootaxa.4237.1.37",NA,"UCME","Ornosa, C.; Torres, F. & de la Rua, P.","",""
"Bombus","Bombus","lucorum","lucorum","Spain","Lleida","Baños de Tredos, slope",NA,NA,NA,2014,7,10,NA,NA,"F. Torres",NA,0,0,7,1,"https://doi.org/10.11646/zootaxa.4237.1.38",NA,"UCME","Ornosa, C.; Torres, F. & de la Rua, P.","",""
"Bombus","Bombus","lucorum","lucorum","Spain","Lleida","Baños de Tredos, slope",NA,NA,NA,2014,7,10,NA,NA,"C. Ornosa",NA,0,1,5,0,"https://doi.org/10.11646/zootaxa.4237.1.39",NA,"UCME","Ornosa, C.; Torres, F. & de la Rua, P.","",""
"Bombus","Bombus","lucorum","lucorum","Spain","Lleida","Espot, ski resort",NA,NA,NA,2014,7,8,NA,NA,"C. Ornosa",NA,0,0,5,1,"https://doi.org/10.11646/zootaxa.4237.1.40",NA,"UCME","Ornosa, C.; Torres, F. & de la Rua, P.","",""
"Bombus","Bombus","lucorum","lucorum","Spain","Lleida","Estany Llong",NA,NA,NA,2014,7,9,NA,NA,"F. Torres",NA,1,0,3,0,"https://doi.org/10.11646/zootaxa.4237.1.41",NA,"UCME","Ornosa, C.; Torres, F. & de la Rua, P.","","Female queen"
"Bombus","Bombus","lucorum","lucorum","Spain","Lleida","Estany Ratera-Mirador track",NA,NA,NA,2006,7,26,NA,NA,"C. Ornosa",NA,0,1,0,0,"https://doi.org/10.11646/zootaxa.4237.1.42",NA,"UCME","Ornosa, C.; Torres, F. & de la Rua, P.","",""
"Bombus","Bombus","lucorum","lucorum","Spain","Lleida","Estany Ratera-Mirador track",NA,NA,NA,2014,7,8,NA,NA,"F. Torres",NA,0,6,0,0,"https://doi.org/10.11646/zootaxa.4237.1.43",NA,"UCME","Ornosa, C.; Torres, F. & de la Rua, P.","",""
"Bombus","Bombus","lucorum","lucorum","Spain","Lleida","Estany Sant Maurici",NA,NA,NA,2006,7,26,NA,NA,"C. Ornosa",NA,0,3,10,0,"https://doi.org/10.11646/zootaxa.4237.1.44",NA,"UCME","Ornosa, C.; Torres, F. & de la Rua, P.","",""
"Bombus","Bombus","lucorum","lucorum","Spain","Lleida","Estany Sant Maurici",NA,NA,NA,2014,7,8,NA,NA,"F. Torres",NA,0,0,4,1,"https://doi.org/10.11646/zootaxa.4237.1.45",NA,"UCME","Ornosa, C.; Torres, F. & de la Rua, P.","",""
"Bombus","Bombus","lucorum","lucorum","Spain","Lleida","Jou",NA,NA,NA,2014,7,10,NA,NA,"C. Ornosa",NA,0,0,2,1,"https://doi.org/10.11646/zootaxa.4237.1.46",NA,"UCME","Ornosa, C.; Torres, F. & de la Rua, P.","",""
"Bombus","Bombus","lucorum","lucorum","Spain","Lleida","Ruda, track",NA,NA,NA,2014,7,10,NA,NA,"F. Torres",NA,0,0,9,1,"https://doi.org/10.11646/zootaxa.4237.1.47",NA,"UCME","Ornosa, C.; Torres, F. & de la Rua, P.","",""
"Bombus","Bombus","lucorum","lucorum","Spain","Lleida","Estany Ratera-Estany Sant Maurici",NA,NA,NA,2014,7,8,NA,NA,"C. Ornosa",NA,0,0,2,1,"https://doi.org/10.11646/zootaxa.4237.1.48",NA,"UCME","Ornosa, C.; Torres, F. & de la Rua, P.","Collected in grasslands between Estany Ratera and Estany Sant Maurici",""
"Bombus","Bombus","lucorum","lucorum","Spain","Lleida","La Bonaigua",NA,NA,NA,2006,7,27,NA,NA,"C. Ornosa",NA,0,0,1,1,"https://doi.org/10.11646/zootaxa.4237.1.49",NA,"UCME","Ornosa, C.; Torres, F. & de la Rua, P.","",""
"Bombus","Bombus","lucorum","lucorum","Spain","Lleida","Salardú",NA,NA,NA,2006,7,27,NA,NA,"C. Ornosa",NA,0,1,0,0,"https://doi.org/10.11646/zootaxa.4237.1.50",NA,"UCME","Ornosa, C.; Torres, F. & de la Rua, P.","",""
"Bombus","Bombus","lucorum","lucorum","Spain","Lleida","Sort pass track",NA,NA,NA,2012,8,12,NA,NA,"P. De la Rua ",NA,0,0,1,1,"https://doi.org/10.11646/zootaxa.4237.1.51",NA,"UMU","Ornosa, C.; Torres, F. & de la Rua, P.","",""
"Bombus","Bombus","lucorum","lucorum","Spain","Navarra","Abodi pass",NA,NA,NA,2009,7,11,NA,NA,"C. Ornosa",NA,1,0,0,0,"https://doi.org/10.11646/zootaxa.4237.1.52",NA,"UCME","Ornosa, C.; Torres, F. & de la Rua, P.","","Female queen"
"Bombus","Bombus","terrestris","lusitanicus","Andorra","Soldeu","Soldeu",NA,NA,NA,2006,7,28,NA,NA,"C. Ornosa",NA,0,0,10,1,"https://doi.org/10.11646/zootaxa.4237.1.53",NA,"UCME","Ornosa, C.; Torres, F. & de la Rua, P.","",""
"Bombus","Bombus","terrestris","lusitanicus","Spain","Girona","Bellver de Cerdanya",NA,NA,NA,2009,7,25,NA,NA,"C. Ornosa",NA,0,0,5,1,"https://doi.org/10.11646/zootaxa.4237.1.54",NA,"UCME","Ornosa, C.; Torres, F. & de la Rua, P.","",""
"Bombus","Bombus","terrestris","lusitanicus","Spain","Girona","Campodron, ski resort",NA,NA,NA,2009,7,23,NA,NA,"C. Ornosa",NA,0,4,8,0,"https://doi.org/10.11646/zootaxa.4237.1.55",NA,"UCME","Ornosa, C.; Torres, F. & de la Rua, P.","",""
"Bombus","Bombus","terrestris","lusitanicus","Spain","Girona","La Molina, Alabaus",NA,NA,NA,2015,7,9,NA,NA,"F. Torres",NA,0,0,1,1,"https://doi.org/10.11646/zootaxa.4237.1.56",NA,"UCME","Ornosa, C.; Torres, F. & de la Rua, P.","",""
"Bombus","Bombus","terrestris","lusitanicus","Spain","Girona","La Molina, road",NA,NA,NA,2009,7,25,NA,NA,"C. Ornosa",NA,0,0,7,1,"https://doi.org/10.11646/zootaxa.4237.1.57",NA,"UCME","Ornosa, C.; Torres, F. & de la Rua, P.","",""
"Bombus","Bombus","terrestris","lusitanicus","Spain","Girona","La Molina, ski resort",NA,NA,NA,2009,7,25,NA,NA,"C. Ornosa",NA,0,2,14,0,"https://doi.org/10.11646/zootaxa.4237.1.58",NA,"UCME","Ornosa, C.; Torres, F. & de la Rua, P.","",""
"Bombus","Bombus","terrestris","lusitanicus","Spain","Girona","La Molina, ski resort",NA,NA,NA,2015,7,9,NA,NA,"C. Ornosa",NA,0,1,0,0,"https://doi.org/10.11646/zootaxa.4237.1.59",NA,"UCME","Ornosa, C.; Torres, F. & de la Rua, P.","",""
"Bombus","Bombus","terrestris","lusitanicus","Spain","Girona","Nuria, Pic de l´Aliga",NA,NA,NA,2009,7,24,NA,NA,"C. Ornosa",NA,0,6,15,0,"https://doi.org/10.11646/zootaxa.4237.1.60",NA,"UCME","Ornosa, C.; Torres, F. & de la Rua, P.","",""
"Bombus","Bombus","terrestris","lusitanicus","Spain","Girona","Nuria, Bosc de la Verge",NA,NA,NA,2009,7,24,NA,NA,"C. Ornosa",NA,0,0,10,1,"https://doi.org/10.11646/zootaxa.4237.1.61",NA,"UCME","Ornosa, C.; Torres, F. & de la Rua, P.","",""
"Bombus","Bombus","terrestris","lusitanicus","Spain","Girona","Setcases",NA,NA,NA,2009,7,23,NA,NA,"C. Ornosa",NA,0,5,5,0,"https://doi.org/10.11646/zootaxa.4237.1.62",NA,"UCME","Ornosa, C.; Torres, F. & de la Rua, P.","",""
"Bombus","Bombus","terrestris","lusitanicus","Spain","Huesca","Baños de Benasque",NA,NA,NA,2011,7,14,NA,NA,"C. Ornosa",NA,0,0,10,1,"https://doi.org/10.11646/zootaxa.4237.1.63",NA,"UCME","Ornosa, C.; Torres, F. & de la Rua, P.","",""
"Bombus","Bombus","terrestris","lusitanicus","Spain","Huesca","Benasque",NA,NA,NA,2011,7,15,NA,NA,"C. Ornosa",NA,0,0,5,1,"https://doi.org/10.11646/zootaxa.4237.1.64",NA,"UCME","Ornosa, C.; Torres, F. & de la Rua, P.","",""
"Bombus","Bombus","terrestris","lusitanicus","Spain","Huesca","Biescas",NA,NA,NA,2014,8,10,NA,NA,"P. De la Rua ",NA,1,0,1,0,"https://doi.org/10.11646/zootaxa.4237.1.65",NA,"UMU","Ornosa, C.; Torres, F. & de la Rua, P.","","Female queen"
"Bombus","Bombus","terrestris","lusitanicus","Spain","Huesca","Canfranc",NA,NA,NA,2006,7,3,NA,NA,"C. Ornosa",NA,0,0,10,1,"https://doi.org/10.11646/zootaxa.4237.1.66",NA,"UCME","Ornosa, C.; Torres, F. & de la Rua, P.","",""
"Bombus","Bombus","terrestris","lusitanicus","Spain","Huesca","Biescas",NA,NA,NA,2009,7,9,NA,NA,"C. Ornosa",NA,0,0,6,1,"https://doi.org/10.11646/zootaxa.4237.1.67",NA,"UCME","Ornosa, C.; Torres, F. & de la Rua, P.","",""
"Bombus","Bombus","terrestris","lusitanicus","Spain","Huesca","Cerler",NA,NA,NA,2011,7,13,NA,NA,"C. Ornosa",NA,1,1,3,0,"https://doi.org/10.11646/zootaxa.4237.1.68",NA,"UCME","Ornosa, C.; Torres, F. & de la Rua, P.","","Female queen"
"Bombus","Bombus","terrestris","lusitanicus","Spain","Huesca","Chia, Mirador, Valle de Benasque",NA,NA,NA,2011,7,14,NA,NA,"C. Ornosa",NA,0,0,4,1,"https://doi.org/10.11646/zootaxa.4237.1.69",NA,"UCME","Ornosa, C.; Torres, F. & de la Rua, P.","",""
"Bombus","Bombus","terrestris","lusitanicus","Spain","Huesca","Jaca",NA,NA,NA,2014,8,11,NA,NA,"P. De la Rua ",NA,0,0,3,1,"https://doi.org/10.11646/zootaxa.4237.1.70",NA,"UMU","Ornosa, C.; Torres, F. & de la Rua, P.","",""
"Bombus","Bombus","terrestris","lusitanicus","Spain","Huesca","Ordesa Pradera",NA,NA,NA,2006,7,4,NA,NA,"C. Ornosa",NA,0,0,2,1,"https://doi.org/10.11646/zootaxa.4237.1.71",NA,"UCME","Ornosa, C.; Torres, F. & de la Rua, P.","",""
"Bombus","Bombus","terrestris","lusitanicus","Spain","Huesca","Ordesa, Gradas de Soaso",NA,NA,NA,2006,7,4,NA,NA,"C. Ornosa",NA,0,2,10,0,"https://doi.org/10.11646/zootaxa.4237.1.72",NA,"UCME","Ornosa, C.; Torres, F. & de la Rua, P.","",""
"Bombus","Bombus","terrestris","lusitanicus","Spain","Huesca","Ordesa, Laña Sarratieto",NA,NA,NA,2013,7,10,NA,NA,"F. Torres",NA,1,0,0,0,"https://doi.org/10.11646/zootaxa.4237.1.73",NA,"UCME","Ornosa, C.; Torres, F. & de la Rua, P.","","Female queen"
"Bombus","Bombus","terrestris","lusitanicus","Spain","Huesca","Panticosa",NA,NA,NA,2006,6,5,NA,NA,"C. Ornosa",NA,0,0,2,1,"https://doi.org/10.11646/zootaxa.4237.1.74",NA,"UCME","Ornosa, C.; Torres, F. & de la Rua, P.","",""
"Bombus","Bombus","terrestris","lusitanicus","Spain","Huesca","Panticosa, alto",NA,NA,NA,2006,6,5,NA,NA,"C. Ornosa",NA,0,0,1,1,"https://doi.org/10.11646/zootaxa.4237.1.75",NA,"UCME","Ornosa, C.; Torres, F. & de la Rua, P.","",""
"Bombus","Bombus","terrestris","lusitanicus","Spain","Huesca","Las Cutas track",NA,NA,NA,2013,7,11,NA,NA,"F. Torres",NA,1,0,0,0,"https://doi.org/10.11646/zootaxa.4237.1.76",NA,"UCME","Ornosa, C.; Torres, F. & de la Rua, P.","","Female queen"
"Bombus","Bombus","terrestris","lusitanicus","Spain","Huesca","Sahún pass",NA,NA,NA,2011,7,14,NA,NA,"C. Ornosa",NA,0,0,6,1,"https://doi.org/10.11646/zootaxa.4237.1.77",NA,"UCME","Ornosa, C.; Torres, F. & de la Rua, P.","",""
"Bombus","Bombus","terrestris","lusitanicus","Spain","Huesca","Santa Olaria",NA,NA,NA,2013,7,9,NA,NA,"F. Torres",NA,1,5,1,0,"https://doi.org/10.11646/zootaxa.4237.1.78",NA,"UCME","Ornosa, C.; Torres, F. & de la Rua, P.","","Female queen"
"Bombus","Bombus","terrestris","lusitanicus","Spain","Huesca","Selva de Oza",NA,NA,NA,2009,5,2,NA,NA,"C. Ornosa",NA,1,0,0,0,"https://doi.org/10.11646/zootaxa.4237.1.79",NA,"UCME","Ornosa, C.; Torres, F. & de la Rua, P.","","Female queen"
"Bombus","Bombus","terrestris","lusitanicus","Spain","Huesca","Selva de Oza",NA,NA,NA,2008,7,10,NA,NA,"C. Ornosa",NA,0,0,8,1,"https://doi.org/10.11646/zootaxa.4237.1.80",NA,"UCME","Ornosa, C.; Torres, F. & de la Rua, P.","",""
"Bombus","Bombus","terrestris","lusitanicus","Spain","Huesca","Tramacastilla de Tena",NA,NA,NA,2009,7,9,NA,NA,"C. Ornosa",NA,0,0,6,1,"https://doi.org/10.11646/zootaxa.4237.1.81",NA,"UCME","Ornosa, C.; Torres, F. & de la Rua, P.","",""
"Bombus","Bombus","terrestris","lusitanicus","Spain","Huesca","Vallibierna",NA,NA,NA,2011,7,15,NA,NA,"C. Ornosa",NA,0,0,10,1,"https://doi.org/10.11646/zootaxa.4237.1.82",NA,"UCME","Ornosa, C.; Torres, F. & de la Rua, P.","",""
"Bombus","Bombus","terrestris","lusitanicus","Spain","Huesca","Zuriza",NA,NA,NA,2006,6,5,NA,NA,"C. Ornosa",NA,1,0,5,0,"https://doi.org/10.11646/zootaxa.4237.1.83",NA,"UCME","Ornosa, C.; Torres, F. & de la Rua, P.","","Female queen"
"Bombus","Bombus","terrestris","lusitanicus","Spain","Huesca","Zuriza",NA,NA,NA,2006,7,10,NA,NA,"C. Ornosa",NA,2,4,0,0,"https://doi.org/10.11646/zootaxa.4237.1.84",NA,"UCME","Ornosa, C.; Torres, F. & de la Rua, P.","","Female queen"
"Bombus","Bombus","terrestris","lusitanicus","Spain","Huesca","Zuriza",NA,NA,NA,2009,7,11,NA,NA,"C. Ornosa",NA,1,0,14,0,"https://doi.org/10.11646/zootaxa.4237.1.85",NA,"UCME","Ornosa, C.; Torres, F. & de la Rua, P.","","Female queen"
"Bombus","Bombus","terrestris","lusitanicus","Spain","Lleida","Aiguestortes, threshold",NA,NA,NA,2006,7,26,NA,NA,"C. Ornosa",NA,0,5,10,0,"https://doi.org/10.11646/zootaxa.4237.1.86",NA,"UCME","Ornosa, C.; Torres, F. & de la Rua, P.","",""
"Bombus","Bombus","terrestris","lusitanicus","Spain","Lleida","Baqueira-Ruda",NA,NA,NA,2006,7,27,NA,NA,"C. Ornosa",NA,0,0,12,1,"https://doi.org/10.11646/zootaxa.4237.1.87",NA,"UCME","Ornosa, C.; Torres, F. & de la Rua, P.","",""
"Bombus","Bombus","terrestris","lusitanicus","Spain","Lleida","Espot",NA,NA,NA,2006,7,25,NA,NA,"C. Ornosa",NA,0,0,1,1,"https://doi.org/10.11646/zootaxa.4237.1.88",NA,"UCME","Ornosa, C.; Torres, F. & de la Rua, P.","",""
"Bombus","Bombus","terrestris","lusitanicus","Spain","Lleida","Estany Sant Maurici",NA,NA,NA,2006,7,26,NA,NA,"C. Ornosa",NA,0,0,6,1,"https://doi.org/10.11646/zootaxa.4237.1.89",NA,"UCME","Ornosa, C.; Torres, F. & de la Rua, P.","",""
"Bombus","Bombus","terrestris","lusitanicus","Spain","Lleida","Estany Sant Maurici",NA,NA,NA,2014,7,8,NA,NA,"C. Ornosa",NA,0,0,2,1,"https://doi.org/10.11646/zootaxa.4237.1.90",NA,"UCME","Ornosa, C.; Torres, F. & de la Rua, P.","",""
"Bombus","Bombus","terrestris","lusitanicus","Spain","Lleida","Ruda, track",NA,NA,NA,2014,7,10,NA,NA,"F. Torres",NA,0,0,1,1,"https://doi.org/10.11646/zootaxa.4237.1.91",NA,"UCME","Ornosa, C.; Torres, F. & de la Rua, P.","",""
"Bombus","Bombus","terrestris","lusitanicus","Spain","Lleida","Son",NA,NA,NA,2014,7,10,NA,NA,"C. Ornosa",NA,0,1,0,0,"https://doi.org/10.11646/zootaxa.4237.1.92",NA,"UCME","Ornosa, C.; Torres, F. & de la Rua, P.","",""
"Bombus","Bombus","terrestris","lusitanicus","Spain","Navarra","Abodi pass",NA,NA,NA,2009,7,11,NA,NA,"C. Ornosa",NA,0,4,12,0,"https://doi.org/10.11646/zootaxa.4237.1.93",NA,"UCME","Ornosa, C.; Torres, F. & de la Rua, P.","",""
"Bombus","Bombus","terrestris","lusitanicus","Spain","Navarra","Burguete",NA,NA,NA,2009,7,11,NA,NA,"C. Ornosa",NA,0,0,2,1,"https://doi.org/10.11646/zootaxa.4237.1.94",NA,"UCME","Ornosa, C.; Torres, F. & de la Rua, P.","",""
"Bombus","Bombus","terrestris","lusitanicus","Spain","Navarra","Sierra de Irati",NA,NA,NA,2009,7,11,NA,NA,"C. Ornosa",NA,0,2,6,0,"https://doi.org/10.11646/zootaxa.4237.1.95",NA,"UCME","Ornosa, C.; Torres, F. & de la Rua, P.","",""
"Bombus","Bombus","terrestris","terrestris","Andorra","Soldeu","Soldeu",NA,NA,NA,2006,7,28,NA,NA,"C. Ornosa",NA,1,0,0,0,"https://doi.org/10.11646/zootaxa.4237.1.96",NA,"UCME","Ornosa, C.; Torres, F. & de la Rua, P.","","Female queen"
"Bombus","Bombus","terrestris","terrestris","Spain","Girona","Campodron, ski resort",NA,NA,NA,2015,7,8,NA,NA,"C. Ornosa",NA,0,0,1,1,"https://doi.org/10.11646/zootaxa.4237.1.97",NA,"UCME","Ornosa, C.; Torres, F. & de la Rua, P.","",""
"Bombus","Bombus","terrestris","terrestris","Spain","Huesca","Ordesa, Circo de Soaso",NA,NA,NA,2014,7,10,NA,NA,"F. Torres",NA,1,0,0,0,"https://doi.org/10.11646/zootaxa.4237.1.98",NA,"UCME","Ornosa, C.; Torres, F. & de la Rua, P.","","Female queen"
"Bombus","Bombus","terrestris","terrestris","Spain","Lleida","Baños de Tredos, slope",NA,NA,NA,2014,7,10,NA,NA,"C. Ornosa",NA,1,0,0,0,"https://doi.org/10.11646/zootaxa.4237.1.99",NA,"UCME","Ornosa, C.; Torres, F. & de la Rua, P.","","Female queen"
"Bombus","Bombus","terrestris","terrestris","Spain","Lleida","Viella",NA,NA,NA,2012,8,13,NA,NA,"P. De la Rua ",NA,0,0,1,1,"https://doi.org/10.11646/zootaxa.4237.1.100",NA,"UMU","Ornosa, C.; Torres, F. & de la Rua, P.","",""
"Bombus","Cullumanusbombus","cullumanus","cullumanus","Spain","Girona","Ribes de Freser",NA,NA,NA,2009,7,24,NA,NA,"C. Ornosa",NA,0,0,1,1,"https://doi.org/10.11646/zootaxa.4237.1.101",NA,"UCME","Ornosa, C.; Torres, F. & de la Rua, P.","",""
"Bombus","Kallobombus","soroeensis","lectitatus","Spain","Girona","La Molina, Alabaus",NA,NA,NA,2015,7,9,NA,NA,"F. Torres",NA,0,0,1,1,"https://doi.org/10.11646/zootaxa.4237.1.102",NA,"UCME","Ornosa, C.; Torres, F. & de la Rua, P.","",""
"Bombus","Kallobombus","soroeensis","lectitatus","Spain","Girona","Nuria, Bosc de la Verge",NA,NA,NA,2009,7,24,NA,NA,"C. Ornosa",NA,0,0,3,1,"https://doi.org/10.11646/zootaxa.4237.1.103",NA,"UCME","Ornosa, C.; Torres, F. & de la Rua, P.","",""
"Bombus","Kallobombus","soroeensis","lectitatus","Spain","Girona","Nuria, Pic de l´Aliga",NA,NA,NA,2015,7,10,NA,NA,"C. Ornosa",NA,1,0,11,0,"https://doi.org/10.11646/zootaxa.4237.1.104",NA,"UCME","Ornosa, C.; Torres, F. & de la Rua, P.","","Female queen"
"Bombus","Kallobombus","soroeensis","lectitatus","Spain","Girona","Ribes de Freser",NA,NA,NA,2015,7,9,NA,NA,"C. Ornosa",NA,0,0,1,1,"https://doi.org/10.11646/zootaxa.4237.1.105",NA,"UCME","Ornosa, C.; Torres, F. & de la Rua, P.","",""
"Bombus","Kallobombus","soroeensis","lectitatus","Spain","Huesca","La Besurta, Ibo de Villamorta",NA,NA,NA,2011,7,15,NA,NA,"C. Ornosa",NA,0,0,1,1,"https://doi.org/10.11646/zootaxa.4237.1.106",NA,"UCME","Ornosa, C.; Torres, F. & de la Rua, P.","",""
"Bombus","Kallobombus","soroeensis","lectitatus","Spain","Huesca","Ordesa, Gradas de Soaso",NA,NA,NA,2014,8,8,NA,NA,"P. Acosta",NA,0,0,3,1,"https://doi.org/10.11646/zootaxa.4237.1.107",NA,"UMU","Ornosa, C.; Torres, F. & de la Rua, P.","",""
"Bombus","Kallobombus","soroeensis","lectitatus","Spain","Huesca","Selva de Oza, Aguas Tortas",NA,NA,NA,2009,7,10,NA,NA,"C. Ornosa",NA,0,0,1,1,"https://doi.org/10.11646/zootaxa.4237.1.108",NA,"UCME","Ornosa, C.; Torres, F. & de la Rua, P.","",""
"Bombus","Kallobombus","soroeensis","lectitatus","Spain","Huesca","San Nicolas de Bujaruelo",NA,NA,NA,2014,8,9,NA,NA,"P. Acosta",NA,0,3,1,0,"https://doi.org/10.11646/zootaxa.4237.1.109",NA,"UMU","Ornosa, C.; Torres, F. & de la Rua, P.","",""
"Bombus","Kallobombus","soroeensis","lectitatus","Spain","Lleida","Baños de Tredos",NA,NA,NA,2014,7,10,NA,NA,"C. Ornosa",NA,0,0,1,1,"https://doi.org/10.11646/zootaxa.4237.1.110",NA,"UCME","Ornosa, C.; Torres, F. & de la Rua, P.","",""
"Bombus","Kallobombus","soroeensis","lectitatus","Spain","Lleida","Baños de Tredos, slope",NA,NA,NA,2014,7,10,NA,NA,"C. Ornosa",NA,0,0,5,1,"https://doi.org/10.11646/zootaxa.4237.1.111",NA,"UCME","Ornosa, C.; Torres, F. & de la Rua, P.","",""
"Bombus","Kallobombus","soroeensis","lectitatus","Spain","Lleida","Espot, ski resort",NA,NA,NA,2014,7,8,NA,NA,"C. Ornosa",NA,0,0,1,1,"https://doi.org/10.11646/zootaxa.4237.1.112",NA,"UCME","Ornosa, C.; Torres, F. & de la Rua, P.","",""
"Bombus","Kallobombus","soroeensis","lectitatus","Spain","Lleida","Estany Sant Maurici",NA,NA,NA,2014,7,8,NA,NA,"C. Ornosa",NA,0,0,1,1,"https://doi.org/10.11646/zootaxa.4237.1.113",NA,"UCME","Ornosa, C.; Torres, F. & de la Rua, P.","",""
"Bombus","Kallobombus","soroeensis","soroeensis","Andorra","Soldeu","Soldeu",NA,NA,NA,2006,7,28,NA,NA,"C. Ornosa",NA,0,0,1,1,"https://doi.org/10.11646/zootaxa.4237.1.114",NA,"UCME","Ornosa, C.; Torres, F. & de la Rua, P.","",""
"Bombus","Kallobombus","soroeensis","soroeensis","Spain","Girona","Campodron, ski resort",NA,NA,NA,2009,7,23,NA,NA,"C. Ornosa",NA,0,2,4,0,"https://doi.org/10.11646/zootaxa.4237.1.115",NA,"UCME","Ornosa, C.; Torres, F. & de la Rua, P.","",""
"Bombus","Kallobombus","soroeensis","soroeensis","Spain","Girona","La Molina, ski resort",NA,NA,NA,2015,7,9,NA,NA,"C. Ornosa",NA,0,0,6,1,"https://doi.org/10.11646/zootaxa.4237.1.116",NA,"UCME","Ornosa, C.; Torres, F. & de la Rua, P.","",""
"Bombus","Kallobombus","soroeensis","soroeensis","Spain","Girona","Nuria",NA,NA,NA,2015,7,10,NA,NA,"F. Torres",NA,0,0,1,1,"https://doi.org/10.11646/zootaxa.4237.1.117",NA,"UCME","Ornosa, C.; Torres, F. & de la Rua, P.","",""
"Bombus","Kallobombus","soroeensis","soroeensis","Spain","Girona","Nuria, Bosc de la Verge",NA,NA,NA,2015,7,10,NA,NA,"C. Ornosa",NA,2,0,20,0,"https://doi.org/10.11646/zootaxa.4237.1.118",NA,"UCME","Ornosa, C.; Torres, F. & de la Rua, P.","","Female queen"
"Bombus","Kallobombus","soroeensis","soroeensis","Spain","Girona","Nuria, Pic de l´Aliga",NA,NA,NA,2015,7,10,NA,NA,"F. Torres",NA,1,0,5,0,"https://doi.org/10.11646/zootaxa.4237.1.119",NA,"UCME","Ornosa, C.; Torres, F. & de la Rua, P.","","Female queen"
"Bombus","Kallobombus","soroeensis","soroeensis","Spain","Huesca","Baños de Benasque",NA,NA,NA,2011,7,14,NA,NA,"C. Ornosa",NA,0,0,1,1,"https://doi.org/10.11646/zootaxa.4237.1.120",NA,"UCME","Ornosa, C.; Torres, F. & de la Rua, P.","",""
"Bombus","Kallobombus","soroeensis","soroeensis","Spain","Huesca","Biescas",NA,NA,NA,2014,8,10,NA,NA,"E. Acosta",NA,0,0,1,1,"https://doi.org/10.11646/zootaxa.4237.1.121",NA,"UMU","Ornosa, C.; Torres, F. & de la Rua, P.","",""
"Bombus","Kallobombus","soroeensis","soroeensis","Spain","Huesca","La Besurta, Ibo de Villamorta",NA,NA,NA,2011,7,15,NA,NA,"C. Ornosa",NA,0,0,7,1,"https://doi.org/10.11646/zootaxa.4237.1.122",NA,"UCME","Ornosa, C.; Torres, F. & de la Rua, P.","",""
"Bombus","Kallobombus","soroeensis","soroeensis","Spain","Huesca","Ordesa, Gradas de Soaso",NA,NA,NA,2006,7,4,NA,NA,"C. Ornosa",NA,0,0,1,1,"https://doi.org/10.11646/zootaxa.4237.1.123",NA,"UCME","Ornosa, C.; Torres, F. & de la Rua, P.","",""
"Bombus","Kallobombus","soroeensis","soroeensis","Spain","Huesca","Ordesa, Gradas de Soaso",NA,NA,NA,2006,7,10,NA,NA,"C. Ornosa",NA,3,0,0,0,"https://doi.org/10.11646/zootaxa.4237.1.124",NA,"UCME","Ornosa, C.; Torres, F. & de la Rua, P.","","Female queen"
"Bombus","Kallobombus","soroeensis","soroeensis","Spain","Huesca","Ordesa, Gradas de Soaso",NA,NA,NA,2014,8,8,NA,NA,"P. De la Rua ",NA,4,0,16,0,"https://doi.org/10.11646/zootaxa.4237.1.125",NA,"UMU","Ornosa, C.; Torres, F. & de la Rua, P.","","Female queen"
"Bombus","Kallobombus","soroeensis","soroeensis","Spain","Huesca","Ordesa, Laña Sarratieto",NA,NA,NA,2013,7,10,NA,NA,"F. Torres",NA,2,0,0,0,"https://doi.org/10.11646/zootaxa.4237.1.126",NA,"UCME","Ornosa, C.; Torres, F. & de la Rua, P.","","Female queen"
"Bombus","Kallobombus","soroeensis","soroeensis","Spain","Huesca","Linas de Broto",NA,NA,NA,2013,7,12,NA,NA,"F. Torres",NA,1,0,0,0,"https://doi.org/10.11646/zootaxa.4237.1.127",NA,"UCME","Ornosa, C.; Torres, F. & de la Rua, P.","","Female queen"
"Bombus","Kallobombus","soroeensis","soroeensis","Spain","Huesca","Parzan",NA,NA,NA,2009,7,18,NA,NA,"V. Montserrat",NA,1,0,0,0,"https://doi.org/10.11646/zootaxa.4237.1.128",NA,"UCME","Ornosa, C.; Torres, F. & de la Rua, P.","","Female queen"
"Bombus","Kallobombus","soroeensis","soroeensis","Spain","Huesca","San Nicolas de Bujaruelo",NA,NA,NA,2014,8,9,NA,NA,"P. De la Rua ",NA,2,0,17,0,"https://doi.org/10.11646/zootaxa.4237.1.129",NA,"UMU","Ornosa, C.; Torres, F. & de la Rua, P.","","Female queen"
"Bombus","Kallobombus","soroeensis","soroeensis","Spain","Huesca","Zuriza track",NA,NA,NA,2014,8,12,NA,NA,"J.A. Acosta",NA,0,0,3,1,"https://doi.org/10.11646/zootaxa.4237.1.130",NA,"UMU","Ornosa, C.; Torres, F. & de la Rua, P.","",""
"Bombus","Kallobombus","soroeensis","soroeensis","Spain","Lleida","Baqueira-Ruda",NA,NA,NA,2006,7,27,NA,NA,"C. Ornosa",NA,1,0,0,0,"https://doi.org/10.11646/zootaxa.4237.1.131",NA,"UCME","Ornosa, C.; Torres, F. & de la Rua, P.","","Female queen"
"Bombus","Kallobombus","soroeensis","soroeensis","Spain","Lleida","Baños de Tredos, slope",NA,NA,NA,2014,7,10,NA,NA,"F. Torres",NA,0,0,13,1,"https://doi.org/10.11646/zootaxa.4237.1.132",NA,"UCME","Ornosa, C.; Torres, F. & de la Rua, P.","",""
"Bombus","Kallobombus","soroeensis","soroeensis","Spain","Lleida","Espot",NA,NA,NA,2012,8,12,NA,NA,"P. De la Rua ",NA,0,1,0,0,"https://doi.org/10.11646/zootaxa.4237.1.133",NA,"UMU","Ornosa, C.; Torres, F. & de la Rua, P.","",""
"Bombus","Kallobombus","soroeensis","soroeensis","Spain","Lleida","Estany Llong",NA,NA,NA,2014,7,9,NA,NA,"F. Torres",NA,0,0,3,1,"https://doi.org/10.11646/zootaxa.4237.1.134",NA,"UCME","Ornosa, C.; Torres, F. & de la Rua, P.","",""
"Bombus","Kallobombus","soroeensis","soroeensis","Spain","Lleida","Estany Sant Maurici",NA,NA,NA,2006,7,26,NA,NA,"C. Ornosa",NA,0,0,2,1,"https://doi.org/10.11646/zootaxa.4237.1.135",NA,"UCME","Ornosa, C.; Torres, F. & de la Rua, P.","",""
"Bombus","Kallobombus","soroeensis","soroeensis","Spain","Lleida","Estany Ratera-Mirador track",NA,NA,NA,2006,7,26,NA,NA,"C. Ornosa",NA,0,0,2,1,"https://doi.org/10.11646/zootaxa.4237.1.136",NA,"UCME","Ornosa, C.; Torres, F. & de la Rua, P.","",""
"Bombus","Kallobombus","soroeensis","soroeensis","Spain","Lleida","Estany Ratera-Mirador track",NA,NA,NA,2014,7,8,NA,NA,"C. Ornosa",NA,0,0,2,1,"https://doi.org/10.11646/zootaxa.4237.1.137",NA,"UCME","Ornosa, C.; Torres, F. & de la Rua, P.","",""
"Bombus","Kallobombus","soroeensis","soroeensis","Spain","Lleida","Estany ratera-Estany Sant Maurici",NA,NA,NA,2006,7,26,NA,NA,"C. Ornosa",NA,0,0,1,1,"https://doi.org/10.11646/zootaxa.4237.1.138",NA,"UCME","Ornosa, C.; Torres, F. & de la Rua, P.","Collected in grasslands between Estany Ratera and Estany Sant Maurici",""
"Bombus","Kallobombus","soroeensis","soroeensis","Spain","Lleida","Estany Ratera-Estany Sant Maurici",NA,NA,NA,2014,7,8,NA,NA,"C. Ornosa",NA,0,0,3,1,"https://doi.org/10.11646/zootaxa.4237.1.139",NA,"UCME","Ornosa, C.; Torres, F. & de la Rua, P.","Collected in grasslands between Estany Ratera and Estany Sant Maurici",""
"Bombus","Kallobombus","soroeensis","soroeensis","Spain","Lleida","Ruda, track",NA,NA,NA,2014,7,8,NA,NA,"C. Ornosa",NA,0,0,3,1,"https://doi.org/10.11646/zootaxa.4237.1.140",NA,"UCME","Ornosa, C.; Torres, F. & de la Rua, P.","",""
"Bombus","Kallobombus","soroeensis","soroeensis","Spain","Lleida","Salardú",NA,NA,NA,2006,7,27,NA,NA,"C. Ornosa",NA,0,0,1,1,"https://doi.org/10.11646/zootaxa.4237.1.141",NA,"UCME","Ornosa, C.; Torres, F. & de la Rua, P.","",""
"Bombus","Megabombus","hortorum","hortorum","Spain","Girona","Campodron",NA,NA,NA,2009,7,23,NA,NA,"C. Ornosa",NA,2,0,0,0,"https://doi.org/10.11646/zootaxa.4237.1.142",NA,"UCME","Ornosa, C.; Torres, F. & de la Rua, P.","","Female queen"
"Bombus","Megabombus","hortorum","hortorum","Spain","Girona","La Molina, ski resort",NA,NA,NA,2009,7,25,NA,NA,"C. Ornosa",NA,3,0,0,0,"https://doi.org/10.11646/zootaxa.4237.1.143",NA,"UCME","Ornosa, C.; Torres, F. & de la Rua, P.","","Female queen"
"Bombus","Megabombus","hortorum","hortorum","Spain","Girona","Nuria",NA,NA,NA,2015,7,10,NA,NA,"F. Torres",NA,6,0,0,0,"https://doi.org/10.11646/zootaxa.4237.1.144",NA,"UCME","Ornosa, C.; Torres, F. & de la Rua, P.","","Female queen"
"Bombus","Megabombus","hortorum","hortorum","Spain","Girona","Ribes de Freser",NA,NA,NA,2009,6,NA,NA,NA,"P. Vargas",NA,3,0,0,0,"https://doi.org/10.11646/zootaxa.4237.1.145",NA,"UCME","Ornosa, C.; Torres, F. & de la Rua, P.","","Female queen"
"Bombus","Megabombus","hortorum","hortorum","Spain","Girona","La Molina, Roc Blanco",NA,NA,NA,2009,7,25,NA,NA,"C. Ornosa",NA,0,0,1,1,"https://doi.org/10.11646/zootaxa.4237.1.146",NA,"UCME","Ornosa, C.; Torres, F. & de la Rua, P.","",""
"Bombus","Megabombus","hortorum","hortorum","Spain","Girona","Setcases",NA,NA,NA,2009,7,23,NA,NA,"C. Ornosa",NA,0,2,3,0,"https://doi.org/10.11646/zootaxa.4237.1.147",NA,"UCME","Ornosa, C.; Torres, F. & de la Rua, P.","",""
"Bombus","Megabombus","hortorum","hortorum","Spain","Girona","Ordesa, Gradas de Soaso",NA,NA,NA,2014,8,8,NA,NA,"P. Acosta",NA,0,0,2,1,"https://doi.org/10.11646/zootaxa.4237.1.148",NA,"UMU","Ornosa, C.; Torres, F. & de la Rua, P.","",""
"Bombus","Megabombus","hortorum","hortorum","Spain","Girona","San Nicolas de Bujaruelo",NA,NA,NA,2014,8,9,NA,NA,"P. De la Rua ",NA,0,1,2,0,"https://doi.org/10.11646/zootaxa.4237.1.149",NA,"UMU","Ornosa, C.; Torres, F. & de la Rua, P.","",""
"Bombus","Megabombus","hortorum","hortorum","Spain","Girona","Selva de Oza, Aguas Tortas",NA,NA,NA,2009,7,10,NA,NA,"C. Ornosa",NA,0,0,2,1,"https://doi.org/10.11646/zootaxa.4237.1.150",NA,"UCME","Ornosa, C.; Torres, F. & de la Rua, P.","",""
"Bombus","Megabombus","hortorum","hortorum","Spain","Girona","Zuriza",NA,NA,NA,2006,6,5,NA,NA,"C. Ornosa",NA,0,0,3,1,"https://doi.org/10.11646/zootaxa.4237.1.151",NA,"UCME","Ornosa, C.; Torres, F. & de la Rua, P.","",""
"Bombus","Megabombus","hortorum","hortorum","Spain","Girona","Zuriza",NA,NA,NA,2009,7,11,NA,NA,"C. Ornosa",NA,1,0,0,0,"https://doi.org/10.11646/zootaxa.4237.1.152",NA,"UCME","Ornosa, C.; Torres, F. & de la Rua, P.","","Female queen"
"Bombus","Megabombus","hortorum","hortorum","Spain","Lleida","Artiga de Lin",NA,NA,NA,2012,8,14,NA,NA,"P. De la Rua ",NA,0,1,3,0,"https://doi.org/10.11646/zootaxa.4237.1.153",NA,"UMU","Ornosa, C.; Torres, F. & de la Rua, P.","",""
"Bombus","Megabombus","hortorum","hortorum","Spain","Lleida","Baños de Tredos",NA,NA,NA,2014,7,10,NA,NA,"C. Ornosa",NA,2,0,3,0,"https://doi.org/10.11646/zootaxa.4237.1.154",NA,"UCME","Ornosa, C.; Torres, F. & de la Rua, P.","","Female queen"
"Bombus","Megabombus","hortorum","hortorum","Spain","Lleida","Baños de Tredos, slope",NA,NA,NA,2014,7,10,NA,NA,"F. Torres",NA,1,0,0,0,"https://doi.org/10.11646/zootaxa.4237.1.155",NA,"UCME","Ornosa, C.; Torres, F. & de la Rua, P.","","Female queen"
"Bombus","Megabombus","hortorum","hortorum","Spain","Lleida","San Nicolas chapel-Estany Llebrera",NA,NA,NA,2014,7,9,NA,NA,"C. Ornosa",NA,0,0,1,1,"https://doi.org/10.11646/zootaxa.4237.1.156",NA,"UCME","Ornosa, C.; Torres, F. & de la Rua, P.","",""
"Bombus","Megabombus","hortorum","hortorum","Spain","Lleida","Ruda, track",NA,NA,NA,2014,7,8,NA,NA,"C. Ornosa",NA,0,0,2,1,"https://doi.org/10.11646/zootaxa.4237.1.157",NA,"UCME","Ornosa, C.; Torres, F. & de la Rua, P.","",""
"Bombus","Megabombus","hortorum","hortorum","Spain","Lleida","Viella",NA,NA,NA,2012,8,13,NA,NA,"P. De la Rua ",NA,0,0,4,1,"https://doi.org/10.11646/zootaxa.4237.1.158",NA,"UMU","Ornosa, C.; Torres, F. & de la Rua, P.","",""
"Bombus","Melanobombus","lapidarius","decipiens","Andorra","Soldeu","Soldeu",NA,NA,NA,2006,7,28,NA,NA,"C. Ornosa",NA,0,0,6,1,"https://doi.org/10.11646/zootaxa.4237.1.159",NA,"UCME","Ornosa, C.; Torres, F. & de la Rua, P.","",""
"Bombus","Melanobombus","lapidarius","decipiens","Spain","Girona","Campodron, ski resort",NA,NA,NA,2009,7,23,NA,NA,"C. Ornosa",NA,0,0,4,1,"https://doi.org/10.11646/zootaxa.4237.1.160",NA,"UCME","Ornosa, C.; Torres, F. & de la Rua, P.","",""
"Bombus","Melanobombus","lapidarius","decipiens","Spain","Girona","Nuria, Bosc de la Verge",NA,NA,NA,2009,7,24,NA,NA,"C. Ornosa",NA,1,0,2,0,"https://doi.org/10.11646/zootaxa.4237.1.161",NA,"UCME","Ornosa, C.; Torres, F. & de la Rua, P.","","Female queen"
"Bombus","Melanobombus","lapidarius","decipiens","Spain","Girona","Ribes de Freser",NA,NA,NA,2015,7,9,NA,NA,"C. Ornosa",NA,0,0,2,1,"https://doi.org/10.11646/zootaxa.4237.1.162",NA,"UCME","Ornosa, C.; Torres, F. & de la Rua, P.","",""
"Bombus","Melanobombus","lapidarius","decipiens","Spain","Huesca","Benasque",NA,NA,NA,2011,7,15,NA,NA,"C. Ornosa",NA,0,0,1,1,"https://doi.org/10.11646/zootaxa.4237.1.163",NA,"UCME","Ornosa, C.; Torres, F. & de la Rua, P.","",""
"Bombus","Melanobombus","lapidarius","decipiens","Spain","Huesca","Cerler",NA,NA,NA,2011,7,13,NA,NA,"C. Ornosa",NA,0,0,6,1,"https://doi.org/10.11646/zootaxa.4237.1.164",NA,"UCME","Ornosa, C.; Torres, F. & de la Rua, P.","",""
"Bombus","Melanobombus","lapidarius","decipiens","Spain","Huesca","Chia, Mirador, Valle de Benasque",NA,NA,NA,2011,7,14,NA,NA,"C. Ornosa",NA,0,0,2,1,"https://doi.org/10.11646/zootaxa.4237.1.165",NA,"UCME","Ornosa, C.; Torres, F. & de la Rua, P.","",""
"Bombus","Melanobombus","lapidarius","decipiens","Spain","Huesca","Sahún pass",NA,NA,NA,2011,7,14,NA,NA,"C. Ornosa",NA,0,0,5,1,"https://doi.org/10.11646/zootaxa.4237.1.166",NA,"UCME","Ornosa, C.; Torres, F. & de la Rua, P.","",""
"Bombus","Melanobombus","lapidarius","decipiens","Spain","Huesca","Selva de Oza, Aguas Tortas track",NA,NA,NA,2009,7,10,NA,NA,"C. Ornosa",NA,0,0,1,1,"https://doi.org/10.11646/zootaxa.4237.1.167",NA,"UCME","Ornosa, C.; Torres, F. & de la Rua, P.","",""
"Bombus","Melanobombus","lapidarius","decipiens","Spain","Lleida","Aiguestortes, threshold",NA,NA,NA,2006,7,26,NA,NA,"C. Ornosa",NA,0,0,1,1,"https://doi.org/10.11646/zootaxa.4237.1.168",NA,"UCME","Ornosa, C.; Torres, F. & de la Rua, P.","",""
"Bombus","Melanobombus","lapidarius","decipiens","Spain","Lleida","Baños de Tredos, slope",NA,NA,NA,2014,7,10,NA,NA,"F. Torres",NA,0,0,1,1,"https://doi.org/10.11646/zootaxa.4237.1.169",NA,"UCME","Ornosa, C.; Torres, F. & de la Rua, P.","",""
"Bombus","Melanobombus","lapidarius","decipiens","Spain","Lleida","Baqueira-Ruda",NA,NA,NA,2006,7,27,NA,NA,"C. Ornosa",NA,0,1,0,0,"https://doi.org/10.11646/zootaxa.4237.1.170",NA,"UCME","Ornosa, C.; Torres, F. & de la Rua, P.","",""
"Bombus","Melanobombus","lapidarius","decipiens","Spain","Lleida","Espot",NA,NA,NA,2006,7,25,NA,NA,"C. Ornosa",NA,0,0,5,1,"https://doi.org/10.11646/zootaxa.4237.1.171",NA,"UCME","Ornosa, C.; Torres, F. & de la Rua, P.","",""
"Bombus","Melanobombus","lapidarius","decipiens","Spain","Lleida","Espot, slope",NA,NA,NA,2006,7,25,NA,NA,"C. Ornosa",NA,0,1,0,0,"https://doi.org/10.11646/zootaxa.4237.1.172",NA,"UCME","Ornosa, C.; Torres, F. & de la Rua, P.","",""
"Bombus","Melanobombus","lapidarius","decipiens","Spain","Lleida","Espot, ski resort",NA,NA,NA,2014,7,8,NA,NA,"C. Ornosa",NA,0,0,2,1,"https://doi.org/10.11646/zootaxa.4237.1.173",NA,"UCME","Ornosa, C.; Torres, F. & de la Rua, P.","",""
"Bombus","Melanobombus","lapidarius","decipiens","Spain","Lleida","Estany Sant Maurici",NA,NA,NA,2006,7,26,NA,NA,"C. Ornosa",NA,0,0,7,1,"https://doi.org/10.11646/zootaxa.4237.1.174",NA,"UCME","Ornosa, C.; Torres, F. & de la Rua, P.","",""
"Bombus","Melanobombus","lapidarius","decipiens","Spain","Lleida","Estany Sant Maurici",NA,NA,NA,2014,7,8,NA,NA,"C. Ornosa",NA,0,0,1,1,"https://doi.org/10.11646/zootaxa.4237.1.175",NA,"UCME","Ornosa, C.; Torres, F. & de la Rua, P.","",""
"Bombus","Melanobombus","lapidarius","decipiens","Spain","Lleida","Estany Ratera-Estany Sant Maurici",NA,NA,NA,2006,7,26,NA,NA,"C. Ornosa",NA,0,0,3,1,"https://doi.org/10.11646/zootaxa.4237.1.176",NA,"UCME","Ornosa, C.; Torres, F. & de la Rua, P.","Collected in grasslands between Estany Ratera and Estany Sant Maurici",""
"Bombus","Melanobombus","lapidarius","decipiens","Spain","Lleida","La Bonaigua",NA,NA,NA,2006,7,27,NA,NA,"C. Ornosa",NA,0,0,1,1,"https://doi.org/10.11646/zootaxa.4237.1.177",NA,"UCME","Ornosa, C.; Torres, F. & de la Rua, P.","",""
"Bombus","Melanobombus","lapidarius","decipiens","Spain","Lleida","La Bonaigua, La Peulla",NA,NA,NA,2006,7,27,NA,NA,"C. Ornosa",NA,0,0,3,1,"https://doi.org/10.11646/zootaxa.4237.1.178",NA,"UCME","Ornosa, C.; Torres, F. & de la Rua, P.","",""
"Bombus","Melanobombus","lapidarius","decipiens","Spain","Lleida","Ruda, track",NA,NA,NA,2014,7,8,NA,NA,"C. Ornosa",NA,0,0,1,1,"https://doi.org/10.11646/zootaxa.4237.1.179",NA,"UCME","Ornosa, C.; Torres, F. & de la Rua, P.","",""
"Bombus","Melanobombus","lapidarius","lapidarius","Spain","Girona","Campodron, ski resort",NA,NA,NA,2015,7,8,NA,NA,"C. Ornosa",NA,0,0,2,1,"https://doi.org/10.11646/zootaxa.4237.1.180",NA,"UCME","Ornosa, C.; Torres, F. & de la Rua, P.","",""
"Bombus","Melanobombus","lapidarius","lapidarius","Spain","Girona","La Molina, ski resort",NA,NA,NA,2015,7,9,NA,NA,"F. Torres",NA,0,0,2,1,"https://doi.org/10.11646/zootaxa.4237.1.181",NA,"UCME","Ornosa, C.; Torres, F. & de la Rua, P.","",""
"Bombus","Melanobombus","lapidarius","lapidarius","Spain","Girona","Nuria",NA,NA,NA,2009,7,24,NA,NA,"C. Ornosa",NA,0,0,1,1,"https://doi.org/10.11646/zootaxa.4237.1.182",NA,"UCME","Ornosa, C.; Torres, F. & de la Rua, P.","",""
"Bombus","Melanobombus","lapidarius","lapidarius","Spain","Girona","Nuria, Pic de l´Aliga",NA,NA,NA,2015,7,10,NA,NA,"C. Ornosa",NA,1,0,2,0,"https://doi.org/10.11646/zootaxa.4237.1.183",NA,"UCME","Ornosa, C.; Torres, F. & de la Rua, P.","","Female queen"
"Bombus","Melanobombus","lapidarius","lapidarius","Spain","Girona","Ribes de Freser",NA,NA,NA,2009,4,24,NA,NA,"C. Ornosa",NA,0,0,4,1,"https://doi.org/10.11646/zootaxa.4237.1.184",NA,"UCME","Ornosa, C.; Torres, F. & de la Rua, P.","",""
"Bombus","Melanobombus","lapidarius","lapidarius","Spain","Girona","Ribes de Freser",NA,NA,NA,2015,7,9,NA,NA,"C. Ornosa",NA,0,0,2,1,"https://doi.org/10.11646/zootaxa.4237.1.185",NA,"UCME","Ornosa, C.; Torres, F. & de la Rua, P.","",""
"Bombus","Melanobombus","lapidarius","lapidarius","Spain","Huesca","Biescas",NA,NA,NA,2014,8,10,NA,NA,"E. Acosta",NA,0,0,3,1,"https://doi.org/10.11646/zootaxa.4237.1.186",NA,"UMU","Ornosa, C.; Torres, F. & de la Rua, P.","",""
"Bombus","Melanobombus","lapidarius","lapidarius","Spain","Huesca","Canfranc, railway station",NA,NA,NA,2006,7,3,NA,NA,"C. Ornosa",NA,0,0,2,1,"https://doi.org/10.11646/zootaxa.4237.1.187",NA,"UCME","Ornosa, C.; Torres, F. & de la Rua, P.","",""
"Bombus","Melanobombus","lapidarius","lapidarius","Spain","Huesca","Hecho-Anso mountain pass",NA,NA,NA,2014,8,11,NA,NA,"P. De la Rua ",NA,0,1,1,0,"https://doi.org/10.11646/zootaxa.4237.1.188",NA,"UMU","Ornosa, C.; Torres, F. & de la Rua, P.","",""
"Bombus","Melanobombus","lapidarius","lapidarius","Spain","Huesca","Ordesa, Gradas de Soaso",NA,NA,NA,2006,7,4,NA,NA,"C. Ornosa",NA,1,0,2,0,"https://doi.org/10.11646/zootaxa.4237.1.189",NA,"UCME","Ornosa, C.; Torres, F. & de la Rua, P.","","Female queen"
"Bombus","Melanobombus","lapidarius","lapidarius","Spain","Huesca","Ordesa, Gradas de Soaso",NA,NA,NA,2013,7,10,NA,NA,"C. Ornosa",NA,1,0,0,0,"https://doi.org/10.11646/zootaxa.4237.1.190",NA,"","Ornosa, C.; Torres, F. & de la Rua, P.","","Female queen"
"Bombus","Melanobombus","lapidarius","lapidarius","Spain","Huesca","Ordesa, Laña Sarratieto",NA,NA,NA,2013,7,10,NA,NA,"C. Ornosa",NA,2,0,0,0,"https://doi.org/10.11646/zootaxa.4237.1.191",NA,"UCME","Ornosa, C.; Torres, F. & de la Rua, P.","","Female queen"
"Bombus","Melanobombus","lapidarius","lapidarius","Spain","Huesca","Panticosa, alto",NA,NA,NA,2001,6,5,NA,NA,"C. Ornosa",NA,0,1,10,0,"https://doi.org/10.11646/zootaxa.4237.1.192",NA,"UCME","Ornosa, C.; Torres, F. & de la Rua, P.","",""
"Bombus","Melanobombus","lapidarius","lapidarius","Spain","Huesca","Las Cutas track",NA,NA,NA,2013,7,11,NA,NA,"C. Ornosa",NA,3,0,0,0,"https://doi.org/10.11646/zootaxa.4237.1.193",NA,"UCME","Ornosa, C.; Torres, F. & de la Rua, P.","","Female queen"
"Bombus","Melanobombus","lapidarius","lapidarius","Spain","Huesca","Selva de Oza, Aguas Tortas track",NA,NA,NA,2009,7,10,NA,NA,"C. Ornosa",NA,0,0,2,1,"https://doi.org/10.11646/zootaxa.4237.1.194",NA,"UCME","Ornosa, C.; Torres, F. & de la Rua, P.","",""
"Bombus","Melanobombus","lapidarius","lapidarius","Spain","Huesca","San Nicolas de Bujaruelo",NA,NA,NA,2014,8,9,NA,NA,"P. De la Rua ",NA,0,1,14,0,"https://doi.org/10.11646/zootaxa.4237.1.195",NA,"UMU","Ornosa, C.; Torres, F. & de la Rua, P.","",""
"Bombus","Melanobombus","lapidarius","lapidarius","Spain","Huesca","Zuriza",NA,NA,NA,2009,7,12,NA,NA,"C. Ornosa",NA,0,1,2,0,"https://doi.org/10.11646/zootaxa.4237.1.196",NA,"UCME","Ornosa, C.; Torres, F. & de la Rua, P.","",""
"Bombus","Melanobombus","lapidarius","lapidarius","Spain","Lleida","Artiga de Lin",NA,NA,NA,2012,8,14,NA,NA,"P. De la Rua ",NA,0,0,1,1,"https://doi.org/10.11646/zootaxa.4237.1.197",NA,"UMU","Ornosa, C.; Torres, F. & de la Rua, P.","",""
"Bombus","Melanobombus","lapidarius","lapidarius","Spain","Lleida","Estany Sant Maurici",NA,NA,NA,2014,7,8,NA,NA,"C. Ornosa",NA,0,0,1,1,"https://doi.org/10.11646/zootaxa.4237.1.198",NA,"UCME","Ornosa, C.; Torres, F. & de la Rua, P.","",""
"Bombus","Melanobombus","lapidarius","lapidarius","Spain","Lleida","Ruda, track",NA,NA,NA,2014,7,8,NA,NA,"C. Ornosa",NA,0,0,2,1,"https://doi.org/10.11646/zootaxa.4237.1.199",NA,"UCME","Ornosa, C.; Torres, F. & de la Rua, P.","",""
"Bombus","Melanobombus","lapidarius","lapidarius","Spain","Navarra","Abodi pass",NA,NA,NA,2009,7,11,NA,NA,"C. Ornosa",NA,1,0,0,0,"https://doi.org/10.11646/zootaxa.4237.1.200",NA,"UCME","Ornosa, C.; Torres, F. & de la Rua, P.","","Female queen"
"Bombus","Melanobombus","sichelii","flavissumus","Andorra","Soldeu","Soldeu",NA,NA,NA,2006,7,28,NA,NA,"C. Ornosa",NA,0,0,4,1,"https://doi.org/10.11646/zootaxa.4237.1.201",NA,"UCME","Ornosa, C.; Torres, F. & de la Rua, P.","",""
"Bombus","Melanobombus","sichelii","flavissumus","Spain","Girona","Nuria",NA,NA,NA,2009,7,24,NA,NA,"C. Ornosa",NA,0,0,1,1,"https://doi.org/10.11646/zootaxa.4237.1.202",NA,"UCME","Ornosa, C.; Torres, F. & de la Rua, P.","",""
"Bombus","Melanobombus","sichelii","flavissumus","Spain","Girona","Nuria, Pic de l´Aliga",NA,NA,NA,2009,7,24,NA,NA,"C. Ornosa",NA,0,0,10,1,"https://doi.org/10.11646/zootaxa.4237.1.203",NA,"UCME","Ornosa, C.; Torres, F. & de la Rua, P.","",""
"Bombus","Melanobombus","sichelii","flavissumus","Spain","Huesca","Chia, Mirador, Valle de Benasque",NA,NA,NA,2011,7,14,NA,NA,"C. Ornosa",NA,0,1,1,0,"https://doi.org/10.11646/zootaxa.4237.1.204",NA,"UCME","Ornosa, C.; Torres, F. & de la Rua, P.","",""
"Bombus","Melanobombus","sichelii","flavissumus","Spain","Huesca","Sahún pass",NA,NA,NA,2011,7,14,NA,NA,"C. Ornosa",NA,1,4,1,0,"https://doi.org/10.11646/zootaxa.4237.1.205",NA,"UCME","Ornosa, C.; Torres, F. & de la Rua, P.","","Female queen"
"Bombus","Melanobombus","sichelii","flavissumus","Spain","Huesca","La Besurta, Ibo de Villamorta",NA,NA,NA,2011,7,15,NA,NA,"C. Ornosa",NA,0,0,6,1,"https://doi.org/10.11646/zootaxa.4237.1.206",NA,"UCME","Ornosa, C.; Torres, F. & de la Rua, P.","",""
"Bombus","Melanobombus","sichelii","flavissumus","Spain","Lleida","Artiga de Lin",NA,NA,NA,2012,8,15,NA,NA,"P. De la Rua ",NA,0,0,1,1,"https://doi.org/10.11646/zootaxa.4237.1.207",NA,"UMU","Ornosa, C.; Torres, F. & de la Rua, P.","",""
"Bombus","Melanobombus","sichelii","flavissumus","Spain","Lleida","Baqueira-Ruda",NA,NA,NA,2006,7,27,NA,NA,"C. Ornosa",NA,0,1,0,0,"https://doi.org/10.11646/zootaxa.4237.1.208",NA,"UCME","Ornosa, C.; Torres, F. & de la Rua, P.","",""
"Bombus","Melanobombus","sichelii","flavissumus","Spain","Lleida","Aiguestortes, threshold",NA,NA,NA,2006,7,26,NA,NA,"C. Ornosa",NA,0,1,0,0,"https://doi.org/10.11646/zootaxa.4237.1.209",NA,"UCME","Ornosa, C.; Torres, F. & de la Rua, P.","",""
"Bombus","Melanobombus","sichelii","flavissumus","Spain","Lleida","Estany Ratera-Estany Sant Maurici",NA,NA,NA,2014,7,8,NA,NA,"C. Ornosa",NA,0,0,1,1,"https://doi.org/10.11646/zootaxa.4237.1.210",NA,"UCME","Ornosa, C.; Torres, F. & de la Rua, P.","Collected in grasslands between Estany Ratera and Estany Sant Maurici",""
"Bombus","Melanobombus","sichelii","flavissumus","Spain","Lleida","Jou road",NA,NA,NA,2006,7,27,NA,NA,"C. Ornosa",NA,0,0,1,1,"https://doi.org/10.11646/zootaxa.4237.1.211",NA,"UCME","Ornosa, C.; Torres, F. & de la Rua, P.","",""
"Bombus","Melanobombus","sichelii","flavissumus","Spain","Lleida","Estany Ratera track",NA,NA,NA,2006,7,26,NA,NA,"C. Ornosa",NA,0,0,1,1,"https://doi.org/10.11646/zootaxa.4237.1.212",NA,"UCME","Ornosa, C.; Torres, F. & de la Rua, P.","",""
"Bombus","Mendacibombus","mendax","latofasciatus","Spain","Lleida","Estany Ratera-Mirador track",NA,NA,NA,2006,7,26,NA,NA,"C. Ornosa",NA,0,0,1,1,"https://doi.org/10.11646/zootaxa.4237.1.213",NA,"UCME","Ornosa, C.; Torres, F. & de la Rua, P.","",""
"Bombus","Psithyrus","bohemicus ","","Andorra","Soldeu","Soldeu",NA,NA,NA,2006,7,28,NA,NA,"C. Ornosa",NA,0,1,0,0,"https://doi.org/10.11646/zootaxa.4237.1.214",NA,"UCME","Ornosa, C.; Torres, F. & de la Rua, P.","",""
"Bombus","Psithyrus","bohemicus ","","Spain","Girona","La Molina road",NA,NA,NA,2009,7,25,NA,NA,"C. Ornosa",NA,0,1,0,0,"https://doi.org/10.11646/zootaxa.4237.1.215",NA,"UCME","Ornosa, C.; Torres, F. & de la Rua, P.","",""
"Bombus","Psithyrus","bohemicus ","","Spain","Huesca","Biescas",NA,NA,NA,2014,8,10,NA,NA,"E. Acosta",NA,0,1,0,0,"https://doi.org/10.11646/zootaxa.4237.1.216",NA,"UMU","Ornosa, C.; Torres, F. & de la Rua, P.","",""
"Bombus","Psithyrus","bohemicus ","","Spain","Huesca","Ordesa, pradera",NA,NA,NA,2006,7,4,NA,NA,"C. Ornosa",NA,1,6,0,0,"https://doi.org/10.11646/zootaxa.4237.1.217",NA,"UCME","Ornosa, C.; Torres, F. & de la Rua, P.","","Female queen"
"Bombus","Psithyrus","bohemicus ","","Spain","Huesca","Ordesa, Gradas de Soaso",NA,NA,NA,2014,8,8,NA,NA,"E. Acosta",NA,0,1,0,0,"https://doi.org/10.11646/zootaxa.4237.1.218",NA,"UMU","Ornosa, C.; Torres, F. & de la Rua, P.","",""
"Bombus","Psithyrus","bohemicus ","","Spain","Huesca","Parzan",NA,NA,NA,2009,7,8,NA,NA,"V. Montserrat",NA,0,1,0,0,"https://doi.org/10.11646/zootaxa.4237.1.219",NA,"UCME","Ornosa, C.; Torres, F. & de la Rua, P.","",""
"Bombus","Psithyrus","bohemicus ","","Spain","Huesca","San Nicolas de Bujaruelo",NA,NA,NA,2014,8,9,NA,NA,"P. De la Rua ",NA,0,4,0,0,"https://doi.org/10.11646/zootaxa.4237.1.220",NA,"UMU","Ornosa, C.; Torres, F. & de la Rua, P.","",""
"Bombus","Psithyrus","bohemicus ","","Spain","Lleida","Aiguestortes, threshold",NA,NA,NA,2006,7,26,NA,NA,"C. Ornosa",NA,0,4,0,0,"https://doi.org/10.11646/zootaxa.4237.1.221",NA,"UCME","Ornosa, C.; Torres, F. & de la Rua, P.","",""
"Bombus","Psithyrus","bohemicus ","","Spain","Lleida","Estany Ratera-Estany Sant Maurici",NA,NA,NA,2006,7,26,NA,NA,"C. Ornosa",NA,0,1,0,0,"https://doi.org/10.11646/zootaxa.4237.1.222",NA,"UCME","Ornosa, C.; Torres, F. & de la Rua, P.","Collected in grasslands between Estany Ratera and Estany Sant Maurici",""
"Bombus","Psithyrus","bohemicus ","","Spain","Lleida","Estany Ratera-Mirador track",NA,NA,NA,2006,7,26,NA,NA,"C. Ornosa",NA,0,4,0,0,"https://doi.org/10.11646/zootaxa.4237.1.223",NA,"UCME","Ornosa, C.; Torres, F. & de la Rua, P.","",""
"Bombus","Psithyrus","bohemicus ","","Spain","Lleida","Estany Ratera track",NA,NA,NA,2006,7,26,NA,NA,"C. Ornosa",NA,0,3,0,0,"https://doi.org/10.11646/zootaxa.4237.1.224",NA,"UCME","Ornosa, C.; Torres, F. & de la Rua, P.","",""
"Bombus","Psithyrus","bohemicus ","","Spain","Lleida","Jou road",NA,NA,NA,2014,7,10,NA,NA,"C. Ornosa",NA,0,1,0,0,"https://doi.org/10.11646/zootaxa.4237.1.225",NA,"UCME","Ornosa, C.; Torres, F. & de la Rua, P.","",""
"Bombus","Psithyrus","bohemicus ","","Spain","Lleida","La Bonaigua, La Peulla",NA,NA,NA,2006,7,27,NA,NA,"C. Ornosa",NA,0,2,0,0,"https://doi.org/10.11646/zootaxa.4237.1.226",NA,"UCME","Ornosa, C.; Torres, F. & de la Rua, P.","",""
"Bombus","Psithyrus","vestalis","obenbergeri","Spain","Girona","La Molina, ski resort",NA,NA,NA,2015,7,9,NA,NA,"F. Torres",NA,0,1,0,0,"https://doi.org/10.11646/zootaxa.4237.1.227",NA,"UCME","Ornosa, C.; Torres, F. & de la Rua, P.","",""
"Bombus","Psithyrus","vestalis","obenbergeri","Spain","Girona","Nuria, Bosc de la Verge",NA,NA,NA,2015,7,10,NA,NA,"C. Ornosa",NA,0,1,0,0,"https://doi.org/10.11646/zootaxa.4237.1.228",NA,"UCME","Ornosa, C.; Torres, F. & de la Rua, P.","",""
"Bombus","Psithyrus","flavidus","lutenscens","Spain","Lleida","Estany Ratera track",NA,NA,NA,2006,7,26,NA,NA,"C. Ornosa",NA,0,2,0,0,"https://doi.org/10.11646/zootaxa.4237.1.229",NA,"UCME","Ornosa, C.; Torres, F. & de la Rua, P.","",""
"Bombus","Psithyrus","quadricolor","","Spain","Girona","Campodron, ski resort",NA,NA,NA,2009,7,23,NA,NA,"C. Ornosa",NA,0,1,0,0,"https://doi.org/10.11646/zootaxa.4237.1.230",NA,"UCME","Ornosa, C.; Torres, F. & de la Rua, P.","",""
"Bombus","Psithyrus","quadricolor","","Spain","Huesca","Ordesa, pradera",NA,NA,NA,2006,7,4,NA,NA,"C. Ornosa",NA,1,0,0,0,"https://doi.org/10.11646/zootaxa.4237.1.231",NA,"UCME","Ornosa, C.; Torres, F. & de la Rua, P.","","Female queen"
"Bombus","Psithyrus","quadricolor","","Spain","Huesca","Ordesa, Laña Sarratieto",NA,NA,NA,2013,7,10,NA,NA,"C. Ornosa",NA,0,0,0,1,"https://doi.org/10.11646/zootaxa.4237.1.232",NA,"UCME","Ornosa, C.; Torres, F. & de la Rua, P.","",""
"Bombus","Psithyrus","quadricolor","","Spain","Lleida","Baños de Tredos, slope",NA,NA,NA,2014,7,10,NA,NA,"F. Torres",NA,1,0,0,0,"https://doi.org/10.11646/zootaxa.4237.1.233",NA,"UCME","Ornosa, C.; Torres, F. & de la Rua, P.","","Female queen"
"Bombus","Psithyrus","rupestris","rupestris","Spain","Huesca","Ordesa, Circo de Soaso",NA,NA,NA,2013,7,10,NA,NA,"C. Ornosa",NA,0,0,0,1,"https://doi.org/10.11646/zootaxa.4237.1.234",NA,"UCME","Ornosa, C.; Torres, F. & de la Rua, P.","",""
"Bombus","Psithyrus","rupestris","rupestris","Spain","Lleida","Aiguestortes, threshold",NA,NA,NA,2006,7,26,NA,NA,"C. Ornosa",NA,1,0,0,0,"https://doi.org/10.11646/zootaxa.4237.1.235",NA,"UCME","Ornosa, C.; Torres, F. & de la Rua, P.","","Female queen"
"Bombus","Psithyrus","rupestris","rupestris","Spain","Lleida","Ruda, track",NA,NA,NA,2014,7,10,NA,NA,"C. Ornosa",NA,0,0,0,1,"https://doi.org/10.11646/zootaxa.4237.1.236",NA,"UCME","Ornosa, C.; Torres, F. & de la Rua, P.","",""
"Bombus","Psithyrus","rupestris","vasco","Spain","Huesca","Formigal",NA,NA,NA,2009,7,9,NA,NA,"C. Ornosa",NA,1,0,0,0,"https://doi.org/10.11646/zootaxa.4237.1.237",NA,"UCME","Ornosa, C.; Torres, F. & de la Rua, P.","","Female queen"
"Bombus","Psithyrus","rupestris","vasco","Spain","Huesca","Panticosa, alto",NA,NA,NA,2006,7,5,NA,NA,"C. Ornosa",NA,1,0,0,0,"https://doi.org/10.11646/zootaxa.4237.1.238",NA,"UCME","Ornosa, C.; Torres, F. & de la Rua, P.","","Female queen"
"Bombus","Psithyrus","rupestris","vasco","Spain","Lleida","Baños de Tredos, slope",NA,NA,NA,2014,7,10,NA,NA,"F. Torres",NA,1,0,0,0,"https://doi.org/10.11646/zootaxa.4237.1.239",NA,"UCME","Ornosa, C.; Torres, F. & de la Rua, P.","","Female queen"
"Bombus","Psithyrus","sylvestris","","Spain","Huesca","Ordesa, pradera",NA,NA,NA,2006,7,4,NA,NA,"C. Ornosa",NA,0,1,0,0,"https://doi.org/10.11646/zootaxa.4237.1.240",NA,"UCME","Ornosa, C.; Torres, F. & de la Rua, P.","",""
"Bombus","Psithyrus","sylvestris","","Spain","Huesca","Ordesa, Circo de Soaso",NA,NA,NA,2014,8,8,NA,NA,"P. Acosta",NA,0,1,0,0,"https://doi.org/10.11646/zootaxa.4237.1.241",NA,"UMU","Ornosa, C.; Torres, F. & de la Rua, P.","",""
"Bombus","Psithyrus","sylvestris","","Spain","Lleida","San Nicolas de Chapel Estany Llebrera",NA,NA,NA,2014,7,9,NA,NA,"F. Torres",NA,1,0,0,0,"https://doi.org/10.11646/zootaxa.4237.1.242",NA,"UCME","Ornosa, C.; Torres, F. & de la Rua, P.","","Female queen"
"Bombus","Psithyrus","sylvestris","","Spain","Lleida","Estany Llong",NA,NA,NA,2014,7,9,NA,NA,"C. Ornosa",NA,1,0,0,0,"https://doi.org/10.11646/zootaxa.4237.1.243",NA,"UCME","Ornosa, C.; Torres, F. & de la Rua, P.","","Female queen"
"Bombus","Psithyrus","sylvestris","","Spain","Lleida","Estany Ratera-Estany Sant Maurici",NA,NA,NA,2014,7,8,NA,NA,"C. Ornosa",NA,3,0,0,0,"https://doi.org/10.11646/zootaxa.4237.1.244",NA,"UCME","Ornosa, C.; Torres, F. & de la Rua, P.","Collected in grasslands between Estany Ratera and Estany Sant Maurici","Female queen"
"Bombus","Psithyrus","sylvestris","","Spain","Lleida","La Bonaigua pass",NA,NA,NA,2006,7,27,NA,NA,"C. Ornosa",NA,0,1,0,0,"https://doi.org/10.11646/zootaxa.4237.1.245",NA,"UCME","Ornosa, C.; Torres, F. & de la Rua, P.","",""
"Bombus","Pyrobombus","hypnorum","","Spain","Girona","La Molina, La Pobla road",NA,NA,NA,2009,7,25,NA,NA,"C. Ornosa",NA,0,1,0,0,"https://doi.org/10.11646/zootaxa.4237.1.246",NA,"UCME","Ornosa, C.; Torres, F. & de la Rua, P.","",""
"Bombus","Pyrobombus","hypnorum","","Spain","Girona","La Molina, ski resort",NA,NA,NA,2009,7,25,NA,NA,"C. Ornosa",NA,0,0,1,1,"https://doi.org/10.11646/zootaxa.4237.1.247",NA,"UCME","Ornosa, C.; Torres, F. & de la Rua, P.","",""
"Bombus","Pyrobombus","hypnorum","","Spain","Girona","La Molina, ski resort",NA,NA,NA,2015,7,9,NA,NA,"C. Ornosa",NA,0,0,1,1,"https://doi.org/10.11646/zootaxa.4237.1.248",NA,"UCME","Ornosa, C.; Torres, F. & de la Rua, P.","",""
"Bombus","Pyrobombus","hypnorum","","Spain","Girona","Setcases",NA,NA,NA,2015,7,8,NA,NA,"F. Torres",NA,0,0,1,1,"https://doi.org/10.11646/zootaxa.4237.1.249",NA,"UCME","Ornosa, C.; Torres, F. & de la Rua, P.","",""
"Bombus","Pyrobombus","hypnorum","","Spain","Huesca","Ordesa, pradera",NA,NA,NA,2006,7,4,NA,NA,"C. Ornosa",NA,1,3,0,0,"https://doi.org/10.11646/zootaxa.4237.1.250",NA,"UCME","Ornosa, C.; Torres, F. & de la Rua, P.","","Female queen"
"Bombus","Pyrobombus","hypnorum","","Spain","Huesca","Ordesa, Gradas de Soaso",NA,NA,NA,2006,7,4,NA,NA,"C. Ornosa",NA,0,0,1,1,"https://doi.org/10.11646/zootaxa.4237.1.251",NA,"UCME","Ornosa, C.; Torres, F. & de la Rua, P.","",""
"Bombus","Pyrobombus","hypnorum","","Spain","Lleida","Baños de Tredos",NA,NA,NA,2014,7,10,NA,NA,"C. Ornosa",NA,0,0,1,1,"https://doi.org/10.11646/zootaxa.4237.1.252",NA,"UCME","Ornosa, C.; Torres, F. & de la Rua, P.","",""
"Bombus","Pyrobombus","hypnorum","","Spain","Lleida","Estany Llong, slope",NA,NA,NA,2014,7,9,NA,NA,"F. Torres",NA,0,0,1,1,"https://doi.org/10.11646/zootaxa.4237.1.253",NA,"UCME","Ornosa, C.; Torres, F. & de la Rua, P.","",""
"Bombus","Pyrobombus","hypnorum","","Spain","Lleida","Estany Sant Maurici",NA,NA,NA,2006,7,26,NA,NA,"C. Ornosa",NA,0,0,1,1,"https://doi.org/10.11646/zootaxa.4237.1.254",NA,"UCME","Ornosa, C.; Torres, F. & de la Rua, P.","",""
"Bombus","Pyrobombus","hypnorum","","Spain","Lleida","Estany Sant Maurici",NA,NA,NA,2014,7,10,NA,NA,"C. Ornosa",NA,0,0,1,1,"https://doi.org/10.11646/zootaxa.4237.1.255",NA,"UCME","Ornosa, C.; Torres, F. & de la Rua, P.","",""
"Bombus","Pyrobombus","hypnorum","","Spain","Lleida","Estany Ratera-Estany Sant Maurici",NA,NA,NA,2006,7,26,NA,NA,"C. Ornosa",NA,0,0,1,1,"https://doi.org/10.11646/zootaxa.4237.1.256",NA,"UCME","Ornosa, C.; Torres, F. & de la Rua, P.","Collected in grasslands between Estany Ratera and Estany Sant Maurici",""
"Bombus","Pyrobombus","jonellus","yarrowwianus","Andorra","Soldeu","Soldeu",NA,NA,NA,2006,7,28,NA,NA,"C. Ornosa",NA,0,0,1,1,"https://doi.org/10.11646/zootaxa.4237.1.257",NA,"UCME","Ornosa, C.; Torres, F. & de la Rua, P.","",""
"Bombus","Pyrobombus","jonellus","yarrowwianus","Spain","Girona","La Molina, ski resort",NA,NA,NA,2015,7,9,NA,NA,"C. Ornosa",NA,0,0,1,1,"https://doi.org/10.11646/zootaxa.4237.1.258",NA,"UCME","Ornosa, C.; Torres, F. & de la Rua, P.","",""
"Bombus","Pyrobombus","jonellus","yarrowwianus","Spain","Girona","Nuria, Bosc de la Verge",NA,NA,NA,2009,7,24,NA,NA,"C. Ornosa",NA,0,0,1,1,"https://doi.org/10.11646/zootaxa.4237.1.259",NA,"UCME","Ornosa, C.; Torres, F. & de la Rua, P.","",""
"Bombus","Pyrobombus","jonellus","yarrowwianus","Spain","Girona","Ordesa, pradera",NA,NA,NA,2006,7,4,NA,NA,"C. Ornosa",NA,0,0,1,1,"https://doi.org/10.11646/zootaxa.4237.1.260",NA,"UCME","Ornosa, C.; Torres, F. & de la Rua, P.","",""
"Bombus","Pyrobombus","jonellus","yarrowwianus","Spain","Lleida","Baños de Tredos, slope",NA,NA,NA,2014,7,10,NA,NA,"F. Torres",NA,0,0,1,1,"https://doi.org/10.11646/zootaxa.4237.1.261",NA,"UCME","Ornosa, C.; Torres, F. & de la Rua, P.","",""
"Bombus","Pyrobombus","jonellus","yarrowwianus","Spain","Lleida","Estany Sant Maurici",NA,NA,NA,2014,7,8,NA,NA,"C. Ornosa",NA,0,0,1,1,"https://doi.org/10.11646/zootaxa.4237.1.262",NA,"UCME","Ornosa, C.; Torres, F. & de la Rua, P.","",""
"Bombus","Pyrobombus","jonellus","yarrowwianus","Spain","Lleida","Estany Ratera-Estany Sant Maurici",NA,NA,NA,2014,7,8,NA,NA,"C. Ornosa",NA,1,0,0,0,"https://doi.org/10.11646/zootaxa.4237.1.263",NA,"UCME","Ornosa, C.; Torres, F. & de la Rua, P.","Collected in grasslands between Estany Ratera and Estany Sant Maurici","Female queen"
"Bombus","Pyrobombus","monticola","rondoui","Spain","Girona","Campodron, ski resort",NA,NA,NA,2009,7,23,NA,NA,"C. Ornosa",NA,0,1,4,0,"https://doi.org/10.11646/zootaxa.4237.1.264",NA,"UCME","Ornosa, C.; Torres, F. & de la Rua, P.","",""
"Bombus","Pyrobombus","monticola","rondoui","Spain","Girona","Campodron, ski resort",NA,NA,NA,2015,7,8,NA,NA,"C. Ornosa",NA,0,0,14,1,"https://doi.org/10.11646/zootaxa.4237.1.265",NA,"UCME","Ornosa, C.; Torres, F. & de la Rua, P.","",""
"Bombus","Pyrobombus","monticola","rondoui","Spain","Girona","Nuria, Bosc de la Verge",NA,NA,NA,2009,7,24,NA,NA,"C. Ornosa",NA,0,0,6,1,"https://doi.org/10.11646/zootaxa.4237.1.266",NA,"UCME","Ornosa, C.; Torres, F. & de la Rua, P.","",""
"Bombus","Pyrobombus","monticola","rondoui","Spain","Girona","Nuria, Pic de l´Aliga",NA,NA,NA,2009,7,24,NA,NA,"C. Ornosa",NA,0,0,12,1,"https://doi.org/10.11646/zootaxa.4237.1.267",NA,"UCME","Ornosa, C.; Torres, F. & de la Rua, P.","",""
"Bombus","Pyrobombus","monticola","rondoui","Spain","Girona","Nuria, Pic de l´Aliga",NA,NA,NA,2015,7,10,NA,NA,"C. Ornosa",NA,0,0,1,1,"https://doi.org/10.11646/zootaxa.4237.1.268",NA,"UCME","Ornosa, C.; Torres, F. & de la Rua, P.","",""
"Bombus","Pyrobombus","monticola","rondoui","Spain","Huesca","La Besurta, Ibo de Villamorta",NA,NA,NA,2011,7,15,NA,NA,"C. Ornosa",NA,0,0,2,1,"https://doi.org/10.11646/zootaxa.4237.1.269",NA,"UCME","Ornosa, C.; Torres, F. & de la Rua, P.","",""
"Bombus","Pyrobombus","monticola","rondoui","Spain","Huesca","Vallibierna",NA,NA,NA,2011,7,15,NA,NA,"C. Ornosa",NA,0,0,9,1,"https://doi.org/10.11646/zootaxa.4237.1.270",NA,"UCME","Ornosa, C.; Torres, F. & de la Rua, P.","",""
"Bombus","Pyrobombus","monticola","rondoui","Spain","Lleida","Estany Llong",NA,NA,NA,2014,7,9,NA,NA,"C. Ornosa",NA,0,0,1,1,"https://doi.org/10.11646/zootaxa.4237.1.271",NA,"UCME","Ornosa, C.; Torres, F. & de la Rua, P.","",""
"Bombus","Pyrobombus","monticola","rondoui","Spain","Lleida","Estany Sant Maurici",NA,NA,NA,2006,7,26,NA,NA,"C. Ornosa",NA,0,0,1,1,"https://doi.org/10.11646/zootaxa.4237.1.272",NA,"UCME","Ornosa, C.; Torres, F. & de la Rua, P.","",""
"Bombus","Pyrobombus","monticola","rondoui","Spain","Lleida","Estany Sant Maurici",NA,NA,NA,2014,7,8,NA,NA,"C. Ornosa",NA,0,2,4,0,"https://doi.org/10.11646/zootaxa.4237.1.273",NA,"UCME","Ornosa, C.; Torres, F. & de la Rua, P.","",""
"Bombus","Pyrobombus","monticola","rondoui","Spain","Lleida","Aiguestortes, threshold",NA,NA,NA,2006,7,26,NA,NA,"C. Ornosa",NA,0,1,0,0,"https://doi.org/10.11646/zootaxa.4237.1.274",NA,"UCME","Ornosa, C.; Torres, F. & de la Rua, P.","",""
"Bombus","Pyrobombus","monticola","rondoui","Spain","Lleida","Estany Ratera-Estany Sant Maurici",NA,NA,NA,2006,7,26,NA,NA,"C. Ornosa",NA,0,1,1,0,"https://doi.org/10.11646/zootaxa.4237.1.275",NA,"UCME","Ornosa, C.; Torres, F. & de la Rua, P.","Collected in grasslands between Estany Ratera and Estany Sant Maurici",""
"Bombus","Pyrobombus","monticola","rondoui","Spain","Lleida","Estany Ratera-Estany Sant Maurici",NA,NA,NA,2014,7,8,NA,NA,"C. Ornosa",NA,0,0,2,1,"https://doi.org/10.11646/zootaxa.4237.1.276",NA,"UCME","Ornosa, C.; Torres, F. & de la Rua, P.","Collected in grasslands between Estany Ratera and Estany Sant Maurici",""
"Bombus","Pyrobombus","monticola","rondoui","Spain","Lleida","Estany Ratera-Mirador track",NA,NA,NA,2006,7,26,NA,NA,"C. Ornosa",NA,0,1,1,0,"https://doi.org/10.11646/zootaxa.4237.1.277",NA,"UCME","Ornosa, C.; Torres, F. & de la Rua, P.","",""
"Bombus","Pyrobombus","monticola","rondoui","Spain","Lleida","Estany Ratera-Mirador track",NA,NA,NA,2014,7,8,NA,NA,"C. Ornosa",NA,0,0,2,1,"https://doi.org/10.11646/zootaxa.4237.1.278",NA,"UCME","Ornosa, C.; Torres, F. & de la Rua, P.","",""
"Bombus","Pyrobombus","monticola","rondoui","Spain","Lleida","La Bonaigua pass",NA,NA,NA,2006,7,27,NA,NA,"C. Ornosa",NA,0,0,1,1,"https://doi.org/10.11646/zootaxa.4237.1.279",NA,"UCME","Ornosa, C.; Torres, F. & de la Rua, P.","",""
"Bombus","Pyrobombus","monticola","rondoui","Spain","Lleida","Estany Ratera track",NA,NA,NA,2006,7,26,NA,NA,"C. Ornosa",NA,0,1,0,0,"https://doi.org/10.11646/zootaxa.4237.1.280",NA,"UCME","Ornosa, C.; Torres, F. & de la Rua, P.","",""
"Bombus","Pyrobombus","pratorum","santonae","Spain","Girona","La Molina, Roc Blanco",NA,NA,NA,2009,7,25,NA,NA,"C. Ornosa",NA,0,0,2,1,"https://doi.org/10.11646/zootaxa.4237.1.281",NA,"UCME","Ornosa, C.; Torres, F. & de la Rua, P.","",""
"Bombus","Pyrobombus","pratorum","santonae","Spain","Girona","La Molina, ski resort",NA,NA,NA,2015,7,9,NA,NA,"C. Ornosa",NA,0,0,1,1,"https://doi.org/10.11646/zootaxa.4237.1.282",NA,"UCME","Ornosa, C.; Torres, F. & de la Rua, P.","",""
"Bombus","Pyrobombus","pratorum","santonae","Spain","Huesca","Chia, Mirador, Valle de Benasque",NA,NA,NA,2011,7,14,NA,NA,"C. Ornosa",NA,0,1,0,0,"https://doi.org/10.11646/zootaxa.4237.1.283",NA,"UCME","Ornosa, C.; Torres, F. & de la Rua, P.","",""
"Bombus","Pyrobombus","pratorum","santonae","Spain","Huesca","Ordesa",NA,NA,NA,2006,7,4,NA,NA,"C. Ornosa",NA,0,4,0,0,"https://doi.org/10.11646/zootaxa.4237.1.284",NA,"UCME","Ornosa, C.; Torres, F. & de la Rua, P.","",""
"Bombus","Pyrobombus","pratorum","santonae","Spain","Huesca","Ordesa, Gradas de Soaso",NA,NA,NA,2006,7,4,NA,NA,"C. Ornosa",NA,0,1,0,0,"https://doi.org/10.11646/zootaxa.4237.1.285",NA,"UCME","Ornosa, C.; Torres, F. & de la Rua, P.","",""
"Bombus","Pyrobombus","pratorum","santonae","Spain","Huesca","Ordesa, Gradas de Soaso",NA,NA,NA,2014,8,8,NA,NA,"P. Acosta",NA,0,0,1,1,"https://doi.org/10.11646/zootaxa.4237.1.286",NA,"UMU","Ornosa, C.; Torres, F. & de la Rua, P.","",""
"Bombus","Pyrobombus","pratorum","santonae","Spain","Huesca","Ordesa, Gradas de Soaso slope",NA,NA,NA,2006,7,4,NA,NA,"C. Ornosa",NA,0,4,0,0,"https://doi.org/10.11646/zootaxa.4237.1.287",NA,"UCME","Ornosa, C.; Torres, F. & de la Rua, P.","",""
"Bombus","Pyrobombus","pratorum","santonae","Spain","Lleida","Aiguestortes, threshold",NA,NA,NA,2014,7,7,NA,NA,"C. Ornosa",NA,0,1,0,0,"https://doi.org/10.11646/zootaxa.4237.1.288",NA,"UCME","Ornosa, C.; Torres, F. & de la Rua, P.","",""
"Bombus","Pyrobombus","pratorum","santonae","Spain","Lleida","San Nicolas chapel-Estany Llebrera",NA,NA,NA,2014,7,9,NA,NA,"F. Torres",NA,0,0,2,1,"https://doi.org/10.11646/zootaxa.4237.1.289",NA,"UCME","Ornosa, C.; Torres, F. & de la Rua, P.","",""
"Bombus","Pyrobombus","pratorum","santonae","Spain","Lleida","Estany Sant Maurici",NA,NA,NA,2006,7,26,NA,NA,"C. Ornosa",NA,0,0,7,1,"https://doi.org/10.11646/zootaxa.4237.1.290",NA,"UCME","Ornosa, C.; Torres, F. & de la Rua, P.","",""
"Bombus","Pyrobombus","pratorum","santonae","Spain","Lleida","Estany Ratera track",NA,NA,NA,2006,7,26,NA,NA,"C. Ornosa",NA,0,0,3,1,"https://doi.org/10.11646/zootaxa.4237.1.291",NA,"UCME","Ornosa, C.; Torres, F. & de la Rua, P.","",""
"Bombus","Pyrobombus","pratorum","santonae","Spain","Lleida","Estany Ratera-Mirador track",NA,NA,NA,2014,7,8,NA,NA,"C. Ornosa",NA,0,0,1,1,"https://doi.org/10.11646/zootaxa.4237.1.292",NA,"UCME","Ornosa, C.; Torres, F. & de la Rua, P.","",""
"Bombus","Pyrobombus","pyrenaeus","","Andorra","Soldeu","Soldeu",NA,NA,NA,2006,7,28,NA,NA,"C. Ornosa",NA,0,0,1,1,"https://doi.org/10.11646/zootaxa.4237.1.293",NA,"UCME","Ornosa, C.; Torres, F. & de la Rua, P.","",""
"Bombus","Pyrobombus","pyrenaeus","","Spain","Girona","Campodron, ski resort",NA,NA,NA,2009,7,23,NA,NA,"C. Ornosa",NA,0,1,3,0,"https://doi.org/10.11646/zootaxa.4237.1.294",NA,"UCME","Ornosa, C.; Torres, F. & de la Rua, P.","",""
"Bombus","Pyrobombus","pyrenaeus","","Spain","Girona","Campodron, ski resort",NA,NA,NA,2015,7,8,NA,NA,"C. Ornosa",NA,1,0,3,0,"https://doi.org/10.11646/zootaxa.4237.1.295",NA,"UCME","Ornosa, C.; Torres, F. & de la Rua, P.","","Female queen"
"Bombus","Pyrobombus","pyrenaeus","","Spain","Girona","Nuria, Bosc de la Verge",NA,NA,NA,2009,7,24,NA,NA,"C. Ornosa",NA,2,0,3,0,"https://doi.org/10.11646/zootaxa.4237.1.296",NA,"UCME","Ornosa, C.; Torres, F. & de la Rua, P.","","Female queen. Misleading with 3 workers repeated twice, check"
"Bombus","Pyrobombus","pyrenaeus","","Spain","Girona","Nuria, Pic de l´Aliga",NA,NA,NA,2009,7,24,NA,NA,"C. Ornosa",NA,0,0,1,1,"https://doi.org/10.11646/zootaxa.4237.1.297",NA,"UCME","Ornosa, C.; Torres, F. & de la Rua, P.","",""
"Bombus","Pyrobombus","pyrenaeus","","Spain","Girona","Nuria, Pic de l´Aliga",NA,NA,NA,2015,7,10,NA,NA,"C. Ornosa",NA,0,0,6,1,"https://doi.org/10.11646/zootaxa.4237.1.298",NA,"UCME","Ornosa, C.; Torres, F. & de la Rua, P.","",""
"Bombus","Pyrobombus","pyrenaeus","","Spain","Huesca","Ordesa, Gradas de Soaso",NA,NA,NA,2006,7,4,NA,NA,"C. Ornosa",NA,0,2,0,0,"https://doi.org/10.11646/zootaxa.4237.1.299",NA,"UCME","Ornosa, C.; Torres, F. & de la Rua, P.","",""
"Bombus","Pyrobombus","pyrenaeus","","Spain","Huesca","San Nicolas de Bujaruelo",NA,NA,NA,2014,8,9,NA,NA,"P. De la Rua ",NA,0,0,2,1,"https://doi.org/10.11646/zootaxa.4237.1.300",NA,"UMU","Ornosa, C.; Torres, F. & de la Rua, P.","",""
"Bombus","Pyrobombus","pyrenaeus","","Spain","Huesca","Vallibierna",NA,NA,NA,2011,7,15,NA,NA,"C. Ornosa",NA,0,0,1,1,"https://doi.org/10.11646/zootaxa.4237.1.301",NA,"UCME","Ornosa, C.; Torres, F. & de la Rua, P.","",""
"Bombus","Pyrobombus","pyrenaeus","","Spain","Lleida","San Nicolas de Chapel Estany Llebrera",NA,NA,NA,2014,7,9,NA,NA,"C. Ornosa",NA,0,1,0,0,"https://doi.org/10.11646/zootaxa.4237.1.302",NA,"UCME","Ornosa, C.; Torres, F. & de la Rua, P.","",""
"Bombus","Pyrobombus","pyrenaeus","","Spain","Lleida","Estany Llong",NA,NA,NA,2014,7,9,NA,NA,"F. Torres",NA,0,0,1,1,"https://doi.org/10.11646/zootaxa.4237.1.303",NA,"UCME","Ornosa, C.; Torres, F. & de la Rua, P.","",""
"Bombus","Pyrobombus","pyrenaeus","","Spain","Lleida","Estany Sant Maurici",NA,NA,NA,2014,7,8,NA,NA,"C. Ornosa",NA,0,0,1,1,"https://doi.org/10.11646/zootaxa.4237.1.304",NA,"UCME","Ornosa, C.; Torres, F. & de la Rua, P.","",""
"Bombus","Pyrobombus","pyrenaeus","","Spain","Lleida","Estany Ratera-Mirador track",NA,NA,NA,2006,7,26,NA,NA,"C. Ornosa",NA,0,2,0,0,"https://doi.org/10.11646/zootaxa.4237.1.305",NA,"UCME","Ornosa, C.; Torres, F. & de la Rua, P.","",""
"Bombus","Pyrobombus","pyrenaeus","","Spain","Lleida","La Bonaigua pass",NA,NA,NA,2006,7,27,NA,NA,"C. Ornosa",NA,0,0,1,1,"https://doi.org/10.11646/zootaxa.4237.1.306",NA,"UCME","Ornosa, C.; Torres, F. & de la Rua, P.","",""
"Bombus","Pyrobombus","pyrenaeus","","Spain","Lleida","Aiguestortes, threshold",NA,NA,NA,2006,7,26,NA,NA,"C. Ornosa",NA,0,0,1,1,"https://doi.org/10.11646/zootaxa.4237.1.307",NA,"UCME","Ornosa, C.; Torres, F. & de la Rua, P.","",""
"Bombus","Thoracobombus","humilis","paraurantiacus","Spain","Huesca","Biescas",NA,NA,NA,2014,8,10,NA,NA,"E. Acosta",NA,0,3,0,0,"https://doi.org/10.11646/zootaxa.4237.1.308",NA,"UMU","Ornosa, C.; Torres, F. & de la Rua, P.","",""
"Bombus","Thoracobombus","humilis","paraurantiacus","Spain","Lleida","Artiga de Lin",NA,NA,NA,2012,8,15,NA,NA,"P. De la Rua ",NA,0,1,0,0,"https://doi.org/10.11646/zootaxa.4237.1.309",NA,"UMU","Ornosa, C.; Torres, F. & de la Rua, P.","",""
"Bombus","Thoracobombus","humilis","quasimuscorum","Spain","Girona","La Molina, ski resort",NA,NA,NA,2015,7,9,NA,NA,"F. Torres",NA,1,0,2,0,"https://doi.org/10.11646/zootaxa.4237.1.310",NA,"UCME","Ornosa, C.; Torres, F. & de la Rua, P.","","Female queen"
"Bombus","Thoracobombus","humilis","quasimuscorum","Spain","Girona","Setcases",NA,NA,NA,2009,7,23,NA,NA,"C. Ornosa",NA,0,0,4,1,"https://doi.org/10.11646/zootaxa.4237.1.311",NA,"UCME","Ornosa, C.; Torres, F. & de la Rua, P.","",""
"Bombus","Thoracobombus","humilis","quasimuscorum","Spain","Girona","Sort pass track",NA,NA,NA,2012,8,12,NA,NA,"P. De la Rua ",NA,0,0,3,1,"https://doi.org/10.11646/zootaxa.4237.1.312",NA,"UMU","Ornosa, C.; Torres, F. & de la Rua, P.","",""
"Bombus","Thoracobombus","humilis","quasimuscorum","Spain","Girona","Sort pass track",NA,NA,NA,2012,8,14,NA,NA,"P. De la Rua ",NA,0,0,2,1,"https://doi.org/10.11646/zootaxa.4237.1.313",NA,"UMU","Ornosa, C.; Torres, F. & de la Rua, P.","",""
"Bombus","Thoracobombus","humilis","quasimuscorum","Spain","Girona","Ribes de Freser",NA,NA,NA,2015,7,9,NA,NA,"C. Ornosa",NA,1,0,5,0,"https://doi.org/10.11646/zootaxa.4237.1.314",NA,"UCME","Ornosa, C.; Torres, F. & de la Rua, P.","","Female queen"
"Bombus","Thoracobombus","humilis","quasimuscorum","Spain","Girona","Sant Joant de les Abadesses",NA,NA,NA,2015,7,8,NA,NA,"C. Ornosa",NA,1,0,0,0,"https://doi.org/10.11646/zootaxa.4237.1.315",NA,"UCME","Ornosa, C.; Torres, F. & de la Rua, P.","","Female queen"
"Bombus","Thoracobombus","humilis","quasimuscorum","Spain","Huesca","Baños de Benasque",NA,NA,NA,2011,7,14,NA,NA,"C. Ornosa",NA,0,0,11,1,"https://doi.org/10.11646/zootaxa.4237.1.316",NA,"UCME","Ornosa, C.; Torres, F. & de la Rua, P.","",""
"Bombus","Thoracobombus","humilis","quasimuscorum","Spain","Huesca","Biescas",NA,NA,NA,2014,8,10,NA,NA,"E. Acosta",NA,0,2,1,0,"https://doi.org/10.11646/zootaxa.4237.1.317",NA,"UMU","Ornosa, C.; Torres, F. & de la Rua, P.","",""
"Bombus","Thoracobombus","humilis","quasimuscorum","Spain","Huesca","Canfranc",NA,NA,NA,2006,7,3,NA,NA,"C. Ornosa",NA,0,0,4,1,"https://doi.org/10.11646/zootaxa.4237.1.318",NA,"UCME","Ornosa, C.; Torres, F. & de la Rua, P.","",""
"Bombus","Thoracobombus","humilis","quasimuscorum","Spain","Huesca","Cerler",NA,NA,NA,2011,7,13,NA,NA,"C. Ornosa",NA,0,0,3,1,"https://doi.org/10.11646/zootaxa.4237.1.319",NA,"UCME","Ornosa, C.; Torres, F. & de la Rua, P.","",""
"Bombus","Thoracobombus","humilis","quasimuscorum","Spain","Huesca","Formigal, ski resort",NA,NA,NA,2006,7,3,NA,NA,"C. Ornosa",NA,0,0,4,1,"https://doi.org/10.11646/zootaxa.4237.1.320",NA,"UCME","Ornosa, C.; Torres, F. & de la Rua, P.","",""
"Bombus","Thoracobombus","humilis","quasimuscorum","Spain","Huesca","Linas de Broto",NA,NA,NA,2013,7,12,NA,NA,"C. Ornosa",NA,0,0,9,1,"https://doi.org/10.11646/zootaxa.4237.1.321",NA,"UCME","Ornosa, C.; Torres, F. & de la Rua, P.","",""
"Bombus","Thoracobombus","humilis","quasimuscorum","Spain","Huesca","Ordesa, Gradas de Soaso",NA,NA,NA,2006,7,4,NA,NA,"",NA,0,0,2,1,"https://doi.org/10.11646/zootaxa.4237.1.322",NA,"","Ornosa, C.; Torres, F. & de la Rua, P.","",""
"Bombus","Thoracobombus","humilis","quasimuscorum","Spain","Huesca","Ordesa, Laña Sarratieto",NA,NA,NA,2013,7,10,NA,NA,"F. Torres",NA,0,0,1,1,"https://doi.org/10.11646/zootaxa.4237.1.323",NA,"UCME","Ornosa, C.; Torres, F. & de la Rua, P.","",""
"Bombus","Thoracobombus","humilis","quasimuscorum","Spain","Huesca","Panticosa",NA,NA,NA,2006,6,5,NA,NA,"C. Ornosa",NA,0,0,1,1,"https://doi.org/10.11646/zootaxa.4237.1.324",NA,"UCME","Ornosa, C.; Torres, F. & de la Rua, P.","",""
"Bombus","Thoracobombus","humilis","quasimuscorum","Spain","Huesca","Las Cutas track",NA,NA,NA,2013,7,11,NA,NA,"C. Ornosa",NA,2,0,0,0,"https://doi.org/10.11646/zootaxa.4237.1.325",NA,"UCME","Ornosa, C.; Torres, F. & de la Rua, P.","","Female queen"
"Bombus","Thoracobombus","humilis","quasimuscorum","Spain","Huesca","San Nicolas de Bujaruelo",NA,NA,NA,2014,8,9,NA,NA,"P. De la Rua ",NA,0,1,9,0,"https://doi.org/10.11646/zootaxa.4237.1.326",NA,"UMU","Ornosa, C.; Torres, F. & de la Rua, P.","",""
"Bombus","Thoracobombus","humilis","quasimuscorum","Spain","Huesca","Selva de Oza",NA,NA,NA,2009,7,10,NA,NA,"C. Ornosa",NA,0,0,2,1,"https://doi.org/10.11646/zootaxa.4237.1.327",NA,"UCME","Ornosa, C.; Torres, F. & de la Rua, P.","",""
"Bombus","Thoracobombus","humilis","quasimuscorum","Spain","Huesca","Selva de Oza, Aguas Tortas track",NA,NA,NA,2009,7,10,NA,NA,"C. Ornosa",NA,1,0,0,0,"https://doi.org/10.11646/zootaxa.4237.1.328",NA,"UCME","Ornosa, C.; Torres, F. & de la Rua, P.","","Female queen"
"Bombus","Thoracobombus","humilis","quasimuscorum","Spain","Huesca","Zuriza",NA,NA,NA,2006,6,5,NA,NA,"C. Ornosa",NA,0,0,5,1,"https://doi.org/10.11646/zootaxa.4237.1.329",NA,"UCME","Ornosa, C.; Torres, F. & de la Rua, P.","",""
"Bombus","Thoracobombus","humilis","quasimuscorum","Spain","Lleida","Aiguestortes, threshold",NA,NA,NA,2014,7,7,NA,NA,"C. Ornosa",NA,1,0,0,0,"https://doi.org/10.11646/zootaxa.4237.1.330",NA,"UCME","Ornosa, C.; Torres, F. & de la Rua, P.","","Female queen"
"Bombus","Thoracobombus","humilis","quasimuscorum","Spain","Lleida","Artiga de Lin",NA,NA,NA,2012,8,15,NA,NA,"P. De la Rua ",NA,0,2,2,0,"https://doi.org/10.11646/zootaxa.4237.1.331",NA,"UMU","Ornosa, C.; Torres, F. & de la Rua, P.","",""
"Bombus","Thoracobombus","humilis","quasimuscorum","Spain","Lleida","San Nicolas chapel-Estany Llebrera",NA,NA,NA,2014,7,9,NA,NA,"C. Ornosa",NA,0,0,2,1,"https://doi.org/10.11646/zootaxa.4237.1.332",NA,"UCME","Ornosa, C.; Torres, F. & de la Rua, P.","",""
"Bombus","Thoracobombus","humilis","quasimuscorum","Spain","Lleida","Espot",NA,NA,NA,2006,7,25,NA,NA,"C. Ornosa",NA,0,0,1,1,"https://doi.org/10.11646/zootaxa.4237.1.333",NA,"UCME","Ornosa, C.; Torres, F. & de la Rua, P.","",""
"Bombus","Thoracobombus","humilis","quasimuscorum","Spain","Lleida","Espot",NA,NA,NA,2014,7,7,NA,NA,"C. Ornosa",NA,2,0,0,0,"https://doi.org/10.11646/zootaxa.4237.1.334",NA,"UCME","Ornosa, C.; Torres, F. & de la Rua, P.","","Female queen"
"Bombus","Thoracobombus","humilis","quasimuscorum","Spain","Lleida","Espot",NA,NA,NA,2012,8,12,NA,NA,"P. De la Rua ",NA,0,2,0,0,"https://doi.org/10.11646/zootaxa.4237.1.335",NA,"UMU","Ornosa, C.; Torres, F. & de la Rua, P.","",""
"Bombus","Thoracobombus","humilis","quasimuscorum","Spain","Lleida","Espot, ski resort",NA,NA,NA,2014,7,8,NA,NA,"C. Ornosa",NA,3,0,1,0,"https://doi.org/10.11646/zootaxa.4237.1.336",NA,"UCME","Ornosa, C.; Torres, F. & de la Rua, P.","","Female queen"
"Bombus","Thoracobombus","humilis","quasimuscorum","Spain","Lleida","Ruda, track",NA,NA,NA,2014,7,10,NA,NA,"C. Ornosa",NA,4,0,2,0,"https://doi.org/10.11646/zootaxa.4237.1.337",NA,"UCME","Ornosa, C.; Torres, F. & de la Rua, P.","","Female queen"
"Bombus","Thoracobombus","humilis","quasimuscorum","Spain","Lleida","Salardú",NA,NA,NA,2006,7,27,NA,NA,"C. Ornosa",NA,0,1,1,0,"https://doi.org/10.11646/zootaxa.4237.1.338",NA,"UCME","Ornosa, C.; Torres, F. & de la Rua, P.","",""
"Bombus","Thoracobombus","moscsaryi","","Spain","Huesca","Benasque",NA,NA,NA,2011,7,15,NA,NA,"C. Ornosa",NA,0,0,11,1,"https://doi.org/10.11646/zootaxa.4237.1.339",NA,"UCME","Ornosa, C.; Torres, F. & de la Rua, P.","",""
"Bombus","Thoracobombus","moscsaryi","","Spain","Huesca","Canfranc, railway station",NA,NA,NA,2006,7,3,NA,NA,"C. Ornosa",NA,0,0,1,1,"https://doi.org/10.11646/zootaxa.4237.1.340",NA,"UCME","Ornosa, C.; Torres, F. & de la Rua, P.","",""
"Bombus","Thoracobombus","moscsaryi","","Spain","Huesca","Chia, Mirador, Valle de Benasque",NA,NA,NA,2011,7,14,NA,NA,"C. Ornosa",NA,0,0,3,1,"https://doi.org/10.11646/zootaxa.4237.1.341",NA,"UCME","Ornosa, C.; Torres, F. & de la Rua, P.","",""
"Bombus","Thoracobombus","moscsaryi","","Spain","Huesca","San Nicolas de Bujaruelo",NA,NA,NA,2014,8,9,NA,NA,"P. De la Rua ",NA,0,0,1,1,"https://doi.org/10.11646/zootaxa.4237.1.342",NA,"UMU","Ornosa, C.; Torres, F. & de la Rua, P.","",""
"Bombus","Thoracobombus","moscsaryi","","Spain","Huesca","Selva de Oza, Aguas Tortas track",NA,NA,NA,2009,7,10,NA,NA,"C. Ornosa",NA,0,0,2,1,"https://doi.org/10.11646/zootaxa.4237.1.343",NA,"UCME","Ornosa, C.; Torres, F. & de la Rua, P.","",""
"Bombus","Thoracobombus","mesomelas","","Andorra","Soldeu","Soldeu",NA,NA,NA,2006,7,28,NA,NA,"C. Ornosa",NA,0,0,1,1,"https://doi.org/10.11646/zootaxa.4237.1.344",NA,"UCME","Ornosa, C.; Torres, F. & de la Rua, P.","",""
"Bombus","Thoracobombus","mesomelas","","Spain","Girona","Campodron, ski resort",NA,NA,NA,2009,7,23,NA,NA,"C. Ornosa",NA,0,0,7,1,"https://doi.org/10.11646/zootaxa.4237.1.345",NA,"UCME","Ornosa, C.; Torres, F. & de la Rua, P.","",""
"Bombus","Thoracobombus","mesomelas","","Spain","Girona","Campodron, ski resort",NA,NA,NA,2015,7,8,NA,NA,"F. Torres",NA,2,0,1,0,"https://doi.org/10.11646/zootaxa.4237.1.346",NA,"UCME","Ornosa, C.; Torres, F. & de la Rua, P.","","Female queen"
"Bombus","Thoracobombus","mesomelas","","Spain","Girona","La Molina, La Pobla road",NA,NA,NA,2009,7,25,NA,NA,"C. Ornosa",NA,0,0,2,1,"https://doi.org/10.11646/zootaxa.4237.1.347",NA,"UCME","Ornosa, C.; Torres, F. & de la Rua, P.","",""
"Bombus","Thoracobombus","mesomelas","","Spain","Girona","La Molina, Alabaus",NA,NA,NA,2015,7,9,NA,NA,"F. Torres",NA,0,0,1,1,"https://doi.org/10.11646/zootaxa.4237.1.348",NA,"UCME","Ornosa, C.; Torres, F. & de la Rua, P.","",""
"Bombus","Thoracobombus","mesomelas","","Spain","Girona","La Molina road",NA,NA,NA,2009,7,25,NA,NA,"C. Ornosa",NA,0,0,5,1,"https://doi.org/10.11646/zootaxa.4237.1.349",NA,"UCME","Ornosa, C.; Torres, F. & de la Rua, P.","",""
"Bombus","Thoracobombus","mesomelas","","Spain","Girona","La Molina, ski resort",NA,NA,NA,2009,7,25,NA,NA,"C. Ornosa",NA,0,0,2,1,"https://doi.org/10.11646/zootaxa.4237.1.350",NA,"UCME","Ornosa, C.; Torres, F. & de la Rua, P.","",""
"Bombus","Thoracobombus","mesomelas","","Spain","Girona","Nuria, Bosc de la Verge",NA,NA,NA,2009,7,24,NA,NA,"C. Ornosa",NA,0,0,2,1,"https://doi.org/10.11646/zootaxa.4237.1.351",NA,"UCME","Ornosa, C.; Torres, F. & de la Rua, P.","",""
"Bombus","Thoracobombus","mesomelas","","Spain","Girona","Nuria, Pic de l´Aliga",NA,NA,NA,2009,7,24,NA,NA,"C. Ornosa",NA,1,0,5,0,"https://doi.org/10.11646/zootaxa.4237.1.352",NA,"UCME","Ornosa, C.; Torres, F. & de la Rua, P.","","Female queen"
"Bombus","Thoracobombus","mesomelas","","Spain","Girona","Nuria, Pic de l´Aliga",NA,NA,NA,2015,7,10,NA,NA,"C. Ornosa",NA,1,0,3,0,"https://doi.org/10.11646/zootaxa.4237.1.353",NA,"UCME","Ornosa, C.; Torres, F. & de la Rua, P.","","Female queen"
"Bombus","Thoracobombus","mesomelas","","Spain","Girona","Tosas pass",NA,NA,NA,2012,7,4,NA,NA,"P. Vargas",NA,1,0,0,0,"https://doi.org/10.11646/zootaxa.4237.1.354",NA,"UCME","Ornosa, C.; Torres, F. & de la Rua, P.","","Female queen"
"Bombus","Thoracobombus","mesomelas","","Spain","Huesca","Cerler",NA,NA,NA,2011,7,13,NA,NA,"C. Ornosa",NA,1,0,1,0,"https://doi.org/10.11646/zootaxa.4237.1.355",NA,"UCME","Ornosa, C.; Torres, F. & de la Rua, P.","","Female queen"
"Bombus","Thoracobombus","mesomelas","","Spain","Huesca","Baños de Benasque",NA,NA,NA,2011,7,14,NA,NA,"C. Ornosa",NA,0,0,1,1,"https://doi.org/10.11646/zootaxa.4237.1.356",NA,"UCME","Ornosa, C.; Torres, F. & de la Rua, P.","",""
"Bombus","Thoracobombus","mesomelas","","Spain","Huesca","Formigal",NA,NA,NA,2009,7,9,NA,NA,"C. Ornosa",NA,0,0,2,1,"https://doi.org/10.11646/zootaxa.4237.1.357",NA,"UCME","Ornosa, C.; Torres, F. & de la Rua, P.","",""
"Bombus","Thoracobombus","mesomelas","","Spain","Huesca","La Besurta, Ibo de Villamorta",NA,NA,NA,2011,7,15,NA,NA,"C. Ornosa",NA,1,0,3,0,"https://doi.org/10.11646/zootaxa.4237.1.358",NA,"UCME","Ornosa, C.; Torres, F. & de la Rua, P.","","Female queen"
"Bombus","Thoracobombus","mesomelas","","Spain","Huesca","Ordesa, Gradas de Soaso",NA,NA,NA,2013,7,10,NA,NA,"C. Ornosa",NA,1,0,0,0,"https://doi.org/10.11646/zootaxa.4237.1.359",NA,"UCME","Ornosa, C.; Torres, F. & de la Rua, P.","","Female queen"
"Bombus","Thoracobombus","mesomelas","","Spain","Huesca","Las Cutas track",NA,NA,NA,2013,7,11,NA,NA,"C. Ornosa",NA,2,0,0,0,"https://doi.org/10.11646/zootaxa.4237.1.360",NA,"UCME","Ornosa, C.; Torres, F. & de la Rua, P.","","Female queen"
"Bombus","Thoracobombus","mesomelas","","Spain","Huesca","San Nicolas de Bujaruelo",NA,NA,NA,2014,8,9,NA,NA,"P. De la Rua ",NA,0,0,2,1,"https://doi.org/10.11646/zootaxa.4237.1.361",NA,"UMU","Ornosa, C.; Torres, F. & de la Rua, P.","",""
"Bombus","Thoracobombus","mesomelas","","Spain","Huesca","Vallibierna",NA,NA,NA,2011,7,15,NA,NA,"C. Ornosa",NA,0,0,4,1,"https://doi.org/10.11646/zootaxa.4237.1.362",NA,"UCME","Ornosa, C.; Torres, F. & de la Rua, P.","",""
"Bombus","Thoracobombus","mesomelas","","Spain","Lleida","Artiga de Lin",NA,NA,NA,2012,8,14,NA,NA,"P. De la Rua ",NA,0,0,3,1,"https://doi.org/10.11646/zootaxa.4237.1.363",NA,"UMU","Ornosa, C.; Torres, F. & de la Rua, P.","",""
"Bombus","Thoracobombus","mesomelas","","Spain","Lleida","Artiga de Lin",NA,NA,NA,2012,8,15,NA,NA,"P. De la Rua ",NA,0,0,16,1,"https://doi.org/10.11646/zootaxa.4237.1.364",NA,"UMU","Ornosa, C.; Torres, F. & de la Rua, P.","",""
"Bombus","Thoracobombus","mesomelas","","Spain","Lleida","Baqueira-Ruda",NA,NA,NA,2006,7,27,NA,NA,"C. Ornosa",NA,0,0,1,1,"https://doi.org/10.11646/zootaxa.4237.1.365",NA,"UCME","Ornosa, C.; Torres, F. & de la Rua, P.","",""
"Bombus","Thoracobombus","mesomelas","","Spain","Lleida","Espot",NA,NA,NA,2006,7,25,NA,NA,"C. Ornosa",NA,0,0,1,1,"https://doi.org/10.11646/zootaxa.4237.1.366",NA,"UCME","Ornosa, C.; Torres, F. & de la Rua, P.","",""
"Bombus","Thoracobombus","mesomelas","","Spain","Lleida","La Bonaigua, La Peulla",NA,NA,NA,2006,7,27,NA,NA,"C. Ornosa",NA,0,0,0,1,"https://doi.org/10.11646/zootaxa.4237.1.367",NA,"UCME","Ornosa, C.; Torres, F. & de la Rua, P.","",""
"Bombus","Thoracobombus","mesomelas","","Spain","Lleida","Ruda, track",NA,NA,NA,2014,7,10,NA,NA,"C. Ornosa",NA,1,0,1,0,"https://doi.org/10.11646/zootaxa.4237.1.368",NA,"UCME","Ornosa, C.; Torres, F. & de la Rua, P.","","Female queen"
"Bombus","Thoracobombus","mesomelas","","Spain","Navarra","Abodi pass",NA,NA,NA,2009,7,11,NA,NA,"C. Ornosa",NA,0,0,2,1,"https://doi.org/10.11646/zootaxa.4237.1.369",NA,"UCME","Ornosa, C.; Torres, F. & de la Rua, P.","",""
"Bombus","Thoracobombus","mesomelas","","Spain","Navarra","Alto de Belagua",NA,NA,NA,2009,7,11,NA,NA,"C. Ornosa",NA,1,0,0,0,"https://doi.org/10.11646/zootaxa.4237.1.370",NA,"UCME","Ornosa, C.; Torres, F. & de la Rua, P.","","Female queen"
"Bombus","Thoracobombus","mucidus","","Spain","Girona","Campodron, ski resort",NA,NA,NA,2009,7,23,NA,NA,"C. Ornosa",NA,0,0,1,1,"https://doi.org/10.11646/zootaxa.4237.1.371",NA,"UCME","Ornosa, C.; Torres, F. & de la Rua, P.","",""
"Bombus","Thoracobombus","mucidus","","Spain","Girona","La Molina road",NA,NA,NA,2009,7,25,NA,NA,"C. Ornosa",NA,0,0,1,1,"https://doi.org/10.11646/zootaxa.4237.1.372",NA,"UCME","Ornosa, C.; Torres, F. & de la Rua, P.","",""
"Bombus","Thoracobombus","mucidus","","Spain","Huesca","Ordesa, Circo de Soaso",NA,NA,NA,2013,7,10,NA,NA,"C. Ornosa",NA,1,0,0,0,"https://doi.org/10.11646/zootaxa.4237.1.373",NA,"UCME","Ornosa, C.; Torres, F. & de la Rua, P.","","Female queen"
"Bombus","Thoracobombus","mucidus","","Spain","Huesca","Ordesa, Gradas de Soaso",NA,NA,NA,2013,7,10,NA,NA,"C. Ornosa",NA,0,0,0,1,"https://doi.org/10.11646/zootaxa.4237.1.374",NA,"UCME","Ornosa, C.; Torres, F. & de la Rua, P.","",""
"Bombus","Thoracobombus","mucidus","","Spain","Huesca","Las Cutas track",NA,NA,NA,2013,7,11,NA,NA,"C. Ornosa",NA,1,0,0,0,"https://doi.org/10.11646/zootaxa.4237.1.375",NA,"UCME","Ornosa, C.; Torres, F. & de la Rua, P.","","Female queen"
"Bombus","Thoracobombus","muscorum","","Spain","Huesca","Chia, Mirador, Valle de Benasque",NA,NA,NA,2011,7,14,NA,NA,"C. Ornosa",NA,0,0,7,1,"https://doi.org/10.11646/zootaxa.4237.1.376",NA,"UCME","Ornosa, C.; Torres, F. & de la Rua, P.","",""
"Bombus","Thoracobombus","muscorum","","Spain","Huesca","Ordesa, Gradas de Soaso",NA,NA,NA,2013,7,10,NA,NA,"C. Ornosa",NA,1,0,0,0,"https://doi.org/10.11646/zootaxa.4237.1.377",NA,"UCME","Ornosa, C.; Torres, F. & de la Rua, P.","","Female queen"
"Bombus","Thoracobombus","muscorum","","Spain","Huesca","San Nicolas de Bujaruelo",NA,NA,NA,2014,8,9,NA,NA,"P. De la Rua ",NA,0,0,1,1,"https://doi.org/10.11646/zootaxa.4237.1.378",NA,"UMU","Ornosa, C.; Torres, F. & de la Rua, P.","",""
"Bombus","Thoracobombus","muscorum","","Spain","Huesca","Zuriza",NA,NA,NA,2009,7,10,NA,NA,"C. Ornosa",NA,0,0,2,1,"https://doi.org/10.11646/zootaxa.4237.1.379",NA,"UCME","Ornosa, C.; Torres, F. & de la Rua, P.","",""
"Bombus","Thoracobombus","pascuorum","","Spain","Girona","La Molina, ski resort",NA,NA,NA,2015,7,9,NA,NA,"C. Ornosa",NA,0,0,2,1,"https://doi.org/10.11646/zootaxa.4237.1.380",NA,"UCME","Ornosa, C.; Torres, F. & de la Rua, P.","",""
"Bombus","Thoracobombus","pascuorum","","Spain","Girona","Ribes de Freser",NA,NA,NA,2013,6,13,NA,NA,"B. Guzman",NA,1,0,0,0,"https://doi.org/10.11646/zootaxa.4237.1.381",NA,"UCME","Ornosa, C.; Torres, F. & de la Rua, P.","","Female queen"
"Bombus","Thoracobombus","pascuorum","","Spain","Girona","Ribes de Freser",NA,NA,NA,2015,7,9,NA,NA,"F. Torres",NA,0,0,6,1,"https://doi.org/10.11646/zootaxa.4237.1.382",NA,"UCME","Ornosa, C.; Torres, F. & de la Rua, P.","",""
"Bombus","Thoracobombus","pascuorum","","Spain","Girona","Sant Joant de les Abadesses",NA,NA,NA,2015,7,8,NA,NA,"C. Ornosa",NA,0,0,4,1,"https://doi.org/10.11646/zootaxa.4237.1.383",NA,"UCME","Ornosa, C.; Torres, F. & de la Rua, P.","",""
"Bombus","Thoracobombus","pascuorum","","Spain","Lleida","Espot, ski resort",NA,NA,NA,2014,7,8,NA,NA,"F. Torres",NA,0,0,1,1,"https://doi.org/10.11646/zootaxa.4237.1.384",NA,"UCME","Ornosa, C.; Torres, F. & de la Rua, P.","",""
"Bombus","Thoracobombus","pascuorum","","Spain","Lleida","San Nicolas chapel-Estany Llebrera",NA,NA,NA,2014,7,9,NA,NA,"C. Ornosa",NA,0,0,1,1,"https://doi.org/10.11646/zootaxa.4237.1.385",NA,"UCME","Ornosa, C.; Torres, F. & de la Rua, P.","",""
"Bombus","Thoracobombus","pascuorum","","Spain","Lleida","Estany Ratera-Estany Sant Maurici",NA,NA,NA,2014,7,8,NA,NA,"C. Ornosa",NA,1,0,0,0,"https://doi.org/10.11646/zootaxa.4237.1.386",NA,"UCME","Ornosa, C.; Torres, F. & de la Rua, P.","Collected in grasslands between Estany Ratera and Estany Sant Maurici","Female queen"
"Bombus","Thoracobombus","pascuorum","","Spain","Lleida","Sort pass track",NA,NA,NA,2012,8,12,NA,NA,"P. De la Rua ",NA,0,0,6,1,"https://doi.org/10.11646/zootaxa.4237.1.387",NA,"UCME","Ornosa, C.; Torres, F. & de la Rua, P.","",""
"Bombus","Thoracobombus","pascuorum","maculatus","Spain","Girona","Bellver de Cerdanya",NA,NA,NA,2009,7,25,NA,NA,"C. Ornosa",NA,0,0,3,1,"https://doi.org/10.11646/zootaxa.4237.1.388",NA,"UCME","Ornosa, C.; Torres, F. & de la Rua, P.","",""
"Bombus","Thoracobombus","pascuorum","maculatus","Spain","Girona","La Molina road",NA,NA,NA,2009,7,25,NA,NA,"C. Ornosa",NA,0,0,3,1,"https://doi.org/10.11646/zootaxa.4237.1.389",NA,"UCME","Ornosa, C.; Torres, F. & de la Rua, P.","",""
"Bombus","Thoracobombus","pascuorum","maculatus","Spain","Girona","La Molina, ski resort",NA,NA,NA,2009,7,25,NA,NA,"C. Ornosa",NA,0,0,3,1,"https://doi.org/10.11646/zootaxa.4237.1.390",NA,"UCME","Ornosa, C.; Torres, F. & de la Rua, P.","",""
"Bombus","Thoracobombus","pascuorum","maculatus","Spain","Girona","Ribes de Freser",NA,NA,NA,2009,6,NA,NA,NA,"P. Vargas",NA,0,0,1,1,"https://doi.org/10.11646/zootaxa.4237.1.391",NA,"UCME","Ornosa, C.; Torres, F. & de la Rua, P.","",""
"Bombus","Thoracobombus","pascuorum","maculatus","Spain","Girona","Ribes de Freser",NA,NA,NA,2009,7,24,NA,NA,"C. Ornosa",NA,0,0,4,1,"https://doi.org/10.11646/zootaxa.4237.1.392",NA,"UCME","Ornosa, C.; Torres, F. & de la Rua, P.","",""
"Bombus","Thoracobombus","pascuorum","maculatus","Spain","Huesca","Benasque",NA,NA,NA,2011,7,15,NA,NA,"C. Ornosa",NA,0,0,7,1,"https://doi.org/10.11646/zootaxa.4237.1.393",NA,"UCME","Ornosa, C.; Torres, F. & de la Rua, P.","",""
"Bombus","Thoracobombus","pascuorum","maculatus","Spain","Huesca","Biescas",NA,NA,NA,2014,8,10,NA,NA,"P. Acosta",NA,0,1,1,0,"https://doi.org/10.11646/zootaxa.4237.1.394",NA,"UMU","Ornosa, C.; Torres, F. & de la Rua, P.","",""
"Bombus","Thoracobombus","pascuorum","maculatus","Spain","Huesca","Canfranc",NA,NA,NA,2006,7,3,NA,NA,"C. Ornosa",NA,0,0,2,1,"https://doi.org/10.11646/zootaxa.4237.1.395",NA,"UCME","Ornosa, C.; Torres, F. & de la Rua, P.","",""
"Bombus","Thoracobombus","pascuorum","maculatus","Spain","Huesca","Chia, Mirador, Valle de Benasque",NA,NA,NA,2011,7,14,NA,NA,"C. Ornosa",NA,0,0,3,1,"https://doi.org/10.11646/zootaxa.4237.1.396",NA,"UCME","Ornosa, C.; Torres, F. & de la Rua, P.","",""
"Bombus","Thoracobombus","pascuorum","maculatus","Spain","Huesca","Formigal, ski resort",NA,NA,NA,2009,7,9,NA,NA,"C. Ornosa",NA,1,0,0,0,"https://doi.org/10.11646/zootaxa.4237.1.397",NA,"UCME","Ornosa, C.; Torres, F. & de la Rua, P.","","Female queen"
"Bombus","Thoracobombus","pascuorum","maculatus","Spain","Huesca","Formigal",NA,NA,NA,2009,7,9,NA,NA,"C. Ornosa",NA,0,0,2,1,"https://doi.org/10.11646/zootaxa.4237.1.398",NA,"UCME","Ornosa, C.; Torres, F. & de la Rua, P.","",""
"Bombus","Thoracobombus","pascuorum","maculatus","Spain","Huesca","Ordesa, Circo de Soaso",NA,NA,NA,2014,8,8,NA,NA,"P. Acosta",NA,0,0,1,1,"https://doi.org/10.11646/zootaxa.4237.1.399",NA,"UMU","Ornosa, C.; Torres, F. & de la Rua, P.","",""
"Bombus","Thoracobombus","pascuorum","maculatus","Spain","Huesca","Panticosa",NA,NA,NA,2006,6,5,NA,NA,"C. Ornosa",NA,0,0,1,1,"https://doi.org/10.11646/zootaxa.4237.1.400",NA,"UCME","Ornosa, C.; Torres, F. & de la Rua, P.","",""
"Bombus","Thoracobombus","pascuorum","maculatus","Spain","Huesca","Peña Oroel",NA,NA,NA,2009,5,2,NA,NA,"C. Ornosa",NA,1,0,0,0,"https://doi.org/10.11646/zootaxa.4237.1.401",NA,"UCME","Ornosa, C.; Torres, F. & de la Rua, P.","","Female queen"
"Bombus","Thoracobombus","pascuorum","maculatus","Spain","Huesca","San Nicolas de Bujaruelo",NA,NA,NA,2014,8,9,NA,NA,"P. De la Rua ",NA,0,0,1,1,"https://doi.org/10.11646/zootaxa.4237.1.402",NA,"UMU","Ornosa, C.; Torres, F. & de la Rua, P.","",""
"Bombus","Thoracobombus","pascuorum","maculatus","Spain","Huesca","Selza de Oza",NA,NA,NA,2009,7,10,NA,NA,"C. Ornosa",NA,0,0,2,1,"https://doi.org/10.11646/zootaxa.4237.1.403",NA,"UCME","Ornosa, C.; Torres, F. & de la Rua, P.","",""
"Bombus","Thoracobombus","pascuorum","maculatus","Spain","Huesca","Tramacastilla de Tena",NA,NA,NA,2009,7,9,NA,NA,"C. Ornosa",NA,0,0,4,1,"https://doi.org/10.11646/zootaxa.4237.1.404",NA,"UCME","Ornosa, C.; Torres, F. & de la Rua, P.","",""
"Bombus","Thoracobombus","pascuorum","maculatus","Spain","Huesca","Vallibierna",NA,NA,NA,2011,7,15,NA,NA,"C. Ornosa",NA,0,0,7,1,"https://doi.org/10.11646/zootaxa.4237.1.405",NA,"UCME","Ornosa, C.; Torres, F. & de la Rua, P.","",""
"Bombus","Thoracobombus","pascuorum","maculatus","Spain","Huesca","Zuriza",NA,NA,NA,2009,7,10,NA,NA,"C. Ornosa",NA,0,0,4,1,"https://doi.org/10.11646/zootaxa.4237.1.406",NA,"UCME","Ornosa, C.; Torres, F. & de la Rua, P.","",""
"Bombus","Thoracobombus","pascuorum","maculatus","Spain","Huesca","Zuriza track",NA,NA,NA,2014,8,12,NA,NA,"E. Acosta",NA,0,1,1,0,"https://doi.org/10.11646/zootaxa.4237.1.407",NA,"UMU","Ornosa, C.; Torres, F. & de la Rua, P.","",""
"Bombus","Thoracobombus","pascuorum","maculatus","Spain","Lleida","Artiga de Lin",NA,NA,NA,2012,8,15,NA,NA,"P. De la Rua ",NA,0,2,2,0,"https://doi.org/10.11646/zootaxa.4237.1.408",NA,"UMU","Ornosa, C.; Torres, F. & de la Rua, P.","",""
"Bombus","Thoracobombus","pascuorum","maculatus","Spain","Lleida","Estany Ratera-Estany Sant Maurici",NA,NA,NA,2006,7,26,NA,NA,"C. Ornosa",NA,0,0,4,1,"https://doi.org/10.11646/zootaxa.4237.1.409",NA,"UCME","Ornosa, C.; Torres, F. & de la Rua, P.","Collected in grasslands between Estany Ratera and Estany Sant Maurici",""
"Bombus","Thoracobombus","pascuorum","maculatus","Spain","Lleida","Ruda, track",NA,NA,NA,2014,7,10,NA,NA,"C. Ornosa",NA,0,0,1,1,"https://doi.org/10.11646/zootaxa.4237.1.410",NA,"UCME","Ornosa, C.; Torres, F. & de la Rua, P.","",""
"Bombus","Thoracobombus","pascuorum","maculatus","Spain","Lleida","Viella",NA,NA,NA,2012,8,13,NA,NA,"P. De la Rua ",NA,0,0,3,1,"https://doi.org/10.11646/zootaxa.4237.1.411",NA,"UMU","Ornosa, C.; Torres, F. & de la Rua, P.","",""
"Bombus","Thoracobombus","ruderarius","montanus","Andorra","Soldeu","Soldeu",NA,NA,NA,2006,7,28,NA,NA,"C. Ornosa",NA,0,2,6,0,"https://doi.org/10.11646/zootaxa.4237.1.412",NA,"UCME","Ornosa, C.; Torres, F. & de la Rua, P.","",""
"Bombus","Thoracobombus","ruderarius","montanus","Spain","Girona","Formigal, ski resort",NA,NA,NA,2009,7,9,NA,NA,"C. Ornosa",NA,0,0,1,1,"https://doi.org/10.11646/zootaxa.4237.1.413",NA,"UCME","Ornosa, C.; Torres, F. & de la Rua, P.","",""
"Bombus","Thoracobombus","ruderarius","montanus","Spain","Girona","Campodron, ski resort",NA,NA,NA,2009,7,23,NA,NA,"C. Ornosa",NA,0,0,2,1,"https://doi.org/10.11646/zootaxa.4237.1.414",NA,"UCME","Ornosa, C.; Torres, F. & de la Rua, P.","",""
"Bombus","Thoracobombus","ruderarius","montanus","Spain","Girona","La Molina, Alabaus",NA,NA,NA,2015,7,9,NA,NA,"F. Torres",NA,0,0,1,1,"https://doi.org/10.11646/zootaxa.4237.1.415",NA,"UCME","Ornosa, C.; Torres, F. & de la Rua, P.","",""
"Bombus","Thoracobombus","ruderarius","montanus","Spain","Girona","La Molina, La Pobla road",NA,NA,NA,2009,7,25,NA,NA,"C. Ornosa",NA,0,0,1,1,"https://doi.org/10.11646/zootaxa.4237.1.416",NA,"UCME","Ornosa, C.; Torres, F. & de la Rua, P.","",""
"Bombus","Thoracobombus","ruderarius","montanus","Spain","Girona","La Molina, ski resort",NA,NA,NA,2015,7,9,NA,NA,"C. Ornosa",NA,0,0,1,1,"https://doi.org/10.11646/zootaxa.4237.1.417",NA,"UCME","Ornosa, C.; Torres, F. & de la Rua, P.","",""
"Bombus","Thoracobombus","ruderarius","montanus","Spain","Huesca","Baños de Benasque",NA,NA,NA,2011,7,14,NA,NA,"C. Ornosa",NA,0,0,3,1,"https://doi.org/10.11646/zootaxa.4237.1.418",NA,"UCME","Ornosa, C.; Torres, F. & de la Rua, P.","",""
"Bombus","Thoracobombus","ruderarius","montanus","Spain","Huesca","Canfranc, railway station",NA,NA,NA,2006,7,3,NA,NA,"C. Ornosa",NA,0,0,1,1,"https://doi.org/10.11646/zootaxa.4237.1.419",NA,"UCME","Ornosa, C.; Torres, F. & de la Rua, P.","",""
"Bombus","Thoracobombus","ruderarius","montanus","Spain","Huesca","Cerler",NA,NA,NA,2011,7,13,NA,NA,"C. Ornosa",NA,1,0,0,0,"https://doi.org/10.11646/zootaxa.4237.1.420",NA,"UCME","Ornosa, C.; Torres, F. & de la Rua, P.","","Female queen"
"Bombus","Thoracobombus","ruderarius","montanus","Spain","Huesca","La Besurta, Ibo de Villamorta",NA,NA,NA,2011,7,15,NA,NA,"C. Ornosa",NA,1,0,1,0,"https://doi.org/10.11646/zootaxa.4237.1.421",NA,"UCME","Ornosa, C.; Torres, F. & de la Rua, P.","","Female queen"
"Bombus","Thoracobombus","ruderarius","montanus","Spain","Huesca","Las Cutas track",NA,NA,NA,2013,7,11,NA,NA,"C. Ornosa",NA,5,0,0,0,"https://doi.org/10.11646/zootaxa.4237.1.422",NA,"UCME","Ornosa, C.; Torres, F. & de la Rua, P.","","Female queen"
"Bombus","Thoracobombus","ruderarius","montanus","Spain","Huesca","Vallibierna",NA,NA,NA,2011,7,15,NA,NA,"C. Ornosa",NA,1,1,10,0,"https://doi.org/10.11646/zootaxa.4237.1.423",NA,"UCME","Ornosa, C.; Torres, F. & de la Rua, P.","","Female queen"
"Bombus","Thoracobombus","ruderarius","montanus","Spain","Lleida","Aiguestortes, threshold",NA,NA,NA,2006,7,26,NA,NA,"C. Ornosa",NA,0,0,1,1,"https://doi.org/10.11646/zootaxa.4237.1.424",NA,"UCME","Ornosa, C.; Torres, F. & de la Rua, P.","",""
"Bombus","Thoracobombus","ruderarius","montanus","Spain","Lleida","Artiga de Lin",NA,NA,NA,2012,8,14,NA,NA,"P. De la Rua ",NA,0,0,1,1,"https://doi.org/10.11646/zootaxa.4237.1.425",NA,"UMU","Ornosa, C.; Torres, F. & de la Rua, P.","",""
"Bombus","Thoracobombus","ruderarius","montanus","Spain","Lleida","Baños de Tredos",NA,NA,NA,2014,7,10,NA,NA,"C. Ornosa",NA,0,0,8,1,"https://doi.org/10.11646/zootaxa.4237.1.426",NA,"UCME","Ornosa, C.; Torres, F. & de la Rua, P.","",""
"Bombus","Thoracobombus","ruderarius","montanus","Spain","Lleida","Baños de Tredos, slope",NA,NA,NA,2014,7,10,NA,NA,"F. Torres",NA,0,0,11,1,"https://doi.org/10.11646/zootaxa.4237.1.427",NA,"UCME","Ornosa, C.; Torres, F. & de la Rua, P.","",""
"Bombus","Thoracobombus","ruderarius","montanus","Spain","Lleida","San Nicolas chapel-Estany Llebrera",NA,NA,NA,2014,7,9,NA,NA,"C. Ornosa",NA,0,0,4,1,"https://doi.org/10.11646/zootaxa.4237.1.428",NA,"UCME","Ornosa, C.; Torres, F. & de la Rua, P.","",""
"Bombus","Thoracobombus","ruderarius","montanus","Spain","Lleida","Estany Llong",NA,NA,NA,2015,7,9,NA,NA,"C. Ornosa",NA,3,0,0,0,"https://doi.org/10.11646/zootaxa.4237.1.429",NA,"UCME","Ornosa, C.; Torres, F. & de la Rua, P.","","Female queen"
"Bombus","Thoracobombus","ruderarius","montanus","Spain","Lleida","Estany Sant Maurici",NA,NA,NA,2006,7,26,NA,NA,"C. Ornosa",NA,0,0,1,1,"https://doi.org/10.11646/zootaxa.4237.1.430",NA,"UCME","Ornosa, C.; Torres, F. & de la Rua, P.","",""
"Bombus","Thoracobombus","ruderarius","montanus","Spain","Lleida","Estany Sant Maurici",NA,NA,NA,2014,7,8,NA,NA,"C. Ornosa",NA,0,0,6,1,"https://doi.org/10.11646/zootaxa.4237.1.431",NA,"UCME","Ornosa, C.; Torres, F. & de la Rua, P.","",""
"Bombus","Thoracobombus","ruderarius","montanus","Spain","Lleida","Estany Ratera-Mirador track",NA,NA,NA,2006,7,26,NA,NA,"C. Ornosa",NA,1,3,6,0,"https://doi.org/10.11646/zootaxa.4237.1.432",NA,"UCME","Ornosa, C.; Torres, F. & de la Rua, P.","","Female queen"
"Bombus","Thoracobombus","ruderarius","montanus","Spain","Lleida","Estany Ratera track",NA,NA,NA,2006,7,26,NA,NA,"C. Ornosa",NA,0,2,10,0,"https://doi.org/10.11646/zootaxa.4237.1.433",NA,"UCME","Ornosa, C.; Torres, F. & de la Rua, P.","",""
"Bombus","Thoracobombus","ruderarius","montanus","Spain","Lleida","Estany Ratera-Estany Sant Maurici",NA,NA,NA,2006,7,26,NA,NA,"C. Ornosa",NA,0,0,1,1,"https://doi.org/10.11646/zootaxa.4237.1.434",NA,"UCME","Ornosa, C.; Torres, F. & de la Rua, P.","Collected in grasslands between Estany Ratera and Estany Sant Maurici",""
"Bombus","Thoracobombus","ruderarius","montanus","Spain","Lleida","La Bonaigua, La Peulla",NA,NA,NA,2006,7,27,NA,NA,"C. Ornosa",NA,0,0,1,1,"https://doi.org/10.11646/zootaxa.4237.1.435",NA,"UCME","Ornosa, C.; Torres, F. & de la Rua, P.","",""
"Bombus","Thoracobombus","ruderarius","montanus","Spain","Lleida","Ruda, track",NA,NA,NA,2014,7,10,NA,NA,"C. Ornosa",NA,0,0,5,1,"https://doi.org/10.11646/zootaxa.4237.1.436",NA,"UCME","Ornosa, C.; Torres, F. & de la Rua, P.","",""
"Bombus","Thoracobombus","ruderarius","montanus","Spain","Navarra","Abodi pass",NA,NA,NA,2009,7,11,NA,NA,"C. Ornosa",NA,0,0,2,1,"https://doi.org/10.11646/zootaxa.4237.1.437",NA,"UCME","Ornosa, C.; Torres, F. & de la Rua, P.","",""
"Bombus","Thoracobombus","ruderarius","ruderarius","Andorra","Soldeu","Soldeu",NA,NA,NA,2006,7,28,NA,NA,"C. Ornosa",NA,0,2,2,0,"https://doi.org/10.11646/zootaxa.4237.1.438",NA,"UCME","Ornosa, C.; Torres, F. & de la Rua, P.","",""
"Bombus","Thoracobombus","ruderarius","ruderarius","Spain","Girona","Campodron, ski resort",NA,NA,NA,2009,7,23,NA,NA,"C. Ornosa",NA,0,0,1,1,"https://doi.org/10.11646/zootaxa.4237.1.439",NA,"UCME","Ornosa, C.; Torres, F. & de la Rua, P.","",""
"Bombus","Thoracobombus","ruderarius","ruderarius","Spain","Girona","Nuria, Bosc de la Verge",NA,NA,NA,2009,7,24,NA,NA,"C. Ornosa",NA,0,0,2,1,"https://doi.org/10.11646/zootaxa.4237.1.440",NA,"UCME","Ornosa, C.; Torres, F. & de la Rua, P.","",""
"Bombus","Thoracobombus","ruderarius","ruderarius","Spain","Girona","La Molina road",NA,NA,NA,2009,7,25,NA,NA,"C. Ornosa",NA,0,0,3,1,"https://doi.org/10.11646/zootaxa.4237.1.441",NA,"UCME","Ornosa, C.; Torres, F. & de la Rua, P.","",""
"Bombus","Thoracobombus","ruderarius","ruderarius","Spain","Girona","La Molina, Roc Blanco",NA,NA,NA,2009,7,25,NA,NA,"C. Ornosa",NA,0,1,0,0,"https://doi.org/10.11646/zootaxa.4237.1.442",NA,"UCME","Ornosa, C.; Torres, F. & de la Rua, P.","",""
"Bombus","Thoracobombus","ruderarius","ruderarius","Spain","Girona","La Molina, ski resort",NA,NA,NA,2015,7,9,NA,NA,"C. Ornosa",NA,0,0,2,1,"https://doi.org/10.11646/zootaxa.4237.1.443",NA,"UCME","Ornosa, C.; Torres, F. & de la Rua, P.","",""
"Bombus","Thoracobombus","ruderarius","ruderarius","Spain","Girona","Nuria",NA,NA,NA,2009,7,24,NA,NA,"C. Ornosa",NA,0,0,2,1,"https://doi.org/10.11646/zootaxa.4237.1.444",NA,"UCME","Ornosa, C.; Torres, F. & de la Rua, P.","",""
"Bombus","Thoracobombus","ruderarius","ruderarius","Spain","Girona","Nuria, Pic de l´Aliga",NA,NA,NA,2009,7,24,NA,NA,"C. Ornosa",NA,1,0,2,0,"https://doi.org/10.11646/zootaxa.4237.1.445",NA,"UCME","Ornosa, C.; Torres, F. & de la Rua, P.","","Female queen"
"Bombus","Thoracobombus","ruderarius","ruderarius","Spain","Girona","Nuria, Pic de l´Aliga",NA,NA,NA,2015,7,10,NA,NA,"C. Ornosa",NA,0,0,1,1,"https://doi.org/10.11646/zootaxa.4237.1.446",NA,"UCME","Ornosa, C.; Torres, F. & de la Rua, P.","",""
"Bombus","Thoracobombus","ruderarius","ruderarius","Spain","Girona","Nuria, Bosc de la Verge",NA,NA,NA,2015,7,10,NA,NA,"C. Ornosa",NA,0,0,2,1,"https://doi.org/10.11646/zootaxa.4237.1.447",NA,"UCME","Ornosa, C.; Torres, F. & de la Rua, P.","",""
"Bombus","Thoracobombus","ruderarius","ruderarius","Spain","Girona","Setcases",NA,NA,NA,2009,7,23,NA,NA,"C. Ornosa",NA,0,0,1,1,"https://doi.org/10.11646/zootaxa.4237.1.448",NA,"UCME","Ornosa, C.; Torres, F. & de la Rua, P.","",""
"Bombus","Thoracobombus","ruderarius","ruderarius","Spain","Huesca","Baños de Benasque",NA,NA,NA,2011,7,14,NA,NA,"C. Ornosa",NA,0,0,1,1,"https://doi.org/10.11646/zootaxa.4237.1.449",NA,"UCME","Ornosa, C.; Torres, F. & de la Rua, P.","",""
"Bombus","Thoracobombus","ruderarius","ruderarius","Spain","Huesca","Canfran, ski resort",NA,NA,NA,2006,7,3,NA,NA,"C. Ornosa",NA,1,0,0,0,"https://doi.org/10.11646/zootaxa.4237.1.450",NA,"UCME","Ornosa, C.; Torres, F. & de la Rua, P.","","Female queen"
"Bombus","Thoracobombus","ruderarius","ruderarius","Spain","Huesca","Formigal",NA,NA,NA,2009,7,9,NA,NA,"C. Ornosa",NA,1,0,2,0,"https://doi.org/10.11646/zootaxa.4237.1.451",NA,"UCME","Ornosa, C.; Torres, F. & de la Rua, P.","","Female queen"
"Bombus","Thoracobombus","ruderarius","ruderarius","Spain","Huesca","Formigal, ski resort",NA,NA,NA,2009,7,9,NA,NA,"C. Ornosa",NA,0,0,3,1,"https://doi.org/10.11646/zootaxa.4237.1.452",NA,"UCME","Ornosa, C.; Torres, F. & de la Rua, P.","",""
"Bombus","Thoracobombus","ruderarius","ruderarius","Spain","Huesca","Ordesa, Circo de Soaso",NA,NA,NA,2013,7,10,NA,NA,"C. Ornosa",NA,2,0,1,0,"https://doi.org/10.11646/zootaxa.4237.1.453",NA,"UCME","Ornosa, C.; Torres, F. & de la Rua, P.","","Female queen"
"Bombus","Thoracobombus","ruderarius","ruderarius","Spain","Huesca","Ordesa, Gradas de Soaso",NA,NA,NA,2006,7,4,NA,NA,"C. Ornosa",NA,0,0,7,1,"https://doi.org/10.11646/zootaxa.4237.1.454",NA,"UCME","Ornosa, C.; Torres, F. & de la Rua, P.","",""
"Bombus","Thoracobombus","ruderarius","ruderarius","Spain","Huesca","Ordesa, Gradas de Soaso",NA,NA,NA,2013,7,10,NA,NA,"C. Ornosa",NA,1,0,0,0,"https://doi.org/10.11646/zootaxa.4237.1.455",NA,"UCME","Ornosa, C.; Torres, F. & de la Rua, P.","","Female queen"
"Bombus","Thoracobombus","ruderarius","ruderarius","Spain","Huesca","Ordesa, Gradas de Soaso",NA,NA,NA,2014,8,8,NA,NA,"E. Acosta",NA,0,0,2,1,"https://doi.org/10.11646/zootaxa.4237.1.456",NA,"UMU","Ornosa, C.; Torres, F. & de la Rua, P.","",""
"Bombus","Thoracobombus","ruderarius","ruderarius","Spain","Huesca","Ordesa, Laña Sarratieto",NA,NA,NA,2013,7,10,NA,NA,"C. Ornosa",NA,1,0,1,0,"https://doi.org/10.11646/zootaxa.4237.1.457",NA,"UCME","Ornosa, C.; Torres, F. & de la Rua, P.","","Female queen"
"Bombus","Thoracobombus","ruderarius","ruderarius","Spain","Huesca","Panticosa, alto",NA,NA,NA,2006,6,5,NA,NA,"F. Torres",NA,0,0,1,1,"https://doi.org/10.11646/zootaxa.4237.1.458",NA,"UCME","Ornosa, C.; Torres, F. & de la Rua, P.","",""
"Bombus","Thoracobombus","ruderarius","ruderarius","Spain","Huesca","San Nicolas de Bujaruelo",NA,NA,NA,2014,8,9,NA,NA,"P. De la Rua ",NA,0,3,1,0,"https://doi.org/10.11646/zootaxa.4237.1.459",NA,"UMU","Ornosa, C.; Torres, F. & de la Rua, P.","",""
"Bombus","Thoracobombus","ruderarius","ruderarius","Spain","Huesca","Selva de Oza",NA,NA,NA,2009,7,10,NA,NA,"C. Ornosa",NA,0,0,4,1,"https://doi.org/10.11646/zootaxa.4237.1.460",NA,"UCME","Ornosa, C.; Torres, F. & de la Rua, P.","",""
"Bombus","Thoracobombus","ruderarius","ruderarius","Spain","Huesca","Zuriza",NA,NA,NA,2006,6,5,NA,NA,"C. Ornosa",NA,0,0,1,1,"https://doi.org/10.11646/zootaxa.4237.1.461",NA,"UCME","Ornosa, C.; Torres, F. & de la Rua, P.","",""
"Bombus","Thoracobombus","ruderarius","ruderarius","Spain","Huesca","Zuriza track",NA,NA,NA,2014,8,12,NA,NA,"E. Acosta",NA,0,2,0,0,"https://doi.org/10.11646/zootaxa.4237.1.462",NA,"UMU","Ornosa, C.; Torres, F. & de la Rua, P.","",""
"Bombus","Thoracobombus","ruderarius","ruderarius","Spain","Lleida","Baños de Tredos",NA,NA,NA,2014,7,10,NA,NA,"C. Ornosa",NA,0,0,1,1,"https://doi.org/10.11646/zootaxa.4237.1.463",NA,"UCME","Ornosa, C.; Torres, F. & de la Rua, P.","",""
"Bombus","Thoracobombus","ruderarius","ruderarius","Spain","Lleida","Baños de Tredos, slope",NA,NA,NA,2014,7,10,NA,NA,"F. Torres",NA,0,0,3,1,"https://doi.org/10.11646/zootaxa.4237.1.464",NA,"UCME","Ornosa, C.; Torres, F. & de la Rua, P.","",""
"Bombus","Thoracobombus","ruderarius","ruderarius","Spain","Lleida","Estany Llong, slope",NA,NA,NA,2014,7,9,NA,NA,"C. Ornosa",NA,0,0,1,1,"https://doi.org/10.11646/zootaxa.4237.1.465",NA,"UCME","Ornosa, C.; Torres, F. & de la Rua, P.","",""
"Bombus","Thoracobombus","ruderarius","ruderarius","Spain","Lleida","Estany Ratera-Estany Sant Maurici",NA,NA,NA,2006,7,26,NA,NA,"C. Ornosa",NA,0,0,1,1,"https://doi.org/10.11646/zootaxa.4237.1.466",NA,"UCME","Ornosa, C.; Torres, F. & de la Rua, P.","Collected in grasslands between Estany Ratera and Estany Sant Maurici",""
"Bombus","Thoracobombus","ruderarius","ruderarius","Spain","Lleida","Ribes de Freser",NA,NA,NA,2013,6,13,NA,NA,"B. Guzman",NA,1,0,0,0,"https://doi.org/10.11646/zootaxa.4237.1.467",NA,"UCME","Ornosa, C.; Torres, F. & de la Rua, P.","","Female queen"
"Bombus","Thoracobombus","ruderarius","ruderarius","Spain","Navarra","Abodi pass",NA,NA,NA,2009,7,11,NA,NA,"C. Ornosa",NA,0,0,2,1,"https://doi.org/10.11646/zootaxa.4237.1.468",NA,"UCME","Ornosa, C.; Torres, F. & de la Rua, P.","",""
"Bombus","Thoracobombus","sylvarium","","Spain","Girona","Ribes de Freser",NA,NA,NA,2015,7,9,NA,NA,"C. Ornosa",NA,1,0,0,0,"https://doi.org/10.11646/zootaxa.4237.1.469",NA,"UCME","Ornosa, C.; Torres, F. & de la Rua, P.","","Female queen"
"Bombus","Thoracobombus","sylvarium","","Spain","Huesca","Chia, Mirador, Valle de Benasque",NA,NA,NA,2011,7,14,NA,NA,"C. Ornosa",NA,0,0,2,1,"https://doi.org/10.11646/zootaxa.4237.1.470",NA,"UCME","Ornosa, C.; Torres, F. & de la Rua, P.","",""
"Bombus","Thoracobombus","sylvarium","","Spain","Huesca","Formigal",NA,NA,NA,2009,7,9,NA,NA,"C. Ornosa",NA,1,0,0,0,"https://doi.org/10.11646/zootaxa.4237.1.471",NA,"UCME","Ornosa, C.; Torres, F. & de la Rua, P.","","Female queen"
"Bombus","Thoracobombus","sylvarium","","Spain","Huesca","Santa Olaria",NA,NA,NA,2013,7,9,NA,NA,"C. Ornosa",NA,0,0,1,1,"https://doi.org/10.11646/zootaxa.4237.1.472",NA,"UCME","Ornosa, C.; Torres, F. & de la Rua, P.","",""
